Provider,Device,Sub-device,Standardized Model,Specification,Storage (GB),Storage Type,Connectivity,Material,Max. Trade-In Value (RM)
CompAsia,iPhone,iPhone,iPhone 11,,128 GB,,,,390
CompAsia,iPhone,iPhone,iPhone 11,,256 GB,,,,450
CompAsia,iPhone,iPhone,iPhone 11,,64 GB,,,,340
CompAsia,iPhone,iPhone,iPhone 11 Pro,,256 GB,,,,490
CompAsia,iPhone,iPhone,iPhone 11 Pro,,512 GB,,,,575
CompAsia,iPhone,iPhone,iPhone 11 Pro,,64 GB,,,,415
CompAsia,iPhone,iPhone,iPhone 11 Pro Max,,256 GB,,,,550
CompAsia,iPhone,iPhone,iPhone 11 Pro Max,,512 GB,,,,625
CompAsia,iPhone,iPhone,iPhone 11 Pro Max,,64 GB,,,,475
CompAsia,iPhone,iPhone,iPhone 12,,128 GB,,,,500
CompAsia,iPhone,iPhone,iPhone 12,,256 GB,,,,575
CompAsia,iPhone,iPhone,iPhone 12,,64 GB,,,,450
CompAsia,iPhone,iPhone,iPhone 12 Mini,,128 GB,,,,375
CompAsia,iPhone,iPhone,iPhone 12 Mini,,256 GB,,,,400
CompAsia,iPhone,iPhone,iPhone 12 Mini,,64 GB,,,,300
CompAsia,iPhone,iPhone,iPhone 12 Pro,,128 GB,,,,625
CompAsia,iPhone,iPhone,iPhone 12 Pro,,256 GB,,,,700
CompAsia,iPhone,iPhone,iPhone 12 Pro,,512 GB,,,,750
CompAsia,iPhone,iPhone,iPhone 12 Pro Max,,128 GB,,,,800
CompAsia,iPhone,iPhone,iPhone 12 Pro Max,,256 GB,,,,900
CompAsia,iPhone,iPhone,iPhone 12 Pro Max,,512 GB,,,,975
CompAsia,iPhone,iPhone,iPhone 13,,128 GB,,,,740
CompAsia,iPhone,iPhone,iPhone 13,,256 GB,,,,840
CompAsia,iPhone,iPhone,iPhone 13,,512 GB,,,,900
CompAsia,iPhone,iPhone,iPhone 13 Mini,,128 GB,,,,550
CompAsia,iPhone,iPhone,iPhone 13 Mini,,256 GB,,,,600
CompAsia,iPhone,iPhone,iPhone 13 Mini,,512 GB,,,,675
CompAsia,iPhone,iPhone,iPhone 13 Pro,,128 GB,,,,975
CompAsia,iPhone,iPhone,iPhone 13 Pro,,1 TB,,,,1250
CompAsia,iPhone,iPhone,iPhone 13 Pro,,256 GB,,,,1050
CompAsia,iPhone,iPhone,iPhone 13 Pro,,512 GB,,,,1140
CompAsia,iPhone,iPhone,iPhone 13 Pro Max,,128 GB,,,,1100
CompAsia,iPhone,iPhone,iPhone 13 Pro Max,,1 TB,,,,1450
CompAsia,iPhone,iPhone,iPhone 13 Pro Max,,256 GB,,,,1275
CompAsia,iPhone,iPhone,iPhone 13 Pro Max,,512 GB,,,,1325
CompAsia,iPhone,iPhone,iPhone 14,,128 GB,,,,925
CompAsia,iPhone,iPhone,iPhone 14,,256 GB,,,,1000
CompAsia,iPhone,iPhone,iPhone 14,,512 GB,,,,1100
CompAsia,iPhone,iPhone,iPhone 14 (eSIM),,128 GB,,,,850
CompAsia,iPhone,iPhone,iPhone 14 (eSIM),,256 GB,,,,935
CompAsia,iPhone,iPhone,iPhone 14 (eSIM),,512 GB,,,,1020
CompAsia,iPhone,iPhone,iPhone 14 Plus,,128 GB,,,,1000
CompAsia,iPhone,iPhone,iPhone 14 Plus,,256 GB,,,,1100
CompAsia,iPhone,iPhone,iPhone 14 Plus,,512 GB,,,,1225
CompAsia,iPhone,iPhone,iPhone 14 Plus (eSIM),,128 GB,,,,895
CompAsia,iPhone,iPhone,iPhone 14 Plus (eSIM),,256 GB,,,,985
CompAsia,iPhone,iPhone,iPhone 14 Plus (eSIM),,512 GB,,,,1080
CompAsia,iPhone,iPhone,iPhone 14 Pro,,128 GB,,,,1325
CompAsia,iPhone,iPhone,iPhone 14 Pro,,1 TB,,,,1675
CompAsia,iPhone,iPhone,iPhone 14 Pro,,512 GB,,,,1600
CompAsia,iPhone,iPhone,iPhone 14 Pro (eSIM),,128 GB,,,,1140
CompAsia,iPhone,iPhone,iPhone 14 Pro (eSIM),,1 TB,,,,1465
CompAsia,iPhone,iPhone,iPhone 14 Pro (eSIM),,256 GB,,,,1310
CompAsia,iPhone,iPhone,iPhone 14 Pro (eSIM),,512 GB,,,,1375
CompAsia,iPhone,iPhone,iPhone 14 Pro Max,,128 GB,,,,1575
CompAsia,iPhone,iPhone,iPhone 14 Pro Max,,1 TB,,,,1975
CompAsia,iPhone,iPhone,iPhone 14 Pro Max,,256 GB,,,,1700
CompAsia,iPhone,iPhone,iPhone 14 Pro Max,,512 GB,,,,1835
CompAsia,iPhone,iPhone,iPhone 14 Pro Max (eSIM),,128 GB,,,,1350
CompAsia,iPhone,iPhone,iPhone 14 Pro Max (eSIM),,1 TB,,,,1700
CompAsia,iPhone,iPhone,iPhone 14 Pro Max (eSIM),,256 GB,,,,1445
CompAsia,iPhone,iPhone,iPhone 14 Pro Max (eSIM),,512 GB,,,,1560
CompAsia,iPhone,iPhone,iPhone 15,,128 GB,,,,1460
CompAsia,iPhone,iPhone,iPhone 15,,256 GB,,,,1625
CompAsia,iPhone,iPhone,iPhone 15,,512 GB,,,,1775
CompAsia,iPhone,iPhone,iPhone 15 (eSIM),,128 GB,,,,1210
CompAsia,iPhone,iPhone,iPhone 15 (eSIM),,256 GB,,,,1320
CompAsia,iPhone,iPhone,iPhone 15 (eSIM),,512 GB,,,,1445
CompAsia,iPhone,iPhone,iPhone 15 Plus,,128 GB,,,,1550
CompAsia,iPhone,iPhone,iPhone 15 Plus,,256 GB,,,,1775
CompAsia,iPhone,iPhone,iPhone 15 Plus (eSIM),,128 GB,,,,1295
CompAsia,iPhone,iPhone,iPhone 15 Plus (eSIM),,256 GB,,,,1440
CompAsia,iPhone,iPhone,iPhone 15 Plus (eSIM),,512 GB,,,,1640
CompAsia,iPhone,iPhone,iPhone 15 Pro,,128 GB,,,,1725
CompAsia,iPhone,iPhone,iPhone 15 Pro,,1 TB,,,,2350
CompAsia,iPhone,iPhone,iPhone 15 Pro,,256 GB,,,,2000
CompAsia,iPhone,iPhone,iPhone 15 Pro,,512 GB,,,,2125
CompAsia,iPhone,iPhone,iPhone 15 Pro (eSIM),,128 GB,,,,1535
CompAsia,iPhone,iPhone,iPhone 15 Pro (eSIM),,1 TB,,,,2050
CompAsia,iPhone,iPhone,iPhone 15 Pro (eSIM),,256 GB,,,,1665
CompAsia,iPhone,iPhone,iPhone 15 Pro (eSIM),,512 GB,,,,1830
CompAsia,iPhone,iPhone,iPhone 15 Pro Max,,1 TB,,,,2650
CompAsia,iPhone,iPhone,iPhone 15 Pro Max,,256 GB,,,,2200
CompAsia,iPhone,iPhone,iPhone 15 Pro Max,,512 GB,,,,2425
CompAsia,iPhone,iPhone,iPhone 15 Pro Max (eSIM),,1 TB,,,,2340
CompAsia,iPhone,iPhone,iPhone 15 Pro Max (eSIM),,256 GB,,,,1830
CompAsia,iPhone,iPhone,iPhone 15 Pro Max (eSIM),,512 GB,,,,2090
CompAsia,iPhone,iPhone,iPhone 16,,128 GB,,,,1800
CompAsia,iPhone,iPhone,iPhone 16,,256 GB,,,,2075
CompAsia,iPhone,iPhone,iPhone 16,,512 GB,,,,2430
CompAsia,iPhone,iPhone,iPhone 16e,,128 GB,,,,1125
CompAsia,iPhone,iPhone,iPhone 16e,,256 GB,,,,1275
CompAsia,iPhone,iPhone,iPhone 16e,,512 GB,,,,1675
CompAsia,iPhone,iPhone,iPhone 16e (eSIM),,128 GB,,,,1065
CompAsia,iPhone,iPhone,iPhone 16e (eSIM),,256 GB,,,,1225
CompAsia,iPhone,iPhone,iPhone 16e (eSIM),,512 GB,,,,1590
CompAsia,iPhone,iPhone,iPhone 16 (eSIM),,128 GB,,,,1570
CompAsia,iPhone,iPhone,iPhone 16 (eSIM),,256 GB,,,,1785
CompAsia,iPhone,iPhone,iPhone 16 (eSIM),,512 GB,,,,2065
CompAsia,iPhone,iPhone,iPhone 16 Plus,,128 GB,,,,2120
CompAsia,iPhone,iPhone,iPhone 16 Plus,,256 GB,,,,2335
CompAsia,iPhone,iPhone,iPhone 16 Plus,,512 GB,,,,2690
CompAsia,iPhone,iPhone,iPhone 16 Plus (eSIM),,128 GB,,,,1800
CompAsia,iPhone,iPhone,iPhone 16 Plus (eSIM),,256 GB,,,,1985
CompAsia,iPhone,iPhone,iPhone 16 Plus (eSIM),,512 GB,,,,2285
CompAsia,iPhone,iPhone,iPhone 16 Pro,,128 GB,,,,2300
CompAsia,iPhone,iPhone,iPhone 16 Pro,,1 TB,,,,3400
CompAsia,iPhone,iPhone,iPhone 16 Pro,,256 GB,,,,2525
CompAsia,iPhone,iPhone,iPhone 16 Pro,,512 GB,,,,2925
CompAsia,iPhone,iPhone,iPhone 16 Pro (eSIM),,128 GB,,,,2110
CompAsia,iPhone,iPhone,iPhone 16 Pro (eSIM),,1 TB,,,,2945
CompAsia,iPhone,iPhone,iPhone 16 Pro (eSIM),,256 GB,,,,2295
CompAsia,iPhone,iPhone,iPhone 16 Pro (eSIM),,512 GB,,,,2600
CompAsia,iPhone,iPhone,iPhone 16 Pro Max,,1 TB,,,,3675
CompAsia,iPhone,iPhone,iPhone 16 Pro Max,,256 GB,,,,3075
CompAsia,iPhone,iPhone,iPhone 16 Pro Max,,512 GB,,,,3300
CompAsia,iPhone,iPhone,iPhone 16 Pro Max (eSIM),,1 TB,,,,3245
CompAsia,iPhone,iPhone,iPhone 16 Pro Max (eSIM),,256 GB,,,,2665
CompAsia,iPhone,iPhone,iPhone 16 Pro Max (eSIM),,512 GB,,,,2940
CompAsia,iPhone,iPhone,iPhone 17,,256 GB,,,,2135
CompAsia,iPhone,iPhone,iPhone 17,,512 GB,,,,2670
CompAsia,iPhone,iPhone,iPhone 17 Pro,,1 TB,,,,4100
CompAsia,iPhone,iPhone,iPhone 17 Pro,,256 GB,,,,3035
CompAsia,iPhone,iPhone,iPhone 17 Pro,,512 GB,,,,3570
CompAsia,iPhone,iPhone,iPhone 17 Pro Max,,1 TB,,,,4370
CompAsia,iPhone,iPhone,iPhone 17 Pro Max,,256 GB,,,,3300
CompAsia,iPhone,iPhone,iPhone 17 Pro Max,,2 TB,,,,5435
CompAsia,iPhone,iPhone,iPhone 17 Pro Max,,512 GB,,,,3835
CompAsia,iPhone,iPhone,iPhone 8 Plus,,128 GB,,,,150
CompAsia,iPhone,iPhone,iPhone 8 Plus,,256 GB,,,,180
CompAsia,iPhone,iPhone,iPhone 8 Plus,,64 GB,,,,120
CompAsia,iPhone,iPhone,iPhone Air,,1 TB,,,,3445
CompAsia,iPhone,iPhone,iPhone Air,,256 GB,,,,2490
CompAsia,iPhone,iPhone,iPhone Air,,512 GB,,,,2965
CompAsia,iPhone,iPhone,iPhone SE (2020),,128 GB,,,,175
CompAsia,iPhone,iPhone,iPhone SE (2020),,256 GB,,,,200
CompAsia,iPhone,iPhone,iPhone SE (2020),,64 GB,,,,125
CompAsia,iPhone,iPhone,iPhone SE (2022),,128 GB,,,,325
CompAsia,iPhone,iPhone,iPhone SE (2022),,256 GB,,,,350
CompAsia,iPhone,iPhone,iPhone SE (2022),,64 GB,,,,275
CompAsia,iPhone,iPhone,iPhone X,,256 GB,,,,185
CompAsia,iPhone,iPhone,iPhone X,,64 GB,,,,130
CompAsia,iPhone,iPhone,iPhone XR,,128 GB,,,,220
CompAsia,iPhone,iPhone,iPhone XR,,256 GB,,,,270
CompAsia,iPhone,iPhone,iPhone XR,,64 GB,,,,155
CompAsia,iPhone,iPhone,iPhone XS,,256 GB,,,,255
CompAsia,iPhone,iPhone,iPhone XS,,512 GB,,,,305
CompAsia,iPhone,iPhone,iPhone XS,,64 GB,,,,205
CompAsia,iPhone,iPhone,iPhone XS Max,,256 GB,,,,365
CompAsia,iPhone,iPhone,iPhone XS Max,,512 GB,,,,390
CompAsia,iPhone,iPhone,iPhone XS Max,,64 GB,,,,285
iTworld,iPhone,iPhone,iPhone 11,,64 GB,,,,300
iTworld,iPhone,iPhone,iPhone 11,,128 GB,,,,350
iTworld,iPhone,iPhone,iPhone 11,,256 GB,,,,460
iTworld,iPhone,iPhone,iPhone 11 Pro,,64 GB,,,,400
iTworld,iPhone,iPhone,iPhone 11 Pro,,256 GB,,,,450
iTworld,iPhone,iPhone,iPhone 11 Pro,,512 GB,,,,590
iTworld,iPhone,iPhone,iPhone 11 Pro Max,,64 GB,,,,490
iTworld,iPhone,iPhone,iPhone 11 Pro Max,,256 GB,,,,560
iTworld,iPhone,iPhone,iPhone 11 Pro Max,,512 GB,,,,650
iTworld,iPhone,iPhone,iPhone 12,,64 GB,,,,460
iTworld,iPhone,iPhone,iPhone 12,,128 GB,,,,510
iTworld,iPhone,iPhone,iPhone 12,,256 GB,,,,590
iTworld,iPhone,iPhone,iPhone 12 Mini,,64 GB,,,,300
iTworld,iPhone,iPhone,iPhone 12 Mini,,128 GB,,,,400
iTworld,iPhone,iPhone,iPhone 12 Mini,,256 GB,,,,450
iTworld,iPhone,iPhone,iPhone 12 Pro,,128 GB,,,,640
iTworld,iPhone,iPhone,iPhone 12 Pro,,256 GB,,,,710
iTworld,iPhone,iPhone,iPhone 12 Pro,,512 GB,,,,760
iTworld,iPhone,iPhone,iPhone 12 Pro Max,,128 GB,,,,810
iTworld,iPhone,iPhone,iPhone 12 Pro Max,,256 GB,,,,910
iTworld,iPhone,iPhone,iPhone 12 Pro Max,,512 GB,,,,990
iTworld,iPhone,iPhone,iPhone 13,,128 GB,,,,750
iTworld,iPhone,iPhone,iPhone 13,,256 GB,,,,850
iTworld,iPhone,iPhone,iPhone 13,,512 GB,,,,910
iTworld,iPhone,iPhone,iPhone 13 Mini,,128 GB,,,,500
iTworld,iPhone,iPhone,iPhone 13 Mini,,256 GB,,,,550
iTworld,iPhone,iPhone,iPhone 13 Mini,,512 GB,,,,600
iTworld,iPhone,iPhone,iPhone 13 Pro,,128 GB,,,,990
iTworld,iPhone,iPhone,iPhone 13 Pro,,256 GB,,,,1060
iTworld,iPhone,iPhone,iPhone 13 Pro,,512 GB,,,,1150
iTworld,iPhone,iPhone,iPhone 13 Pro,,1 TB,,,,1260
iTworld,iPhone,iPhone,iPhone 13 Pro Max,,128 GB,,,,1110
iTworld,iPhone,iPhone,iPhone 13 Pro Max,,256 GB,,,,1290
iTworld,iPhone,iPhone,iPhone 13 Pro Max,,512 GB,,,,1340
iTworld,iPhone,iPhone,iPhone 13 Pro Max,,1 TB,,,,1460
iTworld,iPhone,iPhone,iPhone 14,,128 GB,,,,850
iTworld,iPhone,iPhone,iPhone 14,,256 GB,,,,950
iTworld,iPhone,iPhone,iPhone 14,,512 GB,,,,1110
iTworld,iPhone,iPhone,iPhone 14 Plus,,128 GB,,,,950
iTworld,iPhone,iPhone,iPhone 14 Plus,,256 GB,,,,1050
iTworld,iPhone,iPhone,iPhone 14 Plus,,512 GB,,,,1240
iTworld,iPhone,iPhone,iPhone 14 Pro,,128 GB,,,,1340
iTworld,iPhone,iPhone,iPhone 14 Pro,,256 GB,,,,1540
iTworld,iPhone,iPhone,iPhone 14 Pro,,512 GB,,,,1610
iTworld,iPhone,iPhone,iPhone 14 Pro,,1 TB,,,,1690
iTworld,iPhone,iPhone,iPhone 14 Pro Max,,128 GB,,,,1590
iTworld,iPhone,iPhone,iPhone 14 Pro Max,,256 GB,,,,1710
iTworld,iPhone,iPhone,iPhone 14 Pro Max,,512 GB,,,,1850
iTworld,iPhone,iPhone,iPhone 14 Pro Max,,1 TB,,,,1990
iTworld,iPhone,iPhone,iPhone 15,,128 GB,,,,1300
iTworld,iPhone,iPhone,iPhone 15,,256 GB,,,,1450
iTworld,iPhone,iPhone,iPhone 15,,512 GB,,,,1600
iTworld,iPhone,iPhone,iPhone 15 Plus,,128 GB,,,,1450
iTworld,iPhone,iPhone,iPhone 15 Plus,,256 GB,,,,1600
iTworld,iPhone,iPhone,iPhone 15 Plus,,512 GB,,,,1800
iTworld,iPhone,iPhone,iPhone 15 Pro,,128 GB,,,,1740
iTworld,iPhone,iPhone,iPhone 15 Pro,,256 GB,,,,2010
iTworld,iPhone,iPhone,iPhone 15 Pro,,512 GB,,,,2140
iTworld,iPhone,iPhone,iPhone 15 Pro,,1 TB,,,,2360
iTworld,iPhone,iPhone,iPhone 15 Pro Max,,256 GB,,,,2210
iTworld,iPhone,iPhone,iPhone 15 Pro Max,,512 GB,,,,2440
iTworld,iPhone,iPhone,iPhone 15 Pro Max,,1 TB,,,,2660
iTworld,iPhone,iPhone,iPhone 16,,128 GB,,,,1800
iTworld,iPhone,iPhone,iPhone 16,,256 GB,,,,1980
iTworld,iPhone,iPhone,iPhone 16,,512 GB,,,,2180
iTworld,iPhone,iPhone,iPhone 16 Plus,,128 GB,,,,2090
iTworld,iPhone,iPhone,iPhone 16 Plus,,256 GB,,,,2250
iTworld,iPhone,iPhone,iPhone 16 Plus,,512 GB,,,,2500
iTworld,iPhone,iPhone,iPhone 16 Pro,,128 GB,,,,2310
iTworld,iPhone,iPhone,iPhone 16 Pro,,256 GB,,,,2540
iTworld,iPhone,iPhone,iPhone 16 Pro,,512 GB,,,,2700
iTworld,iPhone,iPhone,iPhone 16 Pro,,1 TB,,,,2900
iTworld,iPhone,iPhone,iPhone 16 Pro Max,,256 GB,,,,3010
iTworld,iPhone,iPhone,iPhone 16 Pro Max,,512 GB,,,,3200
iTworld,iPhone,iPhone,iPhone 16 Pro Max,,1 TB,,,,3500
iTworld,iPhone,iPhone,iPhone 16e,,128 GB,,,,1050
iTworld,iPhone,iPhone,iPhone 16e,,256 GB,,,,1200
iTworld,iPhone,iPhone,iPhone 16e,,512 GB,,,,1500
iTworld,iPhone,iPhone,iPhone 17,,256 GB,,,,2290
iTworld,iPhone,iPhone,iPhone 17,,512 GB,,,,2700
iTworld,iPhone,iPhone,iPhone 17 Pro,,256 GB,,,,3190
iTworld,iPhone,iPhone,iPhone 17 Pro,,512 GB,,,,3600
iTworld,iPhone,iPhone,iPhone 17 Pro,,1 TB,,,,4150
iTworld,iPhone,iPhone,iPhone 17 Pro Max,,256 GB,,,,3500
iTworld,iPhone,iPhone,iPhone 17 Pro Max,,512 GB,,,,4130
iTworld,iPhone,iPhone,iPhone 17 Pro Max,,1 TB,,,,4800
iTworld,iPhone,iPhone,iPhone 17 Pro Max,,2 TB,,,,6010
iTworld,iPhone,iPhone,iPhone 5s,,16 GB,,,,5
iTworld,iPhone,iPhone,iPhone 5s,,32 GB,,,,5
iTworld,iPhone,iPhone,iPhone 5s,,64 GB,,,,5
iTworld,iPhone,iPhone,iPhone 6,,16 GB,,,,5
iTworld,iPhone,iPhone,iPhone 6,,32 GB,,,,5
iTworld,iPhone,iPhone,iPhone 6,,64 GB,,,,5
iTworld,iPhone,iPhone,iPhone 6,,128 GB,,,,5
iTworld,iPhone,iPhone,iPhone 6 Plus,,16 GB,,,,10
iTworld,iPhone,iPhone,iPhone 6 Plus,,64 GB,,,,10
iTworld,iPhone,iPhone,iPhone 6 Plus,,128 GB,,,,10
iTworld,iPhone,iPhone,iPhone 6s,,16 GB,,,,10
iTworld,iPhone,iPhone,iPhone 6s,,32 GB,,,,10
iTworld,iPhone,iPhone,iPhone 6s,,64 GB,,,,10
iTworld,iPhone,iPhone,iPhone 6s,,128 GB,,,,10
iTworld,iPhone,iPhone,iPhone 6s Plus,,16 GB,,,,20
iTworld,iPhone,iPhone,iPhone 6s Plus,,32 GB,,,,20
iTworld,iPhone,iPhone,iPhone 6s Plus,,64 GB,,,,20
iTworld,iPhone,iPhone,iPhone 6s Plus,,128 GB,,,,20
iTworld,iPhone,iPhone,iPhone 7,,32 GB,,,,50
iTworld,iPhone,iPhone,iPhone 7,,128 GB,,,,70
iTworld,iPhone,iPhone,iPhone 7,,256 GB,,,,90
iTworld,iPhone,iPhone,iPhone 7 Plus,,32 GB,,,,80
iTworld,iPhone,iPhone,iPhone 7 Plus,,128 GB,,,,110
iTworld,iPhone,iPhone,iPhone 7 Plus,,256 GB,,,,140
iTworld,iPhone,iPhone,iPhone 8,,64 GB,,,,120
iTworld,iPhone,iPhone,iPhone 8,,128 GB,,,,140
iTworld,iPhone,iPhone,iPhone 8,,256 GB,,,,180
iTworld,iPhone,iPhone,iPhone 8 Plus,,64 GB,,,,130
iTworld,iPhone,iPhone,iPhone 8 Plus,,128 GB,,,,160
iTworld,iPhone,iPhone,iPhone 8 Plus,,256 GB,,,,190
iTworld,iPhone,iPhone,iPhone Air,,256 GB,,,,2200
iTworld,iPhone,iPhone,iPhone Air,,512 GB,,,,2400
iTworld,iPhone,iPhone,iPhone Air,,1 TB,,,,2800
iTworld,iPhone,iPhone,iPhone SE (2016),,16 GB,,,,5
iTworld,iPhone,iPhone,iPhone SE (2016),,32 GB,,,,5
iTworld,iPhone,iPhone,iPhone SE (2016),,64 GB,,,,5
iTworld,iPhone,iPhone,iPhone SE (2016),,128 GB,,,,5
iTworld,iPhone,iPhone,iPhone SE (2020),,64 GB,,,,120
iTworld,iPhone,iPhone,iPhone SE (2020),,128 GB,,,,170
iTworld,iPhone,iPhone,iPhone SE (2020),,256 GB,,,,220
iTworld,iPhone,iPhone,iPhone SE (2022),,64 GB,,,,170
iTworld,iPhone,iPhone,iPhone SE (2022),,128 GB,,,,220
iTworld,iPhone,iPhone,iPhone SE (2022),,256 GB,,,,270
iTworld,iPhone,iPhone,iPhone X,,64 GB,,,,140
iTworld,iPhone,iPhone,iPhone X,,256 GB,,,,190
iTworld,iPhone,iPhone,iPhone XR,,64 GB,,,,160
iTworld,iPhone,iPhone,iPhone XR,,128 GB,,,,230
iTworld,iPhone,iPhone,iPhone XR,,256 GB,,,,280
iTworld,iPhone,iPhone,iPhone XS,,64 GB,,,,210
iTworld,iPhone,iPhone,iPhone XS,,256 GB,,,,260
iTworld,iPhone,iPhone,iPhone XS,,512 GB,,,,310
iTworld,iPhone,iPhone,iPhone XS Max,,64 GB,,,,290
iTworld,iPhone,iPhone,iPhone XS Max,,256 GB,,,,370
iTworld,iPhone,iPhone,iPhone XS Max,,512 GB,,,,400
Machines,iPhone,iPhone,iPhone SE (2020),,64 GB,,,,125
Machines,iPhone,iPhone,iPhone SE (2020),,128 GB,,,,175
Machines,iPhone,iPhone,iPhone SE (2020),,256 GB,,,,200
Machines,iPhone,iPhone,iPhone SE (2022),,64 GB,,,,275
Machines,iPhone,iPhone,iPhone SE (2022),,128 GB,,,,325
Machines,iPhone,iPhone,iPhone SE (2022),,256 GB,,,,350
Machines,iPhone,iPhone,iPhone 8 Plus,,64 GB,,,,120
Machines,iPhone,iPhone,iPhone 8 Plus,,128 GB,,,,150
Machines,iPhone,iPhone,iPhone 8 Plus,,256 GB,,,,180
Machines,iPhone,iPhone,iPhone X,,64 GB,,,,130
Machines,iPhone,iPhone,iPhone X,,256 GB,,,,185
Machines,iPhone,iPhone,iPhone XR,,64 GB,,,,155
Machines,iPhone,iPhone,iPhone XR,,128 GB,,,,220
Machines,iPhone,iPhone,iPhone XR,,256 GB,,,,270
Machines,iPhone,iPhone,iPhone XS,,64 GB,,,,205
Machines,iPhone,iPhone,iPhone XS,,256 GB,,,,255
Machines,iPhone,iPhone,iPhone XS,,512 GB,,,,305
Machines,iPhone,iPhone,iPhone XS Max,,64 GB,,,,285
Machines,iPhone,iPhone,iPhone XS Max,,256 GB,,,,365
Machines,iPhone,iPhone,iPhone XS Max,,512 GB,,,,390
Machines,iPhone,iPhone,iPhone 11,,64 GB,,,,340
Machines,iPhone,iPhone,iPhone 11,,128 GB,,,,390
Machines,iPhone,iPhone,iPhone 11,,256 GB,,,,450
Machines,iPhone,iPhone,iPhone 11 Pro,,64 GB,,,,415
Machines,iPhone,iPhone,iPhone 11 Pro,,256 GB,,,,490
Machines,iPhone,iPhone,iPhone 11 Pro,,512 GB,,,,575
Machines,iPhone,iPhone,iPhone 11 Pro Max,,64 GB,,,,475
Machines,iPhone,iPhone,iPhone 11 Pro Max,,256 GB,,,,550
Machines,iPhone,iPhone,iPhone 11 Pro Max,,512 GB,,,,625
Machines,iPhone,iPhone,iPhone 12 Mini,,64 GB,,,,300
Machines,iPhone,iPhone,iPhone 12 Mini,,128 GB,,,,375
Machines,iPhone,iPhone,iPhone 12 Mini,,256 GB,,,,400
Machines,iPhone,iPhone,iPhone 12,,64 GB,,,,450
Machines,iPhone,iPhone,iPhone 12,,128 GB,,,,500
Machines,iPhone,iPhone,iPhone 12,,256 GB,,,,575
Machines,iPhone,iPhone,iPhone 12 Pro,,128 GB,,,,625
Machines,iPhone,iPhone,iPhone 12 Pro,,256 GB,,,,700
Machines,iPhone,iPhone,iPhone 12 Pro,,512 GB,,,,750
Machines,iPhone,iPhone,iPhone 12 Pro Max,,128 GB,,,,800
Machines,iPhone,iPhone,iPhone 12 Pro Max,,256 GB,,,,900
Machines,iPhone,iPhone,iPhone 12 Pro Max,,512 GB,,,,975
Machines,iPhone,iPhone,iPhone 13 Mini,,128 GB,,,,550
Machines,iPhone,iPhone,iPhone 13 Mini,,256 GB,,,,600
Machines,iPhone,iPhone,iPhone 13 Mini,,512 GB,,,,675
Machines,iPhone,iPhone,iPhone 13,,128 GB,,,,740
Machines,iPhone,iPhone,iPhone 13,,256 GB,,,,840
Machines,iPhone,iPhone,iPhone 13,,512 GB,,,,900
Machines,iPhone,iPhone,iPhone 13 Pro,,128 GB,,,,975
Machines,iPhone,iPhone,iPhone 13 Pro,,256 GB,,,,1050
Machines,iPhone,iPhone,iPhone 13 Pro,,512 GB,,,,1140
Machines,iPhone,iPhone,iPhone 13 Pro,,1 TB,,,,1250
Machines,iPhone,iPhone,iPhone 13 Pro Max,,128 GB,,,,1100
Machines,iPhone,iPhone,iPhone 13 Pro Max,,256 GB,,,,1275
Machines,iPhone,iPhone,iPhone 13 Pro Max,,512 GB,,,,1325
Machines,iPhone,iPhone,iPhone 13 Pro Max,,1 TB,,,,1450
Machines,iPhone,iPhone,iPhone 14,,128 GB,,,,925
Machines,iPhone,iPhone,iPhone 14,,256 GB,,,,1000
Machines,iPhone,iPhone,iPhone 14,,512 GB,,,,1100
Machines,iPhone,iPhone,iPhone 14 Plus,,128 GB,,,,1000
Machines,iPhone,iPhone,iPhone 14 Plus,,256 GB,,,,1100
Machines,iPhone,iPhone,iPhone 14 Plus,,512 GB,,,,1225
Machines,iPhone,iPhone,iPhone 14 Pro,,128 GB,,,,1325
Machines,iPhone,iPhone,iPhone 14 Pro,,256 GB,,,,1540
Machines,iPhone,iPhone,iPhone 14 Pro,,512 GB,,,,1600
Machines,iPhone,iPhone,iPhone 14 Pro,,1 TB,,,,1675
Machines,iPhone,iPhone,iPhone 14 Pro Max,,128 GB,,,,1575
Machines,iPhone,iPhone,iPhone 14 Pro Max,,256 GB,,,,1700
Machines,iPhone,iPhone,iPhone 14 Pro Max,,512 GB,,,,1835
Machines,iPhone,iPhone,iPhone 14 Pro Max,,1 TB,,,,1975
Machines,iPhone,iPhone,iPhone 14 (eSIM),,128 GB,,,,850
Machines,iPhone,iPhone,iPhone 14 (eSIM),,256 GB,,,,935
Machines,iPhone,iPhone,iPhone 14 (eSIM),,512 GB,,,,1020
Machines,iPhone,iPhone,iPhone 14 Plus (eSIM),,128 GB,,,,895
Machines,iPhone,iPhone,iPhone 14 Plus (eSIM),,256 GB,,,,985
Machines,iPhone,iPhone,iPhone 14 Plus (eSIM),,512 GB,,,,1080
Machines,iPhone,iPhone,iPhone 14 Pro (eSIM),,128 GB,,,,1140
Machines,iPhone,iPhone,iPhone 14 Pro (eSIM),,256 GB,,,,1310
Machines,iPhone,iPhone,iPhone 14 Pro (eSIM),,512 GB,,,,1375
Machines,iPhone,iPhone,iPhone 14 Pro (eSIM),,1 TB,,,,1465
Machines,iPhone,iPhone,iPhone 14 Pro Max (eSIM),,128 GB,,,,1350
Machines,iPhone,iPhone,iPhone 14 Pro Max (eSIM),,256 GB,,,,1445
Machines,iPhone,iPhone,iPhone 14 Pro Max (eSIM),,512 GB,,,,1560
Machines,iPhone,iPhone,iPhone 14 Pro Max (eSIM),,1 TB,,,,1700
Machines,iPhone,iPhone,iPhone 15,,128 GB,,,,1460
Machines,iPhone,iPhone,iPhone 15,,256 GB,,,,1625
Machines,iPhone,iPhone,iPhone 15,,512 GB,,,,1775
Machines,iPhone,iPhone,iPhone 15 Plus,,128 GB,,,,1550
Machines,iPhone,iPhone,iPhone 15 Plus,,256 GB,,,,1775
Machines,iPhone,iPhone,iPhone 15 Plus,,512 GB,,,,1975
Machines,iPhone,iPhone,iPhone 15 Pro,,128 GB,,,,1725
Machines,iPhone,iPhone,iPhone 15 Pro,,256 GB,,,,2000
Machines,iPhone,iPhone,iPhone 15 Pro,,512 GB,,,,2125
Machines,iPhone,iPhone,iPhone 15 Pro,,1 TB,,,,2350
Machines,iPhone,iPhone,iPhone 15 Pro Max,,256 GB,,,,2200
Machines,iPhone,iPhone,iPhone 15 Pro Max,,512 GB,,,,2425
Machines,iPhone,iPhone,iPhone 15 Pro Max,,1 TB,,,,2650
Machines,iPhone,iPhone,iPhone 15 (eSIM),,128 GB,,,,1210
Machines,iPhone,iPhone,iPhone 15 (eSIM),,256 GB,,,,1320
Machines,iPhone,iPhone,iPhone 15 (eSIM),,512 GB,,,,1445
Machines,iPhone,iPhone,iPhone 15 Plus (eSIM),,128 GB,,,,1295
Machines,iPhone,iPhone,iPhone 15 Plus (eSIM),,256 GB,,,,1440
Machines,iPhone,iPhone,iPhone 15 Plus (eSIM),,512 GB,,,,1640
Machines,iPhone,iPhone,iPhone 15 Pro (eSIM),,128 GB,,,,1535
Machines,iPhone,iPhone,iPhone 15 Pro (eSIM),,256 GB,,,,1665
Machines,iPhone,iPhone,iPhone 15 Pro (eSIM),,512 GB,,,,1830
Machines,iPhone,iPhone,iPhone 15 Pro (eSIM),,1 TB,,,,2050
Machines,iPhone,iPhone,iPhone 15 Pro Max (eSIM),,256 GB,,,,1830
Machines,iPhone,iPhone,iPhone 15 Pro Max (eSIM),,512 GB,,,,2090
Machines,iPhone,iPhone,iPhone 15 Pro Max (eSIM),,1 TB,,,,2340
Machines,iPhone,iPhone,iPhone 16e,,128 GB,,,,1125
Machines,iPhone,iPhone,iPhone 16e,,256 GB,,,,1275
Machines,iPhone,iPhone,iPhone 16e,,512 GB,,,,1675
Machines,iPhone,iPhone,iPhone 16,,128 GB,,,,1800
Machines,iPhone,iPhone,iPhone 16,,256 GB,,,,2075
Machines,iPhone,iPhone,iPhone 16,,512 GB,,,,2430
Machines,iPhone,iPhone,iPhone 16 Plus,,128 GB,,,,2120
Machines,iPhone,iPhone,iPhone 16 Plus,,256 GB,,,,2335
Machines,iPhone,iPhone,iPhone 16 Plus,,512 GB,,,,2690
Machines,iPhone,iPhone,iPhone 16 Pro,,128 GB,,,,2300
Machines,iPhone,iPhone,iPhone 16 Pro,,256 GB,,,,2525
Machines,iPhone,iPhone,iPhone 16 Pro,,512 GB,,,,2925
Machines,iPhone,iPhone,iPhone 16 Pro,,1 TB,,,,3400
Machines,iPhone,iPhone,iPhone 16 Pro Max,,256 GB,,,,3075
Machines,iPhone,iPhone,iPhone 16 Pro Max,,512 GB,,,,3300
Machines,iPhone,iPhone,iPhone 16 Pro Max,,1 TB,,,,3675
Machines,iPhone,iPhone,iPhone 16e (eSIM),,128 GB,,,,1065
Machines,iPhone,iPhone,iPhone 16e (eSIM),,256 GB,,,,1225
Machines,iPhone,iPhone,iPhone 16e (eSIM),,512 GB,,,,1590
Machines,iPhone,iPhone,iPhone 16 (eSIM),,128 GB,,,,1570
Machines,iPhone,iPhone,iPhone 16 (eSIM),,256 GB,,,,1785
Machines,iPhone,iPhone,iPhone 16 (eSIM),,512 GB,,,,2065
Machines,iPhone,iPhone,iPhone 16 Plus (eSIM),,128 GB,,,,1800
Machines,iPhone,iPhone,iPhone 16 Plus (eSIM),,256 GB,,,,1985
Machines,iPhone,iPhone,iPhone 16 Plus (eSIM),,512 GB,,,,2285
Machines,iPhone,iPhone,iPhone 16 Pro (eSIM),,128 GB,,,,2110
Machines,iPhone,iPhone,iPhone 16 Pro (eSIM),,256 GB,,,,2295
Machines,iPhone,iPhone,iPhone 16 Pro (eSIM),,512 GB,,,,2600
Machines,iPhone,iPhone,iPhone 16 Pro (eSIM),,1 TB,,,,2945
Machines,iPhone,iPhone,iPhone 16 Pro Max (eSIM),,256 GB,,,,2665
Machines,iPhone,iPhone,iPhone 16 Pro Max (eSIM),,512 GB,,,,2940
Machines,iPhone,iPhone,iPhone 16 Pro Max (eSIM),,1 TB,,,,3245
Machines,iPhone,iPhone,iPhone 17,,256 GB,,,,2135
Machines,iPhone,iPhone,iPhone 17,,512 GB,,,,2670
Machines,iPhone,iPhone,iPhone Air,,256 GB,,,,2490
Machines,iPhone,iPhone,iPhone Air,,512 GB,,,,2965
Machines,iPhone,iPhone,iPhone Air,,1 TB,,,,3445
Machines,iPhone,iPhone,iPhone 17 Pro,,256 GB,,,,3035
Machines,iPhone,iPhone,iPhone 17 Pro,,512 GB,,,,3570
Machines,iPhone,iPhone,iPhone 17 Pro,,1 TB,,,,4100
Machines,iPhone,iPhone,iPhone 17 Pro Max,,256 GB,,,,3300
Machines,iPhone,iPhone,iPhone 17 Pro Max,,512 GB,,,,3835
Machines,iPhone,iPhone,iPhone 17 Pro Max,,1 TB,,,,4370
Machines,iPhone,iPhone,iPhone 17 Pro Max,,2 TB,,,,5435
Switch,iPhone,iPhone,iPhone 17 Pro Max,,2 TB,,,,6010
Switch,iPhone,iPhone,iPhone 17 Pro Max,,1 TB,,,,4800
Switch,iPhone,iPhone,iPhone 17 Pro Max,,512 GB,,,,4130
Switch,iPhone,iPhone,iPhone 17 Pro Max,,256 GB,,,,3500
Switch,iPhone,iPhone,iPhone 17 Pro,,1 TB,,,,4150
Switch,iPhone,iPhone,iPhone 17 Pro,,512 GB,,,,3600
Switch,iPhone,iPhone,iPhone 17 Pro,,256 GB,,,,3190
Switch,iPhone,iPhone,iPhone 17,,512 GB,,,,2700
Switch,iPhone,iPhone,iPhone 17,,256 GB,,,,2290
Switch,iPhone,iPhone,iPhone Air,,256 GB,,,,2200
Switch,iPhone,iPhone,iPhone Air,,512 GB,,,,2400
Switch,iPhone,iPhone,iPhone Air,,1 TB,,,,2800
Switch,iPhone,iPhone,iPhone 16 Pro Max,,1 TB,,,,3500
Switch,iPhone,iPhone,iPhone 16 Pro Max,,512 GB,,,,3200
Switch,iPhone,iPhone,iPhone 16 Pro Max,,256 GB,,,,3010
Switch,iPhone,iPhone,iPhone 16 Pro,,1 TB,,,,2900
Switch,iPhone,iPhone,iPhone 16 Pro,,512 GB,,,,2700
Switch,iPhone,iPhone,iPhone 16 Pro,,256 GB,,,,2540
Switch,iPhone,iPhone,iPhone 16 Pro,,128 GB,,,,2310
Switch,iPhone,iPhone,iPhone 16 Plus,,512 GB,,,,2500
Switch,iPhone,iPhone,iPhone 16 Plus,,256 GB,,,,2250
Switch,iPhone,iPhone,iPhone 16 Plus,,128 GB,,,,2090
Switch,iPhone,iPhone,iPhone 16,,512 GB,,,,2180
Switch,iPhone,iPhone,iPhone 16,,256 GB,,,,1980
Switch,iPhone,iPhone,iPhone 16,,128 GB,,,,1800
Switch,iPhone,iPhone,iPhone 16e,,512 GB,,,,1500
Switch,iPhone,iPhone,iPhone 16e,,256 GB,,,,1200
Switch,iPhone,iPhone,iPhone 16e,,128 GB,,,,1050
Switch,iPhone,iPhone,iPhone 15 Pro Max,,1 TB,,,,2660
Switch,iPhone,iPhone,iPhone 15 Pro Max,,512 GB,,,,2440
Switch,iPhone,iPhone,iPhone 15 Pro Max,,256 GB,,,,2210
Switch,iPhone,iPhone,iPhone 15 Pro,,1 TB,,,,2360
Switch,iPhone,iPhone,iPhone 15 Pro,,512 GB,,,,2140
Switch,iPhone,iPhone,iPhone 15 Pro,,256 GB,,,,2010
Switch,iPhone,iPhone,iPhone 15 Pro,,128 GB,,,,1740
Switch,iPhone,iPhone,iPhone 15 Plus,,512 GB,,,,1800
Switch,iPhone,iPhone,iPhone 15 Plus,,256 GB,,,,1600
Switch,iPhone,iPhone,iPhone 15 Plus,,128 GB,,,,1450
Switch,iPhone,iPhone,iPhone 15,,512 GB,,,,1600
Switch,iPhone,iPhone,iPhone 15,,256 GB,,,,1450
Switch,iPhone,iPhone,iPhone 15,,128 GB,,,,1300
Switch,iPhone,iPhone,iPhone 14 Pro Max,,1 TB,,,,1990
Switch,iPhone,iPhone,iPhone 14 Pro Max,,512 GB,,,,1850
Switch,iPhone,iPhone,iPhone 14 Pro Max,,256 GB,,,,1710
Switch,iPhone,iPhone,iPhone 14 Pro Max,,128 GB,,,,1590
Switch,iPhone,iPhone,iPhone 14 Pro,,1 TB,,,,1690
Switch,iPhone,iPhone,iPhone 14 Pro,,512 GB,,,,1610
Switch,iPhone,iPhone,iPhone 14 Pro,,256 GB,,,,1540
Switch,iPhone,iPhone,iPhone 14 Pro,,128 GB,,,,1340
Switch,iPhone,iPhone,iPhone 14 Plus,,512 GB,,,,1240
Switch,iPhone,iPhone,iPhone 14 Plus,,256 GB,,,,1050
Switch,iPhone,iPhone,iPhone 14 Plus,,128 GB,,,,950
Switch,iPhone,iPhone,iPhone 14,,512 GB,,,,1110
Switch,iPhone,iPhone,iPhone 14,,256 GB,,,,950
Switch,iPhone,iPhone,iPhone 14,,128 GB,,,,850
Switch,iPhone,iPhone,iPhone 13 Pro Max,,1 TB,,,,1460
Switch,iPhone,iPhone,iPhone 13 Pro Max,,512 GB,,,,1340
Switch,iPhone,iPhone,iPhone 13 Pro Max,,256 GB,,,,1290
Switch,iPhone,iPhone,iPhone 13 Pro Max,,128 GB,,,,1110
Switch,iPhone,iPhone,iPhone 13 Pro,,1 TB,,,,1260
Switch,iPhone,iPhone,iPhone 13 Pro,,512 GB,,,,1150
Switch,iPhone,iPhone,iPhone 13 Pro,,256 GB,,,,1060
Switch,iPhone,iPhone,iPhone 13 Pro,,128 GB,,,,990
Switch,iPhone,iPhone,iPhone 13 Mini,,512 GB,,,,600
Switch,iPhone,iPhone,iPhone 13 Mini,,256 GB,,,,550
Switch,iPhone,iPhone,iPhone 13 Mini,,128 GB,,,,500
Switch,iPhone,iPhone,iPhone 13,,512 GB,,,,910
Switch,iPhone,iPhone,iPhone 13,,256 GB,,,,850
Switch,iPhone,iPhone,iPhone 13,,128 GB,,,,750
Switch,iPhone,iPhone,iPhone 12 Pro Max,,512 GB,,,,990
Switch,iPhone,iPhone,iPhone 12 Pro Max,,256 GB,,,,910
Switch,iPhone,iPhone,iPhone 12 Pro Max,,128 GB,,,,810
Switch,iPhone,iPhone,iPhone 12 Pro,,512 GB,,,,760
Switch,iPhone,iPhone,iPhone 12 Pro,,256 GB,,,,710
Switch,iPhone,iPhone,iPhone 12 Pro,,128 GB,,,,640
Switch,iPhone,iPhone,iPhone 12 Mini,,256 GB,,,,450
Switch,iPhone,iPhone,iPhone 12 Mini,,128 GB,,,,400
Switch,iPhone,iPhone,iPhone 12 Mini,,64 GB,,,,300
Switch,iPhone,iPhone,iPhone 12,,256 GB,,,,590
Switch,iPhone,iPhone,iPhone 12,,128 GB,,,,510
Switch,iPhone,iPhone,iPhone 12,,64 GB,,,,460
Switch,iPhone,iPhone,iPhone 11 Pro Max,,512 GB,,,,650
Switch,iPhone,iPhone,iPhone 11 Pro Max,,256 GB,,,,560
Switch,iPhone,iPhone,iPhone 11 Pro Max,,64 GB,,,,490
Switch,iPhone,iPhone,iPhone 11 Pro,,512 GB,,,,590
Switch,iPhone,iPhone,iPhone 11 Pro,,256 GB,,,,450
Switch,iPhone,iPhone,iPhone 11 Pro,,64 GB,,,,400
Switch,iPhone,iPhone,iPhone 11,,256 GB,,,,460
Switch,iPhone,iPhone,iPhone 11,,128 GB,,,,350
Switch,iPhone,iPhone,iPhone 11,,64 GB,,,,300
Switch,iPhone,iPhone,iPhone XS Max,,512 GB,,,,400
Switch,iPhone,iPhone,iPhone XS Max,,256 GB,,,,370
Switch,iPhone,iPhone,iPhone XS Max,,64 GB,,,,290
Switch,iPhone,iPhone,iPhone XS,,512 GB,,,,310
Switch,iPhone,iPhone,iPhone XS,,256 GB,,,,260
Switch,iPhone,iPhone,iPhone XS,,64 GB,,,,210
Switch,iPhone,iPhone,iPhone XR,,256 GB,,,,280
Switch,iPhone,iPhone,iPhone XR,,128 GB,,,,230
Switch,iPhone,iPhone,iPhone XR,,64 GB,,,,160
Switch,iPhone,iPhone,iPhone X,,256 GB,,,,190
Switch,iPhone,iPhone,iPhone X,,64 GB,,,,140
Switch,iPhone,iPhone,iPhone SE (2022),,256 GB,,,,270
Switch,iPhone,iPhone,iPhone SE (2022),,128 GB,,,,220
Switch,iPhone,iPhone,iPhone SE (2022),,64 GB,,,,170
Switch,iPhone,iPhone,iPhone SE (2020),,256 GB,,,,220
Switch,iPhone,iPhone,iPhone SE (2020),,128 GB,,,,170
Switch,iPhone,iPhone,iPhone SE (2020),,64 GB,,,,120
Switch,iPhone,iPhone,iPhone SE (2016),,128 GB,,,,5
Switch,iPhone,iPhone,iPhone SE (2016),,64 GB,,,,5
Switch,iPhone,iPhone,iPhone SE (2016),,32 GB,,,,5
Switch,iPhone,iPhone,iPhone SE (2016),,16 GB,,,,5
Switch,iPhone,iPhone,iPhone 8 Plus,,256 GB,,,,190
Switch,iPhone,iPhone,iPhone 8 Plus,,128 GB,,,,160
Switch,iPhone,iPhone,iPhone 8 Plus,,64 GB,,,,130
Switch,iPhone,iPhone,iPhone 8,,256 GB,,,,180
Switch,iPhone,iPhone,iPhone 8,,128 GB,,,,140
Switch,iPhone,iPhone,iPhone 8,,64 GB,,,,120
Switch,iPhone,iPhone,iPhone 7 Plus,,256 GB,,,,140
Switch,iPhone,iPhone,iPhone 7 Plus,,128 GB,,,,110
Switch,iPhone,iPhone,iPhone 7 Plus,,32 GB,,,,80
Switch,iPhone,iPhone,iPhone 7,,256 GB,,,,90
Switch,iPhone,iPhone,iPhone 7,,128 GB,,,,70
Switch,iPhone,iPhone,iPhone 7,,32 GB,,,,50
Switch,iPhone,iPhone,iPhone 6s Plus,,128 GB,,,,20
Switch,iPhone,iPhone,iPhone 6s Plus,,64 GB,,,,20
Switch,iPhone,iPhone,iPhone 6s Plus,,32 GB,,,,20
Switch,iPhone,iPhone,iPhone 6s Plus,,16 GB,,,,20
Switch,iPhone,iPhone,iPhone 6s,,128 GB,,,,10
Switch,iPhone,iPhone,iPhone 6s,,64 GB,,,,10
Switch,iPhone,iPhone,iPhone 6s,,32 GB,,,,10
Switch,iPhone,iPhone,iPhone 6s,,16 GB,,,,10
Switch,iPhone,iPhone,iPhone 6 Plus,,128 GB,,,,10
Switch,iPhone,iPhone,iPhone 6 Plus,,64 GB,,,,10
Switch,iPhone,iPhone,iPhone 6 Plus,,16 GB,,,,10
Switch,iPhone,iPhone,iPhone 6,,128 GB,,,,5
Switch,iPhone,iPhone,iPhone 6,,64 GB,,,,5
Switch,iPhone,iPhone,iPhone 6,,32 GB,,,,5
Switch,iPhone,iPhone,iPhone 6,,16 GB,,,,5
Switch,iPhone,iPhone,iPhone 5s,,64 GB,,,,5
Switch,iPhone,iPhone,iPhone 5s,,32 GB,,,,5
Switch,iPhone,iPhone,iPhone 5s,,16 GB,,,,5
UR,iPhone,iPhone,iPhone 17 Pro Max,,2 TB,,,,6010
UR,iPhone,iPhone,iPhone 17 Pro Max,,1 TB,,,,4800
UR,iPhone,iPhone,iPhone 17 Pro Max,,512 GB,,,,4130
UR,iPhone,iPhone,iPhone 17 Pro Max,,256 GB,,,,3500
UR,iPhone,iPhone,iPhone 17 Pro,,1 TB,,,,4150
UR,iPhone,iPhone,iPhone 17 Pro,,512 GB,,,,3600
UR,iPhone,iPhone,iPhone 17 Pro,,256 GB,,,,3190
UR,iPhone,iPhone,iPhone 17,,512 GB,,,,2700
UR,iPhone,iPhone,iPhone 17,,256 GB,,,,2290
UR,iPhone,iPhone,iPhone Air,,256 GB,,,,2200
UR,iPhone,iPhone,iPhone Air,,512 GB,,,,2400
UR,iPhone,iPhone,iPhone Air,,1 TB,,,,2800
UR,iPhone,iPhone,iPhone 16 Pro Max,,1 TB,,,,3500
UR,iPhone,iPhone,iPhone 16 Pro Max,,512 GB,,,,3200
UR,iPhone,iPhone,iPhone 16 Pro Max,,256 GB,,,,3010
UR,iPhone,iPhone,iPhone 16 Pro,,1 TB,,,,2900
UR,iPhone,iPhone,iPhone 16 Pro,,512 GB,,,,2700
UR,iPhone,iPhone,iPhone 16 Pro,,256 GB,,,,2540
UR,iPhone,iPhone,iPhone 16 Pro,,128 GB,,,,2310
UR,iPhone,iPhone,iPhone 16 Plus,,512 GB,,,,2500
UR,iPhone,iPhone,iPhone 16 Plus,,256 GB,,,,2250
UR,iPhone,iPhone,iPhone 16 Plus,,128 GB,,,,2090
UR,iPhone,iPhone,iPhone 16,,512 GB,,,,2180
UR,iPhone,iPhone,iPhone 16,,256 GB,,,,1980
UR,iPhone,iPhone,iPhone 16,,128 GB,,,,1800
UR,iPhone,iPhone,iPhone 16e,,512 GB,,,,1500
UR,iPhone,iPhone,iPhone 16e,,256 GB,,,,1200
UR,iPhone,iPhone,iPhone 16e,,128 GB,,,,1050
UR,iPhone,iPhone,iPhone 15 Pro Max,,1 TB,,,,2660
UR,iPhone,iPhone,iPhone 15 Pro Max,,512 GB,,,,2440
UR,iPhone,iPhone,iPhone 15 Pro Max,,256 GB,,,,2210
UR,iPhone,iPhone,iPhone 15 Pro,,1 TB,,,,2360
UR,iPhone,iPhone,iPhone 15 Pro,,512 GB,,,,2140
UR,iPhone,iPhone,iPhone 15 Pro,,256 GB,,,,2010
UR,iPhone,iPhone,iPhone 15 Pro,,128 GB,,,,1740
UR,iPhone,iPhone,iPhone 15 Plus,,512 GB,,,,1800
UR,iPhone,iPhone,iPhone 15 Plus,,256 GB,,,,1600
UR,iPhone,iPhone,iPhone 15 Plus,,128 GB,,,,1450
UR,iPhone,iPhone,iPhone 15,,512 GB,,,,1600
UR,iPhone,iPhone,iPhone 15,,256 GB,,,,1450
UR,iPhone,iPhone,iPhone 15,,128 GB,,,,1300
UR,iPhone,iPhone,iPhone 14 Pro Max,,1 TB,,,,1990
UR,iPhone,iPhone,iPhone 14 Pro Max,,512 GB,,,,1850
UR,iPhone,iPhone,iPhone 14 Pro Max,,256 GB,,,,1710
UR,iPhone,iPhone,iPhone 14 Pro Max,,128 GB,,,,1590
UR,iPhone,iPhone,iPhone 14 Pro,,1 TB,,,,1690
UR,iPhone,iPhone,iPhone 14 Pro,,512 GB,,,,1610
UR,iPhone,iPhone,iPhone 14 Pro,,256 GB,,,,1540
UR,iPhone,iPhone,iPhone 14 Pro,,128 GB,,,,1340
UR,iPhone,iPhone,iPhone 14 Plus,,512 GB,,,,1240
UR,iPhone,iPhone,iPhone 14 Plus,,256 GB,,,,1050
UR,iPhone,iPhone,iPhone 14 Plus,,128 GB,,,,950
UR,iPhone,iPhone,iPhone 14,,512 GB,,,,1110
UR,iPhone,iPhone,iPhone 14,,256 GB,,,,950
UR,iPhone,iPhone,iPhone 14,,128 GB,,,,850
UR,iPhone,iPhone,iPhone 13 Pro Max,,1 TB,,,,1460
UR,iPhone,iPhone,iPhone 13 Pro Max,,512 GB,,,,1340
UR,iPhone,iPhone,iPhone 13 Pro Max,,256 GB,,,,1290
UR,iPhone,iPhone,iPhone 13 Pro Max,,128 GB,,,,1110
UR,iPhone,iPhone,iPhone 13 Pro,,1 TB,,,,1260
UR,iPhone,iPhone,iPhone 13 Pro,,512 GB,,,,1150
UR,iPhone,iPhone,iPhone 13 Pro,,256 GB,,,,1060
UR,iPhone,iPhone,iPhone 13 Pro,,128 GB,,,,990
UR,iPhone,iPhone,iPhone 13 Mini,,512 GB,,,,600
UR,iPhone,iPhone,iPhone 13 Mini,,256 GB,,,,550
UR,iPhone,iPhone,iPhone 13 Mini,,128 GB,,,,500
UR,iPhone,iPhone,iPhone 13,,512 GB,,,,910
UR,iPhone,iPhone,iPhone 13,,256 GB,,,,850
UR,iPhone,iPhone,iPhone 13,,128 GB,,,,750
UR,iPhone,iPhone,iPhone 12 Pro Max,,512 GB,,,,990
UR,iPhone,iPhone,iPhone 12 Pro Max,,256 GB,,,,910
UR,iPhone,iPhone,iPhone 12 Pro Max,,128 GB,,,,810
UR,iPhone,iPhone,iPhone 12 Pro,,512 GB,,,,760
UR,iPhone,iPhone,iPhone 12 Pro,,256 GB,,,,710
UR,iPhone,iPhone,iPhone 12 Pro,,128 GB,,,,640
UR,iPhone,iPhone,iPhone 12 Mini,,256 GB,,,,450
UR,iPhone,iPhone,iPhone 12 Mini,,128 GB,,,,400
UR,iPhone,iPhone,iPhone 12 Mini,,64 GB,,,,300
UR,iPhone,iPhone,iPhone 12,,256 GB,,,,590
UR,iPhone,iPhone,iPhone 12,,128 GB,,,,510
UR,iPhone,iPhone,iPhone 12,,64 GB,,,,460
UR,iPhone,iPhone,iPhone 11 Pro Max,,512 GB,,,,650
UR,iPhone,iPhone,iPhone 11 Pro Max,,256 GB,,,,560
UR,iPhone,iPhone,iPhone 11 Pro Max,,64 GB,,,,490
UR,iPhone,iPhone,iPhone 11 Pro,,512 GB,,,,590
UR,iPhone,iPhone,iPhone 11 Pro,,256 GB,,,,450
UR,iPhone,iPhone,iPhone 11 Pro,,64 GB,,,,400
UR,iPhone,iPhone,iPhone 11,,256 GB,,,,460
UR,iPhone,iPhone,iPhone 11,,128 GB,,,,350
UR,iPhone,iPhone,iPhone 11,,64 GB,,,,300
UR,iPhone,iPhone,iPhone XS Max,,512 GB,,,,400
UR,iPhone,iPhone,iPhone XS Max,,256 GB,,,,370
UR,iPhone,iPhone,iPhone XS Max,,64 GB,,,,290
UR,iPhone,iPhone,iPhone XS,,512 GB,,,,310
UR,iPhone,iPhone,iPhone XS,,256 GB,,,,260
UR,iPhone,iPhone,iPhone XS,,64 GB,,,,210
UR,iPhone,iPhone,iPhone XR,,256 GB,,,,280
UR,iPhone,iPhone,iPhone XR,,128 GB,,,,230
UR,iPhone,iPhone,iPhone XR,,64 GB,,,,160
UR,iPhone,iPhone,iPhone X,,256 GB,,,,190
UR,iPhone,iPhone,iPhone X,,64 GB,,,,140
UR,iPhone,iPhone,iPhone SE (2022),,256 GB,,,,270
UR,iPhone,iPhone,iPhone SE (2022),,128 GB,,,,220
UR,iPhone,iPhone,iPhone SE (2022),,64 GB,,,,170
UR,iPhone,iPhone,iPhone SE (2020),,256 GB,,,,220
UR,iPhone,iPhone,iPhone SE (2020),,128 GB,,,,170
UR,iPhone,iPhone,iPhone SE (2020),,64 GB,,,,120
UR,iPhone,iPhone,iPhone SE (2016),,128 GB,,,,5
UR,iPhone,iPhone,iPhone SE (2016),,64 GB,,,,5
UR,iPhone,iPhone,iPhone SE (2016),,32 GB,,,,5
UR,iPhone,iPhone,iPhone SE (2016),,16 GB,,,,5
UR,iPhone,iPhone,iPhone 8 Plus,,256 GB,,,,190
UR,iPhone,iPhone,iPhone 8 Plus,,128 GB,,,,160
UR,iPhone,iPhone,iPhone 8 Plus,,64 GB,,,,130
UR,iPhone,iPhone,iPhone 8,,256 GB,,,,180
UR,iPhone,iPhone,iPhone 8,,128 GB,,,,140
UR,iPhone,iPhone,iPhone 8,,64 GB,,,,120
UR,iPhone,iPhone,iPhone 7 Plus,,256 GB,,,,140
UR,iPhone,iPhone,iPhone 7 Plus,,128 GB,,,,110
UR,iPhone,iPhone,iPhone 7 Plus,,32 GB,,,,80
UR,iPhone,iPhone,iPhone 7,,256 GB,,,,90
UR,iPhone,iPhone,iPhone 7,,128 GB,,,,70
UR,iPhone,iPhone,iPhone 7,,32 GB,,,,50
UR,iPhone,iPhone,iPhone 6s Plus,,128 GB,,,,20
UR,iPhone,iPhone,iPhone 6s Plus,,64 GB,,,,20
UR,iPhone,iPhone,iPhone 6s Plus,,32 GB,,,,20
UR,iPhone,iPhone,iPhone 6s Plus,,16 GB,,,,20
UR,iPhone,iPhone,iPhone 6s,,128 GB,,,,10
UR,iPhone,iPhone,iPhone 6s,,64 GB,,,,10
UR,iPhone,iPhone,iPhone 6s,,32 GB,,,,10
UR,iPhone,iPhone,iPhone 6s,,16 GB,,,,10
UR,iPhone,iPhone,iPhone 6 Plus,,128 GB,,,,10
UR,iPhone,iPhone,iPhone 6 Plus,,64 GB,,,,10
UR,iPhone,iPhone,iPhone 6 Plus,,16 GB,,,,10
UR,iPhone,iPhone,iPhone 6,,128 GB,,,,5
UR,iPhone,iPhone,iPhone 6,,64 GB,,,,5
UR,iPhone,iPhone,iPhone 6,,32 GB,,,,5
UR,iPhone,iPhone,iPhone 6,,16 GB,,,,5
UR,iPhone,iPhone,iPhone 5s,,64 GB,,,,5
UR,iPhone,iPhone,iPhone 5s,,32 GB,,,,5
UR,iPhone,iPhone,iPhone 5s,,16 GB,,,,5
U Mobile,iPhone,iPhone,iPhone 15,,128 GB,,,,1425
U Mobile,iPhone,iPhone,iPhone 15,,256 GB,,,,1550
U Mobile,iPhone,iPhone,iPhone 15,,512 GB,,,,1700
U Mobile,iPhone,iPhone,iPhone 15 Plus,,128 GB,,,,1525
U Mobile,iPhone,iPhone,iPhone 15 Plus,,256 GB,,,,1695
U Mobile,iPhone,iPhone,iPhone 15 Plus,,512 GB,,,,1930
U Mobile,iPhone,iPhone,iPhone 15 Pro,,128 GB,,,,1840
U Mobile,iPhone,iPhone,iPhone 15 Pro,,256 GB,,,,2000
U Mobile,iPhone,iPhone,iPhone 15 Pro,,512 GB,,,,2200
U Mobile,iPhone,iPhone,iPhone 15 Pro Max,,1 TB,,,,2810
U Mobile,iPhone,iPhone,iPhone 15 Pro Max,,256 GB,,,,2200
U Mobile,iPhone,iPhone,iPhone 15 Pro Max,,512 GB,,,,2510
U Mobile,iPhone,iPhone,iPhone 11,,128 GB,,,,390
U Mobile,iPhone,iPhone,iPhone 11,,256 GB,,,,470
U Mobile,iPhone,iPhone,iPhone 11,,64 GB,,,,340
U Mobile,iPhone,iPhone,iPhone 11 Pro,,256 GB,,,,490
U Mobile,iPhone,iPhone,iPhone 11 Pro,,512 GB,,,,580
U Mobile,iPhone,iPhone,iPhone 11 Pro,,64 GB,,,,415
U Mobile,iPhone,iPhone,iPhone 11 Pro Max,,256 GB,,,,600
U Mobile,iPhone,iPhone,iPhone 11 Pro Max,,512 GB,,,,680
U Mobile,iPhone,iPhone,iPhone 11 Pro Max,,64 GB,,,,495
U Mobile,iPhone,iPhone,iPhone 12,,128 GB,,,,520
U Mobile,iPhone,iPhone,iPhone 12,,256 GB,,,,600
U Mobile,iPhone,iPhone,iPhone 12,,64 GB,,,,470
U Mobile,iPhone,iPhone,iPhone 12 Pro,,128 GB,,,,670
U Mobile,iPhone,iPhone,iPhone 12 Pro,,256 GB,,,,710
U Mobile,iPhone,iPhone,iPhone 12 Pro,,512 GB,,,,800
U Mobile,iPhone,iPhone,iPhone 12 Pro Max,,128 GB,,,,830
U Mobile,iPhone,iPhone,iPhone 12 Pro Max,,256 GB,,,,910
U Mobile,iPhone,iPhone,iPhone 12 Pro Max,,512 GB,,,,1000
U Mobile,iPhone,iPhone,iPhone 12 Mini,,128 GB,,,,400
U Mobile,iPhone,iPhone,iPhone 12 Mini,,256 GB,,,,450
U Mobile,iPhone,iPhone,iPhone 12 Mini,,64 GB,,,,320
U Mobile,iPhone,iPhone,iPhone 13,,128 GB,,,,740
U Mobile,iPhone,iPhone,iPhone 13,,256 GB,,,,840
U Mobile,iPhone,iPhone,iPhone 13,,512 GB,,,,900
U Mobile,iPhone,iPhone,iPhone 13 Pro,,128 GB,,,,975
U Mobile,iPhone,iPhone,iPhone 13 Pro,,1 TB,,,,1305
U Mobile,iPhone,iPhone,iPhone 13 Pro,,256 GB,,,,1080
U Mobile,iPhone,iPhone,iPhone 13 Pro,,512 GB,,,,1140
U Mobile,iPhone,iPhone,iPhone 13 Pro Max,,128 GB,,,,1140
U Mobile,iPhone,iPhone,iPhone 13 Pro Max,,1 TB,,,,1560
U Mobile,iPhone,iPhone,iPhone 13 Pro Max,,256 GB,,,,1310
U Mobile,iPhone,iPhone,iPhone 13 Pro Max,,512 GB,,,,1370
U Mobile,iPhone,iPhone,iPhone 13 Mini,,128 GB,,,,580
U Mobile,iPhone,iPhone,iPhone 13 Mini,,256 GB,,,,640
U Mobile,iPhone,iPhone,iPhone 13 Mini,,512 GB,,,,700
U Mobile,iPhone,iPhone,iPhone 14,,128 GB,,,,935
U Mobile,iPhone,iPhone,iPhone 14,,256 GB,,,,1040
U Mobile,iPhone,iPhone,iPhone 14,,512 GB,,,,1160
U Mobile,iPhone,iPhone,iPhone 14 Plus,,128 GB,,,,1055
U Mobile,iPhone,iPhone,iPhone 14 Plus,,256 GB,,,,1160
U Mobile,iPhone,iPhone,iPhone 14 Plus,,512 GB,,,,1270
U Mobile,iPhone,iPhone,iPhone 14 Pro,,128 GB,,,,1340
U Mobile,iPhone,iPhone,iPhone 14 Pro,,1 TB,,,,1725
U Mobile,iPhone,iPhone,iPhone 14 Pro,,256 GB,,,,1540
U Mobile,iPhone,iPhone,iPhone 14 Pro,,512 GB,,,,1620
U Mobile,iPhone,iPhone,iPhone 14 Pro Max,,128 GB,,,,1590
U Mobile,iPhone,iPhone,iPhone 14 Pro Max,,1 TB,,,,2000
U Mobile,iPhone,iPhone,iPhone 14 Pro Max,,256 GB,,,,1700
U Mobile,iPhone,iPhone,iPhone 14 Pro Max,,512 GB,,,,1835
U Mobile,iPhone,iPhone,iPhone 16,,128 GB,,,,1845
U Mobile,iPhone,iPhone,iPhone 16,,256 GB,,,,2100
U Mobile,iPhone,iPhone,iPhone 16,,512 GB,,,,2430
U Mobile,iPhone,iPhone,iPhone 16 Plus,,128 GB,,,,2120
U Mobile,iPhone,iPhone,iPhone 16 Plus,,256 GB,,,,2335
U Mobile,iPhone,iPhone,iPhone 16 Plus,,512 GB,,,,2690
U Mobile,iPhone,iPhone,iPhone 16 Pro,,128 GB,,,,2485
U Mobile,iPhone,iPhone,iPhone 16 Pro,,1 TB,,,,3465
U Mobile,iPhone,iPhone,iPhone 16 Pro,,256 GB,,,,2700
U Mobile,iPhone,iPhone,iPhone 16 Pro,,512 GB,,,,3060
U Mobile,iPhone,iPhone,iPhone 16 Pro Max,,1 TB,,,,3820
U Mobile,iPhone,iPhone,iPhone 16 Pro Max,,256 GB,,,,3135
U Mobile,iPhone,iPhone,iPhone 16 Pro Max,,512 GB,,,,3460
U Mobile,iPhone,iPhone,iPhone 16e,,128 GB,,,,1250
U Mobile,iPhone,iPhone,iPhone 16e,,256 GB,,,,1440
U Mobile,iPhone,iPhone,iPhone 16e,,512 GB,,,,1870
U Mobile,iPhone,iPhone,iPhone 17,,256 GB,,,,2200
U Mobile,iPhone,iPhone,iPhone 17,,512 GB,,,,2750
U Mobile,iPhone,iPhone,iPhone 17 Pro,,1 TB,,,,4125
U Mobile,iPhone,iPhone,iPhone 17 Pro,,256 GB,,,,3025
U Mobile,iPhone,iPhone,iPhone 17 Pro,,512 GB,,,,3575
U Mobile,iPhone,iPhone,iPhone 17 Pro Max,,1 TB,,,,4400
U Mobile,iPhone,iPhone,iPhone 17 Pro Max,,256 GB,,,,3300
U Mobile,iPhone,iPhone,iPhone 17 Pro Max,,2 TB,,,,5500
U Mobile,iPhone,iPhone,iPhone 17 Pro Max,,512 GB,,,,3850
U Mobile,iPhone,iPhone,iPhone 17e,,256 GB,,,,1095
U Mobile,iPhone,iPhone,iPhone 17e,,512 GB,,,,1440
U Mobile,iPhone,iPhone,iPhone 8,,128 GB,,,,145
U Mobile,iPhone,iPhone,iPhone 8,,256 GB,,,,185
U Mobile,iPhone,iPhone,iPhone 8,,64 GB,,,,140
U Mobile,iPhone,iPhone,iPhone 8 Plus,,128 GB,,,,225
U Mobile,iPhone,iPhone,iPhone 8 Plus,,256 GB,,,,260
U Mobile,iPhone,iPhone,iPhone 8 Plus,,64 GB,,,,190
U Mobile,iPhone,iPhone,iPhone SE (2020),,128 GB,,,,210
U Mobile,iPhone,iPhone,iPhone SE (2020),,256 GB,,,,245
U Mobile,iPhone,iPhone,iPhone SE (2020),,64 GB,,,,160
U Mobile,iPhone,iPhone,iPhone SE (2022),,128 GB,,,,350
U Mobile,iPhone,iPhone,iPhone SE (2022),,256 GB,,,,380
U Mobile,iPhone,iPhone,iPhone SE (2022),,64 GB,,,,300
U Mobile,iPhone,iPhone,iPhone X,,256 GB,,,,130
U Mobile,iPhone,iPhone,iPhone X,,64 GB,,,,185
U Mobile,iPhone,iPhone,iPhone XR,,128 GB,,,,220
U Mobile,iPhone,iPhone,iPhone XR,,256 GB,,,,270
U Mobile,iPhone,iPhone,iPhone XR,,64 GB,,,,155
U Mobile,iPhone,iPhone,iPhone XS,,256 GB,,,,255
U Mobile,iPhone,iPhone,iPhone XS,,512 GB,,,,305
U Mobile,iPhone,iPhone,iPhone XS,,64 GB,,,,205
U Mobile,iPhone,iPhone,iPhone XS Max,,256 GB,,,,365
U Mobile,iPhone,iPhone,iPhone XS Max,,512 GB,,,,390
U Mobile,iPhone,iPhone,iPhone XS Max,,64 GB,,,,285
CompAsia,iPad,iPad,iPad 10,,256 GB,,Wi-Fi,,800
CompAsia,iPad,iPad,iPad 10,,64 GB,,Wi-Fi,,600
CompAsia,iPad,iPad,iPad 10,,256 GB,,Wi-Fi + Cellular,,975
CompAsia,iPad,iPad,iPad 10,,64 GB,,Wi-Fi + Cellular,,750
CompAsia,iPad,iPad,iPad 11,,128 GB,,Wi-Fi,,600
CompAsia,iPad,iPad,iPad 11,,256 GB,,Wi-Fi,,775
CompAsia,iPad,iPad,iPad 11,,512 GB,,Wi-Fi,,1075
CompAsia,iPad,iPad,iPad 11,,128 GB,,Wi-Fi + Cellular,,800
CompAsia,iPad,iPad,iPad 11,,256 GB,,Wi-Fi + Cellular,,1000
CompAsia,iPad,iPad,iPad 11,,512 GB,,Wi-Fi + Cellular,,1325
CompAsia,iPad,iPad,iPad 7,,128 GB,,Wi-Fi,,225
CompAsia,iPad,iPad,iPad 7,,32 GB,,Wi-Fi,,125
CompAsia,iPad,iPad,iPad 7,,128 GB,,Wi-Fi + Cellular,,325
CompAsia,iPad,iPad,iPad 7,,32 GB,,Wi-Fi + Cellular,,150
CompAsia,iPad,iPad,iPad 8,,128 GB,,Wi-Fi,,300
CompAsia,iPad,iPad,iPad 8,,32 GB,,Wi-Fi,,225
CompAsia,iPad,iPad,iPad 8,,128 GB,,Wi-Fi + Cellular,,400
CompAsia,iPad,iPad,iPad 8,,32 GB,,Wi-Fi + Cellular,,300
CompAsia,iPad,iPad,iPad 9,,256 GB,,Wi-Fi,,525
CompAsia,iPad,iPad,iPad 9,,64 GB,,Wi-Fi,,350
CompAsia,iPad,iPad,iPad 9,,256 GB,,Wi-Fi + Cellular,,650
CompAsia,iPad,iPad,iPad 9,,64 GB,,Wi-Fi + Cellular,,525
CompAsia,iPad,iPad Air,iPad Air 7 11-inch M3 (2025),,128 GB,,Wi-Fi,,1225
CompAsia,iPad,iPad Air,iPad Air 7 11-inch M3 (2025),,1 TB,,Wi-Fi,,2175
CompAsia,iPad,iPad Air,iPad Air 7 11-inch M3 (2025),,256 GB,,Wi-Fi,,1425
CompAsia,iPad,iPad Air,iPad Air 7 11-inch M3 (2025),,512 GB,,Wi-Fi,,1825
CompAsia,iPad,iPad Air,iPad Air 7 11-inch M3 (2025),,128 GB,,Wi-Fi + Cellular,,1600
CompAsia,iPad,iPad Air,iPad Air 7 11-inch M3 (2025),,1 TB,,Wi-Fi + Cellular,,2575
CompAsia,iPad,iPad Air,iPad Air 7 11-inch M3 (2025),,256 GB,,Wi-Fi + Cellular,,1825
CompAsia,iPad,iPad Air,iPad Air 7 11-inch M3 (2025),,512 GB,,Wi-Fi + Cellular,,2200
CompAsia,iPad,iPad Air,iPad Air 7 13-inch M3 (2025),,128 GB,,Wi-Fi,,1600
CompAsia,iPad,iPad Air,iPad Air 7 13-inch M3 (2025),,1 TB,,Wi-Fi,,2400
CompAsia,iPad,iPad Air,iPad Air 7 13-inch M3 (2025),,256 GB,,Wi-Fi,,1800
CompAsia,iPad,iPad Air,iPad Air 7 13-inch M3 (2025),,512 GB,,Wi-Fi,,2050
CompAsia,iPad,iPad Air,iPad Air 7 13-inch M3 (2025),,128 GB,,Wi-Fi + Cellular,,1875
CompAsia,iPad,iPad Air,iPad Air 7 13-inch M3 (2025),,1 TB,,Wi-Fi + Cellular,,2700
CompAsia,iPad,iPad Air,iPad Air 7 13-inch M3 (2025),,256 GB,,Wi-Fi + Cellular,,2100
CompAsia,iPad,iPad Air,iPad Air 7 13-inch M3 (2025),,512 GB,,Wi-Fi + Cellular,,2400
CompAsia,iPad,iPad Air,iPad Air 6 13-inch M2 (2024),,128 GB,,Wi-Fi,,1250
CompAsia,iPad,iPad Air,iPad Air 6 13-inch M2 (2024),,1 TB,,Wi-Fi,,2075
CompAsia,iPad,iPad Air,iPad Air 6 13-inch M2 (2024),,256 GB,,Wi-Fi,,1425
CompAsia,iPad,iPad Air,iPad Air 6 13-inch M2 (2024),,512 GB,,Wi-Fi,,1750
CompAsia,iPad,iPad Air,iPad Air 6 13-inch M2 (2024),,128 GB,,Wi-Fi + Cellular,,1525
CompAsia,iPad,iPad Air,iPad Air 6 13-inch M2 (2024),,1 TB,,Wi-Fi + Cellular,,2300
CompAsia,iPad,iPad Air,iPad Air 6 13-inch M2 (2024),,256 GB,,Wi-Fi + Cellular,,1725
CompAsia,iPad,iPad Air,iPad Air 6 13-inch M2 (2024),,512 GB,,Wi-Fi + Cellular,,2075
CompAsia,iPad,iPad Air,iPad Air 4 10.9-inch A14 (2020),,256 GB,,Wi-Fi,,725
CompAsia,iPad,iPad Air,iPad Air 4 10.9-inch A14 (2020),,64 GB,,Wi-Fi,,550
CompAsia,iPad,iPad Air,iPad Air 4 10.9-inch A14 (2020),,256 GB,,Wi-Fi + Cellular,,845
CompAsia,iPad,iPad Air,iPad Air 4 10.9-inch A14 (2020),,64 GB,,Wi-Fi + Cellular,,720
CompAsia,iPad,iPad Air,iPad Air 5 10.9-inch M1 (2022),,256 GB,,Wi-Fi,,975
CompAsia,iPad,iPad Air,iPad Air 5 10.9-inch M1 (2022),,64 GB,,Wi-Fi,,835
CompAsia,iPad,iPad Air,iPad Air 5 10.9-inch M1 (2022),,256 GB,,Wi-Fi + Cellular,,1075
CompAsia,iPad,iPad Air,iPad Air 5 10.9-inch M1 (2022),,64 GB,,Wi-Fi + Cellular,,975
CompAsia,iPad,iPad Air,iPad Air 6 11-inch M2 (2024),,128 GB,,Wi-Fi,,1150
CompAsia,iPad,iPad Air,iPad Air 6 11-inch M2 (2024),,1 TB,,Wi-Fi,,1900
CompAsia,iPad,iPad Air,iPad Air 6 11-inch M2 (2024),,256 GB,,Wi-Fi,,1375
CompAsia,iPad,iPad Air,iPad Air 6 11-inch M2 (2024),,512 GB,,Wi-Fi,,1575
CompAsia,iPad,iPad Air,iPad Air 6 11-inch M2 (2024),,128 GB,,Wi-Fi + Cellular,,1350
CompAsia,iPad,iPad Air,iPad Air 6 11-inch M2 (2024),,1 TB,,Wi-Fi + Cellular,,2050
CompAsia,iPad,iPad Air,iPad Air 6 11-inch M2 (2024),,256 GB,,Wi-Fi + Cellular,,1475
CompAsia,iPad,iPad Air,iPad Air 6 11-inch M2 (2024),,512 GB,,Wi-Fi + Cellular,,1800
CompAsia,iPad,iPad mini,iPad Mini 6,,256 GB,,Wi-Fi,,775
CompAsia,iPad,iPad mini,iPad Mini 6,,64 GB,,Wi-Fi,,585
CompAsia,iPad,iPad mini,iPad Mini 6,,256 GB,,Wi-Fi + Cellular,,925
CompAsia,iPad,iPad mini,iPad Mini 6,,64 GB,,Wi-Fi + Cellular,,775
CompAsia,iPad,iPad mini,iPad Mini 7,,128 GB,,Wi-Fi,,850
CompAsia,iPad,iPad mini,iPad Mini 7,,256 GB,,Wi-Fi,,1010
CompAsia,iPad,iPad mini,iPad Mini 7,,512 GB,,Wi-Fi,,1375
CompAsia,iPad,iPad mini,iPad Mini 7,,128 GB,,Wi-Fi + Cellular,,1050
CompAsia,iPad,iPad mini,iPad Mini 7,,256 GB,,Wi-Fi + Cellular,,1275
CompAsia,iPad,iPad mini,iPad Mini 7,,512 GB,,Wi-Fi + Cellular,,1475
CompAsia,iPad,iPad Pro,iPad Pro 11-inch A12Z (2020),,128 GB,,Wi-Fi,,700
CompAsia,iPad,iPad Pro,iPad Pro 11-inch A12Z (2020),,1 TB,,Wi-Fi,,950
CompAsia,iPad,iPad Pro,iPad Pro 11-inch A12Z (2020),,256 GB,,Wi-Fi,,775
CompAsia,iPad,iPad Pro,iPad Pro 11-inch A12Z (2020),,512 GB,,Wi-Fi,,900
CompAsia,iPad,iPad Pro,iPad Pro 11-inch A12Z (2020),,128 GB,,Wi-Fi + Cellular,,775
CompAsia,iPad,iPad Pro,iPad Pro 11-inch A12Z (2020),,1 TB,,Wi-Fi + Cellular,,1075
CompAsia,iPad,iPad Pro,iPad Pro 11-inch A12Z (2020),,256 GB,,Wi-Fi + Cellular,,875
CompAsia,iPad,iPad Pro,iPad Pro 11-inch A12Z (2020),,512 GB,,Wi-Fi + Cellular,,1050
CompAsia,iPad,iPad Pro,iPad Pro 11-inch M1 (2021),,1 TB,,Wi-Fi,,1325
CompAsia,iPad,iPad Pro,iPad Pro 11-inch M1 (2021),,2 TB,,Wi-Fi,,1525
CompAsia,iPad,iPad Pro,iPad Pro 11-inch M1 (2021),,128 GB,,Wi-Fi,,975
CompAsia,iPad,iPad Pro,iPad Pro 11-inch M1 (2021),,256 GB,,Wi-Fi,,1150
CompAsia,iPad,iPad Pro,iPad Pro 11-inch M1 (2021),,512 GB,,Wi-Fi,,1275
CompAsia,iPad,iPad Pro,iPad Pro 11-inch M1 (2021),,1 TB,,Wi-Fi + Cellular,,1525
CompAsia,iPad,iPad Pro,iPad Pro 11-inch M1 (2021),,2 TB,,Wi-Fi + Cellular,,1700
CompAsia,iPad,iPad Pro,iPad Pro 11-inch M1 (2021),,128 GB,,Wi-Fi + Cellular,,1075
CompAsia,iPad,iPad Pro,iPad Pro 11-inch M1 (2021),,256 GB,,Wi-Fi + Cellular,,1275
CompAsia,iPad,iPad Pro,iPad Pro 11-inch M1 (2021),,512 GB,,Wi-Fi + Cellular,,1425
CompAsia,iPad,iPad Pro,iPad Pro 11-inch M2 (2022),,1 TB,,Wi-Fi,,1650
CompAsia,iPad,iPad Pro,iPad Pro 11-inch M2 (2022),,2 TB,,Wi-Fi,,1900
CompAsia,iPad,iPad Pro,iPad Pro 11-inch M2 (2022),,128 GB,,Wi-Fi,,1175
CompAsia,iPad,iPad Pro,iPad Pro 11-inch M2 (2022),,256 GB,,Wi-Fi,,1325
CompAsia,iPad,iPad Pro,iPad Pro 11-inch M2 (2022),,512 GB,,Wi-Fi,,1525
CompAsia,iPad,iPad Pro,iPad Pro 11-inch M2 (2022),,1 TB,,Wi-Fi + Cellular,,1750
CompAsia,iPad,iPad Pro,iPad Pro 11-inch M2 (2022),,2 TB,,Wi-Fi + Cellular,,2025
CompAsia,iPad,iPad Pro,iPad Pro 11-inch M2 (2022),,128 GB,,Wi-Fi + Cellular,,1350
CompAsia,iPad,iPad Pro,iPad Pro 11-inch M2 (2022),,256 GB,,Wi-Fi + Cellular,,1475
CompAsia,iPad,iPad Pro,iPad Pro 11-inch M2 (2022),,512 GB,,Wi-Fi + Cellular,,1650
CompAsia,iPad,iPad Pro,iPad Pro 11-inch M4 (2024),,1 TB,,Wi-Fi,,2625
CompAsia,iPad,iPad Pro,iPad Pro 11-inch M4 (2024),,2 TB,,Wi-Fi,,3150
CompAsia,iPad,iPad Pro,iPad Pro 11-inch M4 (2024),,256 GB,,Wi-Fi,,1750
CompAsia,iPad,iPad Pro,iPad Pro 11-inch M4 (2024),,512 GB,,Wi-Fi,,2125
CompAsia,iPad,iPad Pro,iPad Pro 11-inch M4 (2024),,1 TB,,Wi-Fi + Cellular,,2900
CompAsia,iPad,iPad Pro,iPad Pro 11-inch M4 (2024),,2 TB,,Wi-Fi + Cellular,,3450
CompAsia,iPad,iPad Pro,iPad Pro 11-inch M4 (2024),,256 GB,,Wi-Fi + Cellular,,2050
CompAsia,iPad,iPad Pro,iPad Pro 11-inch M4 (2024),,512 GB,,Wi-Fi + Cellular,,2375
CompAsia,iPad,iPad Pro,iPad Pro 11-inch M5 (2025),,256 GB,,Wi-Fi,,2550
CompAsia,iPad,iPad Pro,iPad Pro 11-inch M5 (2025),,512 GB,,Wi-Fi,,3100
CompAsia,iPad,iPad Pro,iPad Pro 11-inch M5 (2025),,1 TB,,Wi-Fi,,3950
CompAsia,iPad,iPad Pro,iPad Pro 11-inch M5 (2025),,2 TB,,Wi-Fi,,4950
CompAsia,iPad,iPad Pro,iPad Pro 11-inch M5 (2025),,256 GB,,Wi-Fi + Cellular,,3100
CompAsia,iPad,iPad Pro,iPad Pro 11-inch M5 (2025),,512 GB,,Wi-Fi + Cellular,,3575
CompAsia,iPad,iPad Pro,iPad Pro 11-inch M5 (2025),,1 TB,,Wi-Fi + Cellular,,4425
CompAsia,iPad,iPad Pro,iPad Pro 11-inch M5 (2025),,2 TB,,Wi-Fi + Cellular,,5425
CompAsia,iPad,iPad Pro,iPad Pro 12.9-inch M2 (2022),,1 TB,,Wi-Fi,,1825
CompAsia,iPad,iPad Pro,iPad Pro 12.9-inch M2 (2022),,2 TB,,Wi-Fi,,2025
CompAsia,iPad,iPad Pro,iPad Pro 12.9-inch M2 (2022),,128 GB,,Wi-Fi,,1400
CompAsia,iPad,iPad Pro,iPad Pro 12.9-inch M2 (2022),,256 GB,,Wi-Fi,,1500
CompAsia,iPad,iPad Pro,iPad Pro 12.9-inch M2 (2022),,512 GB,,Wi-Fi,,1625
CompAsia,iPad,iPad Pro,iPad Pro 12.9-inch M2 (2022),,1 TB,,Wi-Fi + Cellular,,1875
CompAsia,iPad,iPad Pro,iPad Pro 12.9-inch M2 (2022),,2 TB,,Wi-Fi + Cellular,,2075
CompAsia,iPad,iPad Pro,iPad Pro 12.9-inch M2 (2022),,128 GB,,Wi-Fi + Cellular,,1525
CompAsia,iPad,iPad Pro,iPad Pro 12.9-inch M2 (2022),,256 GB,,Wi-Fi + Cellular,,1650
CompAsia,iPad,iPad Pro,iPad Pro 12.9-inch M2 (2022),,512 GB,,Wi-Fi + Cellular,,1800
CompAsia,iPad,iPad Pro,iPad Pro 13-inch M4 (2024),,1 TB,,Wi-Fi,,3175
CompAsia,iPad,iPad Pro,iPad Pro 13-inch M4 (2024),,2 TB,,Wi-Fi,,3725
CompAsia,iPad,iPad Pro,iPad Pro 13-inch M4 (2024),,256 GB,,Wi-Fi,,2175
CompAsia,iPad,iPad Pro,iPad Pro 13-inch M4 (2024),,512 GB,,Wi-Fi,,2600
CompAsia,iPad,iPad Pro,iPad Pro 13-inch M4 (2024),,1 TB,,Wi-Fi + Cellular,,3550
CompAsia,iPad,iPad Pro,iPad Pro 13-inch M4 (2024),,2 TB,,Wi-Fi + Cellular,,4100
CompAsia,iPad,iPad Pro,iPad Pro 13-inch M4 (2024),,256 GB,,Wi-Fi + Cellular,,2575
CompAsia,iPad,iPad Pro,iPad Pro 13-inch M4 (2024),,512 GB,,Wi-Fi + Cellular,,2950
CompAsia,iPad,iPad Pro,iPad Pro 13-inch M5 (2025),,256 GB,,Wi-Fi,,3275
CompAsia,iPad,iPad Pro,iPad Pro 13-inch M5 (2025),,512 GB,,Wi-Fi,,3800
CompAsia,iPad,iPad Pro,iPad Pro 13-inch M5 (2025),,1 TB,,Wi-Fi,,4825
CompAsia,iPad,iPad Pro,iPad Pro 13-inch M5 (2025),,2 TB,,Wi-Fi,,5825
CompAsia,iPad,iPad Pro,iPad Pro 13-inch M5 (2025),,256 GB,,Wi-Fi + Cellular,,3800
CompAsia,iPad,iPad Pro,iPad Pro 13-inch M5 (2025),,512 GB,,Wi-Fi + Cellular,,4300
CompAsia,iPad,iPad Pro,iPad Pro 13-inch M5 (2025),,1 TB,,Wi-Fi + Cellular,,5325
CompAsia,iPad,iPad Pro,iPad Pro 13-inch M5 (2025),,2 TB,,Wi-Fi + Cellular,,6325
CompAsia,iPad,iPad Pro,iPad Pro 12.9-inch A12Z (2020),,128 GB,,Wi-Fi,,900
CompAsia,iPad,iPad Pro,iPad Pro 12.9-inch A12Z (2020),,1 TB,,Wi-Fi,,1275
CompAsia,iPad,iPad Pro,iPad Pro 12.9-inch A12Z (2020),,256 GB,,Wi-Fi,,1050
CompAsia,iPad,iPad Pro,iPad Pro 12.9-inch A12Z (2020),,512 GB,,Wi-Fi,,1175
CompAsia,iPad,iPad Pro,iPad Pro 12.9-inch A12Z (2020),,128 GB,,Wi-Fi + Cellular,,1050
CompAsia,iPad,iPad Pro,iPad Pro 12.9-inch A12Z (2020),,1 TB,,Wi-Fi + Cellular,,1400
CompAsia,iPad,iPad Pro,iPad Pro 12.9-inch A12Z (2020),,256 GB,,Wi-Fi + Cellular,,1175
CompAsia,iPad,iPad Pro,iPad Pro 12.9-inch A12Z (2020),,512 GB,,Wi-Fi + Cellular,,1325
CompAsia,iPad,iPad Pro,iPad Pro 12.9-inch M1 (2021),,1 TB,,Wi-Fi,,1475
CompAsia,iPad,iPad Pro,iPad Pro 12.9-inch M1 (2021),,2 TB,,Wi-Fi,,1700
CompAsia,iPad,iPad Pro,iPad Pro 12.9-inch M1 (2021),,128 GB,,Wi-Fi,,1150
CompAsia,iPad,iPad Pro,iPad Pro 12.9-inch M1 (2021),,256 GB,,Wi-Fi,,1250
CompAsia,iPad,iPad Pro,iPad Pro 12.9-inch M1 (2021),,512 GB,,Wi-Fi,,1350
CompAsia,iPad,iPad Pro,iPad Pro 12.9-inch M1 (2021),,1 TB,,Wi-Fi + Cellular,,1625
CompAsia,iPad,iPad Pro,iPad Pro 12.9-inch M1 (2021),,2 TB,,Wi-Fi + Cellular,,1775
CompAsia,iPad,iPad Pro,iPad Pro 12.9-inch M1 (2021),,128 GB,,Wi-Fi + Cellular,,1225
CompAsia,iPad,iPad Pro,iPad Pro 12.9-inch M1 (2021),,256 GB,,Wi-Fi + Cellular,,1325
CompAsia,iPad,iPad Pro,iPad Pro 12.9-inch M1 (2021),,512 GB,,Wi-Fi + Cellular,,1475
iTworld,iPad,iPad,iPad 10,,64 GB,,Wi-Fi + Cellular,,690
iTworld,iPad,iPad,iPad 10,,256 GB,,Wi-Fi + Cellular,,800
iTworld,iPad,iPad,iPad 10,,64 GB,,Wi-Fi,,610
iTworld,iPad,iPad,iPad 10,,256 GB,,Wi-Fi,,690
iTworld,iPad,iPad,iPad 11,,128 GB,,Wi-Fi + Cellular,,840
iTworld,iPad,iPad,iPad 11,,256 GB,,Wi-Fi + Cellular,,1040
iTworld,iPad,iPad,iPad 11,,512 GB,,Wi-Fi + Cellular,,1370
iTworld,iPad,iPad,iPad 11,,128 GB,,Wi-Fi,,640
iTworld,iPad,iPad,iPad 11,,256 GB,,Wi-Fi,,820
iTworld,iPad,iPad,iPad 11,,512 GB,,Wi-Fi,,1110
iTworld,iPad,iPad,iPad 4,,16 GB,,Wi-Fi + Cellular,,60
iTworld,iPad,iPad,iPad 4,,16 GB,,Wi-Fi,,50
iTworld,iPad,iPad,iPad 4,,32 GB,,Wi-Fi + Cellular,,60
iTworld,iPad,iPad,iPad 4,,32 GB,,Wi-Fi,,50
iTworld,iPad,iPad,iPad 4,,64 GB,,Wi-Fi + Cellular,,60
iTworld,iPad,iPad,iPad 4,,64 GB,,Wi-Fi,,50
iTworld,iPad,iPad,iPad 4,,128 GB,,Wi-Fi + Cellular,,60
iTworld,iPad,iPad,iPad 4,,128 GB,,Wi-Fi,,50
iTworld,iPad,iPad,iPad 5,,32 GB,,Wi-Fi + Cellular,,100
iTworld,iPad,iPad,iPad 5,,32 GB,,Wi-Fi,,80
iTworld,iPad,iPad,iPad 5,,128 GB,,Wi-Fi + Cellular,,130
iTworld,iPad,iPad,iPad 5,,128 GB,,Wi-Fi,,100
iTworld,iPad,iPad,iPad 6,,32 GB,,Wi-Fi + Cellular,,130
iTworld,iPad,iPad,iPad 6,,32 GB,,Wi-Fi,,100
iTworld,iPad,iPad,iPad 6,,128 GB,,Wi-Fi + Cellular,,170
iTworld,iPad,iPad,iPad 6,,128 GB,,Wi-Fi,,130
iTworld,iPad,iPad,iPad 7,,32 GB,,Wi-Fi + Cellular,,170
iTworld,iPad,iPad,iPad 7,,32 GB,,Wi-Fi,,150
iTworld,iPad,iPad,iPad 7,,128 GB,,Wi-Fi + Cellular,,340
iTworld,iPad,iPad,iPad 7,,128 GB,,Wi-Fi,,240
iTworld,iPad,iPad,iPad 8,,32 GB,,Wi-Fi + Cellular,,310
iTworld,iPad,iPad,iPad 8,,32 GB,,Wi-Fi,,200
iTworld,iPad,iPad,iPad 8,,128 GB,,Wi-Fi + Cellular,,360
iTworld,iPad,iPad,iPad 8,,128 GB,,Wi-Fi,,260
iTworld,iPad,iPad,iPad 9,,64 GB,,Wi-Fi + Cellular,,350
iTworld,iPad,iPad,iPad 9,,64 GB,,Wi-Fi,,300
iTworld,iPad,iPad,iPad 9,,256 GB,,Wi-Fi + Cellular,,450
iTworld,iPad,iPad,iPad 9,,256 GB,,Wi-Fi,,400
iTworld,iPad,iPad Air,iPad Air 1 9.7-inch A7 (2013),,16 GB,,Wi-Fi + Cellular,,60
iTworld,iPad,iPad Air,iPad Air 1 9.7-inch A7 (2013),,16 GB,,Wi-Fi,,40
iTworld,iPad,iPad Air,iPad Air 1 9.7-inch A7 (2013),,32 GB,,Wi-Fi + Cellular,,80
iTworld,iPad,iPad Air,iPad Air 1 9.7-inch A7 (2013),,32 GB,,Wi-Fi,,60
iTworld,iPad,iPad Air,iPad Air 1 9.7-inch A7 (2013),,64 GB,,Wi-Fi + Cellular,,90
iTworld,iPad,iPad Air,iPad Air 1 9.7-inch A7 (2013),,64 GB,,Wi-Fi,,70
iTworld,iPad,iPad Air,iPad Air 1 9.7-inch A7 (2013),,128 GB,,Wi-Fi + Cellular,,100
iTworld,iPad,iPad Air,iPad Air 1 9.7-inch A7 (2013),,128 GB,,Wi-Fi,,80
iTworld,iPad,iPad Air,iPad Air 2 9.7-inch A8X (2014),,16 GB,,Wi-Fi + Cellular,,100
iTworld,iPad,iPad Air,iPad Air 2 9.7-inch A8X (2014),,16 GB,,Wi-Fi,,80
iTworld,iPad,iPad Air,iPad Air 2 9.7-inch A8X (2014),,32 GB,,Wi-Fi + Cellular,,120
iTworld,iPad,iPad Air,iPad Air 2 9.7-inch A8X (2014),,32 GB,,Wi-Fi,,90
iTworld,iPad,iPad Air,iPad Air 2 9.7-inch A8X (2014),,64 GB,,Wi-Fi + Cellular,,130
iTworld,iPad,iPad Air,iPad Air 2 9.7-inch A8X (2014),,64 GB,,Wi-Fi,,100
iTworld,iPad,iPad Air,iPad Air 2 9.7-inch A8X (2014),,128 GB,,Wi-Fi + Cellular,,150
iTworld,iPad,iPad Air,iPad Air 2 9.7-inch A8X (2014),,128 GB,,Wi-Fi,,120
iTworld,iPad,iPad Air,iPad Air 3 10.5-inch A12 (2019),,64 GB,,Wi-Fi + Cellular,,350
iTworld,iPad,iPad Air,iPad Air 3 10.5-inch A12 (2019),,64 GB,,Wi-Fi,,250
iTworld,iPad,iPad Air,iPad Air 3 10.5-inch A12 (2019),,256 GB,,Wi-Fi + Cellular,,500
iTworld,iPad,iPad Air,iPad Air 3 10.5-inch A12 (2019),,256 GB,,Wi-Fi,,400
iTworld,iPad,iPad Air,iPad Air 4 10.9-inch A14 (2020),,64 GB,,Wi-Fi + Cellular,,730
iTworld,iPad,iPad Air,iPad Air 4 10.9-inch A14 (2020),,64 GB,,Wi-Fi,,560
iTworld,iPad,iPad Air,iPad Air 4 10.9-inch A14 (2020),,256 GB,,Wi-Fi + Cellular,,850
iTworld,iPad,iPad Air,iPad Air 4 10.9-inch A14 (2020),,256 GB,,Wi-Fi,,700
iTworld,iPad,iPad Air,iPad Air 5 10.9-inch M1 (2022),,64 GB,,Wi-Fi + Cellular,,950
iTworld,iPad,iPad Air,iPad Air 5 10.9-inch M1 (2022),,64 GB,,Wi-Fi,,840
iTworld,iPad,iPad Air,iPad Air 5 10.9-inch M1 (2022),,256 GB,,Wi-Fi + Cellular,,1050
iTworld,iPad,iPad Air,iPad Air 5 10.9-inch M1 (2022),,256 GB,,Wi-Fi,,950
iTworld,iPad,iPad Air,iPad Air 6 11-inch M2 (2024),,128 GB,,Wi-Fi + Cellular,,1400
iTworld,iPad,iPad Air,iPad Air 6 11-inch M2 (2024),,256 GB,,Wi-Fi + Cellular,,1530
iTworld,iPad,iPad Air,iPad Air 6 11-inch M2 (2024),,512 GB,,Wi-Fi + Cellular,,1650
iTworld,iPad,iPad Air,iPad Air 6 11-inch M2 (2024),,1 TB,,Wi-Fi + Cellular,,1850
iTworld,iPad,iPad Air,iPad Air 6 11-inch M2 (2024),,128 GB,,Wi-Fi,,1050
iTworld,iPad,iPad Air,iPad Air 6 11-inch M2 (2024),,256 GB,,Wi-Fi,,1150
iTworld,iPad,iPad Air,iPad Air 6 11-inch M2 (2024),,512 GB,,Wi-Fi,,1300
iTworld,iPad,iPad Air,iPad Air 6 11-inch M2 (2024),,1 TB,,Wi-Fi,,1450
iTworld,iPad,iPad Air,iPad Air 6 13-inch M2 (2024),,128 GB,,Wi-Fi + Cellular,,1580
iTworld,iPad,iPad Air,iPad Air 6 13-inch M2 (2024),,256 GB,,Wi-Fi + Cellular,,1780
iTworld,iPad,iPad Air,iPad Air 6 13-inch M2 (2024),,512 GB,,Wi-Fi + Cellular,,1900
iTworld,iPad,iPad Air,iPad Air 6 13-inch M2 (2024),,1 TB,,Wi-Fi + Cellular,,2100
iTworld,iPad,iPad Air,iPad Air 6 13-inch M2 (2024),,128 GB,,Wi-Fi,,1300
iTworld,iPad,iPad Air,iPad Air 6 13-inch M2 (2024),,256 GB,,Wi-Fi,,1480
iTworld,iPad,iPad Air,iPad Air 6 13-inch M2 (2024),,512 GB,,Wi-Fi,,1700
iTworld,iPad,iPad Air,iPad Air 6 13-inch M2 (2024),,1 TB,,Wi-Fi,,1850
iTworld,iPad,iPad Air,iPad Air 7 11-inch M3 (2025),,128 GB,,Wi-Fi + Cellular,,1660
iTworld,iPad,iPad Air,iPad Air 7 11-inch M3 (2025),,256 GB,,Wi-Fi + Cellular,,1850
iTworld,iPad,iPad Air,iPad Air 7 11-inch M3 (2025),,512 GB,,Wi-Fi + Cellular,,2100
iTworld,iPad,iPad Air,iPad Air 7 11-inch M3 (2025),,1 TB,,Wi-Fi + Cellular,,2350
iTworld,iPad,iPad Air,iPad Air 7 11-inch M3 (2025),,128 GB,,Wi-Fi,,1280
iTworld,iPad,iPad Air,iPad Air 7 11-inch M3 (2025),,256 GB,,Wi-Fi,,1480
iTworld,iPad,iPad Air,iPad Air 7 11-inch M3 (2025),,512 GB,,Wi-Fi,,1700
iTworld,iPad,iPad Air,iPad Air 7 11-inch M3 (2025),,1 TB,,Wi-Fi,,1900
iTworld,iPad,iPad Air,iPad Air 7 13-inch M3 (2025),,128 GB,,Wi-Fi + Cellular,,1930
iTworld,iPad,iPad Air,iPad Air 7 13-inch M3 (2025),,256 GB,,Wi-Fi + Cellular,,2150
iTworld,iPad,iPad Air,iPad Air 7 13-inch M3 (2025),,512 GB,,Wi-Fi + Cellular,,2400
iTworld,iPad,iPad Air,iPad Air 7 13-inch M3 (2025),,1 TB,,Wi-Fi + Cellular,,2700
iTworld,iPad,iPad Air,iPad Air 7 13-inch M3 (2025),,128 GB,,Wi-Fi,,1680
iTworld,iPad,iPad Air,iPad Air 7 13-inch M3 (2025),,256 GB,,Wi-Fi,,1870
iTworld,iPad,iPad Air,iPad Air 7 13-inch M3 (2025),,512 GB,,Wi-Fi,,2100
iTworld,iPad,iPad Air,iPad Air 7 13-inch M3 (2025),,1 TB,,Wi-Fi,,2450
iTworld,iPad,iPad mini,iPad Mini 1,,16 GB,,Wi-Fi + Cellular,,40
iTworld,iPad,iPad mini,iPad Mini 1,,16 GB,,Wi-Fi,,40
iTworld,iPad,iPad mini,iPad Mini 1,,32 GB,,Wi-Fi + Cellular,,40
iTworld,iPad,iPad mini,iPad Mini 1,,32 GB,,Wi-Fi,,40
iTworld,iPad,iPad mini,iPad Mini 1,,64 GB,,Wi-Fi + Cellular,,40
iTworld,iPad,iPad mini,iPad Mini 1,,64 GB,,Wi-Fi,,40
iTworld,iPad,iPad mini,iPad Mini 2,,16 GB,,Wi-Fi + Cellular,,60
iTworld,iPad,iPad mini,iPad Mini 2,,16 GB,,Wi-Fi,,40
iTworld,iPad,iPad mini,iPad Mini 2,,32 GB,,Wi-Fi + Cellular,,60
iTworld,iPad,iPad mini,iPad Mini 2,,32 GB,,Wi-Fi,,40
iTworld,iPad,iPad mini,iPad Mini 2,,64 GB,,Wi-Fi + Cellular,,60
iTworld,iPad,iPad mini,iPad Mini 2,,64 GB,,Wi-Fi,,40
iTworld,iPad,iPad mini,iPad Mini 2,,128 GB,,Wi-Fi + Cellular,,60
iTworld,iPad,iPad mini,iPad Mini 2,,128 GB,,Wi-Fi,,40
iTworld,iPad,iPad mini,iPad Mini 3,,16 GB,,Wi-Fi + Cellular,,90
iTworld,iPad,iPad mini,iPad Mini 3,,16 GB,,Wi-Fi,,80
iTworld,iPad,iPad mini,iPad Mini 3,,64 GB,,Wi-Fi + Cellular,,120
iTworld,iPad,iPad mini,iPad Mini 3,,64 GB,,Wi-Fi,,100
iTworld,iPad,iPad mini,iPad Mini 3,,128 GB,,Wi-Fi + Cellular,,150
iTworld,iPad,iPad mini,iPad Mini 3,,128 GB,,Wi-Fi,,130
iTworld,iPad,iPad mini,iPad Mini 4,,16 GB,,Wi-Fi + Cellular,,120
iTworld,iPad,iPad mini,iPad Mini 4,,16 GB,,Wi-Fi,,100
iTworld,iPad,iPad mini,iPad Mini 4,,32 GB,,Wi-Fi + Cellular,,170
iTworld,iPad,iPad mini,iPad Mini 4,,32 GB,,Wi-Fi,,140
iTworld,iPad,iPad mini,iPad Mini 4,,64 GB,,Wi-Fi + Cellular,,200
iTworld,iPad,iPad mini,iPad Mini 4,,64 GB,,Wi-Fi,,170
iTworld,iPad,iPad mini,iPad Mini 4,,128 GB,,Wi-Fi + Cellular,,250
iTworld,iPad,iPad mini,iPad Mini 4,,128 GB,,Wi-Fi,,200
iTworld,iPad,iPad mini,iPad Mini 5,,64 GB,,Wi-Fi + Cellular,,350
iTworld,iPad,iPad mini,iPad Mini 5,,64 GB,,Wi-Fi,,300
iTworld,iPad,iPad mini,iPad Mini 5,,256 GB,,Wi-Fi + Cellular,,400
iTworld,iPad,iPad mini,iPad Mini 5,,256 GB,,Wi-Fi,,350
iTworld,iPad,iPad mini,iPad Mini 6,,64 GB,,Wi-Fi + Cellular,,800
iTworld,iPad,iPad mini,iPad Mini 6,,64 GB,,Wi-Fi,,590
iTworld,iPad,iPad mini,iPad Mini 6,,256 GB,,Wi-Fi + Cellular,,900
iTworld,iPad,iPad mini,iPad Mini 6,,256 GB,,Wi-Fi,,700
iTworld,iPad,iPad mini,iPad Mini 7,,128 GB,,Wi-Fi + Cellular,,1070
iTworld,iPad,iPad mini,iPad Mini 7,,256 GB,,Wi-Fi + Cellular,,1290
iTworld,iPad,iPad mini,iPad Mini 7,,512 GB,,Wi-Fi + Cellular,,1520
iTworld,iPad,iPad mini,iPad Mini 7,,128 GB,,Wi-Fi,,890
iTworld,iPad,iPad mini,iPad Mini 7,,256 GB,,Wi-Fi,,1010
iTworld,iPad,iPad mini,iPad Mini 7,,512 GB,,Wi-Fi,,1350
iTworld,iPad,iPad Pro,iPad Pro 10.5-inch A10X (2017),,64 GB,,Wi-Fi + Cellular,,200
iTworld,iPad,iPad Pro,iPad Pro 10.5-inch A10X (2017),,64 GB,,Wi-Fi,,150
iTworld,iPad,iPad Pro,iPad Pro 10.5-inch A10X (2017),,256 GB,,Wi-Fi + Cellular,,300
iTworld,iPad,iPad Pro,iPad Pro 10.5-inch A10X (2017),,256 GB,,Wi-Fi,,250
iTworld,iPad,iPad Pro,iPad Pro 10.5-inch A10X (2017),,512 GB,,Wi-Fi + Cellular,,350
iTworld,iPad,iPad Pro,iPad Pro 10.5-inch A10X (2017),,512 GB,,Wi-Fi,,300
iTworld,iPad,iPad Pro,iPad Pro 11-inch A12Z (2020),,128 GB,,Wi-Fi + Cellular,,830
iTworld,iPad,iPad Pro,iPad Pro 11-inch A12Z (2020),,128 GB,,Wi-Fi,,750
iTworld,iPad,iPad Pro,iPad Pro 11-inch A12Z (2020),,256 GB,,Wi-Fi + Cellular,,930
iTworld,iPad,iPad Pro,iPad Pro 11-inch A12Z (2020),,256 GB,,Wi-Fi,,830
iTworld,iPad,iPad Pro,iPad Pro 11-inch A12Z (2020),,512 GB,,Wi-Fi + Cellular,,1100
iTworld,iPad,iPad Pro,iPad Pro 11-inch A12Z (2020),,512 GB,,Wi-Fi,,950
iTworld,iPad,iPad Pro,iPad Pro 11-inch A12Z (2020),,1 TB,,Wi-Fi + Cellular,,1130
iTworld,iPad,iPad Pro,iPad Pro 11-inch A12Z (2020),,1 TB,,Wi-Fi,,1000
iTworld,iPad,iPad Pro,iPad Pro 11-inch M1 (2021),,128 GB,,Wi-Fi + Cellular,,1130
iTworld,iPad,iPad Pro,iPad Pro 11-inch M1 (2021),,128 GB,,Wi-Fi,,1030
iTworld,iPad,iPad Pro,iPad Pro 11-inch M1 (2021),,256 GB,,Wi-Fi + Cellular,,1320
iTworld,iPad,iPad Pro,iPad Pro 11-inch M1 (2021),,256 GB,,Wi-Fi,,1200
iTworld,iPad,iPad Pro,iPad Pro 11-inch M1 (2021),,512 GB,,Wi-Fi + Cellular,,1480
iTworld,iPad,iPad Pro,iPad Pro 11-inch M1 (2021),,512 GB,,Wi-Fi,,1330
iTworld,iPad,iPad Pro,iPad Pro 11-inch M1 (2021),,1 TB,,Wi-Fi + Cellular,,1560
iTworld,iPad,iPad Pro,iPad Pro 11-inch M1 (2021),,1 TB,,Wi-Fi,,1370
iTworld,iPad,iPad Pro,iPad Pro 11-inch M1 (2021),,2 TB,,Wi-Fi + Cellular,,1750
iTworld,iPad,iPad Pro,iPad Pro 11-inch M1 (2021),,2 TB,,Wi-Fi,,1560
iTworld,iPad,iPad Pro,iPad Pro 11-inch M2 (2022),,128 GB,,Wi-Fi + Cellular,,1400
iTworld,iPad,iPad Pro,iPad Pro 11-inch M2 (2022),,128 GB,,Wi-Fi,,1230
iTworld,iPad,iPad Pro,iPad Pro 11-inch M2 (2022),,256 GB,,Wi-Fi + Cellular,,1530
iTworld,iPad,iPad Pro,iPad Pro 11-inch M2 (2022),,256 GB,,Wi-Fi,,1380
iTworld,iPad,iPad Pro,iPad Pro 11-inch M2 (2022),,512 GB,,Wi-Fi + Cellular,,1650
iTworld,iPad,iPad Pro,iPad Pro 11-inch M2 (2022),,512 GB,,Wi-Fi,,1500
iTworld,iPad,iPad Pro,iPad Pro 11-inch M2 (2022),,1 TB,,Wi-Fi + Cellular,,1750
iTworld,iPad,iPad Pro,iPad Pro 11-inch M2 (2022),,1 TB,,Wi-Fi,,1600
iTworld,iPad,iPad Pro,iPad Pro 11-inch M2 (2022),,2 TB,,Wi-Fi + Cellular,,1950
iTworld,iPad,iPad Pro,iPad Pro 11-inch M2 (2022),,2 TB,,Wi-Fi,,1800
iTworld,iPad,iPad Pro,iPad Pro 11-inch M4 (2024) Nano Glass,,1 TB,,Wi-Fi + Cellular,,3000
iTworld,iPad,iPad Pro,iPad Pro 11-inch M4 (2024) Nano Glass,,2 TB,,Wi-Fi + Cellular,,3550
iTworld,iPad,iPad Pro,iPad Pro 11-inch M4 (2024) Standard Glass,,256 GB,,Wi-Fi + Cellular,,2100
iTworld,iPad,iPad Pro,iPad Pro 11-inch M4 (2024) Standard Glass,,512 GB,,Wi-Fi + Cellular,,2430
iTworld,iPad,iPad Pro,iPad Pro 11-inch M4 (2024) Standard Glass,,1 TB,,Wi-Fi + Cellular,,2950
iTworld,iPad,iPad Pro,iPad Pro 11-inch M4 (2024) Standard Glass,,2 TB,,Wi-Fi + Cellular,,3500
iTworld,iPad,iPad Pro,iPad Pro 11-inch M4 (2024) Nano Glass,,1 TB,,Wi-Fi,,2700
iTworld,iPad,iPad Pro,iPad Pro 11-inch M4 (2024) Nano Glass,,2 TB,,Wi-Fi,,3250
iTworld,iPad,iPad Pro,iPad Pro 11-inch M4 (2024) Standard Glass,,256 GB,,Wi-Fi,,1800
iTworld,iPad,iPad Pro,iPad Pro 11-inch M4 (2024) Standard Glass,,512 GB,,Wi-Fi,,2180
iTworld,iPad,iPad Pro,iPad Pro 11-inch M4 (2024) Standard Glass,,1 TB,,Wi-Fi,,2680
iTworld,iPad,iPad Pro,iPad Pro 11-inch M4 (2024) Standard Glass,,2 TB,,Wi-Fi,,3210
iTworld,iPad,iPad Pro,iPad Pro 11-inch A12X (2018),,64 GB,,Wi-Fi + Cellular,,650
iTworld,iPad,iPad Pro,iPad Pro 11-inch A12X (2018),,64 GB,,Wi-Fi,,550
iTworld,iPad,iPad Pro,iPad Pro 11-inch A12X (2018),,256 GB,,Wi-Fi + Cellular,,750
iTworld,iPad,iPad Pro,iPad Pro 11-inch A12X (2018),,256 GB,,Wi-Fi,,650
iTworld,iPad,iPad Pro,iPad Pro 11-inch A12X (2018),,512 GB,,Wi-Fi + Cellular,,850
iTworld,iPad,iPad Pro,iPad Pro 11-inch A12X (2018),,512 GB,,Wi-Fi,,750
iTworld,iPad,iPad Pro,iPad Pro 11-inch A12X (2018),,1 TB,,Wi-Fi + Cellular,,950
iTworld,iPad,iPad Pro,iPad Pro 11-inch A12X (2018),,1 TB,,Wi-Fi,,850
iTworld,iPad,iPad Pro,iPad Pro 12.9-inch A9X (2015),,32 GB,,Wi-Fi + Cellular,,190
iTworld,iPad,iPad Pro,iPad Pro 12.9-inch A9X (2015),,32 GB,,Wi-Fi,,160
iTworld,iPad,iPad Pro,iPad Pro 12.9-inch M1 (2021),,128 GB,,Wi-Fi + Cellular,,1280
iTworld,iPad,iPad Pro,iPad Pro 12.9-inch M1 (2021),,128 GB,,Wi-Fi,,1180
iTworld,iPad,iPad Pro,iPad Pro 12.9-inch M1 (2021),,256 GB,,Wi-Fi + Cellular,,1380
iTworld,iPad,iPad Pro,iPad Pro 12.9-inch M1 (2021),,256 GB,,Wi-Fi,,1300
iTworld,iPad,iPad Pro,iPad Pro 12.9-inch M1 (2021),,512 GB,,Wi-Fi + Cellular,,1510
iTworld,iPad,iPad Pro,iPad Pro 12.9-inch M1 (2021),,512 GB,,Wi-Fi,,1400
iTworld,iPad,iPad Pro,iPad Pro 12.9-inch M1 (2021),,1 TB,,Wi-Fi + Cellular,,1660
iTworld,iPad,iPad Pro,iPad Pro 12.9-inch M1 (2021),,1 TB,,Wi-Fi,,1510
iTworld,iPad,iPad Pro,iPad Pro 12.9-inch M1 (2021),,2 TB,,Wi-Fi + Cellular,,1810
iTworld,iPad,iPad Pro,iPad Pro 12.9-inch M1 (2021),,2 TB,,Wi-Fi,,1740
iTworld,iPad,iPad Pro,iPad Pro 12.9-inch M2 (2022),,128 GB,,Wi-Fi + Cellular,,1580
iTworld,iPad,iPad Pro,iPad Pro 12.9-inch M2 (2022),,128 GB,,Wi-Fi,,1430
iTworld,iPad,iPad Pro,iPad Pro 12.9-inch M2 (2022),,256 GB,,Wi-Fi + Cellular,,1700
iTworld,iPad,iPad Pro,iPad Pro 12.9-inch M2 (2022),,256 GB,,Wi-Fi,,1550
iTworld,iPad,iPad Pro,iPad Pro 12.9-inch M2 (2022),,512 GB,,Wi-Fi + Cellular,,1850
iTworld,iPad,iPad Pro,iPad Pro 12.9-inch M2 (2022),,512 GB,,Wi-Fi,,1680
iTworld,iPad,iPad Pro,iPad Pro 12.9-inch M2 (2022),,1 TB,,Wi-Fi + Cellular,,1930
iTworld,iPad,iPad Pro,iPad Pro 12.9-inch M2 (2022),,1 TB,,Wi-Fi,,1880
iTworld,iPad,iPad Pro,iPad Pro 12.9-inch M2 (2022),,2 TB,,Wi-Fi + Cellular,,2130
iTworld,iPad,iPad Pro,iPad Pro 12.9-inch M2 (2022),,2 TB,,Wi-Fi,,2080
iTworld,iPad,iPad Pro,iPad Pro 12.9-inch A9X (2015),,128 GB,,Wi-Fi + Cellular,,200
iTworld,iPad,iPad Pro,iPad Pro 12.9-inch A9X (2015),,128 GB,,Wi-Fi,,170
iTworld,iPad,iPad Pro,iPad Pro 12.9-inch A9X (2015),,256 GB,,Wi-Fi + Cellular,,250
iTworld,iPad,iPad Pro,iPad Pro 12.9-inch A9X (2015),,256 GB,,Wi-Fi,,200
iTworld,iPad,iPad Pro,iPad Pro 12.9-inch A10X (2017),,64 GB,,Wi-Fi + Cellular,,410
iTworld,iPad,iPad Pro,iPad Pro 12.9-inch A10X (2017),,64 GB,,Wi-Fi,,380
iTworld,iPad,iPad Pro,iPad Pro 12.9-inch A10X (2017),,256 GB,,Wi-Fi + Cellular,,480
iTworld,iPad,iPad Pro,iPad Pro 12.9-inch A10X (2017),,256 GB,,Wi-Fi,,430
iTworld,iPad,iPad Pro,iPad Pro 12.9-inch A10X (2017),,512 GB,,Wi-Fi + Cellular,,580
iTworld,iPad,iPad Pro,iPad Pro 12.9-inch A10X (2017),,512 GB,,Wi-Fi,,560
iTworld,iPad,iPad Pro,iPad Pro 12.9-inch A12X (2018),,64 GB,,Wi-Fi + Cellular,,750
iTworld,iPad,iPad Pro,iPad Pro 12.9-inch A12X (2018),,64 GB,,Wi-Fi,,650
iTworld,iPad,iPad Pro,iPad Pro 12.9-inch A12X (2018),,256 GB,,Wi-Fi + Cellular,,850
iTworld,iPad,iPad Pro,iPad Pro 12.9-inch A12X (2018),,256 GB,,Wi-Fi,,750
iTworld,iPad,iPad Pro,iPad Pro 12.9-inch A12X (2018),,512 GB,,Wi-Fi + Cellular,,950
iTworld,iPad,iPad Pro,iPad Pro 12.9-inch A12X (2018),,512 GB,,Wi-Fi,,850
iTworld,iPad,iPad Pro,iPad Pro 12.9-inch A12X (2018),,1 TB,,Wi-Fi + Cellular,,1050
iTworld,iPad,iPad Pro,iPad Pro 12.9-inch A12X (2018),,1 TB,,Wi-Fi,,950
iTworld,iPad,iPad Pro,iPad Pro 12.9-inch A12Z (2020),,128 GB,,Wi-Fi + Cellular,,1100
iTworld,iPad,iPad Pro,iPad Pro 12.9-inch A12Z (2020),,128 GB,,Wi-Fi,,930
iTworld,iPad,iPad Pro,iPad Pro 12.9-inch A12Z (2020),,256 GB,,Wi-Fi + Cellular,,1230
iTworld,iPad,iPad Pro,iPad Pro 12.9-inch A12Z (2020),,256 GB,,Wi-Fi,,1100
iTworld,iPad,iPad Pro,iPad Pro 12.9-inch A12Z (2020),,512 GB,,Wi-Fi + Cellular,,1380
iTworld,iPad,iPad Pro,iPad Pro 12.9-inch A12Z (2020),,512 GB,,Wi-Fi,,1230
iTworld,iPad,iPad Pro,iPad Pro 12.9-inch A12Z (2020),,1 TB,,Wi-Fi + Cellular,,1450
iTworld,iPad,iPad Pro,iPad Pro 12.9-inch A12Z (2020),,1 TB,,Wi-Fi,,1310
iTworld,iPad,iPad Pro,iPad Pro 13-inch M4 (2024) Nano Glass,,1 TB,,Wi-Fi + Cellular,,3650
iTworld,iPad,iPad Pro,iPad Pro 13-inch M4 (2024) Nano Glass,,2 TB,,Wi-Fi + Cellular,,4200
iTworld,iPad,iPad Pro,iPad Pro 13-inch M4 (2024) Standard Glass,,256 GB,,Wi-Fi + Cellular,,2620
iTworld,iPad,iPad Pro,iPad Pro 13-inch M4 (2024) Standard Glass,,512 GB,,Wi-Fi + Cellular,,3000
iTworld,iPad,iPad Pro,iPad Pro 13-inch M4 (2024) Standard Glass,,1 TB,,Wi-Fi + Cellular,,3600
iTworld,iPad,iPad Pro,iPad Pro 13-inch M4 (2024) Standard Glass,,2 TB,,Wi-Fi + Cellular,,4150
iTworld,iPad,iPad Pro,iPad Pro 13-inch M4 (2024) Nano Glass,,1 TB,,Wi-Fi,,3250
iTworld,iPad,iPad Pro,iPad Pro 13-inch M4 (2024) Nano Glass,,2 TB,,Wi-Fi,,3800
iTworld,iPad,iPad Pro,iPad Pro 13-inch M4 (2024) Standard Glass,,256 GB,,Wi-Fi,,2230
iTworld,iPad,iPad Pro,iPad Pro 13-inch M4 (2024) Standard Glass,,512 GB,,Wi-Fi,,2650
iTworld,iPad,iPad Pro,iPad Pro 13-inch M4 (2024) Standard Glass,,1 TB,,Wi-Fi,,3210
iTworld,iPad,iPad Pro,iPad Pro 13-inch M4 (2024) Standard Glass,,2 TB,,Wi-Fi,,3780
iTworld,iPad,iPad Pro,iPad Pro 9.7-inch A9X (2016),,32 GB,,Wi-Fi + Cellular,,160
iTworld,iPad,iPad Pro,iPad Pro 9.7-inch A9X (2016),,32 GB,,Wi-Fi,,150
iTworld,iPad,iPad Pro,iPad Pro 9.7-inch A9X (2016),,128 GB,,Wi-Fi + Cellular,,170
iTworld,iPad,iPad Pro,iPad Pro 9.7-inch A9X (2016),,128 GB,,Wi-Fi,,160
iTworld,iPad,iPad Pro,iPad Pro 9.7-inch A9X (2016),,256 GB,,Wi-Fi + Cellular,,210
iTworld,iPad,iPad Pro,iPad Pro 9.7-inch A9X (2016),,256 GB,,Wi-Fi,,200
Machines,iPad,iPad,iPad 7,,128 GB,,Wi-Fi,,225
Machines,iPad,iPad,iPad 7,,32 GB,,Wi-Fi + Cellular,,150
Machines,iPad,iPad,iPad 7,,128 GB,,Wi-Fi + Cellular,,325
Machines,iPad,iPad,iPad 8,,32 GB,,Wi-Fi,,225
Machines,iPad,iPad,iPad 8,,128 GB,,Wi-Fi,,300
Machines,iPad,iPad,iPad 8,,32 GB,,Wi-Fi + Cellular,,300
Machines,iPad,iPad,iPad 8,,128 GB,,Wi-Fi + Cellular,,400
Machines,iPad,iPad,iPad 9,,64 GB,,Wi-Fi,,350
Machines,iPad,iPad,iPad 9,,256 GB,,Wi-Fi,,525
Machines,iPad,iPad,iPad 9,,64 GB,,Wi-Fi + Cellular,,525
Machines,iPad,iPad,iPad 9,,256 GB,,Wi-Fi + Cellular,,650
Machines,iPad,iPad,iPad 10,,64 GB,,Wi-Fi,,600
Machines,iPad,iPad,iPad 10,,256 GB,,Wi-Fi,,800
Machines,iPad,iPad,iPad 10,,64 GB,,Wi-Fi + Cellular,,750
Machines,iPad,iPad,iPad 10,,256 GB,,Wi-Fi + Cellular,,975
Machines,iPad,iPad,iPad 11,,128 GB,,Wi-Fi,,600
Machines,iPad,iPad,iPad 11,,256 GB,,Wi-Fi,,775
Machines,iPad,iPad,iPad 11,,512 GB,,Wi-Fi,,1075
Machines,iPad,iPad,iPad 11,,128 GB,,Wi-Fi + Cellular,,800
Machines,iPad,iPad,iPad 11,,256 GB,,Wi-Fi + Cellular,,1000
Machines,iPad,iPad,iPad 11,,512 GB,,Wi-Fi + Cellular,,1325
Machines,iPad,iPad Air,iPad Air 4 10.9-inch A14 (2020),,64 GB,,Wi-Fi,,550
Machines,iPad,iPad Air,iPad Air 4 10.9-inch A14 (2020),,256 GB,,Wi-Fi,,725
Machines,iPad,iPad Air,iPad Air 4 10.9-inch A14 (2020),,64 GB,,Wi-Fi + Cellular,,720
Machines,iPad,iPad Air,iPad Air 4 10.9-inch A14 (2020),,256 GB,,Wi-Fi + Cellular,,845
Machines,iPad,iPad Air,iPad Air 5 10.9-inch M1 (2022),,64 GB,,Wi-Fi,,835
Machines,iPad,iPad Air,iPad Air 5 10.9-inch M1 (2022),,256 GB,,Wi-Fi,,975
Machines,iPad,iPad Air,iPad Air 5 10.9-inch M1 (2022),,64 GB,,Wi-Fi + Cellular,,975
Machines,iPad,iPad Air,iPad Air 5 10.9-inch M1 (2022),,256 GB,,Wi-Fi + Cellular,,1075
Machines,iPad,iPad Air,iPad Air 6 11-inch M2 (2024),,128 GB,,Wi-Fi,,1150
Machines,iPad,iPad Air,iPad Air 6 11-inch M2 (2024),,256 GB,,Wi-Fi,,1375
Machines,iPad,iPad Air,iPad Air 6 11-inch M2 (2024),,512 GB,,Wi-Fi,,1575
Machines,iPad,iPad Air,iPad Air 6 11-inch M2 (2024),,1 TB,,Wi-Fi,,1900
Machines,iPad,iPad Air,iPad Air 6 11-inch M2 (2024),,128 GB,,Wi-Fi + Cellular,,1350
Machines,iPad,iPad Air,iPad Air 6 11-inch M2 (2024),,256 GB,,Wi-Fi + Cellular,,1475
Machines,iPad,iPad Air,iPad Air 6 11-inch M2 (2024),,512 GB,,Wi-Fi + Cellular,,1800
Machines,iPad,iPad Air,iPad Air 6 11-inch M2 (2024),,1 TB,,Wi-Fi + Cellular,,2050
Machines,iPad,iPad Air,iPad Air 6 13-inch M2 (2024),,128 GB,,Wi-Fi,,1250
Machines,iPad,iPad Air,iPad Air 6 13-inch M2 (2024),,256 GB,,Wi-Fi,,1425
Machines,iPad,iPad Air,iPad Air 6 13-inch M2 (2024),,512 GB,,Wi-Fi,,1750
Machines,iPad,iPad Air,iPad Air 6 13-inch M2 (2024),,1 TB,,Wi-Fi,,2075
Machines,iPad,iPad Air,iPad Air 6 13-inch M2 (2024),,128 GB,,Wi-Fi + Cellular,,1525
Machines,iPad,iPad Air,iPad Air 6 13-inch M2 (2024),,256 GB,,Wi-Fi + Cellular,,1725
Machines,iPad,iPad Air,iPad Air 6 13-inch M2 (2024),,512 GB,,Wi-Fi + Cellular,,2075
Machines,iPad,iPad Air,iPad Air 6 13-inch M2 (2024),,1 TB,,Wi-Fi + Cellular,,2300
Machines,iPad,iPad Air,iPad Air 7 11-inch M3 (2025),,128 GB,,Wi-Fi,,1225
Machines,iPad,iPad Air,iPad Air 7 11-inch M3 (2025),,256 GB,,Wi-Fi,,1425
Machines,iPad,iPad Air,iPad Air 7 11-inch M3 (2025),,512 GB,,Wi-Fi,,1825
Machines,iPad,iPad Air,iPad Air 7 11-inch M3 (2025),,1 TB,,Wi-Fi,,2175
Machines,iPad,iPad Air,iPad Air 7 11-inch M3 (2025),,128 GB,,Wi-Fi + Cellular,,1600
Machines,iPad,iPad Air,iPad Air 7 11-inch M3 (2025),,256 GB,,Wi-Fi + Cellular,,1825
Machines,iPad,iPad Air,iPad Air 7 11-inch M3 (2025),,512 GB,,Wi-Fi + Cellular,,2200
Machines,iPad,iPad Air,iPad Air 7 11-inch M3 (2025),,1 TB,,Wi-Fi + Cellular,,2575
Machines,iPad,iPad Air,iPad Air 7 13-inch M3 (2025),,128 GB,,Wi-Fi,,1600
Machines,iPad,iPad Air,iPad Air 7 13-inch M3 (2025),,256 GB,,Wi-Fi,,1800
Machines,iPad,iPad Air,iPad Air 7 13-inch M3 (2025),,512 GB,,Wi-Fi,,2050
Machines,iPad,iPad Air,iPad Air 7 13-inch M3 (2025),,1 TB,,Wi-Fi,,2400
Machines,iPad,iPad Air,iPad Air 7 13-inch M3 (2025),,128 GB,,Wi-Fi + Cellular,,1875
Machines,iPad,iPad Air,iPad Air 7 13-inch M3 (2025),,256 GB,,Wi-Fi + Cellular,,2100
Machines,iPad,iPad Air,iPad Air 7 13-inch M3 (2025),,512 GB,,Wi-Fi + Cellular,,2400
Machines,iPad,iPad Air,iPad Air 7 13-inch M3 (2025),,1 TB,,Wi-Fi + Cellular,,2700
Machines,iPad,iPad mini,iPad Mini 6,,64 GB,,Wi-Fi,,585
Machines,iPad,iPad mini,iPad Mini 6,,256 GB,,Wi-Fi,,775
Machines,iPad,iPad mini,iPad Mini 6,,64 GB,,Wi-Fi + Cellular,,775
Machines,iPad,iPad mini,iPad Mini 6,,256 GB,,Wi-Fi + Cellular,,925
Machines,iPad,iPad mini,iPad Mini 7,,128 GB,,Wi-Fi,,850
Machines,iPad,iPad mini,iPad Mini 7,,256 GB,,Wi-Fi,,1010
Machines,iPad,iPad mini,iPad Mini 7,,512 GB,,Wi-Fi,,1375
Machines,iPad,iPad mini,iPad Mini 7,,128 GB,,Wi-Fi + Cellular,,1050
Machines,iPad,iPad mini,iPad Mini 7,,256 GB,,Wi-Fi + Cellular,,1275
Machines,iPad,iPad mini,iPad Mini 7,,512 GB,,Wi-Fi + Cellular,,1475
Machines,iPad,iPad Pro,iPad Pro 11-inch A12Z (2020),,128 GB,,Wi-Fi,,700
Machines,iPad,iPad Pro,iPad Pro 11-inch A12Z (2020),,256 GB,,Wi-Fi,,775
Machines,iPad,iPad Pro,iPad Pro 11-inch A12Z (2020),,512 GB,,Wi-Fi,,900
Machines,iPad,iPad Pro,iPad Pro 11-inch A12Z (2020),,1 TB,,Wi-Fi,,950
Machines,iPad,iPad Pro,iPad Pro 11-inch A12Z (2020),,128 GB,,Wi-Fi + Cellular,,775
Machines,iPad,iPad Pro,iPad Pro 11-inch A12Z (2020),,256 GB,,Wi-Fi + Cellular,,875
Machines,iPad,iPad Pro,iPad Pro 11-inch A12Z (2020),,512 GB,,Wi-Fi + Cellular,,1050
Machines,iPad,iPad Pro,iPad Pro 11-inch A12Z (2020),,1 TB,,Wi-Fi + Cellular,,1075
Machines,iPad,iPad Pro,iPad Pro 12.9-inch A12Z (2020),,128 GB,,Wi-Fi,,900
Machines,iPad,iPad Pro,iPad Pro 12.9-inch A12Z (2020),,256 GB,,Wi-Fi,,1050
Machines,iPad,iPad Pro,iPad Pro 12.9-inch A12Z (2020),,512 GB,,Wi-Fi,,1175
Machines,iPad,iPad Pro,iPad Pro 12.9-inch A12Z (2020),,1 TB,,Wi-Fi,,1275
Machines,iPad,iPad Pro,iPad Pro 12.9-inch A12Z (2020),,128 GB,,Wi-Fi + Cellular,,1050
Machines,iPad,iPad Pro,iPad Pro 12.9-inch A12Z (2020),,256 GB,,Wi-Fi + Cellular,,1175
Machines,iPad,iPad Pro,iPad Pro 12.9-inch A12Z (2020),,512 GB,,Wi-Fi + Cellular,,1325
Machines,iPad,iPad Pro,iPad Pro 12.9-inch A12Z (2020),,1 TB,,Wi-Fi + Cellular,,1400
Machines,iPad,iPad Pro,iPad Pro 11-inch M1 (2021),,128 GB,,Wi-Fi,,975
Machines,iPad,iPad Pro,iPad Pro 11-inch M1 (2021),,256 GB,,Wi-Fi,,1150
Machines,iPad,iPad Pro,iPad Pro 11-inch M1 (2021),,512 GB,,Wi-Fi,,1275
Machines,iPad,iPad Pro,iPad Pro 11-inch M1 (2021),,1 TB,,Wi-Fi,,1325
Machines,iPad,iPad Pro,iPad Pro 11-inch M1 (2021),,2 TB,,Wi-Fi,,1525
Machines,iPad,iPad Pro,iPad Pro 11-inch M1 (2021),,128 GB,,Wi-Fi + Cellular,,1075
Machines,iPad,iPad Pro,iPad Pro 11-inch M1 (2021),,256 GB,,Wi-Fi + Cellular,,1275
Machines,iPad,iPad Pro,iPad Pro 11-inch M1 (2021),,512 GB,,Wi-Fi + Cellular,,1425
Machines,iPad,iPad Pro,iPad Pro 11-inch M1 (2021),,1 TB,,Wi-Fi + Cellular,,1525
Machines,iPad,iPad Pro,iPad Pro 11-inch M1 (2021),,2 TB,,Wi-Fi + Cellular,,1700
Machines,iPad,iPad Pro,iPad Pro 12.9-inch M1 (2021),,128 GB,,Wi-Fi,,1150
Machines,iPad,iPad Pro,iPad Pro 12.9-inch M1 (2021),,256 GB,,Wi-Fi,,1250
Machines,iPad,iPad Pro,iPad Pro 12.9-inch M1 (2021),,512 GB,,Wi-Fi,,1350
Machines,iPad,iPad Pro,iPad Pro 12.9-inch M1 (2021),,1 TB,,Wi-Fi,,1475
Machines,iPad,iPad Pro,iPad Pro 12.9-inch M1 (2021),,2 TB,,Wi-Fi,,1700
Machines,iPad,iPad Pro,iPad Pro 12.9-inch M1 (2021),,128 GB,,Wi-Fi + Cellular,,1225
Machines,iPad,iPad Pro,iPad Pro 12.9-inch M1 (2021),,256 GB,,Wi-Fi + Cellular,,1325
Machines,iPad,iPad Pro,iPad Pro 12.9-inch M1 (2021),,512 GB,,Wi-Fi + Cellular,,1475
Machines,iPad,iPad Pro,iPad Pro 12.9-inch M1 (2021),,1 TB,,Wi-Fi + Cellular,,1625
Machines,iPad,iPad Pro,iPad Pro 12.9-inch M1 (2021),,2 TB,,Wi-Fi + Cellular,,1775
Machines,iPad,iPad Pro,iPad Pro 11-inch M2 (2022),,128 GB,,Wi-Fi,,1175
Machines,iPad,iPad Pro,iPad Pro 11-inch M2 (2022),,256 GB,,Wi-Fi,,1325
Machines,iPad,iPad Pro,iPad Pro 11-inch M2 (2022),,512 GB,,Wi-Fi,,1525
Machines,iPad,iPad Pro,iPad Pro 11-inch M2 (2022),,1 TB,,Wi-Fi,,1650
Machines,iPad,iPad Pro,iPad Pro 11-inch M2 (2022),,2 TB,,Wi-Fi,,1900
Machines,iPad,iPad Pro,iPad Pro 11-inch M2 (2022),,128 GB,,Wi-Fi + Cellular,,1350
Machines,iPad,iPad Pro,iPad Pro 11-inch M2 (2022),,256 GB,,Wi-Fi + Cellular,,1475
Machines,iPad,iPad Pro,iPad Pro 11-inch M2 (2022),,512 GB,,Wi-Fi + Cellular,,1650
Machines,iPad,iPad Pro,iPad Pro 11-inch M2 (2022),,1 TB,,Wi-Fi + Cellular,,1750
Machines,iPad,iPad Pro,iPad Pro 11-inch M2 (2022),,2 TB,,Wi-Fi + Cellular,,2025
Machines,iPad,iPad Pro,iPad Pro 12.9-inch M2 (2022),,128 GB,,Wi-Fi,,1400
Machines,iPad,iPad Pro,iPad Pro 12.9-inch M2 (2022),,256 GB,,Wi-Fi,,1500
Machines,iPad,iPad Pro,iPad Pro 12.9-inch M2 (2022),,512 GB,,Wi-Fi,,1625
Machines,iPad,iPad Pro,iPad Pro 12.9-inch M2 (2022),,1 TB,,Wi-Fi,,1825
Machines,iPad,iPad Pro,iPad Pro 12.9-inch M2 (2022),,2 TB,,Wi-Fi,,2025
Machines,iPad,iPad Pro,iPad Pro 12.9-inch M2 (2022),,128 GB,,Wi-Fi + Cellular,,1525
Machines,iPad,iPad Pro,iPad Pro 12.9-inch M2 (2022),,256 GB,,Wi-Fi + Cellular,,1650
Machines,iPad,iPad Pro,iPad Pro 12.9-inch M2 (2022),,512 GB,,Wi-Fi + Cellular,,1800
Machines,iPad,iPad Pro,iPad Pro 12.9-inch M2 (2022),,1 TB,,Wi-Fi + Cellular,,1875
Machines,iPad,iPad Pro,iPad Pro 12.9-inch M2 (2022),,2 TB,,Wi-Fi + Cellular,,2075
Machines,iPad,iPad Pro,iPad Pro 11-inch M4 (2024),,256 GB,,Wi-Fi,,1750
Machines,iPad,iPad Pro,iPad Pro 11-inch M4 (2024),,512 GB,,Wi-Fi,,2125
Machines,iPad,iPad Pro,iPad Pro 11-inch M4 (2024),,1 TB,,Wi-Fi,,2625
Machines,iPad,iPad Pro,iPad Pro 11-inch M4 (2024),,2 TB,,Wi-Fi,,3150
Machines,iPad,iPad Pro,iPad Pro 11-inch M4 (2024),,256 GB,,Wi-Fi + Cellular,,2050
Machines,iPad,iPad Pro,iPad Pro 11-inch M4 (2024),,512 GB,,Wi-Fi + Cellular,,2375
Machines,iPad,iPad Pro,iPad Pro 11-inch M4 (2024),,1 TB,,Wi-Fi + Cellular,,2900
Machines,iPad,iPad Pro,iPad Pro 11-inch M4 (2024),,2 TB,,Wi-Fi + Cellular,,3450
Machines,iPad,iPad Pro,iPad Pro 13-inch M4 (2024),,256 GB,,Wi-Fi,,2175
Machines,iPad,iPad Pro,iPad Pro 13-inch M4 (2024),,512 GB,,Wi-Fi,,2600
Machines,iPad,iPad Pro,iPad Pro 13-inch M4 (2024),,1 TB,,Wi-Fi,,3175
Machines,iPad,iPad Pro,iPad Pro 13-inch M4 (2024),,2 TB,,Wi-Fi,,3725
Machines,iPad,iPad Pro,iPad Pro 13-inch M4 (2024),,256 GB,,Wi-Fi + Cellular,,2575
Machines,iPad,iPad Pro,iPad Pro 13-inch M4 (2024),,512 GB,,Wi-Fi + Cellular,,2950
Machines,iPad,iPad Pro,iPad Pro 13-inch M4 (2024),,1 TB,,Wi-Fi + Cellular,,3550
Machines,iPad,iPad Pro,iPad Pro 13-inch M4 (2024),,2 TB,,Wi-Fi + Cellular,,4100
Machines,iPad,iPad Pro,iPad Pro 11-inch M5 (2025),,256 GB,,Wi-Fi,,2550
Machines,iPad,iPad Pro,iPad Pro 11-inch M5 (2025),,512 GB,,Wi-Fi,,3100
Machines,iPad,iPad Pro,iPad Pro 11-inch M5 (2025),,1 TB,,Wi-Fi,,3950
Machines,iPad,iPad Pro,iPad Pro 11-inch M5 (2025),,2 TB,,Wi-Fi,,4950
Machines,iPad,iPad Pro,iPad Pro 11-inch M5 (2025),,256 GB,,Wi-Fi + Cellular,,3100
Machines,iPad,iPad Pro,iPad Pro 11-inch M5 (2025),,512 GB,,Wi-Fi + Cellular,,3575
Machines,iPad,iPad Pro,iPad Pro 11-inch M5 (2025),,1 TB,,Wi-Fi + Cellular,,4425
Machines,iPad,iPad Pro,iPad Pro 11-inch M5 (2025),,2 TB,,Wi-Fi + Cellular,,5425
Machines,iPad,iPad Pro,iPad Pro 13-inch M5 (2025),,256 GB,,Wi-Fi,,3275
Machines,iPad,iPad Pro,iPad Pro 13-inch M5 (2025),,512 GB,,Wi-Fi,,3800
Machines,iPad,iPad Pro,iPad Pro 13-inch M5 (2025),,1 TB,,Wi-Fi,,4825
Machines,iPad,iPad Pro,iPad Pro 13-inch M5 (2025),,2 TB,,Wi-Fi,,5825
Machines,iPad,iPad Pro,iPad Pro 13-inch M5 (2025),,256 GB,,Wi-Fi + Cellular,,3800
Machines,iPad,iPad Pro,iPad Pro 13-inch M5 (2025),,512 GB,,Wi-Fi + Cellular,,4300
Machines,iPad,iPad Pro,iPad Pro 13-inch M5 (2025),,1 TB,,Wi-Fi + Cellular,,5325
Machines,iPad,iPad Pro,iPad Pro 13-inch M5 (2025),,2 TB,,Wi-Fi + Cellular,,6325
Switch,iPad,iPad,iPad 10,,64 GB,,Wi-Fi + Cellular,,690
Switch,iPad,iPad,iPad 10,,256 GB,,Wi-Fi + Cellular,,800
Switch,iPad,iPad,iPad 10,,64 GB,,Wi-Fi,,610
Switch,iPad,iPad,iPad 10,,256 GB,,Wi-Fi,,690
Switch,iPad,iPad,iPad 11,,128 GB,,Wi-Fi + Cellular,,840
Switch,iPad,iPad,iPad 11,,256 GB,,Wi-Fi + Cellular,,1040
Switch,iPad,iPad,iPad 11,,512 GB,,Wi-Fi + Cellular,,1370
Switch,iPad,iPad,iPad 11,,128 GB,,Wi-Fi,,640
Switch,iPad,iPad,iPad 11,,256 GB,,Wi-Fi,,820
Switch,iPad,iPad,iPad 11,,512 GB,,Wi-Fi,,1110
Switch,iPad,iPad,iPad 4,,16 GB,,Wi-Fi + Cellular,,60
Switch,iPad,iPad,iPad 4,,16 GB,,Wi-Fi,,50
Switch,iPad,iPad,iPad 4,,32 GB,,Wi-Fi + Cellular,,60
Switch,iPad,iPad,iPad 4,,32 GB,,Wi-Fi,,50
Switch,iPad,iPad,iPad 4,,64 GB,,Wi-Fi + Cellular,,60
Switch,iPad,iPad,iPad 4,,64 GB,,Wi-Fi,,50
Switch,iPad,iPad,iPad 4,,128 GB,,Wi-Fi + Cellular,,60
Switch,iPad,iPad,iPad 4,,128 GB,,Wi-Fi,,50
Switch,iPad,iPad,iPad 5,,32 GB,,Wi-Fi + Cellular,,100
Switch,iPad,iPad,iPad 5,,32 GB,,Wi-Fi,,80
Switch,iPad,iPad,iPad 5,,128 GB,,Wi-Fi + Cellular,,130
Switch,iPad,iPad,iPad 5,,128 GB,,Wi-Fi,,100
Switch,iPad,iPad,iPad 6,,32 GB,,Wi-Fi + Cellular,,130
Switch,iPad,iPad,iPad 6,,32 GB,,Wi-Fi,,100
Switch,iPad,iPad,iPad 6,,128 GB,,Wi-Fi + Cellular,,170
Switch,iPad,iPad,iPad 6,,128 GB,,Wi-Fi,,130
Switch,iPad,iPad,iPad 7,,32 GB,,Wi-Fi + Cellular,,170
Switch,iPad,iPad,iPad 7,,32 GB,,Wi-Fi,,150
Switch,iPad,iPad,iPad 7,,128 GB,,Wi-Fi + Cellular,,340
Switch,iPad,iPad,iPad 7,,128 GB,,Wi-Fi,,240
Switch,iPad,iPad,iPad 8,,32 GB,,Wi-Fi + Cellular,,310
Switch,iPad,iPad,iPad 8,,32 GB,,Wi-Fi,,200
Switch,iPad,iPad,iPad 8,,128 GB,,Wi-Fi + Cellular,,360
Switch,iPad,iPad,iPad 8,,128 GB,,Wi-Fi,,260
Switch,iPad,iPad,iPad 9,,64 GB,,Wi-Fi + Cellular,,350
Switch,iPad,iPad,iPad 9,,64 GB,,Wi-Fi,,300
Switch,iPad,iPad,iPad 9,,256 GB,,Wi-Fi + Cellular,,450
Switch,iPad,iPad,iPad 9,,256 GB,,Wi-Fi,,400
Switch,iPad,iPad Air,iPad Air 1 9.7-inch A7 (2013),,16 GB,,Wi-Fi + Cellular,,60
Switch,iPad,iPad Air,iPad Air 1 9.7-inch A7 (2013),,16 GB,,Wi-Fi,,40
Switch,iPad,iPad Air,iPad Air 1 9.7-inch A7 (2013),,32 GB,,Wi-Fi + Cellular,,80
Switch,iPad,iPad Air,iPad Air 1 9.7-inch A7 (2013),,32 GB,,Wi-Fi,,60
Switch,iPad,iPad Air,iPad Air 1 9.7-inch A7 (2013),,64 GB,,Wi-Fi + Cellular,,90
Switch,iPad,iPad Air,iPad Air 1 9.7-inch A7 (2013),,64 GB,,Wi-Fi,,70
Switch,iPad,iPad Air,iPad Air 1 9.7-inch A7 (2013),,128 GB,,Wi-Fi + Cellular,,100
Switch,iPad,iPad Air,iPad Air 1 9.7-inch A7 (2013),,128 GB,,Wi-Fi,,80
Switch,iPad,iPad Air,iPad Air 2 9.7-inch A8X (2014),,16 GB,,Wi-Fi + Cellular,,100
Switch,iPad,iPad Air,iPad Air 2 9.7-inch A8X (2014),,16 GB,,Wi-Fi,,80
Switch,iPad,iPad Air,iPad Air 2 9.7-inch A8X (2014),,32 GB,,Wi-Fi + Cellular,,120
Switch,iPad,iPad Air,iPad Air 2 9.7-inch A8X (2014),,32 GB,,Wi-Fi,,90
Switch,iPad,iPad Air,iPad Air 2 9.7-inch A8X (2014),,64 GB,,Wi-Fi + Cellular,,130
Switch,iPad,iPad Air,iPad Air 2 9.7-inch A8X (2014),,64 GB,,Wi-Fi,,100
Switch,iPad,iPad Air,iPad Air 2 9.7-inch A8X (2014),,128 GB,,Wi-Fi + Cellular,,150
Switch,iPad,iPad Air,iPad Air 2 9.7-inch A8X (2014),,128 GB,,Wi-Fi,,120
Switch,iPad,iPad Air,iPad Air 3 10.5-inch A12 (2019),,64 GB,,Wi-Fi + Cellular,,350
Switch,iPad,iPad Air,iPad Air 3 10.5-inch A12 (2019),,64 GB,,Wi-Fi,,250
Switch,iPad,iPad Air,iPad Air 3 10.5-inch A12 (2019),,256 GB,,Wi-Fi + Cellular,,500
Switch,iPad,iPad Air,iPad Air 3 10.5-inch A12 (2019),,256 GB,,Wi-Fi,,400
Switch,iPad,iPad Air,iPad Air 4 10.9-inch A14 (2020),,64 GB,,Wi-Fi + Cellular,,730
Switch,iPad,iPad Air,iPad Air 4 10.9-inch A14 (2020),,64 GB,,Wi-Fi,,560
Switch,iPad,iPad Air,iPad Air 4 10.9-inch A14 (2020),,256 GB,,Wi-Fi + Cellular,,850
Switch,iPad,iPad Air,iPad Air 4 10.9-inch A14 (2020),,256 GB,,Wi-Fi,,700
Switch,iPad,iPad Air,iPad Air 5 10.9-inch M1 (2022),,64 GB,,Wi-Fi + Cellular,,950
Switch,iPad,iPad Air,iPad Air 5 10.9-inch M1 (2022),,64 GB,,Wi-Fi,,840
Switch,iPad,iPad Air,iPad Air 5 10.9-inch M1 (2022),,256 GB,,Wi-Fi + Cellular,,1050
Switch,iPad,iPad Air,iPad Air 5 10.9-inch M1 (2022),,256 GB,,Wi-Fi,,950
Switch,iPad,iPad Air,iPad Air 6 11-inch M2 (2024),,128 GB,,Wi-Fi + Cellular,,1400
Switch,iPad,iPad Air,iPad Air 6 11-inch M2 (2024),,256 GB,,Wi-Fi + Cellular,,1530
Switch,iPad,iPad Air,iPad Air 6 11-inch M2 (2024),,512 GB,,Wi-Fi + Cellular,,1650
Switch,iPad,iPad Air,iPad Air 6 11-inch M2 (2024),,1 TB,,Wi-Fi + Cellular,,1850
Switch,iPad,iPad Air,iPad Air 6 11-inch M2 (2024),,128 GB,,Wi-Fi,,1050
Switch,iPad,iPad Air,iPad Air 6 11-inch M2 (2024),,256 GB,,Wi-Fi,,1150
Switch,iPad,iPad Air,iPad Air 6 11-inch M2 (2024),,512 GB,,Wi-Fi,,1300
Switch,iPad,iPad Air,iPad Air 6 11-inch M2 (2024),,1 TB,,Wi-Fi,,1450
Switch,iPad,iPad Air,iPad Air 6 13-inch M2 (2024),,128 GB,,Wi-Fi + Cellular,,1580
Switch,iPad,iPad Air,iPad Air 6 13-inch M2 (2024),,256 GB,,Wi-Fi + Cellular,,1780
Switch,iPad,iPad Air,iPad Air 6 13-inch M2 (2024),,512 GB,,Wi-Fi + Cellular,,1900
Switch,iPad,iPad Air,iPad Air 6 13-inch M2 (2024),,1 TB,,Wi-Fi + Cellular,,2100
Switch,iPad,iPad Air,iPad Air 6 13-inch M2 (2024),,128 GB,,Wi-Fi,,1300
Switch,iPad,iPad Air,iPad Air 6 13-inch M2 (2024),,256 GB,,Wi-Fi,,1480
Switch,iPad,iPad Air,iPad Air 6 13-inch M2 (2024),,512 GB,,Wi-Fi,,1700
Switch,iPad,iPad Air,iPad Air 6 13-inch M2 (2024),,1 TB,,Wi-Fi,,1850
Switch,iPad,iPad Air,iPad Air 7 11-inch M3 (2025),,128 GB,,Wi-Fi + Cellular,,1660
Switch,iPad,iPad Air,iPad Air 7 11-inch M3 (2025),,256 GB,,Wi-Fi + Cellular,,1850
Switch,iPad,iPad Air,iPad Air 7 11-inch M3 (2025),,512 GB,,Wi-Fi + Cellular,,2100
Switch,iPad,iPad Air,iPad Air 7 11-inch M3 (2025),,1 TB,,Wi-Fi + Cellular,,2350
Switch,iPad,iPad Air,iPad Air 7 11-inch M3 (2025),,128 GB,,Wi-Fi,,1280
Switch,iPad,iPad Air,iPad Air 7 11-inch M3 (2025),,256 GB,,Wi-Fi,,1480
Switch,iPad,iPad Air,iPad Air 7 11-inch M3 (2025),,512 GB,,Wi-Fi,,1700
Switch,iPad,iPad Air,iPad Air 7 11-inch M3 (2025),,1 TB,,Wi-Fi,,1900
Switch,iPad,iPad Air,iPad Air 7 13-inch M3 (2025),,128 GB,,Wi-Fi + Cellular,,1930
Switch,iPad,iPad Air,iPad Air 7 13-inch M3 (2025),,256 GB,,Wi-Fi + Cellular,,2150
Switch,iPad,iPad Air,iPad Air 7 13-inch M3 (2025),,512 GB,,Wi-Fi + Cellular,,2400
Switch,iPad,iPad Air,iPad Air 7 13-inch M3 (2025),,1 TB,,Wi-Fi + Cellular,,2700
Switch,iPad,iPad Air,iPad Air 7 13-inch M3 (2025),,128 GB,,Wi-Fi,,1680
Switch,iPad,iPad Air,iPad Air 7 13-inch M3 (2025),,256 GB,,Wi-Fi,,1870
Switch,iPad,iPad Air,iPad Air 7 13-inch M3 (2025),,512 GB,,Wi-Fi,,2100
Switch,iPad,iPad Air,iPad Air 7 13-inch M3 (2025),,1 TB,,Wi-Fi,,2450
Switch,iPad,iPad mini,iPad Mini 1,,16 GB,,Wi-Fi + Cellular,,40
Switch,iPad,iPad mini,iPad Mini 1,,16 GB,,Wi-Fi,,40
Switch,iPad,iPad mini,iPad Mini 1,,32 GB,,Wi-Fi + Cellular,,40
Switch,iPad,iPad mini,iPad Mini 1,,32 GB,,Wi-Fi,,40
Switch,iPad,iPad mini,iPad Mini 1,,64 GB,,Wi-Fi + Cellular,,40
Switch,iPad,iPad mini,iPad Mini 1,,64 GB,,Wi-Fi,,40
Switch,iPad,iPad mini,iPad Mini 2,,16 GB,,Wi-Fi + Cellular,,60
Switch,iPad,iPad mini,iPad Mini 2,,16 GB,,Wi-Fi,,40
Switch,iPad,iPad mini,iPad Mini 2,,32 GB,,Wi-Fi + Cellular,,60
Switch,iPad,iPad mini,iPad Mini 2,,32 GB,,Wi-Fi,,40
Switch,iPad,iPad mini,iPad Mini 2,,64 GB,,Wi-Fi + Cellular,,60
Switch,iPad,iPad mini,iPad Mini 2,,64 GB,,Wi-Fi,,40
Switch,iPad,iPad mini,iPad Mini 2,,128 GB,,Wi-Fi + Cellular,,60
Switch,iPad,iPad mini,iPad Mini 2,,128 GB,,Wi-Fi,,40
Switch,iPad,iPad mini,iPad Mini 3,,16 GB,,Wi-Fi + Cellular,,90
Switch,iPad,iPad mini,iPad Mini 3,,16 GB,,Wi-Fi,,80
Switch,iPad,iPad mini,iPad Mini 3,,64 GB,,Wi-Fi + Cellular,,120
Switch,iPad,iPad mini,iPad Mini 3,,64 GB,,Wi-Fi,,100
Switch,iPad,iPad mini,iPad Mini 3,,128 GB,,Wi-Fi + Cellular,,150
Switch,iPad,iPad mini,iPad Mini 3,,128 GB,,Wi-Fi,,130
Switch,iPad,iPad mini,iPad Mini 4,,16 GB,,Wi-Fi + Cellular,,120
Switch,iPad,iPad mini,iPad Mini 4,,16 GB,,Wi-Fi,,100
Switch,iPad,iPad mini,iPad Mini 4,,32 GB,,Wi-Fi + Cellular,,170
Switch,iPad,iPad mini,iPad Mini 4,,32 GB,,Wi-Fi,,140
Switch,iPad,iPad mini,iPad Mini 4,,64 GB,,Wi-Fi + Cellular,,200
Switch,iPad,iPad mini,iPad Mini 4,,64 GB,,Wi-Fi,,170
Switch,iPad,iPad mini,iPad Mini 4,,128 GB,,Wi-Fi + Cellular,,250
Switch,iPad,iPad mini,iPad Mini 4,,128 GB,,Wi-Fi,,200
Switch,iPad,iPad mini,iPad Mini 5,,64 GB,,Wi-Fi + Cellular,,350
Switch,iPad,iPad mini,iPad Mini 5,,64 GB,,Wi-Fi,,300
Switch,iPad,iPad mini,iPad Mini 5,,256 GB,,Wi-Fi + Cellular,,400
Switch,iPad,iPad mini,iPad Mini 5,,256 GB,,Wi-Fi,,350
Switch,iPad,iPad mini,iPad Mini 6,,64 GB,,Wi-Fi + Cellular,,800
Switch,iPad,iPad mini,iPad Mini 6,,64 GB,,Wi-Fi,,590
Switch,iPad,iPad mini,iPad Mini 6,,256 GB,,Wi-Fi + Cellular,,900
Switch,iPad,iPad mini,iPad Mini 6,,256 GB,,Wi-Fi,,700
Switch,iPad,iPad mini,iPad Mini 7,,128 GB,,Wi-Fi + Cellular,,1070
Switch,iPad,iPad mini,iPad Mini 7,,256 GB,,Wi-Fi + Cellular,,1290
Switch,iPad,iPad mini,iPad Mini 7,,512 GB,,Wi-Fi + Cellular,,1520
Switch,iPad,iPad mini,iPad Mini 7,,128 GB,,Wi-Fi,,890
Switch,iPad,iPad mini,iPad Mini 7,,256 GB,,Wi-Fi,,1010
Switch,iPad,iPad mini,iPad Mini 7,,512 GB,,Wi-Fi,,1350
Switch,iPad,iPad Pro,iPad Pro 10.5-inch A10X (2017),,64 GB,,Wi-Fi + Cellular,,200
Switch,iPad,iPad Pro,iPad Pro 10.5-inch A10X (2017),,64 GB,,Wi-Fi,,150
Switch,iPad,iPad Pro,iPad Pro 10.5-inch A10X (2017),,256 GB,,Wi-Fi + Cellular,,300
Switch,iPad,iPad Pro,iPad Pro 10.5-inch A10X (2017),,256 GB,,Wi-Fi,,250
Switch,iPad,iPad Pro,iPad Pro 10.5-inch A10X (2017),,512 GB,,Wi-Fi + Cellular,,350
Switch,iPad,iPad Pro,iPad Pro 10.5-inch A10X (2017),,512 GB,,Wi-Fi,,300
Switch,iPad,iPad Pro,iPad Pro 11-inch A12Z (2020),,128 GB,,Wi-Fi + Cellular,,830
Switch,iPad,iPad Pro,iPad Pro 11-inch A12Z (2020),,128 GB,,Wi-Fi,,750
Switch,iPad,iPad Pro,iPad Pro 11-inch A12Z (2020),,256 GB,,Wi-Fi + Cellular,,930
Switch,iPad,iPad Pro,iPad Pro 11-inch A12Z (2020),,256 GB,,Wi-Fi,,830
Switch,iPad,iPad Pro,iPad Pro 11-inch A12Z (2020),,512 GB,,Wi-Fi + Cellular,,1100
Switch,iPad,iPad Pro,iPad Pro 11-inch A12Z (2020),,512 GB,,Wi-Fi,,950
Switch,iPad,iPad Pro,iPad Pro 11-inch A12Z (2020),,1 TB,,Wi-Fi + Cellular,,1130
Switch,iPad,iPad Pro,iPad Pro 11-inch A12Z (2020),,1 TB,,Wi-Fi,,1000
Switch,iPad,iPad Pro,iPad Pro 11-inch M1 (2021),,128 GB,,Wi-Fi + Cellular,,1130
Switch,iPad,iPad Pro,iPad Pro 11-inch M1 (2021),,128 GB,,Wi-Fi,,1030
Switch,iPad,iPad Pro,iPad Pro 11-inch M1 (2021),,256 GB,,Wi-Fi + Cellular,,1320
Switch,iPad,iPad Pro,iPad Pro 11-inch M1 (2021),,256 GB,,Wi-Fi,,1200
Switch,iPad,iPad Pro,iPad Pro 11-inch M1 (2021),,512 GB,,Wi-Fi + Cellular,,1480
Switch,iPad,iPad Pro,iPad Pro 11-inch M1 (2021),,512 GB,,Wi-Fi,,1330
Switch,iPad,iPad Pro,iPad Pro 11-inch M1 (2021),,1 TB,,Wi-Fi + Cellular,,1560
Switch,iPad,iPad Pro,iPad Pro 11-inch M1 (2021),,1 TB,,Wi-Fi,,1370
Switch,iPad,iPad Pro,iPad Pro 11-inch M1 (2021),,2 TB,,Wi-Fi + Cellular,,1750
Switch,iPad,iPad Pro,iPad Pro 11-inch M1 (2021),,2 TB,,Wi-Fi,,1560
Switch,iPad,iPad Pro,iPad Pro 11-inch M2 (2022),,128 GB,,Wi-Fi + Cellular,,1400
Switch,iPad,iPad Pro,iPad Pro 11-inch M2 (2022),,128 GB,,Wi-Fi,,1230
Switch,iPad,iPad Pro,iPad Pro 11-inch M2 (2022),,256 GB,,Wi-Fi + Cellular,,1530
Switch,iPad,iPad Pro,iPad Pro 11-inch M2 (2022),,256 GB,,Wi-Fi,,1380
Switch,iPad,iPad Pro,iPad Pro 11-inch M2 (2022),,512 GB,,Wi-Fi + Cellular,,1650
Switch,iPad,iPad Pro,iPad Pro 11-inch M2 (2022),,512 GB,,Wi-Fi,,1500
Switch,iPad,iPad Pro,iPad Pro 11-inch M2 (2022),,1 TB,,Wi-Fi + Cellular,,1750
Switch,iPad,iPad Pro,iPad Pro 11-inch M2 (2022),,1 TB,,Wi-Fi,,1600
Switch,iPad,iPad Pro,iPad Pro 11-inch M2 (2022),,2 TB,,Wi-Fi + Cellular,,1950
Switch,iPad,iPad Pro,iPad Pro 11-inch M2 (2022),,2 TB,,Wi-Fi,,1800
Switch,iPad,iPad Pro,iPad Pro 11-inch M4 (2024) Nano Glass,,1 TB,,Wi-Fi + Cellular,,3000
Switch,iPad,iPad Pro,iPad Pro 11-inch M4 (2024) Nano Glass,,2 TB,,Wi-Fi + Cellular,,3550
Switch,iPad,iPad Pro,iPad Pro 11-inch M4 (2024) Standard Glass,,256 GB,,Wi-Fi + Cellular,,2100
Switch,iPad,iPad Pro,iPad Pro 11-inch M4 (2024) Standard Glass,,512 GB,,Wi-Fi + Cellular,,2430
Switch,iPad,iPad Pro,iPad Pro 11-inch M4 (2024) Standard Glass,,1 TB,,Wi-Fi + Cellular,,2950
Switch,iPad,iPad Pro,iPad Pro 11-inch M4 (2024) Standard Glass,,2 TB,,Wi-Fi + Cellular,,3500
Switch,iPad,iPad Pro,iPad Pro 11-inch M4 (2024) Nano Glass,,1 TB,,Wi-Fi,,2700
Switch,iPad,iPad Pro,iPad Pro 11-inch M4 (2024) Nano Glass,,2 TB,,Wi-Fi,,3250
Switch,iPad,iPad Pro,iPad Pro 11-inch M4 (2024) Standard Glass,,256 GB,,Wi-Fi,,1800
Switch,iPad,iPad Pro,iPad Pro 11-inch M4 (2024) Standard Glass,,512 GB,,Wi-Fi,,2180
Switch,iPad,iPad Pro,iPad Pro 11-inch M4 (2024) Standard Glass,,1 TB,,Wi-Fi,,2680
Switch,iPad,iPad Pro,iPad Pro 11-inch M4 (2024) Standard Glass,,2 TB,,Wi-Fi,,3210
Switch,iPad,iPad Pro,iPad Pro 11-inch A12X (2018),,64 GB,,Wi-Fi + Cellular,,650
Switch,iPad,iPad Pro,iPad Pro 11-inch A12X (2018),,64 GB,,Wi-Fi,,550
Switch,iPad,iPad Pro,iPad Pro 11-inch A12X (2018),,256 GB,,Wi-Fi + Cellular,,750
Switch,iPad,iPad Pro,iPad Pro 11-inch A12X (2018),,256 GB,,Wi-Fi,,650
Switch,iPad,iPad Pro,iPad Pro 11-inch A12X (2018),,512 GB,,Wi-Fi + Cellular,,850
Switch,iPad,iPad Pro,iPad Pro 11-inch A12X (2018),,512 GB,,Wi-Fi,,750
Switch,iPad,iPad Pro,iPad Pro 11-inch A12X (2018),,1 TB,,Wi-Fi + Cellular,,950
Switch,iPad,iPad Pro,iPad Pro 11-inch A12X (2018),,1 TB,,Wi-Fi,,850
Switch,iPad,iPad Pro,iPad Pro 12.9-inch A9X (2015),,32 GB,,Wi-Fi + Cellular,,190
Switch,iPad,iPad Pro,iPad Pro 12.9-inch A9X (2015),,32 GB,,Wi-Fi,,160
Switch,iPad,iPad Pro,iPad Pro 12.9-inch M1 (2021),,128 GB,,Wi-Fi + Cellular,,1280
Switch,iPad,iPad Pro,iPad Pro 12.9-inch M1 (2021),,128 GB,,Wi-Fi,,1180
Switch,iPad,iPad Pro,iPad Pro 12.9-inch M1 (2021),,256 GB,,Wi-Fi + Cellular,,1380
Switch,iPad,iPad Pro,iPad Pro 12.9-inch M1 (2021),,256 GB,,Wi-Fi,,1300
Switch,iPad,iPad Pro,iPad Pro 12.9-inch M1 (2021),,512 GB,,Wi-Fi + Cellular,,1510
Switch,iPad,iPad Pro,iPad Pro 12.9-inch M1 (2021),,512 GB,,Wi-Fi,,1400
Switch,iPad,iPad Pro,iPad Pro 12.9-inch M1 (2021),,1 TB,,Wi-Fi + Cellular,,1660
Switch,iPad,iPad Pro,iPad Pro 12.9-inch M1 (2021),,1 TB,,Wi-Fi,,1510
Switch,iPad,iPad Pro,iPad Pro 12.9-inch M1 (2021),,2 TB,,Wi-Fi + Cellular,,1810
Switch,iPad,iPad Pro,iPad Pro 12.9-inch M1 (2021),,2 TB,,Wi-Fi,,1740
Switch,iPad,iPad Pro,iPad Pro 12.9-inch M2 (2022),,128 GB,,Wi-Fi + Cellular,,1580
Switch,iPad,iPad Pro,iPad Pro 12.9-inch M2 (2022),,128 GB,,Wi-Fi,,1430
Switch,iPad,iPad Pro,iPad Pro 12.9-inch M2 (2022),,256 GB,,Wi-Fi + Cellular,,1700
Switch,iPad,iPad Pro,iPad Pro 12.9-inch M2 (2022),,256 GB,,Wi-Fi,,1550
Switch,iPad,iPad Pro,iPad Pro 12.9-inch M2 (2022),,512 GB,,Wi-Fi + Cellular,,1850
Switch,iPad,iPad Pro,iPad Pro 12.9-inch M2 (2022),,512 GB,,Wi-Fi,,1680
Switch,iPad,iPad Pro,iPad Pro 12.9-inch M2 (2022),,1 TB,,Wi-Fi + Cellular,,1930
Switch,iPad,iPad Pro,iPad Pro 12.9-inch M2 (2022),,1 TB,,Wi-Fi,,1880
Switch,iPad,iPad Pro,iPad Pro 12.9-inch M2 (2022),,2 TB,,Wi-Fi + Cellular,,2130
Switch,iPad,iPad Pro,iPad Pro 12.9-inch M2 (2022),,2 TB,,Wi-Fi,,2080
Switch,iPad,iPad Pro,iPad Pro 12.9-inch A9X (2015),,128 GB,,Wi-Fi + Cellular,,200
Switch,iPad,iPad Pro,iPad Pro 12.9-inch A9X (2015),,128 GB,,Wi-Fi,,170
Switch,iPad,iPad Pro,iPad Pro 12.9-inch A9X (2015),,256 GB,,Wi-Fi + Cellular,,250
Switch,iPad,iPad Pro,iPad Pro 12.9-inch A9X (2015),,256 GB,,Wi-Fi,,200
Switch,iPad,iPad Pro,iPad Pro 12.9-inch A10X (2017),,64 GB,,Wi-Fi + Cellular,,410
Switch,iPad,iPad Pro,iPad Pro 12.9-inch A10X (2017),,64 GB,,Wi-Fi,,380
Switch,iPad,iPad Pro,iPad Pro 12.9-inch A10X (2017),,256 GB,,Wi-Fi + Cellular,,480
Switch,iPad,iPad Pro,iPad Pro 12.9-inch A10X (2017),,256 GB,,Wi-Fi,,430
Switch,iPad,iPad Pro,iPad Pro 12.9-inch A10X (2017),,512 GB,,Wi-Fi + Cellular,,580
Switch,iPad,iPad Pro,iPad Pro 12.9-inch A10X (2017),,512 GB,,Wi-Fi,,560
Switch,iPad,iPad Pro,iPad Pro 12.9-inch A12X (2018),,64 GB,,Wi-Fi + Cellular,,750
Switch,iPad,iPad Pro,iPad Pro 12.9-inch A12X (2018),,64 GB,,Wi-Fi,,650
Switch,iPad,iPad Pro,iPad Pro 12.9-inch A12X (2018),,256 GB,,Wi-Fi + Cellular,,850
Switch,iPad,iPad Pro,iPad Pro 12.9-inch A12X (2018),,256 GB,,Wi-Fi,,750
Switch,iPad,iPad Pro,iPad Pro 12.9-inch A12X (2018),,512 GB,,Wi-Fi + Cellular,,950
Switch,iPad,iPad Pro,iPad Pro 12.9-inch A12X (2018),,512 GB,,Wi-Fi,,850
Switch,iPad,iPad Pro,iPad Pro 12.9-inch A12X (2018),,1 TB,,Wi-Fi + Cellular,,1050
Switch,iPad,iPad Pro,iPad Pro 12.9-inch A12X (2018),,1 TB,,Wi-Fi,,950
Switch,iPad,iPad Pro,iPad Pro 12.9-inch A12Z (2020),,128 GB,,Wi-Fi + Cellular,,1100
Switch,iPad,iPad Pro,iPad Pro 12.9-inch A12Z (2020),,128 GB,,Wi-Fi,,930
Switch,iPad,iPad Pro,iPad Pro 12.9-inch A12Z (2020),,256 GB,,Wi-Fi + Cellular,,1230
Switch,iPad,iPad Pro,iPad Pro 12.9-inch A12Z (2020),,256 GB,,Wi-Fi,,1100
Switch,iPad,iPad Pro,iPad Pro 12.9-inch A12Z (2020),,512 GB,,Wi-Fi + Cellular,,1380
Switch,iPad,iPad Pro,iPad Pro 12.9-inch A12Z (2020),,512 GB,,Wi-Fi,,1230
Switch,iPad,iPad Pro,iPad Pro 12.9-inch A12Z (2020),,1 TB,,Wi-Fi + Cellular,,1450
Switch,iPad,iPad Pro,iPad Pro 12.9-inch A12Z (2020),,1 TB,,Wi-Fi,,1310
Switch,iPad,iPad Pro,iPad Pro 13-inch M4 (2024) Nano Glass,,1 TB,,Wi-Fi + Cellular,,3650
Switch,iPad,iPad Pro,iPad Pro 13-inch M4 (2024) Nano Glass,,2 TB,,Wi-Fi + Cellular,,4200
Switch,iPad,iPad Pro,iPad Pro 13-inch M4 (2024) Standard Glass,,256 GB,,Wi-Fi + Cellular,,2620
Switch,iPad,iPad Pro,iPad Pro 13-inch M4 (2024) Standard Glass,,512 GB,,Wi-Fi + Cellular,,3000
Switch,iPad,iPad Pro,iPad Pro 13-inch M4 (2024) Standard Glass,,1 TB,,Wi-Fi + Cellular,,3600
Switch,iPad,iPad Pro,iPad Pro 13-inch M4 (2024) Standard Glass,,2 TB,,Wi-Fi + Cellular,,4150
Switch,iPad,iPad Pro,iPad Pro 13-inch M4 (2024) Nano Glass,,1 TB,,Wi-Fi,,3250
Switch,iPad,iPad Pro,iPad Pro 13-inch M4 (2024) Nano Glass,,2 TB,,Wi-Fi,,3800
Switch,iPad,iPad Pro,iPad Pro 13-inch M4 (2024) Standard Glass,,256 GB,,Wi-Fi,,2230
Switch,iPad,iPad Pro,iPad Pro 13-inch M4 (2024) Standard Glass,,512 GB,,Wi-Fi,,2650
Switch,iPad,iPad Pro,iPad Pro 13-inch M4 (2024) Standard Glass,,1 TB,,Wi-Fi,,3210
Switch,iPad,iPad Pro,iPad Pro 13-inch M4 (2024) Standard Glass,,2 TB,,Wi-Fi,,3780
Switch,iPad,iPad Pro,iPad Pro 9.7-inch A9X (2016),,32 GB,,Wi-Fi + Cellular,,160
Switch,iPad,iPad Pro,iPad Pro 9.7-inch A9X (2016),,32 GB,,Wi-Fi,,150
Switch,iPad,iPad Pro,iPad Pro 9.7-inch A9X (2016),,128 GB,,Wi-Fi + Cellular,,170
Switch,iPad,iPad Pro,iPad Pro 9.7-inch A9X (2016),,128 GB,,Wi-Fi,,160
Switch,iPad,iPad Pro,iPad Pro 9.7-inch A9X (2016),,256 GB,,Wi-Fi + Cellular,,210
Switch,iPad,iPad Pro,iPad Pro 9.7-inch A9X (2016),,256 GB,,Wi-Fi,,200
UR,iPad,iPad,iPad 10,,64 GB,,Wi-Fi + Cellular,,690
UR,iPad,iPad,iPad 10,,256 GB,,Wi-Fi + Cellular,,800
UR,iPad,iPad,iPad 10,,64 GB,,Wi-Fi,,610
UR,iPad,iPad,iPad 10,,256 GB,,Wi-Fi,,690
UR,iPad,iPad,iPad 11,,128 GB,,Wi-Fi + Cellular,,840
UR,iPad,iPad,iPad 11,,256 GB,,Wi-Fi + Cellular,,1040
UR,iPad,iPad,iPad 11,,512 GB,,Wi-Fi + Cellular,,1370
UR,iPad,iPad,iPad 11,,128 GB,,Wi-Fi,,640
UR,iPad,iPad,iPad 11,,256 GB,,Wi-Fi,,820
UR,iPad,iPad,iPad 11,,512 GB,,Wi-Fi,,1110
UR,iPad,iPad,iPad 4,,16 GB,,Wi-Fi + Cellular,,60
UR,iPad,iPad,iPad 4,,16 GB,,Wi-Fi,,50
UR,iPad,iPad,iPad 4,,32 GB,,Wi-Fi + Cellular,,60
UR,iPad,iPad,iPad 4,,32 GB,,Wi-Fi,,50
UR,iPad,iPad,iPad 4,,64 GB,,Wi-Fi + Cellular,,60
UR,iPad,iPad,iPad 4,,64 GB,,Wi-Fi,,50
UR,iPad,iPad,iPad 4,,128 GB,,Wi-Fi + Cellular,,60
UR,iPad,iPad,iPad 4,,128 GB,,Wi-Fi,,50
UR,iPad,iPad,iPad 5,,32 GB,,Wi-Fi + Cellular,,100
UR,iPad,iPad,iPad 5,,32 GB,,Wi-Fi,,80
UR,iPad,iPad,iPad 5,,128 GB,,Wi-Fi + Cellular,,130
UR,iPad,iPad,iPad 5,,128 GB,,Wi-Fi,,100
UR,iPad,iPad,iPad 6,,32 GB,,Wi-Fi + Cellular,,130
UR,iPad,iPad,iPad 6,,32 GB,,Wi-Fi,,100
UR,iPad,iPad,iPad 6,,128 GB,,Wi-Fi + Cellular,,170
UR,iPad,iPad,iPad 6,,128 GB,,Wi-Fi,,130
UR,iPad,iPad,iPad 7,,32 GB,,Wi-Fi + Cellular,,170
UR,iPad,iPad,iPad 7,,32 GB,,Wi-Fi,,150
UR,iPad,iPad,iPad 7,,128 GB,,Wi-Fi + Cellular,,340
UR,iPad,iPad,iPad 7,,128 GB,,Wi-Fi,,240
UR,iPad,iPad,iPad 8,,32 GB,,Wi-Fi + Cellular,,310
UR,iPad,iPad,iPad 8,,32 GB,,Wi-Fi,,200
UR,iPad,iPad,iPad 8,,128 GB,,Wi-Fi + Cellular,,360
UR,iPad,iPad,iPad 8,,128 GB,,Wi-Fi,,260
UR,iPad,iPad,iPad 9,,64 GB,,Wi-Fi + Cellular,,350
UR,iPad,iPad,iPad 9,,64 GB,,Wi-Fi,,300
UR,iPad,iPad,iPad 9,,256 GB,,Wi-Fi + Cellular,,450
UR,iPad,iPad,iPad 9,,256 GB,,Wi-Fi,,400
UR,iPad,iPad Air,iPad Air 1 9.7-inch A7 (2013),,16 GB,,Wi-Fi + Cellular,,60
UR,iPad,iPad Air,iPad Air 1 9.7-inch A7 (2013),,16 GB,,Wi-Fi,,40
UR,iPad,iPad Air,iPad Air 1 9.7-inch A7 (2013),,32 GB,,Wi-Fi + Cellular,,80
UR,iPad,iPad Air,iPad Air 1 9.7-inch A7 (2013),,32 GB,,Wi-Fi,,60
UR,iPad,iPad Air,iPad Air 1 9.7-inch A7 (2013),,64 GB,,Wi-Fi + Cellular,,90
UR,iPad,iPad Air,iPad Air 1 9.7-inch A7 (2013),,64 GB,,Wi-Fi,,70
UR,iPad,iPad Air,iPad Air 1 9.7-inch A7 (2013),,128 GB,,Wi-Fi + Cellular,,100
UR,iPad,iPad Air,iPad Air 1 9.7-inch A7 (2013),,128 GB,,Wi-Fi,,80
UR,iPad,iPad Air,iPad Air 2 9.7-inch A8X (2014),,16 GB,,Wi-Fi + Cellular,,100
UR,iPad,iPad Air,iPad Air 2 9.7-inch A8X (2014),,16 GB,,Wi-Fi,,80
UR,iPad,iPad Air,iPad Air 2 9.7-inch A8X (2014),,32 GB,,Wi-Fi + Cellular,,120
UR,iPad,iPad Air,iPad Air 2 9.7-inch A8X (2014),,32 GB,,Wi-Fi,,90
UR,iPad,iPad Air,iPad Air 2 9.7-inch A8X (2014),,64 GB,,Wi-Fi + Cellular,,130
UR,iPad,iPad Air,iPad Air 2 9.7-inch A8X (2014),,64 GB,,Wi-Fi,,100
UR,iPad,iPad Air,iPad Air 2 9.7-inch A8X (2014),,128 GB,,Wi-Fi + Cellular,,150
UR,iPad,iPad Air,iPad Air 2 9.7-inch A8X (2014),,128 GB,,Wi-Fi,,120
UR,iPad,iPad Air,iPad Air 3 10.5-inch A12 (2019),,64 GB,,Wi-Fi + Cellular,,350
UR,iPad,iPad Air,iPad Air 3 10.5-inch A12 (2019),,64 GB,,Wi-Fi,,250
UR,iPad,iPad Air,iPad Air 3 10.5-inch A12 (2019),,256 GB,,Wi-Fi + Cellular,,500
UR,iPad,iPad Air,iPad Air 3 10.5-inch A12 (2019),,256 GB,,Wi-Fi,,400
UR,iPad,iPad Air,iPad Air 4 10.9-inch A14 (2020),,64 GB,,Wi-Fi + Cellular,,730
UR,iPad,iPad Air,iPad Air 4 10.9-inch A14 (2020),,64 GB,,Wi-Fi,,560
UR,iPad,iPad Air,iPad Air 4 10.9-inch A14 (2020),,256 GB,,Wi-Fi + Cellular,,850
UR,iPad,iPad Air,iPad Air 4 10.9-inch A14 (2020),,256 GB,,Wi-Fi,,700
UR,iPad,iPad Air,iPad Air 5 10.9-inch M1 (2022),,64 GB,,Wi-Fi + Cellular,,950
UR,iPad,iPad Air,iPad Air 5 10.9-inch M1 (2022),,64 GB,,Wi-Fi,,840
UR,iPad,iPad Air,iPad Air 5 10.9-inch M1 (2022),,256 GB,,Wi-Fi + Cellular,,1050
UR,iPad,iPad Air,iPad Air 5 10.9-inch M1 (2022),,256 GB,,Wi-Fi,,950
UR,iPad,iPad Air,iPad Air 6 11-inch M2 (2024),,128 GB,,Wi-Fi + Cellular,,1400
UR,iPad,iPad Air,iPad Air 6 11-inch M2 (2024),,256 GB,,Wi-Fi + Cellular,,1530
UR,iPad,iPad Air,iPad Air 6 11-inch M2 (2024),,512 GB,,Wi-Fi + Cellular,,1650
UR,iPad,iPad Air,iPad Air 6 11-inch M2 (2024),,1 TB,,Wi-Fi + Cellular,,1850
UR,iPad,iPad Air,iPad Air 6 11-inch M2 (2024),,128 GB,,Wi-Fi,,1050
UR,iPad,iPad Air,iPad Air 6 11-inch M2 (2024),,256 GB,,Wi-Fi,,1150
UR,iPad,iPad Air,iPad Air 6 11-inch M2 (2024),,512 GB,,Wi-Fi,,1300
UR,iPad,iPad Air,iPad Air 6 11-inch M2 (2024),,1 TB,,Wi-Fi,,1450
UR,iPad,iPad Air,iPad Air 6 13-inch M2 (2024),,128 GB,,Wi-Fi + Cellular,,1580
UR,iPad,iPad Air,iPad Air 6 13-inch M2 (2024),,256 GB,,Wi-Fi + Cellular,,1780
UR,iPad,iPad Air,iPad Air 6 13-inch M2 (2024),,512 GB,,Wi-Fi + Cellular,,1900
UR,iPad,iPad Air,iPad Air 6 13-inch M2 (2024),,1 TB,,Wi-Fi + Cellular,,2100
UR,iPad,iPad Air,iPad Air 6 13-inch M2 (2024),,128 GB,,Wi-Fi,,1300
UR,iPad,iPad Air,iPad Air 6 13-inch M2 (2024),,256 GB,,Wi-Fi,,1480
UR,iPad,iPad Air,iPad Air 6 13-inch M2 (2024),,512 GB,,Wi-Fi,,1700
UR,iPad,iPad Air,iPad Air 6 13-inch M2 (2024),,1 TB,,Wi-Fi,,1850
UR,iPad,iPad Air,iPad Air 7 11-inch M3 (2025),,128 GB,,Wi-Fi + Cellular,,1660
UR,iPad,iPad Air,iPad Air 7 11-inch M3 (2025),,256 GB,,Wi-Fi + Cellular,,1850
UR,iPad,iPad Air,iPad Air 7 11-inch M3 (2025),,512 GB,,Wi-Fi + Cellular,,2100
UR,iPad,iPad Air,iPad Air 7 11-inch M3 (2025),,1 TB,,Wi-Fi + Cellular,,2350
UR,iPad,iPad Air,iPad Air 7 11-inch M3 (2025),,128 GB,,Wi-Fi,,1280
UR,iPad,iPad Air,iPad Air 7 11-inch M3 (2025),,256 GB,,Wi-Fi,,1480
UR,iPad,iPad Air,iPad Air 7 11-inch M3 (2025),,512 GB,,Wi-Fi,,1700
UR,iPad,iPad Air,iPad Air 7 11-inch M3 (2025),,1 TB,,Wi-Fi,,1900
UR,iPad,iPad Air,iPad Air 7 13-inch M3 (2025),,128 GB,,Wi-Fi + Cellular,,1930
UR,iPad,iPad Air,iPad Air 7 13-inch M3 (2025),,256 GB,,Wi-Fi + Cellular,,2150
UR,iPad,iPad Air,iPad Air 7 13-inch M3 (2025),,512 GB,,Wi-Fi + Cellular,,2400
UR,iPad,iPad Air,iPad Air 7 13-inch M3 (2025),,1 TB,,Wi-Fi + Cellular,,2700
UR,iPad,iPad Air,iPad Air 7 13-inch M3 (2025),,128 GB,,Wi-Fi,,1680
UR,iPad,iPad Air,iPad Air 7 13-inch M3 (2025),,256 GB,,Wi-Fi,,1870
UR,iPad,iPad Air,iPad Air 7 13-inch M3 (2025),,512 GB,,Wi-Fi,,2100
UR,iPad,iPad Air,iPad Air 7 13-inch M3 (2025),,1 TB,,Wi-Fi,,2450
UR,iPad,iPad mini,iPad Mini 1,,16 GB,,Wi-Fi + Cellular,,40
UR,iPad,iPad mini,iPad Mini 1,,16 GB,,Wi-Fi,,40
UR,iPad,iPad mini,iPad Mini 1,,32 GB,,Wi-Fi + Cellular,,40
UR,iPad,iPad mini,iPad Mini 1,,32 GB,,Wi-Fi,,40
UR,iPad,iPad mini,iPad Mini 1,,64 GB,,Wi-Fi + Cellular,,40
UR,iPad,iPad mini,iPad Mini 1,,64 GB,,Wi-Fi,,40
UR,iPad,iPad mini,iPad Mini 2,,16 GB,,Wi-Fi + Cellular,,60
UR,iPad,iPad mini,iPad Mini 2,,16 GB,,Wi-Fi,,40
UR,iPad,iPad mini,iPad Mini 2,,32 GB,,Wi-Fi + Cellular,,60
UR,iPad,iPad mini,iPad Mini 2,,32 GB,,Wi-Fi,,40
UR,iPad,iPad mini,iPad Mini 2,,64 GB,,Wi-Fi + Cellular,,60
UR,iPad,iPad mini,iPad Mini 2,,64 GB,,Wi-Fi,,40
UR,iPad,iPad mini,iPad Mini 2,,128 GB,,Wi-Fi + Cellular,,60
UR,iPad,iPad mini,iPad Mini 2,,128 GB,,Wi-Fi,,40
UR,iPad,iPad mini,iPad Mini 3,,16 GB,,Wi-Fi + Cellular,,90
UR,iPad,iPad mini,iPad Mini 3,,16 GB,,Wi-Fi,,80
UR,iPad,iPad mini,iPad Mini 3,,64 GB,,Wi-Fi + Cellular,,120
UR,iPad,iPad mini,iPad Mini 3,,64 GB,,Wi-Fi,,100
UR,iPad,iPad mini,iPad Mini 3,,128 GB,,Wi-Fi + Cellular,,150
UR,iPad,iPad mini,iPad Mini 3,,128 GB,,Wi-Fi,,130
UR,iPad,iPad mini,iPad Mini 4,,16 GB,,Wi-Fi + Cellular,,120
UR,iPad,iPad mini,iPad Mini 4,,16 GB,,Wi-Fi,,100
UR,iPad,iPad mini,iPad Mini 4,,32 GB,,Wi-Fi + Cellular,,170
UR,iPad,iPad mini,iPad Mini 4,,32 GB,,Wi-Fi,,140
UR,iPad,iPad mini,iPad Mini 4,,64 GB,,Wi-Fi + Cellular,,200
UR,iPad,iPad mini,iPad Mini 4,,64 GB,,Wi-Fi,,170
UR,iPad,iPad mini,iPad Mini 4,,128 GB,,Wi-Fi + Cellular,,250
UR,iPad,iPad mini,iPad Mini 4,,128 GB,,Wi-Fi,,200
UR,iPad,iPad mini,iPad Mini 5,,64 GB,,Wi-Fi + Cellular,,350
UR,iPad,iPad mini,iPad Mini 5,,64 GB,,Wi-Fi,,300
UR,iPad,iPad mini,iPad Mini 5,,256 GB,,Wi-Fi + Cellular,,400
UR,iPad,iPad mini,iPad Mini 5,,256 GB,,Wi-Fi,,350
UR,iPad,iPad mini,iPad Mini 6,,64 GB,,Wi-Fi + Cellular,,800
UR,iPad,iPad mini,iPad Mini 6,,64 GB,,Wi-Fi,,590
UR,iPad,iPad mini,iPad Mini 6,,256 GB,,Wi-Fi + Cellular,,900
UR,iPad,iPad mini,iPad Mini 6,,256 GB,,Wi-Fi,,700
UR,iPad,iPad mini,iPad Mini 7,,128 GB,,Wi-Fi + Cellular,,1070
UR,iPad,iPad mini,iPad Mini 7,,256 GB,,Wi-Fi + Cellular,,1290
UR,iPad,iPad mini,iPad Mini 7,,512 GB,,Wi-Fi + Cellular,,1520
UR,iPad,iPad mini,iPad Mini 7,,128 GB,,Wi-Fi,,890
UR,iPad,iPad mini,iPad Mini 7,,256 GB,,Wi-Fi,,1010
UR,iPad,iPad mini,iPad Mini 7,,512 GB,,Wi-Fi,,1350
UR,iPad,iPad Pro,iPad Pro 10.5-inch A10X (2017),,64 GB,,Wi-Fi + Cellular,,200
UR,iPad,iPad Pro,iPad Pro 10.5-inch A10X (2017),,64 GB,,Wi-Fi,,150
UR,iPad,iPad Pro,iPad Pro 10.5-inch A10X (2017),,256 GB,,Wi-Fi + Cellular,,300
UR,iPad,iPad Pro,iPad Pro 10.5-inch A10X (2017),,256 GB,,Wi-Fi,,250
UR,iPad,iPad Pro,iPad Pro 10.5-inch A10X (2017),,512 GB,,Wi-Fi + Cellular,,350
UR,iPad,iPad Pro,iPad Pro 10.5-inch A10X (2017),,512 GB,,Wi-Fi,,300
UR,iPad,iPad Pro,iPad Pro 11-inch A12Z (2020),,128 GB,,Wi-Fi + Cellular,,830
UR,iPad,iPad Pro,iPad Pro 11-inch A12Z (2020),,128 GB,,Wi-Fi,,750
UR,iPad,iPad Pro,iPad Pro 11-inch A12Z (2020),,256 GB,,Wi-Fi + Cellular,,930
UR,iPad,iPad Pro,iPad Pro 11-inch A12Z (2020),,256 GB,,Wi-Fi,,830
UR,iPad,iPad Pro,iPad Pro 11-inch A12Z (2020),,512 GB,,Wi-Fi + Cellular,,1100
UR,iPad,iPad Pro,iPad Pro 11-inch A12Z (2020),,512 GB,,Wi-Fi,,950
UR,iPad,iPad Pro,iPad Pro 11-inch A12Z (2020),,1 TB,,Wi-Fi + Cellular,,1130
UR,iPad,iPad Pro,iPad Pro 11-inch A12Z (2020),,1 TB,,Wi-Fi,,1000
UR,iPad,iPad Pro,iPad Pro 11-inch M1 (2021),,128 GB,,Wi-Fi + Cellular,,1130
UR,iPad,iPad Pro,iPad Pro 11-inch M1 (2021),,128 GB,,Wi-Fi,,1030
UR,iPad,iPad Pro,iPad Pro 11-inch M1 (2021),,256 GB,,Wi-Fi + Cellular,,1320
UR,iPad,iPad Pro,iPad Pro 11-inch M1 (2021),,256 GB,,Wi-Fi,,1200
UR,iPad,iPad Pro,iPad Pro 11-inch M1 (2021),,512 GB,,Wi-Fi + Cellular,,1480
UR,iPad,iPad Pro,iPad Pro 11-inch M1 (2021),,512 GB,,Wi-Fi,,1330
UR,iPad,iPad Pro,iPad Pro 11-inch M1 (2021),,1 TB,,Wi-Fi + Cellular,,1560
UR,iPad,iPad Pro,iPad Pro 11-inch M1 (2021),,1 TB,,Wi-Fi,,1370
UR,iPad,iPad Pro,iPad Pro 11-inch M1 (2021),,2 TB,,Wi-Fi + Cellular,,1750
UR,iPad,iPad Pro,iPad Pro 11-inch M1 (2021),,2 TB,,Wi-Fi,,1560
UR,iPad,iPad Pro,iPad Pro 11-inch M2 (2022),,128 GB,,Wi-Fi + Cellular,,1400
UR,iPad,iPad Pro,iPad Pro 11-inch M2 (2022),,128 GB,,Wi-Fi,,1230
UR,iPad,iPad Pro,iPad Pro 11-inch M2 (2022),,256 GB,,Wi-Fi + Cellular,,1530
UR,iPad,iPad Pro,iPad Pro 11-inch M2 (2022),,256 GB,,Wi-Fi,,1380
UR,iPad,iPad Pro,iPad Pro 11-inch M2 (2022),,512 GB,,Wi-Fi + Cellular,,1650
UR,iPad,iPad Pro,iPad Pro 11-inch M2 (2022),,512 GB,,Wi-Fi,,1500
UR,iPad,iPad Pro,iPad Pro 11-inch M2 (2022),,1 TB,,Wi-Fi + Cellular,,1750
UR,iPad,iPad Pro,iPad Pro 11-inch M2 (2022),,1 TB,,Wi-Fi,,1600
UR,iPad,iPad Pro,iPad Pro 11-inch M2 (2022),,2 TB,,Wi-Fi + Cellular,,1950
UR,iPad,iPad Pro,iPad Pro 11-inch M2 (2022),,2 TB,,Wi-Fi,,1800
UR,iPad,iPad Pro,iPad Pro 11-inch M4 (2024) Nano Glass,,1 TB,,Wi-Fi + Cellular,,3000
UR,iPad,iPad Pro,iPad Pro 11-inch M4 (2024) Nano Glass,,2 TB,,Wi-Fi + Cellular,,3550
UR,iPad,iPad Pro,iPad Pro 11-inch M4 (2024) Standard Glass,,256 GB,,Wi-Fi + Cellular,,2100
UR,iPad,iPad Pro,iPad Pro 11-inch M4 (2024) Standard Glass,,512 GB,,Wi-Fi + Cellular,,2430
UR,iPad,iPad Pro,iPad Pro 11-inch M4 (2024) Standard Glass,,1 TB,,Wi-Fi + Cellular,,2950
UR,iPad,iPad Pro,iPad Pro 11-inch M4 (2024) Standard Glass,,2 TB,,Wi-Fi + Cellular,,3500
UR,iPad,iPad Pro,iPad Pro 11-inch M4 (2024) Nano Glass,,1 TB,,Wi-Fi,,2700
UR,iPad,iPad Pro,iPad Pro 11-inch M4 (2024) Nano Glass,,2 TB,,Wi-Fi,,3250
UR,iPad,iPad Pro,iPad Pro 11-inch M4 (2024) Standard Glass,,256 GB,,Wi-Fi,,1800
UR,iPad,iPad Pro,iPad Pro 11-inch M4 (2024) Standard Glass,,512 GB,,Wi-Fi,,2180
UR,iPad,iPad Pro,iPad Pro 11-inch M4 (2024) Standard Glass,,1 TB,,Wi-Fi,,2680
UR,iPad,iPad Pro,iPad Pro 11-inch M4 (2024) Standard Glass,,2 TB,,Wi-Fi,,3210
UR,iPad,iPad Pro,iPad Pro 11-inch A12X (2018),,64 GB,,Wi-Fi + Cellular,,650
UR,iPad,iPad Pro,iPad Pro 11-inch A12X (2018),,64 GB,,Wi-Fi,,550
UR,iPad,iPad Pro,iPad Pro 11-inch A12X (2018),,256 GB,,Wi-Fi + Cellular,,750
UR,iPad,iPad Pro,iPad Pro 11-inch A12X (2018),,256 GB,,Wi-Fi,,650
UR,iPad,iPad Pro,iPad Pro 11-inch A12X (2018),,512 GB,,Wi-Fi + Cellular,,850
UR,iPad,iPad Pro,iPad Pro 11-inch A12X (2018),,512 GB,,Wi-Fi,,750
UR,iPad,iPad Pro,iPad Pro 11-inch A12X (2018),,1 TB,,Wi-Fi + Cellular,,950
UR,iPad,iPad Pro,iPad Pro 11-inch A12X (2018),,1 TB,,Wi-Fi,,850
UR,iPad,iPad Pro,iPad Pro 12.9-inch A9X (2015),,32 GB,,Wi-Fi + Cellular,,190
UR,iPad,iPad Pro,iPad Pro 12.9-inch A9X (2015),,32 GB,,Wi-Fi,,160
UR,iPad,iPad Pro,iPad Pro 12.9-inch M1 (2021),,128 GB,,Wi-Fi + Cellular,,1280
UR,iPad,iPad Pro,iPad Pro 12.9-inch M1 (2021),,128 GB,,Wi-Fi,,1180
UR,iPad,iPad Pro,iPad Pro 12.9-inch M1 (2021),,256 GB,,Wi-Fi + Cellular,,1380
UR,iPad,iPad Pro,iPad Pro 12.9-inch M1 (2021),,256 GB,,Wi-Fi,,1300
UR,iPad,iPad Pro,iPad Pro 12.9-inch M1 (2021),,512 GB,,Wi-Fi + Cellular,,1510
UR,iPad,iPad Pro,iPad Pro 12.9-inch M1 (2021),,512 GB,,Wi-Fi,,1400
UR,iPad,iPad Pro,iPad Pro 12.9-inch M1 (2021),,1 TB,,Wi-Fi + Cellular,,1660
UR,iPad,iPad Pro,iPad Pro 12.9-inch M1 (2021),,1 TB,,Wi-Fi,,1510
UR,iPad,iPad Pro,iPad Pro 12.9-inch M1 (2021),,2 TB,,Wi-Fi + Cellular,,1810
UR,iPad,iPad Pro,iPad Pro 12.9-inch M1 (2021),,2 TB,,Wi-Fi,,1740
UR,iPad,iPad Pro,iPad Pro 12.9-inch M2 (2022),,128 GB,,Wi-Fi + Cellular,,1580
UR,iPad,iPad Pro,iPad Pro 12.9-inch M2 (2022),,128 GB,,Wi-Fi,,1430
UR,iPad,iPad Pro,iPad Pro 12.9-inch M2 (2022),,256 GB,,Wi-Fi + Cellular,,1700
UR,iPad,iPad Pro,iPad Pro 12.9-inch M2 (2022),,256 GB,,Wi-Fi,,1550
UR,iPad,iPad Pro,iPad Pro 12.9-inch M2 (2022),,512 GB,,Wi-Fi + Cellular,,1850
UR,iPad,iPad Pro,iPad Pro 12.9-inch M2 (2022),,512 GB,,Wi-Fi,,1680
UR,iPad,iPad Pro,iPad Pro 12.9-inch M2 (2022),,1 TB,,Wi-Fi + Cellular,,1930
UR,iPad,iPad Pro,iPad Pro 12.9-inch M2 (2022),,1 TB,,Wi-Fi,,1880
UR,iPad,iPad Pro,iPad Pro 12.9-inch M2 (2022),,2 TB,,Wi-Fi + Cellular,,2130
UR,iPad,iPad Pro,iPad Pro 12.9-inch M2 (2022),,2 TB,,Wi-Fi,,2080
UR,iPad,iPad Pro,iPad Pro 12.9-inch A9X (2015),,128 GB,,Wi-Fi + Cellular,,200
UR,iPad,iPad Pro,iPad Pro 12.9-inch A9X (2015),,128 GB,,Wi-Fi,,170
UR,iPad,iPad Pro,iPad Pro 12.9-inch A9X (2015),,256 GB,,Wi-Fi + Cellular,,250
UR,iPad,iPad Pro,iPad Pro 12.9-inch A9X (2015),,256 GB,,Wi-Fi,,200
UR,iPad,iPad Pro,iPad Pro 12.9-inch A10X (2017),,64 GB,,Wi-Fi + Cellular,,410
UR,iPad,iPad Pro,iPad Pro 12.9-inch A10X (2017),,64 GB,,Wi-Fi,,380
UR,iPad,iPad Pro,iPad Pro 12.9-inch A10X (2017),,256 GB,,Wi-Fi + Cellular,,480
UR,iPad,iPad Pro,iPad Pro 12.9-inch A10X (2017),,256 GB,,Wi-Fi,,430
UR,iPad,iPad Pro,iPad Pro 12.9-inch A10X (2017),,512 GB,,Wi-Fi + Cellular,,580
UR,iPad,iPad Pro,iPad Pro 12.9-inch A10X (2017),,512 GB,,Wi-Fi,,560
UR,iPad,iPad Pro,iPad Pro 12.9-inch A12X (2018),,64 GB,,Wi-Fi + Cellular,,750
UR,iPad,iPad Pro,iPad Pro 12.9-inch A12X (2018),,64 GB,,Wi-Fi,,650
UR,iPad,iPad Pro,iPad Pro 12.9-inch A12X (2018),,256 GB,,Wi-Fi + Cellular,,850
UR,iPad,iPad Pro,iPad Pro 12.9-inch A12X (2018),,256 GB,,Wi-Fi,,750
UR,iPad,iPad Pro,iPad Pro 12.9-inch A12X (2018),,512 GB,,Wi-Fi + Cellular,,950
UR,iPad,iPad Pro,iPad Pro 12.9-inch A12X (2018),,512 GB,,Wi-Fi,,850
UR,iPad,iPad Pro,iPad Pro 12.9-inch A12X (2018),,1 TB,,Wi-Fi + Cellular,,1050
UR,iPad,iPad Pro,iPad Pro 12.9-inch A12X (2018),,1 TB,,Wi-Fi,,950
UR,iPad,iPad Pro,iPad Pro 12.9-inch A12Z (2020),,128 GB,,Wi-Fi + Cellular,,1100
UR,iPad,iPad Pro,iPad Pro 12.9-inch A12Z (2020),,128 GB,,Wi-Fi,,930
UR,iPad,iPad Pro,iPad Pro 12.9-inch A12Z (2020),,256 GB,,Wi-Fi + Cellular,,1230
UR,iPad,iPad Pro,iPad Pro 12.9-inch A12Z (2020),,256 GB,,Wi-Fi,,1100
UR,iPad,iPad Pro,iPad Pro 12.9-inch A12Z (2020),,512 GB,,Wi-Fi + Cellular,,1380
UR,iPad,iPad Pro,iPad Pro 12.9-inch A12Z (2020),,512 GB,,Wi-Fi,,1230
UR,iPad,iPad Pro,iPad Pro 12.9-inch A12Z (2020),,1 TB,,Wi-Fi + Cellular,,1450
UR,iPad,iPad Pro,iPad Pro 12.9-inch A12Z (2020),,1 TB,,Wi-Fi,,1310
UR,iPad,iPad Pro,iPad Pro 13-inch M4 (2024) Nano Glass,,1 TB,,Wi-Fi + Cellular,,3650
UR,iPad,iPad Pro,iPad Pro 13-inch M4 (2024) Nano Glass,,2 TB,,Wi-Fi + Cellular,,4200
UR,iPad,iPad Pro,iPad Pro 13-inch M4 (2024) Standard Glass,,256 GB,,Wi-Fi + Cellular,,2620
UR,iPad,iPad Pro,iPad Pro 13-inch M4 (2024) Standard Glass,,512 GB,,Wi-Fi + Cellular,,3000
UR,iPad,iPad Pro,iPad Pro 13-inch M4 (2024) Standard Glass,,1 TB,,Wi-Fi + Cellular,,3600
UR,iPad,iPad Pro,iPad Pro 13-inch M4 (2024) Standard Glass,,2 TB,,Wi-Fi + Cellular,,4150
UR,iPad,iPad Pro,iPad Pro 13-inch M4 (2024) Nano Glass,,1 TB,,Wi-Fi,,3250
UR,iPad,iPad Pro,iPad Pro 13-inch M4 (2024) Nano Glass,,2 TB,,Wi-Fi,,3800
UR,iPad,iPad Pro,iPad Pro 13-inch M4 (2024) Standard Glass,,256 GB,,Wi-Fi,,2230
UR,iPad,iPad Pro,iPad Pro 13-inch M4 (2024) Standard Glass,,512 GB,,Wi-Fi,,2650
UR,iPad,iPad Pro,iPad Pro 13-inch M4 (2024) Standard Glass,,1 TB,,Wi-Fi,,3210
UR,iPad,iPad Pro,iPad Pro 13-inch M4 (2024) Standard Glass,,2 TB,,Wi-Fi,,3780
UR,iPad,iPad Pro,iPad Pro 9.7-inch A9X (2016),,32 GB,,Wi-Fi + Cellular,,160
UR,iPad,iPad Pro,iPad Pro 9.7-inch A9X (2016),,32 GB,,Wi-Fi,,150
UR,iPad,iPad Pro,iPad Pro 9.7-inch A9X (2016),,128 GB,,Wi-Fi + Cellular,,170
UR,iPad,iPad Pro,iPad Pro 9.7-inch A9X (2016),,128 GB,,Wi-Fi,,160
UR,iPad,iPad Pro,iPad Pro 9.7-inch A9X (2016),,256 GB,,Wi-Fi + Cellular,,210
UR,iPad,iPad Pro,iPad Pro 9.7-inch A9X (2016),,256 GB,,Wi-Fi,,200
U Mobile,iPad,iPad,iPad 8,,128 GB,,Wi-Fi + Cellular,,400
U Mobile,iPad,iPad,iPad 8,,32 GB,,Wi-Fi + Cellular,,300
U Mobile,iPad,iPad,iPad 9,,256 GB,,Wi-Fi + Cellular,,650
U Mobile,iPad,iPad,iPad 9,,64 GB,,Wi-Fi + Cellular,,525
U Mobile,iPad,iPad Air,iPad Air 4 10.9-inch A14 (2020),,256 GB,,Wi-Fi + Cellular,,845
U Mobile,iPad,iPad Air,iPad Air 4 10.9-inch A14 (2020),,64 GB,,Wi-Fi + Cellular,,720
U Mobile,iPad,iPad Air,iPad Air 5 10.9-inch M1 (2022),,256 GB,,Wi-Fi + Cellular,,1095
U Mobile,iPad,iPad Air,iPad Air 5 10.9-inch M1 (2022),,64 GB,,Wi-Fi + Cellular,,975
U Mobile,iPad,iPad mini,iPad Mini 5,,256 GB,,Wi-Fi + Cellular,,415
U Mobile,iPad,iPad mini,iPad Mini 5,,64 GB,,Wi-Fi + Cellular,,380
U Mobile,iPad,iPad mini,iPad Mini 6,,256 GB,,Wi-Fi + Cellular,,930
U Mobile,iPad,iPad mini,iPad Mini 6,,64 GB,,Wi-Fi + Cellular,,785
U Mobile,iPad,iPad Pro,iPad Pro 11-inch A12Z (2020),,128 GB,,Wi-Fi + Cellular,,820
U Mobile,iPad,iPad Pro,iPad Pro 11-inch A12Z (2020),,1 TB,,Wi-Fi + Cellular,,1120
U Mobile,iPad,iPad Pro,iPad Pro 11-inch A12Z (2020),,256 GB,,Wi-Fi + Cellular,,920
U Mobile,iPad,iPad Pro,iPad Pro 11-inch A12Z (2020),,512 GB,,Wi-Fi + Cellular,,1095
U Mobile,iPad,iPad Pro,iPad Pro 12.9-inch A12X (2018),,256 GB,,Wi-Fi + Cellular,,875
U Mobile,iPad,iPad Pro,iPad Pro 12.9-inch A12X (2018),,64 GB,,Wi-Fi + Cellular,,775
U Mobile,iPad,iPad Pro,iPad Pro 12.9-inch M2 (2022),,128 GB,,Wi-Fi + Cellular,,1570
U Mobile,iPad,iPad Pro,iPad Pro 12.9-inch M2 (2022),,256 GB,,Wi-Fi + Cellular,,1695
CompAsia,Mac,iMac,iMac i5 3.0GHz 27-inch (Early 2019),,1 TB,Fusion Drive,,,425
CompAsia,Mac,iMac,iMac i5 3.0GHz 27-inch (Early 2019),,1 TB,SSD,,,450
CompAsia,Mac,iMac,iMac i5 3.0GHz 27-inch (Early 2019),,256 GB,SSD,,,350
CompAsia,Mac,iMac,iMac i5 3.0GHz 27-inch (Early 2019),,2 TB,Fusion Drive,,,475
CompAsia,Mac,iMac,iMac i5 3.0GHz 27-inch (Early 2019),,512 GB,SSD,,,425
CompAsia,Mac,iMac,iMac i5 3.1GHz 27-inch (Early 2019),,1 TB,Fusion Drive,,,500
CompAsia,Mac,iMac,iMac i5 3.1GHz 27-inch (Early 2019),,1 TB,SSD,,,550
CompAsia,Mac,iMac,iMac i5 3.1GHz 27-inch (Early 2019),,256 GB,SSD,,,450
CompAsia,Mac,iMac,iMac i5 3.1GHz 27-inch (Early 2019),,2 TB,Fusion Drive,,,625
CompAsia,Mac,iMac,iMac i5 3.1GHz 27-inch (Early 2019),,3 TB,Fusion Drive,,,700
CompAsia,Mac,iMac,iMac i5 3.1GHz 27-inch (Early 2019),,512 GB,SSD,,,500
CompAsia,Mac,iMac,iMac i5 3.1GHz 27-inch (Mid 2020),,256 GB,SSD,,,650
CompAsia,Mac,iMac,iMac i5 3.3GHz 27-inch (Mid 2020),,1 TB,SSD,,,825
CompAsia,Mac,iMac,iMac i5 3.3GHz 27-inch (Mid 2020),,2 TB,SSD,,,950
CompAsia,Mac,iMac,iMac i5 3.3GHz 27-inch (Mid 2020),,512 GB,SSD,,,775
CompAsia,Mac,iMac,iMac i5 3.4GHz 27-inch (Mid 2017),,1 TB,Fusion Drive,,,375
CompAsia,Mac,iMac,iMac i5 3.4GHz 27-inch (Mid 2017),,1 TB,SSD,,,375
CompAsia,Mac,iMac,iMac i5 3.4GHz 27-inch (Mid 2017),,256 GB,SSD,,,275
CompAsia,Mac,iMac,iMac i5 3.4GHz 27-inch (Mid 2017),,2 TB,Fusion Drive,,,425
CompAsia,Mac,iMac,iMac i5 3.4GHz 27-inch (Mid 2017),,512 GB,SSD,,,300
CompAsia,Mac,iMac,iMac i5 3.5GHz 27-inch (Mid 2017),,1 TB,Fusion Drive,,,375
CompAsia,Mac,iMac,iMac i5 3.5GHz 27-inch (Mid 2017),,1 TB,SSD,,,375
CompAsia,Mac,iMac,iMac i5 3.5GHz 27-inch (Mid 2017),,256 GB,SSD,,,275
CompAsia,Mac,iMac,iMac i5 3.5GHz 27-inch (Mid 2017),,2 TB,Fusion Drive,,,425
CompAsia,Mac,iMac,iMac i5 3.5GHz 27-inch (Mid 2017),,3 TB,Fusion Drive,,,450
CompAsia,Mac,iMac,iMac i5 3.5GHz 27-inch (Mid 2017),,512 GB,SSD,,,300
CompAsia,Mac,iMac,iMac i5 3.7GHz 27-inch (Early 2019),,1 TB,SSD,,,625
CompAsia,Mac,iMac,iMac i5 3.7GHz 27-inch (Early 2019),,2 TB,Fusion Drive,,,625
CompAsia,Mac,iMac,iMac i5 3.7GHz 27-inch (Early 2019),,2 TB,SSD,,,675
CompAsia,Mac,iMac,iMac i5 3.7GHz 27-inch (Early 2019),,3 TB,Fusion Drive,,,750
CompAsia,Mac,iMac,iMac i5 3.7GHz 27-inch (Early 2019),,512 GB,SSD,,,625
CompAsia,Mac,iMac,iMac i5 3.8GHz 27-inch (Mid 2017),,1 TB,SSD,,,375
CompAsia,Mac,iMac,iMac i5 3.8GHz 27-inch (Mid 2017),,2 TB,Fusion Drive,,,425
CompAsia,Mac,iMac,iMac i5 3.8GHz 27-inch (Mid 2017),,2 TB,SSD,,,425
CompAsia,Mac,iMac,iMac i5 3.8GHz 27-inch (Mid 2017),,3 TB,Fusion Drive,,,450
CompAsia,Mac,iMac,iMac i5 3.8GHz 27-inch (Mid 2017),,512 GB,SSD,,,300
CompAsia,Mac,iMac,iMac i7 3.8GHz 27-inch (Mid 2020),,1 TB,SSD,,,975
CompAsia,Mac,iMac,iMac i7 3.8GHz 27-inch (Mid 2020),,2 TB,SSD,,,1025
CompAsia,Mac,iMac,iMac i7 3.8GHz 27-inch (Mid 2020),,4 TB,SSD,,,1250
CompAsia,Mac,iMac,iMac i7 3.8GHz 27-inch (Mid 2020),,512 GB,SSD,,,875
CompAsia,Mac,iMac,iMac i7 3.8GHz 27-inch (Mid 2020),,8 TB,SSD,,,1650
CompAsia,Mac,iMac,iMac i7 4.2GHz 27-inch (Mid 2017),,1 TB,Fusion Drive,,,400
CompAsia,Mac,iMac,iMac i7 4.2GHz 27-inch (Mid 2017),,1 TB,SSD,,,400
CompAsia,Mac,iMac,iMac i7 4.2GHz 27-inch (Mid 2017),,256 GB,SSD,,,275
CompAsia,Mac,iMac,iMac i7 4.2GHz 27-inch (Mid 2017),,2 TB,Fusion Drive,,,425
CompAsia,Mac,iMac,iMac i7 4.2GHz 27-inch (Mid 2017),,2 TB,SSD,,,425
CompAsia,Mac,iMac,iMac i7 4.2GHz 27-inch (Mid 2017),,3 TB,Fusion Drive,,,450
CompAsia,Mac,iMac,iMac i7 4.2GHz 27-inch (Mid 2017),,512 GB,SSD,,,300
CompAsia,Mac,iMac,iMac i9 3.6GHz 27-inch (Early 2019),,1 TB,Fusion Drive,,,1100
CompAsia,Mac,iMac,iMac i9 3.6GHz 27-inch (Early 2019),,1 TB,SSD,,,1175
CompAsia,Mac,iMac,iMac i9 3.6GHz 27-inch (Early 2019),,256 GB,SSD,,,850
CompAsia,Mac,iMac,iMac i9 3.6GHz 27-inch (Early 2019),,2 TB,Fusion Drive,,,1275
CompAsia,Mac,iMac,iMac i9 3.6GHz 27-inch (Early 2019),,2 TB,SSD,,,1350
CompAsia,Mac,iMac,iMac i9 3.6GHz 27-inch (Early 2019),,3 TB,Fusion Drive,,,1425
CompAsia,Mac,iMac,iMac i9 3.6GHz 27-inch (Early 2019),,512 GB,SSD,,,975
CompAsia,Mac,iMac,iMac i9 3.6GHz 27-inch (Mid 2020),,1 TB,SSD,,,1275
CompAsia,Mac,iMac,iMac i9 3.6GHz 27-inch (Mid 2020),,2 TB,SSD,,,1475
CompAsia,Mac,iMac,iMac i9 3.6GHz 27-inch (Mid 2020),,4 TB,SSD,,,1650
CompAsia,Mac,iMac,iMac i9 3.6GHz 27-inch (Mid 2020),,512 GB,SSD,,,1175
CompAsia,Mac,iMac,iMac i9 3.6GHz 27-inch (Mid 2020),,8 TB,SSD,,,1775
CompAsia,Mac,iMac,iMac M1 8-Core CPU & 7-Core GPU 24-inch (Early 2021),,1 TB,SSD,,,675
CompAsia,Mac,iMac,iMac M1 8-Core CPU & 7-Core GPU 24-inch (Early 2021),,256 GB,SSD,,,575
CompAsia,Mac,iMac,iMac M1 8-Core CPU & 7-Core GPU 24-inch (Early 2021),,512 GB,SSD,,,575
CompAsia,Mac,iMac,iMac M1 8-Core CPU & 8-Core GPU 24-inch (Early 2021),,1 TB,SSD,,,725
CompAsia,Mac,iMac,iMac M1 8-Core CPU & 8-Core GPU 24-inch (Early 2021),,256 GB,SSD,,,650
CompAsia,Mac,iMac,iMac M1 8-Core CPU & 8-Core GPU 24-inch (Early 2021),,2 TB,SSD,,,725
CompAsia,Mac,iMac,iMac M1 8-Core CPU & 8-Core GPU 24-inch (Early 2021),,512 GB,SSD,,,725
CompAsia,Mac,iMac,iMac M3 8-Core CPU & 10-Core GPU 24-inch (Late 2023),,1 TB,SSD,,,3250
CompAsia,Mac,iMac,iMac M3 8-Core CPU & 10-Core GPU 24-inch (Late 2023),,256 GB,SSD,,,2650
CompAsia,Mac,iMac,iMac M3 8-Core CPU & 10-Core GPU 24-inch (Late 2023),,2 TB,SSD,,,3725
CompAsia,Mac,iMac,iMac M3 8-Core CPU & 10-Core GPU 24-inch (Late 2023),,512 GB,SSD,,,2950
CompAsia,Mac,iMac,iMac M3 8-Core CPU & 8-Core GPU 24-inch (Late 2023),,1 TB,SSD,,,2800
CompAsia,Mac,iMac,iMac M3 8-Core CPU & 8-Core GPU 24-inch (Late 2023),,256 GB,SSD,,,2175
CompAsia,Mac,iMac,iMac M3 8-Core CPU & 8-Core GPU 24-inch (Late 2023),,512 GB,SSD,,,2500
CompAsia,Mac,iMac,iMac M4 10-Core CPU & 10-Core GPU 24-inch (Late 2024),,1 TB,SSD,,,3575
CompAsia,Mac,iMac,iMac M4 10-Core CPU & 10-Core GPU 24-inch (Late 2024),,256 GB,SSD,,,2725
CompAsia,Mac,iMac,iMac M4 10-Core CPU & 10-Core GPU 24-inch (Late 2024),,2 TB,SSD,,,3925
CompAsia,Mac,iMac,iMac M4 10-Core CPU & 10-Core GPU 24-inch (Late 2024),,512 GB,SSD,,,3200
CompAsia,Mac,iMac,iMac M4 8-Core CPU & 8-Core GPU 24-inch (Late 2024),,1 TB,SSD,,,3200
CompAsia,Mac,iMac,iMac M4 8-Core CPU & 8-Core GPU 24-inch (Late 2024),,256 GB,SSD,,,2450
CompAsia,Mac,iMac,iMac M4 8-Core CPU & 8-Core GPU 24-inch (Late 2024),,512 GB,SSD,,,2825
CompAsia,Mac,iMac Pro,iMac Pro Xeon W 2.3GHz 27-inch (Late 2017),,1 TB,SSD,,,750
CompAsia,Mac,iMac Pro,iMac Pro Xeon W 2.3GHz 27-inch (Late 2017),,2 TB,SSD,,,850
CompAsia,Mac,iMac Pro,iMac Pro Xeon W 2.3GHz 27-inch (Late 2017),,4 TB,SSD,,,950
CompAsia,Mac,iMac Pro,iMac Pro Xeon W 2.5GHz 27-inch (Late 2017),,1 TB,SSD,,,900
CompAsia,Mac,iMac Pro,iMac Pro Xeon W 2.5GHz 27-inch (Late 2017),,2 TB,SSD,,,975
CompAsia,Mac,iMac Pro,iMac Pro Xeon W 2.5GHz 27-inch (Late 2017),,4 TB,SSD,,,1050
CompAsia,Mac,iMac Pro,iMac Pro Xeon W 3.0GHz 27-inch (Late 2017),,1 TB,SSD,,,950
CompAsia,Mac,iMac Pro,iMac Pro Xeon W 3.0GHz 27-inch (Late 2017),,2 TB,SSD,,,975
CompAsia,Mac,iMac Pro,iMac Pro Xeon W 3.0GHz 27-inch (Late 2017),,4 TB,SSD,,,1000
CompAsia,Mac,iMac Pro,iMac Pro Xeon W 3.2GHz 27-inch (Late 2017),,1 TB,SSD,,,750
CompAsia,Mac,iMac Pro,iMac Pro Xeon W 3.2GHz 27-inch (Late 2017),,2 TB,SSD,,,850
CompAsia,Mac,iMac Pro,iMac Pro Xeon W 3.2GHz 27-inch (Late 2017),,4 TB,SSD,,,950
CompAsia,Mac,MacBook Air,MacBook Air i3 1.1GHz 13-inch (Early 2020),,1 TB,SSD,,,350
CompAsia,Mac,MacBook Air,MacBook Air i3 1.1GHz 13-inch (Early 2020),,256 GB,SSD,,,345
CompAsia,Mac,MacBook Air,MacBook Air i3 1.1GHz 13-inch (Early 2020),,2 TB,SSD,,,420
CompAsia,Mac,MacBook Air,MacBook Air i3 1.1GHz 13-inch (Early 2020),,512 GB,SSD,,,350
CompAsia,Mac,MacBook Air,MacBook Air i5 1.1GHz 13-inch (Early 2020),,1 TB,SSD,,,475
CompAsia,Mac,MacBook Air,MacBook Air i5 1.1GHz 13-inch (Early 2020),,256 GB,SSD,,,450
CompAsia,Mac,MacBook Air,MacBook Air i5 1.1GHz 13-inch (Early 2020),,2 TB,SSD,,,550
CompAsia,Mac,MacBook Air,MacBook Air i5 1.1GHz 13-inch (Early 2020),,512 GB,SSD,,,475
CompAsia,Mac,MacBook Air,MacBook Air i5 1.6GHz 13-inch (Late 2018),,128 GB,SSD,,,400
CompAsia,Mac,MacBook Air,MacBook Air i5 1.6GHz 13-inch (Late 2018),,1.5 TB,SSD,,,500
CompAsia,Mac,MacBook Air,MacBook Air i5 1.6GHz 13-inch (Late 2018),,256 GB,SSD,,,400
CompAsia,Mac,MacBook Air,MacBook Air i5 1.6GHz 13-inch (Late 2018),,512 GB,SSD,,,475
CompAsia,Mac,MacBook Air,MacBook Air i5 1.6GHz 13-inch (Mid 2019),,128 GB,SSD,,,400
CompAsia,Mac,MacBook Air,MacBook Air i5 1.6GHz 13-inch (Mid 2019),,1 TB,SSD,,,475
CompAsia,Mac,MacBook Air,MacBook Air i5 1.6GHz 13-inch (Mid 2019),,256 GB,SSD,,,400
CompAsia,Mac,MacBook Air,MacBook Air i5 1.6GHz 13-inch (Mid 2019),,512 GB,SSD,,,475
CompAsia,Mac,MacBook Air,MacBook Air i5 1.8GHz 13-inch (Mid 2017),,128 GB,SSD,,,175
CompAsia,Mac,MacBook Air,MacBook Air i5 1.8GHz 13-inch (Mid 2017),,256 GB,SSD,,,225
CompAsia,Mac,MacBook Air,MacBook Air i5 1.8GHz 13-inch (Mid 2017),,512 GB,SSD,,,250
CompAsia,Mac,MacBook Air,MacBook Air i7 1.2GHz 13-inch (Early 2020),,1 TB,SSD,,,500
CompAsia,Mac,MacBook Air,MacBook Air i7 1.2GHz 13-inch (Early 2020),,256 GB,SSD,,,475
CompAsia,Mac,MacBook Air,MacBook Air i7 1.2GHz 13-inch (Early 2020),,2 TB,SSD,,,575
CompAsia,Mac,MacBook Air,MacBook Air i7 1.2GHz 13-inch (Early 2020),,512 GB,SSD,,,475
CompAsia,Mac,MacBook Air,MacBook Air i7 2.2GHz 13-inch (Mid 2017),,128 GB,SSD,,,250
CompAsia,Mac,MacBook Air,MacBook Air i7 2.2GHz 13-inch (Mid 2017),,256 GB,SSD,,,300
CompAsia,Mac,MacBook Air,MacBook Air i7 2.2GHz 13-inch (Mid 2017),,512 GB,SSD,,,425
CompAsia,Mac,MacBook Air,MacBook Air M1 8-Core CPU & 7-Core GPU 13-inch (Late 2020),,128 GB,SSD,,,505
CompAsia,Mac,MacBook Air,MacBook Air M1 8-Core CPU & 7-Core GPU 13-inch (Late 2020),,1 TB,SSD,,,605
CompAsia,Mac,MacBook Air,MacBook Air M1 8-Core CPU & 7-Core GPU 13-inch (Late 2020),,256 GB,SSD,,,605
CompAsia,Mac,MacBook Air,MacBook Air M1 8-Core CPU & 7-Core GPU 13-inch (Late 2020),,2 TB,SSD,,,705
CompAsia,Mac,MacBook Air,MacBook Air M1 8-Core CPU & 7-Core GPU 13-inch (Late 2020),,512 GB,SSD,,,605
CompAsia,Mac,MacBook Air,MacBook Air M1 8-Core CPU & 8-Core GPU 13-inch (Late 2020),,1 TB,SSD,,,705
CompAsia,Mac,MacBook Air,MacBook Air M1 8-Core CPU & 8-Core GPU 13-inch (Late 2020),,256 GB,SSD,,,570
CompAsia,Mac,MacBook Air,MacBook Air M1 8-Core CPU & 8-Core GPU 13-inch (Late 2020),,2 TB,SSD,,,755
CompAsia,Mac,MacBook Air,MacBook Air M1 8-Core CPU & 8-Core GPU 13-inch (Late 2020),,512 GB,SSD,,,655
CompAsia,Mac,MacBook Air,MacBook Air M2 8-Core CPU & 10-Core GPU 13.6-inch (Mid 2022),,1 TB,SSD,,,1550
CompAsia,Mac,MacBook Air,MacBook Air M2 8-Core CPU & 10-Core GPU 13.6-inch (Mid 2022),,256 GB,SSD,,,1200
CompAsia,Mac,MacBook Air,MacBook Air M2 8-Core CPU & 10-Core GPU 13.6-inch (Mid 2022),,2 TB,SSD,,,2015
CompAsia,Mac,MacBook Air,MacBook Air M2 8-Core CPU & 10-Core GPU 13.6-inch (Mid 2022),,512 GB,SSD,,,1395
CompAsia,Mac,MacBook Air,MacBook Air M2 8-Core CPU & 10-Core GPU 15-inch (Mid 2023),,1 TB,SSD,,,2245
CompAsia,Mac,MacBook Air,MacBook Air M2 8-Core CPU & 10-Core GPU 15-inch (Mid 2023),,256 GB,SSD,,,1855
CompAsia,Mac,MacBook Air,MacBook Air M2 8-Core CPU & 10-Core GPU 15-inch (Mid 2023),,2 TB,SSD,,,2815
CompAsia,Mac,MacBook Air,MacBook Air M2 8-Core CPU & 10-Core GPU 15-inch (Mid 2023),,512 GB,SSD,,,2015
CompAsia,Mac,MacBook Air,MacBook Air M2 8-Core CPU & 8-Core GPU 13.6-inch (Mid 2022),,1 TB,SSD,,,1550
CompAsia,Mac,MacBook Air,MacBook Air M2 8-Core CPU & 8-Core GPU 13.6-inch (Mid 2022),,256 GB,SSD,,,1200
CompAsia,Mac,MacBook Air,MacBook Air M2 8-Core CPU & 8-Core GPU 13.6-inch (Mid 2022),,2 TB,SSD,,,1990
CompAsia,Mac,MacBook Air,MacBook Air M2 8-Core CPU & 8-Core GPU 13.6-inch (Mid 2022),,512 GB,SSD,,,1395
CompAsia,Mac,MacBook Air,MacBook Air M3 8-Core CPU & 10-Core GPU 13.6-inch (Early 2024),,1 TB,SSD,,,2450
CompAsia,Mac,MacBook Air,MacBook Air M3 8-Core CPU & 10-Core GPU 13.6-inch (Early 2024),,256 GB,SSD,,,1950
CompAsia,Mac,MacBook Air,MacBook Air M3 8-Core CPU & 10-Core GPU 13.6-inch (Early 2024),,2 TB,SSD,,,3125
CompAsia,Mac,MacBook Air,MacBook Air M3 8-Core CPU & 10-Core GPU 13.6-inch (Early 2024),,512 GB,SSD,,,2125
CompAsia,Mac,MacBook Air,MacBook Air M3 8-Core CPU & 10-Core GPU 15-inch (Early 2024),,1 TB,SSD,,,3075
CompAsia,Mac,MacBook Air,MacBook Air M3 8-Core CPU & 10-Core GPU 15-inch (Early 2024),,256 GB,SSD,,,2275
CompAsia,Mac,MacBook Air,MacBook Air M3 8-Core CPU & 10-Core GPU 15-inch (Early 2024),,2 TB,SSD,,,3475
CompAsia,Mac,MacBook Air,MacBook Air M3 8-Core CPU & 10-Core GPU 15-inch (Early 2024),,512 GB,SSD,,,2500
CompAsia,Mac,MacBook Air,MacBook Air M3 8-Core CPU & 8-Core GPU 13.6-inch (Early 2024),,256 GB,SSD,,,1950
CompAsia,Mac,MacBook Air,MacBook Air M4 10-Core CPU & 10-Core GPU 13-inch (Early 2025),,1 TB,SSD,,,3125
CompAsia,Mac,MacBook Air,MacBook Air M4 10-Core CPU & 10-Core GPU 13-inch (Early 2025),,256 GB,SSD,,,2450
CompAsia,Mac,MacBook Air,MacBook Air M4 10-Core CPU & 10-Core GPU 13-inch (Early 2025),,2 TB,SSD,,,4000
CompAsia,Mac,MacBook Air,MacBook Air M4 10-Core CPU & 10-Core GPU 13-inch (Early 2025),,512 GB,SSD,,,2675
CompAsia,Mac,MacBook Air,MacBook Air M4 10-Core CPU & 10-Core GPU 15-inch (Early 2025),,1 TB,SSD,,,3600
CompAsia,Mac,MacBook Air,MacBook Air M4 10-Core CPU & 10-Core GPU 15-inch (Early 2025),,256 GB,SSD,,,2750
CompAsia,Mac,MacBook Air,MacBook Air M4 10-Core CPU & 10-Core GPU 15-inch (Early 2025),,2 TB,SSD,,,4400
CompAsia,Mac,MacBook Air,MacBook Air M4 10-Core CPU & 10-Core GPU 15-inch (Early 2025),,512 GB,SSD,,,2975
CompAsia,Mac,MacBook Air,MacBook Air M4 10-Core CPU & 8-Core GPU 13-inch (Early 2025),,256 GB,SSD,,,2250
CompAsia,Mac,MacBook,MacBook i5 1.3GHz 12-inch (Mid 2017),,256 GB,SSD,,,275
CompAsia,Mac,MacBook,MacBook i5 1.3GHz 12-inch (Mid 2017),,512 GB,SSD,,,375
CompAsia,Mac,MacBook,MacBook i7 1.4GHz 12-inch (Mid 2017),,256 GB,SSD,,,325
CompAsia,Mac,MacBook,MacBook i7 1.4GHz 12-inch (Mid 2017),,512 GB,SSD,,,425
CompAsia,Mac,MacBook,MacBook M3 1.2GHz 12-inch (Mid 2017),,256 GB,SSD,,,275
CompAsia,Mac,MacBook Pro,MacBook Pro 14-inch M1 Max 10-Core CPU & 24-Core GPU (2021),,1 TB,SSD,,,2725
CompAsia,Mac,MacBook Pro,MacBook Pro 14-inch M1 Max 10-Core CPU & 24-Core GPU (2021),,2 TB,SSD,,,2775
CompAsia,Mac,MacBook Pro,MacBook Pro 14-inch M1 Max 10-Core CPU & 24-Core GPU (2021),,4 TB,SSD,,,3550
CompAsia,Mac,MacBook Pro,MacBook Pro 14-inch M1 Max 10-Core CPU & 24-Core GPU (2021),,512 GB,SSD,,,2525
CompAsia,Mac,MacBook Pro,MacBook Pro 14-inch M1 Max 10-Core CPU & 24-Core GPU (2021),,8 TB,SSD,,,4175
CompAsia,Mac,MacBook Pro,MacBook Pro 14-inch M1 Max 10-Core CPU & 32-Core GPU (2021),,1 TB,SSD,,,2875
CompAsia,Mac,MacBook Pro,MacBook Pro 14-inch M1 Max 10-Core CPU & 32-Core GPU (2021),,2 TB,SSD,,,3250
CompAsia,Mac,MacBook Pro,MacBook Pro 14-inch M1 Max 10-Core CPU & 32-Core GPU (2021),,4 TB,SSD,,,3725
CompAsia,Mac,MacBook Pro,MacBook Pro 14-inch M1 Max 10-Core CPU & 32-Core GPU (2021),,512 GB,SSD,,,2725
CompAsia,Mac,MacBook Pro,MacBook Pro 14-inch M1 Max 10-Core CPU & 32-Core GPU (2021),,8 TB,SSD,,,4325
CompAsia,Mac,MacBook Pro,MacBook Pro 14-inch M1 Pro 10-Core CPU & 14-Core GPU (2021),,1 TB,SSD,,,2150
CompAsia,Mac,MacBook Pro,MacBook Pro 14-inch M1 Pro 10-Core CPU & 14-Core GPU (2021),,2 TB,SSD,,,2375
CompAsia,Mac,MacBook Pro,MacBook Pro 14-inch M1 Pro 10-Core CPU & 14-Core GPU (2021),,4 TB,SSD,,,2850
CompAsia,Mac,MacBook Pro,MacBook Pro 14-inch M1 Pro 10-Core CPU & 14-Core GPU (2021),,512 GB,SSD,,,1950
CompAsia,Mac,MacBook Pro,MacBook Pro 14-inch M1 Pro 10-Core CPU & 14-Core GPU (2021),,8 TB,SSD,,,3600
CompAsia,Mac,MacBook Pro,MacBook Pro 14-inch M1 Pro 10-Core CPU & 16-Core GPU (2021),,1 TB,SSD,,,2275
CompAsia,Mac,MacBook Pro,MacBook Pro 14-inch M1 Pro 10-Core CPU & 16-Core GPU (2021),,2 TB,SSD,,,2525
CompAsia,Mac,MacBook Pro,MacBook Pro 14-inch M1 Pro 10-Core CPU & 16-Core GPU (2021),,4 TB,SSD,,,3050
CompAsia,Mac,MacBook Pro,MacBook Pro 14-inch M1 Pro 10-Core CPU & 16-Core GPU (2021),,512 GB,SSD,,,2100
CompAsia,Mac,MacBook Pro,MacBook Pro 14-inch M1 Pro 10-Core CPU & 16-Core GPU (2021),,8 TB,SSD,,,3725
CompAsia,Mac,MacBook Pro,MacBook Pro 14-inch M1 Pro 8-Core CPU & 14-Core GPU (2021),,1 TB,SSD,,,2025
CompAsia,Mac,MacBook Pro,MacBook Pro 14-inch M1 Pro 8-Core CPU & 14-Core GPU (2021),,2 TB,SSD,,,2050
CompAsia,Mac,MacBook Pro,MacBook Pro 14-inch M1 Pro 8-Core CPU & 14-Core GPU (2021),,4 TB,SSD,,,2475
CompAsia,Mac,MacBook Pro,MacBook Pro 14-inch M1 Pro 8-Core CPU & 14-Core GPU (2021),,512 GB,SSD,,,1800
CompAsia,Mac,MacBook Pro,MacBook Pro 14-inch M1 Pro 8-Core CPU & 14-Core GPU (2021),,8 TB,SSD,,,3325
CompAsia,Mac,MacBook Pro,MacBook Pro 16-inch M1 Max 10-Core CPU & 24-Core GPU (2021),,1 TB,SSD,,,2725
CompAsia,Mac,MacBook Pro,MacBook Pro 16-inch M1 Max 10-Core CPU & 24-Core GPU (2021),,2 TB,SSD,,,3050
CompAsia,Mac,MacBook Pro,MacBook Pro 16-inch M1 Max 10-Core CPU & 24-Core GPU (2021),,4 TB,SSD,,,3550
CompAsia,Mac,MacBook Pro,MacBook Pro 16-inch M1 Max 10-Core CPU & 24-Core GPU (2021),,512 GB,SSD,,,2675
CompAsia,Mac,MacBook Pro,MacBook Pro 16-inch M1 Max 10-Core CPU & 24-Core GPU (2021),,8 TB,SSD,,,4225
CompAsia,Mac,MacBook Pro,MacBook Pro 16-inch M1 Max 10-Core CPU & 32-Core GPU (2021),,1 TB,SSD,,,2900
CompAsia,Mac,MacBook Pro,MacBook Pro 16-inch M1 Max 10-Core CPU & 32-Core GPU (2021),,2 TB,SSD,,,3250
CompAsia,Mac,MacBook Pro,MacBook Pro 16-inch M1 Max 10-Core CPU & 32-Core GPU (2021),,4 TB,SSD,,,3775
CompAsia,Mac,MacBook Pro,MacBook Pro 16-inch M1 Max 10-Core CPU & 32-Core GPU (2021),,512 GB,SSD,,,2710
CompAsia,Mac,MacBook Pro,MacBook Pro 16-inch M1 Max 10-Core CPU & 32-Core GPU (2021),,8 TB,SSD,,,4400
CompAsia,Mac,MacBook Pro,MacBook Pro 16-inch M1 Pro 10-Core CPU & 16-Core GPU (2021),,1 TB,SSD,,,2275
CompAsia,Mac,MacBook Pro,MacBook Pro 16-inch M1 Pro 10-Core CPU & 16-Core GPU (2021),,2 TB,SSD,,,2650
CompAsia,Mac,MacBook Pro,MacBook Pro 16-inch M1 Pro 10-Core CPU & 16-Core GPU (2021),,4 TB,SSD,,,3175
CompAsia,Mac,MacBook Pro,MacBook Pro 16-inch M1 Pro 10-Core CPU & 16-Core GPU (2021),,512 GB,SSD,,,2125
CompAsia,Mac,MacBook Pro,MacBook Pro 16-inch M1 Pro 10-Core CPU & 16-Core GPU (2021),,8 TB,SSD,,,3800
CompAsia,Mac,MacBook Pro,MacBook Pro i5 1.4GHz 13-inch (Mid 2019),,128 GB,SSD,,,400
CompAsia,Mac,MacBook Pro,MacBook Pro i5 1.4GHz 13-inch (Mid 2019),,1 TB,SSD,,,600
CompAsia,Mac,MacBook Pro,MacBook Pro i5 1.4GHz 13-inch (Mid 2019),,256 GB,SSD,,,475
CompAsia,Mac,MacBook Pro,MacBook Pro i5 1.4GHz 13-inch (Mid 2019),,2 TB,SSD,,,650
CompAsia,Mac,MacBook Pro,MacBook Pro i5 1.4GHz 13-inch (Mid 2019),,512 GB,SSD,,,525
CompAsia,Mac,MacBook Pro,MacBook Pro i5 1.4GHz 13-inch (Mid 2020),,1 TB,SSD,,,725
CompAsia,Mac,MacBook Pro,MacBook Pro i5 1.4GHz 13-inch (Mid 2020),,256 GB,SSD,,,625
CompAsia,Mac,MacBook Pro,MacBook Pro i5 1.4GHz 13-inch (Mid 2020),,2 TB,SSD,,,750
CompAsia,Mac,MacBook Pro,MacBook Pro i5 1.4GHz 13-inch (Mid 2020),,512 GB,SSD,,,675
CompAsia,Mac,MacBook Pro,MacBook Pro i5 2.0GHz 13-inch (Late 2016),,1 TB,SSD,,,300
CompAsia,Mac,MacBook Pro,MacBook Pro i5 2.0GHz 13-inch (Late 2016),,256 GB,SSD,,,250
CompAsia,Mac,MacBook Pro,MacBook Pro i5 2.0GHz 13-inch (Late 2016),,512 GB,SSD,,,275
CompAsia,Mac,MacBook Pro,MacBook Pro i5 2.0GHz 13-inch (Mid 2020),,1 TB,SSD,,,800
CompAsia,Mac,MacBook Pro,MacBook Pro i5 2.0GHz 13-inch (Mid 2020),,2 TB,SSD,,,875
CompAsia,Mac,MacBook Pro,MacBook Pro i5 2.0GHz 13-inch (Mid 2020),,4 TB,SSD,,,1025
CompAsia,Mac,MacBook Pro,MacBook Pro i5 2.0GHz 13-inch (Mid 2020),,512 GB,SSD,,,725
CompAsia,Mac,MacBook Pro,MacBook Pro i5 2.3GHz 13-inch (Mid 2017),,128 GB,SSD,,,300
CompAsia,Mac,MacBook Pro,MacBook Pro i5 2.3GHz 13-inch (Mid 2017),,1 TB,SSD,,,500
CompAsia,Mac,MacBook Pro,MacBook Pro i5 2.3GHz 13-inch (Mid 2017),,256 GB,SSD,,,425
CompAsia,Mac,MacBook Pro,MacBook Pro i5 2.3GHz 13-inch (Mid 2017),,512 GB,SSD,,,450
CompAsia,Mac,MacBook Pro,MacBook Pro i5 2.3GHz 13-inch (Mid 2018),,1 TB,SSD,,,675
CompAsia,Mac,MacBook Pro,MacBook Pro i5 2.3GHz 13-inch (Mid 2018),,256 GB,SSD,,,600
CompAsia,Mac,MacBook Pro,MacBook Pro i5 2.3GHz 13-inch (Mid 2018),,2 TB,SSD,,,700
CompAsia,Mac,MacBook Pro,MacBook Pro i5 2.3GHz 13-inch (Mid 2018),,512 GB,SSD,,,650
CompAsia,Mac,MacBook Pro,MacBook Pro i5 2.4GHz 13-inch (Mid 2019),,1 TB,SSD,,,700
CompAsia,Mac,MacBook Pro,MacBook Pro i5 2.4GHz 13-inch (Mid 2019),,256 GB,SSD,,,650
CompAsia,Mac,MacBook Pro,MacBook Pro i5 2.4GHz 13-inch (Mid 2019),,2 TB,SSD,,,725
CompAsia,Mac,MacBook Pro,MacBook Pro i5 2.4GHz 13-inch (Mid 2019),,512 GB,SSD,,,650
CompAsia,Mac,MacBook Pro,MacBook Pro i5 2.9GHz 13-inch (Late 2016),,1 TB,SSD,,,400
CompAsia,Mac,MacBook Pro,MacBook Pro i5 2.9GHz 13-inch (Late 2016),,256 GB,SSD,,,350
CompAsia,Mac,MacBook Pro,MacBook Pro i5 2.9GHz 13-inch (Late 2016),,512 GB,SSD,,,400
CompAsia,Mac,MacBook Pro,MacBook Pro i5 3.1GHz 13-inch (Late 2016),,1 TB,SSD,,,400
CompAsia,Mac,MacBook Pro,MacBook Pro i5 3.1GHz 13-inch (Late 2016),,256 GB,SSD,,,400
CompAsia,Mac,MacBook Pro,MacBook Pro i5 3.1GHz 13-inch (Late 2016),,512 GB,SSD,,,400
CompAsia,Mac,MacBook Pro,MacBook Pro i5 3.1GHz 13-inch (Mid 2017),,1 TB,SSD,,,550
CompAsia,Mac,MacBook Pro,MacBook Pro i5 3.1GHz 13-inch (Mid 2017),,256 GB,SSD,,,450
CompAsia,Mac,MacBook Pro,MacBook Pro i5 3.1GHz 13-inch (Mid 2017),,512 GB,SSD,,,475
CompAsia,Mac,MacBook Pro,MacBook Pro i5 3.3GHz 13-inch (Mid 2017),,1 TB,SSD,,,550
CompAsia,Mac,MacBook Pro,MacBook Pro i5 3.3GHz 13-inch (Mid 2017),,256 GB,SSD,,,450
CompAsia,Mac,MacBook Pro,MacBook Pro i5 3.3GHz 13-inch (Mid 2017),,512 GB,SSD,,,475
CompAsia,Mac,MacBook Pro,MacBook Pro i7 1.7GHz 13-inch (Mid 2019),,128 GB,SSD,,,475
CompAsia,Mac,MacBook Pro,MacBook Pro i7 1.7GHz 13-inch (Mid 2019),,1 TB,SSD,,,650
CompAsia,Mac,MacBook Pro,MacBook Pro i7 1.7GHz 13-inch (Mid 2019),,256 GB,SSD,,,525
CompAsia,Mac,MacBook Pro,MacBook Pro i7 1.7GHz 13-inch (Mid 2019),,2 TB,SSD,,,700
CompAsia,Mac,MacBook Pro,MacBook Pro i7 1.7GHz 13-inch (Mid 2019),,512 GB,SSD,,,575
CompAsia,Mac,MacBook Pro,MacBook Pro i7 1.7GHz 13-inch (Mid 2020),,1 TB,SSD,,,800
CompAsia,Mac,MacBook Pro,MacBook Pro i7 1.7GHz 13-inch (Mid 2020),,256 GB,SSD,,,750
CompAsia,Mac,MacBook Pro,MacBook Pro i7 1.7GHz 13-inch (Mid 2020),,2 TB,SSD,,,875
CompAsia,Mac,MacBook Pro,MacBook Pro i7 1.7GHz 13-inch (Mid 2020),,512 GB,SSD,,,750
CompAsia,Mac,MacBook Pro,MacBook Pro i7 2.2GHz 15-inch (Mid 2018),,1 TB,SSD,,,900
CompAsia,Mac,MacBook Pro,MacBook Pro i7 2.2GHz 15-inch (Mid 2018),,256 GB,SSD,,,850
CompAsia,Mac,MacBook Pro,MacBook Pro i7 2.2GHz 15-inch (Mid 2018),,2 TB,SSD,,,1050
CompAsia,Mac,MacBook Pro,MacBook Pro i7 2.2GHz 15-inch (Mid 2018),,4 TB,SSD,,,1125
CompAsia,Mac,MacBook Pro,MacBook Pro i7 2.2GHz 15-inch (Mid 2018),,512 GB,SSD,,,850
CompAsia,Mac,MacBook Pro,MacBook Pro i7 2.3GHz 13-inch (Mid 2020),,1 TB,SSD,,,850
CompAsia,Mac,MacBook Pro,MacBook Pro i7 2.3GHz 13-inch (Mid 2020),,2 TB,SSD,,,925
CompAsia,Mac,MacBook Pro,MacBook Pro i7 2.3GHz 13-inch (Mid 2020),,4 TB,SSD,,,1075
CompAsia,Mac,MacBook Pro,MacBook Pro i7 2.3GHz 13-inch (Mid 2020),,512 GB,SSD,,,750
CompAsia,Mac,MacBook Pro,MacBook Pro i7 2.4GHz 13-inch (Late 2016),,1 TB,SSD,,,400
CompAsia,Mac,MacBook Pro,MacBook Pro i7 2.4GHz 13-inch (Late 2016),,256 GB,SSD,,,300
CompAsia,Mac,MacBook Pro,MacBook Pro i7 2.4GHz 13-inch (Late 2016),,512 GB,SSD,,,350
CompAsia,Mac,MacBook Pro,MacBook Pro i7 2.5GHz 13-inch (Mid 2017),,128 GB,SSD,,,300
CompAsia,Mac,MacBook Pro,MacBook Pro i7 2.5GHz 13-inch (Mid 2017),,1 TB,SSD,,,550
CompAsia,Mac,MacBook Pro,MacBook Pro i7 2.5GHz 13-inch (Mid 2017),,256 GB,SSD,,,450
CompAsia,Mac,MacBook Pro,MacBook Pro i7 2.5GHz 13-inch (Mid 2017),,512 GB,SSD,,,500
CompAsia,Mac,MacBook Pro,MacBook Pro i7 2.6GHz 15-inch (Late 2016),,1 TB,SSD,,,700
CompAsia,Mac,MacBook Pro,MacBook Pro i7 2.6GHz 15-inch (Late 2016),,256 GB,SSD,,,650
CompAsia,Mac,MacBook Pro,MacBook Pro i7 2.6GHz 15-inch (Late 2016),,2 TB,SSD,,,750
CompAsia,Mac,MacBook Pro,MacBook Pro i7 2.6GHz 15-inch (Late 2016),,512 GB,SSD,,,675
CompAsia,Mac,MacBook Pro,MacBook Pro i7 2.6GHz 15-inch (Mid 2018),,1 TB,SSD,,,975
CompAsia,Mac,MacBook Pro,MacBook Pro i7 2.6GHz 15-inch (Mid 2018),,256 GB,SSD,,,850
CompAsia,Mac,MacBook Pro,MacBook Pro i7 2.6GHz 15-inch (Mid 2018),,2 TB,SSD,,,1075
CompAsia,Mac,MacBook Pro,MacBook Pro i7 2.6GHz 15-inch (Mid 2018),,4 TB,SSD,,,1125
CompAsia,Mac,MacBook Pro,MacBook Pro i7 2.6GHz 15-inch (Mid 2018),,512 GB,SSD,,,900
CompAsia,Mac,MacBook Pro,MacBook Pro i7 2.6GHz 15-inch (Mid 2019),,1 TB,SSD,,,1125
CompAsia,Mac,MacBook Pro,MacBook Pro i7 2.6GHz 15-inch (Mid 2019),,256 GB,SSD,,,1000
CompAsia,Mac,MacBook Pro,MacBook Pro i7 2.6GHz 15-inch (Mid 2019),,2 TB,SSD,,,1250
CompAsia,Mac,MacBook Pro,MacBook Pro i7 2.6GHz 15-inch (Mid 2019),,4 TB,SSD,,,1325
CompAsia,Mac,MacBook Pro,MacBook Pro i7 2.6GHz 15-inch (Mid 2019),,512 GB,SSD,,,1050
CompAsia,Mac,MacBook Pro,MacBook Pro i7 2.6GHz 16-inch (Late 2019),,1 TB,SSD,,,1150
CompAsia,Mac,MacBook Pro,MacBook Pro i7 2.6GHz 16-inch (Late 2019),,2 TB,SSD,,,1250
CompAsia,Mac,MacBook Pro,MacBook Pro i7 2.6GHz 16-inch (Late 2019),,4 TB,SSD,,,1350
CompAsia,Mac,MacBook Pro,MacBook Pro i7 2.6GHz 16-inch (Late 2019),,512 GB,SSD,,,1075
CompAsia,Mac,MacBook Pro,MacBook Pro i7 2.6GHz 16-inch (Late 2019),,8 TB,SSD,,,1475
CompAsia,Mac,MacBook Pro,MacBook Pro i7 2.7GHz 13-inch (Mid 2018),,2 TB,SSD,,,750
CompAsia,Mac,MacBook Pro,MacBook Pro i7 2.7GHz 15-inch (Late 2016),,1 TB,SSD,,,700
CompAsia,Mac,MacBook Pro,MacBook Pro i7 2.7GHz 15-inch (Late 2016),,256 GB,SSD,,,650
CompAsia,Mac,MacBook Pro,MacBook Pro i7 2.7GHz 15-inch (Late 2016),,2 TB,SSD,,,750
CompAsia,Mac,MacBook Pro,MacBook Pro i7 2.7GHz 15-inch (Late 2016),,512 GB,SSD,,,675
CompAsia,Mac,MacBook Pro,MacBook Pro i7 2.8GHz 13-inch (Mid 2019),,1 TB,SSD,,,725
CompAsia,Mac,MacBook Pro,MacBook Pro i7 2.8GHz 13-inch (Mid 2019),,256 GB,SSD,,,700
CompAsia,Mac,MacBook Pro,MacBook Pro i7 2.8GHz 13-inch (Mid 2019),,2 TB,SSD,,,800
CompAsia,Mac,MacBook Pro,MacBook Pro i7 2.8GHz 13-inch (Mid 2019),,512 GB,SSD,,,725
CompAsia,Mac,MacBook Pro,MacBook Pro i7 2.8GHz 15-inch (Mid 2017),,1 TB,SSD,,,775
CompAsia,Mac,MacBook Pro,MacBook Pro i7 2.8GHz 15-inch (Mid 2017),,256 GB,SSD,,,750
CompAsia,Mac,MacBook Pro,MacBook Pro i7 2.8GHz 15-inch (Mid 2017),,2 TB,SSD,,,825
CompAsia,Mac,MacBook Pro,MacBook Pro i7 2.8GHz 15-inch (Mid 2017),,512 GB,SSD,,,750
CompAsia,Mac,MacBook Pro,MacBook Pro i7 2.9GHz 15-inch (Late 2016),,1 TB,SSD,,,700
CompAsia,Mac,MacBook Pro,MacBook Pro i7 2.9GHz 15-inch (Late 2016),,256 GB,SSD,,,650
CompAsia,Mac,MacBook Pro,MacBook Pro i7 2.9GHz 15-inch (Late 2016),,2 TB,SSD,,,750
CompAsia,Mac,MacBook Pro,MacBook Pro i7 2.9GHz 15-inch (Late 2016),,512 GB,SSD,,,675
CompAsia,Mac,MacBook Pro,MacBook Pro i7 2.9GHz 15-inch (Mid 2017),,1 TB,SSD,,,775
CompAsia,Mac,MacBook Pro,MacBook Pro i7 2.9GHz 15-inch (Mid 2017),,256 GB,SSD,,,750
CompAsia,Mac,MacBook Pro,MacBook Pro i7 2.9GHz 15-inch (Mid 2017),,2 TB,SSD,,,825
CompAsia,Mac,MacBook Pro,MacBook Pro i7 2.9GHz 15-inch (Mid 2017),,512 GB,SSD,,,750
CompAsia,Mac,MacBook Pro,MacBook Pro i7 3.1GHz 15-inch (Mid 2017),,1 TB,SSD,,,775
CompAsia,Mac,MacBook Pro,MacBook Pro i7 3.1GHz 15-inch (Mid 2017),,256 GB,SSD,,,750
CompAsia,Mac,MacBook Pro,MacBook Pro i7 3.1GHz 15-inch (Mid 2017),,2 TB,SSD,,,825
CompAsia,Mac,MacBook Pro,MacBook Pro i7 3.1GHz 15-inch (Mid 2017),,512 GB,SSD,,,750
CompAsia,Mac,MacBook Pro,MacBook Pro i7 3.3GHz 13-inch (Late 2016),,1 TB,SSD,,,400
CompAsia,Mac,MacBook Pro,MacBook Pro i7 3.3GHz 13-inch (Late 2016),,256 GB,SSD,,,400
CompAsia,Mac,MacBook Pro,MacBook Pro i7 3.3GHz 13-inch (Late 2016),,512 GB,SSD,,,400
CompAsia,Mac,MacBook Pro,MacBook Pro i7 3.5GHz 13-inch (Mid 2017),,1 TB,SSD,,,775
CompAsia,Mac,MacBook Pro,MacBook Pro i7 3.5GHz 13-inch (Mid 2017),,256 GB,SSD,,,675
CompAsia,Mac,MacBook Pro,MacBook Pro i7 3.5GHz 13-inch (Mid 2017),,512 GB,SSD,,,750
CompAsia,Mac,MacBook Pro,MacBook Pro i9 2.3GHz 15-inch (Mid 2019),,1 TB,SSD,,,1250
CompAsia,Mac,MacBook Pro,MacBook Pro i9 2.3GHz 15-inch (Mid 2019),,256 GB,SSD,,,1000
CompAsia,Mac,MacBook Pro,MacBook Pro i9 2.3GHz 15-inch (Mid 2019),,2 TB,SSD,,,1350
CompAsia,Mac,MacBook Pro,MacBook Pro i9 2.3GHz 15-inch (Mid 2019),,4 TB,SSD,,,1475
CompAsia,Mac,MacBook Pro,MacBook Pro i9 2.3GHz 15-inch (Mid 2019),,512 GB,SSD,,,1075
CompAsia,Mac,MacBook Pro,MacBook Pro i9 2.3GHz 16-inch (Late 2019),,1 TB,SSD,,,1250
CompAsia,Mac,MacBook Pro,MacBook Pro i9 2.3GHz 16-inch (Late 2019),,2 TB,SSD,,,1350
CompAsia,Mac,MacBook Pro,MacBook Pro i9 2.3GHz 16-inch (Late 2019),,4 TB,SSD,,,1475
CompAsia,Mac,MacBook Pro,MacBook Pro i9 2.3GHz 16-inch (Late 2019),,8 TB,SSD,,,1500
CompAsia,Mac,MacBook Pro,MacBook Pro i9 2.4GHz 15-inch (Mid 2019),,1 TB,SSD,,,1250
CompAsia,Mac,MacBook Pro,MacBook Pro i9 2.4GHz 15-inch (Mid 2019),,256 GB,SSD,,,1000
CompAsia,Mac,MacBook Pro,MacBook Pro i9 2.4GHz 15-inch (Mid 2019),,2 TB,SSD,,,1350
CompAsia,Mac,MacBook Pro,MacBook Pro i9 2.4GHz 15-inch (Mid 2019),,4 TB,SSD,,,1475
CompAsia,Mac,MacBook Pro,MacBook Pro i9 2.4GHz 15-inch (Mid 2019),,512 GB,SSD,,,1150
CompAsia,Mac,MacBook Pro,MacBook Pro i9 2.4GHz 16-inch (Late 2019),,1 TB,SSD,,,1375
CompAsia,Mac,MacBook Pro,MacBook Pro i9 2.4GHz 16-inch (Late 2019),,2 TB,SSD,,,1450
CompAsia,Mac,MacBook Pro,MacBook Pro i9 2.4GHz 16-inch (Late 2019),,4 TB,SSD,,,1575
CompAsia,Mac,MacBook Pro,MacBook Pro i9 2.4GHz 16-inch (Late 2019),,512 GB,SSD,,,1150
CompAsia,Mac,MacBook Pro,MacBook Pro i9 2.4GHz 16-inch (Late 2019),,8 TB,SSD,,,1700
CompAsia,Mac,MacBook Pro,MacBook Pro i9 2.9GHz 15-inch (Mid 2018),,1 TB,SSD,,,975
CompAsia,Mac,MacBook Pro,MacBook Pro i9 2.9GHz 15-inch (Mid 2018),,256 GB,SSD,,,850
CompAsia,Mac,MacBook Pro,MacBook Pro i9 2.9GHz 15-inch (Mid 2018),,2 TB,SSD,,,1075
CompAsia,Mac,MacBook Pro,MacBook Pro i9 2.9GHz 15-inch (Mid 2018),,4 TB,SSD,,,1150
CompAsia,Mac,MacBook Pro,MacBook Pro i9 2.9GHz 15-inch (Mid 2018),,512 GB,SSD,,,900
CompAsia,Mac,MacBook Pro,MacBook Pro M1 8-Core CPU & 8-Core GPU 13-inch (Late 2020),,1 TB,SSD,,,1000
CompAsia,Mac,MacBook Pro,MacBook Pro M1 8-Core CPU & 8-Core GPU 13-inch (Late 2020),,256 GB,SSD,,,875
CompAsia,Mac,MacBook Pro,MacBook Pro M1 8-Core CPU & 8-Core GPU 13-inch (Late 2020),,2 TB,SSD,,,1125
CompAsia,Mac,MacBook Pro,MacBook Pro M1 8-Core CPU & 8-Core GPU 13-inch (Late 2020),,512 GB,SSD,,,925
CompAsia,Mac,MacBook Pro,MacBook Pro M2 8-Core CPU & 10-Core GPU 13-inch (Mid 2022),,1 TB,SSD,,,1875
CompAsia,Mac,MacBook Pro,MacBook Pro M2 8-Core CPU & 10-Core GPU 13-inch (Mid 2022),,256 GB,SSD,,,1375
CompAsia,Mac,MacBook Pro,MacBook Pro M2 8-Core CPU & 10-Core GPU 13-inch (Mid 2022),,2 TB,SSD,,,2225
CompAsia,Mac,MacBook Pro,MacBook Pro M2 8-Core CPU & 10-Core GPU 13-inch (Mid 2022),,512 GB,SSD,,,1675
CompAsia,Mac,MacBook Pro,MacBook Pro M2 Max 12-Core CPU & 30-Core GPU 14-inch (Early 2023),,1 TB,SSD,,,3025
CompAsia,Mac,MacBook Pro,MacBook Pro M2 Max 12-Core CPU & 30-Core GPU 14-inch (Early 2023),,2 TB,SSD,,,3800
CompAsia,Mac,MacBook Pro,MacBook Pro M2 Max 12-Core CPU & 30-Core GPU 14-inch (Early 2023),,4 TB,SSD,,,4575
CompAsia,Mac,MacBook Pro,MacBook Pro M2 Max 12-Core CPU & 30-Core GPU 14-inch (Early 2023),,512 GB,SSD,,,3000
CompAsia,Mac,MacBook Pro,MacBook Pro M2 Max 12-Core CPU & 30-Core GPU 14-inch (Early 2023),,8 TB,SSD,,,5775
CompAsia,Mac,MacBook Pro,MacBook Pro M2 Max 12-Core CPU & 30-Core GPU 16-inch (Early 2023),,1 TB,SSD,,,3825
CompAsia,Mac,MacBook Pro,MacBook Pro M2 Max 12-Core CPU & 30-Core GPU 16-inch (Early 2023),,2 TB,SSD,,,4125
CompAsia,Mac,MacBook Pro,MacBook Pro M2 Max 12-Core CPU & 30-Core GPU 16-inch (Early 2023),,4 TB,SSD,,,4725
CompAsia,Mac,MacBook Pro,MacBook Pro M2 Max 12-Core CPU & 30-Core GPU 16-inch (Early 2023),,512 GB,SSD,,,3600
CompAsia,Mac,MacBook Pro,MacBook Pro M2 Max 12-Core CPU & 30-Core GPU 16-inch (Early 2023),,8 TB,SSD,,,5950
CompAsia,Mac,MacBook Pro,MacBook Pro M2 Max 12-Core CPU & 38-Core GPU 14-inch (Early 2023),,1 TB,SSD,,,3725
CompAsia,Mac,MacBook Pro,MacBook Pro M2 Max 12-Core CPU & 38-Core GPU 14-inch (Early 2023),,2 TB,SSD,,,4125
CompAsia,Mac,MacBook Pro,MacBook Pro M2 Max 12-Core CPU & 38-Core GPU 14-inch (Early 2023),,4 TB,SSD,,,4775
CompAsia,Mac,MacBook Pro,MacBook Pro M2 Max 12-Core CPU & 38-Core GPU 14-inch (Early 2023),,512 GB,SSD,,,3475
CompAsia,Mac,MacBook Pro,MacBook Pro M2 Max 12-Core CPU & 38-Core GPU 14-inch (Early 2023),,8 TB,SSD,,,5825
CompAsia,Mac,MacBook Pro,MacBook Pro M2 Max 12-Core CPU & 38-Core GPU 16-inch (Early 2023),,1 TB,SSD,,,4000
CompAsia,Mac,MacBook Pro,MacBook Pro M2 Max 12-Core CPU & 38-Core GPU 16-inch (Early 2023),,2 TB,SSD,,,4500
CompAsia,Mac,MacBook Pro,MacBook Pro M2 Max 12-Core CPU & 38-Core GPU 16-inch (Early 2023),,4 TB,SSD,,,4950
CompAsia,Mac,MacBook Pro,MacBook Pro M2 Max 12-Core CPU & 38-Core GPU 16-inch (Early 2023),,512 GB,SSD,,,3925
CompAsia,Mac,MacBook Pro,MacBook Pro M2 Max 12-Core CPU & 38-Core GPU 16-inch (Early 2023),,8 TB,SSD,,,5975
CompAsia,Mac,MacBook Pro,MacBook Pro M2 Pro 10-Core CPU & 16-Core GPU 14-inch (Early 2023),,1 TB,SSD,,,2625
CompAsia,Mac,MacBook Pro,MacBook Pro M2 Pro 10-Core CPU & 16-Core GPU 14-inch (Early 2023),,2 TB,SSD,,,3075
CompAsia,Mac,MacBook Pro,MacBook Pro M2 Pro 10-Core CPU & 16-Core GPU 14-inch (Early 2023),,4 TB,SSD,,,3575
CompAsia,Mac,MacBook Pro,MacBook Pro M2 Pro 10-Core CPU & 16-Core GPU 14-inch (Early 2023),,512 GB,SSD,,,2450
CompAsia,Mac,MacBook Pro,MacBook Pro M2 Pro 10-Core CPU & 16-Core GPU 14-inch (Early 2023),,8 TB,SSD,,,4050
CompAsia,Mac,MacBook Pro,MacBook Pro M2 Pro 12-Core CPU & 19-Core GPU 14-inch (Early 2023),,1 TB,SSD,,,2625
CompAsia,Mac,MacBook Pro,MacBook Pro M2 Pro 12-Core CPU & 19-Core GPU 14-inch (Early 2023),,2 TB,SSD,,,3275
CompAsia,Mac,MacBook Pro,MacBook Pro M2 Pro 12-Core CPU & 19-Core GPU 14-inch (Early 2023),,4 TB,SSD,,,3800
CompAsia,Mac,MacBook Pro,MacBook Pro M2 Pro 12-Core CPU & 19-Core GPU 14-inch (Early 2023),,512 GB,SSD,,,2500
CompAsia,Mac,MacBook Pro,MacBook Pro M2 Pro 12-Core CPU & 19-Core GPU 14-inch (Early 2023),,8 TB,SSD,,,4625
CompAsia,Mac,MacBook Pro,MacBook Pro M2 Pro 12-Core CPU & 19-Core GPU 16-inch (Early 2023),,1 TB,SSD,,,3125
CompAsia,Mac,MacBook Pro,MacBook Pro M2 Pro 12-Core CPU & 19-Core GPU 16-inch (Early 2023),,2 TB,SSD,,,3500
CompAsia,Mac,MacBook Pro,MacBook Pro M2 Pro 12-Core CPU & 19-Core GPU 16-inch (Early 2023),,4 TB,SSD,,,4300
CompAsia,Mac,MacBook Pro,MacBook Pro M2 Pro 12-Core CPU & 19-Core GPU 16-inch (Early 2023),,512 GB,SSD,,,2925
CompAsia,Mac,MacBook Pro,MacBook Pro M2 Pro 12-Core CPU & 19-Core GPU 16-inch (Early 2023),,8 TB,SSD,,,5250
CompAsia,Mac,MacBook Pro,MacBook Pro M3 8-Core CPU & 10-Core GPU 14-inch (Late 2023),,1 TB,SSD,,,2800
CompAsia,Mac,MacBook Pro,MacBook Pro M3 8-Core CPU & 10-Core GPU 14-inch (Late 2023),,2 TB,SSD,,,3375
CompAsia,Mac,MacBook Pro,MacBook Pro M3 8-Core CPU & 10-Core GPU 14-inch (Late 2023),,512 GB,SSD,,,2525
CompAsia,Mac,MacBook Pro,MacBook Pro M3 Max 14-Core CPU & 30-Core GPU 14-inch (Late 2023),,1 TB,SSD,,,4800
CompAsia,Mac,MacBook Pro,MacBook Pro M3 Max 14-Core CPU & 30-Core GPU 14-inch (Late 2023),,2 TB,SSD,,,5225
CompAsia,Mac,MacBook Pro,MacBook Pro M3 Max 14-Core CPU & 30-Core GPU 14-inch (Late 2023),,4 TB,SSD,,,6200
CompAsia,Mac,MacBook Pro,MacBook Pro M3 Max 14-Core CPU & 30-Core GPU 14-inch (Late 2023),,512 GB,SSD,,,4600
CompAsia,Mac,MacBook Pro,MacBook Pro M3 Max 14-Core CPU & 30-Core GPU 14-inch (Late 2023),,8 TB,SSD,,,7400
CompAsia,Mac,MacBook Pro,MacBook Pro M3 Max 14-Core CPU & 30-Core GPU 16-inch (Late 2023),,1 TB,SSD,,,5650
CompAsia,Mac,MacBook Pro,MacBook Pro M3 Max 14-Core CPU & 30-Core GPU 16-inch (Late 2023),,2 TB,SSD,,,6125
CompAsia,Mac,MacBook Pro,MacBook Pro M3 Max 14-Core CPU & 30-Core GPU 16-inch (Late 2023),,4 TB,SSD,,,7000
CompAsia,Mac,MacBook Pro,MacBook Pro M3 Max 14-Core CPU & 30-Core GPU 16-inch (Late 2023),,512 GB,SSD,,,5200
CompAsia,Mac,MacBook Pro,MacBook Pro M3 Max 14-Core CPU & 30-Core GPU 16-inch (Late 2023),,8 TB,SSD,,,8700
CompAsia,Mac,MacBook Pro,MacBook Pro M3 Max 16-Core CPU & 40-Core GPU 14-inch (Late 2023),,1 TB,SSD,,,5400
CompAsia,Mac,MacBook Pro,MacBook Pro M3 Max 16-Core CPU & 40-Core GPU 14-inch (Late 2023),,2 TB,SSD,,,6075
CompAsia,Mac,MacBook Pro,MacBook Pro M3 Max 16-Core CPU & 40-Core GPU 14-inch (Late 2023),,4 TB,SSD,,,6900
CompAsia,Mac,MacBook Pro,MacBook Pro M3 Max 16-Core CPU & 40-Core GPU 14-inch (Late 2023),,512 GB,SSD,,,5225
CompAsia,Mac,MacBook Pro,MacBook Pro M3 Max 16-Core CPU & 40-Core GPU 14-inch (Late 2023),,8 TB,SSD,,,8450
CompAsia,Mac,MacBook Pro,MacBook Pro M3 Max 16-Core CPU & 40-Core GPU 16-inch (Late 2023),,1 TB,SSD,,,6425
CompAsia,Mac,MacBook Pro,MacBook Pro M3 Max 16-Core CPU & 40-Core GPU 16-inch (Late 2023),,2 TB,SSD,,,7000
CompAsia,Mac,MacBook Pro,MacBook Pro M3 Max 16-Core CPU & 40-Core GPU 16-inch (Late 2023),,4 TB,SSD,,,7775
CompAsia,Mac,MacBook Pro,MacBook Pro M3 Max 16-Core CPU & 40-Core GPU 16-inch (Late 2023),,512 GB,SSD,,,5975
CompAsia,Mac,MacBook Pro,MacBook Pro M3 Max 16-Core CPU & 40-Core GPU 16-inch (Late 2023),,8 TB,SSD,,,9550
CompAsia,Mac,MacBook Pro,MacBook Pro M3 Pro 11-Core CPU & 14-Core GPU 14-inch (Late 2023),,1 TB,SSD,,,3300
CompAsia,Mac,MacBook Pro,MacBook Pro M3 Pro 11-Core CPU & 14-Core GPU 14-inch (Late 2023),,2 TB,SSD,,,4075
CompAsia,Mac,MacBook Pro,MacBook Pro M3 Pro 11-Core CPU & 14-Core GPU 14-inch (Late 2023),,4 TB,SSD,,,4725
CompAsia,Mac,MacBook Pro,MacBook Pro M3 Pro 11-Core CPU & 14-Core GPU 14-inch (Late 2023),,512 GB,SSD,,,3000
CompAsia,Mac,MacBook Pro,MacBook Pro M3 Pro 12-Core CPU & 18-Core GPU 14-inch (Late 2023),,1 TB,SSD,,,3700
CompAsia,Mac,MacBook Pro,MacBook Pro M3 Pro 12-Core CPU & 18-Core GPU 14-inch (Late 2023),,2 TB,SSD,,,4100
CompAsia,Mac,MacBook Pro,MacBook Pro M3 Pro 12-Core CPU & 18-Core GPU 14-inch (Late 2023),,4 TB,SSD,,,4725
CompAsia,Mac,MacBook Pro,MacBook Pro M3 Pro 12-Core CPU & 18-Core GPU 14-inch (Late 2023),,512 GB,SSD,,,3400
CompAsia,Mac,MacBook Pro,MacBook Pro M3 Pro 12-Core CPU & 18-Core GPU 16-inch (Late 2023),,1 TB,SSD,,,4350
CompAsia,Mac,MacBook Pro,MacBook Pro M3 Pro 12-Core CPU & 18-Core GPU 16-inch (Late 2023),,2 TB,SSD,,,5100
CompAsia,Mac,MacBook Pro,MacBook Pro M3 Pro 12-Core CPU & 18-Core GPU 16-inch (Late 2023),,4 TB,SSD,,,5875
CompAsia,Mac,MacBook Pro,MacBook Pro M3 Pro 12-Core CPU & 18-Core GPU 16-inch (Late 2023),,512 GB,SSD,,,3900
CompAsia,Mac,MacBook Pro,MacBook Pro M4 10-Core CPU & 10-Core GPU 14-inch (Late 2024),,1 TB,SSD,,,3300
CompAsia,Mac,MacBook Pro,MacBook Pro M4 10-Core CPU & 10-Core GPU 14-inch (Late 2024),,2 TB,SSD,,,4100
CompAsia,Mac,MacBook Pro,MacBook Pro M4 10-Core CPU & 10-Core GPU 14-inch (Late 2024),,512 GB,SSD,,,2925
CompAsia,Mac,MacBook Pro,MacBook Pro M4 Max 14-Core CPU & 32-Core GPU 14-inch (Late 2024),,1 TB,SSD,,,5750
CompAsia,Mac,MacBook Pro,MacBook Pro M4 Max 14-Core CPU & 32-Core GPU 14-inch (Late 2024),,2 TB,SSD,,,6375
CompAsia,Mac,MacBook Pro,MacBook Pro M4 Max 14-Core CPU & 32-Core GPU 14-inch (Late 2024),,4 TB,SSD,,,7425
CompAsia,Mac,MacBook Pro,MacBook Pro M4 Max 14-Core CPU & 32-Core GPU 14-inch (Late 2024),,8 TB,SSD,,,8600
CompAsia,Mac,MacBook Pro,MacBook Pro M4 Max 14-Core CPU & 32-Core GPU 16-inch (Late 2024),,1 TB,SSD,,,6100
CompAsia,Mac,MacBook Pro,MacBook Pro M4 Max 14-Core CPU & 32-Core GPU 16-inch (Late 2024),,2 TB,SSD,,,6775
CompAsia,Mac,MacBook Pro,MacBook Pro M4 Max 14-Core CPU & 32-Core GPU 16-inch (Late 2024),,4 TB,SSD,,,7775
CompAsia,Mac,MacBook Pro,MacBook Pro M4 Max 14-Core CPU & 32-Core GPU 16-inch (Late 2024),,8 TB,SSD,,,8875
CompAsia,Mac,MacBook Pro,MacBook Pro M4 Max 16-Core CPU & 40-Core GPU 14-inch (Late 2024),,1 TB,SSD,,,6550
CompAsia,Mac,MacBook Pro,MacBook Pro M4 Max 16-Core CPU & 40-Core GPU 14-inch (Late 2024),,2 TB,SSD,,,7125
CompAsia,Mac,MacBook Pro,MacBook Pro M4 Max 16-Core CPU & 40-Core GPU 14-inch (Late 2024),,4 TB,SSD,,,8125
CompAsia,Mac,MacBook Pro,MacBook Pro M4 Max 16-Core CPU & 40-Core GPU 14-inch (Late 2024),,8 TB,SSD,,,9200
CompAsia,Mac,MacBook Pro,MacBook Pro M4 Max 16-Core CPU & 40-Core GPU 16-inch (Late 2024),,1 TB,SSD,,,6750
CompAsia,Mac,MacBook Pro,MacBook Pro M4 Max 16-Core CPU & 40-Core GPU 16-inch (Late 2024),,2 TB,SSD,,,7375
CompAsia,Mac,MacBook Pro,MacBook Pro M4 Max 16-Core CPU & 40-Core GPU 16-inch (Late 2024),,4 TB,SSD,,,8650
CompAsia,Mac,MacBook Pro,MacBook Pro M4 Max 16-Core CPU & 40-Core GPU 16-inch (Late 2024),,8 TB,SSD,,,9900
CompAsia,Mac,MacBook Pro,MacBook Pro M4 Pro 12-Core CPU & 16-Core GPU 14-inch (Late 2024),,1 TB,SSD,,,3900
CompAsia,Mac,MacBook Pro,MacBook Pro M4 Pro 12-Core CPU & 16-Core GPU 14-inch (Late 2024),,2 TB,SSD,,,4575
CompAsia,Mac,MacBook Pro,MacBook Pro M4 Pro 12-Core CPU & 16-Core GPU 14-inch (Late 2024),,4 TB,SSD,,,5075
CompAsia,Mac,MacBook Pro,MacBook Pro M4 Pro 12-Core CPU & 16-Core GPU 14-inch (Late 2024),,512 GB,SSD,,,3475
CompAsia,Mac,MacBook Pro,MacBook Pro M4 Pro 14-Core CPU & 20-Core GPU 14-inch (Late 2024),,1 TB,SSD,,,4275
CompAsia,Mac,MacBook Pro,MacBook Pro M4 Pro 14-Core CPU & 20-Core GPU 14-inch (Late 2024),,2 TB,SSD,,,4925
CompAsia,Mac,MacBook Pro,MacBook Pro M4 Pro 14-Core CPU & 20-Core GPU 14-inch (Late 2024),,4 TB,SSD,,,5800
CompAsia,Mac,MacBook Pro,MacBook Pro M4 Pro 14-Core CPU & 20-Core GPU 14-inch (Late 2024),,512 GB,SSD,,,4150
CompAsia,Mac,MacBook Pro,MacBook Pro M4 Pro 14-Core CPU & 20-Core GPU 16-inch (Late 2024),,1 TB,SSD,,,4725
CompAsia,Mac,MacBook Pro,MacBook Pro M4 Pro 14-Core CPU & 20-Core GPU 16-inch (Late 2024),,2 TB,SSD,,,5400
CompAsia,Mac,MacBook Pro,MacBook Pro M4 Pro 14-Core CPU & 20-Core GPU 16-inch (Late 2024),,4 TB,SSD,,,5975
CompAsia,Mac,MacBook Pro,MacBook Pro M4 Pro 14-Core CPU & 20-Core GPU 16-inch (Late 2024),,512 GB,SSD,,,4375
CompAsia,Mac,MacBook Pro,MacBook Pro M5 10-Core CPU & 10-Core GPU 14-inch (Late 2025),,1 TB,SSD,,,4425
CompAsia,Mac,MacBook Pro,MacBook Pro M5 10-Core CPU & 10-Core GPU 14-inch (Late 2025),,2 TB,SSD,,,5400
CompAsia,Mac,MacBook Pro,MacBook Pro M5 10-Core CPU & 10-Core GPU 14-inch (Late 2025),,4 TB,SSD,,,6350
CompAsia,Mac,MacBook Pro,MacBook Pro M5 10-Core CPU & 10-Core GPU 14-inch (Late 2025),,512 GB,SSD,,,3950
CompAsia,Mac,Mac mini,Mac Mini i3 3.6GHz (Early 2020),,1 TB,SSD,,,340
CompAsia,Mac,Mac mini,Mac Mini i3 3.6GHz (Early 2020),,256 GB,SSD,,,200
CompAsia,Mac,Mac mini,Mac Mini i3 3.6GHz (Early 2020),,2 TB,SSD,,,365
CompAsia,Mac,Mac mini,Mac Mini i3 3.6GHz (Early 2020),,512 GB,SSD,,,275
CompAsia,Mac,Mac mini,Mac Mini i3 3.6GHz (Late 2018),,128 GB,SSD,,,175
CompAsia,Mac,Mac mini,Mac Mini i3 3.6GHz (Late 2018),,1 TB,SSD,,,350
CompAsia,Mac,Mac mini,Mac Mini i3 3.6GHz (Late 2018),,256 GB,SSD,,,200
CompAsia,Mac,Mac mini,Mac Mini i3 3.6GHz (Late 2018),,2 TB,SSD,,,375
CompAsia,Mac,Mac mini,Mac Mini i3 3.6GHz (Late 2018),,512 GB,SSD,,,275
CompAsia,Mac,Mac mini,Mac Mini i5 3.0GHz (Early 2020),,1 TB,SSD,,,365
CompAsia,Mac,Mac mini,Mac Mini i5 3.0GHz (Early 2020),,2 TB,SSD,,,415
CompAsia,Mac,Mac mini,Mac Mini i5 3.0GHz (Early 2020),,512 GB,SSD,,,340
CompAsia,Mac,Mac mini,Mac Mini i5 3.0GHz (Late 2018),,128 GB,SSD,,,200
CompAsia,Mac,Mac mini,Mac Mini i5 3.0GHz (Late 2018),,1 TB,SSD,,,375
CompAsia,Mac,Mac mini,Mac Mini i5 3.0GHz (Late 2018),,256 GB,SSD,,,300
CompAsia,Mac,Mac mini,Mac Mini i5 3.0GHz (Late 2018),,2 TB,SSD,,,425
CompAsia,Mac,Mac mini,Mac Mini i5 3.0GHz (Late 2018),,512 GB,SSD,,,350
CompAsia,Mac,Mac mini,Mac Mini i7 3.2GHz (Early 2020),,1 TB,SSD,,,365
CompAsia,Mac,Mac mini,Mac Mini i7 3.2GHz (Early 2020),,256 GB,SSD,,,340
CompAsia,Mac,Mac mini,Mac Mini i7 3.2GHz (Early 2020),,2 TB,SSD,,,475
CompAsia,Mac,Mac mini,Mac Mini i7 3.2GHz (Early 2020),,512 GB,SSD,,,340
CompAsia,Mac,Mac mini,Mac Mini i7 3.2GHz (Late 2018),,128 GB,SSD,,,300
CompAsia,Mac,Mac mini,Mac Mini i7 3.2GHz (Late 2018),,1 TB,SSD,,,375
CompAsia,Mac,Mac mini,Mac Mini i7 3.2GHz (Late 2018),,256 GB,SSD,,,350
CompAsia,Mac,Mac mini,Mac Mini i7 3.2GHz (Late 2018),,2 TB,SSD,,,475
CompAsia,Mac,Mac mini,Mac Mini i7 3.2GHz (Late 2018),,512 GB,SSD,,,350
CompAsia,Mac,Mac mini,Mac Mini M1 8-Core CPU & 8-Core GPU (Late 2020),,1 TB,SSD,,,375
CompAsia,Mac,Mac mini,Mac Mini M1 8-Core CPU & 8-Core GPU (Late 2020),,256 GB,SSD,,,350
CompAsia,Mac,Mac mini,Mac Mini M1 8-Core CPU & 8-Core GPU (Late 2020),,2 TB,SSD,,,475
CompAsia,Mac,Mac mini,Mac Mini M1 8-Core CPU & 8-Core GPU (Late 2020),,512 GB,SSD,,,350
CompAsia,Mac,Mac mini,Mac Mini M2 8-Core CPU & 10-Core GPU (Early 2023),,1 TB,SSD,,,525
CompAsia,Mac,Mac mini,Mac Mini M2 8-Core CPU & 10-Core GPU (Early 2023),,256 GB,SSD,,,425
CompAsia,Mac,Mac mini,Mac Mini M2 8-Core CPU & 10-Core GPU (Early 2023),,2 TB,SSD,,,625
CompAsia,Mac,Mac mini,Mac Mini M2 8-Core CPU & 10-Core GPU (Early 2023),,512 GB,SSD,,,475
CompAsia,Mac,Mac mini,Mac Mini M2 Pro 10-Core CPU & 16-Core GPU (Early 2023),,1 TB,SSD,,,525
CompAsia,Mac,Mac mini,Mac Mini M2 Pro 10-Core CPU & 16-Core GPU (Early 2023),,2 TB,SSD,,,675
CompAsia,Mac,Mac mini,Mac Mini M2 Pro 10-Core CPU & 16-Core GPU (Early 2023),,4 TB,SSD,,,675
CompAsia,Mac,Mac mini,Mac Mini M2 Pro 10-Core CPU & 16-Core GPU (Early 2023),,512 GB,SSD,,,475
CompAsia,Mac,Mac mini,Mac Mini M2 Pro 10-Core CPU & 16-Core GPU (Early 2023),,8 TB,SSD,,,675
CompAsia,Mac,Mac mini,Mac Mini M2 Pro 12-Core CPU & 19-Core GPU (Early 2023),,1 TB,SSD,,,525
CompAsia,Mac,Mac mini,Mac Mini M2 Pro 12-Core CPU & 19-Core GPU (Early 2023),,2 TB,SSD,,,660
CompAsia,Mac,Mac mini,Mac Mini M2 Pro 12-Core CPU & 19-Core GPU (Early 2023),,4 TB,SSD,,,675
CompAsia,Mac,Mac mini,Mac Mini M2 Pro 12-Core CPU & 19-Core GPU (Early 2023),,512 GB,SSD,,,475
CompAsia,Mac,Mac mini,Mac Mini M2 Pro 12-Core CPU & 19-Core GPU (Early 2023),,8 TB,SSD,,,675
CompAsia,Mac,Mac mini,Mac Mini M4 10-Core CPU & 10-Core GPU (Late 2024),,1 TB,SSD,,,1750
CompAsia,Mac,Mac mini,Mac Mini M4 10-Core CPU & 10-Core GPU (Late 2024),,256 GB,SSD,,,1025
CompAsia,Mac,Mac mini,Mac Mini M4 10-Core CPU & 10-Core GPU (Late 2024),,2 TB,SSD,,,2375
CompAsia,Mac,Mac mini,Mac Mini M4 10-Core CPU & 10-Core GPU (Late 2024),,512 GB,SSD,,,1375
CompAsia,Mac,Mac mini,Mac Mini M4 Pro 12-Core CPU & 16-Core GPU (Late 2024),,1 TB,SSD,,,2625
CompAsia,Mac,Mac mini,Mac Mini M4 Pro 12-Core CPU & 16-Core GPU (Late 2024),,2 TB,SSD,,,3175
CompAsia,Mac,Mac mini,Mac Mini M4 Pro 12-Core CPU & 16-Core GPU (Late 2024),,4 TB,SSD,,,4050
CompAsia,Mac,Mac mini,Mac Mini M4 Pro 12-Core CPU & 16-Core GPU (Late 2024),,512 GB,SSD,,,2300
CompAsia,Mac,Mac mini,Mac Mini M4 Pro 12-Core CPU & 16-Core GPU (Late 2024),,8 TB,SSD,,,5825
CompAsia,Mac,Mac mini,Mac Mini M4 Pro 14-Core CPU & 20-Core GPU (Late 2024),,1 TB,SSD,,,2975
CompAsia,Mac,Mac mini,Mac Mini M4 Pro 14-Core CPU & 20-Core GPU (Late 2024),,2 TB,SSD,,,3500
CompAsia,Mac,Mac mini,Mac Mini M4 Pro 14-Core CPU & 20-Core GPU (Late 2024),,4 TB,SSD,,,4375
CompAsia,Mac,Mac mini,Mac Mini M4 Pro 14-Core CPU & 20-Core GPU (Late 2024),,512 GB,SSD,,,2625
CompAsia,Mac,Mac mini,Mac Mini M4 Pro 14-Core CPU & 20-Core GPU (Late 2024),,8 TB,SSD,,,6175
CompAsia,Mac,Mac Pro,Mac Pro M2 Ultra 24-Core CPU & 60-Core GPU (Mid 2023),,1 TB,SSD,,,10000
CompAsia,Mac,Mac Pro,Mac Pro M2 Ultra 24-Core CPU & 60-Core GPU (Mid 2023),,2 TB,SSD,,,10600
CompAsia,Mac,Mac Pro,Mac Pro M2 Ultra 24-Core CPU & 60-Core GPU (Mid 2023),,4 TB,SSD,,,11400
CompAsia,Mac,Mac Pro,Mac Pro M2 Ultra 24-Core CPU & 60-Core GPU (Mid 2023),,8 TB,SSD,,,12100
CompAsia,Mac,Mac Pro,Mac Pro M2 Ultra 24-Core CPU & 60-Core GPU Rack (Mid 2023),,1 TB,SSD,,,10000
CompAsia,Mac,Mac Pro,Mac Pro M2 Ultra 24-Core CPU & 60-Core GPU Rack (Mid 2023),,2 TB,SSD,,,10600
CompAsia,Mac,Mac Pro,Mac Pro M2 Ultra 24-Core CPU & 60-Core GPU Rack (Mid 2023),,4 TB,SSD,,,11400
CompAsia,Mac,Mac Pro,Mac Pro M2 Ultra 24-Core CPU & 60-Core GPU Rack (Mid 2023),,8 TB,SSD,,,12100
CompAsia,Mac,Mac Pro,Mac Pro M2 Ultra 24-Core CPU & 76-Core GPU (Mid 2023),,1 TB,SSD,,,11400
CompAsia,Mac,Mac Pro,Mac Pro M2 Ultra 24-Core CPU & 76-Core GPU (Mid 2023),,2 TB,SSD,,,12000
CompAsia,Mac,Mac Pro,Mac Pro M2 Ultra 24-Core CPU & 76-Core GPU (Mid 2023),,4 TB,SSD,,,12900
CompAsia,Mac,Mac Pro,Mac Pro M2 Ultra 24-Core CPU & 76-Core GPU (Mid 2023),,8 TB,SSD,,,13700
CompAsia,Mac,Mac Pro,Mac Pro M2 Ultra 24-Core CPU & 76-Core GPU Rack (Mid 2023),,1 TB,SSD,,,11400
CompAsia,Mac,Mac Pro,Mac Pro M2 Ultra 24-Core CPU & 76-Core GPU Rack (Mid 2023),,2 TB,SSD,,,12025
CompAsia,Mac,Mac Pro,Mac Pro M2 Ultra 24-Core CPU & 76-Core GPU Rack (Mid 2023),,4 TB,SSD,,,12900
CompAsia,Mac,Mac Pro,Mac Pro M2 Ultra 24-Core CPU & 76-Core GPU Rack (Mid 2023),,8 TB,SSD,,,13650
CompAsia,Mac,Mac Studio,Mac Studio M1 Max 10-Core CPU & 24-Core GPU (Early 2022),,1 TB,SSD,,,1975
CompAsia,Mac,Mac Studio,Mac Studio M1 Max 10-Core CPU & 24-Core GPU (Early 2022),,2 TB,SSD,,,2375
CompAsia,Mac,Mac Studio,Mac Studio M1 Max 10-Core CPU & 24-Core GPU (Early 2022),,4 TB,SSD,,,2925
CompAsia,Mac,Mac Studio,Mac Studio M1 Max 10-Core CPU & 24-Core GPU (Early 2022),,512 GB,SSD,,,1825
CompAsia,Mac,Mac Studio,Mac Studio M1 Max 10-Core CPU & 24-Core GPU (Early 2022),,8 TB,SSD,,,3625
CompAsia,Mac,Mac Studio,Mac Studio M1 Max 10-Core CPU & 32-Core GPU (Early 2022),,1 TB,SSD,,,2100
CompAsia,Mac,Mac Studio,Mac Studio M1 Max 10-Core CPU & 32-Core GPU (Early 2022),,2 TB,SSD,,,2450
CompAsia,Mac,Mac Studio,Mac Studio M1 Max 10-Core CPU & 32-Core GPU (Early 2022),,4 TB,SSD,,,2975
CompAsia,Mac,Mac Studio,Mac Studio M1 Max 10-Core CPU & 32-Core GPU (Early 2022),,512 GB,SSD,,,1975
CompAsia,Mac,Mac Studio,Mac Studio M1 Max 10-Core CPU & 32-Core GPU (Early 2022),,8 TB,SSD,,,3825
CompAsia,Mac,Mac Studio,Mac Studio M1 Ultra 20-Core CPU & 48-Core GPU (Early 2022),,1 TB,SSD,,,3250
CompAsia,Mac,Mac Studio,Mac Studio M1 Ultra 20-Core CPU & 48-Core GPU (Early 2022),,2 TB,SSD,,,3950
CompAsia,Mac,Mac Studio,Mac Studio M1 Ultra 20-Core CPU & 48-Core GPU (Early 2022),,4 TB,SSD,,,4200
CompAsia,Mac,Mac Studio,Mac Studio M1 Ultra 20-Core CPU & 48-Core GPU (Early 2022),,8 TB,SSD,,,5075
CompAsia,Mac,Mac Studio,Mac Studio M1 Ultra 20-Core CPU & 64-Core GPU (Early 2022),,1 TB,SSD,,,4375
CompAsia,Mac,Mac Studio,Mac Studio M1 Ultra 20-Core CPU & 64-Core GPU (Early 2022),,2 TB,SSD,,,4775
CompAsia,Mac,Mac Studio,Mac Studio M1 Ultra 20-Core CPU & 64-Core GPU (Early 2022),,4 TB,SSD,,,5325
CompAsia,Mac,Mac Studio,Mac Studio M1 Ultra 20-Core CPU & 64-Core GPU (Early 2022),,8 TB,SSD,,,5900
CompAsia,Mac,Mac Studio,Mac Studio M2 Max 12-Core CPU & 30-Core GPU (Mid 2023),,1 TB,SSD,,,3225
CompAsia,Mac,Mac Studio,Mac Studio M2 Max 12-Core CPU & 30-Core GPU (Mid 2023),,2 TB,SSD,,,3825
CompAsia,Mac,Mac Studio,Mac Studio M2 Max 12-Core CPU & 30-Core GPU (Mid 2023),,4 TB,SSD,,,4700
CompAsia,Mac,Mac Studio,Mac Studio M2 Max 12-Core CPU & 30-Core GPU (Mid 2023),,512 GB,SSD,,,3000
CompAsia,Mac,Mac Studio,Mac Studio M2 Max 12-Core CPU & 30-Core GPU (Mid 2023),,8 TB,SSD,,,5900
CompAsia,Mac,Mac Studio,Mac Studio M2 Max 12-Core CPU & 38-Core GPU (Mid 2023),,1 TB,SSD,,,3575
CompAsia,Mac,Mac Studio,Mac Studio M2 Max 12-Core CPU & 38-Core GPU (Mid 2023),,2 TB,SSD,,,4150
CompAsia,Mac,Mac Studio,Mac Studio M2 Max 12-Core CPU & 38-Core GPU (Mid 2023),,4 TB,SSD,,,5000
CompAsia,Mac,Mac Studio,Mac Studio M2 Max 12-Core CPU & 38-Core GPU (Mid 2023),,512 GB,SSD,,,3225
CompAsia,Mac,Mac Studio,Mac Studio M2 Max 12-Core CPU & 38-Core GPU (Mid 2023),,8 TB,SSD,,,6150
CompAsia,Mac,Mac Studio,Mac Studio M2 Ultra 24-Core CPU & 60-Core GPU (Mid 2023),,1 TB,SSD,,,5925
CompAsia,Mac,Mac Studio,Mac Studio M2 Ultra 24-Core CPU & 60-Core GPU (Mid 2023),,2 TB,SSD,,,6475
CompAsia,Mac,Mac Studio,Mac Studio M2 Ultra 24-Core CPU & 60-Core GPU (Mid 2023),,4 TB,SSD,,,7150
CompAsia,Mac,Mac Studio,Mac Studio M2 Ultra 24-Core CPU & 60-Core GPU (Mid 2023),,8 TB,SSD,,,8350
CompAsia,Mac,Mac Studio,Mac Studio M2 Ultra 24-Core CPU & 76-Core GPU (Mid 2023),,1 TB,SSD,,,7350
CompAsia,Mac,Mac Studio,Mac Studio M2 Ultra 24-Core CPU & 76-Core GPU (Mid 2023),,2 TB,SSD,,,7950
CompAsia,Mac,Mac Studio,Mac Studio M2 Ultra 24-Core CPU & 76-Core GPU (Mid 2023),,4 TB,SSD,,,8800
CompAsia,Mac,Mac Studio,Mac Studio M2 Ultra 24-Core CPU & 76-Core GPU (Mid 2023),,8 TB,SSD,,,9600
CompAsia,Mac,Mac Studio,Mac Studio M3 Ultra 28-Core CPU & 60‑core GPU (Early 2025),,16 TB,SSD,,,13600
CompAsia,Mac,Mac Studio,Mac Studio M3 Ultra 28-Core CPU & 60‑core GPU (Early 2025),,1 TB,SSD,,,8675
CompAsia,Mac,Mac Studio,Mac Studio M3 Ultra 28-Core CPU & 60‑core GPU (Early 2025),,2 TB,SSD,,,9450
CompAsia,Mac,Mac Studio,Mac Studio M3 Ultra 28-Core CPU & 60‑core GPU (Early 2025),,4 TB,SSD,,,10025
CompAsia,Mac,Mac Studio,Mac Studio M3 Ultra 28-Core CPU & 60‑core GPU (Early 2025),,8 TB,SSD,,,11125
CompAsia,Mac,Mac Studio,Mac Studio M3 Ultra 32-Core CPU & 80‑core GPU (Early 2025),,16 TB,SSD,,,15525
CompAsia,Mac,Mac Studio,Mac Studio M3 Ultra 32-Core CPU & 80‑core GPU (Early 2025),,1 TB,SSD,,,10525
CompAsia,Mac,Mac Studio,Mac Studio M3 Ultra 32-Core CPU & 80‑core GPU (Early 2025),,2 TB,SSD,,,11300
CompAsia,Mac,Mac Studio,Mac Studio M3 Ultra 32-Core CPU & 80‑core GPU (Early 2025),,4 TB,SSD,,,11850
CompAsia,Mac,Mac Studio,Mac Studio M3 Ultra 32-Core CPU & 80‑core GPU (Early 2025),,8 TB,SSD,,,12950
CompAsia,Mac,Mac Studio,Mac Studio M4 Max 14-Core CPU & 32‑core GPU (Early 2025),,1 TB,SSD,,,4800
CompAsia,Mac,Mac Studio,Mac Studio M4 Max 14-Core CPU & 32‑core GPU (Early 2025),,2 TB,SSD,,,5650
CompAsia,Mac,Mac Studio,Mac Studio M4 Max 14-Core CPU & 32‑core GPU (Early 2025),,4 TB,SSD,,,6175
CompAsia,Mac,Mac Studio,Mac Studio M4 Max 14-Core CPU & 32‑core GPU (Early 2025),,512 GB,SSD,,,4325
CompAsia,Mac,Mac Studio,Mac Studio M4 Max 14-Core CPU & 32‑core GPU (Early 2025),,8 TB,SSD,,,7575
CompAsia,Mac,Mac Studio,Mac Studio M4 Max 16-Core CPU & 40‑core GPU (Early 2025),,1 TB,SSD,,,5850
CompAsia,Mac,Mac Studio,Mac Studio M4 Max 16-Core CPU & 40‑core GPU (Early 2025),,2 TB,SSD,,,6575
CompAsia,Mac,Mac Studio,Mac Studio M4 Max 16-Core CPU & 40‑core GPU (Early 2025),,4 TB,SSD,,,7050
CompAsia,Mac,Mac Studio,Mac Studio M4 Max 16-Core CPU & 40‑core GPU (Early 2025),,512 GB,SSD,,,5175
CompAsia,Mac,Mac Studio,Mac Studio M4 Max 16-Core CPU & 40‑core GPU (Early 2025),,8 TB,SSD,,,8375
Machines,Mac,Mac Pro,Mac Pro M2 Ultra 24-Core CPU & 60-Core GPU (Mid 2023),,1 TB,SSD,,,10000
Machines,Mac,Mac Pro,Mac Pro M2 Ultra 24-Core CPU & 60-Core GPU (Mid 2023),,2 TB,SSD,,,10600
Machines,Mac,Mac Pro,Mac Pro M2 Ultra 24-Core CPU & 60-Core GPU (Mid 2023),,4 TB,SSD,,,11400
Machines,Mac,Mac Pro,Mac Pro M2 Ultra 24-Core CPU & 60-Core GPU (Mid 2023),,8 TB,SSD,,,12100
Machines,Mac,Mac Pro,Mac Pro M2 Ultra 24-Core CPU & 60-Core GPU Rack (Mid 2023),,1 TB,SSD,,,10000
Machines,Mac,Mac Pro,Mac Pro M2 Ultra 24-Core CPU & 60-Core GPU Rack (Mid 2023),,2 TB,SSD,,,10600
Machines,Mac,Mac Pro,Mac Pro M2 Ultra 24-Core CPU & 60-Core GPU Rack (Mid 2023),,4 TB,SSD,,,11400
Machines,Mac,Mac Pro,Mac Pro M2 Ultra 24-Core CPU & 60-Core GPU Rack (Mid 2023),,8 TB,SSD,,,12100
Machines,Mac,Mac Pro,Mac Pro M2 Ultra 24-Core CPU & 76-Core GPU (Mid 2023),,1 TB,SSD,,,11400
Machines,Mac,Mac Pro,Mac Pro M2 Ultra 24-Core CPU & 76-Core GPU (Mid 2023),,2 TB,SSD,,,12000
Machines,Mac,Mac Pro,Mac Pro M2 Ultra 24-Core CPU & 76-Core GPU (Mid 2023),,4 TB,SSD,,,12900
Machines,Mac,Mac Pro,Mac Pro M2 Ultra 24-Core CPU & 76-Core GPU (Mid 2023),,8 TB,SSD,,,13700
Machines,Mac,Mac Pro,Mac Pro M2 Ultra 24-Core CPU & 76-Core GPU Rack (Mid 2023),,1 TB,SSD,,,11400
Machines,Mac,Mac Pro,Mac Pro M2 Ultra 24-Core CPU & 76-Core GPU Rack (Mid 2023),,2 TB,SSD,,,12025
Machines,Mac,Mac Pro,Mac Pro M2 Ultra 24-Core CPU & 76-Core GPU Rack (Mid 2023),,4 TB,SSD,,,12900
Machines,Mac,Mac Pro,Mac Pro M2 Ultra 24-Core CPU & 76-Core GPU Rack (Mid 2023),,8 TB,SSD,,,13650
Machines,Mac,Mac mini,Mac Mini i3 3.6GHz (Late 2018),,128 GB,SSD,,,175
Machines,Mac,Mac mini,Mac Mini i3 3.6GHz (Late 2018),,256 GB,SSD,,,200
Machines,Mac,Mac mini,Mac Mini i3 3.6GHz (Late 2018),,512 GB,SSD,,,275
Machines,Mac,Mac mini,Mac Mini i3 3.6GHz (Late 2018),,1 TB,SSD,,,350
Machines,Mac,Mac mini,Mac Mini i3 3.6GHz (Late 2018),,2 TB,SSD,,,375
Machines,Mac,Mac mini,Mac Mini i5 3.0GHz (Late 2018),,128 GB,SSD,,,200
Machines,Mac,Mac mini,Mac Mini i5 3.0GHz (Late 2018),,256 GB,SSD,,,300
Machines,Mac,Mac mini,Mac Mini i5 3.0GHz (Late 2018),,512 GB,SSD,,,350
Machines,Mac,Mac mini,Mac Mini i5 3.0GHz (Late 2018),,1 TB,SSD,,,375
Machines,Mac,Mac mini,Mac Mini i5 3.0GHz (Late 2018),,2 TB,SSD,,,425
Machines,Mac,Mac mini,Mac Mini i7 3.2GHz (Late 2018),,128 GB,SSD,,,300
Machines,Mac,Mac mini,Mac Mini i7 3.2GHz (Late 2018),,256 GB,SSD,,,350
Machines,Mac,Mac mini,Mac Mini i7 3.2GHz (Late 2018),,512 GB,SSD,,,350
Machines,Mac,Mac mini,Mac Mini i7 3.2GHz (Late 2018),,1 TB,SSD,,,375
Machines,Mac,Mac mini,Mac Mini i7 3.2GHz (Late 2018),,2 TB,SSD,,,475
Machines,Mac,Mac mini,Mac Mini i3 3.6GHz (Early 2020),,256 GB,SSD,,,200
Machines,Mac,Mac mini,Mac Mini i3 3.6GHz (Early 2020),,512 GB,SSD,,,275
Machines,Mac,Mac mini,Mac Mini i3 3.6GHz (Early 2020),,1 TB,SSD,,,340
Machines,Mac,Mac mini,Mac Mini i3 3.6GHz (Early 2020),,2 TB,SSD,,,365
Machines,Mac,Mac mini,Mac Mini i5 3.0GHz (Early 2020),,512 GB,SSD,,,340
Machines,Mac,Mac mini,Mac Mini i5 3.0GHz (Early 2020),,1 TB,SSD,,,365
Machines,Mac,Mac mini,Mac Mini i5 3.0GHz (Early 2020),,2 TB,SSD,,,415
Machines,Mac,Mac mini,Mac Mini i7 3.2GHz (Early 2020),,256 GB,SSD,,,340
Machines,Mac,Mac mini,Mac Mini i7 3.2GHz (Early 2020),,512 GB,SSD,,,340
Machines,Mac,Mac mini,Mac Mini i7 3.2GHz (Early 2020),,1 TB,SSD,,,365
Machines,Mac,Mac mini,Mac Mini i7 3.2GHz (Early 2020),,2 TB,SSD,,,475
Machines,Mac,Mac mini,Mac Mini M1 8-Core CPU & 8-Core GPU (Late 2020),,256 GB,SSD,,,350
Machines,Mac,Mac mini,Mac Mini M1 8-Core CPU & 8-Core GPU (Late 2020),,512 GB,SSD,,,350
Machines,Mac,Mac mini,Mac Mini M1 8-Core CPU & 8-Core GPU (Late 2020),,1 TB,SSD,,,375
Machines,Mac,Mac mini,Mac Mini M1 8-Core CPU & 8-Core GPU (Late 2020),,2 TB,SSD,,,475
Machines,Mac,Mac mini,Mac Mini M2 8-Core CPU & 10-Core GPU (Early 2023),,256 GB,SSD,,,425
Machines,Mac,Mac mini,Mac Mini M2 8-Core CPU & 10-Core GPU (Early 2023),,512 GB,SSD,,,475
Machines,Mac,Mac mini,Mac Mini M2 8-Core CPU & 10-Core GPU (Early 2023),,1 TB,SSD,,,525
Machines,Mac,Mac mini,Mac Mini M2 8-Core CPU & 10-Core GPU (Early 2023),,2 TB,SSD,,,625
Machines,Mac,Mac mini,Mac Mini M2 Pro 10-Core CPU & 16-Core GPU (Early 2023),,512 GB,SSD,,,475
Machines,Mac,Mac mini,Mac Mini M2 Pro 10-Core CPU & 16-Core GPU (Early 2023),,1 TB,SSD,,,525
Machines,Mac,Mac mini,Mac Mini M2 Pro 10-Core CPU & 16-Core GPU (Early 2023),,2 TB,SSD,,,675
Machines,Mac,Mac mini,Mac Mini M2 Pro 10-Core CPU & 16-Core GPU (Early 2023),,4 TB,SSD,,,675
Machines,Mac,Mac mini,Mac Mini M2 Pro 10-Core CPU & 16-Core GPU (Early 2023),,8 TB,SSD,,,675
Machines,Mac,Mac mini,Mac Mini M2 Pro 12-Core CPU & 19-Core GPU (Early 2023),,512 GB,SSD,,,475
Machines,Mac,Mac mini,Mac Mini M2 Pro 12-Core CPU & 19-Core GPU (Early 2023),,1 TB,SSD,,,525
Machines,Mac,Mac mini,Mac Mini M2 Pro 12-Core CPU & 19-Core GPU (Early 2023),,2 TB,SSD,,,660
Machines,Mac,Mac mini,Mac Mini M2 Pro 12-Core CPU & 19-Core GPU (Early 2023),,4 TB,SSD,,,675
Machines,Mac,Mac mini,Mac Mini M2 Pro 12-Core CPU & 19-Core GPU (Early 2023),,8 TB,SSD,,,675
Machines,Mac,Mac mini,Mac Mini M4 10-Core CPU & 10-Core GPU (Late 2024),,256 GB,SSD,,,1025
Machines,Mac,Mac mini,Mac Mini M4 10-Core CPU & 10-Core GPU (Late 2024),,512 GB,SSD,,,1375
Machines,Mac,Mac mini,Mac Mini M4 10-Core CPU & 10-Core GPU (Late 2024),,1 TB,SSD,,,1750
Machines,Mac,Mac mini,Mac Mini M4 10-Core CPU & 10-Core GPU (Late 2024),,2 TB,SSD,,,2375
Machines,Mac,Mac mini,Mac Mini M4 Pro 12-Core CPU & 16-Core GPU (Late 2024),,512 GB,SSD,,,2300
Machines,Mac,Mac mini,Mac Mini M4 Pro 12-Core CPU & 16-Core GPU (Late 2024),,1 TB,SSD,,,2625
Machines,Mac,Mac mini,Mac Mini M4 Pro 12-Core CPU & 16-Core GPU (Late 2024),,2 TB,SSD,,,3175
Machines,Mac,Mac mini,Mac Mini M4 Pro 12-Core CPU & 16-Core GPU (Late 2024),,4 TB,SSD,,,4050
Machines,Mac,Mac mini,Mac Mini M4 Pro 12-Core CPU & 16-Core GPU (Late 2024),,8 TB,SSD,,,5825
Machines,Mac,Mac mini,Mac Mini M4 Pro 14-Core CPU & 20-Core GPU (Late 2024),,512 GB,SSD,,,2625
Machines,Mac,Mac mini,Mac Mini M4 Pro 14-Core CPU & 20-Core GPU (Late 2024),,1 TB,SSD,,,2975
Machines,Mac,Mac mini,Mac Mini M4 Pro 14-Core CPU & 20-Core GPU (Late 2024),,2 TB,SSD,,,3500
Machines,Mac,Mac mini,Mac Mini M4 Pro 14-Core CPU & 20-Core GPU (Late 2024),,4 TB,SSD,,,4375
Machines,Mac,Mac mini,Mac Mini M4 Pro 14-Core CPU & 20-Core GPU (Late 2024),,8 TB,SSD,,,6175
Machines,Mac,Mac Studio,Mac Studio M1 Max 10-Core CPU & 24-Core GPU (Early 2022),,512 GB,SSD,,,1825
Machines,Mac,Mac Studio,Mac Studio M1 Max 10-Core CPU & 24-Core GPU (Early 2022),,1 TB,SSD,,,1975
Machines,Mac,Mac Studio,Mac Studio M1 Max 10-Core CPU & 24-Core GPU (Early 2022),,2 TB,SSD,,,2375
Machines,Mac,Mac Studio,Mac Studio M1 Max 10-Core CPU & 24-Core GPU (Early 2022),,4 TB,SSD,,,2925
Machines,Mac,Mac Studio,Mac Studio M1 Max 10-Core CPU & 24-Core GPU (Early 2022),,8 TB,SSD,,,3625
Machines,Mac,Mac Studio,Mac Studio M1 Max 10-Core CPU & 32-Core GPU (Early 2022),,512 GB,SSD,,,1975
Machines,Mac,Mac Studio,Mac Studio M1 Max 10-Core CPU & 32-Core GPU (Early 2022),,1 TB,SSD,,,2100
Machines,Mac,Mac Studio,Mac Studio M1 Max 10-Core CPU & 32-Core GPU (Early 2022),,2 TB,SSD,,,2450
Machines,Mac,Mac Studio,Mac Studio M1 Max 10-Core CPU & 32-Core GPU (Early 2022),,4 TB,SSD,,,2975
Machines,Mac,Mac Studio,Mac Studio M1 Max 10-Core CPU & 32-Core GPU (Early 2022),,8 TB,SSD,,,3825
Machines,Mac,Mac Studio,Mac Studio M1 Ultra 20-Core CPU & 48-Core GPU (Early 2022),,1 TB,SSD,,,3250
Machines,Mac,Mac Studio,Mac Studio M1 Ultra 20-Core CPU & 48-Core GPU (Early 2022),,2 TB,SSD,,,3950
Machines,Mac,Mac Studio,Mac Studio M1 Ultra 20-Core CPU & 48-Core GPU (Early 2022),,4 TB,SSD,,,4200
Machines,Mac,Mac Studio,Mac Studio M1 Ultra 20-Core CPU & 48-Core GPU (Early 2022),,8 TB,SSD,,,5075
Machines,Mac,Mac Studio,Mac Studio M1 Ultra 20-Core CPU & 64-Core GPU (Early 2022),,1 TB,SSD,,,4375
Machines,Mac,Mac Studio,Mac Studio M1 Ultra 20-Core CPU & 64-Core GPU (Early 2022),,2 TB,SSD,,,4775
Machines,Mac,Mac Studio,Mac Studio M1 Ultra 20-Core CPU & 64-Core GPU (Early 2022),,4 TB,SSD,,,5325
Machines,Mac,Mac Studio,Mac Studio M1 Ultra 20-Core CPU & 64-Core GPU (Early 2022),,8 TB,SSD,,,5900
Machines,Mac,Mac Studio,Mac Studio M2 Max 12-Core CPU & 30-Core GPU (Mid 2023),,512 GB,SSD,,,3000
Machines,Mac,Mac Studio,Mac Studio M2 Max 12-Core CPU & 30-Core GPU (Mid 2023),,1 TB,SSD,,,3225
Machines,Mac,Mac Studio,Mac Studio M2 Max 12-Core CPU & 30-Core GPU (Mid 2023),,2 TB,SSD,,,3825
Machines,Mac,Mac Studio,Mac Studio M2 Max 12-Core CPU & 30-Core GPU (Mid 2023),,4 TB,SSD,,,4700
Machines,Mac,Mac Studio,Mac Studio M2 Max 12-Core CPU & 30-Core GPU (Mid 2023),,8 TB,SSD,,,5900
Machines,Mac,Mac Studio,Mac Studio M2 Max 12-Core CPU & 38-Core GPU (Mid 2023),,512 GB,SSD,,,3225
Machines,Mac,Mac Studio,Mac Studio M2 Max 12-Core CPU & 38-Core GPU (Mid 2023),,1 TB,SSD,,,3575
Machines,Mac,Mac Studio,Mac Studio M2 Max 12-Core CPU & 38-Core GPU (Mid 2023),,2 TB,SSD,,,4150
Machines,Mac,Mac Studio,Mac Studio M2 Max 12-Core CPU & 38-Core GPU (Mid 2023),,4 TB,SSD,,,5000
Machines,Mac,Mac Studio,Mac Studio M2 Max 12-Core CPU & 38-Core GPU (Mid 2023),,8 TB,SSD,,,6150
Machines,Mac,Mac Studio,Mac Studio M2 Ultra 24-Core CPU & 60-Core GPU (Mid 2023),,1 TB,SSD,,,5925
Machines,Mac,Mac Studio,Mac Studio M2 Ultra 24-Core CPU & 60-Core GPU (Mid 2023),,2 TB,SSD,,,6475
Machines,Mac,Mac Studio,Mac Studio M2 Ultra 24-Core CPU & 60-Core GPU (Mid 2023),,4 TB,SSD,,,7150
Machines,Mac,Mac Studio,Mac Studio M2 Ultra 24-Core CPU & 60-Core GPU (Mid 2023),,8 TB,SSD,,,8350
Machines,Mac,Mac Studio,Mac Studio M2 Ultra 24-Core CPU & 76-Core GPU (Mid 2023),,1 TB,SSD,,,7350
Machines,Mac,Mac Studio,Mac Studio M2 Ultra 24-Core CPU & 76-Core GPU (Mid 2023),,2 TB,SSD,,,7950
Machines,Mac,Mac Studio,Mac Studio M2 Ultra 24-Core CPU & 76-Core GPU (Mid 2023),,4 TB,SSD,,,8800
Machines,Mac,Mac Studio,Mac Studio M2 Ultra 24-Core CPU & 76-Core GPU (Mid 2023),,8 TB,SSD,,,9600
Machines,Mac,Mac Studio,Mac Studio M3 Ultra 28-Core CPU & 60‑core GPU (Early 2025),,1 TB,SSD,,,8675
Machines,Mac,Mac Studio,Mac Studio M3 Ultra 28-Core CPU & 60‑core GPU (Early 2025),,2 TB,SSD,,,9450
Machines,Mac,Mac Studio,Mac Studio M3 Ultra 28-Core CPU & 60‑core GPU (Early 2025),,4 TB,SSD,,,10025
Machines,Mac,Mac Studio,Mac Studio M3 Ultra 28-Core CPU & 60‑core GPU (Early 2025),,8 TB,SSD,,,11125
Machines,Mac,Mac Studio,Mac Studio M3 Ultra 28-Core CPU & 60‑core GPU (Early 2025),,16 TB,SSD,,,13600
Machines,Mac,Mac Studio,Mac Studio M3 Ultra 32-Core CPU & 80‑core GPU (Early 2025),,1 TB,SSD,,,10525
Machines,Mac,Mac Studio,Mac Studio M3 Ultra 32-Core CPU & 80‑core GPU (Early 2025),,2 TB,SSD,,,11300
Machines,Mac,Mac Studio,Mac Studio M3 Ultra 32-Core CPU & 80‑core GPU (Early 2025),,4 TB,SSD,,,11850
Machines,Mac,Mac Studio,Mac Studio M3 Ultra 32-Core CPU & 80‑core GPU (Early 2025),,8 TB,SSD,,,12950
Machines,Mac,Mac Studio,Mac Studio M3 Ultra 32-Core CPU & 80‑core GPU (Early 2025),,16 TB,SSD,,,15525
Machines,Mac,Mac Studio,Mac Studio M4 Max 14-Core CPU & 32‑core GPU (Early 2025),,512 GB,SSD,,,4325
Machines,Mac,Mac Studio,Mac Studio M4 Max 14-Core CPU & 32‑core GPU (Early 2025),,1 TB,SSD,,,4800
Machines,Mac,Mac Studio,Mac Studio M4 Max 14-Core CPU & 32‑core GPU (Early 2025),,2 TB,SSD,,,5650
Machines,Mac,Mac Studio,Mac Studio M4 Max 14-Core CPU & 32‑core GPU (Early 2025),,4 TB,SSD,,,6175
Machines,Mac,Mac Studio,Mac Studio M4 Max 14-Core CPU & 32‑core GPU (Early 2025),,8 TB,SSD,,,7575
Machines,Mac,Mac Studio,Mac Studio M4 Max 16-Core CPU & 40‑core GPU (Early 2025),,512 GB,SSD,,,5175
Machines,Mac,Mac Studio,Mac Studio M4 Max 16-Core CPU & 40‑core GPU (Early 2025),,1 TB,SSD,,,5850
Machines,Mac,Mac Studio,Mac Studio M4 Max 16-Core CPU & 40‑core GPU (Early 2025),,2 TB,SSD,,,6575
Machines,Mac,Mac Studio,Mac Studio M4 Max 16-Core CPU & 40‑core GPU (Early 2025),,4 TB,SSD,,,7050
Machines,Mac,Mac Studio,Mac Studio M4 Max 16-Core CPU & 40‑core GPU (Early 2025),,8 TB,SSD,,,8375
Machines,Mac,iMac,iMac i5 3.4GHz 27-inch (Mid 2017),,256 GB,SSD,,,275
Machines,Mac,iMac,iMac i5 3.4GHz 27-inch (Mid 2017),,512 GB,SSD,,,300
Machines,Mac,iMac,iMac i5 3.4GHz 27-inch (Mid 2017),,1 TB,Fusion Drive,,,375
Machines,Mac,iMac,iMac i5 3.4GHz 27-inch (Mid 2017),,1 TB,SSD,,,375
Machines,Mac,iMac,iMac i5 3.4GHz 27-inch (Mid 2017),,2 TB,Fusion Drive,,,425
Machines,Mac,iMac,iMac i5 3.5GHz 27-inch (Mid 2017),,256 GB,SSD,,,275
Machines,Mac,iMac,iMac i5 3.5GHz 27-inch (Mid 2017),,512 GB,SSD,,,300
Machines,Mac,iMac,iMac i5 3.5GHz 27-inch (Mid 2017),,1 TB,Fusion Drive,,,375
Machines,Mac,iMac,iMac i5 3.5GHz 27-inch (Mid 2017),,1 TB,SSD,,,375
Machines,Mac,iMac,iMac i5 3.5GHz 27-inch (Mid 2017),,2 TB,Fusion Drive,,,425
Machines,Mac,iMac,iMac i5 3.5GHz 27-inch (Mid 2017),,3 TB,Fusion Drive,,,450
Machines,Mac,iMac,iMac i5 3.8GHz 27-inch (Mid 2017),,512 GB,SSD,,,300
Machines,Mac,iMac,iMac i5 3.8GHz 27-inch (Mid 2017),,1 TB,SSD,,,375
Machines,Mac,iMac,iMac i5 3.8GHz 27-inch (Mid 2017),,2 TB,Fusion Drive,,,425
Machines,Mac,iMac,iMac i5 3.8GHz 27-inch (Mid 2017),,2 TB,SSD,,,425
Machines,Mac,iMac,iMac i5 3.8GHz 27-inch (Mid 2017),,3 TB,Fusion Drive,,,450
Machines,Mac,iMac,iMac i7 4.2GHz 27-inch (Mid 2017),,256 GB,SSD,,,275
Machines,Mac,iMac,iMac i7 4.2GHz 27-inch (Mid 2017),,512 GB,SSD,,,300
Machines,Mac,iMac,iMac i7 4.2GHz 27-inch (Mid 2017),,1 TB,Fusion Drive,,,400
Machines,Mac,iMac,iMac i7 4.2GHz 27-inch (Mid 2017),,1 TB,SSD,,,400
Machines,Mac,iMac,iMac i7 4.2GHz 27-inch (Mid 2017),,2 TB,Fusion Drive,,,425
Machines,Mac,iMac,iMac i7 4.2GHz 27-inch (Mid 2017),,2 TB,SSD,,,425
Machines,Mac,iMac,iMac i7 4.2GHz 27-inch (Mid 2017),,3 TB,Fusion Drive,,,450
Machines,Mac,iMac Pro,iMac Pro Xeon W 2.3GHz 27-inch (Late 2017),,1 TB,SSD,,,750
Machines,Mac,iMac Pro,iMac Pro Xeon W 2.3GHz 27-inch (Late 2017),,2 TB,SSD,,,850
Machines,Mac,iMac Pro,iMac Pro Xeon W 2.3GHz 27-inch (Late 2017),,4 TB,SSD,,,950
Machines,Mac,iMac Pro,iMac Pro Xeon W 2.5GHz 27-inch (Late 2017),,1 TB,SSD,,,900
Machines,Mac,iMac Pro,iMac Pro Xeon W 2.5GHz 27-inch (Late 2017),,2 TB,SSD,,,975
Machines,Mac,iMac Pro,iMac Pro Xeon W 2.5GHz 27-inch (Late 2017),,4 TB,SSD,,,1050
Machines,Mac,iMac Pro,iMac Pro Xeon W 3.0GHz 27-inch (Late 2017),,1 TB,SSD,,,950
Machines,Mac,iMac Pro,iMac Pro Xeon W 3.0GHz 27-inch (Late 2017),,2 TB,SSD,,,975
Machines,Mac,iMac Pro,iMac Pro Xeon W 3.0GHz 27-inch (Late 2017),,4 TB,SSD,,,1000
Machines,Mac,iMac Pro,iMac Pro Xeon W 3.2GHz 27-inch (Late 2017),,1 TB,SSD,,,750
Machines,Mac,iMac Pro,iMac Pro Xeon W 3.2GHz 27-inch (Late 2017),,2 TB,SSD,,,850
Machines,Mac,iMac Pro,iMac Pro Xeon W 3.2GHz 27-inch (Late 2017),,4 TB,SSD,,,950
Machines,Mac,iMac,iMac i5 3.0GHz 27-inch (Early 2019),,256 GB,SSD,,,350
Machines,Mac,iMac,iMac i5 3.0GHz 27-inch (Early 2019),,512 GB,SSD,,,425
Machines,Mac,iMac,iMac i5 3.0GHz 27-inch (Early 2019),,1 TB,Fusion Drive,,,425
Machines,Mac,iMac,iMac i5 3.0GHz 27-inch (Early 2019),,1 TB,SSD,,,450
Machines,Mac,iMac,iMac i5 3.0GHz 27-inch (Early 2019),,2 TB,Fusion Drive,,,475
Machines,Mac,iMac,iMac i5 3.1GHz 27-inch (Early 2019),,256 GB,SSD,,,450
Machines,Mac,iMac,iMac i5 3.1GHz 27-inch (Early 2019),,512 GB,SSD,,,500
Machines,Mac,iMac,iMac i5 3.1GHz 27-inch (Early 2019),,1 TB,Fusion Drive,,,500
Machines,Mac,iMac,iMac i5 3.1GHz 27-inch (Early 2019),,1 TB,SSD,,,550
Machines,Mac,iMac,iMac i5 3.1GHz 27-inch (Early 2019),,2 TB,Fusion Drive,,,625
Machines,Mac,iMac,iMac i5 3.1GHz 27-inch (Early 2019),,3 TB,Fusion Drive,,,700
Machines,Mac,iMac,iMac i5 3.7GHz 27-inch (Early 2019),,512 GB,SSD,,,625
Machines,Mac,iMac,iMac i5 3.7GHz 27-inch (Early 2019),,1 TB,SSD,,,625
Machines,Mac,iMac,iMac i5 3.7GHz 27-inch (Early 2019),,2 TB,Fusion Drive,,,625
Machines,Mac,iMac,iMac i5 3.7GHz 27-inch (Early 2019),,2 TB,SSD,,,675
Machines,Mac,iMac,iMac i5 3.7GHz 27-inch (Early 2019),,3 TB,Fusion Drive,,,750
Machines,Mac,iMac,iMac i9 3.6GHz 27-inch (Early 2019),,256 GB,SSD,,,850
Machines,Mac,iMac,iMac i9 3.6GHz 27-inch (Early 2019),,512 GB,SSD,,,975
Machines,Mac,iMac,iMac i9 3.6GHz 27-inch (Early 2019),,1 TB,Fusion Drive,,,1100
Machines,Mac,iMac,iMac i9 3.6GHz 27-inch (Early 2019),,1 TB,SSD,,,1175
Machines,Mac,iMac,iMac i9 3.6GHz 27-inch (Early 2019),,2 TB,Fusion Drive,,,1275
Machines,Mac,iMac,iMac i9 3.6GHz 27-inch (Early 2019),,2 TB,SSD,,,1350
Machines,Mac,iMac,iMac i9 3.6GHz 27-inch (Early 2019),,3 TB,Fusion Drive,,,1425
Machines,Mac,iMac,iMac i5 3.1GHz 27-inch (Mid 2020),,256 GB,SSD,,,650
Machines,Mac,iMac,iMac i5 3.3GHz 27-inch (Mid 2020),,512 GB,SSD,,,775
Machines,Mac,iMac,iMac i5 3.3GHz 27-inch (Mid 2020),,1 TB,SSD,,,825
Machines,Mac,iMac,iMac i5 3.3GHz 27-inch (Mid 2020),,2 TB,SSD,,,950
Machines,Mac,iMac,iMac i7 3.8GHz 27-inch (Mid 2020),,512 GB,SSD,,,875
Machines,Mac,iMac,iMac i7 3.8GHz 27-inch (Mid 2020),,1 TB,SSD,,,975
Machines,Mac,iMac,iMac i7 3.8GHz 27-inch (Mid 2020),,2 TB,SSD,,,1025
Machines,Mac,iMac,iMac i7 3.8GHz 27-inch (Mid 2020),,4 TB,SSD,,,1250
Machines,Mac,iMac,iMac i7 3.8GHz 27-inch (Mid 2020),,8 TB,SSD,,,1650
Machines,Mac,iMac,iMac i9 3.6GHz 27-inch (Mid 2020),,512 GB,SSD,,,1175
Machines,Mac,iMac,iMac i9 3.6GHz 27-inch (Mid 2020),,1 TB,SSD,,,1275
Machines,Mac,iMac,iMac i9 3.6GHz 27-inch (Mid 2020),,2 TB,SSD,,,1475
Machines,Mac,iMac,iMac i9 3.6GHz 27-inch (Mid 2020),,4 TB,SSD,,,1650
Machines,Mac,iMac,iMac i9 3.6GHz 27-inch (Mid 2020),,8 TB,SSD,,,1775
Machines,Mac,iMac,iMac M1 8-Core CPU & 7-Core GPU 24-inch (Early 2021),,256 GB,SSD,,,575
Machines,Mac,iMac,iMac M1 8-Core CPU & 7-Core GPU 24-inch (Early 2021),,512 GB,SSD,,,575
Machines,Mac,iMac,iMac M1 8-Core CPU & 7-Core GPU 24-inch (Early 2021),,1 TB,SSD,,,675
Machines,Mac,iMac,iMac M1 8-Core CPU & 8-Core GPU 24-inch (Early 2021),,256 GB,SSD,,,650
Machines,Mac,iMac,iMac M1 8-Core CPU & 8-Core GPU 24-inch (Early 2021),,512 GB,SSD,,,725
Machines,Mac,iMac,iMac M1 8-Core CPU & 8-Core GPU 24-inch (Early 2021),,1 TB,SSD,,,725
Machines,Mac,iMac,iMac M1 8-Core CPU & 8-Core GPU 24-inch (Early 2021),,2 TB,SSD,,,725
Machines,Mac,iMac,iMac M3 8-Core CPU & 8-Core GPU 24-inch (Late 2023),,256 GB,SSD,,,2175
Machines,Mac,iMac,iMac M3 8-Core CPU & 8-Core GPU 24-inch (Late 2023),,512 GB,SSD,,,2500
Machines,Mac,iMac,iMac M3 8-Core CPU & 8-Core GPU 24-inch (Late 2023),,1 TB,SSD,,,2800
Machines,Mac,iMac,iMac M3 8-Core CPU & 10-Core GPU 24-inch (Late 2023),,256 GB,SSD,,,2650
Machines,Mac,iMac,iMac M3 8-Core CPU & 10-Core GPU 24-inch (Late 2023),,512 GB,SSD,,,2950
Machines,Mac,iMac,iMac M3 8-Core CPU & 10-Core GPU 24-inch (Late 2023),,1 TB,SSD,,,3250
Machines,Mac,iMac,iMac M3 8-Core CPU & 10-Core GPU 24-inch (Late 2023),,2 TB,SSD,,,3725
Machines,Mac,iMac,iMac M4 8-Core CPU & 8-Core GPU 24-inch (Late 2024),,256 GB,SSD,,,2450
Machines,Mac,iMac,iMac M4 8-Core CPU & 8-Core GPU 24-inch (Late 2024),,512 GB,SSD,,,2825
Machines,Mac,iMac,iMac M4 8-Core CPU & 8-Core GPU 24-inch (Late 2024),,1 TB,SSD,,,3200
Machines,Mac,iMac,iMac M4 10-Core CPU & 10-Core GPU 24-inch (Late 2024),,256 GB,SSD,,,2725
Machines,Mac,iMac,iMac M4 10-Core CPU & 10-Core GPU 24-inch (Late 2024),,512 GB,SSD,,,3200
Machines,Mac,iMac,iMac M4 10-Core CPU & 10-Core GPU 24-inch (Late 2024),,1 TB,SSD,,,3575
Machines,Mac,iMac,iMac M4 10-Core CPU & 10-Core GPU 24-inch (Late 2024),,2 TB,SSD,,,3925
Machines,Mac,MacBook,MacBook i5 1.3GHz 12-inch (Mid 2017),,256 GB,SSD,,,275
Machines,Mac,MacBook,MacBook i5 1.3GHz 12-inch (Mid 2017),,512 GB,SSD,,,375
Machines,Mac,MacBook,MacBook i7 1.4GHz 12-inch (Mid 2017),,256 GB,SSD,,,325
Machines,Mac,MacBook,MacBook i7 1.4GHz 12-inch (Mid 2017),,512 GB,SSD,,,425
Machines,Mac,MacBook,MacBook M3 1.2GHz 12-inch (Mid 2017),,256 GB,SSD,,,275
Machines,Mac,MacBook Air,MacBook Air i5 1.8GHz 13-inch (Mid 2017),,128 GB,SSD,,,175
Machines,Mac,MacBook Air,MacBook Air i5 1.8GHz 13-inch (Mid 2017),,256 GB,SSD,,,225
Machines,Mac,MacBook Air,MacBook Air i5 1.8GHz 13-inch (Mid 2017),,512 GB,SSD,,,250
Machines,Mac,MacBook Air,MacBook Air i7 2.2GHz 13-inch (Mid 2017),,128 GB,SSD,,,250
Machines,Mac,MacBook Air,MacBook Air i7 2.2GHz 13-inch (Mid 2017),,256 GB,SSD,,,300
Machines,Mac,MacBook Air,MacBook Air i7 2.2GHz 13-inch (Mid 2017),,512 GB,SSD,,,425
Machines,Mac,MacBook Air,MacBook Air i5 1.6GHz 13-inch (Late 2018),,128 GB,SSD,,,400
Machines,Mac,MacBook Air,MacBook Air i5 1.6GHz 13-inch (Late 2018),,256 GB,SSD,,,400
Machines,Mac,MacBook Air,MacBook Air i5 1.6GHz 13-inch (Late 2018),,512 GB,SSD,,,475
Machines,Mac,MacBook Air,MacBook Air i5 1.6GHz 13-inch (Late 2018),,1.5 TB,SSD,,,500
Machines,Mac,MacBook Air,MacBook Air i5 1.6GHz 13-inch (Mid 2019),,128 GB,SSD,,,400
Machines,Mac,MacBook Air,MacBook Air i5 1.6GHz 13-inch (Mid 2019),,256 GB,SSD,,,400
Machines,Mac,MacBook Air,MacBook Air i5 1.6GHz 13-inch (Mid 2019),,512 GB,SSD,,,475
Machines,Mac,MacBook Air,MacBook Air i5 1.6GHz 13-inch (Mid 2019),,1 TB,SSD,,,475
Machines,Mac,MacBook Air,MacBook Air i3 1.1GHz 13-inch (Early 2020),,256 GB,SSD,,,345
Machines,Mac,MacBook Air,MacBook Air i3 1.1GHz 13-inch (Early 2020),,512 GB,SSD,,,350
Machines,Mac,MacBook Air,MacBook Air i3 1.1GHz 13-inch (Early 2020),,1 TB,SSD,,,350
Machines,Mac,MacBook Air,MacBook Air i3 1.1GHz 13-inch (Early 2020),,2 TB,SSD,,,420
Machines,Mac,MacBook Air,MacBook Air i5 1.1GHz 13-inch (Early 2020),,256 GB,SSD,,,450
Machines,Mac,MacBook Air,MacBook Air i5 1.1GHz 13-inch (Early 2020),,512 GB,SSD,,,475
Machines,Mac,MacBook Air,MacBook Air i5 1.1GHz 13-inch (Early 2020),,1 TB,SSD,,,475
Machines,Mac,MacBook Air,MacBook Air i5 1.1GHz 13-inch (Early 2020),,2 TB,SSD,,,550
Machines,Mac,MacBook Air,MacBook Air i7 1.2GHz 13-inch (Early 2020),,256 GB,SSD,,,475
Machines,Mac,MacBook Air,MacBook Air i7 1.2GHz 13-inch (Early 2020),,512 GB,SSD,,,475
Machines,Mac,MacBook Air,MacBook Air i7 1.2GHz 13-inch (Early 2020),,1 TB,SSD,,,500
Machines,Mac,MacBook Air,MacBook Air i7 1.2GHz 13-inch (Early 2020),,2 TB,SSD,,,575
Machines,Mac,MacBook Air,MacBook Air M1 8-Core CPU & 7-Core GPU 13-inch (Late 2020),,128 GB,SSD,,,505
Machines,Mac,MacBook Air,MacBook Air M1 8-Core CPU & 7-Core GPU 13-inch (Late 2020),,256 GB,SSD,,,605
Machines,Mac,MacBook Air,MacBook Air M1 8-Core CPU & 7-Core GPU 13-inch (Late 2020),,512 GB,SSD,,,605
Machines,Mac,MacBook Air,MacBook Air M1 8-Core CPU & 7-Core GPU 13-inch (Late 2020),,1 TB,SSD,,,605
Machines,Mac,MacBook Air,MacBook Air M1 8-Core CPU & 7-Core GPU 13-inch (Late 2020),,2 TB,SSD,,,705
Machines,Mac,MacBook Air,MacBook Air M1 8-Core CPU & 8-Core GPU 13-inch (Late 2020),,256 GB,SSD,,,570
Machines,Mac,MacBook Air,MacBook Air M1 8-Core CPU & 8-Core GPU 13-inch (Late 2020),,512 GB,SSD,,,655
Machines,Mac,MacBook Air,MacBook Air M1 8-Core CPU & 8-Core GPU 13-inch (Late 2020),,1 TB,SSD,,,705
Machines,Mac,MacBook Air,MacBook Air M1 8-Core CPU & 8-Core GPU 13-inch (Late 2020),,2 TB,SSD,,,755
Machines,Mac,MacBook Air,MacBook Air M2 8-Core CPU & 8-Core GPU 13.6-inch (Mid 2022),,256 GB,SSD,,,1200
Machines,Mac,MacBook Air,MacBook Air M2 8-Core CPU & 8-Core GPU 13.6-inch (Mid 2022),,512 GB,SSD,,,1395
Machines,Mac,MacBook Air,MacBook Air M2 8-Core CPU & 8-Core GPU 13.6-inch (Mid 2022),,1 TB,SSD,,,1550
Machines,Mac,MacBook Air,MacBook Air M2 8-Core CPU & 8-Core GPU 13.6-inch (Mid 2022),,2 TB,SSD,,,1990
Machines,Mac,MacBook Air,MacBook Air M2 8-Core CPU & 10-Core GPU 13.6-inch (Mid 2022),,256 GB,SSD,,,1200
Machines,Mac,MacBook Air,MacBook Air M2 8-Core CPU & 10-Core GPU 13.6-inch (Mid 2022),,512 GB,SSD,,,1395
Machines,Mac,MacBook Air,MacBook Air M2 8-Core CPU & 10-Core GPU 13.6-inch (Mid 2022),,1 TB,SSD,,,1550
Machines,Mac,MacBook Air,MacBook Air M2 8-Core CPU & 10-Core GPU 13.6-inch (Mid 2022),,2 TB,SSD,,,2015
Machines,Mac,MacBook Air,MacBook Air M2 8-Core CPU & 10-Core GPU 15-inch (Mid 2023),,256 GB,SSD,,,1855
Machines,Mac,MacBook Air,MacBook Air M2 8-Core CPU & 10-Core GPU 15-inch (Mid 2023),,512 GB,SSD,,,2015
Machines,Mac,MacBook Air,MacBook Air M2 8-Core CPU & 10-Core GPU 15-inch (Mid 2023),,1 TB,SSD,,,2245
Machines,Mac,MacBook Air,MacBook Air M2 8-Core CPU & 10-Core GPU 15-inch (Mid 2023),,2 TB,SSD,,,2815
Machines,Mac,MacBook Air,MacBook Air M3 8-Core CPU & 8-Core GPU 13.6-inch (Early 2024),,256 GB,SSD,,,1950
Machines,Mac,MacBook Air,MacBook Air M3 8-Core CPU & 10-Core GPU 13.6-inch (Early 2024),,256 GB,SSD,,,1950
Machines,Mac,MacBook Air,MacBook Air M3 8-Core CPU & 10-Core GPU 13.6-inch (Early 2024),,512 GB,SSD,,,2125
Machines,Mac,MacBook Air,MacBook Air M3 8-Core CPU & 10-Core GPU 13.6-inch (Early 2024),,1 TB,SSD,,,2450
Machines,Mac,MacBook Air,MacBook Air M3 8-Core CPU & 10-Core GPU 13.6-inch (Early 2024),,2 TB,SSD,,,3125
Machines,Mac,MacBook Air,MacBook Air M3 8-Core CPU & 10-Core GPU 15-inch (Early 2024),,256 GB,SSD,,,2275
Machines,Mac,MacBook Air,MacBook Air M3 8-Core CPU & 10-Core GPU 15-inch (Early 2024),,512 GB,SSD,,,2500
Machines,Mac,MacBook Air,MacBook Air M3 8-Core CPU & 10-Core GPU 15-inch (Early 2024),,1 TB,SSD,,,3075
Machines,Mac,MacBook Air,MacBook Air M3 8-Core CPU & 10-Core GPU 15-inch (Early 2024),,2 TB,SSD,,,3475
Machines,Mac,MacBook Air,MacBook Air M4 10-Core CPU & 8-Core GPU 13-inch (Early 2025),,256 GB,SSD,,,2250
Machines,Mac,MacBook Air,MacBook Air M4 10-Core CPU & 10-Core GPU 13-inch (Early 2025),,256 GB,SSD,,,2450
Machines,Mac,MacBook Air,MacBook Air M4 10-Core CPU & 10-Core GPU 13-inch (Early 2025),,512 GB,SSD,,,2675
Machines,Mac,MacBook Air,MacBook Air M4 10-Core CPU & 10-Core GPU 13-inch (Early 2025),,1 TB,SSD,,,3125
Machines,Mac,MacBook Air,MacBook Air M4 10-Core CPU & 10-Core GPU 13-inch (Early 2025),,2 TB,SSD,,,4000
Machines,Mac,MacBook Air,MacBook Air M4 10-Core CPU & 10-Core GPU 15-inch (Early 2025),,256 GB,SSD,,,2750
Machines,Mac,MacBook Air,MacBook Air M4 10-Core CPU & 10-Core GPU 15-inch (Early 2025),,512 GB,SSD,,,2975
Machines,Mac,MacBook Air,MacBook Air M4 10-Core CPU & 10-Core GPU 15-inch (Early 2025),,1 TB,SSD,,,3600
Machines,Mac,MacBook Air,MacBook Air M4 10-Core CPU & 10-Core GPU 15-inch (Early 2025),,2 TB,SSD,,,4400
Machines,Mac,MacBook Pro,MacBook Pro i5 2.0GHz 13-inch (Late 2016),,256 GB,SSD,,,250
Machines,Mac,MacBook Pro,MacBook Pro i5 2.0GHz 13-inch (Late 2016),,512 GB,SSD,,,275
Machines,Mac,MacBook Pro,MacBook Pro i5 2.0GHz 13-inch (Late 2016),,1 TB,SSD,,,300
Machines,Mac,MacBook Pro,MacBook Pro i5 2.9GHz 13-inch (Late 2016),,256 GB,SSD,,,350
Machines,Mac,MacBook Pro,MacBook Pro i5 2.9GHz 13-inch (Late 2016),,512 GB,SSD,,,400
Machines,Mac,MacBook Pro,MacBook Pro i5 2.9GHz 13-inch (Late 2016),,1 TB,SSD,,,400
Machines,Mac,MacBook Pro,MacBook Pro i5 3.1GHz 13-inch (Late 2016),,256 GB,SSD,,,400
Machines,Mac,MacBook Pro,MacBook Pro i5 3.1GHz 13-inch (Late 2016),,512 GB,SSD,,,400
Machines,Mac,MacBook Pro,MacBook Pro i5 3.1GHz 13-inch (Late 2016),,1 TB,SSD,,,400
Machines,Mac,MacBook Pro,MacBook Pro i7 2.4GHz 13-inch (Late 2016),,256 GB,SSD,,,300
Machines,Mac,MacBook Pro,MacBook Pro i7 2.4GHz 13-inch (Late 2016),,512 GB,SSD,,,350
Machines,Mac,MacBook Pro,MacBook Pro i7 2.4GHz 13-inch (Late 2016),,1 TB,SSD,,,400
Machines,Mac,MacBook Pro,MacBook Pro i7 2.6GHz 15-inch (Late 2016),,256 GB,SSD,,,650
Machines,Mac,MacBook Pro,MacBook Pro i7 2.6GHz 15-inch (Late 2016),,512 GB,SSD,,,675
Machines,Mac,MacBook Pro,MacBook Pro i7 2.6GHz 15-inch (Late 2016),,1 TB,SSD,,,700
Machines,Mac,MacBook Pro,MacBook Pro i7 2.6GHz 15-inch (Late 2016),,2 TB,SSD,,,750
Machines,Mac,MacBook Pro,MacBook Pro i7 2.7GHz 15-inch (Late 2016),,256 GB,SSD,,,650
Machines,Mac,MacBook Pro,MacBook Pro i7 2.7GHz 15-inch (Late 2016),,512 GB,SSD,,,675
Machines,Mac,MacBook Pro,MacBook Pro i7 2.7GHz 15-inch (Late 2016),,1 TB,SSD,,,700
Machines,Mac,MacBook Pro,MacBook Pro i7 2.7GHz 15-inch (Late 2016),,2 TB,SSD,,,750
Machines,Mac,MacBook Pro,MacBook Pro i7 2.9GHz 15-inch (Late 2016),,256 GB,SSD,,,650
Machines,Mac,MacBook Pro,MacBook Pro i7 2.9GHz 15-inch (Late 2016),,512 GB,SSD,,,675
Machines,Mac,MacBook Pro,MacBook Pro i7 2.9GHz 15-inch (Late 2016),,1 TB,SSD,,,700
Machines,Mac,MacBook Pro,MacBook Pro i7 2.9GHz 15-inch (Late 2016),,2 TB,SSD,,,750
Machines,Mac,MacBook Pro,MacBook Pro i7 3.3GHz 13-inch (Late 2016),,256 GB,SSD,,,400
Machines,Mac,MacBook Pro,MacBook Pro i7 3.3GHz 13-inch (Late 2016),,512 GB,SSD,,,400
Machines,Mac,MacBook Pro,MacBook Pro i7 3.3GHz 13-inch (Late 2016),,1 TB,SSD,,,400
Machines,Mac,MacBook Pro,MacBook Pro i5 2.3GHz 13-inch (Mid 2017),,128 GB,SSD,,,300
Machines,Mac,MacBook Pro,MacBook Pro i5 2.3GHz 13-inch (Mid 2017),,256 GB,SSD,,,425
Machines,Mac,MacBook Pro,MacBook Pro i5 2.3GHz 13-inch (Mid 2017),,512 GB,SSD,,,450
Machines,Mac,MacBook Pro,MacBook Pro i5 2.3GHz 13-inch (Mid 2017),,1 TB,SSD,,,500
Machines,Mac,MacBook Pro,MacBook Pro i5 3.1GHz 13-inch (Mid 2017),,256 GB,SSD,,,450
Machines,Mac,MacBook Pro,MacBook Pro i5 3.1GHz 13-inch (Mid 2017),,512 GB,SSD,,,475
Machines,Mac,MacBook Pro,MacBook Pro i5 3.1GHz 13-inch (Mid 2017),,1 TB,SSD,,,550
Machines,Mac,MacBook Pro,MacBook Pro i5 3.3GHz 13-inch (Mid 2017),,256 GB,SSD,,,450
Machines,Mac,MacBook Pro,MacBook Pro i5 3.3GHz 13-inch (Mid 2017),,512 GB,SSD,,,475
Machines,Mac,MacBook Pro,MacBook Pro i5 3.3GHz 13-inch (Mid 2017),,1 TB,SSD,,,550
Machines,Mac,MacBook Pro,MacBook Pro i7 2.5GHz 13-inch (Mid 2017),,128 GB,SSD,,,300
Machines,Mac,MacBook Pro,MacBook Pro i7 2.5GHz 13-inch (Mid 2017),,256 GB,SSD,,,450
Machines,Mac,MacBook Pro,MacBook Pro i7 2.5GHz 13-inch (Mid 2017),,512 GB,SSD,,,500
Machines,Mac,MacBook Pro,MacBook Pro i7 2.5GHz 13-inch (Mid 2017),,1 TB,SSD,,,550
Machines,Mac,MacBook Pro,MacBook Pro i7 2.8GHz 15-inch (Mid 2017),,256 GB,SSD,,,750
Machines,Mac,MacBook Pro,MacBook Pro i7 2.8GHz 15-inch (Mid 2017),,512 GB,SSD,,,750
Machines,Mac,MacBook Pro,MacBook Pro i7 2.8GHz 15-inch (Mid 2017),,1 TB,SSD,,,775
Machines,Mac,MacBook Pro,MacBook Pro i7 2.8GHz 15-inch (Mid 2017),,2 TB,SSD,,,825
Machines,Mac,MacBook Pro,MacBook Pro i7 2.9GHz 15-inch (Mid 2017),,256 GB,SSD,,,750
Machines,Mac,MacBook Pro,MacBook Pro i7 2.9GHz 15-inch (Mid 2017),,512 GB,SSD,,,750
Machines,Mac,MacBook Pro,MacBook Pro i7 2.9GHz 15-inch (Mid 2017),,1 TB,SSD,,,775
Machines,Mac,MacBook Pro,MacBook Pro i7 2.9GHz 15-inch (Mid 2017),,2 TB,SSD,,,825
Machines,Mac,MacBook Pro,MacBook Pro i7 3.1GHz 15-inch (Mid 2017),,256 GB,SSD,,,750
Machines,Mac,MacBook Pro,MacBook Pro i7 3.1GHz 15-inch (Mid 2017),,512 GB,SSD,,,750
Machines,Mac,MacBook Pro,MacBook Pro i7 3.1GHz 15-inch (Mid 2017),,1 TB,SSD,,,775
Machines,Mac,MacBook Pro,MacBook Pro i7 3.1GHz 15-inch (Mid 2017),,2 TB,SSD,,,825
Machines,Mac,MacBook Pro,MacBook Pro i7 3.5GHz 13-inch (Mid 2017),,256 GB,SSD,,,675
Machines,Mac,MacBook Pro,MacBook Pro i7 3.5GHz 13-inch (Mid 2017),,512 GB,SSD,,,750
Machines,Mac,MacBook Pro,MacBook Pro i7 3.5GHz 13-inch (Mid 2017),,1 TB,SSD,,,775
Machines,Mac,MacBook Pro,MacBook Pro i5 2.3GHz 13-inch (Mid 2018),,256 GB,SSD,,,600
Machines,Mac,MacBook Pro,MacBook Pro i5 2.3GHz 13-inch (Mid 2018),,512 GB,SSD,,,650
Machines,Mac,MacBook Pro,MacBook Pro i5 2.3GHz 13-inch (Mid 2018),,1 TB,SSD,,,675
Machines,Mac,MacBook Pro,MacBook Pro i5 2.3GHz 13-inch (Mid 2018),,2 TB,SSD,,,700
Machines,Mac,MacBook Pro,MacBook Pro i7 2.2GHz 15-inch (Mid 2018),,256 GB,SSD,,,850
Machines,Mac,MacBook Pro,MacBook Pro i7 2.2GHz 15-inch (Mid 2018),,512 GB,SSD,,,850
Machines,Mac,MacBook Pro,MacBook Pro i7 2.2GHz 15-inch (Mid 2018),,1 TB,SSD,,,900
Machines,Mac,MacBook Pro,MacBook Pro i7 2.2GHz 15-inch (Mid 2018),,2 TB,SSD,,,1050
Machines,Mac,MacBook Pro,MacBook Pro i7 2.2GHz 15-inch (Mid 2018),,4 TB,SSD,,,1125
Machines,Mac,MacBook Pro,MacBook Pro i7 2.6GHz 15-inch (Mid 2018),,256 GB,SSD,,,850
Machines,Mac,MacBook Pro,MacBook Pro i7 2.6GHz 15-inch (Mid 2018),,512 GB,SSD,,,900
Machines,Mac,MacBook Pro,MacBook Pro i7 2.6GHz 15-inch (Mid 2018),,1 TB,SSD,,,975
Machines,Mac,MacBook Pro,MacBook Pro i7 2.6GHz 15-inch (Mid 2018),,2 TB,SSD,,,1075
Machines,Mac,MacBook Pro,MacBook Pro i7 2.6GHz 15-inch (Mid 2018),,4 TB,SSD,,,1125
Machines,Mac,MacBook Pro,MacBook Pro i7 2.7GHz 13-inch (Mid 2018),,2 TB,SSD,,,750
Machines,Mac,MacBook Pro,MacBook Pro i9 2.9GHz 15-inch (Mid 2018),,256 GB,SSD,,,850
Machines,Mac,MacBook Pro,MacBook Pro i9 2.9GHz 15-inch (Mid 2018),,512 GB,SSD,,,900
Machines,Mac,MacBook Pro,MacBook Pro i9 2.9GHz 15-inch (Mid 2018),,1 TB,SSD,,,975
Machines,Mac,MacBook Pro,MacBook Pro i9 2.9GHz 15-inch (Mid 2018),,2 TB,SSD,,,1075
Machines,Mac,MacBook Pro,MacBook Pro i9 2.9GHz 15-inch (Mid 2018),,4 TB,SSD,,,1150
Machines,Mac,MacBook Pro,MacBook Pro i5 1.4GHz 13-inch (Mid 2019),,128 GB,SSD,,,400
Machines,Mac,MacBook Pro,MacBook Pro i5 1.4GHz 13-inch (Mid 2019),,256 GB,SSD,,,475
Machines,Mac,MacBook Pro,MacBook Pro i5 1.4GHz 13-inch (Mid 2019),,512 GB,SSD,,,525
Machines,Mac,MacBook Pro,MacBook Pro i5 1.4GHz 13-inch (Mid 2019),,1 TB,SSD,,,600
Machines,Mac,MacBook Pro,MacBook Pro i5 1.4GHz 13-inch (Mid 2019),,2 TB,SSD,,,650
Machines,Mac,MacBook Pro,MacBook Pro i5 2.4GHz 13-inch (Mid 2019),,256 GB,SSD,,,650
Machines,Mac,MacBook Pro,MacBook Pro i5 2.4GHz 13-inch (Mid 2019),,512 GB,SSD,,,650
Machines,Mac,MacBook Pro,MacBook Pro i5 2.4GHz 13-inch (Mid 2019),,1 TB,SSD,,,700
Machines,Mac,MacBook Pro,MacBook Pro i5 2.4GHz 13-inch (Mid 2019),,2 TB,SSD,,,725
Machines,Mac,MacBook Pro,MacBook Pro i7 1.7GHz 13-inch (Mid 2019),,128 GB,SSD,,,475
Machines,Mac,MacBook Pro,MacBook Pro i7 1.7GHz 13-inch (Mid 2019),,256 GB,SSD,,,525
Machines,Mac,MacBook Pro,MacBook Pro i7 1.7GHz 13-inch (Mid 2019),,512 GB,SSD,,,575
Machines,Mac,MacBook Pro,MacBook Pro i7 1.7GHz 13-inch (Mid 2019),,1 TB,SSD,,,650
Machines,Mac,MacBook Pro,MacBook Pro i7 1.7GHz 13-inch (Mid 2019),,2 TB,SSD,,,700
Machines,Mac,MacBook Pro,MacBook Pro i7 2.6GHz 15-inch (Mid 2019),,256 GB,SSD,,,1000
Machines,Mac,MacBook Pro,MacBook Pro i7 2.6GHz 15-inch (Mid 2019),,512 GB,SSD,,,1050
Machines,Mac,MacBook Pro,MacBook Pro i7 2.6GHz 15-inch (Mid 2019),,1 TB,SSD,,,1125
Machines,Mac,MacBook Pro,MacBook Pro i7 2.6GHz 15-inch (Mid 2019),,2 TB,SSD,,,1250
Machines,Mac,MacBook Pro,MacBook Pro i7 2.6GHz 15-inch (Mid 2019),,4 TB,SSD,,,1325
Machines,Mac,MacBook Pro,MacBook Pro i7 2.8GHz 13-inch (Mid 2019),,256 GB,SSD,,,700
Machines,Mac,MacBook Pro,MacBook Pro i7 2.8GHz 13-inch (Mid 2019),,512 GB,SSD,,,725
Machines,Mac,MacBook Pro,MacBook Pro i7 2.8GHz 13-inch (Mid 2019),,1 TB,SSD,,,725
Machines,Mac,MacBook Pro,MacBook Pro i7 2.8GHz 13-inch (Mid 2019),,2 TB,SSD,,,800
Machines,Mac,MacBook Pro,MacBook Pro i9 2.3GHz 15-inch (Mid 2019),,256 GB,SSD,,,1000
Machines,Mac,MacBook Pro,MacBook Pro i9 2.3GHz 15-inch (Mid 2019),,512 GB,SSD,,,1075
Machines,Mac,MacBook Pro,MacBook Pro i9 2.3GHz 15-inch (Mid 2019),,1 TB,SSD,,,1250
Machines,Mac,MacBook Pro,MacBook Pro i9 2.3GHz 15-inch (Mid 2019),,2 TB,SSD,,,1350
Machines,Mac,MacBook Pro,MacBook Pro i9 2.3GHz 15-inch (Mid 2019),,4 TB,SSD,,,1475
Machines,Mac,MacBook Pro,MacBook Pro i9 2.4GHz 15-inch (Mid 2019),,256 GB,SSD,,,1000
Machines,Mac,MacBook Pro,MacBook Pro i9 2.4GHz 15-inch (Mid 2019),,512 GB,SSD,,,1150
Machines,Mac,MacBook Pro,MacBook Pro i9 2.4GHz 15-inch (Mid 2019),,1 TB,SSD,,,1250
Machines,Mac,MacBook Pro,MacBook Pro i9 2.4GHz 15-inch (Mid 2019),,2 TB,SSD,,,1350
Machines,Mac,MacBook Pro,MacBook Pro i9 2.4GHz 15-inch (Mid 2019),,4 TB,SSD,,,1475
Machines,Mac,MacBook Pro,MacBook Pro i7 2.6GHz 16-inch (Late 2019),,512 GB,SSD,,,1075
Machines,Mac,MacBook Pro,MacBook Pro i7 2.6GHz 16-inch (Late 2019),,1 TB,SSD,,,1150
Machines,Mac,MacBook Pro,MacBook Pro i7 2.6GHz 16-inch (Late 2019),,2 TB,SSD,,,1250
Machines,Mac,MacBook Pro,MacBook Pro i7 2.6GHz 16-inch (Late 2019),,4 TB,SSD,,,1350
Machines,Mac,MacBook Pro,MacBook Pro i7 2.6GHz 16-inch (Late 2019),,8 TB,SSD,,,1475
Machines,Mac,MacBook Pro,MacBook Pro i9 2.3GHz 16-inch (Late 2019),,1 TB,SSD,,,1250
Machines,Mac,MacBook Pro,MacBook Pro i9 2.3GHz 16-inch (Late 2019),,2 TB,SSD,,,1350
Machines,Mac,MacBook Pro,MacBook Pro i9 2.3GHz 16-inch (Late 2019),,4 TB,SSD,,,1475
Machines,Mac,MacBook Pro,MacBook Pro i9 2.3GHz 16-inch (Late 2019),,8 TB,SSD,,,1500
Machines,Mac,MacBook Pro,MacBook Pro i9 2.4GHz 16-inch (Late 2019),,512 GB,SSD,,,1150
Machines,Mac,MacBook Pro,MacBook Pro i9 2.4GHz 16-inch (Late 2019),,1 TB,SSD,,,1375
Machines,Mac,MacBook Pro,MacBook Pro i9 2.4GHz 16-inch (Late 2019),,2 TB,SSD,,,1450
Machines,Mac,MacBook Pro,MacBook Pro i9 2.4GHz 16-inch (Late 2019),,4 TB,SSD,,,1575
Machines,Mac,MacBook Pro,MacBook Pro i9 2.4GHz 16-inch (Late 2019),,8 TB,SSD,,,1700
Machines,Mac,MacBook Pro,MacBook Pro i5 1.4GHz 13-inch (Mid 2020),,256 GB,SSD,,,625
Machines,Mac,MacBook Pro,MacBook Pro i5 1.4GHz 13-inch (Mid 2020),,512 GB,SSD,,,675
Machines,Mac,MacBook Pro,MacBook Pro i5 1.4GHz 13-inch (Mid 2020),,1 TB,SSD,,,725
Machines,Mac,MacBook Pro,MacBook Pro i5 1.4GHz 13-inch (Mid 2020),,2 TB,SSD,,,750
Machines,Mac,MacBook Pro,MacBook Pro i5 2.0GHz 13-inch (Mid 2020),,512 GB,SSD,,,725
Machines,Mac,MacBook Pro,MacBook Pro i5 2.0GHz 13-inch (Mid 2020),,1 TB,SSD,,,800
Machines,Mac,MacBook Pro,MacBook Pro i5 2.0GHz 13-inch (Mid 2020),,2 TB,SSD,,,875
Machines,Mac,MacBook Pro,MacBook Pro i5 2.0GHz 13-inch (Mid 2020),,4 TB,SSD,,,1025
Machines,Mac,MacBook Pro,MacBook Pro i7 1.7GHz 13-inch (Mid 2020),,256 GB,SSD,,,750
Machines,Mac,MacBook Pro,MacBook Pro i7 1.7GHz 13-inch (Mid 2020),,512 GB,SSD,,,750
Machines,Mac,MacBook Pro,MacBook Pro i7 1.7GHz 13-inch (Mid 2020),,1 TB,SSD,,,800
Machines,Mac,MacBook Pro,MacBook Pro i7 1.7GHz 13-inch (Mid 2020),,2 TB,SSD,,,875
Machines,Mac,MacBook Pro,MacBook Pro i7 2.3GHz 13-inch (Mid 2020),,512 GB,SSD,,,750
Machines,Mac,MacBook Pro,MacBook Pro i7 2.3GHz 13-inch (Mid 2020),,1 TB,SSD,,,850
Machines,Mac,MacBook Pro,MacBook Pro i7 2.3GHz 13-inch (Mid 2020),,2 TB,SSD,,,925
Machines,Mac,MacBook Pro,MacBook Pro i7 2.3GHz 13-inch (Mid 2020),,4 TB,SSD,,,1075
Machines,Mac,MacBook Pro,MacBook Pro M1 8-Core CPU & 8-Core GPU 13-inch (Late 2020),,256 GB,SSD,,,875
Machines,Mac,MacBook Pro,MacBook Pro M1 8-Core CPU & 8-Core GPU 13-inch (Late 2020),,512 GB,SSD,,,925
Machines,Mac,MacBook Pro,MacBook Pro M1 8-Core CPU & 8-Core GPU 13-inch (Late 2020),,1 TB,SSD,,,1000
Machines,Mac,MacBook Pro,MacBook Pro M1 8-Core CPU & 8-Core GPU 13-inch (Late 2020),,2 TB,SSD,,,1125
Machines,Mac,MacBook Pro,MacBook Pro 14-inch M1 Pro 8-Core CPU & 14-Core GPU (2021),,512 GB,SSD,,,1800
Machines,Mac,MacBook Pro,MacBook Pro 14-inch M1 Pro 8-Core CPU & 14-Core GPU (2021),,1 TB,SSD,,,2025
Machines,Mac,MacBook Pro,MacBook Pro 14-inch M1 Pro 8-Core CPU & 14-Core GPU (2021),,2 TB,SSD,,,2050
Machines,Mac,MacBook Pro,MacBook Pro 14-inch M1 Pro 8-Core CPU & 14-Core GPU (2021),,4 TB,SSD,,,2475
Machines,Mac,MacBook Pro,MacBook Pro 14-inch M1 Pro 8-Core CPU & 14-Core GPU (2021),,8 TB,SSD,,,3325
Machines,Mac,MacBook Pro,MacBook Pro 14-inch M1 Pro 10-Core CPU & 14-Core GPU (2021),,512 GB,SSD,,,1950
Machines,Mac,MacBook Pro,MacBook Pro 14-inch M1 Pro 10-Core CPU & 14-Core GPU (2021),,1 TB,SSD,,,2150
Machines,Mac,MacBook Pro,MacBook Pro 14-inch M1 Pro 10-Core CPU & 14-Core GPU (2021),,2 TB,SSD,,,2375
Machines,Mac,MacBook Pro,MacBook Pro 14-inch M1 Pro 10-Core CPU & 14-Core GPU (2021),,4 TB,SSD,,,2850
Machines,Mac,MacBook Pro,MacBook Pro 14-inch M1 Pro 10-Core CPU & 14-Core GPU (2021),,8 TB,SSD,,,3600
Machines,Mac,MacBook Pro,MacBook Pro 14-inch M1 Pro 10-Core CPU & 16-Core GPU (2021),,512 GB,SSD,,,2100
Machines,Mac,MacBook Pro,MacBook Pro 14-inch M1 Pro 10-Core CPU & 16-Core GPU (2021),,1 TB,SSD,,,2275
Machines,Mac,MacBook Pro,MacBook Pro 14-inch M1 Pro 10-Core CPU & 16-Core GPU (2021),,2 TB,SSD,,,2525
Machines,Mac,MacBook Pro,MacBook Pro 14-inch M1 Pro 10-Core CPU & 16-Core GPU (2021),,4 TB,SSD,,,3050
Machines,Mac,MacBook Pro,MacBook Pro 14-inch M1 Pro 10-Core CPU & 16-Core GPU (2021),,8 TB,SSD,,,3725
Machines,Mac,MacBook Pro,MacBook Pro 14-inch M1 Max 10-Core CPU & 24-Core GPU (2021),,512 GB,SSD,,,2525
Machines,Mac,MacBook Pro,MacBook Pro 14-inch M1 Max 10-Core CPU & 24-Core GPU (2021),,1 TB,SSD,,,2725
Machines,Mac,MacBook Pro,MacBook Pro 14-inch M1 Max 10-Core CPU & 24-Core GPU (2021),,2 TB,SSD,,,2775
Machines,Mac,MacBook Pro,MacBook Pro 14-inch M1 Max 10-Core CPU & 24-Core GPU (2021),,4 TB,SSD,,,3550
Machines,Mac,MacBook Pro,MacBook Pro 14-inch M1 Max 10-Core CPU & 24-Core GPU (2021),,8 TB,SSD,,,4175
Machines,Mac,MacBook Pro,MacBook Pro 14-inch M1 Max 10-Core CPU & 32-Core GPU (2021),,512 GB,SSD,,,2725
Machines,Mac,MacBook Pro,MacBook Pro 14-inch M1 Max 10-Core CPU & 32-Core GPU (2021),,1 TB,SSD,,,2875
Machines,Mac,MacBook Pro,MacBook Pro 14-inch M1 Max 10-Core CPU & 32-Core GPU (2021),,2 TB,SSD,,,3250
Machines,Mac,MacBook Pro,MacBook Pro 14-inch M1 Max 10-Core CPU & 32-Core GPU (2021),,4 TB,SSD,,,3725
Machines,Mac,MacBook Pro,MacBook Pro 14-inch M1 Max 10-Core CPU & 32-Core GPU (2021),,8 TB,SSD,,,4325
Machines,Mac,MacBook Pro,MacBook Pro 16-inch M1 Pro 10-Core CPU & 16-Core GPU (2021),,512 GB,SSD,,,2125
Machines,Mac,MacBook Pro,MacBook Pro 16-inch M1 Pro 10-Core CPU & 16-Core GPU (2021),,1 TB,SSD,,,2275
Machines,Mac,MacBook Pro,MacBook Pro 16-inch M1 Pro 10-Core CPU & 16-Core GPU (2021),,2 TB,SSD,,,2650
Machines,Mac,MacBook Pro,MacBook Pro 16-inch M1 Pro 10-Core CPU & 16-Core GPU (2021),,4 TB,SSD,,,3175
Machines,Mac,MacBook Pro,MacBook Pro 16-inch M1 Pro 10-Core CPU & 16-Core GPU (2021),,8 TB,SSD,,,3800
Machines,Mac,MacBook Pro,MacBook Pro 16-inch M1 Max 10-Core CPU & 24-Core GPU (2021),,512 GB,SSD,,,2675
Machines,Mac,MacBook Pro,MacBook Pro 16-inch M1 Max 10-Core CPU & 24-Core GPU (2021),,1 TB,SSD,,,2725
Machines,Mac,MacBook Pro,MacBook Pro 16-inch M1 Max 10-Core CPU & 24-Core GPU (2021),,2 TB,SSD,,,3050
Machines,Mac,MacBook Pro,MacBook Pro 16-inch M1 Max 10-Core CPU & 24-Core GPU (2021),,4 TB,SSD,,,3550
Machines,Mac,MacBook Pro,MacBook Pro 16-inch M1 Max 10-Core CPU & 24-Core GPU (2021),,8 TB,SSD,,,4225
Machines,Mac,MacBook Pro,MacBook Pro 16-inch M1 Max 10-Core CPU & 32-Core GPU (2021),,512 GB,SSD,,,2710
Machines,Mac,MacBook Pro,MacBook Pro 16-inch M1 Max 10-Core CPU & 32-Core GPU (2021),,1 TB,SSD,,,2900
Machines,Mac,MacBook Pro,MacBook Pro 16-inch M1 Max 10-Core CPU & 32-Core GPU (2021),,2 TB,SSD,,,3250
Machines,Mac,MacBook Pro,MacBook Pro 16-inch M1 Max 10-Core CPU & 32-Core GPU (2021),,4 TB,SSD,,,3775
Machines,Mac,MacBook Pro,MacBook Pro 16-inch M1 Max 10-Core CPU & 32-Core GPU (2021),,8 TB,SSD,,,4400
Machines,Mac,MacBook Pro,MacBook Pro M2 8-Core CPU & 10-Core GPU 13-inch (Mid 2022),,256 GB,SSD,,,1375
Machines,Mac,MacBook Pro,MacBook Pro M2 8-Core CPU & 10-Core GPU 13-inch (Mid 2022),,512 GB,SSD,,,1675
Machines,Mac,MacBook Pro,MacBook Pro M2 8-Core CPU & 10-Core GPU 13-inch (Mid 2022),,1 TB,SSD,,,1875
Machines,Mac,MacBook Pro,MacBook Pro M2 8-Core CPU & 10-Core GPU 13-inch (Mid 2022),,2 TB,SSD,,,2225
Machines,Mac,MacBook Pro,MacBook Pro M2 Pro 10-Core CPU & 16-Core GPU 14-inch (Early 2023),,512 GB,SSD,,,2450
Machines,Mac,MacBook Pro,MacBook Pro M2 Pro 10-Core CPU & 16-Core GPU 14-inch (Early 2023),,1 TB,SSD,,,2625
Machines,Mac,MacBook Pro,MacBook Pro M2 Pro 10-Core CPU & 16-Core GPU 14-inch (Early 2023),,2 TB,SSD,,,3075
Machines,Mac,MacBook Pro,MacBook Pro M2 Pro 10-Core CPU & 16-Core GPU 14-inch (Early 2023),,4 TB,SSD,,,3575
Machines,Mac,MacBook Pro,MacBook Pro M2 Pro 10-Core CPU & 16-Core GPU 14-inch (Early 2023),,8 TB,SSD,,,4050
Machines,Mac,MacBook Pro,MacBook Pro M2 Pro 12-Core CPU & 19-Core GPU 14-inch (Early 2023),,512 GB,SSD,,,2500
Machines,Mac,MacBook Pro,MacBook Pro M2 Pro 12-Core CPU & 19-Core GPU 14-inch (Early 2023),,1 TB,SSD,,,2625
Machines,Mac,MacBook Pro,MacBook Pro M2 Pro 12-Core CPU & 19-Core GPU 14-inch (Early 2023),,2 TB,SSD,,,3275
Machines,Mac,MacBook Pro,MacBook Pro M2 Pro 12-Core CPU & 19-Core GPU 14-inch (Early 2023),,4 TB,SSD,,,3800
Machines,Mac,MacBook Pro,MacBook Pro M2 Pro 12-Core CPU & 19-Core GPU 14-inch (Early 2023),,8 TB,SSD,,,4625
Machines,Mac,MacBook Pro,MacBook Pro M2 Max 12-Core CPU & 30-Core GPU 14-inch (Early 2023),,512 GB,SSD,,,3000
Machines,Mac,MacBook Pro,MacBook Pro M2 Max 12-Core CPU & 30-Core GPU 14-inch (Early 2023),,1 TB,SSD,,,3025
Machines,Mac,MacBook Pro,MacBook Pro M2 Max 12-Core CPU & 30-Core GPU 14-inch (Early 2023),,2 TB,SSD,,,3800
Machines,Mac,MacBook Pro,MacBook Pro M2 Max 12-Core CPU & 30-Core GPU 14-inch (Early 2023),,4 TB,SSD,,,4575
Machines,Mac,MacBook Pro,MacBook Pro M2 Max 12-Core CPU & 30-Core GPU 14-inch (Early 2023),,8 TB,SSD,,,5775
Machines,Mac,MacBook Pro,MacBook Pro M2 Max 12-Core CPU & 38-Core GPU 14-inch (Early 2023),,512 GB,SSD,,,3475
Machines,Mac,MacBook Pro,MacBook Pro M2 Max 12-Core CPU & 38-Core GPU 14-inch (Early 2023),,1 TB,SSD,,,3725
Machines,Mac,MacBook Pro,MacBook Pro M2 Max 12-Core CPU & 38-Core GPU 14-inch (Early 2023),,2 TB,SSD,,,4125
Machines,Mac,MacBook Pro,MacBook Pro M2 Max 12-Core CPU & 38-Core GPU 14-inch (Early 2023),,4 TB,SSD,,,4775
Machines,Mac,MacBook Pro,MacBook Pro M2 Max 12-Core CPU & 38-Core GPU 14-inch (Early 2023),,8 TB,SSD,,,5825
Machines,Mac,MacBook Pro,MacBook Pro M2 Pro 12-Core CPU & 19-Core GPU 16-inch (Early 2023),,512 GB,SSD,,,2925
Machines,Mac,MacBook Pro,MacBook Pro M2 Pro 12-Core CPU & 19-Core GPU 16-inch (Early 2023),,1 TB,SSD,,,3125
Machines,Mac,MacBook Pro,MacBook Pro M2 Pro 12-Core CPU & 19-Core GPU 16-inch (Early 2023),,2 TB,SSD,,,3500
Machines,Mac,MacBook Pro,MacBook Pro M2 Pro 12-Core CPU & 19-Core GPU 16-inch (Early 2023),,4 TB,SSD,,,4300
Machines,Mac,MacBook Pro,MacBook Pro M2 Pro 12-Core CPU & 19-Core GPU 16-inch (Early 2023),,8 TB,SSD,,,5250
Machines,Mac,MacBook Pro,MacBook Pro M2 Max 12-Core CPU & 30-Core GPU 16-inch (Early 2023),,512 GB,SSD,,,3600
Machines,Mac,MacBook Pro,MacBook Pro M2 Max 12-Core CPU & 30-Core GPU 16-inch (Early 2023),,1 TB,SSD,,,3825
Machines,Mac,MacBook Pro,MacBook Pro M2 Max 12-Core CPU & 30-Core GPU 16-inch (Early 2023),,2 TB,SSD,,,4125
Machines,Mac,MacBook Pro,MacBook Pro M2 Max 12-Core CPU & 30-Core GPU 16-inch (Early 2023),,4 TB,SSD,,,4725
Machines,Mac,MacBook Pro,MacBook Pro M2 Max 12-Core CPU & 30-Core GPU 16-inch (Early 2023),,8 TB,SSD,,,5950
Machines,Mac,MacBook Pro,MacBook Pro M2 Max 12-Core CPU & 38-Core GPU 16-inch (Early 2023),,512 GB,SSD,,,3925
Machines,Mac,MacBook Pro,MacBook Pro M2 Max 12-Core CPU & 38-Core GPU 16-inch (Early 2023),,1 TB,SSD,,,4000
Machines,Mac,MacBook Pro,MacBook Pro M2 Max 12-Core CPU & 38-Core GPU 16-inch (Early 2023),,2 TB,SSD,,,4500
Machines,Mac,MacBook Pro,MacBook Pro M2 Max 12-Core CPU & 38-Core GPU 16-inch (Early 2023),,4 TB,SSD,,,4950
Machines,Mac,MacBook Pro,MacBook Pro M2 Max 12-Core CPU & 38-Core GPU 16-inch (Early 2023),,8 TB,SSD,,,5975
Machines,Mac,MacBook Pro,MacBook Pro M3 8-Core CPU & 10-Core GPU 14-inch (Late 2023),,512 GB,SSD,,,2525
Machines,Mac,MacBook Pro,MacBook Pro M3 8-Core CPU & 10-Core GPU 14-inch (Late 2023),,1 TB,SSD,,,2800
Machines,Mac,MacBook Pro,MacBook Pro M3 8-Core CPU & 10-Core GPU 14-inch (Late 2023),,2 TB,SSD,,,3375
Machines,Mac,MacBook Pro,MacBook Pro M3 Pro 11-Core CPU & 14-Core GPU 14-inch (Late 2023),,512 GB,SSD,,,3000
Machines,Mac,MacBook Pro,MacBook Pro M3 Pro 11-Core CPU & 14-Core GPU 14-inch (Late 2023),,1 TB,SSD,,,3300
Machines,Mac,MacBook Pro,MacBook Pro M3 Pro 11-Core CPU & 14-Core GPU 14-inch (Late 2023),,2 TB,SSD,,,4075
Machines,Mac,MacBook Pro,MacBook Pro M3 Pro 11-Core CPU & 14-Core GPU 14-inch (Late 2023),,4 TB,SSD,,,4725
Machines,Mac,MacBook Pro,MacBook Pro M3 Pro 12-Core CPU & 18-Core GPU 14-inch (Late 2023),,512 GB,SSD,,,3400
Machines,Mac,MacBook Pro,MacBook Pro M3 Pro 12-Core CPU & 18-Core GPU 14-inch (Late 2023),,1 TB,SSD,,,3700
Machines,Mac,MacBook Pro,MacBook Pro M3 Pro 12-Core CPU & 18-Core GPU 14-inch (Late 2023),,2 TB,SSD,,,4100
Machines,Mac,MacBook Pro,MacBook Pro M3 Pro 12-Core CPU & 18-Core GPU 14-inch (Late 2023),,4 TB,SSD,,,4725
Machines,Mac,MacBook Pro,MacBook Pro M3 Max 14-Core CPU & 30-Core GPU 14-inch (Late 2023),,512 GB,SSD,,,4600
Machines,Mac,MacBook Pro,MacBook Pro M3 Max 14-Core CPU & 30-Core GPU 14-inch (Late 2023),,1 TB,SSD,,,4800
Machines,Mac,MacBook Pro,MacBook Pro M3 Max 14-Core CPU & 30-Core GPU 14-inch (Late 2023),,2 TB,SSD,,,5225
Machines,Mac,MacBook Pro,MacBook Pro M3 Max 14-Core CPU & 30-Core GPU 14-inch (Late 2023),,4 TB,SSD,,,6200
Machines,Mac,MacBook Pro,MacBook Pro M3 Max 14-Core CPU & 30-Core GPU 14-inch (Late 2023),,8 TB,SSD,,,7400
Machines,Mac,MacBook Pro,MacBook Pro M3 Max 16-Core CPU & 40-Core GPU 14-inch (Late 2023),,512 GB,SSD,,,5225
Machines,Mac,MacBook Pro,MacBook Pro M3 Max 16-Core CPU & 40-Core GPU 14-inch (Late 2023),,1 TB,SSD,,,5400
Machines,Mac,MacBook Pro,MacBook Pro M3 Max 16-Core CPU & 40-Core GPU 14-inch (Late 2023),,2 TB,SSD,,,6075
Machines,Mac,MacBook Pro,MacBook Pro M3 Max 16-Core CPU & 40-Core GPU 14-inch (Late 2023),,4 TB,SSD,,,6900
Machines,Mac,MacBook Pro,MacBook Pro M3 Max 16-Core CPU & 40-Core GPU 14-inch (Late 2023),,8 TB,SSD,,,8450
Machines,Mac,MacBook Pro,MacBook Pro M3 Pro 12-Core CPU & 18-Core GPU 16-inch (Late 2023),,512 GB,SSD,,,3900
Machines,Mac,MacBook Pro,MacBook Pro M3 Pro 12-Core CPU & 18-Core GPU 16-inch (Late 2023),,1 TB,SSD,,,4350
Machines,Mac,MacBook Pro,MacBook Pro M3 Pro 12-Core CPU & 18-Core GPU 16-inch (Late 2023),,2 TB,SSD,,,5100
Machines,Mac,MacBook Pro,MacBook Pro M3 Pro 12-Core CPU & 18-Core GPU 16-inch (Late 2023),,4 TB,SSD,,,5875
Machines,Mac,MacBook Pro,MacBook Pro M3 Max 14-Core CPU & 30-Core GPU 16-inch (Late 2023),,512 GB,SSD,,,5200
Machines,Mac,MacBook Pro,MacBook Pro M3 Max 14-Core CPU & 30-Core GPU 16-inch (Late 2023),,1 TB,SSD,,,5650
Machines,Mac,MacBook Pro,MacBook Pro M3 Max 14-Core CPU & 30-Core GPU 16-inch (Late 2023),,2 TB,SSD,,,6125
Machines,Mac,MacBook Pro,MacBook Pro M3 Max 14-Core CPU & 30-Core GPU 16-inch (Late 2023),,4 TB,SSD,,,7000
Machines,Mac,MacBook Pro,MacBook Pro M3 Max 14-Core CPU & 30-Core GPU 16-inch (Late 2023),,8 TB,SSD,,,8700
Machines,Mac,MacBook Pro,MacBook Pro M3 Max 16-Core CPU & 40-Core GPU 16-inch (Late 2023),,512 GB,SSD,,,5975
Machines,Mac,MacBook Pro,MacBook Pro M3 Max 16-Core CPU & 40-Core GPU 16-inch (Late 2023),,1 TB,SSD,,,6425
Machines,Mac,MacBook Pro,MacBook Pro M3 Max 16-Core CPU & 40-Core GPU 16-inch (Late 2023),,2 TB,SSD,,,7000
Machines,Mac,MacBook Pro,MacBook Pro M3 Max 16-Core CPU & 40-Core GPU 16-inch (Late 2023),,4 TB,SSD,,,7775
Machines,Mac,MacBook Pro,MacBook Pro M3 Max 16-Core CPU & 40-Core GPU 16-inch (Late 2023),,8 TB,SSD,,,9550
Machines,Mac,MacBook Pro,MacBook Pro M4 10-Core CPU & 10-Core GPU 14-inch (Late 2024),,512 GB,SSD,,,2925
Machines,Mac,MacBook Pro,MacBook Pro M4 10-Core CPU & 10-Core GPU 14-inch (Late 2024),,1 TB,SSD,,,3300
Machines,Mac,MacBook Pro,MacBook Pro M4 10-Core CPU & 10-Core GPU 14-inch (Late 2024),,2 TB,SSD,,,4100
Machines,Mac,MacBook Pro,MacBook Pro M4 Pro 12-Core CPU & 16-Core GPU 14-inch (Late 2024),,512 GB,SSD,,,3475
Machines,Mac,MacBook Pro,MacBook Pro M4 Pro 12-Core CPU & 16-Core GPU 14-inch (Late 2024),,1 TB,SSD,,,3900
Machines,Mac,MacBook Pro,MacBook Pro M4 Pro 12-Core CPU & 16-Core GPU 14-inch (Late 2024),,2 TB,SSD,,,4575
Machines,Mac,MacBook Pro,MacBook Pro M4 Pro 12-Core CPU & 16-Core GPU 14-inch (Late 2024),,4 TB,SSD,,,5075
Machines,Mac,MacBook Pro,MacBook Pro M4 Pro 14-Core CPU & 20-Core GPU 14-inch (Late 2024),,512 GB,SSD,,,4150
Machines,Mac,MacBook Pro,MacBook Pro M4 Pro 14-Core CPU & 20-Core GPU 14-inch (Late 2024),,1 TB,SSD,,,4275
Machines,Mac,MacBook Pro,MacBook Pro M4 Pro 14-Core CPU & 20-Core GPU 14-inch (Late 2024),,2 TB,SSD,,,4925
Machines,Mac,MacBook Pro,MacBook Pro M4 Pro 14-Core CPU & 20-Core GPU 14-inch (Late 2024),,4 TB,SSD,,,5800
Machines,Mac,MacBook Pro,MacBook Pro M4 Max 14-Core CPU & 32-Core GPU 14-inch (Late 2024),,1 TB,SSD,,,5750
Machines,Mac,MacBook Pro,MacBook Pro M4 Max 14-Core CPU & 32-Core GPU 14-inch (Late 2024),,2 TB,SSD,,,6375
Machines,Mac,MacBook Pro,MacBook Pro M4 Max 14-Core CPU & 32-Core GPU 14-inch (Late 2024),,4 TB,SSD,,,7425
Machines,Mac,MacBook Pro,MacBook Pro M4 Max 14-Core CPU & 32-Core GPU 14-inch (Late 2024),,8 TB,SSD,,,8600
Machines,Mac,MacBook Pro,MacBook Pro M4 Pro 14-Core CPU & 20-Core GPU 16-inch (Late 2024),,512 GB,SSD,,,4375
Machines,Mac,MacBook Pro,MacBook Pro M4 Pro 14-Core CPU & 20-Core GPU 16-inch (Late 2024),,1 TB,SSD,,,4725
Machines,Mac,MacBook Pro,MacBook Pro M4 Pro 14-Core CPU & 20-Core GPU 16-inch (Late 2024),,2 TB,SSD,,,5400
Machines,Mac,MacBook Pro,MacBook Pro M4 Pro 14-Core CPU & 20-Core GPU 16-inch (Late 2024),,4 TB,SSD,,,5975
Machines,Mac,MacBook Pro,MacBook Pro M4 Max 14-Core CPU & 32-Core GPU 16-inch (Late 2024),,1 TB,SSD,,,6100
Machines,Mac,MacBook Pro,MacBook Pro M4 Max 14-Core CPU & 32-Core GPU 16-inch (Late 2024),,2 TB,SSD,,,6775
Machines,Mac,MacBook Pro,MacBook Pro M4 Max 14-Core CPU & 32-Core GPU 16-inch (Late 2024),,4 TB,SSD,,,7775
Machines,Mac,MacBook Pro,MacBook Pro M4 Max 14-Core CPU & 32-Core GPU 16-inch (Late 2024),,8 TB,SSD,,,8875
Machines,Mac,MacBook Pro,MacBook Pro M4 Max 16-Core CPU & 40-Core GPU 14-inch (Late 2024),,1 TB,SSD,,,6550
Machines,Mac,MacBook Pro,MacBook Pro M4 Max 16-Core CPU & 40-Core GPU 14-inch (Late 2024),,2 TB,SSD,,,7125
Machines,Mac,MacBook Pro,MacBook Pro M4 Max 16-Core CPU & 40-Core GPU 14-inch (Late 2024),,4 TB,SSD,,,8125
Machines,Mac,MacBook Pro,MacBook Pro M4 Max 16-Core CPU & 40-Core GPU 14-inch (Late 2024),,8 TB,SSD,,,9200
Machines,Mac,MacBook Pro,MacBook Pro M4 Max 16-Core CPU & 40-Core GPU 16-inch (Late 2024),,1 TB,SSD,,,6750
Machines,Mac,MacBook Pro,MacBook Pro M4 Max 16-Core CPU & 40-Core GPU 16-inch (Late 2024),,2 TB,SSD,,,7375
Machines,Mac,MacBook Pro,MacBook Pro M4 Max 16-Core CPU & 40-Core GPU 16-inch (Late 2024),,4 TB,SSD,,,8650
Machines,Mac,MacBook Pro,MacBook Pro M4 Max 16-Core CPU & 40-Core GPU 16-inch (Late 2024),,8 TB,SSD,,,9900
Machines,Mac,MacBook Pro,MacBook Pro M5 10-Core CPU & 10-Core GPU 14-inch (Late 2025),,512 GB,SSD,,,3950
Machines,Mac,MacBook Pro,MacBook Pro M5 10-Core CPU & 10-Core GPU 14-inch (Late 2025),,1 TB,SSD,,,4425
Machines,Mac,MacBook Pro,MacBook Pro M5 10-Core CPU & 10-Core GPU 14-inch (Late 2025),,2 TB,SSD,,,5400
Machines,Mac,MacBook Pro,MacBook Pro M5 10-Core CPU & 10-Core GPU 14-inch (Late 2025),,4 TB,SSD,,,6350
Switch,Mac,MacBook Air,MacBook Air i3 1.1GHz 13-inch (Early 2020),,256 GB,SSD,,,350
Switch,Mac,MacBook Air,MacBook Air i3 1.1GHz 13-inch (Early 2020),,512 GB,SSD,,,360
Switch,Mac,MacBook Air,MacBook Air i3 1.1GHz 13-inch (Early 2020),,1 TB,SSD,,,370
Switch,Mac,MacBook Air,MacBook Air i3 1.1GHz 13-inch (Early 2020),,2 TB,SSD,,,430
Switch,Mac,MacBook Air,MacBook Air i5 1.1GHz 13-inch (Early 2020),,256 GB,SSD,,,460
Switch,Mac,MacBook Air,MacBook Air i5 1.1GHz 13-inch (Early 2020),,512 GB,SSD,,,500
Switch,Mac,MacBook Air,MacBook Air i5 1.1GHz 13-inch (Early 2020),,1 TB,SSD,,,510
Switch,Mac,MacBook Air,MacBook Air i5 1.1GHz 13-inch (Early 2020),,2 TB,SSD,,,580
Switch,Mac,MacBook Air,MacBook Air i5 1.6GHz 13-inch (Early 2015),,128 GB,SSD,,,50
Switch,Mac,MacBook Air,MacBook Air i5 1.6GHz 13-inch (Early 2015),,256 GB,SSD,,,50
Switch,Mac,MacBook Air,MacBook Air i5 1.6GHz 13-inch (Early 2015),,512 GB,SSD,,,50
Switch,Mac,MacBook Air,MacBook Air i5 1.6GHz 13-inch (Late 2018),,128 GB,SSD,,,250
Switch,Mac,MacBook Air,MacBook Air i5 1.6GHz 13-inch (Late 2018),,256 GB,SSD,,,350
Switch,Mac,MacBook Air,MacBook Air i5 1.6GHz 13-inch (Late 2018),,512 GB,SSD,,,400
Switch,Mac,MacBook Air,MacBook Air i5 1.6GHz 13-inch (Late 2018),,1.5 TB,SSD,,,450
Switch,Mac,MacBook Air,MacBook Air i5 1.6GHz 13-inch (Mid 2019),,128 GB,SSD,,,410
Switch,Mac,MacBook Air,MacBook Air i5 1.6GHz 13-inch (Mid 2019),,256 GB,SSD,,,420
Switch,Mac,MacBook Air,MacBook Air i5 1.6GHz 13-inch (Mid 2019),,512 GB,SSD,,,490
Switch,Mac,MacBook Air,MacBook Air i5 1.6GHz 13-inch (Mid 2019),,1 TB,SSD,,,500
Switch,Mac,MacBook Air,MacBook Air i5 1.8GHz 13-inch (Mid 2017),,128 GB,SSD,,,180
Switch,Mac,MacBook Air,MacBook Air i5 1.8GHz 13-inch (Mid 2017),,256 GB,SSD,,,230
Switch,Mac,MacBook Air,MacBook Air i5 1.8GHz 13-inch (Mid 2017),,512 GB,SSD,,,260
Switch,Mac,MacBook Air,MacBook Air i7 1.2GHz 13-inch (Early 2020),,256 GB,SSD,,,490
Switch,Mac,MacBook Air,MacBook Air i7 1.2GHz 13-inch (Early 2020),,512 GB,SSD,,,500
Switch,Mac,MacBook Air,MacBook Air i7 1.2GHz 13-inch (Early 2020),,1 TB,SSD,,,530
Switch,Mac,MacBook Air,MacBook Air i7 1.2GHz 13-inch (Early 2020),,2 TB,SSD,,,600
Switch,Mac,MacBook Air,MacBook Air i7 2.2GHz 13-inch (Early 2015),,128 GB,SSD,,,80
Switch,Mac,MacBook Air,MacBook Air i7 2.2GHz 13-inch (Early 2015),,256 GB,SSD,,,80
Switch,Mac,MacBook Air,MacBook Air i7 2.2GHz 13-inch (Early 2015),,512 GB,SSD,,,80
Switch,Mac,MacBook Air,MacBook Air i7 2.2GHz 13-inch (Mid 2017),,128 GB,SSD,,,260
Switch,Mac,MacBook Air,MacBook Air i7 2.2GHz 13-inch (Mid 2017),,256 GB,SSD,,,310
Switch,Mac,MacBook Air,MacBook Air i7 2.2GHz 13-inch (Mid 2017),,512 GB,SSD,,,430
Switch,Mac,MacBook Air,MacBook Air M1 8-Core CPU & 7-Core GPU 13-inch (Late 2020),,128 GB,SSD,,,460
Switch,Mac,MacBook Air,MacBook Air M1 8-Core CPU & 7-Core GPU 13-inch (Late 2020),,256 GB,SSD,,,560
Switch,Mac,MacBook Air,MacBook Air M1 8-Core CPU & 7-Core GPU 13-inch (Late 2020),,512 GB,SSD,,,570
Switch,Mac,MacBook Air,MacBook Air M1 8-Core CPU & 7-Core GPU 13-inch (Late 2020),,1 TB,SSD,,,580
Switch,Mac,MacBook Air,MacBook Air M1 8-Core CPU & 7-Core GPU 13-inch (Late 2020),,2 TB,SSD,,,660
Switch,Mac,MacBook Air,MacBook Air M1 8-Core CPU & 8-Core GPU 13-inch (Late 2020),,256 GB,SSD,,,580
Switch,Mac,MacBook Air,MacBook Air M1 8-Core CPU & 8-Core GPU 13-inch (Late 2020),,512 GB,SSD,,,610
Switch,Mac,MacBook Air,MacBook Air M1 8-Core CPU & 8-Core GPU 13-inch (Late 2020),,1 TB,SSD,,,680
Switch,Mac,MacBook Air,MacBook Air M1 8-Core CPU & 8-Core GPU 13-inch (Late 2020),,2 TB,SSD,,,710
Switch,Mac,MacBook Air,MacBook Air M2 8-Core CPU & 10-Core GPU 13.6-inch (Mid 2022),,256 GB,SSD,,,1210
Switch,Mac,MacBook Air,MacBook Air M2 8-Core CPU & 10-Core GPU 13.6-inch (Mid 2022),,512 GB,SSD,,,1400
Switch,Mac,MacBook Air,MacBook Air M2 8-Core CPU & 10-Core GPU 13.6-inch (Mid 2022),,1 TB,SSD,,,1560
Switch,Mac,MacBook Air,MacBook Air M2 8-Core CPU & 10-Core GPU 13.6-inch (Mid 2022),,2 TB,SSD,,,2020
Switch,Mac,MacBook Air,MacBook Air M2 8-Core CPU & 10-Core GPU 15-inch (Mid 2023),,256 GB,SSD,,,1860
Switch,Mac,MacBook Air,MacBook Air M2 8-Core CPU & 10-Core GPU 15-inch (Mid 2023),,512 GB,SSD,,,2020
Switch,Mac,MacBook Air,MacBook Air M2 8-Core CPU & 10-Core GPU 15-inch (Mid 2023),,1 TB,SSD,,,2250
Switch,Mac,MacBook Air,MacBook Air M2 8-Core CPU & 10-Core GPU 15-inch (Mid 2023),,2 TB,SSD,,,2820
Switch,Mac,MacBook Air,MacBook Air M2 8-Core CPU & 8-Core GPU 13.6-inch (Mid 2022),,256 GB,SSD,,,1210
Switch,Mac,MacBook Air,MacBook Air M2 8-Core CPU & 8-Core GPU 13.6-inch (Mid 2022),,512 GB,SSD,,,1400
Switch,Mac,MacBook Air,MacBook Air M2 8-Core CPU & 8-Core GPU 13.6-inch (Mid 2022),,1 TB,SSD,,,1560
Switch,Mac,MacBook Air,MacBook Air M2 8-Core CPU & 8-Core GPU 13.6-inch (Mid 2022),,2 TB,SSD,,,1900
Switch,Mac,MacBook Air,MacBook Air M3 8-Core CPU & 10-Core GPU 13.6-inch (Early 2024),,256 GB,SSD,,,1980
Switch,Mac,MacBook Air,MacBook Air M3 8-Core CPU & 10-Core GPU 13.6-inch (Early 2024),,512 GB,SSD,,,2160
Switch,Mac,MacBook Air,MacBook Air M3 8-Core CPU & 10-Core GPU 13.6-inch (Early 2024),,1 TB,SSD,,,2480
Switch,Mac,MacBook Air,MacBook Air M3 8-Core CPU & 10-Core GPU 13.6-inch (Early 2024),,2 TB,SSD,,,3100
Switch,Mac,MacBook Air,MacBook Air M3 8-Core CPU & 10-Core GPU 15-inch (Early 2024),,256 GB,SSD,,,2300
Switch,Mac,MacBook Air,MacBook Air M3 8-Core CPU & 10-Core GPU 15-inch (Early 2024),,512 GB,SSD,,,2540
Switch,Mac,MacBook Air,MacBook Air M3 8-Core CPU & 10-Core GPU 15-inch (Early 2024),,1 TB,SSD,,,3170
Switch,Mac,MacBook Air,MacBook Air M3 8-Core CPU & 10-Core GPU 15-inch (Early 2024),,2 TB,SSD,,,3450
Switch,Mac,MacBook Air,MacBook Air M3 8-Core CPU & 8-Core GPU 13.6-inch (Early 2024),,256 GB,SSD,,,1970
Switch,Mac,MacBook,MacBook i5 1.3GHz 12-inch (Mid 2017),,256 GB,SSD,,,280
Switch,Mac,MacBook,MacBook i5 1.3GHz 12-inch (Mid 2017),,512 GB,SSD,,,330
Switch,Mac,MacBook,MacBook i7 1.4GHz 12-inch (Mid 2017),,256 GB,SSD,,,330
Switch,Mac,MacBook,MacBook i7 1.4GHz 12-inch (Mid 2017),,512 GB,SSD,,,380
Switch,Mac,MacBook,MacBook M3 1.1GHz 12-inch (Early 2016),,256 GB,SSD,,,120
Switch,Mac,MacBook,MacBook M3 1.2GHz 12-inch (Mid 2017),,256 GB,SSD,,,280
Switch,Mac,MacBook,MacBook M5 1.2GHz 12-inch (Early 2016),,512 GB,SSD,,,250
Switch,Mac,MacBook,MacBook M7 1.3GHz 12-inch (Early 2016),,256 GB,SSD,,,190
Switch,Mac,MacBook,MacBook M7 1.3GHz 12-inch (Early 2016),,512 GB,SSD,,,250
Switch,Mac,MacBook Pro,MacBook Pro 14-inch M1 Max 10-Core CPU & 24-Core GPU (2021),,512 GB,SSD,,,2520
Switch,Mac,MacBook Pro,MacBook Pro 14-inch M1 Max 10-Core CPU & 24-Core GPU (2021),,1 TB,SSD,,,2680
Switch,Mac,MacBook Pro,MacBook Pro 14-inch M1 Max 10-Core CPU & 24-Core GPU (2021),,2 TB,SSD,,,2680
Switch,Mac,MacBook Pro,MacBook Pro 14-inch M1 Max 10-Core CPU & 24-Core GPU (2021),,4 TB,SSD,,,3510
Switch,Mac,MacBook Pro,MacBook Pro 14-inch M1 Max 10-Core CPU & 24-Core GPU (2021),,8 TB,SSD,,,4380
Switch,Mac,MacBook Pro,MacBook Pro 14-inch M1 Max 10-Core CPU & 32-Core GPU (2021),,512 GB,SSD,,,2690
Switch,Mac,MacBook Pro,MacBook Pro 14-inch M1 Max 10-Core CPU & 32-Core GPU (2021),,1 TB,SSD,,,2780
Switch,Mac,MacBook Pro,MacBook Pro 14-inch M1 Max 10-Core CPU & 32-Core GPU (2021),,2 TB,SSD,,,3130
Switch,Mac,MacBook Pro,MacBook Pro 14-inch M1 Max 10-Core CPU & 32-Core GPU (2021),,4 TB,SSD,,,3580
Switch,Mac,MacBook Pro,MacBook Pro 14-inch M1 Max 10-Core CPU & 32-Core GPU (2021),,8 TB,SSD,,,4550
Switch,Mac,MacBook Pro,MacBook Pro 14-inch M1 Pro 10-Core CPU & 14-Core GPU (2021),,512 GB,SSD,,,1980
Switch,Mac,MacBook Pro,MacBook Pro 14-inch M1 Pro 10-Core CPU & 14-Core GPU (2021),,1 TB,SSD,,,2170
Switch,Mac,MacBook Pro,MacBook Pro 14-inch M1 Pro 10-Core CPU & 14-Core GPU (2021),,2 TB,SSD,,,2410
Switch,Mac,MacBook Pro,MacBook Pro 14-inch M1 Pro 10-Core CPU & 14-Core GPU (2021),,4 TB,SSD,,,2890
Switch,Mac,MacBook Pro,MacBook Pro 14-inch M1 Pro 10-Core CPU & 14-Core GPU (2021),,8 TB,SSD,,,3970
Switch,Mac,MacBook Pro,MacBook Pro 14-inch M1 Pro 10-Core CPU & 16-Core GPU (2021),,512 GB,SSD,,,2120
Switch,Mac,MacBook Pro,MacBook Pro 14-inch M1 Pro 10-Core CPU & 16-Core GPU (2021),,1 TB,SSD,,,2300
Switch,Mac,MacBook Pro,MacBook Pro 14-inch M1 Pro 10-Core CPU & 16-Core GPU (2021),,2 TB,SSD,,,2560
Switch,Mac,MacBook Pro,MacBook Pro 14-inch M1 Pro 10-Core CPU & 16-Core GPU (2021),,4 TB,SSD,,,3070
Switch,Mac,MacBook Pro,MacBook Pro 14-inch M1 Pro 10-Core CPU & 16-Core GPU (2021),,8 TB,SSD,,,4090
Switch,Mac,MacBook Pro,MacBook Pro 14-inch M1 Pro 8-Core CPU & 14-Core GPU (2021),,512 GB,SSD,,,1840
Switch,Mac,MacBook Pro,MacBook Pro 14-inch M1 Pro 8-Core CPU & 14-Core GPU (2021),,1 TB,SSD,,,2050
Switch,Mac,MacBook Pro,MacBook Pro 14-inch M1 Pro 8-Core CPU & 14-Core GPU (2021),,2 TB,SSD,,,2070
Switch,Mac,MacBook Pro,MacBook Pro 14-inch M1 Pro 8-Core CPU & 14-Core GPU (2021),,4 TB,SSD,,,2510
Switch,Mac,MacBook Pro,MacBook Pro 14-inch M1 Pro 8-Core CPU & 14-Core GPU (2021),,8 TB,SSD,,,3700
Switch,Mac,MacBook Pro,MacBook Pro 16-inch M1 Max 10-Core CPU & 24-Core GPU (2021),,512 GB,SSD,,,2700
Switch,Mac,MacBook Pro,MacBook Pro 16-inch M1 Max 10-Core CPU & 24-Core GPU (2021),,1 TB,SSD,,,2750
Switch,Mac,MacBook Pro,MacBook Pro 16-inch M1 Max 10-Core CPU & 24-Core GPU (2021),,2 TB,SSD,,,3090
Switch,Mac,MacBook Pro,MacBook Pro 16-inch M1 Max 10-Core CPU & 24-Core GPU (2021),,4 TB,SSD,,,3590
Switch,Mac,MacBook Pro,MacBook Pro 16-inch M1 Max 10-Core CPU & 24-Core GPU (2021),,8 TB,SSD,,,4610
Switch,Mac,MacBook Pro,MacBook Pro 16-inch M1 Max 10-Core CPU & 32-Core GPU (2021),,512 GB,SSD,,,2720
Switch,Mac,MacBook Pro,MacBook Pro 16-inch M1 Max 10-Core CPU & 32-Core GPU (2021),,1 TB,SSD,,,2920
Switch,Mac,MacBook Pro,MacBook Pro 16-inch M1 Max 10-Core CPU & 32-Core GPU (2021),,2 TB,SSD,,,3260
Switch,Mac,MacBook Pro,MacBook Pro 16-inch M1 Max 10-Core CPU & 32-Core GPU (2021),,4 TB,SSD,,,3800
Switch,Mac,MacBook Pro,MacBook Pro 16-inch M1 Max 10-Core CPU & 32-Core GPU (2021),,8 TB,SSD,,,4770
Switch,Mac,MacBook Pro,MacBook Pro 16-inch M1 Pro 10-Core CPU & 16-Core GPU (2021),,512 GB,SSD,,,2150
Switch,Mac,MacBook Pro,MacBook Pro 16-inch M1 Pro 10-Core CPU & 16-Core GPU (2021),,1 TB,SSD,,,2320
Switch,Mac,MacBook Pro,MacBook Pro 16-inch M1 Pro 10-Core CPU & 16-Core GPU (2021),,2 TB,SSD,,,2680
Switch,Mac,MacBook Pro,MacBook Pro 16-inch M1 Pro 10-Core CPU & 16-Core GPU (2021),,4 TB,SSD,,,3100
Switch,Mac,MacBook Pro,MacBook Pro 16-inch M1 Pro 10-Core CPU & 16-Core GPU (2021),,8 TB,SSD,,,3400
Switch,Mac,MacBook Pro,MacBook Pro i5 1.4GHz 13-inch (Mid 2019),,128 GB,SSD,,,420
Switch,Mac,MacBook Pro,MacBook Pro i5 1.4GHz 13-inch (Mid 2019),,256 GB,SSD,,,520
Switch,Mac,MacBook Pro,MacBook Pro i5 1.4GHz 13-inch (Mid 2019),,512 GB,SSD,,,570
Switch,Mac,MacBook Pro,MacBook Pro i5 1.4GHz 13-inch (Mid 2019),,1 TB,SSD,,,640
Switch,Mac,MacBook Pro,MacBook Pro i5 1.4GHz 13-inch (Mid 2019),,2 TB,SSD,,,690
Switch,Mac,MacBook Pro,MacBook Pro i5 1.4GHz 13-inch (Mid 2020),,256 GB,SSD,,,660
Switch,Mac,MacBook Pro,MacBook Pro i5 1.4GHz 13-inch (Mid 2020),,512 GB,SSD,,,710
Switch,Mac,MacBook Pro,MacBook Pro i5 1.4GHz 13-inch (Mid 2020),,1 TB,SSD,,,760
Switch,Mac,MacBook Pro,MacBook Pro i5 1.4GHz 13-inch (Mid 2020),,2 TB,SSD,,,780
Switch,Mac,MacBook Pro,MacBook Pro i5 2.0GHz 13-inch (Late 2016),,256 GB,SSD,,,250
Switch,Mac,MacBook Pro,MacBook Pro i5 2.0GHz 13-inch (Late 2016),,512 GB,SSD,,,300
Switch,Mac,MacBook Pro,MacBook Pro i5 2.0GHz 13-inch (Late 2016),,1 TB,SSD,,,350
Switch,Mac,MacBook Pro,MacBook Pro i5 2.0GHz 13-inch (Mid 2020),,512 GB,SSD,,,760
Switch,Mac,MacBook Pro,MacBook Pro i5 2.0GHz 13-inch (Mid 2020),,1 TB,SSD,,,830
Switch,Mac,MacBook Pro,MacBook Pro i5 2.0GHz 13-inch (Mid 2020),,2 TB,SSD,,,920
Switch,Mac,MacBook Pro,MacBook Pro i5 2.0GHz 13-inch (Mid 2020),,4 TB,SSD,,,1050
Switch,Mac,MacBook Pro,MacBook Pro i5 2.3GHz 13-inch (Mid 2017),,128 GB,SSD,,,350
Switch,Mac,MacBook Pro,MacBook Pro i5 2.3GHz 13-inch (Mid 2017),,256 GB,SSD,,,450
Switch,Mac,MacBook Pro,MacBook Pro i5 2.3GHz 13-inch (Mid 2017),,512 GB,SSD,,,500
Switch,Mac,MacBook Pro,MacBook Pro i5 2.3GHz 13-inch (Mid 2017),,1 TB,SSD,,,550
Switch,Mac,MacBook Pro,MacBook Pro i5 2.3GHz 13-inch (Mid 2018),,256 GB,SSD,,,500
Switch,Mac,MacBook Pro,MacBook Pro i5 2.3GHz 13-inch (Mid 2018),,512 GB,SSD,,,600
Switch,Mac,MacBook Pro,MacBook Pro i5 2.3GHz 13-inch (Mid 2018),,1 TB,SSD,,,700
Switch,Mac,MacBook Pro,MacBook Pro i5 2.3GHz 13-inch (Mid 2018),,2 TB,SSD,,,770
Switch,Mac,MacBook Pro,MacBook Pro i5 2.4GHz 13-inch (Mid 2019),,256 GB,SSD,,,690
Switch,Mac,MacBook Pro,MacBook Pro i5 2.4GHz 13-inch (Mid 2019),,512 GB,SSD,,,700
Switch,Mac,MacBook Pro,MacBook Pro i5 2.4GHz 13-inch (Mid 2019),,1 TB,SSD,,,730
Switch,Mac,MacBook Pro,MacBook Pro i5 2.4GHz 13-inch (Mid 2019),,2 TB,SSD,,,760
Switch,Mac,MacBook Pro,MacBook Pro i5 2.7GHz 13-inch (Early 2015),,128 GB,SSD,,,80
Switch,Mac,MacBook Pro,MacBook Pro i5 2.7GHz 13-inch (Early 2015),,256 GB,SSD,,,80
Switch,Mac,MacBook Pro,MacBook Pro i5 2.7GHz 13-inch (Early 2015),,512 GB,SSD,,,120
Switch,Mac,MacBook Pro,MacBook Pro i5 2.7GHz 13-inch (Early 2015),,1 TB,SSD,,,120
Switch,Mac,MacBook Pro,MacBook Pro i5 2.9GHz 13-inch (Early 2015),,128 GB,SSD,,,120
Switch,Mac,MacBook Pro,MacBook Pro i5 2.9GHz 13-inch (Early 2015),,256 GB,SSD,,,120
Switch,Mac,MacBook Pro,MacBook Pro i5 2.9GHz 13-inch (Early 2015),,512 GB,SSD,,,120
Switch,Mac,MacBook Pro,MacBook Pro i5 2.9GHz 13-inch (Early 2015),,1 TB,SSD,,,120
Switch,Mac,MacBook Pro,MacBook Pro i5 2.9GHz 13-inch (Late 2016),,256 GB,SSD,,,400
Switch,Mac,MacBook Pro,MacBook Pro i5 2.9GHz 13-inch (Late 2016),,512 GB,SSD,,,450
Switch,Mac,MacBook Pro,MacBook Pro i5 2.9GHz 13-inch (Late 2016),,1 TB,SSD,,,460
Switch,Mac,MacBook Pro,MacBook Pro i5 3.1GHz 13-inch (Late 2016),,256 GB,SSD,,,470
Switch,Mac,MacBook Pro,MacBook Pro i5 3.1GHz 13-inch (Late 2016),,512 GB,SSD,,,480
Switch,Mac,MacBook Pro,MacBook Pro i5 3.1GHz 13-inch (Late 2016),,1 TB,SSD,,,490
Switch,Mac,MacBook Pro,MacBook Pro i5 3.1GHz 13-inch (Mid 2017),,256 GB,SSD,,,500
Switch,Mac,MacBook Pro,MacBook Pro i5 3.1GHz 13-inch (Mid 2017),,512 GB,SSD,,,530
Switch,Mac,MacBook Pro,MacBook Pro i5 3.1GHz 13-inch (Mid 2017),,1 TB,SSD,,,600
Switch,Mac,MacBook Pro,MacBook Pro i5 3.3GHz 13-inch (Mid 2017),,256 GB,SSD,,,500
Switch,Mac,MacBook Pro,MacBook Pro i5 3.3GHz 13-inch (Mid 2017),,512 GB,SSD,,,530
Switch,Mac,MacBook Pro,MacBook Pro i5 3.3GHz 13-inch (Mid 2017),,1 TB,SSD,,,600
Switch,Mac,MacBook Pro,MacBook Pro i7 1.7GHz 13-inch (Mid 2019),,128 GB,SSD,,,500
Switch,Mac,MacBook Pro,MacBook Pro i7 1.7GHz 13-inch (Mid 2019),,256 GB,SSD,,,570
Switch,Mac,MacBook Pro,MacBook Pro i7 1.7GHz 13-inch (Mid 2019),,512 GB,SSD,,,610
Switch,Mac,MacBook Pro,MacBook Pro i7 1.7GHz 13-inch (Mid 2019),,1 TB,SSD,,,690
Switch,Mac,MacBook Pro,MacBook Pro i7 1.7GHz 13-inch (Mid 2019),,2 TB,SSD,,,730
Switch,Mac,MacBook Pro,MacBook Pro i7 1.7GHz 13-inch (Mid 2020),,256 GB,SSD,,,780
Switch,Mac,MacBook Pro,MacBook Pro i7 1.7GHz 13-inch (Mid 2020),,512 GB,SSD,,,790
Switch,Mac,MacBook Pro,MacBook Pro i7 1.7GHz 13-inch (Mid 2020),,1 TB,SSD,,,830
Switch,Mac,MacBook Pro,MacBook Pro i7 1.7GHz 13-inch (Mid 2020),,2 TB,SSD,,,920
Switch,Mac,MacBook Pro,MacBook Pro i7 2.2GHz 15-inch (Mid 2015),,256 GB,SSD,,,200
Switch,Mac,MacBook Pro,MacBook Pro i7 2.2GHz 15-inch (Mid 2015),,512 GB,SSD,,,200
Switch,Mac,MacBook Pro,MacBook Pro i7 2.2GHz 15-inch (Mid 2015),,1 TB,SSD,,,200
Switch,Mac,MacBook Pro,MacBook Pro i7 2.2GHz 15-inch (Mid 2018),,256 GB,SSD,,,910
Switch,Mac,MacBook Pro,MacBook Pro i7 2.2GHz 15-inch (Mid 2018),,512 GB,SSD,,,920
Switch,Mac,MacBook Pro,MacBook Pro i7 2.2GHz 15-inch (Mid 2018),,1 TB,SSD,,,960
Switch,Mac,MacBook Pro,MacBook Pro i7 2.2GHz 15-inch (Mid 2018),,2 TB,SSD,,,1110
Switch,Mac,MacBook Pro,MacBook Pro i7 2.2GHz 15-inch (Mid 2018),,4 TB,SSD,,,1210
Switch,Mac,MacBook Pro,MacBook Pro i7 2.3GHz 13-inch (Mid 2020),,512 GB,SSD,,,780
Switch,Mac,MacBook Pro,MacBook Pro i7 2.3GHz 13-inch (Mid 2020),,1 TB,SSD,,,880
Switch,Mac,MacBook Pro,MacBook Pro i7 2.3GHz 13-inch (Mid 2020),,2 TB,SSD,,,960
Switch,Mac,MacBook Pro,MacBook Pro i7 2.3GHz 13-inch (Mid 2020),,4 TB,SSD,,,1100
Switch,Mac,MacBook Pro,MacBook Pro i7 2.4GHz 13-inch (Late 2016),,256 GB,SSD,,,360
Switch,Mac,MacBook Pro,MacBook Pro i7 2.4GHz 13-inch (Late 2016),,512 GB,SSD,,,400
Switch,Mac,MacBook Pro,MacBook Pro i7 2.4GHz 13-inch (Late 2016),,1 TB,SSD,,,450
Switch,Mac,MacBook Pro,MacBook Pro i7 2.5GHz 13-inch (Mid 2017),,128 GB,SSD,,,360
Switch,Mac,MacBook Pro,MacBook Pro i7 2.5GHz 13-inch (Mid 2017),,256 GB,SSD,,,500
Switch,Mac,MacBook Pro,MacBook Pro i7 2.5GHz 13-inch (Mid 2017),,512 GB,SSD,,,550
Switch,Mac,MacBook Pro,MacBook Pro i7 2.5GHz 13-inch (Mid 2017),,1 TB,SSD,,,600
Switch,Mac,MacBook Pro,MacBook Pro i7 2.5GHz 15-inch (Mid 2015),,256 GB,SSD,,,200
Switch,Mac,MacBook Pro,MacBook Pro i7 2.5GHz 15-inch (Mid 2015),,512 GB,SSD,,,240
Switch,Mac,MacBook Pro,MacBook Pro i7 2.5GHz 15-inch (Mid 2015),,1 TB,SSD,,,250
Switch,Mac,MacBook Pro,MacBook Pro i7 2.6GHz 15-inch (Late 2016),,256 GB,SSD,,,600
Switch,Mac,MacBook Pro,MacBook Pro i7 2.6GHz 15-inch (Late 2016),,512 GB,SSD,,,700
Switch,Mac,MacBook Pro,MacBook Pro i7 2.6GHz 15-inch (Late 2016),,1 TB,SSD,,,770
Switch,Mac,MacBook Pro,MacBook Pro i7 2.6GHz 15-inch (Late 2016),,2 TB,SSD,,,820
Switch,Mac,MacBook Pro,MacBook Pro i7 2.6GHz 15-inch (Mid 2018),,256 GB,SSD,,,800
Switch,Mac,MacBook Pro,MacBook Pro i7 2.6GHz 15-inch (Mid 2018),,512 GB,SSD,,,900
Switch,Mac,MacBook Pro,MacBook Pro i7 2.6GHz 15-inch (Mid 2018),,1 TB,SSD,,,950
Switch,Mac,MacBook Pro,MacBook Pro i7 2.6GHz 15-inch (Mid 2018),,2 TB,SSD,,,1050
Switch,Mac,MacBook Pro,MacBook Pro i7 2.6GHz 15-inch (Mid 2018),,4 TB,SSD,,,1150
Switch,Mac,MacBook Pro,MacBook Pro i7 2.6GHz 15-inch (Mid 2019),,256 GB,SSD,,,1030
Switch,Mac,MacBook Pro,MacBook Pro i7 2.6GHz 15-inch (Mid 2019),,512 GB,SSD,,,1070
Switch,Mac,MacBook Pro,MacBook Pro i7 2.6GHz 15-inch (Mid 2019),,1 TB,SSD,,,1150
Switch,Mac,MacBook Pro,MacBook Pro i7 2.6GHz 15-inch (Mid 2019),,2 TB,SSD,,,1270
Switch,Mac,MacBook Pro,MacBook Pro i7 2.6GHz 15-inch (Mid 2019),,4 TB,SSD,,,1370
Switch,Mac,MacBook Pro,MacBook Pro i7 2.6GHz 16-inch (Late 2019),,512 GB,SSD,,,1100
Switch,Mac,MacBook Pro,MacBook Pro i7 2.6GHz 16-inch (Late 2019),,1 TB,SSD,,,1190
Switch,Mac,MacBook Pro,MacBook Pro i7 2.6GHz 16-inch (Late 2019),,2 TB,SSD,,,1290
Switch,Mac,MacBook Pro,MacBook Pro i7 2.6GHz 16-inch (Late 2019),,4 TB,SSD,,,1380
Switch,Mac,MacBook Pro,MacBook Pro i7 2.6GHz 16-inch (Late 2019),,8 TB,SSD,,,1500
Switch,Mac,MacBook Pro,MacBook Pro i7 2.7GHz 13-inch (Mid 2018),,256 GB,SSD,,,700
Switch,Mac,MacBook Pro,MacBook Pro i7 2.7GHz 13-inch (Mid 2018),,512 GB,SSD,,,720
Switch,Mac,MacBook Pro,MacBook Pro i7 2.7GHz 13-inch (Mid 2018),,1 TB,SSD,,,770
Switch,Mac,MacBook Pro,MacBook Pro i7 2.7GHz 13-inch (Mid 2018),,2 TB,SSD,,,820
Switch,Mac,MacBook Pro,MacBook Pro i7 2.7GHz 15-inch (Late 2016),,256 GB,SSD,,,700
Switch,Mac,MacBook Pro,MacBook Pro i7 2.7GHz 15-inch (Late 2016),,512 GB,SSD,,,720
Switch,Mac,MacBook Pro,MacBook Pro i7 2.7GHz 15-inch (Late 2016),,1 TB,SSD,,,770
Switch,Mac,MacBook Pro,MacBook Pro i7 2.7GHz 15-inch (Late 2016),,2 TB,SSD,,,820
Switch,Mac,MacBook Pro,MacBook Pro i7 2.8GHz 13-inch (Mid 2019),,256 GB,SSD,,,730
Switch,Mac,MacBook Pro,MacBook Pro i7 2.8GHz 13-inch (Mid 2019),,512 GB,SSD,,,760
Switch,Mac,MacBook Pro,MacBook Pro i7 2.8GHz 13-inch (Mid 2019),,1 TB,SSD,,,770
Switch,Mac,MacBook Pro,MacBook Pro i7 2.8GHz 13-inch (Mid 2019),,2 TB,SSD,,,830
Switch,Mac,MacBook Pro,MacBook Pro i7 2.8GHz 15-inch (Mid 2015),,256 GB,SSD,,,240
Switch,Mac,MacBook Pro,MacBook Pro i7 2.8GHz 15-inch (Mid 2015),,512 GB,SSD,,,250
Switch,Mac,MacBook Pro,MacBook Pro i7 2.8GHz 15-inch (Mid 2015),,1 TB,SSD,,,290
Switch,Mac,MacBook Pro,MacBook Pro i7 2.8GHz 15-inch (Mid 2017),,256 GB,SSD,,,790
Switch,Mac,MacBook Pro,MacBook Pro i7 2.8GHz 15-inch (Mid 2017),,512 GB,SSD,,,820
Switch,Mac,MacBook Pro,MacBook Pro i7 2.8GHz 15-inch (Mid 2017),,1 TB,SSD,,,840
Switch,Mac,MacBook Pro,MacBook Pro i7 2.8GHz 15-inch (Mid 2017),,2 TB,SSD,,,890
Switch,Mac,MacBook Pro,MacBook Pro i7 2.9GHz 15-inch (Late 2016),,256 GB,SSD,,,700
Switch,Mac,MacBook Pro,MacBook Pro i7 2.9GHz 15-inch (Late 2016),,512 GB,SSD,,,720
Switch,Mac,MacBook Pro,MacBook Pro i7 2.9GHz 15-inch (Late 2016),,1 TB,SSD,,,770
Switch,Mac,MacBook Pro,MacBook Pro i7 2.9GHz 15-inch (Late 2016),,2 TB,SSD,,,820
Switch,Mac,MacBook Pro,MacBook Pro i7 2.9GHz 15-inch (Mid 2017),,256 GB,SSD,,,800
Switch,Mac,MacBook Pro,MacBook Pro i7 2.9GHz 15-inch (Mid 2017),,512 GB,SSD,,,820
Switch,Mac,MacBook Pro,MacBook Pro i7 2.9GHz 15-inch (Mid 2017),,1 TB,SSD,,,840
Switch,Mac,MacBook Pro,MacBook Pro i7 2.9GHz 15-inch (Mid 2017),,2 TB,SSD,,,900
Switch,Mac,MacBook Pro,MacBook Pro i7 3.1GHz 13-inch (Early 2015),,128 GB,SSD,,,120
Switch,Mac,MacBook Pro,MacBook Pro i7 3.1GHz 13-inch (Early 2015),,256 GB,SSD,,,120
Switch,Mac,MacBook Pro,MacBook Pro i7 3.1GHz 13-inch (Early 2015),,512 GB,SSD,,,150
Switch,Mac,MacBook Pro,MacBook Pro i7 3.1GHz 13-inch (Early 2015),,1 TB,SSD,,,150
Switch,Mac,MacBook Pro,MacBook Pro i7 3.1GHz 15-inch (Mid 2017),,256 GB,SSD,,,800
Switch,Mac,MacBook Pro,MacBook Pro i7 3.1GHz 15-inch (Mid 2017),,512 GB,SSD,,,820
Switch,Mac,MacBook Pro,MacBook Pro i7 3.1GHz 15-inch (Mid 2017),,1 TB,SSD,,,840
Switch,Mac,MacBook Pro,MacBook Pro i7 3.1GHz 15-inch (Mid 2017),,2 TB,SSD,,,890
Switch,Mac,MacBook Pro,MacBook Pro i7 3.3GHz 13-inch (Late 2016),,256 GB,SSD,,,450
Switch,Mac,MacBook Pro,MacBook Pro i7 3.3GHz 13-inch (Late 2016),,512 GB,SSD,,,460
Switch,Mac,MacBook Pro,MacBook Pro i7 3.3GHz 13-inch (Late 2016),,1 TB,SSD,,,470
Switch,Mac,MacBook Pro,MacBook Pro i7 3.5GHz 13-inch (Mid 2017),,256 GB,SSD,,,720
Switch,Mac,MacBook Pro,MacBook Pro i7 3.5GHz 13-inch (Mid 2017),,512 GB,SSD,,,800
Switch,Mac,MacBook Pro,MacBook Pro i7 3.5GHz 13-inch (Mid 2017),,1 TB,SSD,,,840
Switch,Mac,MacBook Pro,MacBook Pro i9 2.3GHz 15-inch (Mid 2019),,256 GB,SSD,,,1030
Switch,Mac,MacBook Pro,MacBook Pro i9 2.3GHz 15-inch (Mid 2019),,512 GB,SSD,,,1100
Switch,Mac,MacBook Pro,MacBook Pro i9 2.3GHz 15-inch (Mid 2019),,1 TB,SSD,,,1290
Switch,Mac,MacBook Pro,MacBook Pro i9 2.3GHz 15-inch (Mid 2019),,2 TB,SSD,,,1390
Switch,Mac,MacBook Pro,MacBook Pro i9 2.3GHz 15-inch (Mid 2019),,4 TB,SSD,,,1510
Switch,Mac,MacBook Pro,MacBook Pro i9 2.3GHz 16-inch (Late 2019),,1 TB,SSD,,,1280
Switch,Mac,MacBook Pro,MacBook Pro i9 2.3GHz 16-inch (Late 2019),,2 TB,SSD,,,1380
Switch,Mac,MacBook Pro,MacBook Pro i9 2.3GHz 16-inch (Late 2019),,4 TB,SSD,,,1560
Switch,Mac,MacBook Pro,MacBook Pro i9 2.3GHz 16-inch (Late 2019),,8 TB,SSD,,,1570
Switch,Mac,MacBook Pro,MacBook Pro i9 2.4GHz 15-inch (Mid 2019),,256 GB,SSD,,,1030
Switch,Mac,MacBook Pro,MacBook Pro i9 2.4GHz 15-inch (Mid 2019),,512 GB,SSD,,,1180
Switch,Mac,MacBook Pro,MacBook Pro i9 2.4GHz 15-inch (Mid 2019),,1 TB,SSD,,,1290
Switch,Mac,MacBook Pro,MacBook Pro i9 2.4GHz 15-inch (Mid 2019),,2 TB,SSD,,,1390
Switch,Mac,MacBook Pro,MacBook Pro i9 2.4GHz 15-inch (Mid 2019),,4 TB,SSD,,,1510
Switch,Mac,MacBook Pro,MacBook Pro i9 2.4GHz 16-inch (Late 2019),,512 GB,SSD,,,1190
Switch,Mac,MacBook Pro,MacBook Pro i9 2.4GHz 16-inch (Late 2019),,1 TB,SSD,,,1410
Switch,Mac,MacBook Pro,MacBook Pro i9 2.4GHz 16-inch (Late 2019),,2 TB,SSD,,,1480
Switch,Mac,MacBook Pro,MacBook Pro i9 2.4GHz 16-inch (Late 2019),,4 TB,SSD,,,1600
Switch,Mac,MacBook Pro,MacBook Pro i9 2.4GHz 16-inch (Late 2019),,8 TB,SSD,,,1740
Switch,Mac,MacBook Pro,MacBook Pro i9 2.9GHz 15-inch (Mid 2018),,256 GB,SSD,,,910
Switch,Mac,MacBook Pro,MacBook Pro i9 2.9GHz 15-inch (Mid 2018),,512 GB,SSD,,,960
Switch,Mac,MacBook Pro,MacBook Pro i9 2.9GHz 15-inch (Mid 2018),,1 TB,SSD,,,1040
Switch,Mac,MacBook Pro,MacBook Pro i9 2.9GHz 15-inch (Mid 2018),,2 TB,SSD,,,1130
Switch,Mac,MacBook Pro,MacBook Pro i9 2.9GHz 15-inch (Mid 2018),,4 TB,SSD,,,1230
Switch,Mac,MacBook Pro,MacBook Pro M1 8-Core CPU & 8-Core GPU 13-inch (Late 2020),,256 GB,SSD,,,910
Switch,Mac,MacBook Pro,MacBook Pro M1 8-Core CPU & 8-Core GPU 13-inch (Late 2020),,512 GB,SSD,,,960
Switch,Mac,MacBook Pro,MacBook Pro M1 8-Core CPU & 8-Core GPU 13-inch (Late 2020),,1 TB,SSD,,,1030
Switch,Mac,MacBook Pro,MacBook Pro M1 8-Core CPU & 8-Core GPU 13-inch (Late 2020),,2 TB,SSD,,,1150
Switch,Mac,MacBook Pro,MacBook Pro M2 8-Core CPU & 10-Core GPU 13-inch (Mid 2022),,256 GB,SSD,,,1400
Switch,Mac,MacBook Pro,MacBook Pro M2 8-Core CPU & 10-Core GPU 13-inch (Mid 2022),,512 GB,SSD,,,1680
Switch,Mac,MacBook Pro,MacBook Pro M2 8-Core CPU & 10-Core GPU 13-inch (Mid 2022),,1 TB,SSD,,,1900
Switch,Mac,MacBook Pro,MacBook Pro M2 8-Core CPU & 10-Core GPU 13-inch (Mid 2022),,2 TB,SSD,,,2260
Switch,Mac,MacBook Pro,MacBook Pro M2 Max 12-Core CPU & 30-Core GPU 14-inch (Early 2023),,512 GB,SSD,,,2910
Switch,Mac,MacBook Pro,MacBook Pro M2 Max 12-Core CPU & 30-Core GPU 14-inch (Early 2023),,1 TB,SSD,,,2940
Switch,Mac,MacBook Pro,MacBook Pro M2 Max 12-Core CPU & 30-Core GPU 14-inch (Early 2023),,2 TB,SSD,,,3950
Switch,Mac,MacBook Pro,MacBook Pro M2 Max 12-Core CPU & 30-Core GPU 14-inch (Early 2023),,4 TB,SSD,,,4460
Switch,Mac,MacBook Pro,MacBook Pro M2 Max 12-Core CPU & 30-Core GPU 14-inch (Early 2023),,8 TB,SSD,,,5630
Switch,Mac,MacBook Pro,MacBook Pro M2 Max 12-Core CPU & 30-Core GPU 16-inch (Early 2023),,512 GB,SSD,,,3540
Switch,Mac,MacBook Pro,MacBook Pro M2 Max 12-Core CPU & 30-Core GPU 16-inch (Early 2023),,1 TB,SSD,,,3720
Switch,Mac,MacBook Pro,MacBook Pro M2 Max 12-Core CPU & 30-Core GPU 16-inch (Early 2023),,2 TB,SSD,,,4040
Switch,Mac,MacBook Pro,MacBook Pro M2 Max 12-Core CPU & 30-Core GPU 16-inch (Early 2023),,4 TB,SSD,,,4670
Switch,Mac,MacBook Pro,MacBook Pro M2 Max 12-Core CPU & 30-Core GPU 16-inch (Early 2023),,8 TB,SSD,,,5920
Switch,Mac,MacBook Pro,MacBook Pro M2 Max 12-Core CPU & 38-Core GPU 14-inch (Early 2023),,512 GB,SSD,,,3360
Switch,Mac,MacBook Pro,MacBook Pro M2 Max 12-Core CPU & 38-Core GPU 14-inch (Early 2023),,1 TB,SSD,,,3640
Switch,Mac,MacBook Pro,MacBook Pro M2 Max 12-Core CPU & 38-Core GPU 14-inch (Early 2023),,2 TB,SSD,,,4120
Switch,Mac,MacBook Pro,MacBook Pro M2 Max 12-Core CPU & 38-Core GPU 14-inch (Early 2023),,4 TB,SSD,,,4800
Switch,Mac,MacBook Pro,MacBook Pro M2 Max 12-Core CPU & 38-Core GPU 14-inch (Early 2023),,8 TB,SSD,,,6030
Switch,Mac,MacBook Pro,MacBook Pro M2 Max 12-Core CPU & 38-Core GPU 16-inch (Early 2023),,512 GB,SSD,,,3700
Switch,Mac,MacBook Pro,MacBook Pro M2 Max 12-Core CPU & 38-Core GPU 16-inch (Early 2023),,1 TB,SSD,,,3800
Switch,Mac,MacBook Pro,MacBook Pro M2 Max 12-Core CPU & 38-Core GPU 16-inch (Early 2023),,2 TB,SSD,,,4460
Switch,Mac,MacBook Pro,MacBook Pro M2 Max 12-Core CPU & 38-Core GPU 16-inch (Early 2023),,4 TB,SSD,,,4870
Switch,Mac,MacBook Pro,MacBook Pro M2 Max 12-Core CPU & 38-Core GPU 16-inch (Early 2023),,8 TB,SSD,,,6330
Switch,Mac,MacBook Pro,MacBook Pro M2 Pro 10-Core CPU & 16-Core GPU 14-inch (Early 2023),,512 GB,SSD,,,2490
Switch,Mac,MacBook Pro,MacBook Pro M2 Pro 10-Core CPU & 16-Core GPU 14-inch (Early 2023),,1 TB,SSD,,,2650
Switch,Mac,MacBook Pro,MacBook Pro M2 Pro 10-Core CPU & 16-Core GPU 14-inch (Early 2023),,2 TB,SSD,,,2930
Switch,Mac,MacBook Pro,MacBook Pro M2 Pro 10-Core CPU & 16-Core GPU 14-inch (Early 2023),,4 TB,SSD,,,3370
Switch,Mac,MacBook Pro,MacBook Pro M2 Pro 10-Core CPU & 16-Core GPU 14-inch (Early 2023),,8 TB,SSD,,,4290
Switch,Mac,MacBook Pro,MacBook Pro M2 Pro 12-Core CPU & 19-Core GPU 14-inch (Early 2023),,512 GB,SSD,,,2530
Switch,Mac,MacBook Pro,MacBook Pro M2 Pro 12-Core CPU & 19-Core GPU 14-inch (Early 2023),,1 TB,SSD,,,2650
Switch,Mac,MacBook Pro,MacBook Pro M2 Pro 12-Core CPU & 19-Core GPU 14-inch (Early 2023),,2 TB,SSD,,,3250
Switch,Mac,MacBook Pro,MacBook Pro M2 Pro 12-Core CPU & 19-Core GPU 14-inch (Early 2023),,4 TB,SSD,,,3840
Switch,Mac,MacBook Pro,MacBook Pro M2 Pro 12-Core CPU & 19-Core GPU 14-inch (Early 2023),,8 TB,SSD,,,4780
Switch,Mac,MacBook Pro,MacBook Pro M2 Pro 12-Core CPU & 19-Core GPU 16-inch (Early 2023),,512 GB,SSD,,,2950
Switch,Mac,MacBook Pro,MacBook Pro M2 Pro 12-Core CPU & 19-Core GPU 16-inch (Early 2023),,1 TB,SSD,,,3160
Switch,Mac,MacBook Pro,MacBook Pro M2 Pro 12-Core CPU & 19-Core GPU 16-inch (Early 2023),,2 TB,SSD,,,3540
Switch,Mac,MacBook Pro,MacBook Pro M2 Pro 12-Core CPU & 19-Core GPU 16-inch (Early 2023),,4 TB,SSD,,,4330
Switch,Mac,MacBook Pro,MacBook Pro M2 Pro 12-Core CPU & 19-Core GPU 16-inch (Early 2023),,8 TB,SSD,,,5570
Switch,Mac,MacBook Pro,MacBook Pro M3 8-Core CPU & 10-Core GPU 14-inch (Late 2023),,512 GB,SSD,,,2560
Switch,Mac,MacBook Pro,MacBook Pro M3 8-Core CPU & 10-Core GPU 14-inch (Late 2023),,1 TB,SSD,,,2820
Switch,Mac,MacBook Pro,MacBook Pro M3 8-Core CPU & 10-Core GPU 14-inch (Late 2023),,2 TB,SSD,,,3550
Switch,Mac,MacBook Pro,MacBook Pro M3 Max 14-Core CPU & 30-Core GPU 14-inch (Late 2023),,512 GB,SSD,,,4640
Switch,Mac,MacBook Pro,MacBook Pro M3 Max 14-Core CPU & 30-Core GPU 14-inch (Late 2023),,1 TB,SSD,,,4830
Switch,Mac,MacBook Pro,MacBook Pro M3 Max 14-Core CPU & 30-Core GPU 14-inch (Late 2023),,2 TB,SSD,,,5260
Switch,Mac,MacBook Pro,MacBook Pro M3 Max 14-Core CPU & 30-Core GPU 14-inch (Late 2023),,4 TB,SSD,,,6450
Switch,Mac,MacBook Pro,MacBook Pro M3 Max 14-Core CPU & 30-Core GPU 14-inch (Late 2023),,8 TB,SSD,,,7450
Switch,Mac,MacBook Pro,MacBook Pro M3 Max 14-Core CPU & 30-Core GPU 16-inch (Late 2023),,512 GB,SSD,,,5240
Switch,Mac,MacBook Pro,MacBook Pro M3 Max 14-Core CPU & 30-Core GPU 16-inch (Late 2023),,1 TB,SSD,,,5680
Switch,Mac,MacBook Pro,MacBook Pro M3 Max 14-Core CPU & 30-Core GPU 16-inch (Late 2023),,2 TB,SSD,,,6150
Switch,Mac,MacBook Pro,MacBook Pro M3 Max 14-Core CPU & 30-Core GPU 16-inch (Late 2023),,4 TB,SSD,,,7200
Switch,Mac,MacBook Pro,MacBook Pro M3 Max 14-Core CPU & 30-Core GPU 16-inch (Late 2023),,8 TB,SSD,,,8710
Switch,Mac,MacBook Pro,MacBook Pro M3 Max 16-Core CPU & 40-Core GPU 14-inch (Late 2023),,512 GB,SSD,,,5260
Switch,Mac,MacBook Pro,MacBook Pro M3 Max 16-Core CPU & 40-Core GPU 14-inch (Late 2023),,1 TB,SSD,,,5420
Switch,Mac,MacBook Pro,MacBook Pro M3 Max 16-Core CPU & 40-Core GPU 14-inch (Late 2023),,2 TB,SSD,,,6100
Switch,Mac,MacBook Pro,MacBook Pro M3 Max 16-Core CPU & 40-Core GPU 14-inch (Late 2023),,4 TB,SSD,,,6940
Switch,Mac,MacBook Pro,MacBook Pro M3 Max 16-Core CPU & 40-Core GPU 14-inch (Late 2023),,8 TB,SSD,,,8600
Switch,Mac,MacBook Pro,MacBook Pro M3 Max 16-Core CPU & 40-Core GPU 16-inch (Late 2023),,512 GB,SSD,,,6000
Switch,Mac,MacBook Pro,MacBook Pro M3 Max 16-Core CPU & 40-Core GPU 16-inch (Late 2023),,1 TB,SSD,,,6450
Switch,Mac,MacBook Pro,MacBook Pro M3 Max 16-Core CPU & 40-Core GPU 16-inch (Late 2023),,2 TB,SSD,,,7030
Switch,Mac,MacBook Pro,MacBook Pro M3 Max 16-Core CPU & 40-Core GPU 16-inch (Late 2023),,4 TB,SSD,,,7660
Switch,Mac,MacBook Pro,MacBook Pro M3 Max 16-Core CPU & 40-Core GPU 16-inch (Late 2023),,8 TB,SSD,,,9570
Switch,Mac,MacBook Pro,MacBook Pro M3 Pro 11-Core CPU & 14-Core GPU 14-inch (Late 2023),,512 GB,SSD,,,3040
Switch,Mac,MacBook Pro,MacBook Pro M3 Pro 11-Core CPU & 14-Core GPU 14-inch (Late 2023),,1 TB,SSD,,,3320
Switch,Mac,MacBook Pro,MacBook Pro M3 Pro 11-Core CPU & 14-Core GPU 14-inch (Late 2023),,2 TB,SSD,,,4100
Switch,Mac,MacBook Pro,MacBook Pro M3 Pro 11-Core CPU & 14-Core GPU 14-inch (Late 2023),,4 TB,SSD,,,4950
Switch,Mac,MacBook Pro,MacBook Pro M3 Pro 12-Core CPU & 18-Core GPU 14-inch (Late 2023),,512 GB,SSD,,,3440
Switch,Mac,MacBook Pro,MacBook Pro M3 Pro 12-Core CPU & 18-Core GPU 14-inch (Late 2023),,1 TB,SSD,,,3720
Switch,Mac,MacBook Pro,MacBook Pro M3 Pro 12-Core CPU & 18-Core GPU 14-inch (Late 2023),,2 TB,SSD,,,4130
Switch,Mac,MacBook Pro,MacBook Pro M3 Pro 12-Core CPU & 18-Core GPU 14-inch (Late 2023),,4 TB,SSD,,,4800
Switch,Mac,MacBook Pro,MacBook Pro M3 Pro 12-Core CPU & 18-Core GPU 16-inch (Late 2023),,512 GB,SSD,,,3940
Switch,Mac,MacBook Pro,MacBook Pro M3 Pro 12-Core CPU & 18-Core GPU 16-inch (Late 2023),,1 TB,SSD,,,4380
Switch,Mac,MacBook Pro,MacBook Pro M3 Pro 12-Core CPU & 18-Core GPU 16-inch (Late 2023),,2 TB,SSD,,,5130
Switch,Mac,MacBook Pro,MacBook Pro M3 Pro 12-Core CPU & 18-Core GPU 16-inch (Late 2023),,4 TB,SSD,,,5910
UR,Mac,MacBook Air,MacBook Air i3 1.1GHz 13-inch (Early 2020),,256 GB,SSD,,,350
UR,Mac,MacBook Air,MacBook Air i3 1.1GHz 13-inch (Early 2020),,512 GB,SSD,,,360
UR,Mac,MacBook Air,MacBook Air i3 1.1GHz 13-inch (Early 2020),,1 TB,SSD,,,370
UR,Mac,MacBook Air,MacBook Air i3 1.1GHz 13-inch (Early 2020),,2 TB,SSD,,,430
UR,Mac,MacBook Air,MacBook Air i5 1.1GHz 13-inch (Early 2020),,256 GB,SSD,,,460
UR,Mac,MacBook Air,MacBook Air i5 1.1GHz 13-inch (Early 2020),,512 GB,SSD,,,500
UR,Mac,MacBook Air,MacBook Air i5 1.1GHz 13-inch (Early 2020),,1 TB,SSD,,,510
UR,Mac,MacBook Air,MacBook Air i5 1.1GHz 13-inch (Early 2020),,2 TB,SSD,,,580
UR,Mac,MacBook Air,MacBook Air i5 1.6GHz 13-inch (Early 2015),,128 GB,SSD,,,50
UR,Mac,MacBook Air,MacBook Air i5 1.6GHz 13-inch (Early 2015),,256 GB,SSD,,,50
UR,Mac,MacBook Air,MacBook Air i5 1.6GHz 13-inch (Early 2015),,512 GB,SSD,,,50
UR,Mac,MacBook Air,MacBook Air i5 1.6GHz 13-inch (Late 2018),,128 GB,SSD,,,250
UR,Mac,MacBook Air,MacBook Air i5 1.6GHz 13-inch (Late 2018),,256 GB,SSD,,,350
UR,Mac,MacBook Air,MacBook Air i5 1.6GHz 13-inch (Late 2018),,512 GB,SSD,,,400
UR,Mac,MacBook Air,MacBook Air i5 1.6GHz 13-inch (Late 2018),,1.5 TB,SSD,,,450
UR,Mac,MacBook Air,MacBook Air i5 1.6GHz 13-inch (Mid 2019),,128 GB,SSD,,,410
UR,Mac,MacBook Air,MacBook Air i5 1.6GHz 13-inch (Mid 2019),,256 GB,SSD,,,420
UR,Mac,MacBook Air,MacBook Air i5 1.6GHz 13-inch (Mid 2019),,512 GB,SSD,,,490
UR,Mac,MacBook Air,MacBook Air i5 1.6GHz 13-inch (Mid 2019),,1 TB,SSD,,,500
UR,Mac,MacBook Air,MacBook Air i5 1.8GHz 13-inch (Mid 2017),,128 GB,SSD,,,180
UR,Mac,MacBook Air,MacBook Air i5 1.8GHz 13-inch (Mid 2017),,256 GB,SSD,,,230
UR,Mac,MacBook Air,MacBook Air i5 1.8GHz 13-inch (Mid 2017),,512 GB,SSD,,,260
UR,Mac,MacBook Air,MacBook Air i7 1.2GHz 13-inch (Early 2020),,256 GB,SSD,,,490
UR,Mac,MacBook Air,MacBook Air i7 1.2GHz 13-inch (Early 2020),,512 GB,SSD,,,500
UR,Mac,MacBook Air,MacBook Air i7 1.2GHz 13-inch (Early 2020),,1 TB,SSD,,,530
UR,Mac,MacBook Air,MacBook Air i7 1.2GHz 13-inch (Early 2020),,2 TB,SSD,,,600
UR,Mac,MacBook Air,MacBook Air i7 2.2GHz 13-inch (Early 2015),,128 GB,SSD,,,80
UR,Mac,MacBook Air,MacBook Air i7 2.2GHz 13-inch (Early 2015),,256 GB,SSD,,,80
UR,Mac,MacBook Air,MacBook Air i7 2.2GHz 13-inch (Early 2015),,512 GB,SSD,,,80
UR,Mac,MacBook Air,MacBook Air i7 2.2GHz 13-inch (Mid 2017),,128 GB,SSD,,,260
UR,Mac,MacBook Air,MacBook Air i7 2.2GHz 13-inch (Mid 2017),,256 GB,SSD,,,310
UR,Mac,MacBook Air,MacBook Air i7 2.2GHz 13-inch (Mid 2017),,512 GB,SSD,,,430
UR,Mac,MacBook Air,MacBook Air M1 8-Core CPU & 7-Core GPU 13-inch (Late 2020),,128 GB,SSD,,,460
UR,Mac,MacBook Air,MacBook Air M1 8-Core CPU & 7-Core GPU 13-inch (Late 2020),,256 GB,SSD,,,560
UR,Mac,MacBook Air,MacBook Air M1 8-Core CPU & 7-Core GPU 13-inch (Late 2020),,512 GB,SSD,,,570
UR,Mac,MacBook Air,MacBook Air M1 8-Core CPU & 7-Core GPU 13-inch (Late 2020),,1 TB,SSD,,,580
UR,Mac,MacBook Air,MacBook Air M1 8-Core CPU & 7-Core GPU 13-inch (Late 2020),,2 TB,SSD,,,660
UR,Mac,MacBook Air,MacBook Air M1 8-Core CPU & 8-Core GPU 13-inch (Late 2020),,256 GB,SSD,,,580
UR,Mac,MacBook Air,MacBook Air M1 8-Core CPU & 8-Core GPU 13-inch (Late 2020),,512 GB,SSD,,,610
UR,Mac,MacBook Air,MacBook Air M1 8-Core CPU & 8-Core GPU 13-inch (Late 2020),,1 TB,SSD,,,680
UR,Mac,MacBook Air,MacBook Air M1 8-Core CPU & 8-Core GPU 13-inch (Late 2020),,2 TB,SSD,,,710
UR,Mac,MacBook Air,MacBook Air M2 8-Core CPU & 10-Core GPU 13.6-inch (Mid 2022),,256 GB,SSD,,,1210
UR,Mac,MacBook Air,MacBook Air M2 8-Core CPU & 10-Core GPU 13.6-inch (Mid 2022),,512 GB,SSD,,,1400
UR,Mac,MacBook Air,MacBook Air M2 8-Core CPU & 10-Core GPU 13.6-inch (Mid 2022),,1 TB,SSD,,,1560
UR,Mac,MacBook Air,MacBook Air M2 8-Core CPU & 10-Core GPU 13.6-inch (Mid 2022),,2 TB,SSD,,,2020
UR,Mac,MacBook Air,MacBook Air M2 8-Core CPU & 10-Core GPU 15-inch (Mid 2023),,256 GB,SSD,,,1860
UR,Mac,MacBook Air,MacBook Air M2 8-Core CPU & 10-Core GPU 15-inch (Mid 2023),,512 GB,SSD,,,2020
UR,Mac,MacBook Air,MacBook Air M2 8-Core CPU & 10-Core GPU 15-inch (Mid 2023),,1 TB,SSD,,,2250
UR,Mac,MacBook Air,MacBook Air M2 8-Core CPU & 10-Core GPU 15-inch (Mid 2023),,2 TB,SSD,,,2820
UR,Mac,MacBook Air,MacBook Air M2 8-Core CPU & 8-Core GPU 13.6-inch (Mid 2022),,256 GB,SSD,,,1210
UR,Mac,MacBook Air,MacBook Air M2 8-Core CPU & 8-Core GPU 13.6-inch (Mid 2022),,512 GB,SSD,,,1400
UR,Mac,MacBook Air,MacBook Air M2 8-Core CPU & 8-Core GPU 13.6-inch (Mid 2022),,1 TB,SSD,,,1560
UR,Mac,MacBook Air,MacBook Air M2 8-Core CPU & 8-Core GPU 13.6-inch (Mid 2022),,2 TB,SSD,,,1900
UR,Mac,MacBook Air,MacBook Air M3 8-Core CPU & 10-Core GPU 13.6-inch (Early 2024),,256 GB,SSD,,,1980
UR,Mac,MacBook Air,MacBook Air M3 8-Core CPU & 10-Core GPU 13.6-inch (Early 2024),,512 GB,SSD,,,2160
UR,Mac,MacBook Air,MacBook Air M3 8-Core CPU & 10-Core GPU 13.6-inch (Early 2024),,1 TB,SSD,,,2480
UR,Mac,MacBook Air,MacBook Air M3 8-Core CPU & 10-Core GPU 13.6-inch (Early 2024),,2 TB,SSD,,,3100
UR,Mac,MacBook Air,MacBook Air M3 8-Core CPU & 10-Core GPU 15-inch (Early 2024),,256 GB,SSD,,,2300
UR,Mac,MacBook Air,MacBook Air M3 8-Core CPU & 10-Core GPU 15-inch (Early 2024),,512 GB,SSD,,,2540
UR,Mac,MacBook Air,MacBook Air M3 8-Core CPU & 10-Core GPU 15-inch (Early 2024),,1 TB,SSD,,,3170
UR,Mac,MacBook Air,MacBook Air M3 8-Core CPU & 10-Core GPU 15-inch (Early 2024),,2 TB,SSD,,,3450
UR,Mac,MacBook Air,MacBook Air M3 8-Core CPU & 8-Core GPU 13.6-inch (Early 2024),,256 GB,SSD,,,1970
UR,Mac,MacBook,MacBook i5 1.3GHz 12-inch (Mid 2017),,256 GB,SSD,,,280
UR,Mac,MacBook,MacBook i5 1.3GHz 12-inch (Mid 2017),,512 GB,SSD,,,330
UR,Mac,MacBook,MacBook i7 1.4GHz 12-inch (Mid 2017),,256 GB,SSD,,,330
UR,Mac,MacBook,MacBook i7 1.4GHz 12-inch (Mid 2017),,512 GB,SSD,,,380
UR,Mac,MacBook,MacBook M3 1.1GHz 12-inch (Early 2016),,256 GB,SSD,,,120
UR,Mac,MacBook,MacBook M3 1.2GHz 12-inch (Mid 2017),,256 GB,SSD,,,280
UR,Mac,MacBook,MacBook M5 1.2GHz 12-inch (Early 2016),,512 GB,SSD,,,250
UR,Mac,MacBook,MacBook M7 1.3GHz 12-inch (Early 2016),,256 GB,SSD,,,190
UR,Mac,MacBook,MacBook M7 1.3GHz 12-inch (Early 2016),,512 GB,SSD,,,250
UR,Mac,MacBook Pro,MacBook Pro 14-inch M1 Max 10-Core CPU & 24-Core GPU (2021),,512 GB,SSD,,,2520
UR,Mac,MacBook Pro,MacBook Pro 14-inch M1 Max 10-Core CPU & 24-Core GPU (2021),,1 TB,SSD,,,2680
UR,Mac,MacBook Pro,MacBook Pro 14-inch M1 Max 10-Core CPU & 24-Core GPU (2021),,2 TB,SSD,,,2680
UR,Mac,MacBook Pro,MacBook Pro 14-inch M1 Max 10-Core CPU & 24-Core GPU (2021),,4 TB,SSD,,,3510
UR,Mac,MacBook Pro,MacBook Pro 14-inch M1 Max 10-Core CPU & 24-Core GPU (2021),,8 TB,SSD,,,4380
UR,Mac,MacBook Pro,MacBook Pro 14-inch M1 Max 10-Core CPU & 32-Core GPU (2021),,512 GB,SSD,,,2690
UR,Mac,MacBook Pro,MacBook Pro 14-inch M1 Max 10-Core CPU & 32-Core GPU (2021),,1 TB,SSD,,,2780
UR,Mac,MacBook Pro,MacBook Pro 14-inch M1 Max 10-Core CPU & 32-Core GPU (2021),,2 TB,SSD,,,3130
UR,Mac,MacBook Pro,MacBook Pro 14-inch M1 Max 10-Core CPU & 32-Core GPU (2021),,4 TB,SSD,,,3580
UR,Mac,MacBook Pro,MacBook Pro 14-inch M1 Max 10-Core CPU & 32-Core GPU (2021),,8 TB,SSD,,,4550
UR,Mac,MacBook Pro,MacBook Pro 14-inch M1 Pro 10-Core CPU & 14-Core GPU (2021),,512 GB,SSD,,,1980
UR,Mac,MacBook Pro,MacBook Pro 14-inch M1 Pro 10-Core CPU & 14-Core GPU (2021),,1 TB,SSD,,,2170
UR,Mac,MacBook Pro,MacBook Pro 14-inch M1 Pro 10-Core CPU & 14-Core GPU (2021),,2 TB,SSD,,,2410
UR,Mac,MacBook Pro,MacBook Pro 14-inch M1 Pro 10-Core CPU & 14-Core GPU (2021),,4 TB,SSD,,,2890
UR,Mac,MacBook Pro,MacBook Pro 14-inch M1 Pro 10-Core CPU & 14-Core GPU (2021),,8 TB,SSD,,,3970
UR,Mac,MacBook Pro,MacBook Pro 14-inch M1 Pro 10-Core CPU & 16-Core GPU (2021),,512 GB,SSD,,,2120
UR,Mac,MacBook Pro,MacBook Pro 14-inch M1 Pro 10-Core CPU & 16-Core GPU (2021),,1 TB,SSD,,,2300
UR,Mac,MacBook Pro,MacBook Pro 14-inch M1 Pro 10-Core CPU & 16-Core GPU (2021),,2 TB,SSD,,,2560
UR,Mac,MacBook Pro,MacBook Pro 14-inch M1 Pro 10-Core CPU & 16-Core GPU (2021),,4 TB,SSD,,,3070
UR,Mac,MacBook Pro,MacBook Pro 14-inch M1 Pro 10-Core CPU & 16-Core GPU (2021),,8 TB,SSD,,,4090
UR,Mac,MacBook Pro,MacBook Pro 14-inch M1 Pro 8-Core CPU & 14-Core GPU (2021),,512 GB,SSD,,,1840
UR,Mac,MacBook Pro,MacBook Pro 14-inch M1 Pro 8-Core CPU & 14-Core GPU (2021),,1 TB,SSD,,,2050
UR,Mac,MacBook Pro,MacBook Pro 14-inch M1 Pro 8-Core CPU & 14-Core GPU (2021),,2 TB,SSD,,,2070
UR,Mac,MacBook Pro,MacBook Pro 14-inch M1 Pro 8-Core CPU & 14-Core GPU (2021),,4 TB,SSD,,,2510
UR,Mac,MacBook Pro,MacBook Pro 14-inch M1 Pro 8-Core CPU & 14-Core GPU (2021),,8 TB,SSD,,,3700
UR,Mac,MacBook Pro,MacBook Pro 16-inch M1 Max 10-Core CPU & 24-Core GPU (2021),,512 GB,SSD,,,2700
UR,Mac,MacBook Pro,MacBook Pro 16-inch M1 Max 10-Core CPU & 24-Core GPU (2021),,1 TB,SSD,,,2750
UR,Mac,MacBook Pro,MacBook Pro 16-inch M1 Max 10-Core CPU & 24-Core GPU (2021),,2 TB,SSD,,,3090
UR,Mac,MacBook Pro,MacBook Pro 16-inch M1 Max 10-Core CPU & 24-Core GPU (2021),,4 TB,SSD,,,3590
UR,Mac,MacBook Pro,MacBook Pro 16-inch M1 Max 10-Core CPU & 24-Core GPU (2021),,8 TB,SSD,,,4610
UR,Mac,MacBook Pro,MacBook Pro 16-inch M1 Max 10-Core CPU & 32-Core GPU (2021),,512 GB,SSD,,,2720
UR,Mac,MacBook Pro,MacBook Pro 16-inch M1 Max 10-Core CPU & 32-Core GPU (2021),,1 TB,SSD,,,2920
UR,Mac,MacBook Pro,MacBook Pro 16-inch M1 Max 10-Core CPU & 32-Core GPU (2021),,2 TB,SSD,,,3260
UR,Mac,MacBook Pro,MacBook Pro 16-inch M1 Max 10-Core CPU & 32-Core GPU (2021),,4 TB,SSD,,,3800
UR,Mac,MacBook Pro,MacBook Pro 16-inch M1 Max 10-Core CPU & 32-Core GPU (2021),,8 TB,SSD,,,4770
UR,Mac,MacBook Pro,MacBook Pro 16-inch M1 Pro 10-Core CPU & 16-Core GPU (2021),,512 GB,SSD,,,2150
UR,Mac,MacBook Pro,MacBook Pro 16-inch M1 Pro 10-Core CPU & 16-Core GPU (2021),,1 TB,SSD,,,2320
UR,Mac,MacBook Pro,MacBook Pro 16-inch M1 Pro 10-Core CPU & 16-Core GPU (2021),,2 TB,SSD,,,2680
UR,Mac,MacBook Pro,MacBook Pro 16-inch M1 Pro 10-Core CPU & 16-Core GPU (2021),,4 TB,SSD,,,3100
UR,Mac,MacBook Pro,MacBook Pro 16-inch M1 Pro 10-Core CPU & 16-Core GPU (2021),,8 TB,SSD,,,3400
UR,Mac,MacBook Pro,MacBook Pro i5 1.4GHz 13-inch (Mid 2019),,128 GB,SSD,,,420
UR,Mac,MacBook Pro,MacBook Pro i5 1.4GHz 13-inch (Mid 2019),,256 GB,SSD,,,520
UR,Mac,MacBook Pro,MacBook Pro i5 1.4GHz 13-inch (Mid 2019),,512 GB,SSD,,,570
UR,Mac,MacBook Pro,MacBook Pro i5 1.4GHz 13-inch (Mid 2019),,1 TB,SSD,,,640
UR,Mac,MacBook Pro,MacBook Pro i5 1.4GHz 13-inch (Mid 2019),,2 TB,SSD,,,690
UR,Mac,MacBook Pro,MacBook Pro i5 1.4GHz 13-inch (Mid 2020),,256 GB,SSD,,,660
UR,Mac,MacBook Pro,MacBook Pro i5 1.4GHz 13-inch (Mid 2020),,512 GB,SSD,,,710
UR,Mac,MacBook Pro,MacBook Pro i5 1.4GHz 13-inch (Mid 2020),,1 TB,SSD,,,760
UR,Mac,MacBook Pro,MacBook Pro i5 1.4GHz 13-inch (Mid 2020),,2 TB,SSD,,,780
UR,Mac,MacBook Pro,MacBook Pro i5 2.0GHz 13-inch (Late 2016),,256 GB,SSD,,,250
UR,Mac,MacBook Pro,MacBook Pro i5 2.0GHz 13-inch (Late 2016),,512 GB,SSD,,,300
UR,Mac,MacBook Pro,MacBook Pro i5 2.0GHz 13-inch (Late 2016),,1 TB,SSD,,,350
UR,Mac,MacBook Pro,MacBook Pro i5 2.0GHz 13-inch (Mid 2020),,512 GB,SSD,,,760
UR,Mac,MacBook Pro,MacBook Pro i5 2.0GHz 13-inch (Mid 2020),,1 TB,SSD,,,830
UR,Mac,MacBook Pro,MacBook Pro i5 2.0GHz 13-inch (Mid 2020),,2 TB,SSD,,,920
UR,Mac,MacBook Pro,MacBook Pro i5 2.0GHz 13-inch (Mid 2020),,4 TB,SSD,,,1050
UR,Mac,MacBook Pro,MacBook Pro i5 2.3GHz 13-inch (Mid 2017),,128 GB,SSD,,,350
UR,Mac,MacBook Pro,MacBook Pro i5 2.3GHz 13-inch (Mid 2017),,256 GB,SSD,,,450
UR,Mac,MacBook Pro,MacBook Pro i5 2.3GHz 13-inch (Mid 2017),,512 GB,SSD,,,500
UR,Mac,MacBook Pro,MacBook Pro i5 2.3GHz 13-inch (Mid 2017),,1 TB,SSD,,,550
UR,Mac,MacBook Pro,MacBook Pro i5 2.3GHz 13-inch (Mid 2018),,256 GB,SSD,,,500
UR,Mac,MacBook Pro,MacBook Pro i5 2.3GHz 13-inch (Mid 2018),,512 GB,SSD,,,600
UR,Mac,MacBook Pro,MacBook Pro i5 2.3GHz 13-inch (Mid 2018),,1 TB,SSD,,,700
UR,Mac,MacBook Pro,MacBook Pro i5 2.3GHz 13-inch (Mid 2018),,2 TB,SSD,,,770
UR,Mac,MacBook Pro,MacBook Pro i5 2.4GHz 13-inch (Mid 2019),,256 GB,SSD,,,690
UR,Mac,MacBook Pro,MacBook Pro i5 2.4GHz 13-inch (Mid 2019),,512 GB,SSD,,,700
UR,Mac,MacBook Pro,MacBook Pro i5 2.4GHz 13-inch (Mid 2019),,1 TB,SSD,,,730
UR,Mac,MacBook Pro,MacBook Pro i5 2.4GHz 13-inch (Mid 2019),,2 TB,SSD,,,760
UR,Mac,MacBook Pro,MacBook Pro i5 2.7GHz 13-inch (Early 2015),,128 GB,SSD,,,80
UR,Mac,MacBook Pro,MacBook Pro i5 2.7GHz 13-inch (Early 2015),,256 GB,SSD,,,80
UR,Mac,MacBook Pro,MacBook Pro i5 2.7GHz 13-inch (Early 2015),,512 GB,SSD,,,120
UR,Mac,MacBook Pro,MacBook Pro i5 2.7GHz 13-inch (Early 2015),,1 TB,SSD,,,120
UR,Mac,MacBook Pro,MacBook Pro i5 2.9GHz 13-inch (Early 2015),,128 GB,SSD,,,120
UR,Mac,MacBook Pro,MacBook Pro i5 2.9GHz 13-inch (Early 2015),,256 GB,SSD,,,120
UR,Mac,MacBook Pro,MacBook Pro i5 2.9GHz 13-inch (Early 2015),,512 GB,SSD,,,120
UR,Mac,MacBook Pro,MacBook Pro i5 2.9GHz 13-inch (Early 2015),,1 TB,SSD,,,120
UR,Mac,MacBook Pro,MacBook Pro i5 2.9GHz 13-inch (Late 2016),,256 GB,SSD,,,400
UR,Mac,MacBook Pro,MacBook Pro i5 2.9GHz 13-inch (Late 2016),,512 GB,SSD,,,450
UR,Mac,MacBook Pro,MacBook Pro i5 2.9GHz 13-inch (Late 2016),,1 TB,SSD,,,460
UR,Mac,MacBook Pro,MacBook Pro i5 3.1GHz 13-inch (Late 2016),,256 GB,SSD,,,470
UR,Mac,MacBook Pro,MacBook Pro i5 3.1GHz 13-inch (Late 2016),,512 GB,SSD,,,480
UR,Mac,MacBook Pro,MacBook Pro i5 3.1GHz 13-inch (Late 2016),,1 TB,SSD,,,490
UR,Mac,MacBook Pro,MacBook Pro i5 3.1GHz 13-inch (Mid 2017),,256 GB,SSD,,,500
UR,Mac,MacBook Pro,MacBook Pro i5 3.1GHz 13-inch (Mid 2017),,512 GB,SSD,,,530
UR,Mac,MacBook Pro,MacBook Pro i5 3.1GHz 13-inch (Mid 2017),,1 TB,SSD,,,600
UR,Mac,MacBook Pro,MacBook Pro i5 3.3GHz 13-inch (Mid 2017),,256 GB,SSD,,,500
UR,Mac,MacBook Pro,MacBook Pro i5 3.3GHz 13-inch (Mid 2017),,512 GB,SSD,,,530
UR,Mac,MacBook Pro,MacBook Pro i5 3.3GHz 13-inch (Mid 2017),,1 TB,SSD,,,600
UR,Mac,MacBook Pro,MacBook Pro i7 1.7GHz 13-inch (Mid 2019),,128 GB,SSD,,,500
UR,Mac,MacBook Pro,MacBook Pro i7 1.7GHz 13-inch (Mid 2019),,256 GB,SSD,,,570
UR,Mac,MacBook Pro,MacBook Pro i7 1.7GHz 13-inch (Mid 2019),,512 GB,SSD,,,610
UR,Mac,MacBook Pro,MacBook Pro i7 1.7GHz 13-inch (Mid 2019),,1 TB,SSD,,,690
UR,Mac,MacBook Pro,MacBook Pro i7 1.7GHz 13-inch (Mid 2019),,2 TB,SSD,,,730
UR,Mac,MacBook Pro,MacBook Pro i7 1.7GHz 13-inch (Mid 2020),,256 GB,SSD,,,780
UR,Mac,MacBook Pro,MacBook Pro i7 1.7GHz 13-inch (Mid 2020),,512 GB,SSD,,,790
UR,Mac,MacBook Pro,MacBook Pro i7 1.7GHz 13-inch (Mid 2020),,1 TB,SSD,,,830
UR,Mac,MacBook Pro,MacBook Pro i7 1.7GHz 13-inch (Mid 2020),,2 TB,SSD,,,920
UR,Mac,MacBook Pro,MacBook Pro i7 2.2GHz 15-inch (Mid 2015),,256 GB,SSD,,,200
UR,Mac,MacBook Pro,MacBook Pro i7 2.2GHz 15-inch (Mid 2015),,512 GB,SSD,,,200
UR,Mac,MacBook Pro,MacBook Pro i7 2.2GHz 15-inch (Mid 2015),,1 TB,SSD,,,200
UR,Mac,MacBook Pro,MacBook Pro i7 2.2GHz 15-inch (Mid 2018),,256 GB,SSD,,,910
UR,Mac,MacBook Pro,MacBook Pro i7 2.2GHz 15-inch (Mid 2018),,512 GB,SSD,,,920
UR,Mac,MacBook Pro,MacBook Pro i7 2.2GHz 15-inch (Mid 2018),,1 TB,SSD,,,960
UR,Mac,MacBook Pro,MacBook Pro i7 2.2GHz 15-inch (Mid 2018),,2 TB,SSD,,,1110
UR,Mac,MacBook Pro,MacBook Pro i7 2.2GHz 15-inch (Mid 2018),,4 TB,SSD,,,1210
UR,Mac,MacBook Pro,MacBook Pro i7 2.3GHz 13-inch (Mid 2020),,512 GB,SSD,,,780
UR,Mac,MacBook Pro,MacBook Pro i7 2.3GHz 13-inch (Mid 2020),,1 TB,SSD,,,880
UR,Mac,MacBook Pro,MacBook Pro i7 2.3GHz 13-inch (Mid 2020),,2 TB,SSD,,,960
UR,Mac,MacBook Pro,MacBook Pro i7 2.3GHz 13-inch (Mid 2020),,4 TB,SSD,,,1100
UR,Mac,MacBook Pro,MacBook Pro i7 2.4GHz 13-inch (Late 2016),,256 GB,SSD,,,360
UR,Mac,MacBook Pro,MacBook Pro i7 2.4GHz 13-inch (Late 2016),,512 GB,SSD,,,400
UR,Mac,MacBook Pro,MacBook Pro i7 2.4GHz 13-inch (Late 2016),,1 TB,SSD,,,450
UR,Mac,MacBook Pro,MacBook Pro i7 2.5GHz 13-inch (Mid 2017),,128 GB,SSD,,,360
UR,Mac,MacBook Pro,MacBook Pro i7 2.5GHz 13-inch (Mid 2017),,256 GB,SSD,,,500
UR,Mac,MacBook Pro,MacBook Pro i7 2.5GHz 13-inch (Mid 2017),,512 GB,SSD,,,550
UR,Mac,MacBook Pro,MacBook Pro i7 2.5GHz 13-inch (Mid 2017),,1 TB,SSD,,,600
UR,Mac,MacBook Pro,MacBook Pro i7 2.5GHz 15-inch (Mid 2015),,256 GB,SSD,,,200
UR,Mac,MacBook Pro,MacBook Pro i7 2.5GHz 15-inch (Mid 2015),,512 GB,SSD,,,240
UR,Mac,MacBook Pro,MacBook Pro i7 2.5GHz 15-inch (Mid 2015),,1 TB,SSD,,,250
UR,Mac,MacBook Pro,MacBook Pro i7 2.6GHz 15-inch (Late 2016),,256 GB,SSD,,,600
UR,Mac,MacBook Pro,MacBook Pro i7 2.6GHz 15-inch (Late 2016),,512 GB,SSD,,,700
UR,Mac,MacBook Pro,MacBook Pro i7 2.6GHz 15-inch (Late 2016),,1 TB,SSD,,,770
UR,Mac,MacBook Pro,MacBook Pro i7 2.6GHz 15-inch (Late 2016),,2 TB,SSD,,,820
UR,Mac,MacBook Pro,MacBook Pro i7 2.6GHz 15-inch (Mid 2018),,256 GB,SSD,,,800
UR,Mac,MacBook Pro,MacBook Pro i7 2.6GHz 15-inch (Mid 2018),,512 GB,SSD,,,900
UR,Mac,MacBook Pro,MacBook Pro i7 2.6GHz 15-inch (Mid 2018),,1 TB,SSD,,,950
UR,Mac,MacBook Pro,MacBook Pro i7 2.6GHz 15-inch (Mid 2018),,2 TB,SSD,,,1050
UR,Mac,MacBook Pro,MacBook Pro i7 2.6GHz 15-inch (Mid 2018),,4 TB,SSD,,,1150
UR,Mac,MacBook Pro,MacBook Pro i7 2.6GHz 15-inch (Mid 2019),,256 GB,SSD,,,1030
UR,Mac,MacBook Pro,MacBook Pro i7 2.6GHz 15-inch (Mid 2019),,512 GB,SSD,,,1070
UR,Mac,MacBook Pro,MacBook Pro i7 2.6GHz 15-inch (Mid 2019),,1 TB,SSD,,,1150
UR,Mac,MacBook Pro,MacBook Pro i7 2.6GHz 15-inch (Mid 2019),,2 TB,SSD,,,1270
UR,Mac,MacBook Pro,MacBook Pro i7 2.6GHz 15-inch (Mid 2019),,4 TB,SSD,,,1370
UR,Mac,MacBook Pro,MacBook Pro i7 2.6GHz 16-inch (Late 2019),,512 GB,SSD,,,1100
UR,Mac,MacBook Pro,MacBook Pro i7 2.6GHz 16-inch (Late 2019),,1 TB,SSD,,,1190
UR,Mac,MacBook Pro,MacBook Pro i7 2.6GHz 16-inch (Late 2019),,2 TB,SSD,,,1290
UR,Mac,MacBook Pro,MacBook Pro i7 2.6GHz 16-inch (Late 2019),,4 TB,SSD,,,1380
UR,Mac,MacBook Pro,MacBook Pro i7 2.6GHz 16-inch (Late 2019),,8 TB,SSD,,,1500
UR,Mac,MacBook Pro,MacBook Pro i7 2.7GHz 13-inch (Mid 2018),,256 GB,SSD,,,700
UR,Mac,MacBook Pro,MacBook Pro i7 2.7GHz 13-inch (Mid 2018),,512 GB,SSD,,,720
UR,Mac,MacBook Pro,MacBook Pro i7 2.7GHz 13-inch (Mid 2018),,1 TB,SSD,,,770
UR,Mac,MacBook Pro,MacBook Pro i7 2.7GHz 13-inch (Mid 2018),,2 TB,SSD,,,820
UR,Mac,MacBook Pro,MacBook Pro i7 2.7GHz 15-inch (Late 2016),,256 GB,SSD,,,700
UR,Mac,MacBook Pro,MacBook Pro i7 2.7GHz 15-inch (Late 2016),,512 GB,SSD,,,720
UR,Mac,MacBook Pro,MacBook Pro i7 2.7GHz 15-inch (Late 2016),,1 TB,SSD,,,770
UR,Mac,MacBook Pro,MacBook Pro i7 2.7GHz 15-inch (Late 2016),,2 TB,SSD,,,820
UR,Mac,MacBook Pro,MacBook Pro i7 2.8GHz 13-inch (Mid 2019),,256 GB,SSD,,,730
UR,Mac,MacBook Pro,MacBook Pro i7 2.8GHz 13-inch (Mid 2019),,512 GB,SSD,,,760
UR,Mac,MacBook Pro,MacBook Pro i7 2.8GHz 13-inch (Mid 2019),,1 TB,SSD,,,770
UR,Mac,MacBook Pro,MacBook Pro i7 2.8GHz 13-inch (Mid 2019),,2 TB,SSD,,,830
UR,Mac,MacBook Pro,MacBook Pro i7 2.8GHz 15-inch (Mid 2015),,256 GB,SSD,,,240
UR,Mac,MacBook Pro,MacBook Pro i7 2.8GHz 15-inch (Mid 2015),,512 GB,SSD,,,250
UR,Mac,MacBook Pro,MacBook Pro i7 2.8GHz 15-inch (Mid 2015),,1 TB,SSD,,,290
UR,Mac,MacBook Pro,MacBook Pro i7 2.8GHz 15-inch (Mid 2017),,256 GB,SSD,,,790
UR,Mac,MacBook Pro,MacBook Pro i7 2.8GHz 15-inch (Mid 2017),,512 GB,SSD,,,820
UR,Mac,MacBook Pro,MacBook Pro i7 2.8GHz 15-inch (Mid 2017),,1 TB,SSD,,,840
UR,Mac,MacBook Pro,MacBook Pro i7 2.8GHz 15-inch (Mid 2017),,2 TB,SSD,,,890
UR,Mac,MacBook Pro,MacBook Pro i7 2.9GHz 15-inch (Late 2016),,256 GB,SSD,,,700
UR,Mac,MacBook Pro,MacBook Pro i7 2.9GHz 15-inch (Late 2016),,512 GB,SSD,,,720
UR,Mac,MacBook Pro,MacBook Pro i7 2.9GHz 15-inch (Late 2016),,1 TB,SSD,,,770
UR,Mac,MacBook Pro,MacBook Pro i7 2.9GHz 15-inch (Late 2016),,2 TB,SSD,,,820
UR,Mac,MacBook Pro,MacBook Pro i7 2.9GHz 15-inch (Mid 2017),,256 GB,SSD,,,800
UR,Mac,MacBook Pro,MacBook Pro i7 2.9GHz 15-inch (Mid 2017),,512 GB,SSD,,,820
UR,Mac,MacBook Pro,MacBook Pro i7 2.9GHz 15-inch (Mid 2017),,1 TB,SSD,,,840
UR,Mac,MacBook Pro,MacBook Pro i7 2.9GHz 15-inch (Mid 2017),,2 TB,SSD,,,900
UR,Mac,MacBook Pro,MacBook Pro i7 3.1GHz 13-inch (Early 2015),,128 GB,SSD,,,120
UR,Mac,MacBook Pro,MacBook Pro i7 3.1GHz 13-inch (Early 2015),,256 GB,SSD,,,120
UR,Mac,MacBook Pro,MacBook Pro i7 3.1GHz 13-inch (Early 2015),,512 GB,SSD,,,150
UR,Mac,MacBook Pro,MacBook Pro i7 3.1GHz 13-inch (Early 2015),,1 TB,SSD,,,150
UR,Mac,MacBook Pro,MacBook Pro i7 3.1GHz 15-inch (Mid 2017),,256 GB,SSD,,,800
UR,Mac,MacBook Pro,MacBook Pro i7 3.1GHz 15-inch (Mid 2017),,512 GB,SSD,,,820
UR,Mac,MacBook Pro,MacBook Pro i7 3.1GHz 15-inch (Mid 2017),,1 TB,SSD,,,840
UR,Mac,MacBook Pro,MacBook Pro i7 3.1GHz 15-inch (Mid 2017),,2 TB,SSD,,,890
UR,Mac,MacBook Pro,MacBook Pro i7 3.3GHz 13-inch (Late 2016),,256 GB,SSD,,,450
UR,Mac,MacBook Pro,MacBook Pro i7 3.3GHz 13-inch (Late 2016),,512 GB,SSD,,,460
UR,Mac,MacBook Pro,MacBook Pro i7 3.3GHz 13-inch (Late 2016),,1 TB,SSD,,,470
UR,Mac,MacBook Pro,MacBook Pro i7 3.5GHz 13-inch (Mid 2017),,256 GB,SSD,,,720
UR,Mac,MacBook Pro,MacBook Pro i7 3.5GHz 13-inch (Mid 2017),,512 GB,SSD,,,800
UR,Mac,MacBook Pro,MacBook Pro i7 3.5GHz 13-inch (Mid 2017),,1 TB,SSD,,,840
UR,Mac,MacBook Pro,MacBook Pro i9 2.3GHz 15-inch (Mid 2019),,256 GB,SSD,,,1030
UR,Mac,MacBook Pro,MacBook Pro i9 2.3GHz 15-inch (Mid 2019),,512 GB,SSD,,,1100
UR,Mac,MacBook Pro,MacBook Pro i9 2.3GHz 15-inch (Mid 2019),,1 TB,SSD,,,1290
UR,Mac,MacBook Pro,MacBook Pro i9 2.3GHz 15-inch (Mid 2019),,2 TB,SSD,,,1390
UR,Mac,MacBook Pro,MacBook Pro i9 2.3GHz 15-inch (Mid 2019),,4 TB,SSD,,,1510
UR,Mac,MacBook Pro,MacBook Pro i9 2.3GHz 16-inch (Late 2019),,1 TB,SSD,,,1280
UR,Mac,MacBook Pro,MacBook Pro i9 2.3GHz 16-inch (Late 2019),,2 TB,SSD,,,1380
UR,Mac,MacBook Pro,MacBook Pro i9 2.3GHz 16-inch (Late 2019),,4 TB,SSD,,,1560
UR,Mac,MacBook Pro,MacBook Pro i9 2.3GHz 16-inch (Late 2019),,8 TB,SSD,,,1570
UR,Mac,MacBook Pro,MacBook Pro i9 2.4GHz 15-inch (Mid 2019),,256 GB,SSD,,,1030
UR,Mac,MacBook Pro,MacBook Pro i9 2.4GHz 15-inch (Mid 2019),,512 GB,SSD,,,1180
UR,Mac,MacBook Pro,MacBook Pro i9 2.4GHz 15-inch (Mid 2019),,1 TB,SSD,,,1290
UR,Mac,MacBook Pro,MacBook Pro i9 2.4GHz 15-inch (Mid 2019),,2 TB,SSD,,,1390
UR,Mac,MacBook Pro,MacBook Pro i9 2.4GHz 15-inch (Mid 2019),,4 TB,SSD,,,1510
UR,Mac,MacBook Pro,MacBook Pro i9 2.4GHz 16-inch (Late 2019),,512 GB,SSD,,,1190
UR,Mac,MacBook Pro,MacBook Pro i9 2.4GHz 16-inch (Late 2019),,1 TB,SSD,,,1410
UR,Mac,MacBook Pro,MacBook Pro i9 2.4GHz 16-inch (Late 2019),,2 TB,SSD,,,1480
UR,Mac,MacBook Pro,MacBook Pro i9 2.4GHz 16-inch (Late 2019),,4 TB,SSD,,,1600
UR,Mac,MacBook Pro,MacBook Pro i9 2.4GHz 16-inch (Late 2019),,8 TB,SSD,,,1740
UR,Mac,MacBook Pro,MacBook Pro i9 2.9GHz 15-inch (Mid 2018),,256 GB,SSD,,,910
UR,Mac,MacBook Pro,MacBook Pro i9 2.9GHz 15-inch (Mid 2018),,512 GB,SSD,,,960
UR,Mac,MacBook Pro,MacBook Pro i9 2.9GHz 15-inch (Mid 2018),,1 TB,SSD,,,1040
UR,Mac,MacBook Pro,MacBook Pro i9 2.9GHz 15-inch (Mid 2018),,2 TB,SSD,,,1130
UR,Mac,MacBook Pro,MacBook Pro i9 2.9GHz 15-inch (Mid 2018),,4 TB,SSD,,,1230
UR,Mac,MacBook Pro,MacBook Pro M1 8-Core CPU & 8-Core GPU 13-inch (Late 2020),,256 GB,SSD,,,910
UR,Mac,MacBook Pro,MacBook Pro M1 8-Core CPU & 8-Core GPU 13-inch (Late 2020),,512 GB,SSD,,,960
UR,Mac,MacBook Pro,MacBook Pro M1 8-Core CPU & 8-Core GPU 13-inch (Late 2020),,1 TB,SSD,,,1030
UR,Mac,MacBook Pro,MacBook Pro M1 8-Core CPU & 8-Core GPU 13-inch (Late 2020),,2 TB,SSD,,,1150
UR,Mac,MacBook Pro,MacBook Pro M2 8-Core CPU & 10-Core GPU 13-inch (Mid 2022),,256 GB,SSD,,,1400
UR,Mac,MacBook Pro,MacBook Pro M2 8-Core CPU & 10-Core GPU 13-inch (Mid 2022),,512 GB,SSD,,,1680
UR,Mac,MacBook Pro,MacBook Pro M2 8-Core CPU & 10-Core GPU 13-inch (Mid 2022),,1 TB,SSD,,,1900
UR,Mac,MacBook Pro,MacBook Pro M2 8-Core CPU & 10-Core GPU 13-inch (Mid 2022),,2 TB,SSD,,,2260
UR,Mac,MacBook Pro,MacBook Pro M2 Max 12-Core CPU & 30-Core GPU 14-inch (Early 2023),,512 GB,SSD,,,2910
UR,Mac,MacBook Pro,MacBook Pro M2 Max 12-Core CPU & 30-Core GPU 14-inch (Early 2023),,1 TB,SSD,,,2940
UR,Mac,MacBook Pro,MacBook Pro M2 Max 12-Core CPU & 30-Core GPU 14-inch (Early 2023),,2 TB,SSD,,,3950
UR,Mac,MacBook Pro,MacBook Pro M2 Max 12-Core CPU & 30-Core GPU 14-inch (Early 2023),,4 TB,SSD,,,4460
UR,Mac,MacBook Pro,MacBook Pro M2 Max 12-Core CPU & 30-Core GPU 14-inch (Early 2023),,8 TB,SSD,,,5630
UR,Mac,MacBook Pro,MacBook Pro M2 Max 12-Core CPU & 30-Core GPU 16-inch (Early 2023),,512 GB,SSD,,,3540
UR,Mac,MacBook Pro,MacBook Pro M2 Max 12-Core CPU & 30-Core GPU 16-inch (Early 2023),,1 TB,SSD,,,3720
UR,Mac,MacBook Pro,MacBook Pro M2 Max 12-Core CPU & 30-Core GPU 16-inch (Early 2023),,2 TB,SSD,,,4040
UR,Mac,MacBook Pro,MacBook Pro M2 Max 12-Core CPU & 30-Core GPU 16-inch (Early 2023),,4 TB,SSD,,,4670
UR,Mac,MacBook Pro,MacBook Pro M2 Max 12-Core CPU & 30-Core GPU 16-inch (Early 2023),,8 TB,SSD,,,5920
UR,Mac,MacBook Pro,MacBook Pro M2 Max 12-Core CPU & 38-Core GPU 14-inch (Early 2023),,512 GB,SSD,,,3360
UR,Mac,MacBook Pro,MacBook Pro M2 Max 12-Core CPU & 38-Core GPU 14-inch (Early 2023),,1 TB,SSD,,,3640
UR,Mac,MacBook Pro,MacBook Pro M2 Max 12-Core CPU & 38-Core GPU 14-inch (Early 2023),,2 TB,SSD,,,4120
UR,Mac,MacBook Pro,MacBook Pro M2 Max 12-Core CPU & 38-Core GPU 14-inch (Early 2023),,4 TB,SSD,,,4800
UR,Mac,MacBook Pro,MacBook Pro M2 Max 12-Core CPU & 38-Core GPU 14-inch (Early 2023),,8 TB,SSD,,,6030
UR,Mac,MacBook Pro,MacBook Pro M2 Max 12-Core CPU & 38-Core GPU 16-inch (Early 2023),,512 GB,SSD,,,3700
UR,Mac,MacBook Pro,MacBook Pro M2 Max 12-Core CPU & 38-Core GPU 16-inch (Early 2023),,1 TB,SSD,,,3800
UR,Mac,MacBook Pro,MacBook Pro M2 Max 12-Core CPU & 38-Core GPU 16-inch (Early 2023),,2 TB,SSD,,,4460
UR,Mac,MacBook Pro,MacBook Pro M2 Max 12-Core CPU & 38-Core GPU 16-inch (Early 2023),,4 TB,SSD,,,4870
UR,Mac,MacBook Pro,MacBook Pro M2 Max 12-Core CPU & 38-Core GPU 16-inch (Early 2023),,8 TB,SSD,,,6330
UR,Mac,MacBook Pro,MacBook Pro M2 Pro 10-Core CPU & 16-Core GPU 14-inch (Early 2023),,512 GB,SSD,,,2490
UR,Mac,MacBook Pro,MacBook Pro M2 Pro 10-Core CPU & 16-Core GPU 14-inch (Early 2023),,1 TB,SSD,,,2650
UR,Mac,MacBook Pro,MacBook Pro M2 Pro 10-Core CPU & 16-Core GPU 14-inch (Early 2023),,2 TB,SSD,,,2930
UR,Mac,MacBook Pro,MacBook Pro M2 Pro 10-Core CPU & 16-Core GPU 14-inch (Early 2023),,4 TB,SSD,,,3370
UR,Mac,MacBook Pro,MacBook Pro M2 Pro 10-Core CPU & 16-Core GPU 14-inch (Early 2023),,8 TB,SSD,,,4290
UR,Mac,MacBook Pro,MacBook Pro M2 Pro 12-Core CPU & 19-Core GPU 14-inch (Early 2023),,512 GB,SSD,,,2530
UR,Mac,MacBook Pro,MacBook Pro M2 Pro 12-Core CPU & 19-Core GPU 14-inch (Early 2023),,1 TB,SSD,,,2650
UR,Mac,MacBook Pro,MacBook Pro M2 Pro 12-Core CPU & 19-Core GPU 14-inch (Early 2023),,2 TB,SSD,,,3250
UR,Mac,MacBook Pro,MacBook Pro M2 Pro 12-Core CPU & 19-Core GPU 14-inch (Early 2023),,4 TB,SSD,,,3840
UR,Mac,MacBook Pro,MacBook Pro M2 Pro 12-Core CPU & 19-Core GPU 14-inch (Early 2023),,8 TB,SSD,,,4780
UR,Mac,MacBook Pro,MacBook Pro M2 Pro 12-Core CPU & 19-Core GPU 16-inch (Early 2023),,512 GB,SSD,,,2950
UR,Mac,MacBook Pro,MacBook Pro M2 Pro 12-Core CPU & 19-Core GPU 16-inch (Early 2023),,1 TB,SSD,,,3160
UR,Mac,MacBook Pro,MacBook Pro M2 Pro 12-Core CPU & 19-Core GPU 16-inch (Early 2023),,2 TB,SSD,,,3540
UR,Mac,MacBook Pro,MacBook Pro M2 Pro 12-Core CPU & 19-Core GPU 16-inch (Early 2023),,4 TB,SSD,,,4330
UR,Mac,MacBook Pro,MacBook Pro M2 Pro 12-Core CPU & 19-Core GPU 16-inch (Early 2023),,8 TB,SSD,,,5570
UR,Mac,MacBook Pro,MacBook Pro M3 8-Core CPU & 10-Core GPU 14-inch (Late 2023),,512 GB,SSD,,,2560
UR,Mac,MacBook Pro,MacBook Pro M3 8-Core CPU & 10-Core GPU 14-inch (Late 2023),,1 TB,SSD,,,2820
UR,Mac,MacBook Pro,MacBook Pro M3 8-Core CPU & 10-Core GPU 14-inch (Late 2023),,2 TB,SSD,,,3550
UR,Mac,MacBook Pro,MacBook Pro M3 Max 14-Core CPU & 30-Core GPU 14-inch (Late 2023),,512 GB,SSD,,,4640
UR,Mac,MacBook Pro,MacBook Pro M3 Max 14-Core CPU & 30-Core GPU 14-inch (Late 2023),,1 TB,SSD,,,4830
UR,Mac,MacBook Pro,MacBook Pro M3 Max 14-Core CPU & 30-Core GPU 14-inch (Late 2023),,2 TB,SSD,,,5260
UR,Mac,MacBook Pro,MacBook Pro M3 Max 14-Core CPU & 30-Core GPU 14-inch (Late 2023),,4 TB,SSD,,,6450
UR,Mac,MacBook Pro,MacBook Pro M3 Max 14-Core CPU & 30-Core GPU 14-inch (Late 2023),,8 TB,SSD,,,7450
UR,Mac,MacBook Pro,MacBook Pro M3 Max 14-Core CPU & 30-Core GPU 16-inch (Late 2023),,512 GB,SSD,,,5240
UR,Mac,MacBook Pro,MacBook Pro M3 Max 14-Core CPU & 30-Core GPU 16-inch (Late 2023),,1 TB,SSD,,,5680
UR,Mac,MacBook Pro,MacBook Pro M3 Max 14-Core CPU & 30-Core GPU 16-inch (Late 2023),,2 TB,SSD,,,6150
UR,Mac,MacBook Pro,MacBook Pro M3 Max 14-Core CPU & 30-Core GPU 16-inch (Late 2023),,4 TB,SSD,,,7200
UR,Mac,MacBook Pro,MacBook Pro M3 Max 14-Core CPU & 30-Core GPU 16-inch (Late 2023),,8 TB,SSD,,,8710
UR,Mac,MacBook Pro,MacBook Pro M3 Max 16-Core CPU & 40-Core GPU 14-inch (Late 2023),,512 GB,SSD,,,5260
UR,Mac,MacBook Pro,MacBook Pro M3 Max 16-Core CPU & 40-Core GPU 14-inch (Late 2023),,1 TB,SSD,,,5420
UR,Mac,MacBook Pro,MacBook Pro M3 Max 16-Core CPU & 40-Core GPU 14-inch (Late 2023),,2 TB,SSD,,,6100
UR,Mac,MacBook Pro,MacBook Pro M3 Max 16-Core CPU & 40-Core GPU 14-inch (Late 2023),,4 TB,SSD,,,6940
UR,Mac,MacBook Pro,MacBook Pro M3 Max 16-Core CPU & 40-Core GPU 14-inch (Late 2023),,8 TB,SSD,,,8600
UR,Mac,MacBook Pro,MacBook Pro M3 Max 16-Core CPU & 40-Core GPU 16-inch (Late 2023),,512 GB,SSD,,,6000
UR,Mac,MacBook Pro,MacBook Pro M3 Max 16-Core CPU & 40-Core GPU 16-inch (Late 2023),,1 TB,SSD,,,6450
UR,Mac,MacBook Pro,MacBook Pro M3 Max 16-Core CPU & 40-Core GPU 16-inch (Late 2023),,2 TB,SSD,,,7030
UR,Mac,MacBook Pro,MacBook Pro M3 Max 16-Core CPU & 40-Core GPU 16-inch (Late 2023),,4 TB,SSD,,,7660
UR,Mac,MacBook Pro,MacBook Pro M3 Max 16-Core CPU & 40-Core GPU 16-inch (Late 2023),,8 TB,SSD,,,9570
UR,Mac,MacBook Pro,MacBook Pro M3 Pro 11-Core CPU & 14-Core GPU 14-inch (Late 2023),,512 GB,SSD,,,3040
UR,Mac,MacBook Pro,MacBook Pro M3 Pro 11-Core CPU & 14-Core GPU 14-inch (Late 2023),,1 TB,SSD,,,3320
UR,Mac,MacBook Pro,MacBook Pro M3 Pro 11-Core CPU & 14-Core GPU 14-inch (Late 2023),,2 TB,SSD,,,4100
UR,Mac,MacBook Pro,MacBook Pro M3 Pro 11-Core CPU & 14-Core GPU 14-inch (Late 2023),,4 TB,SSD,,,4950
UR,Mac,MacBook Pro,MacBook Pro M3 Pro 12-Core CPU & 18-Core GPU 14-inch (Late 2023),,512 GB,SSD,,,3440
UR,Mac,MacBook Pro,MacBook Pro M3 Pro 12-Core CPU & 18-Core GPU 14-inch (Late 2023),,1 TB,SSD,,,3720
UR,Mac,MacBook Pro,MacBook Pro M3 Pro 12-Core CPU & 18-Core GPU 14-inch (Late 2023),,2 TB,SSD,,,4130
UR,Mac,MacBook Pro,MacBook Pro M3 Pro 12-Core CPU & 18-Core GPU 14-inch (Late 2023),,4 TB,SSD,,,4800
UR,Mac,MacBook Pro,MacBook Pro M3 Pro 12-Core CPU & 18-Core GPU 16-inch (Late 2023),,512 GB,SSD,,,3940
UR,Mac,MacBook Pro,MacBook Pro M3 Pro 12-Core CPU & 18-Core GPU 16-inch (Late 2023),,1 TB,SSD,,,4380
UR,Mac,MacBook Pro,MacBook Pro M3 Pro 12-Core CPU & 18-Core GPU 16-inch (Late 2023),,2 TB,SSD,,,5130
UR,Mac,MacBook Pro,MacBook Pro M3 Pro 12-Core CPU & 18-Core GPU 16-inch (Late 2023),,4 TB,SSD,,,5910
CompAsia,Apple Watch,Watch SE,Watch SE (2022),40 mm,32 GB,,GPS,Aluminium,150
CompAsia,Apple Watch,Watch SE,Watch SE (2022),40 mm,32 GB,,GPS + Cellular,Aluminium,175
CompAsia,Apple Watch,Watch SE,Watch SE (2022),44 mm,32 GB,,GPS,Aluminium,175
CompAsia,Apple Watch,Watch SE,Watch SE (2022),44 mm,32 GB,,GPS + Cellular,Aluminium,225
CompAsia,Apple Watch,Watch SE,Watch SE 3,40 mm,64 GB,,GPS,Aluminium,575
CompAsia,Apple Watch,Watch SE,Watch SE 3,40 mm,64 GB,,GPS + Cellular,Aluminium,675
CompAsia,Apple Watch,Watch SE,Watch SE 3,44 mm,64 GB,,GPS,Aluminium,700
CompAsia,Apple Watch,Watch SE,Watch SE 3,44 mm,64 GB,,GPS + Cellular,Aluminium,775
CompAsia,Apple Watch,Watch SE,Watch SE (2020),40 mm,32 GB,,GPS,Aluminium,70
CompAsia,Apple Watch,Watch SE,Watch SE (2020),40 mm,32 GB,,GPS + Cellular,Aluminium,85
CompAsia,Apple Watch,Watch SE,Watch SE (2020),44 mm,32 GB,,GPS,Aluminium,85
CompAsia,Apple Watch,Watch SE,Watch SE (2020),44 mm,32 GB,,GPS + Cellular,Aluminium,110
CompAsia,Apple Watch,Watch Series,Watch Series 10,42 mm,64 GB,,GPS,Aluminium,550
CompAsia,Apple Watch,Watch Series,Watch Series 10,42 mm,64 GB,,GPS + Cellular,Aluminium,625
CompAsia,Apple Watch,Watch Series,Watch Series 10,42 mm,64 GB,,GPS + Cellular,Titanium,1000
CompAsia,Apple Watch,Watch Series,Watch Series 10,46 mm,64 GB,,GPS,Aluminium,575
CompAsia,Apple Watch,Watch Series,Watch Series 10,46 mm,64 GB,,GPS + Cellular,Aluminium,750
CompAsia,Apple Watch,Watch Series,Watch Series 10,46 mm,64 GB,,GPS + Cellular,Titanium,1050
CompAsia,Apple Watch,Watch Series,Watch Series 10 Hermes,42 mm,64 GB,,GPS + Cellular,Titanium,1000
CompAsia,Apple Watch,Watch Series,Watch Series 10 Hermes,46 mm,64 GB,,GPS + Cellular,Titanium,1095
CompAsia,Apple Watch,Watch Series,Watch Series 11,42 mm,64 GB,,GPS,Aluminium,950
CompAsia,Apple Watch,Watch Series,Watch Series 11,42 mm,64 GB,,GPS + Cellular,Aluminium,1225
CompAsia,Apple Watch,Watch Series,Watch Series 11,42 mm,64 GB,,GPS + Cellular,Titanium,1700
CompAsia,Apple Watch,Watch Series,Watch Series 11,46 mm,64 GB,,GPS,Aluminium,1050
CompAsia,Apple Watch,Watch Series,Watch Series 11,46 mm,64 GB,,GPS + Cellular,Aluminium,1325
CompAsia,Apple Watch,Watch Series,Watch Series 11,46 mm,64 GB,,GPS + Cellular,Titanium,1825
CompAsia,Apple Watch,Watch Series,Watch Series 11 Hermes,42 mm,64 GB,,GPS + Cellular,Titanium,2050
CompAsia,Apple Watch,Watch Series,Watch Series 11 Hermes,46 mm,64 GB,,GPS + Cellular,Titanium,2150
CompAsia,Apple Watch,Watch Series,Watch Series 5,40 mm,16 GB,,GPS,Aluminium,50
CompAsia,Apple Watch,Watch Series,Watch Series 5,40 mm,32 GB,,GPS + Cellular,Aluminium,50
CompAsia,Apple Watch,Watch Series,Watch Series 5,40 mm,32 GB,,GPS + Cellular,Stainless Steel,50
CompAsia,Apple Watch,Watch Series,Watch Series 5,44 mm,32 GB,,GPS,Aluminium,75
CompAsia,Apple Watch,Watch Series,Watch Series 5,44 mm,32 GB,,GPS + Cellular,Aluminium,75
CompAsia,Apple Watch,Watch Series,Watch Series 5,44 mm,32 GB,,GPS + Cellular,Stainless Steel,75
CompAsia,Apple Watch,Watch Series,Watch Series 6,40 mm,32 GB,,GPS,Aluminium,125
CompAsia,Apple Watch,Watch Series,Watch Series 6,40 mm,32 GB,,GPS + Cellular,Aluminium,175
CompAsia,Apple Watch,Watch Series,Watch Series 6,40 mm,32 GB,,GPS + Cellular,Stainless Steel,175
CompAsia,Apple Watch,Watch Series,Watch Series 6,44 mm,32 GB,,GPS,Aluminium,150
CompAsia,Apple Watch,Watch Series,Watch Series 6,44 mm,32 GB,,GPS + Cellular,Aluminium,225
CompAsia,Apple Watch,Watch Series,Watch Series 6,44 mm,32 GB,,GPS + Cellular,Stainless Steel,225
CompAsia,Apple Watch,Watch Series,Watch Series 7,41 mm,32 GB,,GPS,Aluminium,175
CompAsia,Apple Watch,Watch Series,Watch Series 7,41 mm,32 GB,,GPS + Cellular,Aluminium,250
CompAsia,Apple Watch,Watch Series,Watch Series 7,41 mm,32 GB,,GPS + Cellular,Stainless Steel,250
CompAsia,Apple Watch,Watch Series,Watch Series 7,41 mm,32 GB,,GPS,Titanium,215
CompAsia,Apple Watch,Watch Series,Watch Series 7,41 mm,32 GB,,GPS + Cellular,Titanium,285
CompAsia,Apple Watch,Watch Series,Watch Series 7,45 mm,32 GB,,GPS,Aluminium,250
CompAsia,Apple Watch,Watch Series,Watch Series 7,45 mm,32 GB,,GPS + Cellular,Aluminium,300
CompAsia,Apple Watch,Watch Series,Watch Series 7,45 mm,32 GB,,GPS + Cellular,Stainless Steel,300
CompAsia,Apple Watch,Watch Series,Watch Series 7,45 mm,32 GB,,GPS,Titanium,285
CompAsia,Apple Watch,Watch Series,Watch Series 7,45 mm,32 GB,,GPS + Cellular,Titanium,335
CompAsia,Apple Watch,Watch Series,Watch Series 8,41 mm,32 GB,,GPS,Aluminium,250
CompAsia,Apple Watch,Watch Series,Watch Series 8,41 mm,32 GB,,GPS + Cellular,Aluminium,325
CompAsia,Apple Watch,Watch Series,Watch Series 8,41 mm,32 GB,,GPS + Cellular,Stainless Steel,425
CompAsia,Apple Watch,Watch Series,Watch Series 8,45 mm,32 GB,,GPS,Aluminium,300
CompAsia,Apple Watch,Watch Series,Watch Series 8,45 mm,32 GB,,GPS + Cellular,Aluminium,350
CompAsia,Apple Watch,Watch Series,Watch Series 8,45 mm,32 GB,,GPS + Cellular,Stainless Steel,525
CompAsia,Apple Watch,Watch Series,Watch Series 9,41 mm,64 GB,,GPS,Aluminium,425
CompAsia,Apple Watch,Watch Series,Watch Series 9,41 mm,64 GB,,GPS + Cellular,Aluminium,550
CompAsia,Apple Watch,Watch Series,Watch Series 9,41 mm,64 GB,,GPS + Cellular,Stainless Steel,675
CompAsia,Apple Watch,Watch Series,Watch Series 9,45 mm,64 GB,,GPS,Aluminium,500
CompAsia,Apple Watch,Watch Series,Watch Series 9,45 mm,64 GB,,GPS + Cellular,Aluminium,575
CompAsia,Apple Watch,Watch Series,Watch Series 9,45 mm,64 GB,,GPS + Cellular,Stainless Steel,775
CompAsia,Apple Watch,Watch Ultra,Watch Ultra,49 mm,32 GB,,GPS + Cellular,Titanium,800
CompAsia,Apple Watch,Watch Ultra,Watch Ultra 2 (2024),49 mm,64 GB,,GPS + Cellular,Titanium,1170
CompAsia,Apple Watch,Watch Ultra,Watch Ultra 2 (2023),49 mm,64 GB,,GPS + Cellular,Titanium,1150
CompAsia,Apple Watch,Watch Ultra,Watch Ultra 2 Hermes,49 mm,64 GB,,GPS + Cellular,Titanium,1170
CompAsia,Apple Watch,Watch Ultra,Watch Ultra 3,49 mm,64 GB,,GPS + Cellular,Titanium,1900
CompAsia,Apple Watch,Watch Ultra,Watch Ultra 3 Hermes,49 mm,64 GB,,GPS + Cellular,Titanium,2550
iTworld,Apple Watch,Watch SE,Watch SE (2022),40 mm,32 GB,,GPS + Cellular,Aluminium,210
iTworld,Apple Watch,Watch SE,Watch SE (2022),44 mm,32 GB,,GPS + Cellular,Aluminium,250
iTworld,Apple Watch,Watch SE,Watch SE (2022),40 mm,32 GB,,GPS,Aluminium,180
iTworld,Apple Watch,Watch SE,Watch SE (2022),44 mm,32 GB,,GPS,Aluminium,210
iTworld,Apple Watch,Watch SE,Watch SE (2020),40 mm,32 GB,,GPS + Cellular,Aluminium,90
iTworld,Apple Watch,Watch SE,Watch SE (2020),44 mm,32 GB,,GPS + Cellular,Aluminium,110
iTworld,Apple Watch,Watch SE,Watch SE (2020),40 mm,32 GB,,GPS,Aluminium,70
iTworld,Apple Watch,Watch SE,Watch SE (2020),44 mm,32 GB,,GPS,Aluminium,90
iTworld,Apple Watch,Watch Series,Watch Series 10,42 mm,64 GB,,GPS + Cellular,Aluminium,640
iTworld,Apple Watch,Watch Series,Watch Series 10,46 mm,64 GB,,GPS + Cellular,Aluminium,750
iTworld,Apple Watch,Watch Series,Watch Series 10,42 mm,64 GB,,GPS,Aluminium,450
iTworld,Apple Watch,Watch Series,Watch Series 10,46 mm,64 GB,,GPS,Aluminium,550
iTworld,Apple Watch,Watch Series,Watch Series 10,42 mm,64 GB,,GPS + Cellular,Titanium,800
iTworld,Apple Watch,Watch Series,Watch Series 10,46 mm,64 GB,,GPS + Cellular,Titanium,900
iTworld,Apple Watch,Watch Series,Watch Series 4,40 mm,16 GB,,GPS + Cellular,Aluminium,50
iTworld,Apple Watch,Watch Series,Watch Series 4,44 mm,16 GB,,GPS + Cellular,Aluminium,60
iTworld,Apple Watch,Watch Series,Watch Series 4,40 mm,16 GB,,GPS,Aluminium,40
iTworld,Apple Watch,Watch Series,Watch Series 4,44 mm,16 GB,,GPS,Aluminium,50
iTworld,Apple Watch,Watch Series,Watch Series 5,40 mm,32 GB,,GPS + Cellular,Aluminium,80
iTworld,Apple Watch,Watch Series,Watch Series 5,44 mm,32 GB,,GPS + Cellular,Aluminium,90
iTworld,Apple Watch,Watch Series,Watch Series 5,40 mm,32 GB,,GPS,Aluminium,70
iTworld,Apple Watch,Watch Series,Watch Series 5,44 mm,32 GB,,GPS,Aluminium,80
iTworld,Apple Watch,Watch Series,Watch Series 6,40 mm,32 GB,,GPS + Cellular,Aluminium,200
iTworld,Apple Watch,Watch Series,Watch Series 6,44 mm,32 GB,,GPS + Cellular,Aluminium,240
iTworld,Apple Watch,Watch Series,Watch Series 6,40 mm,32 GB,,GPS,Aluminium,150
iTworld,Apple Watch,Watch Series,Watch Series 6,44 mm,32 GB,,GPS,Aluminium,170
iTworld,Apple Watch,Watch Series,Watch Series 7,41 mm,32 GB,,GPS + Cellular,Aluminium,280
iTworld,Apple Watch,Watch Series,Watch Series 7,45 mm,32 GB,,GPS + Cellular,Aluminium,330
iTworld,Apple Watch,Watch Series,Watch Series 7,41 mm,32 GB,,GPS,Titanium,210
iTworld,Apple Watch,Watch Series,Watch Series 7,45 mm,32 GB,,GPS,Titanium,250
iTworld,Apple Watch,Watch Series,Watch Series 8,41 mm,32 GB,,GPS + Cellular,Aluminium,350
iTworld,Apple Watch,Watch Series,Watch Series 8,45 mm,32 GB,,GPS + Cellular,Aluminium,380
iTworld,Apple Watch,Watch Series,Watch Series 8,41 mm,32 GB,,GPS,Aluminium,280
iTworld,Apple Watch,Watch Series,Watch Series 8,45 mm,32 GB,,GPS,Aluminium,330
iTworld,Apple Watch,Watch Series,Watch Series 9,41 mm,64 GB,,GPS + Cellular,Aluminium,500
iTworld,Apple Watch,Watch Series,Watch Series 9,45 mm,64 GB,,GPS + Cellular,Aluminium,570
iTworld,Apple Watch,Watch Series,Watch Series 9,41 mm,64 GB,,GPS,Aluminium,400
iTworld,Apple Watch,Watch Series,Watch Series 9,45 mm,64 GB,,GPS,Aluminium,450
iTworld,Apple Watch,Watch Series,Watch Series 9,41 mm,64 GB,,GPS + Cellular,Stainless Steel,690
iTworld,Apple Watch,Watch Series,Watch Series 9,45 mm,64 GB,,GPS + Cellular,Stainless Steel,790
iTworld,Apple Watch,Watch Ultra,Watch Ultra,49 mm,32 GB,,GPS + Cellular,Titanium,830
iTworld,Apple Watch,Watch Ultra,Watch Ultra 2 (2023),49 mm,64 GB,,GPS + Cellular,Titanium,1180
Machines,Apple Watch,Watch SE,Watch SE (2020),40 mm,32 GB,,GPS,Aluminium,70
Machines,Apple Watch,Watch SE,Watch SE (2020),44 mm,32 GB,,GPS,Aluminium,85
Machines,Apple Watch,Watch SE,Watch SE (2020),40 mm,32 GB,,GPS + Cellular,Aluminium,85
Machines,Apple Watch,Watch SE,Watch SE (2020),44 mm,32 GB,,GPS + Cellular,Aluminium,110
Machines,Apple Watch,Watch SE,Watch SE (2022),40 mm,32 GB,,GPS,Aluminium,150
Machines,Apple Watch,Watch SE,Watch SE (2022),44 mm,32 GB,,GPS,Aluminium,175
Machines,Apple Watch,Watch SE,Watch SE (2022),40 mm,32 GB,,GPS + Cellular,Aluminium,175
Machines,Apple Watch,Watch SE,Watch SE (2022),44 mm,32 GB,,GPS + Cellular,Aluminium,225
Machines,Apple Watch,Watch SE,Watch SE 3,40 mm,64 GB,,GPS,Aluminium,575
Machines,Apple Watch,Watch SE,Watch SE 3,44 mm,64 GB,,GPS,Aluminium,675
Machines,Apple Watch,Watch SE,Watch SE 3,40 mm,64 GB,,GPS + Cellular,Aluminium,700
Machines,Apple Watch,Watch SE,Watch SE 3,44 mm,64 GB,,GPS + Cellular,Aluminium,775
Machines,Apple Watch,Watch Series,Watch Series 5,40 mm,32 GB,,GPS,Aluminium,50
Machines,Apple Watch,Watch Series,Watch Series 5,44 mm,32 GB,,GPS,Aluminium,75
Machines,Apple Watch,Watch Series,Watch Series 5,40 mm,32 GB,,GPS + Cellular,Aluminium,50
Machines,Apple Watch,Watch Series,Watch Series 5,44 mm,32 GB,,GPS + Cellular,Aluminium,75
Machines,Apple Watch,Watch Series,Watch Series 5,40 mm,32 GB,,GPS + Cellular,Stainless Steel,50
Machines,Apple Watch,Watch Series,Watch Series 5,44 mm,32 GB,,GPS + Cellular,Stainless Steel,75
Machines,Apple Watch,Watch Series,Watch Series 6,40 mm,32 GB,,GPS,Aluminium,125
Machines,Apple Watch,Watch Series,Watch Series 6,44 mm,32 GB,,GPS,Aluminium,150
Machines,Apple Watch,Watch Series,Watch Series 6,40 mm,32 GB,,GPS + Cellular,Aluminium,175
Machines,Apple Watch,Watch Series,Watch Series 6,44 mm,32 GB,,GPS + Cellular,Aluminium,225
Machines,Apple Watch,Watch Series,Watch Series 6,40 mm,32 GB,,GPS + Cellular,Stainless Steel,175
Machines,Apple Watch,Watch Series,Watch Series 6,44 mm,32 GB,,GPS + Cellular,Stainless Steel,225
Machines,Apple Watch,Watch Series,Watch Series 7,41 mm,32 GB,,GPS,Aluminium,175
Machines,Apple Watch,Watch Series,Watch Series 7,45 mm,32 GB,,GPS,Aluminium,250
Machines,Apple Watch,Watch Series,Watch Series 7,41 mm,32 GB,,GPS + Cellular,Aluminium,250
Machines,Apple Watch,Watch Series,Watch Series 7,45 mm,32 GB,,GPS + Cellular,Aluminium,300
Machines,Apple Watch,Watch Series,Watch Series 7,41 mm,32 GB,,GPS + Cellular,Stainless Steel,250
Machines,Apple Watch,Watch Series,Watch Series 7,45 mm,32 GB,,GPS + Cellular,Stainless Steel,300
Machines,Apple Watch,Watch Series,Watch Series 7,41 mm,32 GB,,GPS,Titanium,215
Machines,Apple Watch,Watch Series,Watch Series 7,45 mm,32 GB,,GPS,Titanium,285
Machines,Apple Watch,Watch Series,Watch Series 7,41 mm,32 GB,,GPS + Cellular,Titanium,285
Machines,Apple Watch,Watch Series,Watch Series 7,45 mm,32 GB,,GPS + Cellular,Titanium,335
Machines,Apple Watch,Watch Series,Watch Series 8,41 mm,32 GB,,GPS,Aluminium,250
Machines,Apple Watch,Watch Series,Watch Series 8,45 mm,32 GB,,GPS,Aluminium,300
Machines,Apple Watch,Watch Series,Watch Series 8,41 mm,32 GB,,GPS + Cellular,Aluminium,325
Machines,Apple Watch,Watch Series,Watch Series 8,45 mm,32 GB,,GPS + Cellular,Aluminium,350
Machines,Apple Watch,Watch Series,Watch Series 8,41 mm,32 GB,,GPS + Cellular,Stainless Steel,425
Machines,Apple Watch,Watch Series,Watch Series 8,45 mm,32 GB,,GPS + Cellular,Stainless Steel,525
Machines,Apple Watch,Watch Series,Watch Series 9,41 mm,64 GB,,GPS,Aluminium,425
Machines,Apple Watch,Watch Series,Watch Series 9,45 mm,64 GB,,GPS,Aluminium,500
Machines,Apple Watch,Watch Series,Watch Series 9,41 mm,64 GB,,GPS + Cellular,Aluminium,550
Machines,Apple Watch,Watch Series,Watch Series 9,45 mm,64 GB,,GPS + Cellular,Aluminium,575
Machines,Apple Watch,Watch Series,Watch Series 9,41 mm,64 GB,,GPS + Cellular,Stainless Steel,675
Machines,Apple Watch,Watch Series,Watch Series 9,45 mm,64 GB,,GPS + Cellular,Stainless Steel,775
Machines,Apple Watch,Watch Series,Watch Series 10,42 mm,64 GB,,GPS,Aluminium,550
Machines,Apple Watch,Watch Series,Watch Series 10,46 mm,64 GB,,GPS,Aluminium,575
Machines,Apple Watch,Watch Series,Watch Series 10,42 mm,64 GB,,GPS + Cellular,Aluminium,625
Machines,Apple Watch,Watch Series,Watch Series 10,46 mm,64 GB,,GPS + Cellular,Aluminium,750
Machines,Apple Watch,Watch Series,Watch Series 10,42 mm,64 GB,,GPS + Cellular,Titanium,1000
Machines,Apple Watch,Watch Series,Watch Series 10,46 mm,64 GB,,GPS + Cellular,Titanium,1050
Machines,Apple Watch,Watch Series,Watch Series 10 Hermes,42 mm,64 GB,,GPS + Cellular,Titanium,1000
Machines,Apple Watch,Watch Series,Watch Series 10 Hermes,46 mm,64 GB,,GPS + Cellular,Titanium,1095
Machines,Apple Watch,Watch Series,Watch Series 11,42 mm,64 GB,,GPS,Aluminium,950
Machines,Apple Watch,Watch Series,Watch Series 11,46 mm,64 GB,,GPS,Aluminium,1050
Machines,Apple Watch,Watch Series,Watch Series 11,42 mm,64 GB,,GPS + Cellular,Aluminium,1225
Machines,Apple Watch,Watch Series,Watch Series 11,46 mm,64 GB,,GPS + Cellular,Aluminium,1325
Machines,Apple Watch,Watch Series,Watch Series 11,42 mm,64 GB,,GPS + Cellular,Titanium,1700
Machines,Apple Watch,Watch Series,Watch Series 11,46 mm,64 GB,,GPS + Cellular,Titanium,1825
Machines,Apple Watch,Watch Series,Watch Series 11 Hermes,42 mm,64 GB,,GPS + Cellular,Titanium,2050
Machines,Apple Watch,Watch Series,Watch Series 11 Hermes,46 mm,64 GB,,GPS + Cellular,Titanium,2150
Machines,Apple Watch,Watch Ultra,Watch Ultra,49 mm,32 GB,,GPS + Cellular,Titanium,800
Machines,Apple Watch,Watch Ultra,Watch Ultra 2 (2023),49 mm,64 GB,,GPS + Cellular,Titanium,1150
Machines,Apple Watch,Watch Ultra,Watch Ultra 2 (2024),49 mm,64 GB,,GPS + Cellular,Titanium,1170
Machines,Apple Watch,Watch Ultra,Watch Ultra 2 Hermes,49 mm,64 GB,,GPS + Cellular,Titanium,1170
Machines,Apple Watch,Watch Ultra,Watch Ultra 3,49 mm,64 GB,,GPS + Cellular,Titanium,1900
Machines,Apple Watch,Watch Ultra,Watch Ultra 3 Hermes,49 mm,64 GB,,GPS + Cellular,Titanium,2550
Switch,Apple Watch,Watch SE,Watch SE (2022),40 mm,32 GB,,GPS + Cellular,Aluminium,210
Switch,Apple Watch,Watch SE,Watch SE (2022),44 mm,32 GB,,GPS + Cellular,Aluminium,250
Switch,Apple Watch,Watch SE,Watch SE (2022),40 mm,32 GB,,GPS,Aluminium,180
Switch,Apple Watch,Watch SE,Watch SE (2022),44 mm,32 GB,,GPS,Aluminium,210
Switch,Apple Watch,Watch SE,Watch SE (2020),40 mm,32 GB,,GPS + Cellular,Aluminium,90
Switch,Apple Watch,Watch SE,Watch SE (2020),44 mm,32 GB,,GPS + Cellular,Aluminium,110
Switch,Apple Watch,Watch SE,Watch SE (2020),40 mm,32 GB,,GPS,Aluminium,70
Switch,Apple Watch,Watch SE,Watch SE (2020),44 mm,32 GB,,GPS,Aluminium,90
Switch,Apple Watch,Watch Series,Watch Series 10,42 mm,64 GB,,GPS + Cellular,Aluminium,640
Switch,Apple Watch,Watch Series,Watch Series 10,46 mm,64 GB,,GPS + Cellular,Aluminium,750
Switch,Apple Watch,Watch Series,Watch Series 10,42 mm,64 GB,,GPS,Aluminium,450
Switch,Apple Watch,Watch Series,Watch Series 10,46 mm,64 GB,,GPS,Aluminium,550
Switch,Apple Watch,Watch Series,Watch Series 10,42 mm,64 GB,,GPS + Cellular,Titanium,800
Switch,Apple Watch,Watch Series,Watch Series 10,46 mm,64 GB,,GPS + Cellular,Titanium,900
Switch,Apple Watch,Watch Series,Watch Series 4,40 mm,16 GB,,GPS + Cellular,Aluminium,50
Switch,Apple Watch,Watch Series,Watch Series 4,44 mm,16 GB,,GPS + Cellular,Aluminium,60
Switch,Apple Watch,Watch Series,Watch Series 4,40 mm,16 GB,,GPS,Aluminium,40
Switch,Apple Watch,Watch Series,Watch Series 4,44 mm,16 GB,,GPS,Aluminium,50
Switch,Apple Watch,Watch Series,Watch Series 5,40 mm,32 GB,,GPS + Cellular,Aluminium,80
Switch,Apple Watch,Watch Series,Watch Series 5,44 mm,32 GB,,GPS + Cellular,Aluminium,90
Switch,Apple Watch,Watch Series,Watch Series 5,40 mm,32 GB,,GPS,Aluminium,70
Switch,Apple Watch,Watch Series,Watch Series 5,44 mm,32 GB,,GPS,Aluminium,80
Switch,Apple Watch,Watch Series,Watch Series 6,40 mm,32 GB,,GPS + Cellular,Aluminium,200
Switch,Apple Watch,Watch Series,Watch Series 6,44 mm,32 GB,,GPS + Cellular,Aluminium,240
Switch,Apple Watch,Watch Series,Watch Series 6,40 mm,32 GB,,GPS,Aluminium,150
Switch,Apple Watch,Watch Series,Watch Series 6,44 mm,32 GB,,GPS,Aluminium,170
Switch,Apple Watch,Watch Series,Watch Series 7,41 mm,32 GB,,GPS + Cellular,Aluminium,280
Switch,Apple Watch,Watch Series,Watch Series 7,45 mm,32 GB,,GPS + Cellular,Aluminium,330
Switch,Apple Watch,Watch Series,Watch Series 7,41 mm,32 GB,,GPS,Titanium,210
Switch,Apple Watch,Watch Series,Watch Series 7,45 mm,32 GB,,GPS,Titanium,250
Switch,Apple Watch,Watch Series,Watch Series 8,41 mm,32 GB,,GPS + Cellular,Aluminium,350
Switch,Apple Watch,Watch Series,Watch Series 8,45 mm,32 GB,,GPS + Cellular,Aluminium,380
Switch,Apple Watch,Watch Series,Watch Series 8,41 mm,32 GB,,GPS,Aluminium,280
Switch,Apple Watch,Watch Series,Watch Series 8,45 mm,32 GB,,GPS,Aluminium,330
Switch,Apple Watch,Watch Series,Watch Series 9,41 mm,64 GB,,GPS + Cellular,Aluminium,500
Switch,Apple Watch,Watch Series,Watch Series 9,45 mm,64 GB,,GPS + Cellular,Aluminium,570
Switch,Apple Watch,Watch Series,Watch Series 9,41 mm,64 GB,,GPS,Aluminium,400
Switch,Apple Watch,Watch Series,Watch Series 9,45 mm,64 GB,,GPS,Aluminium,450
Switch,Apple Watch,Watch Series,Watch Series 9,41 mm,64 GB,,GPS + Cellular,Stainless Steel,690
Switch,Apple Watch,Watch Series,Watch Series 9,45 mm,64 GB,,GPS + Cellular,Stainless Steel,790
Switch,Apple Watch,Watch Ultra,Watch Ultra,49 mm,32 GB,,GPS + Cellular,Titanium,830
Switch,Apple Watch,Watch Ultra,Watch Ultra 2 (2023),49 mm,64 GB,,GPS + Cellular,Titanium,1180
UR,Apple Watch,Watch SE,Watch SE (2022),40 mm,32 GB,,GPS + Cellular,Aluminium,210
UR,Apple Watch,Watch SE,Watch SE (2022),44 mm,32 GB,,GPS + Cellular,Aluminium,250
UR,Apple Watch,Watch SE,Watch SE (2022),40 mm,32 GB,,GPS,Aluminium,180
UR,Apple Watch,Watch SE,Watch SE (2022),44 mm,32 GB,,GPS,Aluminium,210
UR,Apple Watch,Watch SE,Watch SE (2020),40 mm,32 GB,,GPS + Cellular,Aluminium,90
UR,Apple Watch,Watch SE,Watch SE (2020),44 mm,32 GB,,GPS + Cellular,Aluminium,110
UR,Apple Watch,Watch SE,Watch SE (2020),40 mm,32 GB,,GPS,Aluminium,70
UR,Apple Watch,Watch SE,Watch SE (2020),44 mm,32 GB,,GPS,Aluminium,90
UR,Apple Watch,Watch Series,Watch Series 10,42 mm,64 GB,,GPS + Cellular,Aluminium,640
UR,Apple Watch,Watch Series,Watch Series 10,46 mm,64 GB,,GPS + Cellular,Aluminium,750
UR,Apple Watch,Watch Series,Watch Series 10,42 mm,64 GB,,GPS,Aluminium,450
UR,Apple Watch,Watch Series,Watch Series 10,46 mm,64 GB,,GPS,Aluminium,550
UR,Apple Watch,Watch Series,Watch Series 10,42 mm,64 GB,,GPS + Cellular,Titanium,800
UR,Apple Watch,Watch Series,Watch Series 10,46 mm,64 GB,,GPS + Cellular,Titanium,900
UR,Apple Watch,Watch Series,Watch Series 4,40 mm,16 GB,,GPS + Cellular,Aluminium,50
UR,Apple Watch,Watch Series,Watch Series 4,44 mm,16 GB,,GPS + Cellular,Aluminium,60
UR,Apple Watch,Watch Series,Watch Series 4,40 mm,16 GB,,GPS,Aluminium,40
UR,Apple Watch,Watch Series,Watch Series 4,44 mm,16 GB,,GPS,Aluminium,50
UR,Apple Watch,Watch Series,Watch Series 5,40 mm,32 GB,,GPS + Cellular,Aluminium,80
UR,Apple Watch,Watch Series,Watch Series 5,44 mm,32 GB,,GPS + Cellular,Aluminium,90
UR,Apple Watch,Watch Series,Watch Series 5,40 mm,32 GB,,GPS,Aluminium,70
UR,Apple Watch,Watch Series,Watch Series 5,44 mm,32 GB,,GPS,Aluminium,80
UR,Apple Watch,Watch Series,Watch Series 6,40 mm,32 GB,,GPS + Cellular,Aluminium,200
UR,Apple Watch,Watch Series,Watch Series 6,44 mm,32 GB,,GPS + Cellular,Aluminium,240
UR,Apple Watch,Watch Series,Watch Series 6,40 mm,32 GB,,GPS,Aluminium,150
UR,Apple Watch,Watch Series,Watch Series 6,44 mm,32 GB,,GPS,Aluminium,170
UR,Apple Watch,Watch Series,Watch Series 7,41 mm,32 GB,,GPS + Cellular,Aluminium,280
UR,Apple Watch,Watch Series,Watch Series 7,45 mm,32 GB,,GPS + Cellular,Aluminium,330
UR,Apple Watch,Watch Series,Watch Series 7,41 mm,32 GB,,GPS,Titanium,210
UR,Apple Watch,Watch Series,Watch Series 7,45 mm,32 GB,,GPS,Titanium,250
UR,Apple Watch,Watch Series,Watch Series 8,41 mm,32 GB,,GPS + Cellular,Aluminium,350
UR,Apple Watch,Watch Series,Watch Series 8,45 mm,32 GB,,GPS + Cellular,Aluminium,380
UR,Apple Watch,Watch Series,Watch Series 8,41 mm,32 GB,,GPS,Aluminium,280
UR,Apple Watch,Watch Series,Watch Series 8,45 mm,32 GB,,GPS,Aluminium,330
UR,Apple Watch,Watch Series,Watch Series 9,41 mm,64 GB,,GPS + Cellular,Aluminium,500
UR,Apple Watch,Watch Series,Watch Series 9,45 mm,64 GB,,GPS + Cellular,Aluminium,570
UR,Apple Watch,Watch Series,Watch Series 9,41 mm,64 GB,,GPS,Aluminium,400
UR,Apple Watch,Watch Series,Watch Series 9,45 mm,64 GB,,GPS,Aluminium,450
UR,Apple Watch,Watch Series,Watch Series 9,41 mm,64 GB,,GPS + Cellular,Stainless Steel,690
UR,Apple Watch,Watch Series,Watch Series 9,45 mm,64 GB,,GPS + Cellular,Stainless Steel,790
UR,Apple Watch,Watch Ultra,Watch Ultra,49 mm,32 GB,,GPS + Cellular,Titanium,830
UR,Apple Watch,Watch Ultra,Watch Ultra 2 (2023),49 mm,64 GB,,GPS + Cellular,Titanium,1180
iTworld,Apple Watch,Watch Series,Watch Series 5,40 mm,32 GB,,GPS + Cellular,Stainless Steel,80
iTworld,Apple Watch,Watch Series,Watch Series 5,44 mm,32 GB,,GPS + Cellular,Stainless Steel,90
iTworld,Apple Watch,Watch Series,Watch Series 6,40 mm,32 GB,,GPS + Cellular,Stainless Steel,200
iTworld,Apple Watch,Watch Series,Watch Series 6,44 mm,32 GB,,GPS + Cellular,Stainless Steel,240
iTworld,Apple Watch,Watch Series,Watch Series 7,41 mm,32 GB,,GPS + Cellular,Stainless Steel,280
iTworld,Apple Watch,Watch Series,Watch Series 7,41 mm,32 GB,,GPS + Cellular,Titanium,280
iTworld,Apple Watch,Watch Series,Watch Series 7,45 mm,32 GB,,GPS + Cellular,Stainless Steel,330
iTworld,Apple Watch,Watch Series,Watch Series 7,45 mm,32 GB,,GPS + Cellular,Titanium,330
iTworld,Apple Watch,Watch Series,Watch Series 7,41 mm,32 GB,,GPS,Aluminium,210
iTworld,Apple Watch,Watch Series,Watch Series 7,45 mm,32 GB,,GPS,Aluminium,250
iTworld,Apple Watch,Watch Series,Watch Series 8,41 mm,32 GB,,GPS + Cellular,Stainless Steel,350
iTworld,Apple Watch,Watch Series,Watch Series 8,45 mm,32 GB,,GPS + Cellular,Stainless Steel,380
Switch,Apple Watch,Watch Series,Watch Series 5,40 mm,32 GB,,GPS + Cellular,Stainless Steel,80
Switch,Apple Watch,Watch Series,Watch Series 5,44 mm,32 GB,,GPS + Cellular,Stainless Steel,90
Switch,Apple Watch,Watch Series,Watch Series 6,40 mm,32 GB,,GPS + Cellular,Stainless Steel,200
Switch,Apple Watch,Watch Series,Watch Series 6,44 mm,32 GB,,GPS + Cellular,Stainless Steel,240
Switch,Apple Watch,Watch Series,Watch Series 7,41 mm,32 GB,,GPS + Cellular,Stainless Steel,280
Switch,Apple Watch,Watch Series,Watch Series 7,41 mm,32 GB,,GPS + Cellular,Titanium,280
Switch,Apple Watch,Watch Series,Watch Series 7,45 mm,32 GB,,GPS + Cellular,Stainless Steel,330
Switch,Apple Watch,Watch Series,Watch Series 7,45 mm,32 GB,,GPS + Cellular,Titanium,330
Switch,Apple Watch,Watch Series,Watch Series 7,41 mm,32 GB,,GPS,Aluminium,210
Switch,Apple Watch,Watch Series,Watch Series 7,45 mm,32 GB,,GPS,Aluminium,250
Switch,Apple Watch,Watch Series,Watch Series 8,41 mm,32 GB,,GPS + Cellular,Stainless Steel,350
Switch,Apple Watch,Watch Series,Watch Series 8,45 mm,32 GB,,GPS + Cellular,Stainless Steel,380
UR,Apple Watch,Watch Series,Watch Series 5,40 mm,32 GB,,GPS + Cellular,Stainless Steel,80
UR,Apple Watch,Watch Series,Watch Series 5,44 mm,32 GB,,GPS + Cellular,Stainless Steel,90
UR,Apple Watch,Watch Series,Watch Series 6,40 mm,32 GB,,GPS + Cellular,Stainless Steel,200
UR,Apple Watch,Watch Series,Watch Series 6,44 mm,32 GB,,GPS + Cellular,Stainless Steel,240
UR,Apple Watch,Watch Series,Watch Series 7,41 mm,32 GB,,GPS + Cellular,Stainless Steel,280
UR,Apple Watch,Watch Series,Watch Series 7,41 mm,32 GB,,GPS + Cellular,Titanium,280
UR,Apple Watch,Watch Series,Watch Series 7,45 mm,32 GB,,GPS + Cellular,Stainless Steel,330
UR,Apple Watch,Watch Series,Watch Series 7,45 mm,32 GB,,GPS + Cellular,Titanium,330
UR,Apple Watch,Watch Series,Watch Series 7,41 mm,32 GB,,GPS,Aluminium,210
UR,Apple Watch,Watch Series,Watch Series 7,45 mm,32 GB,,GPS,Aluminium,250
UR,Apple Watch,Watch Series,Watch Series 8,41 mm,32 GB,,GPS + Cellular,Stainless Steel,350
UR,Apple Watch,Watch Series,Watch Series 8,45 mm,32 GB,,GPS + Cellular,Stainless Steel,380
iTworld,AirPods,AirPods,AirPods (2019),Wired Charging,,,,,30
iTworld,AirPods,AirPods,AirPods (2019),Wireless Charging,,,,,40
iTworld,AirPods,AirPods,AirPods (2021),Lightning Charging,,,,,60
iTworld,AirPods,AirPods,AirPods (2021),MagSafe Charging,,,,,80
iTworld,AirPods,AirPods,AirPods (2024),ANC + USB-C,,,,,130
iTworld,AirPods,AirPods,AirPods (2024),USB-C,,,,,110
iTworld,AirPods,AirPods Max,AirPods Max,Lightning Charging,,,,,250
iTworld,AirPods,AirPods Max,AirPods Max,USB-C,,,,,320
iTworld,AirPods,AirPods Pro,AirPods Pro (2019),MagSafe Charging,,,,,60
iTworld,AirPods,AirPods Pro,AirPods Pro (2022),MagSafe Charging Case (Lightning),,,,,110
iTworld,AirPods,AirPods Pro,AirPods Pro (2022),USB-C,,,,,150
Machines,AirPods,AirPods,AirPods (2019),Wired Charging,,,,,20
Machines,AirPods,AirPods,AirPods (2019),Wireless Charging,,,,,35
Machines,AirPods,AirPods,AirPods (2021),Lightning Charging,,,,,50
Machines,AirPods,AirPods,AirPods (2021),MagSafe Charging,,,,,65
Machines,AirPods,AirPods,AirPods (2024),USB-C,,,,,90
Machines,AirPods,AirPods,AirPods (2024),ANC + USB-C,,,,,110
Machines,AirPods,AirPods Pro,AirPods Pro (2019),Wireless Charging,,,,,50
Machines,AirPods,AirPods Pro,AirPods Pro (2019),MagSafe Charging,,,,,65
Machines,AirPods,AirPods Pro,AirPods Pro (2022),MagSafe Charging Case (Lightning),,,,,95
Machines,AirPods,AirPods Pro,AirPods Pro (2022),USB-C,,,,,125
Machines,AirPods,AirPods Pro,AirPods Pro (2025),MagSafe Charging Case (USB-C),,,,,475
Machines,AirPods,AirPods Max,AirPods Max,Lightning Charging,,,,,275
Switch,AirPods,AirPods,AirPods (2019),Wired Charging,,,,,30
Switch,AirPods,AirPods,AirPods (2019),Wireless Charging,,,,,40
Switch,AirPods,AirPods,AirPods (2021),Lightning Charging,,,,,60
Switch,AirPods,AirPods,AirPods (2021),MagSafe Charging,,,,,80
Switch,AirPods,AirPods,AirPods (2024),ANC + USB-C,,,,,130
Switch,AirPods,AirPods,AirPods (2024),USB-C,,,,,110
Switch,AirPods,AirPods Max,AirPods Max,Lightning Charging,,,,,250
Switch,AirPods,AirPods Max,AirPods Max,USB-C,,,,,320
Switch,AirPods,AirPods Pro,AirPods Pro (2019),MagSafe Charging,,,,,60
Switch,AirPods,AirPods Pro,AirPods Pro (2022),MagSafe Charging Case (Lightning),,,,,110
Switch,AirPods,AirPods Pro,AirPods Pro (2022),USB-C,,,,,150
UR,AirPods,AirPods,AirPods (2019),Wired Charging,,,,,30
UR,AirPods,AirPods,AirPods (2019),Wireless Charging,,,,,40
UR,AirPods,AirPods,AirPods (2021),Lightning Charging,,,,,60
UR,AirPods,AirPods,AirPods (2021),MagSafe Charging,,,,,80
UR,AirPods,AirPods,AirPods (2024),ANC + USB-C,,,,,130
UR,AirPods,AirPods,AirPods (2024),USB-C,,,,,110
UR,AirPods,AirPods Max,AirPods Max,Lightning Charging,,,,,250
UR,AirPods,AirPods Max,AirPods Max,USB-C,,,,,320
UR,AirPods,AirPods Pro,AirPods Pro (2019),MagSafe Charging,,,,,60
UR,AirPods,AirPods Pro,AirPods Pro (2022),MagSafe Charging Case (Lightning),,,,,110
UR,AirPods,AirPods Pro,AirPods Pro (2022),USB-C,,,,,150
