Provider,Device,Sub-device,Standardized Model,Specification,Storage (GB),Storage Type,Connectivity,Material,Max. Trade-In Value (RM),Model_Year,Chipset,Screen Size,Case Size,Charging Method,RAM Configurations (GB),RAM Min (GB),Mac Storage Category,Mac Generation
CompAsia,iPhone,Standard,iPhone 11,,128 GB,,,,390,2019,A13 Bionic,,,,,,,
CompAsia,iPhone,Standard,iPhone 11,,256 GB,,,,450,2019,A13 Bionic,,,,,,,
CompAsia,iPhone,Standard,iPhone 11,,64 GB,,,,340,2019,A13 Bionic,,,,,,,
CompAsia,iPhone,Pro,iPhone 11 Pro,,256 GB,,,,490,2019,A13 Bionic,,,,,,,
CompAsia,iPhone,Pro,iPhone 11 Pro,,512 GB,,,,575,2019,A13 Bionic,,,,,,,
CompAsia,iPhone,Pro,iPhone 11 Pro,,64 GB,,,,415,2019,A13 Bionic,,,,,,,
CompAsia,iPhone,Pro Max,iPhone 11 Pro Max,,256 GB,,,,550,2019,A13 Bionic,,,,,,,
CompAsia,iPhone,Pro Max,iPhone 11 Pro Max,,512 GB,,,,625,2019,A13 Bionic,,,,,,,
CompAsia,iPhone,Pro Max,iPhone 11 Pro Max,,64 GB,,,,475,2019,A13 Bionic,,,,,,,
CompAsia,iPhone,Standard,iPhone 12,,128 GB,,,,500,2020,A14 Bionic,,,,,,,
CompAsia,iPhone,Standard,iPhone 12,,256 GB,,,,575,2020,A14 Bionic,,,,,,,
CompAsia,iPhone,Standard,iPhone 12,,64 GB,,,,450,2020,A14 Bionic,,,,,,,
CompAsia,iPhone,Mini,iPhone 12 Mini,,128 GB,,,,375,2020,A14 Bionic,,,,,,,
CompAsia,iPhone,Mini,iPhone 12 Mini,,256 GB,,,,400,2020,A14 Bionic,,,,,,,
CompAsia,iPhone,Mini,iPhone 12 Mini,,64 GB,,,,300,2020,A14 Bionic,,,,,,,
CompAsia,iPhone,Pro,iPhone 12 Pro,,128 GB,,,,625,2020,A14 Bionic,,,,,,,
CompAsia,iPhone,Pro,iPhone 12 Pro,,256 GB,,,,700,2020,A14 Bionic,,,,,,,
CompAsia,iPhone,Pro,iPhone 12 Pro,,512 GB,,,,750,2020,A14 Bionic,,,,,,,
CompAsia,iPhone,Pro Max,iPhone 12 Pro Max,,128 GB,,,,800,2020,A14 Bionic,,,,,,,
CompAsia,iPhone,Pro Max,iPhone 12 Pro Max,,256 GB,,,,900,2020,A14 Bionic,,,,,,,
CompAsia,iPhone,Pro Max,iPhone 12 Pro Max,,512 GB,,,,975,2020,A14 Bionic,,,,,,,
CompAsia,iPhone,Standard,iPhone 13,,128 GB,,,,740,2021,A15 Bionic,,,,,,,
CompAsia,iPhone,Standard,iPhone 13,,256 GB,,,,840,2021,A15 Bionic,,,,,,,
CompAsia,iPhone,Standard,iPhone 13,,512 GB,,,,900,2021,A15 Bionic,,,,,,,
CompAsia,iPhone,Mini,iPhone 13 Mini,,128 GB,,,,550,2021,A15 Bionic,,,,,,,
CompAsia,iPhone,Mini,iPhone 13 Mini,,256 GB,,,,600,2021,A15 Bionic,,,,,,,
CompAsia,iPhone,Mini,iPhone 13 Mini,,512 GB,,,,675,2021,A15 Bionic,,,,,,,
CompAsia,iPhone,Pro,iPhone 13 Pro,,128 GB,,,,975,2021,A15 Bionic,,,,,,,
CompAsia,iPhone,Pro,iPhone 13 Pro,,1 TB,,,,1250,2021,A15 Bionic,,,,,,,
CompAsia,iPhone,Pro,iPhone 13 Pro,,256 GB,,,,1050,2021,A15 Bionic,,,,,,,
CompAsia,iPhone,Pro,iPhone 13 Pro,,512 GB,,,,1140,2021,A15 Bionic,,,,,,,
CompAsia,iPhone,Pro Max,iPhone 13 Pro Max,,128 GB,,,,1100,2021,A15 Bionic,,,,,,,
CompAsia,iPhone,Pro Max,iPhone 13 Pro Max,,1 TB,,,,1450,2021,A15 Bionic,,,,,,,
CompAsia,iPhone,Pro Max,iPhone 13 Pro Max,,256 GB,,,,1275,2021,A15 Bionic,,,,,,,
CompAsia,iPhone,Pro Max,iPhone 13 Pro Max,,512 GB,,,,1325,2021,A15 Bionic,,,,,,,
CompAsia,iPhone,Standard,iPhone 14,,128 GB,,,,925,2022,A15 Bionic,,,,,,,
CompAsia,iPhone,Standard,iPhone 14,,256 GB,,,,1000,2022,A15 Bionic,,,,,,,
CompAsia,iPhone,Standard,iPhone 14,,512 GB,,,,1100,2022,A15 Bionic,,,,,,,
CompAsia,iPhone,Standard,iPhone 14 (eSIM),,128 GB,,,,850,2022,A15 Bionic,,,,,,,
CompAsia,iPhone,Standard,iPhone 14 (eSIM),,256 GB,,,,935,2022,A15 Bionic,,,,,,,
CompAsia,iPhone,Standard,iPhone 14 (eSIM),,512 GB,,,,1020,2022,A15 Bionic,,,,,,,
CompAsia,iPhone,Plus,iPhone 14 Plus,,128 GB,,,,1000,2022,A15 Bionic,,,,,,,
CompAsia,iPhone,Plus,iPhone 14 Plus,,256 GB,,,,1100,2022,A15 Bionic,,,,,,,
CompAsia,iPhone,Plus,iPhone 14 Plus,,512 GB,,,,1225,2022,A15 Bionic,,,,,,,
CompAsia,iPhone,Plus,iPhone 14 Plus (eSIM),,128 GB,,,,895,2022,A15 Bionic,,,,,,,
CompAsia,iPhone,Plus,iPhone 14 Plus (eSIM),,256 GB,,,,985,2022,A15 Bionic,,,,,,,
CompAsia,iPhone,Plus,iPhone 14 Plus (eSIM),,512 GB,,,,1080,2022,A15 Bionic,,,,,,,
CompAsia,iPhone,Pro,iPhone 14 Pro,,128 GB,,,,1325,2022,A16 Bionic,,,,,,,
CompAsia,iPhone,Pro,iPhone 14 Pro,,1 TB,,,,1675,2022,A16 Bionic,,,,,,,
CompAsia,iPhone,Pro,iPhone 14 Pro,,512 GB,,,,1600,2022,A16 Bionic,,,,,,,
CompAsia,iPhone,Pro,iPhone 14 Pro (eSIM),,128 GB,,,,1140,2022,A16 Bionic,,,,,,,
CompAsia,iPhone,Pro,iPhone 14 Pro (eSIM),,1 TB,,,,1465,2022,A16 Bionic,,,,,,,
CompAsia,iPhone,Pro,iPhone 14 Pro (eSIM),,256 GB,,,,1310,2022,A16 Bionic,,,,,,,
CompAsia,iPhone,Pro,iPhone 14 Pro (eSIM),,512 GB,,,,1375,2022,A16 Bionic,,,,,,,
CompAsia,iPhone,Pro Max,iPhone 14 Pro Max,,128 GB,,,,1575,2022,A16 Bionic,,,,,,,
CompAsia,iPhone,Pro Max,iPhone 14 Pro Max,,1 TB,,,,1975,2022,A16 Bionic,,,,,,,
CompAsia,iPhone,Pro Max,iPhone 14 Pro Max,,256 GB,,,,1700,2022,A16 Bionic,,,,,,,
CompAsia,iPhone,Pro Max,iPhone 14 Pro Max,,512 GB,,,,1835,2022,A16 Bionic,,,,,,,
CompAsia,iPhone,Pro Max,iPhone 14 Pro Max (eSIM),,128 GB,,,,1350,2022,A16 Bionic,,,,,,,
CompAsia,iPhone,Pro Max,iPhone 14 Pro Max (eSIM),,1 TB,,,,1700,2022,A16 Bionic,,,,,,,
CompAsia,iPhone,Pro Max,iPhone 14 Pro Max (eSIM),,256 GB,,,,1445,2022,A16 Bionic,,,,,,,
CompAsia,iPhone,Pro Max,iPhone 14 Pro Max (eSIM),,512 GB,,,,1560,2022,A16 Bionic,,,,,,,
CompAsia,iPhone,Standard,iPhone 15,,128 GB,,,,1460,2023,A16 Bionic,,,,,,,
CompAsia,iPhone,Standard,iPhone 15,,256 GB,,,,1625,2023,A16 Bionic,,,,,,,
CompAsia,iPhone,Standard,iPhone 15,,512 GB,,,,1775,2023,A16 Bionic,,,,,,,
CompAsia,iPhone,Standard,iPhone 15 (eSIM),,128 GB,,,,1210,2023,A16 Bionic,,,,,,,
CompAsia,iPhone,Standard,iPhone 15 (eSIM),,256 GB,,,,1320,2023,A16 Bionic,,,,,,,
CompAsia,iPhone,Standard,iPhone 15 (eSIM),,512 GB,,,,1445,2023,A16 Bionic,,,,,,,
CompAsia,iPhone,Plus,iPhone 15 Plus,,128 GB,,,,1550,2023,A16 Bionic,,,,,,,
CompAsia,iPhone,Plus,iPhone 15 Plus,,256 GB,,,,1775,2023,A16 Bionic,,,,,,,
CompAsia,iPhone,Plus,iPhone 15 Plus (eSIM),,128 GB,,,,1295,2023,A16 Bionic,,,,,,,
CompAsia,iPhone,Plus,iPhone 15 Plus (eSIM),,256 GB,,,,1440,2023,A16 Bionic,,,,,,,
CompAsia,iPhone,Plus,iPhone 15 Plus (eSIM),,512 GB,,,,1640,2023,A16 Bionic,,,,,,,
CompAsia,iPhone,Pro,iPhone 15 Pro,,128 GB,,,,1725,2023,A17 Pro,,,,,,,
CompAsia,iPhone,Pro,iPhone 15 Pro,,1 TB,,,,2350,2023,A17 Pro,,,,,,,
CompAsia,iPhone,Pro,iPhone 15 Pro,,256 GB,,,,2000,2023,A17 Pro,,,,,,,
CompAsia,iPhone,Pro,iPhone 15 Pro,,512 GB,,,,2125,2023,A17 Pro,,,,,,,
CompAsia,iPhone,Pro,iPhone 15 Pro (eSIM),,128 GB,,,,1535,2023,A17 Pro,,,,,,,
CompAsia,iPhone,Pro,iPhone 15 Pro (eSIM),,1 TB,,,,2050,2023,A17 Pro,,,,,,,
CompAsia,iPhone,Pro,iPhone 15 Pro (eSIM),,256 GB,,,,1665,2023,A17 Pro,,,,,,,
CompAsia,iPhone,Pro,iPhone 15 Pro (eSIM),,512 GB,,,,1830,2023,A17 Pro,,,,,,,
CompAsia,iPhone,Pro Max,iPhone 15 Pro Max,,1 TB,,,,2650,2023,A17 Pro,,,,,,,
CompAsia,iPhone,Pro Max,iPhone 15 Pro Max,,256 GB,,,,2200,2023,A17 Pro,,,,,,,
CompAsia,iPhone,Pro Max,iPhone 15 Pro Max,,512 GB,,,,2425,2023,A17 Pro,,,,,,,
CompAsia,iPhone,Pro Max,iPhone 15 Pro Max (eSIM),,1 TB,,,,2340,2023,A17 Pro,,,,,,,
CompAsia,iPhone,Pro Max,iPhone 15 Pro Max (eSIM),,256 GB,,,,1830,2023,A17 Pro,,,,,,,
CompAsia,iPhone,Pro Max,iPhone 15 Pro Max (eSIM),,512 GB,,,,2090,2023,A17 Pro,,,,,,,
CompAsia,iPhone,Standard,iPhone 16,,128 GB,,,,1800,2024,A18,,,,,,,
CompAsia,iPhone,Standard,iPhone 16,,256 GB,,,,2075,2024,A18,,,,,,,
CompAsia,iPhone,Standard,iPhone 16,,512 GB,,,,2430,2024,A18,,,,,,,
CompAsia,iPhone,Standard,iPhone 16e,,128 GB,,,,1125,2025,A18,,,,,,,
CompAsia,iPhone,Standard,iPhone 16e,,256 GB,,,,1275,2025,A18,,,,,,,
CompAsia,iPhone,Standard,iPhone 16e,,512 GB,,,,1675,2025,A18,,,,,,,
CompAsia,iPhone,Standard,iPhone 16e (eSIM),,128 GB,,,,1065,2025,A18,,,,,,,
CompAsia,iPhone,Standard,iPhone 16e (eSIM),,256 GB,,,,1225,2025,A18,,,,,,,
CompAsia,iPhone,Standard,iPhone 16e (eSIM),,512 GB,,,,1590,2025,A18,,,,,,,
CompAsia,iPhone,Standard,iPhone 16 (eSIM),,128 GB,,,,1570,2024,A18,,,,,,,
CompAsia,iPhone,Standard,iPhone 16 (eSIM),,256 GB,,,,1785,2024,A18,,,,,,,
CompAsia,iPhone,Standard,iPhone 16 (eSIM),,512 GB,,,,2065,2024,A18,,,,,,,
CompAsia,iPhone,Plus,iPhone 16 Plus,,128 GB,,,,2120,2024,A18,,,,,,,
CompAsia,iPhone,Plus,iPhone 16 Plus,,256 GB,,,,2335,2024,A18,,,,,,,
CompAsia,iPhone,Plus,iPhone 16 Plus,,512 GB,,,,2690,2024,A18,,,,,,,
CompAsia,iPhone,Plus,iPhone 16 Plus (eSIM),,128 GB,,,,1800,2024,A18,,,,,,,
CompAsia,iPhone,Plus,iPhone 16 Plus (eSIM),,256 GB,,,,1985,2024,A18,,,,,,,
CompAsia,iPhone,Plus,iPhone 16 Plus (eSIM),,512 GB,,,,2285,2024,A18,,,,,,,
CompAsia,iPhone,Pro,iPhone 16 Pro,,128 GB,,,,2300,2024,A18 Pro,,,,,,,
CompAsia,iPhone,Pro,iPhone 16 Pro,,1 TB,,,,3400,2024,A18 Pro,,,,,,,
CompAsia,iPhone,Pro,iPhone 16 Pro,,256 GB,,,,2525,2024,A18 Pro,,,,,,,
CompAsia,iPhone,Pro,iPhone 16 Pro,,512 GB,,,,2925,2024,A18 Pro,,,,,,,
CompAsia,iPhone,Pro,iPhone 16 Pro (eSIM),,128 GB,,,,2110,2024,A18 Pro,,,,,,,
CompAsia,iPhone,Pro,iPhone 16 Pro (eSIM),,1 TB,,,,2945,2024,A18 Pro,,,,,,,
CompAsia,iPhone,Pro,iPhone 16 Pro (eSIM),,256 GB,,,,2295,2024,A18 Pro,,,,,,,
CompAsia,iPhone,Pro,iPhone 16 Pro (eSIM),,512 GB,,,,2600,2024,A18 Pro,,,,,,,
CompAsia,iPhone,Pro Max,iPhone 16 Pro Max,,1 TB,,,,3675,2024,A18 Pro,,,,,,,
CompAsia,iPhone,Pro Max,iPhone 16 Pro Max,,256 GB,,,,3075,2024,A18 Pro,,,,,,,
CompAsia,iPhone,Pro Max,iPhone 16 Pro Max,,512 GB,,,,3300,2024,A18 Pro,,,,,,,
CompAsia,iPhone,Pro Max,iPhone 16 Pro Max (eSIM),,1 TB,,,,3245,2024,A18 Pro,,,,,,,
CompAsia,iPhone,Pro Max,iPhone 16 Pro Max (eSIM),,256 GB,,,,2665,2024,A18 Pro,,,,,,,
CompAsia,iPhone,Pro Max,iPhone 16 Pro Max (eSIM),,512 GB,,,,2940,2024,A18 Pro,,,,,,,
CompAsia,iPhone,Standard,iPhone 17,,256 GB,,,,2135,2025,A19,,,,,,,
CompAsia,iPhone,Standard,iPhone 17,,512 GB,,,,2670,2025,A19,,,,,,,
CompAsia,iPhone,Pro,iPhone 17 Pro,,1 TB,,,,4100,2025,A19 Pro,,,,,,,
CompAsia,iPhone,Pro,iPhone 17 Pro,,256 GB,,,,3035,2025,A19 Pro,,,,,,,
CompAsia,iPhone,Pro,iPhone 17 Pro,,512 GB,,,,3570,2025,A19 Pro,,,,,,,
CompAsia,iPhone,Pro Max,iPhone 17 Pro Max,,1 TB,,,,4370,2025,A19 Pro,,,,,,,
CompAsia,iPhone,Pro Max,iPhone 17 Pro Max,,256 GB,,,,3300,2025,A19 Pro,,,,,,,
CompAsia,iPhone,Pro Max,iPhone 17 Pro Max,,2 TB,,,,5435,2025,A19 Pro,,,,,,,
CompAsia,iPhone,Pro Max,iPhone 17 Pro Max,,512 GB,,,,3835,2025,A19 Pro,,,,,,,
CompAsia,iPhone,Plus,iPhone 8 Plus,,128 GB,,,,150,2017,A11 Bionic,,,,,,,
CompAsia,iPhone,Plus,iPhone 8 Plus,,256 GB,,,,180,2017,A11 Bionic,,,,,,,
CompAsia,iPhone,Plus,iPhone 8 Plus,,64 GB,,,,120,2017,A11 Bionic,,,,,,,
CompAsia,iPhone,Air,iPhone Air,,1 TB,,,,3445,2025,A19 Pro,,,,,,,
CompAsia,iPhone,Air,iPhone Air,,256 GB,,,,2490,2025,A19 Pro,,,,,,,
CompAsia,iPhone,Air,iPhone Air,,512 GB,,,,2965,2025,A19 Pro,,,,,,,
CompAsia,iPhone,SE,iPhone SE (2020),,128 GB,,,,175,2020,A13 Bionic,,,,,,,
CompAsia,iPhone,SE,iPhone SE (2020),,256 GB,,,,200,2020,A13 Bionic,,,,,,,
CompAsia,iPhone,SE,iPhone SE (2020),,64 GB,,,,125,2020,A13 Bionic,,,,,,,
CompAsia,iPhone,SE,iPhone SE (2022),,128 GB,,,,325,2022,A15 Bionic,,,,,,,
CompAsia,iPhone,SE,iPhone SE (2022),,256 GB,,,,350,2022,A15 Bionic,,,,,,,
CompAsia,iPhone,SE,iPhone SE (2022),,64 GB,,,,275,2022,A15 Bionic,,,,,,,
CompAsia,iPhone,Standard,iPhone X,,256 GB,,,,185,2017,A11 Bionic,,,,,,,
CompAsia,iPhone,Standard,iPhone X,,64 GB,,,,130,2017,A11 Bionic,,,,,,,
CompAsia,iPhone,Standard,iPhone XR,,128 GB,,,,220,2018,A12 Bionic,,,,,,,
CompAsia,iPhone,Standard,iPhone XR,,256 GB,,,,270,2018,A12 Bionic,,,,,,,
CompAsia,iPhone,Standard,iPhone XR,,64 GB,,,,155,2018,A12 Bionic,,,,,,,
CompAsia,iPhone,Standard,iPhone XS,,256 GB,,,,255,2018,A12 Bionic,,,,,,,
CompAsia,iPhone,Standard,iPhone XS,,512 GB,,,,305,2018,A12 Bionic,,,,,,,
CompAsia,iPhone,Standard,iPhone XS,,64 GB,,,,205,2018,A12 Bionic,,,,,,,
CompAsia,iPhone,Standard,iPhone XS Max,,256 GB,,,,365,2018,A12 Bionic,,,,,,,
CompAsia,iPhone,Standard,iPhone XS Max,,512 GB,,,,390,2018,A12 Bionic,,,,,,,
CompAsia,iPhone,Standard,iPhone XS Max,,64 GB,,,,285,2018,A12 Bionic,,,,,,,
iTworld,iPhone,Standard,iPhone 11,,64 GB,,,,300,2019,A13 Bionic,,,,,,,
iTworld,iPhone,Standard,iPhone 11,,128 GB,,,,350,2019,A13 Bionic,,,,,,,
iTworld,iPhone,Standard,iPhone 11,,256 GB,,,,460,2019,A13 Bionic,,,,,,,
iTworld,iPhone,Pro,iPhone 11 Pro,,64 GB,,,,400,2019,A13 Bionic,,,,,,,
iTworld,iPhone,Pro,iPhone 11 Pro,,256 GB,,,,450,2019,A13 Bionic,,,,,,,
iTworld,iPhone,Pro,iPhone 11 Pro,,512 GB,,,,590,2019,A13 Bionic,,,,,,,
iTworld,iPhone,Pro Max,iPhone 11 Pro Max,,64 GB,,,,490,2019,A13 Bionic,,,,,,,
iTworld,iPhone,Pro Max,iPhone 11 Pro Max,,256 GB,,,,560,2019,A13 Bionic,,,,,,,
iTworld,iPhone,Pro Max,iPhone 11 Pro Max,,512 GB,,,,650,2019,A13 Bionic,,,,,,,
iTworld,iPhone,Standard,iPhone 12,,64 GB,,,,460,2020,A14 Bionic,,,,,,,
iTworld,iPhone,Standard,iPhone 12,,128 GB,,,,510,2020,A14 Bionic,,,,,,,
iTworld,iPhone,Standard,iPhone 12,,256 GB,,,,590,2020,A14 Bionic,,,,,,,
iTworld,iPhone,Mini,iPhone 12 Mini,,64 GB,,,,300,2020,A14 Bionic,,,,,,,
iTworld,iPhone,Mini,iPhone 12 Mini,,128 GB,,,,400,2020,A14 Bionic,,,,,,,
iTworld,iPhone,Mini,iPhone 12 Mini,,256 GB,,,,450,2020,A14 Bionic,,,,,,,
iTworld,iPhone,Pro,iPhone 12 Pro,,128 GB,,,,640,2020,A14 Bionic,,,,,,,
iTworld,iPhone,Pro,iPhone 12 Pro,,256 GB,,,,710,2020,A14 Bionic,,,,,,,
iTworld,iPhone,Pro,iPhone 12 Pro,,512 GB,,,,760,2020,A14 Bionic,,,,,,,
iTworld,iPhone,Pro Max,iPhone 12 Pro Max,,128 GB,,,,810,2020,A14 Bionic,,,,,,,
iTworld,iPhone,Pro Max,iPhone 12 Pro Max,,256 GB,,,,910,2020,A14 Bionic,,,,,,,
iTworld,iPhone,Pro Max,iPhone 12 Pro Max,,512 GB,,,,990,2020,A14 Bionic,,,,,,,
iTworld,iPhone,Standard,iPhone 13,,128 GB,,,,750,2021,A15 Bionic,,,,,,,
iTworld,iPhone,Standard,iPhone 13,,256 GB,,,,850,2021,A15 Bionic,,,,,,,
iTworld,iPhone,Standard,iPhone 13,,512 GB,,,,910,2021,A15 Bionic,,,,,,,
iTworld,iPhone,Mini,iPhone 13 Mini,,128 GB,,,,500,2021,A15 Bionic,,,,,,,
iTworld,iPhone,Mini,iPhone 13 Mini,,256 GB,,,,550,2021,A15 Bionic,,,,,,,
iTworld,iPhone,Mini,iPhone 13 Mini,,512 GB,,,,600,2021,A15 Bionic,,,,,,,
iTworld,iPhone,Pro,iPhone 13 Pro,,128 GB,,,,990,2021,A15 Bionic,,,,,,,
iTworld,iPhone,Pro,iPhone 13 Pro,,256 GB,,,,1060,2021,A15 Bionic,,,,,,,
iTworld,iPhone,Pro,iPhone 13 Pro,,512 GB,,,,1150,2021,A15 Bionic,,,,,,,
iTworld,iPhone,Pro,iPhone 13 Pro,,1 TB,,,,1260,2021,A15 Bionic,,,,,,,
iTworld,iPhone,Pro Max,iPhone 13 Pro Max,,128 GB,,,,1110,2021,A15 Bionic,,,,,,,
iTworld,iPhone,Pro Max,iPhone 13 Pro Max,,256 GB,,,,1290,2021,A15 Bionic,,,,,,,
iTworld,iPhone,Pro Max,iPhone 13 Pro Max,,512 GB,,,,1340,2021,A15 Bionic,,,,,,,
iTworld,iPhone,Pro Max,iPhone 13 Pro Max,,1 TB,,,,1460,2021,A15 Bionic,,,,,,,
iTworld,iPhone,Standard,iPhone 14,,128 GB,,,,850,2022,A15 Bionic,,,,,,,
iTworld,iPhone,Standard,iPhone 14,,256 GB,,,,950,2022,A15 Bionic,,,,,,,
iTworld,iPhone,Standard,iPhone 14,,512 GB,,,,1110,2022,A15 Bionic,,,,,,,
iTworld,iPhone,Plus,iPhone 14 Plus,,128 GB,,,,950,2022,A15 Bionic,,,,,,,
iTworld,iPhone,Plus,iPhone 14 Plus,,256 GB,,,,1050,2022,A15 Bionic,,,,,,,
iTworld,iPhone,Plus,iPhone 14 Plus,,512 GB,,,,1240,2022,A15 Bionic,,,,,,,
iTworld,iPhone,Pro,iPhone 14 Pro,,128 GB,,,,1340,2022,A16 Bionic,,,,,,,
iTworld,iPhone,Pro,iPhone 14 Pro,,256 GB,,,,1540,2022,A16 Bionic,,,,,,,
iTworld,iPhone,Pro,iPhone 14 Pro,,512 GB,,,,1610,2022,A16 Bionic,,,,,,,
iTworld,iPhone,Pro,iPhone 14 Pro,,1 TB,,,,1690,2022,A16 Bionic,,,,,,,
iTworld,iPhone,Pro Max,iPhone 14 Pro Max,,128 GB,,,,1590,2022,A16 Bionic,,,,,,,
iTworld,iPhone,Pro Max,iPhone 14 Pro Max,,256 GB,,,,1710,2022,A16 Bionic,,,,,,,
iTworld,iPhone,Pro Max,iPhone 14 Pro Max,,512 GB,,,,1850,2022,A16 Bionic,,,,,,,
iTworld,iPhone,Pro Max,iPhone 14 Pro Max,,1 TB,,,,1990,2022,A16 Bionic,,,,,,,
iTworld,iPhone,Standard,iPhone 15,,128 GB,,,,1300,2023,A16 Bionic,,,,,,,
iTworld,iPhone,Standard,iPhone 15,,256 GB,,,,1450,2023,A16 Bionic,,,,,,,
iTworld,iPhone,Standard,iPhone 15,,512 GB,,,,1600,2023,A16 Bionic,,,,,,,
iTworld,iPhone,Plus,iPhone 15 Plus,,128 GB,,,,1450,2023,A16 Bionic,,,,,,,
iTworld,iPhone,Plus,iPhone 15 Plus,,256 GB,,,,1600,2023,A16 Bionic,,,,,,,
iTworld,iPhone,Plus,iPhone 15 Plus,,512 GB,,,,1800,2023,A16 Bionic,,,,,,,
iTworld,iPhone,Pro,iPhone 15 Pro,,128 GB,,,,1740,2023,A17 Pro,,,,,,,
iTworld,iPhone,Pro,iPhone 15 Pro,,256 GB,,,,2010,2023,A17 Pro,,,,,,,
iTworld,iPhone,Pro,iPhone 15 Pro,,512 GB,,,,2140,2023,A17 Pro,,,,,,,
iTworld,iPhone,Pro,iPhone 15 Pro,,1 TB,,,,2360,2023,A17 Pro,,,,,,,
iTworld,iPhone,Pro Max,iPhone 15 Pro Max,,256 GB,,,,2210,2023,A17 Pro,,,,,,,
iTworld,iPhone,Pro Max,iPhone 15 Pro Max,,512 GB,,,,2440,2023,A17 Pro,,,,,,,
iTworld,iPhone,Pro Max,iPhone 15 Pro Max,,1 TB,,,,2660,2023,A17 Pro,,,,,,,
iTworld,iPhone,Standard,iPhone 16,,128 GB,,,,1800,2024,A18,,,,,,,
iTworld,iPhone,Standard,iPhone 16,,256 GB,,,,1980,2024,A18,,,,,,,
iTworld,iPhone,Standard,iPhone 16,,512 GB,,,,2180,2024,A18,,,,,,,
iTworld,iPhone,Plus,iPhone 16 Plus,,128 GB,,,,2090,2024,A18,,,,,,,
iTworld,iPhone,Plus,iPhone 16 Plus,,256 GB,,,,2250,2024,A18,,,,,,,
iTworld,iPhone,Plus,iPhone 16 Plus,,512 GB,,,,2500,2024,A18,,,,,,,
iTworld,iPhone,Pro,iPhone 16 Pro,,128 GB,,,,2310,2024,A18 Pro,,,,,,,
iTworld,iPhone,Pro,iPhone 16 Pro,,256 GB,,,,2540,2024,A18 Pro,,,,,,,
iTworld,iPhone,Pro,iPhone 16 Pro,,512 GB,,,,2700,2024,A18 Pro,,,,,,,
iTworld,iPhone,Pro,iPhone 16 Pro,,1 TB,,,,2900,2024,A18 Pro,,,,,,,
iTworld,iPhone,Pro Max,iPhone 16 Pro Max,,256 GB,,,,3010,2024,A18 Pro,,,,,,,
iTworld,iPhone,Pro Max,iPhone 16 Pro Max,,512 GB,,,,3200,2024,A18 Pro,,,,,,,
iTworld,iPhone,Pro Max,iPhone 16 Pro Max,,1 TB,,,,3500,2024,A18 Pro,,,,,,,
iTworld,iPhone,Standard,iPhone 16e,,128 GB,,,,1050,2025,A18,,,,,,,
iTworld,iPhone,Standard,iPhone 16e,,256 GB,,,,1200,2025,A18,,,,,,,
iTworld,iPhone,Standard,iPhone 16e,,512 GB,,,,1500,2025,A18,,,,,,,
iTworld,iPhone,Standard,iPhone 17,,256 GB,,,,2290,2025,A19,,,,,,,
iTworld,iPhone,Standard,iPhone 17,,512 GB,,,,2700,2025,A19,,,,,,,
iTworld,iPhone,Pro,iPhone 17 Pro,,256 GB,,,,3190,2025,A19 Pro,,,,,,,
iTworld,iPhone,Pro,iPhone 17 Pro,,512 GB,,,,3600,2025,A19 Pro,,,,,,,
iTworld,iPhone,Pro,iPhone 17 Pro,,1 TB,,,,4150,2025,A19 Pro,,,,,,,
iTworld,iPhone,Pro Max,iPhone 17 Pro Max,,256 GB,,,,3500,2025,A19 Pro,,,,,,,
iTworld,iPhone,Pro Max,iPhone 17 Pro Max,,512 GB,,,,4130,2025,A19 Pro,,,,,,,
iTworld,iPhone,Pro Max,iPhone 17 Pro Max,,1 TB,,,,4800,2025,A19 Pro,,,,,,,
iTworld,iPhone,Pro Max,iPhone 17 Pro Max,,2 TB,,,,6010,2025,A19 Pro,,,,,,,
iTworld,iPhone,Standard,iPhone 5s,,16 GB,,,,5,2013,A7,,,,,,,
iTworld,iPhone,Standard,iPhone 5s,,32 GB,,,,5,2013,A7,,,,,,,
iTworld,iPhone,Standard,iPhone 5s,,64 GB,,,,5,2013,A7,,,,,,,
iTworld,iPhone,Standard,iPhone 6,,16 GB,,,,5,2014,A8,,,,,,,
iTworld,iPhone,Standard,iPhone 6,,32 GB,,,,5,2014,A8,,,,,,,
iTworld,iPhone,Standard,iPhone 6,,64 GB,,,,5,2014,A8,,,,,,,
iTworld,iPhone,Standard,iPhone 6,,128 GB,,,,5,2014,A8,,,,,,,
iTworld,iPhone,Plus,iPhone 6 Plus,,16 GB,,,,10,2014,A8,,,,,,,
iTworld,iPhone,Plus,iPhone 6 Plus,,64 GB,,,,10,2014,A8,,,,,,,
iTworld,iPhone,Plus,iPhone 6 Plus,,128 GB,,,,10,2014,A8,,,,,,,
iTworld,iPhone,Standard,iPhone 6s,,16 GB,,,,10,2015,A9,,,,,,,
iTworld,iPhone,Standard,iPhone 6s,,32 GB,,,,10,2015,A9,,,,,,,
iTworld,iPhone,Standard,iPhone 6s,,64 GB,,,,10,2015,A9,,,,,,,
iTworld,iPhone,Standard,iPhone 6s,,128 GB,,,,10,2015,A9,,,,,,,
iTworld,iPhone,Plus,iPhone 6s Plus,,16 GB,,,,20,2015,A9,,,,,,,
iTworld,iPhone,Plus,iPhone 6s Plus,,32 GB,,,,20,2015,A9,,,,,,,
iTworld,iPhone,Plus,iPhone 6s Plus,,64 GB,,,,20,2015,A9,,,,,,,
iTworld,iPhone,Plus,iPhone 6s Plus,,128 GB,,,,20,2015,A9,,,,,,,
iTworld,iPhone,Standard,iPhone 7,,32 GB,,,,50,2016,A10 Fusion,,,,,,,
iTworld,iPhone,Standard,iPhone 7,,128 GB,,,,70,2016,A10 Fusion,,,,,,,
iTworld,iPhone,Standard,iPhone 7,,256 GB,,,,90,2016,A10 Fusion,,,,,,,
iTworld,iPhone,Plus,iPhone 7 Plus,,32 GB,,,,80,2016,A10 Fusion,,,,,,,
iTworld,iPhone,Plus,iPhone 7 Plus,,128 GB,,,,110,2016,A10 Fusion,,,,,,,
iTworld,iPhone,Plus,iPhone 7 Plus,,256 GB,,,,140,2016,A10 Fusion,,,,,,,
iTworld,iPhone,Standard,iPhone 8,,64 GB,,,,120,2017,A11 Bionic,,,,,,,
iTworld,iPhone,Standard,iPhone 8,,128 GB,,,,140,2017,A11 Bionic,,,,,,,
iTworld,iPhone,Standard,iPhone 8,,256 GB,,,,180,2017,A11 Bionic,,,,,,,
iTworld,iPhone,Plus,iPhone 8 Plus,,64 GB,,,,130,2017,A11 Bionic,,,,,,,
iTworld,iPhone,Plus,iPhone 8 Plus,,128 GB,,,,160,2017,A11 Bionic,,,,,,,
iTworld,iPhone,Plus,iPhone 8 Plus,,256 GB,,,,190,2017,A11 Bionic,,,,,,,
iTworld,iPhone,Air,iPhone Air,,256 GB,,,,2200,2025,A19 Pro,,,,,,,
iTworld,iPhone,Air,iPhone Air,,512 GB,,,,2400,2025,A19 Pro,,,,,,,
iTworld,iPhone,Air,iPhone Air,,1 TB,,,,2800,2025,A19 Pro,,,,,,,
iTworld,iPhone,SE,iPhone SE (2016),,16 GB,,,,5,2016,A9,,,,,,,
iTworld,iPhone,SE,iPhone SE (2016),,32 GB,,,,5,2016,A9,,,,,,,
iTworld,iPhone,SE,iPhone SE (2016),,64 GB,,,,5,2016,A9,,,,,,,
iTworld,iPhone,SE,iPhone SE (2016),,128 GB,,,,5,2016,A9,,,,,,,
iTworld,iPhone,SE,iPhone SE (2020),,64 GB,,,,120,2020,A13 Bionic,,,,,,,
iTworld,iPhone,SE,iPhone SE (2020),,128 GB,,,,170,2020,A13 Bionic,,,,,,,
iTworld,iPhone,SE,iPhone SE (2020),,256 GB,,,,220,2020,A13 Bionic,,,,,,,
iTworld,iPhone,SE,iPhone SE (2022),,64 GB,,,,170,2022,A15 Bionic,,,,,,,
iTworld,iPhone,SE,iPhone SE (2022),,128 GB,,,,220,2022,A15 Bionic,,,,,,,
iTworld,iPhone,SE,iPhone SE (2022),,256 GB,,,,270,2022,A15 Bionic,,,,,,,
iTworld,iPhone,Standard,iPhone X,,64 GB,,,,140,2017,A11 Bionic,,,,,,,
iTworld,iPhone,Standard,iPhone X,,256 GB,,,,190,2017,A11 Bionic,,,,,,,
iTworld,iPhone,Standard,iPhone XR,,64 GB,,,,160,2018,A12 Bionic,,,,,,,
iTworld,iPhone,Standard,iPhone XR,,128 GB,,,,230,2018,A12 Bionic,,,,,,,
iTworld,iPhone,Standard,iPhone XR,,256 GB,,,,280,2018,A12 Bionic,,,,,,,
iTworld,iPhone,Standard,iPhone XS,,64 GB,,,,210,2018,A12 Bionic,,,,,,,
iTworld,iPhone,Standard,iPhone XS,,256 GB,,,,260,2018,A12 Bionic,,,,,,,
iTworld,iPhone,Standard,iPhone XS,,512 GB,,,,310,2018,A12 Bionic,,,,,,,
iTworld,iPhone,Standard,iPhone XS Max,,64 GB,,,,290,2018,A12 Bionic,,,,,,,
iTworld,iPhone,Standard,iPhone XS Max,,256 GB,,,,370,2018,A12 Bionic,,,,,,,
iTworld,iPhone,Standard,iPhone XS Max,,512 GB,,,,400,2018,A12 Bionic,,,,,,,
Machines,iPhone,SE,iPhone SE (2020),,64 GB,,,,125,2020,A13 Bionic,,,,,,,
Machines,iPhone,SE,iPhone SE (2020),,128 GB,,,,175,2020,A13 Bionic,,,,,,,
Machines,iPhone,SE,iPhone SE (2020),,256 GB,,,,200,2020,A13 Bionic,,,,,,,
Machines,iPhone,SE,iPhone SE (2022),,64 GB,,,,275,2022,A15 Bionic,,,,,,,
Machines,iPhone,SE,iPhone SE (2022),,128 GB,,,,325,2022,A15 Bionic,,,,,,,
Machines,iPhone,SE,iPhone SE (2022),,256 GB,,,,350,2022,A15 Bionic,,,,,,,
Machines,iPhone,Plus,iPhone 8 Plus,,64 GB,,,,120,2017,A11 Bionic,,,,,,,
Machines,iPhone,Plus,iPhone 8 Plus,,128 GB,,,,150,2017,A11 Bionic,,,,,,,
Machines,iPhone,Plus,iPhone 8 Plus,,256 GB,,,,180,2017,A11 Bionic,,,,,,,
Machines,iPhone,Standard,iPhone X,,64 GB,,,,130,2017,A11 Bionic,,,,,,,
Machines,iPhone,Standard,iPhone X,,256 GB,,,,185,2017,A11 Bionic,,,,,,,
Machines,iPhone,Standard,iPhone XR,,64 GB,,,,155,2018,A12 Bionic,,,,,,,
Machines,iPhone,Standard,iPhone XR,,128 GB,,,,220,2018,A12 Bionic,,,,,,,
Machines,iPhone,Standard,iPhone XR,,256 GB,,,,270,2018,A12 Bionic,,,,,,,
Machines,iPhone,Standard,iPhone XS,,64 GB,,,,205,2018,A12 Bionic,,,,,,,
Machines,iPhone,Standard,iPhone XS,,256 GB,,,,255,2018,A12 Bionic,,,,,,,
Machines,iPhone,Standard,iPhone XS,,512 GB,,,,305,2018,A12 Bionic,,,,,,,
Machines,iPhone,Standard,iPhone XS Max,,64 GB,,,,285,2018,A12 Bionic,,,,,,,
Machines,iPhone,Standard,iPhone XS Max,,256 GB,,,,365,2018,A12 Bionic,,,,,,,
Machines,iPhone,Standard,iPhone XS Max,,512 GB,,,,390,2018,A12 Bionic,,,,,,,
Machines,iPhone,Standard,iPhone 11,,64 GB,,,,340,2019,A13 Bionic,,,,,,,
Machines,iPhone,Standard,iPhone 11,,128 GB,,,,390,2019,A13 Bionic,,,,,,,
Machines,iPhone,Standard,iPhone 11,,256 GB,,,,450,2019,A13 Bionic,,,,,,,
Machines,iPhone,Pro,iPhone 11 Pro,,64 GB,,,,415,2019,A13 Bionic,,,,,,,
Machines,iPhone,Pro,iPhone 11 Pro,,256 GB,,,,490,2019,A13 Bionic,,,,,,,
Machines,iPhone,Pro,iPhone 11 Pro,,512 GB,,,,575,2019,A13 Bionic,,,,,,,
Machines,iPhone,Pro Max,iPhone 11 Pro Max,,64 GB,,,,475,2019,A13 Bionic,,,,,,,
Machines,iPhone,Pro Max,iPhone 11 Pro Max,,256 GB,,,,550,2019,A13 Bionic,,,,,,,
Machines,iPhone,Pro Max,iPhone 11 Pro Max,,512 GB,,,,625,2019,A13 Bionic,,,,,,,
Machines,iPhone,Mini,iPhone 12 Mini,,64 GB,,,,300,2020,A14 Bionic,,,,,,,
Machines,iPhone,Mini,iPhone 12 Mini,,128 GB,,,,375,2020,A14 Bionic,,,,,,,
Machines,iPhone,Mini,iPhone 12 Mini,,256 GB,,,,400,2020,A14 Bionic,,,,,,,
Machines,iPhone,Standard,iPhone 12,,64 GB,,,,450,2020,A14 Bionic,,,,,,,
Machines,iPhone,Standard,iPhone 12,,128 GB,,,,500,2020,A14 Bionic,,,,,,,
Machines,iPhone,Standard,iPhone 12,,256 GB,,,,575,2020,A14 Bionic,,,,,,,
Machines,iPhone,Pro,iPhone 12 Pro,,128 GB,,,,625,2020,A14 Bionic,,,,,,,
Machines,iPhone,Pro,iPhone 12 Pro,,256 GB,,,,700,2020,A14 Bionic,,,,,,,
Machines,iPhone,Pro,iPhone 12 Pro,,512 GB,,,,750,2020,A14 Bionic,,,,,,,
Machines,iPhone,Pro Max,iPhone 12 Pro Max,,128 GB,,,,800,2020,A14 Bionic,,,,,,,
Machines,iPhone,Pro Max,iPhone 12 Pro Max,,256 GB,,,,900,2020,A14 Bionic,,,,,,,
Machines,iPhone,Pro Max,iPhone 12 Pro Max,,512 GB,,,,975,2020,A14 Bionic,,,,,,,
Machines,iPhone,Mini,iPhone 13 Mini,,128 GB,,,,550,2021,A15 Bionic,,,,,,,
Machines,iPhone,Mini,iPhone 13 Mini,,256 GB,,,,600,2021,A15 Bionic,,,,,,,
Machines,iPhone,Mini,iPhone 13 Mini,,512 GB,,,,675,2021,A15 Bionic,,,,,,,
Machines,iPhone,Standard,iPhone 13,,128 GB,,,,740,2021,A15 Bionic,,,,,,,
Machines,iPhone,Standard,iPhone 13,,256 GB,,,,840,2021,A15 Bionic,,,,,,,
Machines,iPhone,Standard,iPhone 13,,512 GB,,,,900,2021,A15 Bionic,,,,,,,
Machines,iPhone,Pro,iPhone 13 Pro,,128 GB,,,,975,2021,A15 Bionic,,,,,,,
Machines,iPhone,Pro,iPhone 13 Pro,,256 GB,,,,1050,2021,A15 Bionic,,,,,,,
Machines,iPhone,Pro,iPhone 13 Pro,,512 GB,,,,1140,2021,A15 Bionic,,,,,,,
Machines,iPhone,Pro,iPhone 13 Pro,,1 TB,,,,1250,2021,A15 Bionic,,,,,,,
Machines,iPhone,Pro Max,iPhone 13 Pro Max,,128 GB,,,,1100,2021,A15 Bionic,,,,,,,
Machines,iPhone,Pro Max,iPhone 13 Pro Max,,256 GB,,,,1275,2021,A15 Bionic,,,,,,,
Machines,iPhone,Pro Max,iPhone 13 Pro Max,,512 GB,,,,1325,2021,A15 Bionic,,,,,,,
Machines,iPhone,Pro Max,iPhone 13 Pro Max,,1 TB,,,,1450,2021,A15 Bionic,,,,,,,
Machines,iPhone,Standard,iPhone 14,,128 GB,,,,925,2022,A15 Bionic,,,,,,,
Machines,iPhone,Standard,iPhone 14,,256 GB,,,,1000,2022,A15 Bionic,,,,,,,
Machines,iPhone,Standard,iPhone 14,,512 GB,,,,1100,2022,A15 Bionic,,,,,,,
Machines,iPhone,Plus,iPhone 14 Plus,,128 GB,,,,1000,2022,A15 Bionic,,,,,,,
Machines,iPhone,Plus,iPhone 14 Plus,,256 GB,,,,1100,2022,A15 Bionic,,,,,,,
Machines,iPhone,Plus,iPhone 14 Plus,,512 GB,,,,1225,2022,A15 Bionic,,,,,,,
Machines,iPhone,Pro,iPhone 14 Pro,,128 GB,,,,1325,2022,A16 Bionic,,,,,,,
Machines,iPhone,Pro,iPhone 14 Pro,,256 GB,,,,1540,2022,A16 Bionic,,,,,,,
Machines,iPhone,Pro,iPhone 14 Pro,,512 GB,,,,1600,2022,A16 Bionic,,,,,,,
Machines,iPhone,Pro,iPhone 14 Pro,,1 TB,,,,1675,2022,A16 Bionic,,,,,,,
Machines,iPhone,Pro Max,iPhone 14 Pro Max,,128 GB,,,,1575,2022,A16 Bionic,,,,,,,
Machines,iPhone,Pro Max,iPhone 14 Pro Max,,256 GB,,,,1700,2022,A16 Bionic,,,,,,,
Machines,iPhone,Pro Max,iPhone 14 Pro Max,,512 GB,,,,1835,2022,A16 Bionic,,,,,,,
Machines,iPhone,Pro Max,iPhone 14 Pro Max,,1 TB,,,,1975,2022,A16 Bionic,,,,,,,
Machines,iPhone,Standard,iPhone 14 (eSIM),,128 GB,,,,850,2022,A15 Bionic,,,,,,,
Machines,iPhone,Standard,iPhone 14 (eSIM),,256 GB,,,,935,2022,A15 Bionic,,,,,,,
Machines,iPhone,Standard,iPhone 14 (eSIM),,512 GB,,,,1020,2022,A15 Bionic,,,,,,,
Machines,iPhone,Plus,iPhone 14 Plus (eSIM),,128 GB,,,,895,2022,A15 Bionic,,,,,,,
Machines,iPhone,Plus,iPhone 14 Plus (eSIM),,256 GB,,,,985,2022,A15 Bionic,,,,,,,
Machines,iPhone,Plus,iPhone 14 Plus (eSIM),,512 GB,,,,1080,2022,A15 Bionic,,,,,,,
Machines,iPhone,Pro,iPhone 14 Pro (eSIM),,128 GB,,,,1140,2022,A16 Bionic,,,,,,,
Machines,iPhone,Pro,iPhone 14 Pro (eSIM),,256 GB,,,,1310,2022,A16 Bionic,,,,,,,
Machines,iPhone,Pro,iPhone 14 Pro (eSIM),,512 GB,,,,1375,2022,A16 Bionic,,,,,,,
Machines,iPhone,Pro,iPhone 14 Pro (eSIM),,1 TB,,,,1465,2022,A16 Bionic,,,,,,,
Machines,iPhone,Pro Max,iPhone 14 Pro Max (eSIM),,128 GB,,,,1350,2022,A16 Bionic,,,,,,,
Machines,iPhone,Pro Max,iPhone 14 Pro Max (eSIM),,256 GB,,,,1445,2022,A16 Bionic,,,,,,,
Machines,iPhone,Pro Max,iPhone 14 Pro Max (eSIM),,512 GB,,,,1560,2022,A16 Bionic,,,,,,,
Machines,iPhone,Pro Max,iPhone 14 Pro Max (eSIM),,1 TB,,,,1700,2022,A16 Bionic,,,,,,,
Machines,iPhone,Standard,iPhone 15,,128 GB,,,,1460,2023,A16 Bionic,,,,,,,
Machines,iPhone,Standard,iPhone 15,,256 GB,,,,1625,2023,A16 Bionic,,,,,,,
Machines,iPhone,Standard,iPhone 15,,512 GB,,,,1775,2023,A16 Bionic,,,,,,,
Machines,iPhone,Plus,iPhone 15 Plus,,128 GB,,,,1550,2023,A16 Bionic,,,,,,,
Machines,iPhone,Plus,iPhone 15 Plus,,256 GB,,,,1775,2023,A16 Bionic,,,,,,,
Machines,iPhone,Plus,iPhone 15 Plus,,512 GB,,,,1975,2023,A16 Bionic,,,,,,,
Machines,iPhone,Pro,iPhone 15 Pro,,128 GB,,,,1725,2023,A17 Pro,,,,,,,
Machines,iPhone,Pro,iPhone 15 Pro,,256 GB,,,,2000,2023,A17 Pro,,,,,,,
Machines,iPhone,Pro,iPhone 15 Pro,,512 GB,,,,2125,2023,A17 Pro,,,,,,,
Machines,iPhone,Pro,iPhone 15 Pro,,1 TB,,,,2350,2023,A17 Pro,,,,,,,
Machines,iPhone,Pro Max,iPhone 15 Pro Max,,256 GB,,,,2200,2023,A17 Pro,,,,,,,
Machines,iPhone,Pro Max,iPhone 15 Pro Max,,512 GB,,,,2425,2023,A17 Pro,,,,,,,
Machines,iPhone,Pro Max,iPhone 15 Pro Max,,1 TB,,,,2650,2023,A17 Pro,,,,,,,
Machines,iPhone,Standard,iPhone 15 (eSIM),,128 GB,,,,1210,2023,A16 Bionic,,,,,,,
Machines,iPhone,Standard,iPhone 15 (eSIM),,256 GB,,,,1320,2023,A16 Bionic,,,,,,,
Machines,iPhone,Standard,iPhone 15 (eSIM),,512 GB,,,,1445,2023,A16 Bionic,,,,,,,
Machines,iPhone,Plus,iPhone 15 Plus (eSIM),,128 GB,,,,1295,2023,A16 Bionic,,,,,,,
Machines,iPhone,Plus,iPhone 15 Plus (eSIM),,256 GB,,,,1440,2023,A16 Bionic,,,,,,,
Machines,iPhone,Plus,iPhone 15 Plus (eSIM),,512 GB,,,,1640,2023,A16 Bionic,,,,,,,
Machines,iPhone,Pro,iPhone 15 Pro (eSIM),,128 GB,,,,1535,2023,A17 Pro,,,,,,,
Machines,iPhone,Pro,iPhone 15 Pro (eSIM),,256 GB,,,,1665,2023,A17 Pro,,,,,,,
Machines,iPhone,Pro,iPhone 15 Pro (eSIM),,512 GB,,,,1830,2023,A17 Pro,,,,,,,
Machines,iPhone,Pro,iPhone 15 Pro (eSIM),,1 TB,,,,2050,2023,A17 Pro,,,,,,,
Machines,iPhone,Pro Max,iPhone 15 Pro Max (eSIM),,256 GB,,,,1830,2023,A17 Pro,,,,,,,
Machines,iPhone,Pro Max,iPhone 15 Pro Max (eSIM),,512 GB,,,,2090,2023,A17 Pro,,,,,,,
Machines,iPhone,Pro Max,iPhone 15 Pro Max (eSIM),,1 TB,,,,2340,2023,A17 Pro,,,,,,,
Machines,iPhone,Standard,iPhone 16e,,128 GB,,,,1125,2025,A18,,,,,,,
Machines,iPhone,Standard,iPhone 16e,,256 GB,,,,1275,2025,A18,,,,,,,
Machines,iPhone,Standard,iPhone 16e,,512 GB,,,,1675,2025,A18,,,,,,,
Machines,iPhone,Standard,iPhone 16,,128 GB,,,,1800,2024,A18,,,,,,,
Machines,iPhone,Standard,iPhone 16,,256 GB,,,,2075,2024,A18,,,,,,,
Machines,iPhone,Standard,iPhone 16,,512 GB,,,,2430,2024,A18,,,,,,,
Machines,iPhone,Plus,iPhone 16 Plus,,128 GB,,,,2120,2024,A18,,,,,,,
Machines,iPhone,Plus,iPhone 16 Plus,,256 GB,,,,2335,2024,A18,,,,,,,
Machines,iPhone,Plus,iPhone 16 Plus,,512 GB,,,,2690,2024,A18,,,,,,,
Machines,iPhone,Pro,iPhone 16 Pro,,128 GB,,,,2300,2024,A18 Pro,,,,,,,
Machines,iPhone,Pro,iPhone 16 Pro,,256 GB,,,,2525,2024,A18 Pro,,,,,,,
Machines,iPhone,Pro,iPhone 16 Pro,,512 GB,,,,2925,2024,A18 Pro,,,,,,,
Machines,iPhone,Pro,iPhone 16 Pro,,1 TB,,,,3400,2024,A18 Pro,,,,,,,
Machines,iPhone,Pro Max,iPhone 16 Pro Max,,256 GB,,,,3075,2024,A18 Pro,,,,,,,
Machines,iPhone,Pro Max,iPhone 16 Pro Max,,512 GB,,,,3300,2024,A18 Pro,,,,,,,
Machines,iPhone,Pro Max,iPhone 16 Pro Max,,1 TB,,,,3675,2024,A18 Pro,,,,,,,
Machines,iPhone,Standard,iPhone 16e (eSIM),,128 GB,,,,1065,2025,A18,,,,,,,
Machines,iPhone,Standard,iPhone 16e (eSIM),,256 GB,,,,1225,2025,A18,,,,,,,
Machines,iPhone,Standard,iPhone 16e (eSIM),,512 GB,,,,1590,2025,A18,,,,,,,
Machines,iPhone,Standard,iPhone 16 (eSIM),,128 GB,,,,1570,2024,A18,,,,,,,
Machines,iPhone,Standard,iPhone 16 (eSIM),,256 GB,,,,1785,2024,A18,,,,,,,
Machines,iPhone,Standard,iPhone 16 (eSIM),,512 GB,,,,2065,2024,A18,,,,,,,
Machines,iPhone,Plus,iPhone 16 Plus (eSIM),,128 GB,,,,1800,2024,A18,,,,,,,
Machines,iPhone,Plus,iPhone 16 Plus (eSIM),,256 GB,,,,1985,2024,A18,,,,,,,
Machines,iPhone,Plus,iPhone 16 Plus (eSIM),,512 GB,,,,2285,2024,A18,,,,,,,
Machines,iPhone,Pro,iPhone 16 Pro (eSIM),,128 GB,,,,2110,2024,A18 Pro,,,,,,,
Machines,iPhone,Pro,iPhone 16 Pro (eSIM),,256 GB,,,,2295,2024,A18 Pro,,,,,,,
Machines,iPhone,Pro,iPhone 16 Pro (eSIM),,512 GB,,,,2600,2024,A18 Pro,,,,,,,
Machines,iPhone,Pro,iPhone 16 Pro (eSIM),,1 TB,,,,2945,2024,A18 Pro,,,,,,,
Machines,iPhone,Pro Max,iPhone 16 Pro Max (eSIM),,256 GB,,,,2665,2024,A18 Pro,,,,,,,
Machines,iPhone,Pro Max,iPhone 16 Pro Max (eSIM),,512 GB,,,,2940,2024,A18 Pro,,,,,,,
Machines,iPhone,Pro Max,iPhone 16 Pro Max (eSIM),,1 TB,,,,3245,2024,A18 Pro,,,,,,,
Machines,iPhone,Standard,iPhone 17,,256 GB,,,,2135,2025,A19,,,,,,,
Machines,iPhone,Standard,iPhone 17,,512 GB,,,,2670,2025,A19,,,,,,,
Machines,iPhone,Air,iPhone Air,,256 GB,,,,2490,2025,A19 Pro,,,,,,,
Machines,iPhone,Air,iPhone Air,,512 GB,,,,2965,2025,A19 Pro,,,,,,,
Machines,iPhone,Air,iPhone Air,,1 TB,,,,3445,2025,A19 Pro,,,,,,,
Machines,iPhone,Pro,iPhone 17 Pro,,256 GB,,,,3035,2025,A19 Pro,,,,,,,
Machines,iPhone,Pro,iPhone 17 Pro,,512 GB,,,,3570,2025,A19 Pro,,,,,,,
Machines,iPhone,Pro,iPhone 17 Pro,,1 TB,,,,4100,2025,A19 Pro,,,,,,,
Machines,iPhone,Pro Max,iPhone 17 Pro Max,,256 GB,,,,3300,2025,A19 Pro,,,,,,,
Machines,iPhone,Pro Max,iPhone 17 Pro Max,,512 GB,,,,3835,2025,A19 Pro,,,,,,,
Machines,iPhone,Pro Max,iPhone 17 Pro Max,,1 TB,,,,4370,2025,A19 Pro,,,,,,,
Machines,iPhone,Pro Max,iPhone 17 Pro Max,,2 TB,,,,5435,2025,A19 Pro,,,,,,,
Switch,iPhone,Pro Max,iPhone 17 Pro Max,,2 TB,,,,6010,2025,A19 Pro,,,,,,,
Switch,iPhone,Pro Max,iPhone 17 Pro Max,,1 TB,,,,4800,2025,A19 Pro,,,,,,,
Switch,iPhone,Pro Max,iPhone 17 Pro Max,,512 GB,,,,4130,2025,A19 Pro,,,,,,,
Switch,iPhone,Pro Max,iPhone 17 Pro Max,,256 GB,,,,3500,2025,A19 Pro,,,,,,,
Switch,iPhone,Pro,iPhone 17 Pro,,1 TB,,,,4150,2025,A19 Pro,,,,,,,
Switch,iPhone,Pro,iPhone 17 Pro,,512 GB,,,,3600,2025,A19 Pro,,,,,,,
Switch,iPhone,Pro,iPhone 17 Pro,,256 GB,,,,3190,2025,A19 Pro,,,,,,,
Switch,iPhone,Standard,iPhone 17,,512 GB,,,,2700,2025,A19,,,,,,,
Switch,iPhone,Standard,iPhone 17,,256 GB,,,,2290,2025,A19,,,,,,,
Switch,iPhone,Air,iPhone Air,,256 GB,,,,2200,2025,A19 Pro,,,,,,,
Switch,iPhone,Air,iPhone Air,,512 GB,,,,2400,2025,A19 Pro,,,,,,,
Switch,iPhone,Air,iPhone Air,,1 TB,,,,2800,2025,A19 Pro,,,,,,,
Switch,iPhone,Pro Max,iPhone 16 Pro Max,,1 TB,,,,3500,2024,A18 Pro,,,,,,,
Switch,iPhone,Pro Max,iPhone 16 Pro Max,,512 GB,,,,3200,2024,A18 Pro,,,,,,,
Switch,iPhone,Pro Max,iPhone 16 Pro Max,,256 GB,,,,3010,2024,A18 Pro,,,,,,,
Switch,iPhone,Pro,iPhone 16 Pro,,1 TB,,,,2900,2024,A18 Pro,,,,,,,
Switch,iPhone,Pro,iPhone 16 Pro,,512 GB,,,,2700,2024,A18 Pro,,,,,,,
Switch,iPhone,Pro,iPhone 16 Pro,,256 GB,,,,2540,2024,A18 Pro,,,,,,,
Switch,iPhone,Pro,iPhone 16 Pro,,128 GB,,,,2310,2024,A18 Pro,,,,,,,
Switch,iPhone,Plus,iPhone 16 Plus,,512 GB,,,,2500,2024,A18,,,,,,,
Switch,iPhone,Plus,iPhone 16 Plus,,256 GB,,,,2250,2024,A18,,,,,,,
Switch,iPhone,Plus,iPhone 16 Plus,,128 GB,,,,2090,2024,A18,,,,,,,
Switch,iPhone,Standard,iPhone 16,,512 GB,,,,2180,2024,A18,,,,,,,
Switch,iPhone,Standard,iPhone 16,,256 GB,,,,1980,2024,A18,,,,,,,
Switch,iPhone,Standard,iPhone 16,,128 GB,,,,1800,2024,A18,,,,,,,
Switch,iPhone,Standard,iPhone 16e,,512 GB,,,,1500,2025,A18,,,,,,,
Switch,iPhone,Standard,iPhone 16e,,256 GB,,,,1200,2025,A18,,,,,,,
Switch,iPhone,Standard,iPhone 16e,,128 GB,,,,1050,2025,A18,,,,,,,
Switch,iPhone,Pro Max,iPhone 15 Pro Max,,1 TB,,,,2660,2023,A17 Pro,,,,,,,
Switch,iPhone,Pro Max,iPhone 15 Pro Max,,512 GB,,,,2440,2023,A17 Pro,,,,,,,
Switch,iPhone,Pro Max,iPhone 15 Pro Max,,256 GB,,,,2210,2023,A17 Pro,,,,,,,
Switch,iPhone,Pro,iPhone 15 Pro,,1 TB,,,,2360,2023,A17 Pro,,,,,,,
Switch,iPhone,Pro,iPhone 15 Pro,,512 GB,,,,2140,2023,A17 Pro,,,,,,,
Switch,iPhone,Pro,iPhone 15 Pro,,256 GB,,,,2010,2023,A17 Pro,,,,,,,
Switch,iPhone,Pro,iPhone 15 Pro,,128 GB,,,,1740,2023,A17 Pro,,,,,,,
Switch,iPhone,Plus,iPhone 15 Plus,,512 GB,,,,1800,2023,A16 Bionic,,,,,,,
Switch,iPhone,Plus,iPhone 15 Plus,,256 GB,,,,1600,2023,A16 Bionic,,,,,,,
Switch,iPhone,Plus,iPhone 15 Plus,,128 GB,,,,1450,2023,A16 Bionic,,,,,,,
Switch,iPhone,Standard,iPhone 15,,512 GB,,,,1600,2023,A16 Bionic,,,,,,,
Switch,iPhone,Standard,iPhone 15,,256 GB,,,,1450,2023,A16 Bionic,,,,,,,
Switch,iPhone,Standard,iPhone 15,,128 GB,,,,1300,2023,A16 Bionic,,,,,,,
Switch,iPhone,Pro Max,iPhone 14 Pro Max,,1 TB,,,,1990,2022,A16 Bionic,,,,,,,
Switch,iPhone,Pro Max,iPhone 14 Pro Max,,512 GB,,,,1850,2022,A16 Bionic,,,,,,,
Switch,iPhone,Pro Max,iPhone 14 Pro Max,,256 GB,,,,1710,2022,A16 Bionic,,,,,,,
Switch,iPhone,Pro Max,iPhone 14 Pro Max,,128 GB,,,,1590,2022,A16 Bionic,,,,,,,
Switch,iPhone,Pro,iPhone 14 Pro,,1 TB,,,,1690,2022,A16 Bionic,,,,,,,
Switch,iPhone,Pro,iPhone 14 Pro,,512 GB,,,,1610,2022,A16 Bionic,,,,,,,
Switch,iPhone,Pro,iPhone 14 Pro,,256 GB,,,,1540,2022,A16 Bionic,,,,,,,
Switch,iPhone,Pro,iPhone 14 Pro,,128 GB,,,,1340,2022,A16 Bionic,,,,,,,
Switch,iPhone,Plus,iPhone 14 Plus,,512 GB,,,,1240,2022,A15 Bionic,,,,,,,
Switch,iPhone,Plus,iPhone 14 Plus,,256 GB,,,,1050,2022,A15 Bionic,,,,,,,
Switch,iPhone,Plus,iPhone 14 Plus,,128 GB,,,,950,2022,A15 Bionic,,,,,,,
Switch,iPhone,Standard,iPhone 14,,512 GB,,,,1110,2022,A15 Bionic,,,,,,,
Switch,iPhone,Standard,iPhone 14,,256 GB,,,,950,2022,A15 Bionic,,,,,,,
Switch,iPhone,Standard,iPhone 14,,128 GB,,,,850,2022,A15 Bionic,,,,,,,
Switch,iPhone,Pro Max,iPhone 13 Pro Max,,1 TB,,,,1460,2021,A15 Bionic,,,,,,,
Switch,iPhone,Pro Max,iPhone 13 Pro Max,,512 GB,,,,1340,2021,A15 Bionic,,,,,,,
Switch,iPhone,Pro Max,iPhone 13 Pro Max,,256 GB,,,,1290,2021,A15 Bionic,,,,,,,
Switch,iPhone,Pro Max,iPhone 13 Pro Max,,128 GB,,,,1110,2021,A15 Bionic,,,,,,,
Switch,iPhone,Pro,iPhone 13 Pro,,1 TB,,,,1260,2021,A15 Bionic,,,,,,,
Switch,iPhone,Pro,iPhone 13 Pro,,512 GB,,,,1150,2021,A15 Bionic,,,,,,,
Switch,iPhone,Pro,iPhone 13 Pro,,256 GB,,,,1060,2021,A15 Bionic,,,,,,,
Switch,iPhone,Pro,iPhone 13 Pro,,128 GB,,,,990,2021,A15 Bionic,,,,,,,
Switch,iPhone,Mini,iPhone 13 Mini,,512 GB,,,,600,2021,A15 Bionic,,,,,,,
Switch,iPhone,Mini,iPhone 13 Mini,,256 GB,,,,550,2021,A15 Bionic,,,,,,,
Switch,iPhone,Mini,iPhone 13 Mini,,128 GB,,,,500,2021,A15 Bionic,,,,,,,
Switch,iPhone,Standard,iPhone 13,,512 GB,,,,910,2021,A15 Bionic,,,,,,,
Switch,iPhone,Standard,iPhone 13,,256 GB,,,,850,2021,A15 Bionic,,,,,,,
Switch,iPhone,Standard,iPhone 13,,128 GB,,,,750,2021,A15 Bionic,,,,,,,
Switch,iPhone,Pro Max,iPhone 12 Pro Max,,512 GB,,,,990,2020,A14 Bionic,,,,,,,
Switch,iPhone,Pro Max,iPhone 12 Pro Max,,256 GB,,,,910,2020,A14 Bionic,,,,,,,
Switch,iPhone,Pro Max,iPhone 12 Pro Max,,128 GB,,,,810,2020,A14 Bionic,,,,,,,
Switch,iPhone,Pro,iPhone 12 Pro,,512 GB,,,,760,2020,A14 Bionic,,,,,,,
Switch,iPhone,Pro,iPhone 12 Pro,,256 GB,,,,710,2020,A14 Bionic,,,,,,,
Switch,iPhone,Pro,iPhone 12 Pro,,128 GB,,,,640,2020,A14 Bionic,,,,,,,
Switch,iPhone,Mini,iPhone 12 Mini,,256 GB,,,,450,2020,A14 Bionic,,,,,,,
Switch,iPhone,Mini,iPhone 12 Mini,,128 GB,,,,400,2020,A14 Bionic,,,,,,,
Switch,iPhone,Mini,iPhone 12 Mini,,64 GB,,,,300,2020,A14 Bionic,,,,,,,
Switch,iPhone,Standard,iPhone 12,,256 GB,,,,590,2020,A14 Bionic,,,,,,,
Switch,iPhone,Standard,iPhone 12,,128 GB,,,,510,2020,A14 Bionic,,,,,,,
Switch,iPhone,Standard,iPhone 12,,64 GB,,,,460,2020,A14 Bionic,,,,,,,
Switch,iPhone,Pro Max,iPhone 11 Pro Max,,512 GB,,,,650,2019,A13 Bionic,,,,,,,
Switch,iPhone,Pro Max,iPhone 11 Pro Max,,256 GB,,,,560,2019,A13 Bionic,,,,,,,
Switch,iPhone,Pro Max,iPhone 11 Pro Max,,64 GB,,,,490,2019,A13 Bionic,,,,,,,
Switch,iPhone,Pro,iPhone 11 Pro,,512 GB,,,,590,2019,A13 Bionic,,,,,,,
Switch,iPhone,Pro,iPhone 11 Pro,,256 GB,,,,450,2019,A13 Bionic,,,,,,,
Switch,iPhone,Pro,iPhone 11 Pro,,64 GB,,,,400,2019,A13 Bionic,,,,,,,
Switch,iPhone,Standard,iPhone 11,,256 GB,,,,460,2019,A13 Bionic,,,,,,,
Switch,iPhone,Standard,iPhone 11,,128 GB,,,,350,2019,A13 Bionic,,,,,,,
Switch,iPhone,Standard,iPhone 11,,64 GB,,,,300,2019,A13 Bionic,,,,,,,
Switch,iPhone,Standard,iPhone XS Max,,512 GB,,,,400,2018,A12 Bionic,,,,,,,
Switch,iPhone,Standard,iPhone XS Max,,256 GB,,,,370,2018,A12 Bionic,,,,,,,
Switch,iPhone,Standard,iPhone XS Max,,64 GB,,,,290,2018,A12 Bionic,,,,,,,
Switch,iPhone,Standard,iPhone XS,,512 GB,,,,310,2018,A12 Bionic,,,,,,,
Switch,iPhone,Standard,iPhone XS,,256 GB,,,,260,2018,A12 Bionic,,,,,,,
Switch,iPhone,Standard,iPhone XS,,64 GB,,,,210,2018,A12 Bionic,,,,,,,
Switch,iPhone,Standard,iPhone XR,,256 GB,,,,280,2018,A12 Bionic,,,,,,,
Switch,iPhone,Standard,iPhone XR,,128 GB,,,,230,2018,A12 Bionic,,,,,,,
Switch,iPhone,Standard,iPhone XR,,64 GB,,,,160,2018,A12 Bionic,,,,,,,
Switch,iPhone,Standard,iPhone X,,256 GB,,,,190,2017,A11 Bionic,,,,,,,
Switch,iPhone,Standard,iPhone X,,64 GB,,,,140,2017,A11 Bionic,,,,,,,
Switch,iPhone,SE,iPhone SE (2022),,256 GB,,,,270,2022,A15 Bionic,,,,,,,
Switch,iPhone,SE,iPhone SE (2022),,128 GB,,,,220,2022,A15 Bionic,,,,,,,
Switch,iPhone,SE,iPhone SE (2022),,64 GB,,,,170,2022,A15 Bionic,,,,,,,
Switch,iPhone,SE,iPhone SE (2020),,256 GB,,,,220,2020,A13 Bionic,,,,,,,
Switch,iPhone,SE,iPhone SE (2020),,128 GB,,,,170,2020,A13 Bionic,,,,,,,
Switch,iPhone,SE,iPhone SE (2020),,64 GB,,,,120,2020,A13 Bionic,,,,,,,
Switch,iPhone,SE,iPhone SE (2016),,128 GB,,,,5,2016,A9,,,,,,,
Switch,iPhone,SE,iPhone SE (2016),,64 GB,,,,5,2016,A9,,,,,,,
Switch,iPhone,SE,iPhone SE (2016),,32 GB,,,,5,2016,A9,,,,,,,
Switch,iPhone,SE,iPhone SE (2016),,16 GB,,,,5,2016,A9,,,,,,,
Switch,iPhone,Plus,iPhone 8 Plus,,256 GB,,,,190,2017,A11 Bionic,,,,,,,
Switch,iPhone,Plus,iPhone 8 Plus,,128 GB,,,,160,2017,A11 Bionic,,,,,,,
Switch,iPhone,Plus,iPhone 8 Plus,,64 GB,,,,130,2017,A11 Bionic,,,,,,,
Switch,iPhone,Standard,iPhone 8,,256 GB,,,,180,2017,A11 Bionic,,,,,,,
Switch,iPhone,Standard,iPhone 8,,128 GB,,,,140,2017,A11 Bionic,,,,,,,
Switch,iPhone,Standard,iPhone 8,,64 GB,,,,120,2017,A11 Bionic,,,,,,,
Switch,iPhone,Plus,iPhone 7 Plus,,256 GB,,,,140,2016,A10 Fusion,,,,,,,
Switch,iPhone,Plus,iPhone 7 Plus,,128 GB,,,,110,2016,A10 Fusion,,,,,,,
Switch,iPhone,Plus,iPhone 7 Plus,,32 GB,,,,80,2016,A10 Fusion,,,,,,,
Switch,iPhone,Standard,iPhone 7,,256 GB,,,,90,2016,A10 Fusion,,,,,,,
Switch,iPhone,Standard,iPhone 7,,128 GB,,,,70,2016,A10 Fusion,,,,,,,
Switch,iPhone,Standard,iPhone 7,,32 GB,,,,50,2016,A10 Fusion,,,,,,,
Switch,iPhone,Plus,iPhone 6s Plus,,128 GB,,,,20,2015,A9,,,,,,,
Switch,iPhone,Plus,iPhone 6s Plus,,64 GB,,,,20,2015,A9,,,,,,,
Switch,iPhone,Plus,iPhone 6s Plus,,32 GB,,,,20,2015,A9,,,,,,,
Switch,iPhone,Plus,iPhone 6s Plus,,16 GB,,,,20,2015,A9,,,,,,,
Switch,iPhone,Standard,iPhone 6s,,128 GB,,,,10,2015,A9,,,,,,,
Switch,iPhone,Standard,iPhone 6s,,64 GB,,,,10,2015,A9,,,,,,,
Switch,iPhone,Standard,iPhone 6s,,32 GB,,,,10,2015,A9,,,,,,,
Switch,iPhone,Standard,iPhone 6s,,16 GB,,,,10,2015,A9,,,,,,,
Switch,iPhone,Plus,iPhone 6 Plus,,128 GB,,,,10,2014,A8,,,,,,,
Switch,iPhone,Plus,iPhone 6 Plus,,64 GB,,,,10,2014,A8,,,,,,,
Switch,iPhone,Plus,iPhone 6 Plus,,16 GB,,,,10,2014,A8,,,,,,,
Switch,iPhone,Standard,iPhone 6,,128 GB,,,,5,2014,A8,,,,,,,
Switch,iPhone,Standard,iPhone 6,,64 GB,,,,5,2014,A8,,,,,,,
Switch,iPhone,Standard,iPhone 6,,32 GB,,,,5,2014,A8,,,,,,,
Switch,iPhone,Standard,iPhone 6,,16 GB,,,,5,2014,A8,,,,,,,
Switch,iPhone,Standard,iPhone 5s,,64 GB,,,,5,2013,A7,,,,,,,
Switch,iPhone,Standard,iPhone 5s,,32 GB,,,,5,2013,A7,,,,,,,
Switch,iPhone,Standard,iPhone 5s,,16 GB,,,,5,2013,A7,,,,,,,
UR,iPhone,Pro Max,iPhone 17 Pro Max,,2 TB,,,,6010,2025,A19 Pro,,,,,,,
UR,iPhone,Pro Max,iPhone 17 Pro Max,,1 TB,,,,4800,2025,A19 Pro,,,,,,,
UR,iPhone,Pro Max,iPhone 17 Pro Max,,512 GB,,,,4130,2025,A19 Pro,,,,,,,
UR,iPhone,Pro Max,iPhone 17 Pro Max,,256 GB,,,,3500,2025,A19 Pro,,,,,,,
UR,iPhone,Pro,iPhone 17 Pro,,1 TB,,,,4150,2025,A19 Pro,,,,,,,
UR,iPhone,Pro,iPhone 17 Pro,,512 GB,,,,3600,2025,A19 Pro,,,,,,,
UR,iPhone,Pro,iPhone 17 Pro,,256 GB,,,,3190,2025,A19 Pro,,,,,,,
UR,iPhone,Standard,iPhone 17,,512 GB,,,,2700,2025,A19,,,,,,,
UR,iPhone,Standard,iPhone 17,,256 GB,,,,2290,2025,A19,,,,,,,
UR,iPhone,Air,iPhone Air,,256 GB,,,,2200,2025,A19 Pro,,,,,,,
UR,iPhone,Air,iPhone Air,,512 GB,,,,2400,2025,A19 Pro,,,,,,,
UR,iPhone,Air,iPhone Air,,1 TB,,,,2800,2025,A19 Pro,,,,,,,
UR,iPhone,Pro Max,iPhone 16 Pro Max,,1 TB,,,,3500,2024,A18 Pro,,,,,,,
UR,iPhone,Pro Max,iPhone 16 Pro Max,,512 GB,,,,3200,2024,A18 Pro,,,,,,,
UR,iPhone,Pro Max,iPhone 16 Pro Max,,256 GB,,,,3010,2024,A18 Pro,,,,,,,
UR,iPhone,Pro,iPhone 16 Pro,,1 TB,,,,2900,2024,A18 Pro,,,,,,,
UR,iPhone,Pro,iPhone 16 Pro,,512 GB,,,,2700,2024,A18 Pro,,,,,,,
UR,iPhone,Pro,iPhone 16 Pro,,256 GB,,,,2540,2024,A18 Pro,,,,,,,
UR,iPhone,Pro,iPhone 16 Pro,,128 GB,,,,2310,2024,A18 Pro,,,,,,,
UR,iPhone,Plus,iPhone 16 Plus,,512 GB,,,,2500,2024,A18,,,,,,,
UR,iPhone,Plus,iPhone 16 Plus,,256 GB,,,,2250,2024,A18,,,,,,,
UR,iPhone,Plus,iPhone 16 Plus,,128 GB,,,,2090,2024,A18,,,,,,,
UR,iPhone,Standard,iPhone 16,,512 GB,,,,2180,2024,A18,,,,,,,
UR,iPhone,Standard,iPhone 16,,256 GB,,,,1980,2024,A18,,,,,,,
UR,iPhone,Standard,iPhone 16,,128 GB,,,,1800,2024,A18,,,,,,,
UR,iPhone,Standard,iPhone 16e,,512 GB,,,,1500,2025,A18,,,,,,,
UR,iPhone,Standard,iPhone 16e,,256 GB,,,,1200,2025,A18,,,,,,,
UR,iPhone,Standard,iPhone 16e,,128 GB,,,,1050,2025,A18,,,,,,,
UR,iPhone,Pro Max,iPhone 15 Pro Max,,1 TB,,,,2660,2023,A17 Pro,,,,,,,
UR,iPhone,Pro Max,iPhone 15 Pro Max,,512 GB,,,,2440,2023,A17 Pro,,,,,,,
UR,iPhone,Pro Max,iPhone 15 Pro Max,,256 GB,,,,2210,2023,A17 Pro,,,,,,,
UR,iPhone,Pro,iPhone 15 Pro,,1 TB,,,,2360,2023,A17 Pro,,,,,,,
UR,iPhone,Pro,iPhone 15 Pro,,512 GB,,,,2140,2023,A17 Pro,,,,,,,
UR,iPhone,Pro,iPhone 15 Pro,,256 GB,,,,2010,2023,A17 Pro,,,,,,,
UR,iPhone,Pro,iPhone 15 Pro,,128 GB,,,,1740,2023,A17 Pro,,,,,,,
UR,iPhone,Plus,iPhone 15 Plus,,512 GB,,,,1800,2023,A16 Bionic,,,,,,,
UR,iPhone,Plus,iPhone 15 Plus,,256 GB,,,,1600,2023,A16 Bionic,,,,,,,
UR,iPhone,Plus,iPhone 15 Plus,,128 GB,,,,1450,2023,A16 Bionic,,,,,,,
UR,iPhone,Standard,iPhone 15,,512 GB,,,,1600,2023,A16 Bionic,,,,,,,
UR,iPhone,Standard,iPhone 15,,256 GB,,,,1450,2023,A16 Bionic,,,,,,,
UR,iPhone,Standard,iPhone 15,,128 GB,,,,1300,2023,A16 Bionic,,,,,,,
UR,iPhone,Pro Max,iPhone 14 Pro Max,,1 TB,,,,1990,2022,A16 Bionic,,,,,,,
UR,iPhone,Pro Max,iPhone 14 Pro Max,,512 GB,,,,1850,2022,A16 Bionic,,,,,,,
UR,iPhone,Pro Max,iPhone 14 Pro Max,,256 GB,,,,1710,2022,A16 Bionic,,,,,,,
UR,iPhone,Pro Max,iPhone 14 Pro Max,,128 GB,,,,1590,2022,A16 Bionic,,,,,,,
UR,iPhone,Pro,iPhone 14 Pro,,1 TB,,,,1690,2022,A16 Bionic,,,,,,,
UR,iPhone,Pro,iPhone 14 Pro,,512 GB,,,,1610,2022,A16 Bionic,,,,,,,
UR,iPhone,Pro,iPhone 14 Pro,,256 GB,,,,1540,2022,A16 Bionic,,,,,,,
UR,iPhone,Pro,iPhone 14 Pro,,128 GB,,,,1340,2022,A16 Bionic,,,,,,,
UR,iPhone,Plus,iPhone 14 Plus,,512 GB,,,,1240,2022,A15 Bionic,,,,,,,
UR,iPhone,Plus,iPhone 14 Plus,,256 GB,,,,1050,2022,A15 Bionic,,,,,,,
UR,iPhone,Plus,iPhone 14 Plus,,128 GB,,,,950,2022,A15 Bionic,,,,,,,
UR,iPhone,Standard,iPhone 14,,512 GB,,,,1110,2022,A15 Bionic,,,,,,,
UR,iPhone,Standard,iPhone 14,,256 GB,,,,950,2022,A15 Bionic,,,,,,,
UR,iPhone,Standard,iPhone 14,,128 GB,,,,850,2022,A15 Bionic,,,,,,,
UR,iPhone,Pro Max,iPhone 13 Pro Max,,1 TB,,,,1460,2021,A15 Bionic,,,,,,,
UR,iPhone,Pro Max,iPhone 13 Pro Max,,512 GB,,,,1340,2021,A15 Bionic,,,,,,,
UR,iPhone,Pro Max,iPhone 13 Pro Max,,256 GB,,,,1290,2021,A15 Bionic,,,,,,,
UR,iPhone,Pro Max,iPhone 13 Pro Max,,128 GB,,,,1110,2021,A15 Bionic,,,,,,,
UR,iPhone,Pro,iPhone 13 Pro,,1 TB,,,,1260,2021,A15 Bionic,,,,,,,
UR,iPhone,Pro,iPhone 13 Pro,,512 GB,,,,1150,2021,A15 Bionic,,,,,,,
UR,iPhone,Pro,iPhone 13 Pro,,256 GB,,,,1060,2021,A15 Bionic,,,,,,,
UR,iPhone,Pro,iPhone 13 Pro,,128 GB,,,,990,2021,A15 Bionic,,,,,,,
UR,iPhone,Mini,iPhone 13 Mini,,512 GB,,,,600,2021,A15 Bionic,,,,,,,
UR,iPhone,Mini,iPhone 13 Mini,,256 GB,,,,550,2021,A15 Bionic,,,,,,,
UR,iPhone,Mini,iPhone 13 Mini,,128 GB,,,,500,2021,A15 Bionic,,,,,,,
UR,iPhone,Standard,iPhone 13,,512 GB,,,,910,2021,A15 Bionic,,,,,,,
UR,iPhone,Standard,iPhone 13,,256 GB,,,,850,2021,A15 Bionic,,,,,,,
UR,iPhone,Standard,iPhone 13,,128 GB,,,,750,2021,A15 Bionic,,,,,,,
UR,iPhone,Pro Max,iPhone 12 Pro Max,,512 GB,,,,990,2020,A14 Bionic,,,,,,,
UR,iPhone,Pro Max,iPhone 12 Pro Max,,256 GB,,,,910,2020,A14 Bionic,,,,,,,
UR,iPhone,Pro Max,iPhone 12 Pro Max,,128 GB,,,,810,2020,A14 Bionic,,,,,,,
UR,iPhone,Pro,iPhone 12 Pro,,512 GB,,,,760,2020,A14 Bionic,,,,,,,
UR,iPhone,Pro,iPhone 12 Pro,,256 GB,,,,710,2020,A14 Bionic,,,,,,,
UR,iPhone,Pro,iPhone 12 Pro,,128 GB,,,,640,2020,A14 Bionic,,,,,,,
UR,iPhone,Mini,iPhone 12 Mini,,256 GB,,,,450,2020,A14 Bionic,,,,,,,
UR,iPhone,Mini,iPhone 12 Mini,,128 GB,,,,400,2020,A14 Bionic,,,,,,,
UR,iPhone,Mini,iPhone 12 Mini,,64 GB,,,,300,2020,A14 Bionic,,,,,,,
UR,iPhone,Standard,iPhone 12,,256 GB,,,,590,2020,A14 Bionic,,,,,,,
UR,iPhone,Standard,iPhone 12,,128 GB,,,,510,2020,A14 Bionic,,,,,,,
UR,iPhone,Standard,iPhone 12,,64 GB,,,,460,2020,A14 Bionic,,,,,,,
UR,iPhone,Pro Max,iPhone 11 Pro Max,,512 GB,,,,650,2019,A13 Bionic,,,,,,,
UR,iPhone,Pro Max,iPhone 11 Pro Max,,256 GB,,,,560,2019,A13 Bionic,,,,,,,
UR,iPhone,Pro Max,iPhone 11 Pro Max,,64 GB,,,,490,2019,A13 Bionic,,,,,,,
UR,iPhone,Pro,iPhone 11 Pro,,512 GB,,,,590,2019,A13 Bionic,,,,,,,
UR,iPhone,Pro,iPhone 11 Pro,,256 GB,,,,450,2019,A13 Bionic,,,,,,,
UR,iPhone,Pro,iPhone 11 Pro,,64 GB,,,,400,2019,A13 Bionic,,,,,,,
UR,iPhone,Standard,iPhone 11,,256 GB,,,,460,2019,A13 Bionic,,,,,,,
UR,iPhone,Standard,iPhone 11,,128 GB,,,,350,2019,A13 Bionic,,,,,,,
UR,iPhone,Standard,iPhone 11,,64 GB,,,,300,2019,A13 Bionic,,,,,,,
UR,iPhone,Standard,iPhone XS Max,,512 GB,,,,400,2018,A12 Bionic,,,,,,,
UR,iPhone,Standard,iPhone XS Max,,256 GB,,,,370,2018,A12 Bionic,,,,,,,
UR,iPhone,Standard,iPhone XS Max,,64 GB,,,,290,2018,A12 Bionic,,,,,,,
UR,iPhone,Standard,iPhone XS,,512 GB,,,,310,2018,A12 Bionic,,,,,,,
UR,iPhone,Standard,iPhone XS,,256 GB,,,,260,2018,A12 Bionic,,,,,,,
UR,iPhone,Standard,iPhone XS,,64 GB,,,,210,2018,A12 Bionic,,,,,,,
UR,iPhone,Standard,iPhone XR,,256 GB,,,,280,2018,A12 Bionic,,,,,,,
UR,iPhone,Standard,iPhone XR,,128 GB,,,,230,2018,A12 Bionic,,,,,,,
UR,iPhone,Standard,iPhone XR,,64 GB,,,,160,2018,A12 Bionic,,,,,,,
UR,iPhone,Standard,iPhone X,,256 GB,,,,190,2017,A11 Bionic,,,,,,,
UR,iPhone,Standard,iPhone X,,64 GB,,,,140,2017,A11 Bionic,,,,,,,
UR,iPhone,SE,iPhone SE (2022),,256 GB,,,,270,2022,A15 Bionic,,,,,,,
UR,iPhone,SE,iPhone SE (2022),,128 GB,,,,220,2022,A15 Bionic,,,,,,,
UR,iPhone,SE,iPhone SE (2022),,64 GB,,,,170,2022,A15 Bionic,,,,,,,
UR,iPhone,SE,iPhone SE (2020),,256 GB,,,,220,2020,A13 Bionic,,,,,,,
UR,iPhone,SE,iPhone SE (2020),,128 GB,,,,170,2020,A13 Bionic,,,,,,,
UR,iPhone,SE,iPhone SE (2020),,64 GB,,,,120,2020,A13 Bionic,,,,,,,
UR,iPhone,SE,iPhone SE (2016),,128 GB,,,,5,2016,A9,,,,,,,
UR,iPhone,SE,iPhone SE (2016),,64 GB,,,,5,2016,A9,,,,,,,
UR,iPhone,SE,iPhone SE (2016),,32 GB,,,,5,2016,A9,,,,,,,
UR,iPhone,SE,iPhone SE (2016),,16 GB,,,,5,2016,A9,,,,,,,
UR,iPhone,Plus,iPhone 8 Plus,,256 GB,,,,190,2017,A11 Bionic,,,,,,,
UR,iPhone,Plus,iPhone 8 Plus,,128 GB,,,,160,2017,A11 Bionic,,,,,,,
UR,iPhone,Plus,iPhone 8 Plus,,64 GB,,,,130,2017,A11 Bionic,,,,,,,
UR,iPhone,Standard,iPhone 8,,256 GB,,,,180,2017,A11 Bionic,,,,,,,
UR,iPhone,Standard,iPhone 8,,128 GB,,,,140,2017,A11 Bionic,,,,,,,
UR,iPhone,Standard,iPhone 8,,64 GB,,,,120,2017,A11 Bionic,,,,,,,
UR,iPhone,Plus,iPhone 7 Plus,,256 GB,,,,140,2016,A10 Fusion,,,,,,,
UR,iPhone,Plus,iPhone 7 Plus,,128 GB,,,,110,2016,A10 Fusion,,,,,,,
UR,iPhone,Plus,iPhone 7 Plus,,32 GB,,,,80,2016,A10 Fusion,,,,,,,
UR,iPhone,Standard,iPhone 7,,256 GB,,,,90,2016,A10 Fusion,,,,,,,
UR,iPhone,Standard,iPhone 7,,128 GB,,,,70,2016,A10 Fusion,,,,,,,
UR,iPhone,Standard,iPhone 7,,32 GB,,,,50,2016,A10 Fusion,,,,,,,
UR,iPhone,Plus,iPhone 6s Plus,,128 GB,,,,20,2015,A9,,,,,,,
UR,iPhone,Plus,iPhone 6s Plus,,64 GB,,,,20,2015,A9,,,,,,,
UR,iPhone,Plus,iPhone 6s Plus,,32 GB,,,,20,2015,A9,,,,,,,
UR,iPhone,Plus,iPhone 6s Plus,,16 GB,,,,20,2015,A9,,,,,,,
UR,iPhone,Standard,iPhone 6s,,128 GB,,,,10,2015,A9,,,,,,,
UR,iPhone,Standard,iPhone 6s,,64 GB,,,,10,2015,A9,,,,,,,
UR,iPhone,Standard,iPhone 6s,,32 GB,,,,10,2015,A9,,,,,,,
UR,iPhone,Standard,iPhone 6s,,16 GB,,,,10,2015,A9,,,,,,,
UR,iPhone,Plus,iPhone 6 Plus,,128 GB,,,,10,2014,A8,,,,,,,
UR,iPhone,Plus,iPhone 6 Plus,,64 GB,,,,10,2014,A8,,,,,,,
UR,iPhone,Plus,iPhone 6 Plus,,16 GB,,,,10,2014,A8,,,,,,,
UR,iPhone,Standard,iPhone 6,,128 GB,,,,5,2014,A8,,,,,,,
UR,iPhone,Standard,iPhone 6,,64 GB,,,,5,2014,A8,,,,,,,
UR,iPhone,Standard,iPhone 6,,32 GB,,,,5,2014,A8,,,,,,,
UR,iPhone,Standard,iPhone 6,,16 GB,,,,5,2014,A8,,,,,,,
UR,iPhone,Standard,iPhone 5s,,64 GB,,,,5,2013,A7,,,,,,,
UR,iPhone,Standard,iPhone 5s,,32 GB,,,,5,2013,A7,,,,,,,
UR,iPhone,Standard,iPhone 5s,,16 GB,,,,5,2013,A7,,,,,,,
U Mobile,iPhone,Standard,iPhone 15,,128 GB,,,,1425,2023,A16 Bionic,,,,,,,
U Mobile,iPhone,Standard,iPhone 15,,256 GB,,,,1550,2023,A16 Bionic,,,,,,,
U Mobile,iPhone,Standard,iPhone 15,,512 GB,,,,1700,2023,A16 Bionic,,,,,,,
U Mobile,iPhone,Plus,iPhone 15 Plus,,128 GB,,,,1525,2023,A16 Bionic,,,,,,,
U Mobile,iPhone,Plus,iPhone 15 Plus,,256 GB,,,,1695,2023,A16 Bionic,,,,,,,
U Mobile,iPhone,Plus,iPhone 15 Plus,,512 GB,,,,1930,2023,A16 Bionic,,,,,,,
U Mobile,iPhone,Pro,iPhone 15 Pro,,128 GB,,,,1840,2023,A17 Pro,,,,,,,
U Mobile,iPhone,Pro,iPhone 15 Pro,,256 GB,,,,2000,2023,A17 Pro,,,,,,,
U Mobile,iPhone,Pro,iPhone 15 Pro,,512 GB,,,,2200,2023,A17 Pro,,,,,,,
U Mobile,iPhone,Pro Max,iPhone 15 Pro Max,,1 TB,,,,2810,2023,A17 Pro,,,,,,,
U Mobile,iPhone,Pro Max,iPhone 15 Pro Max,,256 GB,,,,2200,2023,A17 Pro,,,,,,,
U Mobile,iPhone,Pro Max,iPhone 15 Pro Max,,512 GB,,,,2510,2023,A17 Pro,,,,,,,
U Mobile,iPhone,Standard,iPhone 11,,128 GB,,,,390,2019,A13 Bionic,,,,,,,
U Mobile,iPhone,Standard,iPhone 11,,256 GB,,,,470,2019,A13 Bionic,,,,,,,
U Mobile,iPhone,Standard,iPhone 11,,64 GB,,,,340,2019,A13 Bionic,,,,,,,
U Mobile,iPhone,Pro,iPhone 11 Pro,,256 GB,,,,490,2019,A13 Bionic,,,,,,,
U Mobile,iPhone,Pro,iPhone 11 Pro,,512 GB,,,,580,2019,A13 Bionic,,,,,,,
U Mobile,iPhone,Pro,iPhone 11 Pro,,64 GB,,,,415,2019,A13 Bionic,,,,,,,
U Mobile,iPhone,Pro Max,iPhone 11 Pro Max,,256 GB,,,,600,2019,A13 Bionic,,,,,,,
U Mobile,iPhone,Pro Max,iPhone 11 Pro Max,,512 GB,,,,680,2019,A13 Bionic,,,,,,,
U Mobile,iPhone,Pro Max,iPhone 11 Pro Max,,64 GB,,,,495,2019,A13 Bionic,,,,,,,
U Mobile,iPhone,Standard,iPhone 12,,128 GB,,,,520,2020,A14 Bionic,,,,,,,
U Mobile,iPhone,Standard,iPhone 12,,256 GB,,,,600,2020,A14 Bionic,,,,,,,
U Mobile,iPhone,Standard,iPhone 12,,64 GB,,,,470,2020,A14 Bionic,,,,,,,
U Mobile,iPhone,Pro,iPhone 12 Pro,,128 GB,,,,670,2020,A14 Bionic,,,,,,,
U Mobile,iPhone,Pro,iPhone 12 Pro,,256 GB,,,,710,2020,A14 Bionic,,,,,,,
U Mobile,iPhone,Pro,iPhone 12 Pro,,512 GB,,,,800,2020,A14 Bionic,,,,,,,
U Mobile,iPhone,Pro Max,iPhone 12 Pro Max,,128 GB,,,,830,2020,A14 Bionic,,,,,,,
U Mobile,iPhone,Pro Max,iPhone 12 Pro Max,,256 GB,,,,910,2020,A14 Bionic,,,,,,,
U Mobile,iPhone,Pro Max,iPhone 12 Pro Max,,512 GB,,,,1000,2020,A14 Bionic,,,,,,,
U Mobile,iPhone,Mini,iPhone 12 Mini,,128 GB,,,,400,2020,A14 Bionic,,,,,,,
U Mobile,iPhone,Mini,iPhone 12 Mini,,256 GB,,,,450,2020,A14 Bionic,,,,,,,
U Mobile,iPhone,Mini,iPhone 12 Mini,,64 GB,,,,320,2020,A14 Bionic,,,,,,,
U Mobile,iPhone,Standard,iPhone 13,,128 GB,,,,740,2021,A15 Bionic,,,,,,,
U Mobile,iPhone,Standard,iPhone 13,,256 GB,,,,840,2021,A15 Bionic,,,,,,,
U Mobile,iPhone,Standard,iPhone 13,,512 GB,,,,900,2021,A15 Bionic,,,,,,,
U Mobile,iPhone,Pro,iPhone 13 Pro,,128 GB,,,,975,2021,A15 Bionic,,,,,,,
U Mobile,iPhone,Pro,iPhone 13 Pro,,1 TB,,,,1305,2021,A15 Bionic,,,,,,,
U Mobile,iPhone,Pro,iPhone 13 Pro,,256 GB,,,,1080,2021,A15 Bionic,,,,,,,
U Mobile,iPhone,Pro,iPhone 13 Pro,,512 GB,,,,1140,2021,A15 Bionic,,,,,,,
U Mobile,iPhone,Pro Max,iPhone 13 Pro Max,,128 GB,,,,1140,2021,A15 Bionic,,,,,,,
U Mobile,iPhone,Pro Max,iPhone 13 Pro Max,,1 TB,,,,1560,2021,A15 Bionic,,,,,,,
U Mobile,iPhone,Pro Max,iPhone 13 Pro Max,,256 GB,,,,1310,2021,A15 Bionic,,,,,,,
U Mobile,iPhone,Pro Max,iPhone 13 Pro Max,,512 GB,,,,1370,2021,A15 Bionic,,,,,,,
U Mobile,iPhone,Mini,iPhone 13 Mini,,128 GB,,,,580,2021,A15 Bionic,,,,,,,
U Mobile,iPhone,Mini,iPhone 13 Mini,,256 GB,,,,640,2021,A15 Bionic,,,,,,,
U Mobile,iPhone,Mini,iPhone 13 Mini,,512 GB,,,,700,2021,A15 Bionic,,,,,,,
U Mobile,iPhone,Standard,iPhone 14,,128 GB,,,,935,2022,A15 Bionic,,,,,,,
U Mobile,iPhone,Standard,iPhone 14,,256 GB,,,,1040,2022,A15 Bionic,,,,,,,
U Mobile,iPhone,Standard,iPhone 14,,512 GB,,,,1160,2022,A15 Bionic,,,,,,,
U Mobile,iPhone,Plus,iPhone 14 Plus,,128 GB,,,,1055,2022,A15 Bionic,,,,,,,
U Mobile,iPhone,Plus,iPhone 14 Plus,,256 GB,,,,1160,2022,A15 Bionic,,,,,,,
U Mobile,iPhone,Plus,iPhone 14 Plus,,512 GB,,,,1270,2022,A15 Bionic,,,,,,,
U Mobile,iPhone,Pro,iPhone 14 Pro,,128 GB,,,,1340,2022,A16 Bionic,,,,,,,
U Mobile,iPhone,Pro,iPhone 14 Pro,,1 TB,,,,1725,2022,A16 Bionic,,,,,,,
U Mobile,iPhone,Pro,iPhone 14 Pro,,256 GB,,,,1540,2022,A16 Bionic,,,,,,,
U Mobile,iPhone,Pro,iPhone 14 Pro,,512 GB,,,,1620,2022,A16 Bionic,,,,,,,
U Mobile,iPhone,Pro Max,iPhone 14 Pro Max,,128 GB,,,,1590,2022,A16 Bionic,,,,,,,
U Mobile,iPhone,Pro Max,iPhone 14 Pro Max,,1 TB,,,,2000,2022,A16 Bionic,,,,,,,
U Mobile,iPhone,Pro Max,iPhone 14 Pro Max,,256 GB,,,,1700,2022,A16 Bionic,,,,,,,
U Mobile,iPhone,Pro Max,iPhone 14 Pro Max,,512 GB,,,,1835,2022,A16 Bionic,,,,,,,
U Mobile,iPhone,Standard,iPhone 16,,128 GB,,,,1845,2024,A18,,,,,,,
U Mobile,iPhone,Standard,iPhone 16,,256 GB,,,,2100,2024,A18,,,,,,,
U Mobile,iPhone,Standard,iPhone 16,,512 GB,,,,2430,2024,A18,,,,,,,
U Mobile,iPhone,Plus,iPhone 16 Plus,,128 GB,,,,2120,2024,A18,,,,,,,
U Mobile,iPhone,Plus,iPhone 16 Plus,,256 GB,,,,2335,2024,A18,,,,,,,
U Mobile,iPhone,Plus,iPhone 16 Plus,,512 GB,,,,2690,2024,A18,,,,,,,
U Mobile,iPhone,Pro,iPhone 16 Pro,,128 GB,,,,2485,2024,A18 Pro,,,,,,,
U Mobile,iPhone,Pro,iPhone 16 Pro,,1 TB,,,,3465,2024,A18 Pro,,,,,,,
U Mobile,iPhone,Pro,iPhone 16 Pro,,256 GB,,,,2700,2024,A18 Pro,,,,,,,
U Mobile,iPhone,Pro,iPhone 16 Pro,,512 GB,,,,3060,2024,A18 Pro,,,,,,,
U Mobile,iPhone,Pro Max,iPhone 16 Pro Max,,1 TB,,,,3820,2024,A18 Pro,,,,,,,
U Mobile,iPhone,Pro Max,iPhone 16 Pro Max,,256 GB,,,,3135,2024,A18 Pro,,,,,,,
U Mobile,iPhone,Pro Max,iPhone 16 Pro Max,,512 GB,,,,3460,2024,A18 Pro,,,,,,,
U Mobile,iPhone,Standard,iPhone 16e,,128 GB,,,,1250,2025,A18,,,,,,,
U Mobile,iPhone,Standard,iPhone 16e,,256 GB,,,,1440,2025,A18,,,,,,,
U Mobile,iPhone,Standard,iPhone 16e,,512 GB,,,,1870,2025,A18,,,,,,,
U Mobile,iPhone,Standard,iPhone 17,,256 GB,,,,2200,2025,A19,,,,,,,
U Mobile,iPhone,Standard,iPhone 17,,512 GB,,,,2750,2025,A19,,,,,,,
U Mobile,iPhone,Pro,iPhone 17 Pro,,1 TB,,,,4125,2025,A19 Pro,,,,,,,
U Mobile,iPhone,Pro,iPhone 17 Pro,,256 GB,,,,3025,2025,A19 Pro,,,,,,,
U Mobile,iPhone,Pro,iPhone 17 Pro,,512 GB,,,,3575,2025,A19 Pro,,,,,,,
U Mobile,iPhone,Pro Max,iPhone 17 Pro Max,,1 TB,,,,4400,2025,A19 Pro,,,,,,,
U Mobile,iPhone,Pro Max,iPhone 17 Pro Max,,256 GB,,,,3300,2025,A19 Pro,,,,,,,
U Mobile,iPhone,Pro Max,iPhone 17 Pro Max,,2 TB,,,,5500,2025,A19 Pro,,,,,,,
U Mobile,iPhone,Pro Max,iPhone 17 Pro Max,,512 GB,,,,3850,2025,A19 Pro,,,,,,,
U Mobile,iPhone,Standard,iPhone 17e,,256 GB,,,,1095,2026,A19,,,,,,,
U Mobile,iPhone,Standard,iPhone 17e,,512 GB,,,,1440,2026,A19,,,,,,,
U Mobile,iPhone,Standard,iPhone 8,,128 GB,,,,145,2017,A11 Bionic,,,,,,,
U Mobile,iPhone,Standard,iPhone 8,,256 GB,,,,185,2017,A11 Bionic,,,,,,,
U Mobile,iPhone,Standard,iPhone 8,,64 GB,,,,140,2017,A11 Bionic,,,,,,,
U Mobile,iPhone,Plus,iPhone 8 Plus,,128 GB,,,,225,2017,A11 Bionic,,,,,,,
U Mobile,iPhone,Plus,iPhone 8 Plus,,256 GB,,,,260,2017,A11 Bionic,,,,,,,
U Mobile,iPhone,Plus,iPhone 8 Plus,,64 GB,,,,190,2017,A11 Bionic,,,,,,,
U Mobile,iPhone,SE,iPhone SE (2020),,128 GB,,,,210,2020,A13 Bionic,,,,,,,
U Mobile,iPhone,SE,iPhone SE (2020),,256 GB,,,,245,2020,A13 Bionic,,,,,,,
U Mobile,iPhone,SE,iPhone SE (2020),,64 GB,,,,160,2020,A13 Bionic,,,,,,,
U Mobile,iPhone,SE,iPhone SE (2022),,128 GB,,,,350,2022,A15 Bionic,,,,,,,
U Mobile,iPhone,SE,iPhone SE (2022),,256 GB,,,,380,2022,A15 Bionic,,,,,,,
U Mobile,iPhone,SE,iPhone SE (2022),,64 GB,,,,300,2022,A15 Bionic,,,,,,,
U Mobile,iPhone,Standard,iPhone X,,256 GB,,,,130,2017,A11 Bionic,,,,,,,
U Mobile,iPhone,Standard,iPhone X,,64 GB,,,,185,2017,A11 Bionic,,,,,,,
U Mobile,iPhone,Standard,iPhone XR,,128 GB,,,,220,2018,A12 Bionic,,,,,,,
U Mobile,iPhone,Standard,iPhone XR,,256 GB,,,,270,2018,A12 Bionic,,,,,,,
U Mobile,iPhone,Standard,iPhone XR,,64 GB,,,,155,2018,A12 Bionic,,,,,,,
U Mobile,iPhone,Standard,iPhone XS,,256 GB,,,,255,2018,A12 Bionic,,,,,,,
U Mobile,iPhone,Standard,iPhone XS,,512 GB,,,,305,2018,A12 Bionic,,,,,,,
U Mobile,iPhone,Standard,iPhone XS,,64 GB,,,,205,2018,A12 Bionic,,,,,,,
U Mobile,iPhone,Standard,iPhone XS Max,,256 GB,,,,365,2018,A12 Bionic,,,,,,,
U Mobile,iPhone,Standard,iPhone XS Max,,512 GB,,,,390,2018,A12 Bionic,,,,,,,
U Mobile,iPhone,Standard,iPhone XS Max,,64 GB,,,,285,2018,A12 Bionic,,,,,,,
CompAsia,iPad,iPad,iPad 10,,256 GB,,Wi-Fi,,800,2022,A14 Bionic,10.9,,,,,,
CompAsia,iPad,iPad,iPad 10,,64 GB,,Wi-Fi,,600,2022,A14 Bionic,10.9,,,,,,
CompAsia,iPad,iPad,iPad 10,,256 GB,,Wi-Fi + Cellular,,975,2022,A14 Bionic,10.9,,,,,,
CompAsia,iPad,iPad,iPad 10,,64 GB,,Wi-Fi + Cellular,,750,2022,A14 Bionic,10.9,,,,,,
CompAsia,iPad,iPad,iPad 11,,128 GB,,Wi-Fi,,600,2025,A16,11.0,,,,,,
CompAsia,iPad,iPad,iPad 11,,256 GB,,Wi-Fi,,775,2025,A16,11.0,,,,,,
CompAsia,iPad,iPad,iPad 11,,512 GB,,Wi-Fi,,1075,2025,A16,11.0,,,,,,
CompAsia,iPad,iPad,iPad 11,,128 GB,,Wi-Fi + Cellular,,800,2025,A16,11.0,,,,,,
CompAsia,iPad,iPad,iPad 11,,256 GB,,Wi-Fi + Cellular,,1000,2025,A16,11.0,,,,,,
CompAsia,iPad,iPad,iPad 11,,512 GB,,Wi-Fi + Cellular,,1325,2025,A16,11.0,,,,,,
CompAsia,iPad,iPad,iPad 7,,128 GB,,Wi-Fi,,225,2019,A10 Fusion,10.2,,,,,,
CompAsia,iPad,iPad,iPad 7,,32 GB,,Wi-Fi,,125,2019,A10 Fusion,10.2,,,,,,
CompAsia,iPad,iPad,iPad 7,,128 GB,,Wi-Fi + Cellular,,325,2019,A10 Fusion,10.2,,,,,,
CompAsia,iPad,iPad,iPad 7,,32 GB,,Wi-Fi + Cellular,,150,2019,A10 Fusion,10.2,,,,,,
CompAsia,iPad,iPad,iPad 8,,128 GB,,Wi-Fi,,300,2020,A12 Bionic,10.2,,,,,,
CompAsia,iPad,iPad,iPad 8,,32 GB,,Wi-Fi,,225,2020,A12 Bionic,10.2,,,,,,
CompAsia,iPad,iPad,iPad 8,,128 GB,,Wi-Fi + Cellular,,400,2020,A12 Bionic,10.2,,,,,,
CompAsia,iPad,iPad,iPad 8,,32 GB,,Wi-Fi + Cellular,,300,2020,A12 Bionic,10.2,,,,,,
CompAsia,iPad,iPad,iPad 9,,256 GB,,Wi-Fi,,525,2021,A13 Bionic,10.2,,,,,,
CompAsia,iPad,iPad,iPad 9,,64 GB,,Wi-Fi,,350,2021,A13 Bionic,10.2,,,,,,
CompAsia,iPad,iPad,iPad 9,,256 GB,,Wi-Fi + Cellular,,650,2021,A13 Bionic,10.2,,,,,,
CompAsia,iPad,iPad,iPad 9,,64 GB,,Wi-Fi + Cellular,,525,2021,A13 Bionic,10.2,,,,,,
CompAsia,iPad,iPad Air,iPad Air 7 11-inch M3 (2025),,128 GB,,Wi-Fi,,1225,2025,M3,11.0,,,,,,
CompAsia,iPad,iPad Air,iPad Air 7 11-inch M3 (2025),,1 TB,,Wi-Fi,,2175,2025,M3,11.0,,,,,,
CompAsia,iPad,iPad Air,iPad Air 7 11-inch M3 (2025),,256 GB,,Wi-Fi,,1425,2025,M3,11.0,,,,,,
CompAsia,iPad,iPad Air,iPad Air 7 11-inch M3 (2025),,512 GB,,Wi-Fi,,1825,2025,M3,11.0,,,,,,
CompAsia,iPad,iPad Air,iPad Air 7 11-inch M3 (2025),,128 GB,,Wi-Fi + Cellular,,1600,2025,M3,11.0,,,,,,
CompAsia,iPad,iPad Air,iPad Air 7 11-inch M3 (2025),,1 TB,,Wi-Fi + Cellular,,2575,2025,M3,11.0,,,,,,
CompAsia,iPad,iPad Air,iPad Air 7 11-inch M3 (2025),,256 GB,,Wi-Fi + Cellular,,1825,2025,M3,11.0,,,,,,
CompAsia,iPad,iPad Air,iPad Air 7 11-inch M3 (2025),,512 GB,,Wi-Fi + Cellular,,2200,2025,M3,11.0,,,,,,
CompAsia,iPad,iPad Air,iPad Air 7 13-inch M3 (2025),,128 GB,,Wi-Fi,,1600,2025,M3,13.0,,,,,,
CompAsia,iPad,iPad Air,iPad Air 7 13-inch M3 (2025),,1 TB,,Wi-Fi,,2400,2025,M3,13.0,,,,,,
CompAsia,iPad,iPad Air,iPad Air 7 13-inch M3 (2025),,256 GB,,Wi-Fi,,1800,2025,M3,13.0,,,,,,
CompAsia,iPad,iPad Air,iPad Air 7 13-inch M3 (2025),,512 GB,,Wi-Fi,,2050,2025,M3,13.0,,,,,,
CompAsia,iPad,iPad Air,iPad Air 7 13-inch M3 (2025),,128 GB,,Wi-Fi + Cellular,,1875,2025,M3,13.0,,,,,,
CompAsia,iPad,iPad Air,iPad Air 7 13-inch M3 (2025),,1 TB,,Wi-Fi + Cellular,,2700,2025,M3,13.0,,,,,,
CompAsia,iPad,iPad Air,iPad Air 7 13-inch M3 (2025),,256 GB,,Wi-Fi + Cellular,,2100,2025,M3,13.0,,,,,,
CompAsia,iPad,iPad Air,iPad Air 7 13-inch M3 (2025),,512 GB,,Wi-Fi + Cellular,,2400,2025,M3,13.0,,,,,,
CompAsia,iPad,iPad Air,iPad Air 6 13-inch M2 (2024),,128 GB,,Wi-Fi,,1250,2024,M2,13.0,,,,,,
CompAsia,iPad,iPad Air,iPad Air 6 13-inch M2 (2024),,1 TB,,Wi-Fi,,2075,2024,M2,13.0,,,,,,
CompAsia,iPad,iPad Air,iPad Air 6 13-inch M2 (2024),,256 GB,,Wi-Fi,,1425,2024,M2,13.0,,,,,,
CompAsia,iPad,iPad Air,iPad Air 6 13-inch M2 (2024),,512 GB,,Wi-Fi,,1750,2024,M2,13.0,,,,,,
CompAsia,iPad,iPad Air,iPad Air 6 13-inch M2 (2024),,128 GB,,Wi-Fi + Cellular,,1525,2024,M2,13.0,,,,,,
CompAsia,iPad,iPad Air,iPad Air 6 13-inch M2 (2024),,1 TB,,Wi-Fi + Cellular,,2300,2024,M2,13.0,,,,,,
CompAsia,iPad,iPad Air,iPad Air 6 13-inch M2 (2024),,256 GB,,Wi-Fi + Cellular,,1725,2024,M2,13.0,,,,,,
CompAsia,iPad,iPad Air,iPad Air 6 13-inch M2 (2024),,512 GB,,Wi-Fi + Cellular,,2075,2024,M2,13.0,,,,,,
CompAsia,iPad,iPad Air,iPad Air 4 10.9-inch A14 (2020),,256 GB,,Wi-Fi,,725,2020,A14 Bionic,10.9,,,,,,
CompAsia,iPad,iPad Air,iPad Air 4 10.9-inch A14 (2020),,64 GB,,Wi-Fi,,550,2020,A14 Bionic,10.9,,,,,,
CompAsia,iPad,iPad Air,iPad Air 4 10.9-inch A14 (2020),,256 GB,,Wi-Fi + Cellular,,845,2020,A14 Bionic,10.9,,,,,,
CompAsia,iPad,iPad Air,iPad Air 4 10.9-inch A14 (2020),,64 GB,,Wi-Fi + Cellular,,720,2020,A14 Bionic,10.9,,,,,,
CompAsia,iPad,iPad Air,iPad Air 5 10.9-inch M1 (2022),,256 GB,,Wi-Fi,,975,2022,M1,10.9,,,,,,
CompAsia,iPad,iPad Air,iPad Air 5 10.9-inch M1 (2022),,64 GB,,Wi-Fi,,835,2022,M1,10.9,,,,,,
CompAsia,iPad,iPad Air,iPad Air 5 10.9-inch M1 (2022),,256 GB,,Wi-Fi + Cellular,,1075,2022,M1,10.9,,,,,,
CompAsia,iPad,iPad Air,iPad Air 5 10.9-inch M1 (2022),,64 GB,,Wi-Fi + Cellular,,975,2022,M1,10.9,,,,,,
CompAsia,iPad,iPad Air,iPad Air 6 11-inch M2 (2024),,128 GB,,Wi-Fi,,1150,2024,M2,11.0,,,,,,
CompAsia,iPad,iPad Air,iPad Air 6 11-inch M2 (2024),,1 TB,,Wi-Fi,,1900,2024,M2,11.0,,,,,,
CompAsia,iPad,iPad Air,iPad Air 6 11-inch M2 (2024),,256 GB,,Wi-Fi,,1375,2024,M2,11.0,,,,,,
CompAsia,iPad,iPad Air,iPad Air 6 11-inch M2 (2024),,512 GB,,Wi-Fi,,1575,2024,M2,11.0,,,,,,
CompAsia,iPad,iPad Air,iPad Air 6 11-inch M2 (2024),,128 GB,,Wi-Fi + Cellular,,1350,2024,M2,11.0,,,,,,
CompAsia,iPad,iPad Air,iPad Air 6 11-inch M2 (2024),,1 TB,,Wi-Fi + Cellular,,2050,2024,M2,11.0,,,,,,
CompAsia,iPad,iPad Air,iPad Air 6 11-inch M2 (2024),,256 GB,,Wi-Fi + Cellular,,1475,2024,M2,11.0,,,,,,
CompAsia,iPad,iPad Air,iPad Air 6 11-inch M2 (2024),,512 GB,,Wi-Fi + Cellular,,1800,2024,M2,11.0,,,,,,
CompAsia,iPad,iPad mini,iPad Mini 6,,256 GB,,Wi-Fi,,775,2021,A15 Bionic,8.3,,,,,,
CompAsia,iPad,iPad mini,iPad Mini 6,,64 GB,,Wi-Fi,,585,2021,A15 Bionic,8.3,,,,,,
CompAsia,iPad,iPad mini,iPad Mini 6,,256 GB,,Wi-Fi + Cellular,,925,2021,A15 Bionic,8.3,,,,,,
CompAsia,iPad,iPad mini,iPad Mini 6,,64 GB,,Wi-Fi + Cellular,,775,2021,A15 Bionic,8.3,,,,,,
CompAsia,iPad,iPad mini,iPad Mini 7,,128 GB,,Wi-Fi,,850,2024,A17 Pro,8.3,,,,,,
CompAsia,iPad,iPad mini,iPad Mini 7,,256 GB,,Wi-Fi,,1010,2024,A17 Pro,8.3,,,,,,
CompAsia,iPad,iPad mini,iPad Mini 7,,512 GB,,Wi-Fi,,1375,2024,A17 Pro,8.3,,,,,,
CompAsia,iPad,iPad mini,iPad Mini 7,,128 GB,,Wi-Fi + Cellular,,1050,2024,A17 Pro,8.3,,,,,,
CompAsia,iPad,iPad mini,iPad Mini 7,,256 GB,,Wi-Fi + Cellular,,1275,2024,A17 Pro,8.3,,,,,,
CompAsia,iPad,iPad mini,iPad Mini 7,,512 GB,,Wi-Fi + Cellular,,1475,2024,A17 Pro,8.3,,,,,,
CompAsia,iPad,iPad Pro,iPad Pro 11-inch A12Z (2020),,128 GB,,Wi-Fi,,700,2020,A12Z,11.0,,,,,,
CompAsia,iPad,iPad Pro,iPad Pro 11-inch A12Z (2020),,1 TB,,Wi-Fi,,950,2020,A12Z,11.0,,,,,,
CompAsia,iPad,iPad Pro,iPad Pro 11-inch A12Z (2020),,256 GB,,Wi-Fi,,775,2020,A12Z,11.0,,,,,,
CompAsia,iPad,iPad Pro,iPad Pro 11-inch A12Z (2020),,512 GB,,Wi-Fi,,900,2020,A12Z,11.0,,,,,,
CompAsia,iPad,iPad Pro,iPad Pro 11-inch A12Z (2020),,128 GB,,Wi-Fi + Cellular,,775,2020,A12Z,11.0,,,,,,
CompAsia,iPad,iPad Pro,iPad Pro 11-inch A12Z (2020),,1 TB,,Wi-Fi + Cellular,,1075,2020,A12Z,11.0,,,,,,
CompAsia,iPad,iPad Pro,iPad Pro 11-inch A12Z (2020),,256 GB,,Wi-Fi + Cellular,,875,2020,A12Z,11.0,,,,,,
CompAsia,iPad,iPad Pro,iPad Pro 11-inch A12Z (2020),,512 GB,,Wi-Fi + Cellular,,1050,2020,A12Z,11.0,,,,,,
CompAsia,iPad,iPad Pro,iPad Pro 11-inch M1 (2021),,1 TB,,Wi-Fi,,1325,2021,M1,11.0,,,,,,
CompAsia,iPad,iPad Pro,iPad Pro 11-inch M1 (2021),,2 TB,,Wi-Fi,,1525,2021,M1,11.0,,,,,,
CompAsia,iPad,iPad Pro,iPad Pro 11-inch M1 (2021),,128 GB,,Wi-Fi,,975,2021,M1,11.0,,,,,,
CompAsia,iPad,iPad Pro,iPad Pro 11-inch M1 (2021),,256 GB,,Wi-Fi,,1150,2021,M1,11.0,,,,,,
CompAsia,iPad,iPad Pro,iPad Pro 11-inch M1 (2021),,512 GB,,Wi-Fi,,1275,2021,M1,11.0,,,,,,
CompAsia,iPad,iPad Pro,iPad Pro 11-inch M1 (2021),,1 TB,,Wi-Fi + Cellular,,1525,2021,M1,11.0,,,,,,
CompAsia,iPad,iPad Pro,iPad Pro 11-inch M1 (2021),,2 TB,,Wi-Fi + Cellular,,1700,2021,M1,11.0,,,,,,
CompAsia,iPad,iPad Pro,iPad Pro 11-inch M1 (2021),,128 GB,,Wi-Fi + Cellular,,1075,2021,M1,11.0,,,,,,
CompAsia,iPad,iPad Pro,iPad Pro 11-inch M1 (2021),,256 GB,,Wi-Fi + Cellular,,1275,2021,M1,11.0,,,,,,
CompAsia,iPad,iPad Pro,iPad Pro 11-inch M1 (2021),,512 GB,,Wi-Fi + Cellular,,1425,2021,M1,11.0,,,,,,
CompAsia,iPad,iPad Pro,iPad Pro 11-inch M2 (2022),,1 TB,,Wi-Fi,,1650,2022,M2,11.0,,,,,,
CompAsia,iPad,iPad Pro,iPad Pro 11-inch M2 (2022),,2 TB,,Wi-Fi,,1900,2022,M2,11.0,,,,,,
CompAsia,iPad,iPad Pro,iPad Pro 11-inch M2 (2022),,128 GB,,Wi-Fi,,1175,2022,M2,11.0,,,,,,
CompAsia,iPad,iPad Pro,iPad Pro 11-inch M2 (2022),,256 GB,,Wi-Fi,,1325,2022,M2,11.0,,,,,,
CompAsia,iPad,iPad Pro,iPad Pro 11-inch M2 (2022),,512 GB,,Wi-Fi,,1525,2022,M2,11.0,,,,,,
CompAsia,iPad,iPad Pro,iPad Pro 11-inch M2 (2022),,1 TB,,Wi-Fi + Cellular,,1750,2022,M2,11.0,,,,,,
CompAsia,iPad,iPad Pro,iPad Pro 11-inch M2 (2022),,2 TB,,Wi-Fi + Cellular,,2025,2022,M2,11.0,,,,,,
CompAsia,iPad,iPad Pro,iPad Pro 11-inch M2 (2022),,128 GB,,Wi-Fi + Cellular,,1350,2022,M2,11.0,,,,,,
CompAsia,iPad,iPad Pro,iPad Pro 11-inch M2 (2022),,256 GB,,Wi-Fi + Cellular,,1475,2022,M2,11.0,,,,,,
CompAsia,iPad,iPad Pro,iPad Pro 11-inch M2 (2022),,512 GB,,Wi-Fi + Cellular,,1650,2022,M2,11.0,,,,,,
CompAsia,iPad,iPad Pro,iPad Pro 11-inch M4 (2024),,1 TB,,Wi-Fi,,2625,2024,M4,11.0,,,,,,
CompAsia,iPad,iPad Pro,iPad Pro 11-inch M4 (2024),,2 TB,,Wi-Fi,,3150,2024,M4,11.0,,,,,,
CompAsia,iPad,iPad Pro,iPad Pro 11-inch M4 (2024),,256 GB,,Wi-Fi,,1750,2024,M4,11.0,,,,,,
CompAsia,iPad,iPad Pro,iPad Pro 11-inch M4 (2024),,512 GB,,Wi-Fi,,2125,2024,M4,11.0,,,,,,
CompAsia,iPad,iPad Pro,iPad Pro 11-inch M4 (2024),,1 TB,,Wi-Fi + Cellular,,2900,2024,M4,11.0,,,,,,
CompAsia,iPad,iPad Pro,iPad Pro 11-inch M4 (2024),,2 TB,,Wi-Fi + Cellular,,3450,2024,M4,11.0,,,,,,
CompAsia,iPad,iPad Pro,iPad Pro 11-inch M4 (2024),,256 GB,,Wi-Fi + Cellular,,2050,2024,M4,11.0,,,,,,
CompAsia,iPad,iPad Pro,iPad Pro 11-inch M4 (2024),,512 GB,,Wi-Fi + Cellular,,2375,2024,M4,11.0,,,,,,
CompAsia,iPad,iPad Pro,iPad Pro 11-inch M5 (2025),,256 GB,,Wi-Fi,,2550,2025,M5,11.0,,,,,,
CompAsia,iPad,iPad Pro,iPad Pro 11-inch M5 (2025),,512 GB,,Wi-Fi,,3100,2025,M5,11.0,,,,,,
CompAsia,iPad,iPad Pro,iPad Pro 11-inch M5 (2025),,1 TB,,Wi-Fi,,3950,2025,M5,11.0,,,,,,
CompAsia,iPad,iPad Pro,iPad Pro 11-inch M5 (2025),,2 TB,,Wi-Fi,,4950,2025,M5,11.0,,,,,,
CompAsia,iPad,iPad Pro,iPad Pro 11-inch M5 (2025),,256 GB,,Wi-Fi + Cellular,,3100,2025,M5,11.0,,,,,,
CompAsia,iPad,iPad Pro,iPad Pro 11-inch M5 (2025),,512 GB,,Wi-Fi + Cellular,,3575,2025,M5,11.0,,,,,,
CompAsia,iPad,iPad Pro,iPad Pro 11-inch M5 (2025),,1 TB,,Wi-Fi + Cellular,,4425,2025,M5,11.0,,,,,,
CompAsia,iPad,iPad Pro,iPad Pro 11-inch M5 (2025),,2 TB,,Wi-Fi + Cellular,,5425,2025,M5,11.0,,,,,,
CompAsia,iPad,iPad Pro,iPad Pro 12.9-inch M2 (2022),,1 TB,,Wi-Fi,,1825,2022,M2,12.9,,,,,,
CompAsia,iPad,iPad Pro,iPad Pro 12.9-inch M2 (2022),,2 TB,,Wi-Fi,,2025,2022,M2,12.9,,,,,,
CompAsia,iPad,iPad Pro,iPad Pro 12.9-inch M2 (2022),,128 GB,,Wi-Fi,,1400,2022,M2,12.9,,,,,,
CompAsia,iPad,iPad Pro,iPad Pro 12.9-inch M2 (2022),,256 GB,,Wi-Fi,,1500,2022,M2,12.9,,,,,,
CompAsia,iPad,iPad Pro,iPad Pro 12.9-inch M2 (2022),,512 GB,,Wi-Fi,,1625,2022,M2,12.9,,,,,,
CompAsia,iPad,iPad Pro,iPad Pro 12.9-inch M2 (2022),,1 TB,,Wi-Fi + Cellular,,1875,2022,M2,12.9,,,,,,
CompAsia,iPad,iPad Pro,iPad Pro 12.9-inch M2 (2022),,2 TB,,Wi-Fi + Cellular,,2075,2022,M2,12.9,,,,,,
CompAsia,iPad,iPad Pro,iPad Pro 12.9-inch M2 (2022),,128 GB,,Wi-Fi + Cellular,,1525,2022,M2,12.9,,,,,,
CompAsia,iPad,iPad Pro,iPad Pro 12.9-inch M2 (2022),,256 GB,,Wi-Fi + Cellular,,1650,2022,M2,12.9,,,,,,
CompAsia,iPad,iPad Pro,iPad Pro 12.9-inch M2 (2022),,512 GB,,Wi-Fi + Cellular,,1800,2022,M2,12.9,,,,,,
CompAsia,iPad,iPad Pro,iPad Pro 13-inch M4 (2024),,1 TB,,Wi-Fi,,3175,2024,M4,13.0,,,,,,
CompAsia,iPad,iPad Pro,iPad Pro 13-inch M4 (2024),,2 TB,,Wi-Fi,,3725,2024,M4,13.0,,,,,,
CompAsia,iPad,iPad Pro,iPad Pro 13-inch M4 (2024),,256 GB,,Wi-Fi,,2175,2024,M4,13.0,,,,,,
CompAsia,iPad,iPad Pro,iPad Pro 13-inch M4 (2024),,512 GB,,Wi-Fi,,2600,2024,M4,13.0,,,,,,
CompAsia,iPad,iPad Pro,iPad Pro 13-inch M4 (2024),,1 TB,,Wi-Fi + Cellular,,3550,2024,M4,13.0,,,,,,
CompAsia,iPad,iPad Pro,iPad Pro 13-inch M4 (2024),,2 TB,,Wi-Fi + Cellular,,4100,2024,M4,13.0,,,,,,
CompAsia,iPad,iPad Pro,iPad Pro 13-inch M4 (2024),,256 GB,,Wi-Fi + Cellular,,2575,2024,M4,13.0,,,,,,
CompAsia,iPad,iPad Pro,iPad Pro 13-inch M4 (2024),,512 GB,,Wi-Fi + Cellular,,2950,2024,M4,13.0,,,,,,
CompAsia,iPad,iPad Pro,iPad Pro 13-inch M5 (2025),,256 GB,,Wi-Fi,,3275,2025,M5,13.0,,,,,,
CompAsia,iPad,iPad Pro,iPad Pro 13-inch M5 (2025),,512 GB,,Wi-Fi,,3800,2025,M5,13.0,,,,,,
CompAsia,iPad,iPad Pro,iPad Pro 13-inch M5 (2025),,1 TB,,Wi-Fi,,4825,2025,M5,13.0,,,,,,
CompAsia,iPad,iPad Pro,iPad Pro 13-inch M5 (2025),,2 TB,,Wi-Fi,,5825,2025,M5,13.0,,,,,,
CompAsia,iPad,iPad Pro,iPad Pro 13-inch M5 (2025),,256 GB,,Wi-Fi + Cellular,,3800,2025,M5,13.0,,,,,,
CompAsia,iPad,iPad Pro,iPad Pro 13-inch M5 (2025),,512 GB,,Wi-Fi + Cellular,,4300,2025,M5,13.0,,,,,,
CompAsia,iPad,iPad Pro,iPad Pro 13-inch M5 (2025),,1 TB,,Wi-Fi + Cellular,,5325,2025,M5,13.0,,,,,,
CompAsia,iPad,iPad Pro,iPad Pro 13-inch M5 (2025),,2 TB,,Wi-Fi + Cellular,,6325,2025,M5,13.0,,,,,,
CompAsia,iPad,iPad Pro,iPad Pro 12.9-inch A12Z (2020),,128 GB,,Wi-Fi,,900,2020,A12Z,12.9,,,,,,
CompAsia,iPad,iPad Pro,iPad Pro 12.9-inch A12Z (2020),,1 TB,,Wi-Fi,,1275,2020,A12Z,12.9,,,,,,
CompAsia,iPad,iPad Pro,iPad Pro 12.9-inch A12Z (2020),,256 GB,,Wi-Fi,,1050,2020,A12Z,12.9,,,,,,
CompAsia,iPad,iPad Pro,iPad Pro 12.9-inch A12Z (2020),,512 GB,,Wi-Fi,,1175,2020,A12Z,12.9,,,,,,
CompAsia,iPad,iPad Pro,iPad Pro 12.9-inch A12Z (2020),,128 GB,,Wi-Fi + Cellular,,1050,2020,A12Z,12.9,,,,,,
CompAsia,iPad,iPad Pro,iPad Pro 12.9-inch A12Z (2020),,1 TB,,Wi-Fi + Cellular,,1400,2020,A12Z,12.9,,,,,,
CompAsia,iPad,iPad Pro,iPad Pro 12.9-inch A12Z (2020),,256 GB,,Wi-Fi + Cellular,,1175,2020,A12Z,12.9,,,,,,
CompAsia,iPad,iPad Pro,iPad Pro 12.9-inch A12Z (2020),,512 GB,,Wi-Fi + Cellular,,1325,2020,A12Z,12.9,,,,,,
CompAsia,iPad,iPad Pro,iPad Pro 12.9-inch M1 (2021),,1 TB,,Wi-Fi,,1475,2021,M1,12.9,,,,,,
CompAsia,iPad,iPad Pro,iPad Pro 12.9-inch M1 (2021),,2 TB,,Wi-Fi,,1700,2021,M1,12.9,,,,,,
CompAsia,iPad,iPad Pro,iPad Pro 12.9-inch M1 (2021),,128 GB,,Wi-Fi,,1150,2021,M1,12.9,,,,,,
CompAsia,iPad,iPad Pro,iPad Pro 12.9-inch M1 (2021),,256 GB,,Wi-Fi,,1250,2021,M1,12.9,,,,,,
CompAsia,iPad,iPad Pro,iPad Pro 12.9-inch M1 (2021),,512 GB,,Wi-Fi,,1350,2021,M1,12.9,,,,,,
CompAsia,iPad,iPad Pro,iPad Pro 12.9-inch M1 (2021),,1 TB,,Wi-Fi + Cellular,,1625,2021,M1,12.9,,,,,,
CompAsia,iPad,iPad Pro,iPad Pro 12.9-inch M1 (2021),,2 TB,,Wi-Fi + Cellular,,1775,2021,M1,12.9,,,,,,
CompAsia,iPad,iPad Pro,iPad Pro 12.9-inch M1 (2021),,128 GB,,Wi-Fi + Cellular,,1225,2021,M1,12.9,,,,,,
CompAsia,iPad,iPad Pro,iPad Pro 12.9-inch M1 (2021),,256 GB,,Wi-Fi + Cellular,,1325,2021,M1,12.9,,,,,,
CompAsia,iPad,iPad Pro,iPad Pro 12.9-inch M1 (2021),,512 GB,,Wi-Fi + Cellular,,1475,2021,M1,12.9,,,,,,
iTworld,iPad,iPad,iPad 10,,64 GB,,Wi-Fi + Cellular,,690,2022,A14 Bionic,10.9,,,,,,
iTworld,iPad,iPad,iPad 10,,256 GB,,Wi-Fi + Cellular,,800,2022,A14 Bionic,10.9,,,,,,
iTworld,iPad,iPad,iPad 10,,64 GB,,Wi-Fi,,610,2022,A14 Bionic,10.9,,,,,,
iTworld,iPad,iPad,iPad 10,,256 GB,,Wi-Fi,,690,2022,A14 Bionic,10.9,,,,,,
iTworld,iPad,iPad,iPad 11,,128 GB,,Wi-Fi + Cellular,,840,2025,A16,11.0,,,,,,
iTworld,iPad,iPad,iPad 11,,256 GB,,Wi-Fi + Cellular,,1040,2025,A16,11.0,,,,,,
iTworld,iPad,iPad,iPad 11,,512 GB,,Wi-Fi + Cellular,,1370,2025,A16,11.0,,,,,,
iTworld,iPad,iPad,iPad 11,,128 GB,,Wi-Fi,,640,2025,A16,11.0,,,,,,
iTworld,iPad,iPad,iPad 11,,256 GB,,Wi-Fi,,820,2025,A16,11.0,,,,,,
iTworld,iPad,iPad,iPad 11,,512 GB,,Wi-Fi,,1110,2025,A16,11.0,,,,,,
iTworld,iPad,iPad,iPad 4,,16 GB,,Wi-Fi + Cellular,,60,2012,A6X,9.7,,,,,,
iTworld,iPad,iPad,iPad 4,,16 GB,,Wi-Fi,,50,2012,A6X,9.7,,,,,,
iTworld,iPad,iPad,iPad 4,,32 GB,,Wi-Fi + Cellular,,60,2012,A6X,9.7,,,,,,
iTworld,iPad,iPad,iPad 4,,32 GB,,Wi-Fi,,50,2012,A6X,9.7,,,,,,
iTworld,iPad,iPad,iPad 4,,64 GB,,Wi-Fi + Cellular,,60,2012,A6X,9.7,,,,,,
iTworld,iPad,iPad,iPad 4,,64 GB,,Wi-Fi,,50,2012,A6X,9.7,,,,,,
iTworld,iPad,iPad,iPad 4,,128 GB,,Wi-Fi + Cellular,,60,2012,A6X,9.7,,,,,,
iTworld,iPad,iPad,iPad 4,,128 GB,,Wi-Fi,,50,2012,A6X,9.7,,,,,,
iTworld,iPad,iPad,iPad 5,,32 GB,,Wi-Fi + Cellular,,100,2017,A9,9.7,,,,,,
iTworld,iPad,iPad,iPad 5,,32 GB,,Wi-Fi,,80,2017,A9,9.7,,,,,,
iTworld,iPad,iPad,iPad 5,,128 GB,,Wi-Fi + Cellular,,130,2017,A9,9.7,,,,,,
iTworld,iPad,iPad,iPad 5,,128 GB,,Wi-Fi,,100,2017,A9,9.7,,,,,,
iTworld,iPad,iPad,iPad 6,,32 GB,,Wi-Fi + Cellular,,130,2018,A10 Fusion,9.7,,,,,,
iTworld,iPad,iPad,iPad 6,,32 GB,,Wi-Fi,,100,2018,A10 Fusion,9.7,,,,,,
iTworld,iPad,iPad,iPad 6,,128 GB,,Wi-Fi + Cellular,,170,2018,A10 Fusion,9.7,,,,,,
iTworld,iPad,iPad,iPad 6,,128 GB,,Wi-Fi,,130,2018,A10 Fusion,9.7,,,,,,
iTworld,iPad,iPad,iPad 7,,32 GB,,Wi-Fi + Cellular,,170,2019,A10 Fusion,10.2,,,,,,
iTworld,iPad,iPad,iPad 7,,32 GB,,Wi-Fi,,150,2019,A10 Fusion,10.2,,,,,,
iTworld,iPad,iPad,iPad 7,,128 GB,,Wi-Fi + Cellular,,340,2019,A10 Fusion,10.2,,,,,,
iTworld,iPad,iPad,iPad 7,,128 GB,,Wi-Fi,,240,2019,A10 Fusion,10.2,,,,,,
iTworld,iPad,iPad,iPad 8,,32 GB,,Wi-Fi + Cellular,,310,2020,A12 Bionic,10.2,,,,,,
iTworld,iPad,iPad,iPad 8,,32 GB,,Wi-Fi,,200,2020,A12 Bionic,10.2,,,,,,
iTworld,iPad,iPad,iPad 8,,128 GB,,Wi-Fi + Cellular,,360,2020,A12 Bionic,10.2,,,,,,
iTworld,iPad,iPad,iPad 8,,128 GB,,Wi-Fi,,260,2020,A12 Bionic,10.2,,,,,,
iTworld,iPad,iPad,iPad 9,,64 GB,,Wi-Fi + Cellular,,350,2021,A13 Bionic,10.2,,,,,,
iTworld,iPad,iPad,iPad 9,,64 GB,,Wi-Fi,,300,2021,A13 Bionic,10.2,,,,,,
iTworld,iPad,iPad,iPad 9,,256 GB,,Wi-Fi + Cellular,,450,2021,A13 Bionic,10.2,,,,,,
iTworld,iPad,iPad,iPad 9,,256 GB,,Wi-Fi,,400,2021,A13 Bionic,10.2,,,,,,
iTworld,iPad,iPad Air,iPad Air 1 9.7-inch A7 (2013),,16 GB,,Wi-Fi + Cellular,,60,2013,A7,9.7,,,,,,
iTworld,iPad,iPad Air,iPad Air 1 9.7-inch A7 (2013),,16 GB,,Wi-Fi,,40,2013,A7,9.7,,,,,,
iTworld,iPad,iPad Air,iPad Air 1 9.7-inch A7 (2013),,32 GB,,Wi-Fi + Cellular,,80,2013,A7,9.7,,,,,,
iTworld,iPad,iPad Air,iPad Air 1 9.7-inch A7 (2013),,32 GB,,Wi-Fi,,60,2013,A7,9.7,,,,,,
iTworld,iPad,iPad Air,iPad Air 1 9.7-inch A7 (2013),,64 GB,,Wi-Fi + Cellular,,90,2013,A7,9.7,,,,,,
iTworld,iPad,iPad Air,iPad Air 1 9.7-inch A7 (2013),,64 GB,,Wi-Fi,,70,2013,A7,9.7,,,,,,
iTworld,iPad,iPad Air,iPad Air 1 9.7-inch A7 (2013),,128 GB,,Wi-Fi + Cellular,,100,2013,A7,9.7,,,,,,
iTworld,iPad,iPad Air,iPad Air 1 9.7-inch A7 (2013),,128 GB,,Wi-Fi,,80,2013,A7,9.7,,,,,,
iTworld,iPad,iPad Air,iPad Air 2 9.7-inch A8X (2014),,16 GB,,Wi-Fi + Cellular,,100,2014,A8X,9.7,,,,,,
iTworld,iPad,iPad Air,iPad Air 2 9.7-inch A8X (2014),,16 GB,,Wi-Fi,,80,2014,A8X,9.7,,,,,,
iTworld,iPad,iPad Air,iPad Air 2 9.7-inch A8X (2014),,32 GB,,Wi-Fi + Cellular,,120,2014,A8X,9.7,,,,,,
iTworld,iPad,iPad Air,iPad Air 2 9.7-inch A8X (2014),,32 GB,,Wi-Fi,,90,2014,A8X,9.7,,,,,,
iTworld,iPad,iPad Air,iPad Air 2 9.7-inch A8X (2014),,64 GB,,Wi-Fi + Cellular,,130,2014,A8X,9.7,,,,,,
iTworld,iPad,iPad Air,iPad Air 2 9.7-inch A8X (2014),,64 GB,,Wi-Fi,,100,2014,A8X,9.7,,,,,,
iTworld,iPad,iPad Air,iPad Air 2 9.7-inch A8X (2014),,128 GB,,Wi-Fi + Cellular,,150,2014,A8X,9.7,,,,,,
iTworld,iPad,iPad Air,iPad Air 2 9.7-inch A8X (2014),,128 GB,,Wi-Fi,,120,2014,A8X,9.7,,,,,,
iTworld,iPad,iPad Air,iPad Air 3 10.5-inch A12 (2019),,64 GB,,Wi-Fi + Cellular,,350,2019,A12 Bionic,10.5,,,,,,
iTworld,iPad,iPad Air,iPad Air 3 10.5-inch A12 (2019),,64 GB,,Wi-Fi,,250,2019,A12 Bionic,10.5,,,,,,
iTworld,iPad,iPad Air,iPad Air 3 10.5-inch A12 (2019),,256 GB,,Wi-Fi + Cellular,,500,2019,A12 Bionic,10.5,,,,,,
iTworld,iPad,iPad Air,iPad Air 3 10.5-inch A12 (2019),,256 GB,,Wi-Fi,,400,2019,A12 Bionic,10.5,,,,,,
iTworld,iPad,iPad Air,iPad Air 4 10.9-inch A14 (2020),,64 GB,,Wi-Fi + Cellular,,730,2020,A14 Bionic,10.9,,,,,,
iTworld,iPad,iPad Air,iPad Air 4 10.9-inch A14 (2020),,64 GB,,Wi-Fi,,560,2020,A14 Bionic,10.9,,,,,,
iTworld,iPad,iPad Air,iPad Air 4 10.9-inch A14 (2020),,256 GB,,Wi-Fi + Cellular,,850,2020,A14 Bionic,10.9,,,,,,
iTworld,iPad,iPad Air,iPad Air 4 10.9-inch A14 (2020),,256 GB,,Wi-Fi,,700,2020,A14 Bionic,10.9,,,,,,
iTworld,iPad,iPad Air,iPad Air 5 10.9-inch M1 (2022),,64 GB,,Wi-Fi + Cellular,,950,2022,M1,10.9,,,,,,
iTworld,iPad,iPad Air,iPad Air 5 10.9-inch M1 (2022),,64 GB,,Wi-Fi,,840,2022,M1,10.9,,,,,,
iTworld,iPad,iPad Air,iPad Air 5 10.9-inch M1 (2022),,256 GB,,Wi-Fi + Cellular,,1050,2022,M1,10.9,,,,,,
iTworld,iPad,iPad Air,iPad Air 5 10.9-inch M1 (2022),,256 GB,,Wi-Fi,,950,2022,M1,10.9,,,,,,
iTworld,iPad,iPad Air,iPad Air 6 11-inch M2 (2024),,128 GB,,Wi-Fi + Cellular,,1400,2024,M2,11.0,,,,,,
iTworld,iPad,iPad Air,iPad Air 6 11-inch M2 (2024),,256 GB,,Wi-Fi + Cellular,,1530,2024,M2,11.0,,,,,,
iTworld,iPad,iPad Air,iPad Air 6 11-inch M2 (2024),,512 GB,,Wi-Fi + Cellular,,1650,2024,M2,11.0,,,,,,
iTworld,iPad,iPad Air,iPad Air 6 11-inch M2 (2024),,1 TB,,Wi-Fi + Cellular,,1850,2024,M2,11.0,,,,,,
iTworld,iPad,iPad Air,iPad Air 6 11-inch M2 (2024),,128 GB,,Wi-Fi,,1050,2024,M2,11.0,,,,,,
iTworld,iPad,iPad Air,iPad Air 6 11-inch M2 (2024),,256 GB,,Wi-Fi,,1150,2024,M2,11.0,,,,,,
iTworld,iPad,iPad Air,iPad Air 6 11-inch M2 (2024),,512 GB,,Wi-Fi,,1300,2024,M2,11.0,,,,,,
iTworld,iPad,iPad Air,iPad Air 6 11-inch M2 (2024),,1 TB,,Wi-Fi,,1450,2024,M2,11.0,,,,,,
iTworld,iPad,iPad Air,iPad Air 6 13-inch M2 (2024),,128 GB,,Wi-Fi + Cellular,,1580,2024,M2,13.0,,,,,,
iTworld,iPad,iPad Air,iPad Air 6 13-inch M2 (2024),,256 GB,,Wi-Fi + Cellular,,1780,2024,M2,13.0,,,,,,
iTworld,iPad,iPad Air,iPad Air 6 13-inch M2 (2024),,512 GB,,Wi-Fi + Cellular,,1900,2024,M2,13.0,,,,,,
iTworld,iPad,iPad Air,iPad Air 6 13-inch M2 (2024),,1 TB,,Wi-Fi + Cellular,,2100,2024,M2,13.0,,,,,,
iTworld,iPad,iPad Air,iPad Air 6 13-inch M2 (2024),,128 GB,,Wi-Fi,,1300,2024,M2,13.0,,,,,,
iTworld,iPad,iPad Air,iPad Air 6 13-inch M2 (2024),,256 GB,,Wi-Fi,,1480,2024,M2,13.0,,,,,,
iTworld,iPad,iPad Air,iPad Air 6 13-inch M2 (2024),,512 GB,,Wi-Fi,,1700,2024,M2,13.0,,,,,,
iTworld,iPad,iPad Air,iPad Air 6 13-inch M2 (2024),,1 TB,,Wi-Fi,,1850,2024,M2,13.0,,,,,,
iTworld,iPad,iPad Air,iPad Air 7 11-inch M3 (2025),,128 GB,,Wi-Fi + Cellular,,1660,2025,M3,11.0,,,,,,
iTworld,iPad,iPad Air,iPad Air 7 11-inch M3 (2025),,256 GB,,Wi-Fi + Cellular,,1850,2025,M3,11.0,,,,,,
iTworld,iPad,iPad Air,iPad Air 7 11-inch M3 (2025),,512 GB,,Wi-Fi + Cellular,,2100,2025,M3,11.0,,,,,,
iTworld,iPad,iPad Air,iPad Air 7 11-inch M3 (2025),,1 TB,,Wi-Fi + Cellular,,2350,2025,M3,11.0,,,,,,
iTworld,iPad,iPad Air,iPad Air 7 11-inch M3 (2025),,128 GB,,Wi-Fi,,1280,2025,M3,11.0,,,,,,
iTworld,iPad,iPad Air,iPad Air 7 11-inch M3 (2025),,256 GB,,Wi-Fi,,1480,2025,M3,11.0,,,,,,
iTworld,iPad,iPad Air,iPad Air 7 11-inch M3 (2025),,512 GB,,Wi-Fi,,1700,2025,M3,11.0,,,,,,
iTworld,iPad,iPad Air,iPad Air 7 11-inch M3 (2025),,1 TB,,Wi-Fi,,1900,2025,M3,11.0,,,,,,
iTworld,iPad,iPad Air,iPad Air 7 13-inch M3 (2025),,128 GB,,Wi-Fi + Cellular,,1930,2025,M3,13.0,,,,,,
iTworld,iPad,iPad Air,iPad Air 7 13-inch M3 (2025),,256 GB,,Wi-Fi + Cellular,,2150,2025,M3,13.0,,,,,,
iTworld,iPad,iPad Air,iPad Air 7 13-inch M3 (2025),,512 GB,,Wi-Fi + Cellular,,2400,2025,M3,13.0,,,,,,
iTworld,iPad,iPad Air,iPad Air 7 13-inch M3 (2025),,1 TB,,Wi-Fi + Cellular,,2700,2025,M3,13.0,,,,,,
iTworld,iPad,iPad Air,iPad Air 7 13-inch M3 (2025),,128 GB,,Wi-Fi,,1680,2025,M3,13.0,,,,,,
iTworld,iPad,iPad Air,iPad Air 7 13-inch M3 (2025),,256 GB,,Wi-Fi,,1870,2025,M3,13.0,,,,,,
iTworld,iPad,iPad Air,iPad Air 7 13-inch M3 (2025),,512 GB,,Wi-Fi,,2100,2025,M3,13.0,,,,,,
iTworld,iPad,iPad Air,iPad Air 7 13-inch M3 (2025),,1 TB,,Wi-Fi,,2450,2025,M3,13.0,,,,,,
iTworld,iPad,iPad mini,iPad Mini 1,,16 GB,,Wi-Fi + Cellular,,40,2012,A5,7.9,,,,,,
iTworld,iPad,iPad mini,iPad Mini 1,,16 GB,,Wi-Fi,,40,2012,A5,7.9,,,,,,
iTworld,iPad,iPad mini,iPad Mini 1,,32 GB,,Wi-Fi + Cellular,,40,2012,A5,7.9,,,,,,
iTworld,iPad,iPad mini,iPad Mini 1,,32 GB,,Wi-Fi,,40,2012,A5,7.9,,,,,,
iTworld,iPad,iPad mini,iPad Mini 1,,64 GB,,Wi-Fi + Cellular,,40,2012,A5,7.9,,,,,,
iTworld,iPad,iPad mini,iPad Mini 1,,64 GB,,Wi-Fi,,40,2012,A5,7.9,,,,,,
iTworld,iPad,iPad mini,iPad Mini 2,,16 GB,,Wi-Fi + Cellular,,60,2013,A7,7.9,,,,,,
iTworld,iPad,iPad mini,iPad Mini 2,,16 GB,,Wi-Fi,,40,2013,A7,7.9,,,,,,
iTworld,iPad,iPad mini,iPad Mini 2,,32 GB,,Wi-Fi + Cellular,,60,2013,A7,7.9,,,,,,
iTworld,iPad,iPad mini,iPad Mini 2,,32 GB,,Wi-Fi,,40,2013,A7,7.9,,,,,,
iTworld,iPad,iPad mini,iPad Mini 2,,64 GB,,Wi-Fi + Cellular,,60,2013,A7,7.9,,,,,,
iTworld,iPad,iPad mini,iPad Mini 2,,64 GB,,Wi-Fi,,40,2013,A7,7.9,,,,,,
iTworld,iPad,iPad mini,iPad Mini 2,,128 GB,,Wi-Fi + Cellular,,60,2013,A7,7.9,,,,,,
iTworld,iPad,iPad mini,iPad Mini 2,,128 GB,,Wi-Fi,,40,2013,A7,7.9,,,,,,
iTworld,iPad,iPad mini,iPad Mini 3,,16 GB,,Wi-Fi + Cellular,,90,2014,A7,7.9,,,,,,
iTworld,iPad,iPad mini,iPad Mini 3,,16 GB,,Wi-Fi,,80,2014,A7,7.9,,,,,,
iTworld,iPad,iPad mini,iPad Mini 3,,64 GB,,Wi-Fi + Cellular,,120,2014,A7,7.9,,,,,,
iTworld,iPad,iPad mini,iPad Mini 3,,64 GB,,Wi-Fi,,100,2014,A7,7.9,,,,,,
iTworld,iPad,iPad mini,iPad Mini 3,,128 GB,,Wi-Fi + Cellular,,150,2014,A7,7.9,,,,,,
iTworld,iPad,iPad mini,iPad Mini 3,,128 GB,,Wi-Fi,,130,2014,A7,7.9,,,,,,
iTworld,iPad,iPad mini,iPad Mini 4,,16 GB,,Wi-Fi + Cellular,,120,2015,A8,7.9,,,,,,
iTworld,iPad,iPad mini,iPad Mini 4,,16 GB,,Wi-Fi,,100,2015,A8,7.9,,,,,,
iTworld,iPad,iPad mini,iPad Mini 4,,32 GB,,Wi-Fi + Cellular,,170,2015,A8,7.9,,,,,,
iTworld,iPad,iPad mini,iPad Mini 4,,32 GB,,Wi-Fi,,140,2015,A8,7.9,,,,,,
iTworld,iPad,iPad mini,iPad Mini 4,,64 GB,,Wi-Fi + Cellular,,200,2015,A8,7.9,,,,,,
iTworld,iPad,iPad mini,iPad Mini 4,,64 GB,,Wi-Fi,,170,2015,A8,7.9,,,,,,
iTworld,iPad,iPad mini,iPad Mini 4,,128 GB,,Wi-Fi + Cellular,,250,2015,A8,7.9,,,,,,
iTworld,iPad,iPad mini,iPad Mini 4,,128 GB,,Wi-Fi,,200,2015,A8,7.9,,,,,,
iTworld,iPad,iPad mini,iPad Mini 5,,64 GB,,Wi-Fi + Cellular,,350,2019,A12 Bionic,7.9,,,,,,
iTworld,iPad,iPad mini,iPad Mini 5,,64 GB,,Wi-Fi,,300,2019,A12 Bionic,7.9,,,,,,
iTworld,iPad,iPad mini,iPad Mini 5,,256 GB,,Wi-Fi + Cellular,,400,2019,A12 Bionic,7.9,,,,,,
iTworld,iPad,iPad mini,iPad Mini 5,,256 GB,,Wi-Fi,,350,2019,A12 Bionic,7.9,,,,,,
iTworld,iPad,iPad mini,iPad Mini 6,,64 GB,,Wi-Fi + Cellular,,800,2021,A15 Bionic,8.3,,,,,,
iTworld,iPad,iPad mini,iPad Mini 6,,64 GB,,Wi-Fi,,590,2021,A15 Bionic,8.3,,,,,,
iTworld,iPad,iPad mini,iPad Mini 6,,256 GB,,Wi-Fi + Cellular,,900,2021,A15 Bionic,8.3,,,,,,
iTworld,iPad,iPad mini,iPad Mini 6,,256 GB,,Wi-Fi,,700,2021,A15 Bionic,8.3,,,,,,
iTworld,iPad,iPad mini,iPad Mini 7,,128 GB,,Wi-Fi + Cellular,,1070,2024,A17 Pro,8.3,,,,,,
iTworld,iPad,iPad mini,iPad Mini 7,,256 GB,,Wi-Fi + Cellular,,1290,2024,A17 Pro,8.3,,,,,,
iTworld,iPad,iPad mini,iPad Mini 7,,512 GB,,Wi-Fi + Cellular,,1520,2024,A17 Pro,8.3,,,,,,
iTworld,iPad,iPad mini,iPad Mini 7,,128 GB,,Wi-Fi,,890,2024,A17 Pro,8.3,,,,,,
iTworld,iPad,iPad mini,iPad Mini 7,,256 GB,,Wi-Fi,,1010,2024,A17 Pro,8.3,,,,,,
iTworld,iPad,iPad mini,iPad Mini 7,,512 GB,,Wi-Fi,,1350,2024,A17 Pro,8.3,,,,,,
iTworld,iPad,iPad Pro,iPad Pro 10.5-inch A10X (2017),,64 GB,,Wi-Fi + Cellular,,200,2017,A10X,10.5,,,,,,
iTworld,iPad,iPad Pro,iPad Pro 10.5-inch A10X (2017),,64 GB,,Wi-Fi,,150,2017,A10X,10.5,,,,,,
iTworld,iPad,iPad Pro,iPad Pro 10.5-inch A10X (2017),,256 GB,,Wi-Fi + Cellular,,300,2017,A10X,10.5,,,,,,
iTworld,iPad,iPad Pro,iPad Pro 10.5-inch A10X (2017),,256 GB,,Wi-Fi,,250,2017,A10X,10.5,,,,,,
iTworld,iPad,iPad Pro,iPad Pro 10.5-inch A10X (2017),,512 GB,,Wi-Fi + Cellular,,350,2017,A10X,10.5,,,,,,
iTworld,iPad,iPad Pro,iPad Pro 10.5-inch A10X (2017),,512 GB,,Wi-Fi,,300,2017,A10X,10.5,,,,,,
iTworld,iPad,iPad Pro,iPad Pro 11-inch A12Z (2020),,128 GB,,Wi-Fi + Cellular,,830,2020,A12Z,11.0,,,,,,
iTworld,iPad,iPad Pro,iPad Pro 11-inch A12Z (2020),,128 GB,,Wi-Fi,,750,2020,A12Z,11.0,,,,,,
iTworld,iPad,iPad Pro,iPad Pro 11-inch A12Z (2020),,256 GB,,Wi-Fi + Cellular,,930,2020,A12Z,11.0,,,,,,
iTworld,iPad,iPad Pro,iPad Pro 11-inch A12Z (2020),,256 GB,,Wi-Fi,,830,2020,A12Z,11.0,,,,,,
iTworld,iPad,iPad Pro,iPad Pro 11-inch A12Z (2020),,512 GB,,Wi-Fi + Cellular,,1100,2020,A12Z,11.0,,,,,,
iTworld,iPad,iPad Pro,iPad Pro 11-inch A12Z (2020),,512 GB,,Wi-Fi,,950,2020,A12Z,11.0,,,,,,
iTworld,iPad,iPad Pro,iPad Pro 11-inch A12Z (2020),,1 TB,,Wi-Fi + Cellular,,1130,2020,A12Z,11.0,,,,,,
iTworld,iPad,iPad Pro,iPad Pro 11-inch A12Z (2020),,1 TB,,Wi-Fi,,1000,2020,A12Z,11.0,,,,,,
iTworld,iPad,iPad Pro,iPad Pro 11-inch M1 (2021),,128 GB,,Wi-Fi + Cellular,,1130,2021,M1,11.0,,,,,,
iTworld,iPad,iPad Pro,iPad Pro 11-inch M1 (2021),,128 GB,,Wi-Fi,,1030,2021,M1,11.0,,,,,,
iTworld,iPad,iPad Pro,iPad Pro 11-inch M1 (2021),,256 GB,,Wi-Fi + Cellular,,1320,2021,M1,11.0,,,,,,
iTworld,iPad,iPad Pro,iPad Pro 11-inch M1 (2021),,256 GB,,Wi-Fi,,1200,2021,M1,11.0,,,,,,
iTworld,iPad,iPad Pro,iPad Pro 11-inch M1 (2021),,512 GB,,Wi-Fi + Cellular,,1480,2021,M1,11.0,,,,,,
iTworld,iPad,iPad Pro,iPad Pro 11-inch M1 (2021),,512 GB,,Wi-Fi,,1330,2021,M1,11.0,,,,,,
iTworld,iPad,iPad Pro,iPad Pro 11-inch M1 (2021),,1 TB,,Wi-Fi + Cellular,,1560,2021,M1,11.0,,,,,,
iTworld,iPad,iPad Pro,iPad Pro 11-inch M1 (2021),,1 TB,,Wi-Fi,,1370,2021,M1,11.0,,,,,,
iTworld,iPad,iPad Pro,iPad Pro 11-inch M1 (2021),,2 TB,,Wi-Fi + Cellular,,1750,2021,M1,11.0,,,,,,
iTworld,iPad,iPad Pro,iPad Pro 11-inch M1 (2021),,2 TB,,Wi-Fi,,1560,2021,M1,11.0,,,,,,
iTworld,iPad,iPad Pro,iPad Pro 11-inch M2 (2022),,128 GB,,Wi-Fi + Cellular,,1400,2022,M2,11.0,,,,,,
iTworld,iPad,iPad Pro,iPad Pro 11-inch M2 (2022),,128 GB,,Wi-Fi,,1230,2022,M2,11.0,,,,,,
iTworld,iPad,iPad Pro,iPad Pro 11-inch M2 (2022),,256 GB,,Wi-Fi + Cellular,,1530,2022,M2,11.0,,,,,,
iTworld,iPad,iPad Pro,iPad Pro 11-inch M2 (2022),,256 GB,,Wi-Fi,,1380,2022,M2,11.0,,,,,,
iTworld,iPad,iPad Pro,iPad Pro 11-inch M2 (2022),,512 GB,,Wi-Fi + Cellular,,1650,2022,M2,11.0,,,,,,
iTworld,iPad,iPad Pro,iPad Pro 11-inch M2 (2022),,512 GB,,Wi-Fi,,1500,2022,M2,11.0,,,,,,
iTworld,iPad,iPad Pro,iPad Pro 11-inch M2 (2022),,1 TB,,Wi-Fi + Cellular,,1750,2022,M2,11.0,,,,,,
iTworld,iPad,iPad Pro,iPad Pro 11-inch M2 (2022),,1 TB,,Wi-Fi,,1600,2022,M2,11.0,,,,,,
iTworld,iPad,iPad Pro,iPad Pro 11-inch M2 (2022),,2 TB,,Wi-Fi + Cellular,,1950,2022,M2,11.0,,,,,,
iTworld,iPad,iPad Pro,iPad Pro 11-inch M2 (2022),,2 TB,,Wi-Fi,,1800,2022,M2,11.0,,,,,,
iTworld,iPad,iPad Pro,iPad Pro 11-inch M4 (2024) Nano Glass,,1 TB,,Wi-Fi + Cellular,,3000,2024,M4,11.0,,,,,,
iTworld,iPad,iPad Pro,iPad Pro 11-inch M4 (2024) Nano Glass,,2 TB,,Wi-Fi + Cellular,,3550,2024,M4,11.0,,,,,,
iTworld,iPad,iPad Pro,iPad Pro 11-inch M4 (2024) Standard Glass,,256 GB,,Wi-Fi + Cellular,,2100,2024,M4,11.0,,,,,,
iTworld,iPad,iPad Pro,iPad Pro 11-inch M4 (2024) Standard Glass,,512 GB,,Wi-Fi + Cellular,,2430,2024,M4,11.0,,,,,,
iTworld,iPad,iPad Pro,iPad Pro 11-inch M4 (2024) Standard Glass,,1 TB,,Wi-Fi + Cellular,,2950,2024,M4,11.0,,,,,,
iTworld,iPad,iPad Pro,iPad Pro 11-inch M4 (2024) Standard Glass,,2 TB,,Wi-Fi + Cellular,,3500,2024,M4,11.0,,,,,,
iTworld,iPad,iPad Pro,iPad Pro 11-inch M4 (2024) Nano Glass,,1 TB,,Wi-Fi,,2700,2024,M4,11.0,,,,,,
iTworld,iPad,iPad Pro,iPad Pro 11-inch M4 (2024) Nano Glass,,2 TB,,Wi-Fi,,3250,2024,M4,11.0,,,,,,
iTworld,iPad,iPad Pro,iPad Pro 11-inch M4 (2024) Standard Glass,,256 GB,,Wi-Fi,,1800,2024,M4,11.0,,,,,,
iTworld,iPad,iPad Pro,iPad Pro 11-inch M4 (2024) Standard Glass,,512 GB,,Wi-Fi,,2180,2024,M4,11.0,,,,,,
iTworld,iPad,iPad Pro,iPad Pro 11-inch M4 (2024) Standard Glass,,1 TB,,Wi-Fi,,2680,2024,M4,11.0,,,,,,
iTworld,iPad,iPad Pro,iPad Pro 11-inch M4 (2024) Standard Glass,,2 TB,,Wi-Fi,,3210,2024,M4,11.0,,,,,,
iTworld,iPad,iPad Pro,iPad Pro 11-inch A12X (2018),,64 GB,,Wi-Fi + Cellular,,650,2018,A12X,11.0,,,,,,
iTworld,iPad,iPad Pro,iPad Pro 11-inch A12X (2018),,64 GB,,Wi-Fi,,550,2018,A12X,11.0,,,,,,
iTworld,iPad,iPad Pro,iPad Pro 11-inch A12X (2018),,256 GB,,Wi-Fi + Cellular,,750,2018,A12X,11.0,,,,,,
iTworld,iPad,iPad Pro,iPad Pro 11-inch A12X (2018),,256 GB,,Wi-Fi,,650,2018,A12X,11.0,,,,,,
iTworld,iPad,iPad Pro,iPad Pro 11-inch A12X (2018),,512 GB,,Wi-Fi + Cellular,,850,2018,A12X,11.0,,,,,,
iTworld,iPad,iPad Pro,iPad Pro 11-inch A12X (2018),,512 GB,,Wi-Fi,,750,2018,A12X,11.0,,,,,,
iTworld,iPad,iPad Pro,iPad Pro 11-inch A12X (2018),,1 TB,,Wi-Fi + Cellular,,950,2018,A12X,11.0,,,,,,
iTworld,iPad,iPad Pro,iPad Pro 11-inch A12X (2018),,1 TB,,Wi-Fi,,850,2018,A12X,11.0,,,,,,
iTworld,iPad,iPad Pro,iPad Pro 12.9-inch A9X (2015),,32 GB,,Wi-Fi + Cellular,,190,2015,A9X,12.9,,,,,,
iTworld,iPad,iPad Pro,iPad Pro 12.9-inch A9X (2015),,32 GB,,Wi-Fi,,160,2015,A9X,12.9,,,,,,
iTworld,iPad,iPad Pro,iPad Pro 12.9-inch M1 (2021),,128 GB,,Wi-Fi + Cellular,,1280,2021,M1,12.9,,,,,,
iTworld,iPad,iPad Pro,iPad Pro 12.9-inch M1 (2021),,128 GB,,Wi-Fi,,1180,2021,M1,12.9,,,,,,
iTworld,iPad,iPad Pro,iPad Pro 12.9-inch M1 (2021),,256 GB,,Wi-Fi + Cellular,,1380,2021,M1,12.9,,,,,,
iTworld,iPad,iPad Pro,iPad Pro 12.9-inch M1 (2021),,256 GB,,Wi-Fi,,1300,2021,M1,12.9,,,,,,
iTworld,iPad,iPad Pro,iPad Pro 12.9-inch M1 (2021),,512 GB,,Wi-Fi + Cellular,,1510,2021,M1,12.9,,,,,,
iTworld,iPad,iPad Pro,iPad Pro 12.9-inch M1 (2021),,512 GB,,Wi-Fi,,1400,2021,M1,12.9,,,,,,
iTworld,iPad,iPad Pro,iPad Pro 12.9-inch M1 (2021),,1 TB,,Wi-Fi + Cellular,,1660,2021,M1,12.9,,,,,,
iTworld,iPad,iPad Pro,iPad Pro 12.9-inch M1 (2021),,1 TB,,Wi-Fi,,1510,2021,M1,12.9,,,,,,
iTworld,iPad,iPad Pro,iPad Pro 12.9-inch M1 (2021),,2 TB,,Wi-Fi + Cellular,,1810,2021,M1,12.9,,,,,,
iTworld,iPad,iPad Pro,iPad Pro 12.9-inch M1 (2021),,2 TB,,Wi-Fi,,1740,2021,M1,12.9,,,,,,
iTworld,iPad,iPad Pro,iPad Pro 12.9-inch M2 (2022),,128 GB,,Wi-Fi + Cellular,,1580,2022,M2,12.9,,,,,,
iTworld,iPad,iPad Pro,iPad Pro 12.9-inch M2 (2022),,128 GB,,Wi-Fi,,1430,2022,M2,12.9,,,,,,
iTworld,iPad,iPad Pro,iPad Pro 12.9-inch M2 (2022),,256 GB,,Wi-Fi + Cellular,,1700,2022,M2,12.9,,,,,,
iTworld,iPad,iPad Pro,iPad Pro 12.9-inch M2 (2022),,256 GB,,Wi-Fi,,1550,2022,M2,12.9,,,,,,
iTworld,iPad,iPad Pro,iPad Pro 12.9-inch M2 (2022),,512 GB,,Wi-Fi + Cellular,,1850,2022,M2,12.9,,,,,,
iTworld,iPad,iPad Pro,iPad Pro 12.9-inch M2 (2022),,512 GB,,Wi-Fi,,1680,2022,M2,12.9,,,,,,
iTworld,iPad,iPad Pro,iPad Pro 12.9-inch M2 (2022),,1 TB,,Wi-Fi + Cellular,,1930,2022,M2,12.9,,,,,,
iTworld,iPad,iPad Pro,iPad Pro 12.9-inch M2 (2022),,1 TB,,Wi-Fi,,1880,2022,M2,12.9,,,,,,
iTworld,iPad,iPad Pro,iPad Pro 12.9-inch M2 (2022),,2 TB,,Wi-Fi + Cellular,,2130,2022,M2,12.9,,,,,,
iTworld,iPad,iPad Pro,iPad Pro 12.9-inch M2 (2022),,2 TB,,Wi-Fi,,2080,2022,M2,12.9,,,,,,
iTworld,iPad,iPad Pro,iPad Pro 12.9-inch A9X (2015),,128 GB,,Wi-Fi + Cellular,,200,2015,A9X,12.9,,,,,,
iTworld,iPad,iPad Pro,iPad Pro 12.9-inch A9X (2015),,128 GB,,Wi-Fi,,170,2015,A9X,12.9,,,,,,
iTworld,iPad,iPad Pro,iPad Pro 12.9-inch A9X (2015),,256 GB,,Wi-Fi + Cellular,,250,2015,A9X,12.9,,,,,,
iTworld,iPad,iPad Pro,iPad Pro 12.9-inch A9X (2015),,256 GB,,Wi-Fi,,200,2015,A9X,12.9,,,,,,
iTworld,iPad,iPad Pro,iPad Pro 12.9-inch A10X (2017),,64 GB,,Wi-Fi + Cellular,,410,2017,A10X,12.9,,,,,,
iTworld,iPad,iPad Pro,iPad Pro 12.9-inch A10X (2017),,64 GB,,Wi-Fi,,380,2017,A10X,12.9,,,,,,
iTworld,iPad,iPad Pro,iPad Pro 12.9-inch A10X (2017),,256 GB,,Wi-Fi + Cellular,,480,2017,A10X,12.9,,,,,,
iTworld,iPad,iPad Pro,iPad Pro 12.9-inch A10X (2017),,256 GB,,Wi-Fi,,430,2017,A10X,12.9,,,,,,
iTworld,iPad,iPad Pro,iPad Pro 12.9-inch A10X (2017),,512 GB,,Wi-Fi + Cellular,,580,2017,A10X,12.9,,,,,,
iTworld,iPad,iPad Pro,iPad Pro 12.9-inch A10X (2017),,512 GB,,Wi-Fi,,560,2017,A10X,12.9,,,,,,
iTworld,iPad,iPad Pro,iPad Pro 12.9-inch A12X (2018),,64 GB,,Wi-Fi + Cellular,,750,2018,A12X,12.9,,,,,,
iTworld,iPad,iPad Pro,iPad Pro 12.9-inch A12X (2018),,64 GB,,Wi-Fi,,650,2018,A12X,12.9,,,,,,
iTworld,iPad,iPad Pro,iPad Pro 12.9-inch A12X (2018),,256 GB,,Wi-Fi + Cellular,,850,2018,A12X,12.9,,,,,,
iTworld,iPad,iPad Pro,iPad Pro 12.9-inch A12X (2018),,256 GB,,Wi-Fi,,750,2018,A12X,12.9,,,,,,
iTworld,iPad,iPad Pro,iPad Pro 12.9-inch A12X (2018),,512 GB,,Wi-Fi + Cellular,,950,2018,A12X,12.9,,,,,,
iTworld,iPad,iPad Pro,iPad Pro 12.9-inch A12X (2018),,512 GB,,Wi-Fi,,850,2018,A12X,12.9,,,,,,
iTworld,iPad,iPad Pro,iPad Pro 12.9-inch A12X (2018),,1 TB,,Wi-Fi + Cellular,,1050,2018,A12X,12.9,,,,,,
iTworld,iPad,iPad Pro,iPad Pro 12.9-inch A12X (2018),,1 TB,,Wi-Fi,,950,2018,A12X,12.9,,,,,,
iTworld,iPad,iPad Pro,iPad Pro 12.9-inch A12Z (2020),,128 GB,,Wi-Fi + Cellular,,1100,2020,A12Z,12.9,,,,,,
iTworld,iPad,iPad Pro,iPad Pro 12.9-inch A12Z (2020),,128 GB,,Wi-Fi,,930,2020,A12Z,12.9,,,,,,
iTworld,iPad,iPad Pro,iPad Pro 12.9-inch A12Z (2020),,256 GB,,Wi-Fi + Cellular,,1230,2020,A12Z,12.9,,,,,,
iTworld,iPad,iPad Pro,iPad Pro 12.9-inch A12Z (2020),,256 GB,,Wi-Fi,,1100,2020,A12Z,12.9,,,,,,
iTworld,iPad,iPad Pro,iPad Pro 12.9-inch A12Z (2020),,512 GB,,Wi-Fi + Cellular,,1380,2020,A12Z,12.9,,,,,,
iTworld,iPad,iPad Pro,iPad Pro 12.9-inch A12Z (2020),,512 GB,,Wi-Fi,,1230,2020,A12Z,12.9,,,,,,
iTworld,iPad,iPad Pro,iPad Pro 12.9-inch A12Z (2020),,1 TB,,Wi-Fi + Cellular,,1450,2020,A12Z,12.9,,,,,,
iTworld,iPad,iPad Pro,iPad Pro 12.9-inch A12Z (2020),,1 TB,,Wi-Fi,,1310,2020,A12Z,12.9,,,,,,
iTworld,iPad,iPad Pro,iPad Pro 13-inch M4 (2024) Nano Glass,,1 TB,,Wi-Fi + Cellular,,3650,2024,M4,13.0,,,,,,
iTworld,iPad,iPad Pro,iPad Pro 13-inch M4 (2024) Nano Glass,,2 TB,,Wi-Fi + Cellular,,4200,2024,M4,13.0,,,,,,
iTworld,iPad,iPad Pro,iPad Pro 13-inch M4 (2024) Standard Glass,,256 GB,,Wi-Fi + Cellular,,2620,2024,M4,13.0,,,,,,
iTworld,iPad,iPad Pro,iPad Pro 13-inch M4 (2024) Standard Glass,,512 GB,,Wi-Fi + Cellular,,3000,2024,M4,13.0,,,,,,
iTworld,iPad,iPad Pro,iPad Pro 13-inch M4 (2024) Standard Glass,,1 TB,,Wi-Fi + Cellular,,3600,2024,M4,13.0,,,,,,
iTworld,iPad,iPad Pro,iPad Pro 13-inch M4 (2024) Standard Glass,,2 TB,,Wi-Fi + Cellular,,4150,2024,M4,13.0,,,,,,
iTworld,iPad,iPad Pro,iPad Pro 13-inch M4 (2024) Nano Glass,,1 TB,,Wi-Fi,,3250,2024,M4,13.0,,,,,,
iTworld,iPad,iPad Pro,iPad Pro 13-inch M4 (2024) Nano Glass,,2 TB,,Wi-Fi,,3800,2024,M4,13.0,,,,,,
iTworld,iPad,iPad Pro,iPad Pro 13-inch M4 (2024) Standard Glass,,256 GB,,Wi-Fi,,2230,2024,M4,13.0,,,,,,
iTworld,iPad,iPad Pro,iPad Pro 13-inch M4 (2024) Standard Glass,,512 GB,,Wi-Fi,,2650,2024,M4,13.0,,,,,,
iTworld,iPad,iPad Pro,iPad Pro 13-inch M4 (2024) Standard Glass,,1 TB,,Wi-Fi,,3210,2024,M4,13.0,,,,,,
iTworld,iPad,iPad Pro,iPad Pro 13-inch M4 (2024) Standard Glass,,2 TB,,Wi-Fi,,3780,2024,M4,13.0,,,,,,
iTworld,iPad,iPad Pro,iPad Pro 9.7-inch A9X (2016),,32 GB,,Wi-Fi + Cellular,,160,2016,A9X,9.7,,,,,,
iTworld,iPad,iPad Pro,iPad Pro 9.7-inch A9X (2016),,32 GB,,Wi-Fi,,150,2016,A9X,9.7,,,,,,
iTworld,iPad,iPad Pro,iPad Pro 9.7-inch A9X (2016),,128 GB,,Wi-Fi + Cellular,,170,2016,A9X,9.7,,,,,,
iTworld,iPad,iPad Pro,iPad Pro 9.7-inch A9X (2016),,128 GB,,Wi-Fi,,160,2016,A9X,9.7,,,,,,
iTworld,iPad,iPad Pro,iPad Pro 9.7-inch A9X (2016),,256 GB,,Wi-Fi + Cellular,,210,2016,A9X,9.7,,,,,,
iTworld,iPad,iPad Pro,iPad Pro 9.7-inch A9X (2016),,256 GB,,Wi-Fi,,200,2016,A9X,9.7,,,,,,
Machines,iPad,iPad,iPad 7,,128 GB,,Wi-Fi,,225,2019,A10 Fusion,10.2,,,,,,
Machines,iPad,iPad,iPad 7,,32 GB,,Wi-Fi + Cellular,,150,2019,A10 Fusion,10.2,,,,,,
Machines,iPad,iPad,iPad 7,,128 GB,,Wi-Fi + Cellular,,325,2019,A10 Fusion,10.2,,,,,,
Machines,iPad,iPad,iPad 8,,32 GB,,Wi-Fi,,225,2020,A12 Bionic,10.2,,,,,,
Machines,iPad,iPad,iPad 8,,128 GB,,Wi-Fi,,300,2020,A12 Bionic,10.2,,,,,,
Machines,iPad,iPad,iPad 8,,32 GB,,Wi-Fi + Cellular,,300,2020,A12 Bionic,10.2,,,,,,
Machines,iPad,iPad,iPad 8,,128 GB,,Wi-Fi + Cellular,,400,2020,A12 Bionic,10.2,,,,,,
Machines,iPad,iPad,iPad 9,,64 GB,,Wi-Fi,,350,2021,A13 Bionic,10.2,,,,,,
Machines,iPad,iPad,iPad 9,,256 GB,,Wi-Fi,,525,2021,A13 Bionic,10.2,,,,,,
Machines,iPad,iPad,iPad 9,,64 GB,,Wi-Fi + Cellular,,525,2021,A13 Bionic,10.2,,,,,,
Machines,iPad,iPad,iPad 9,,256 GB,,Wi-Fi + Cellular,,650,2021,A13 Bionic,10.2,,,,,,
Machines,iPad,iPad,iPad 10,,64 GB,,Wi-Fi,,600,2022,A14 Bionic,10.9,,,,,,
Machines,iPad,iPad,iPad 10,,256 GB,,Wi-Fi,,800,2022,A14 Bionic,10.9,,,,,,
Machines,iPad,iPad,iPad 10,,64 GB,,Wi-Fi + Cellular,,750,2022,A14 Bionic,10.9,,,,,,
Machines,iPad,iPad,iPad 10,,256 GB,,Wi-Fi + Cellular,,975,2022,A14 Bionic,10.9,,,,,,
Machines,iPad,iPad,iPad 11,,128 GB,,Wi-Fi,,600,2025,A16,11.0,,,,,,
Machines,iPad,iPad,iPad 11,,256 GB,,Wi-Fi,,775,2025,A16,11.0,,,,,,
Machines,iPad,iPad,iPad 11,,512 GB,,Wi-Fi,,1075,2025,A16,11.0,,,,,,
Machines,iPad,iPad,iPad 11,,128 GB,,Wi-Fi + Cellular,,800,2025,A16,11.0,,,,,,
Machines,iPad,iPad,iPad 11,,256 GB,,Wi-Fi + Cellular,,1000,2025,A16,11.0,,,,,,
Machines,iPad,iPad,iPad 11,,512 GB,,Wi-Fi + Cellular,,1325,2025,A16,11.0,,,,,,
Machines,iPad,iPad Air,iPad Air 4 10.9-inch A14 (2020),,64 GB,,Wi-Fi,,550,2020,A14 Bionic,10.9,,,,,,
Machines,iPad,iPad Air,iPad Air 4 10.9-inch A14 (2020),,256 GB,,Wi-Fi,,725,2020,A14 Bionic,10.9,,,,,,
Machines,iPad,iPad Air,iPad Air 4 10.9-inch A14 (2020),,64 GB,,Wi-Fi + Cellular,,720,2020,A14 Bionic,10.9,,,,,,
Machines,iPad,iPad Air,iPad Air 4 10.9-inch A14 (2020),,256 GB,,Wi-Fi + Cellular,,845,2020,A14 Bionic,10.9,,,,,,
Machines,iPad,iPad Air,iPad Air 5 10.9-inch M1 (2022),,64 GB,,Wi-Fi,,835,2022,M1,10.9,,,,,,
Machines,iPad,iPad Air,iPad Air 5 10.9-inch M1 (2022),,256 GB,,Wi-Fi,,975,2022,M1,10.9,,,,,,
Machines,iPad,iPad Air,iPad Air 5 10.9-inch M1 (2022),,64 GB,,Wi-Fi + Cellular,,975,2022,M1,10.9,,,,,,
Machines,iPad,iPad Air,iPad Air 5 10.9-inch M1 (2022),,256 GB,,Wi-Fi + Cellular,,1075,2022,M1,10.9,,,,,,
Machines,iPad,iPad Air,iPad Air 6 11-inch M2 (2024),,128 GB,,Wi-Fi,,1150,2024,M2,11.0,,,,,,
Machines,iPad,iPad Air,iPad Air 6 11-inch M2 (2024),,256 GB,,Wi-Fi,,1375,2024,M2,11.0,,,,,,
Machines,iPad,iPad Air,iPad Air 6 11-inch M2 (2024),,512 GB,,Wi-Fi,,1575,2024,M2,11.0,,,,,,
Machines,iPad,iPad Air,iPad Air 6 11-inch M2 (2024),,1 TB,,Wi-Fi,,1900,2024,M2,11.0,,,,,,
Machines,iPad,iPad Air,iPad Air 6 11-inch M2 (2024),,128 GB,,Wi-Fi + Cellular,,1350,2024,M2,11.0,,,,,,
Machines,iPad,iPad Air,iPad Air 6 11-inch M2 (2024),,256 GB,,Wi-Fi + Cellular,,1475,2024,M2,11.0,,,,,,
Machines,iPad,iPad Air,iPad Air 6 11-inch M2 (2024),,512 GB,,Wi-Fi + Cellular,,1800,2024,M2,11.0,,,,,,
Machines,iPad,iPad Air,iPad Air 6 11-inch M2 (2024),,1 TB,,Wi-Fi + Cellular,,2050,2024,M2,11.0,,,,,,
Machines,iPad,iPad Air,iPad Air 6 13-inch M2 (2024),,128 GB,,Wi-Fi,,1250,2024,M2,13.0,,,,,,
Machines,iPad,iPad Air,iPad Air 6 13-inch M2 (2024),,256 GB,,Wi-Fi,,1425,2024,M2,13.0,,,,,,
Machines,iPad,iPad Air,iPad Air 6 13-inch M2 (2024),,512 GB,,Wi-Fi,,1750,2024,M2,13.0,,,,,,
Machines,iPad,iPad Air,iPad Air 6 13-inch M2 (2024),,1 TB,,Wi-Fi,,2075,2024,M2,13.0,,,,,,
Machines,iPad,iPad Air,iPad Air 6 13-inch M2 (2024),,128 GB,,Wi-Fi + Cellular,,1525,2024,M2,13.0,,,,,,
Machines,iPad,iPad Air,iPad Air 6 13-inch M2 (2024),,256 GB,,Wi-Fi + Cellular,,1725,2024,M2,13.0,,,,,,
Machines,iPad,iPad Air,iPad Air 6 13-inch M2 (2024),,512 GB,,Wi-Fi + Cellular,,2075,2024,M2,13.0,,,,,,
Machines,iPad,iPad Air,iPad Air 6 13-inch M2 (2024),,1 TB,,Wi-Fi + Cellular,,2300,2024,M2,13.0,,,,,,
Machines,iPad,iPad Air,iPad Air 7 11-inch M3 (2025),,128 GB,,Wi-Fi,,1225,2025,M3,11.0,,,,,,
Machines,iPad,iPad Air,iPad Air 7 11-inch M3 (2025),,256 GB,,Wi-Fi,,1425,2025,M3,11.0,,,,,,
Machines,iPad,iPad Air,iPad Air 7 11-inch M3 (2025),,512 GB,,Wi-Fi,,1825,2025,M3,11.0,,,,,,
Machines,iPad,iPad Air,iPad Air 7 11-inch M3 (2025),,1 TB,,Wi-Fi,,2175,2025,M3,11.0,,,,,,
Machines,iPad,iPad Air,iPad Air 7 11-inch M3 (2025),,128 GB,,Wi-Fi + Cellular,,1600,2025,M3,11.0,,,,,,
Machines,iPad,iPad Air,iPad Air 7 11-inch M3 (2025),,256 GB,,Wi-Fi + Cellular,,1825,2025,M3,11.0,,,,,,
Machines,iPad,iPad Air,iPad Air 7 11-inch M3 (2025),,512 GB,,Wi-Fi + Cellular,,2200,2025,M3,11.0,,,,,,
Machines,iPad,iPad Air,iPad Air 7 11-inch M3 (2025),,1 TB,,Wi-Fi + Cellular,,2575,2025,M3,11.0,,,,,,
Machines,iPad,iPad Air,iPad Air 7 13-inch M3 (2025),,128 GB,,Wi-Fi,,1600,2025,M3,13.0,,,,,,
Machines,iPad,iPad Air,iPad Air 7 13-inch M3 (2025),,256 GB,,Wi-Fi,,1800,2025,M3,13.0,,,,,,
Machines,iPad,iPad Air,iPad Air 7 13-inch M3 (2025),,512 GB,,Wi-Fi,,2050,2025,M3,13.0,,,,,,
Machines,iPad,iPad Air,iPad Air 7 13-inch M3 (2025),,1 TB,,Wi-Fi,,2400,2025,M3,13.0,,,,,,
Machines,iPad,iPad Air,iPad Air 7 13-inch M3 (2025),,128 GB,,Wi-Fi + Cellular,,1875,2025,M3,13.0,,,,,,
Machines,iPad,iPad Air,iPad Air 7 13-inch M3 (2025),,256 GB,,Wi-Fi + Cellular,,2100,2025,M3,13.0,,,,,,
Machines,iPad,iPad Air,iPad Air 7 13-inch M3 (2025),,512 GB,,Wi-Fi + Cellular,,2400,2025,M3,13.0,,,,,,
Machines,iPad,iPad Air,iPad Air 7 13-inch M3 (2025),,1 TB,,Wi-Fi + Cellular,,2700,2025,M3,13.0,,,,,,
Machines,iPad,iPad mini,iPad Mini 6,,64 GB,,Wi-Fi,,585,2021,A15 Bionic,8.3,,,,,,
Machines,iPad,iPad mini,iPad Mini 6,,256 GB,,Wi-Fi,,775,2021,A15 Bionic,8.3,,,,,,
Machines,iPad,iPad mini,iPad Mini 6,,64 GB,,Wi-Fi + Cellular,,775,2021,A15 Bionic,8.3,,,,,,
Machines,iPad,iPad mini,iPad Mini 6,,256 GB,,Wi-Fi + Cellular,,925,2021,A15 Bionic,8.3,,,,,,
Machines,iPad,iPad mini,iPad Mini 7,,128 GB,,Wi-Fi,,850,2024,A17 Pro,8.3,,,,,,
Machines,iPad,iPad mini,iPad Mini 7,,256 GB,,Wi-Fi,,1010,2024,A17 Pro,8.3,,,,,,
Machines,iPad,iPad mini,iPad Mini 7,,512 GB,,Wi-Fi,,1375,2024,A17 Pro,8.3,,,,,,
Machines,iPad,iPad mini,iPad Mini 7,,128 GB,,Wi-Fi + Cellular,,1050,2024,A17 Pro,8.3,,,,,,
Machines,iPad,iPad mini,iPad Mini 7,,256 GB,,Wi-Fi + Cellular,,1275,2024,A17 Pro,8.3,,,,,,
Machines,iPad,iPad mini,iPad Mini 7,,512 GB,,Wi-Fi + Cellular,,1475,2024,A17 Pro,8.3,,,,,,
Machines,iPad,iPad Pro,iPad Pro 11-inch A12Z (2020),,128 GB,,Wi-Fi,,700,2020,A12Z,11.0,,,,,,
Machines,iPad,iPad Pro,iPad Pro 11-inch A12Z (2020),,256 GB,,Wi-Fi,,775,2020,A12Z,11.0,,,,,,
Machines,iPad,iPad Pro,iPad Pro 11-inch A12Z (2020),,512 GB,,Wi-Fi,,900,2020,A12Z,11.0,,,,,,
Machines,iPad,iPad Pro,iPad Pro 11-inch A12Z (2020),,1 TB,,Wi-Fi,,950,2020,A12Z,11.0,,,,,,
Machines,iPad,iPad Pro,iPad Pro 11-inch A12Z (2020),,128 GB,,Wi-Fi + Cellular,,775,2020,A12Z,11.0,,,,,,
Machines,iPad,iPad Pro,iPad Pro 11-inch A12Z (2020),,256 GB,,Wi-Fi + Cellular,,875,2020,A12Z,11.0,,,,,,
Machines,iPad,iPad Pro,iPad Pro 11-inch A12Z (2020),,512 GB,,Wi-Fi + Cellular,,1050,2020,A12Z,11.0,,,,,,
Machines,iPad,iPad Pro,iPad Pro 11-inch A12Z (2020),,1 TB,,Wi-Fi + Cellular,,1075,2020,A12Z,11.0,,,,,,
Machines,iPad,iPad Pro,iPad Pro 12.9-inch A12Z (2020),,128 GB,,Wi-Fi,,900,2020,A12Z,12.9,,,,,,
Machines,iPad,iPad Pro,iPad Pro 12.9-inch A12Z (2020),,256 GB,,Wi-Fi,,1050,2020,A12Z,12.9,,,,,,
Machines,iPad,iPad Pro,iPad Pro 12.9-inch A12Z (2020),,512 GB,,Wi-Fi,,1175,2020,A12Z,12.9,,,,,,
Machines,iPad,iPad Pro,iPad Pro 12.9-inch A12Z (2020),,1 TB,,Wi-Fi,,1275,2020,A12Z,12.9,,,,,,
Machines,iPad,iPad Pro,iPad Pro 12.9-inch A12Z (2020),,128 GB,,Wi-Fi + Cellular,,1050,2020,A12Z,12.9,,,,,,
Machines,iPad,iPad Pro,iPad Pro 12.9-inch A12Z (2020),,256 GB,,Wi-Fi + Cellular,,1175,2020,A12Z,12.9,,,,,,
Machines,iPad,iPad Pro,iPad Pro 12.9-inch A12Z (2020),,512 GB,,Wi-Fi + Cellular,,1325,2020,A12Z,12.9,,,,,,
Machines,iPad,iPad Pro,iPad Pro 12.9-inch A12Z (2020),,1 TB,,Wi-Fi + Cellular,,1400,2020,A12Z,12.9,,,,,,
Machines,iPad,iPad Pro,iPad Pro 11-inch M1 (2021),,128 GB,,Wi-Fi,,975,2021,M1,11.0,,,,,,
Machines,iPad,iPad Pro,iPad Pro 11-inch M1 (2021),,256 GB,,Wi-Fi,,1150,2021,M1,11.0,,,,,,
Machines,iPad,iPad Pro,iPad Pro 11-inch M1 (2021),,512 GB,,Wi-Fi,,1275,2021,M1,11.0,,,,,,
Machines,iPad,iPad Pro,iPad Pro 11-inch M1 (2021),,1 TB,,Wi-Fi,,1325,2021,M1,11.0,,,,,,
Machines,iPad,iPad Pro,iPad Pro 11-inch M1 (2021),,2 TB,,Wi-Fi,,1525,2021,M1,11.0,,,,,,
Machines,iPad,iPad Pro,iPad Pro 11-inch M1 (2021),,128 GB,,Wi-Fi + Cellular,,1075,2021,M1,11.0,,,,,,
Machines,iPad,iPad Pro,iPad Pro 11-inch M1 (2021),,256 GB,,Wi-Fi + Cellular,,1275,2021,M1,11.0,,,,,,
Machines,iPad,iPad Pro,iPad Pro 11-inch M1 (2021),,512 GB,,Wi-Fi + Cellular,,1425,2021,M1,11.0,,,,,,
Machines,iPad,iPad Pro,iPad Pro 11-inch M1 (2021),,1 TB,,Wi-Fi + Cellular,,1525,2021,M1,11.0,,,,,,
Machines,iPad,iPad Pro,iPad Pro 11-inch M1 (2021),,2 TB,,Wi-Fi + Cellular,,1700,2021,M1,11.0,,,,,,
Machines,iPad,iPad Pro,iPad Pro 12.9-inch M1 (2021),,128 GB,,Wi-Fi,,1150,2021,M1,12.9,,,,,,
Machines,iPad,iPad Pro,iPad Pro 12.9-inch M1 (2021),,256 GB,,Wi-Fi,,1250,2021,M1,12.9,,,,,,
Machines,iPad,iPad Pro,iPad Pro 12.9-inch M1 (2021),,512 GB,,Wi-Fi,,1350,2021,M1,12.9,,,,,,
Machines,iPad,iPad Pro,iPad Pro 12.9-inch M1 (2021),,1 TB,,Wi-Fi,,1475,2021,M1,12.9,,,,,,
Machines,iPad,iPad Pro,iPad Pro 12.9-inch M1 (2021),,2 TB,,Wi-Fi,,1700,2021,M1,12.9,,,,,,
Machines,iPad,iPad Pro,iPad Pro 12.9-inch M1 (2021),,128 GB,,Wi-Fi + Cellular,,1225,2021,M1,12.9,,,,,,
Machines,iPad,iPad Pro,iPad Pro 12.9-inch M1 (2021),,256 GB,,Wi-Fi + Cellular,,1325,2021,M1,12.9,,,,,,
Machines,iPad,iPad Pro,iPad Pro 12.9-inch M1 (2021),,512 GB,,Wi-Fi + Cellular,,1475,2021,M1,12.9,,,,,,
Machines,iPad,iPad Pro,iPad Pro 12.9-inch M1 (2021),,1 TB,,Wi-Fi + Cellular,,1625,2021,M1,12.9,,,,,,
Machines,iPad,iPad Pro,iPad Pro 12.9-inch M1 (2021),,2 TB,,Wi-Fi + Cellular,,1775,2021,M1,12.9,,,,,,
Machines,iPad,iPad Pro,iPad Pro 11-inch M2 (2022),,128 GB,,Wi-Fi,,1175,2022,M2,11.0,,,,,,
Machines,iPad,iPad Pro,iPad Pro 11-inch M2 (2022),,256 GB,,Wi-Fi,,1325,2022,M2,11.0,,,,,,
Machines,iPad,iPad Pro,iPad Pro 11-inch M2 (2022),,512 GB,,Wi-Fi,,1525,2022,M2,11.0,,,,,,
Machines,iPad,iPad Pro,iPad Pro 11-inch M2 (2022),,1 TB,,Wi-Fi,,1650,2022,M2,11.0,,,,,,
Machines,iPad,iPad Pro,iPad Pro 11-inch M2 (2022),,2 TB,,Wi-Fi,,1900,2022,M2,11.0,,,,,,
Machines,iPad,iPad Pro,iPad Pro 11-inch M2 (2022),,128 GB,,Wi-Fi + Cellular,,1350,2022,M2,11.0,,,,,,
Machines,iPad,iPad Pro,iPad Pro 11-inch M2 (2022),,256 GB,,Wi-Fi + Cellular,,1475,2022,M2,11.0,,,,,,
Machines,iPad,iPad Pro,iPad Pro 11-inch M2 (2022),,512 GB,,Wi-Fi + Cellular,,1650,2022,M2,11.0,,,,,,
Machines,iPad,iPad Pro,iPad Pro 11-inch M2 (2022),,1 TB,,Wi-Fi + Cellular,,1750,2022,M2,11.0,,,,,,
Machines,iPad,iPad Pro,iPad Pro 11-inch M2 (2022),,2 TB,,Wi-Fi + Cellular,,2025,2022,M2,11.0,,,,,,
Machines,iPad,iPad Pro,iPad Pro 12.9-inch M2 (2022),,128 GB,,Wi-Fi,,1400,2022,M2,12.9,,,,,,
Machines,iPad,iPad Pro,iPad Pro 12.9-inch M2 (2022),,256 GB,,Wi-Fi,,1500,2022,M2,12.9,,,,,,
Machines,iPad,iPad Pro,iPad Pro 12.9-inch M2 (2022),,512 GB,,Wi-Fi,,1625,2022,M2,12.9,,,,,,
Machines,iPad,iPad Pro,iPad Pro 12.9-inch M2 (2022),,1 TB,,Wi-Fi,,1825,2022,M2,12.9,,,,,,
Machines,iPad,iPad Pro,iPad Pro 12.9-inch M2 (2022),,2 TB,,Wi-Fi,,2025,2022,M2,12.9,,,,,,
Machines,iPad,iPad Pro,iPad Pro 12.9-inch M2 (2022),,128 GB,,Wi-Fi + Cellular,,1525,2022,M2,12.9,,,,,,
Machines,iPad,iPad Pro,iPad Pro 12.9-inch M2 (2022),,256 GB,,Wi-Fi + Cellular,,1650,2022,M2,12.9,,,,,,
Machines,iPad,iPad Pro,iPad Pro 12.9-inch M2 (2022),,512 GB,,Wi-Fi + Cellular,,1800,2022,M2,12.9,,,,,,
Machines,iPad,iPad Pro,iPad Pro 12.9-inch M2 (2022),,1 TB,,Wi-Fi + Cellular,,1875,2022,M2,12.9,,,,,,
Machines,iPad,iPad Pro,iPad Pro 12.9-inch M2 (2022),,2 TB,,Wi-Fi + Cellular,,2075,2022,M2,12.9,,,,,,
Machines,iPad,iPad Pro,iPad Pro 11-inch M4 (2024),,256 GB,,Wi-Fi,,1750,2024,M4,11.0,,,,,,
Machines,iPad,iPad Pro,iPad Pro 11-inch M4 (2024),,512 GB,,Wi-Fi,,2125,2024,M4,11.0,,,,,,
Machines,iPad,iPad Pro,iPad Pro 11-inch M4 (2024),,1 TB,,Wi-Fi,,2625,2024,M4,11.0,,,,,,
Machines,iPad,iPad Pro,iPad Pro 11-inch M4 (2024),,2 TB,,Wi-Fi,,3150,2024,M4,11.0,,,,,,
Machines,iPad,iPad Pro,iPad Pro 11-inch M4 (2024),,256 GB,,Wi-Fi + Cellular,,2050,2024,M4,11.0,,,,,,
Machines,iPad,iPad Pro,iPad Pro 11-inch M4 (2024),,512 GB,,Wi-Fi + Cellular,,2375,2024,M4,11.0,,,,,,
Machines,iPad,iPad Pro,iPad Pro 11-inch M4 (2024),,1 TB,,Wi-Fi + Cellular,,2900,2024,M4,11.0,,,,,,
Machines,iPad,iPad Pro,iPad Pro 11-inch M4 (2024),,2 TB,,Wi-Fi + Cellular,,3450,2024,M4,11.0,,,,,,
Machines,iPad,iPad Pro,iPad Pro 13-inch M4 (2024),,256 GB,,Wi-Fi,,2175,2024,M4,13.0,,,,,,
Machines,iPad,iPad Pro,iPad Pro 13-inch M4 (2024),,512 GB,,Wi-Fi,,2600,2024,M4,13.0,,,,,,
Machines,iPad,iPad Pro,iPad Pro 13-inch M4 (2024),,1 TB,,Wi-Fi,,3175,2024,M4,13.0,,,,,,
Machines,iPad,iPad Pro,iPad Pro 13-inch M4 (2024),,2 TB,,Wi-Fi,,3725,2024,M4,13.0,,,,,,
Machines,iPad,iPad Pro,iPad Pro 13-inch M4 (2024),,256 GB,,Wi-Fi + Cellular,,2575,2024,M4,13.0,,,,,,
Machines,iPad,iPad Pro,iPad Pro 13-inch M4 (2024),,512 GB,,Wi-Fi + Cellular,,2950,2024,M4,13.0,,,,,,
Machines,iPad,iPad Pro,iPad Pro 13-inch M4 (2024),,1 TB,,Wi-Fi + Cellular,,3550,2024,M4,13.0,,,,,,
Machines,iPad,iPad Pro,iPad Pro 13-inch M4 (2024),,2 TB,,Wi-Fi + Cellular,,4100,2024,M4,13.0,,,,,,
Machines,iPad,iPad Pro,iPad Pro 11-inch M5 (2025),,256 GB,,Wi-Fi,,2550,2025,M5,11.0,,,,,,
Machines,iPad,iPad Pro,iPad Pro 11-inch M5 (2025),,512 GB,,Wi-Fi,,3100,2025,M5,11.0,,,,,,
Machines,iPad,iPad Pro,iPad Pro 11-inch M5 (2025),,1 TB,,Wi-Fi,,3950,2025,M5,11.0,,,,,,
Machines,iPad,iPad Pro,iPad Pro 11-inch M5 (2025),,2 TB,,Wi-Fi,,4950,2025,M5,11.0,,,,,,
Machines,iPad,iPad Pro,iPad Pro 11-inch M5 (2025),,256 GB,,Wi-Fi + Cellular,,3100,2025,M5,11.0,,,,,,
Machines,iPad,iPad Pro,iPad Pro 11-inch M5 (2025),,512 GB,,Wi-Fi + Cellular,,3575,2025,M5,11.0,,,,,,
Machines,iPad,iPad Pro,iPad Pro 11-inch M5 (2025),,1 TB,,Wi-Fi + Cellular,,4425,2025,M5,11.0,,,,,,
Machines,iPad,iPad Pro,iPad Pro 11-inch M5 (2025),,2 TB,,Wi-Fi + Cellular,,5425,2025,M5,11.0,,,,,,
Machines,iPad,iPad Pro,iPad Pro 13-inch M5 (2025),,256 GB,,Wi-Fi,,3275,2025,M5,13.0,,,,,,
Machines,iPad,iPad Pro,iPad Pro 13-inch M5 (2025),,512 GB,,Wi-Fi,,3800,2025,M5,13.0,,,,,,
Machines,iPad,iPad Pro,iPad Pro 13-inch M5 (2025),,1 TB,,Wi-Fi,,4825,2025,M5,13.0,,,,,,
Machines,iPad,iPad Pro,iPad Pro 13-inch M5 (2025),,2 TB,,Wi-Fi,,5825,2025,M5,13.0,,,,,,
Machines,iPad,iPad Pro,iPad Pro 13-inch M5 (2025),,256 GB,,Wi-Fi + Cellular,,3800,2025,M5,13.0,,,,,,
Machines,iPad,iPad Pro,iPad Pro 13-inch M5 (2025),,512 GB,,Wi-Fi + Cellular,,4300,2025,M5,13.0,,,,,,
Machines,iPad,iPad Pro,iPad Pro 13-inch M5 (2025),,1 TB,,Wi-Fi + Cellular,,5325,2025,M5,13.0,,,,,,
Machines,iPad,iPad Pro,iPad Pro 13-inch M5 (2025),,2 TB,,Wi-Fi + Cellular,,6325,2025,M5,13.0,,,,,,
Switch,iPad,iPad,iPad 10,,64 GB,,Wi-Fi + Cellular,,690,2022,A14 Bionic,10.9,,,,,,
Switch,iPad,iPad,iPad 10,,256 GB,,Wi-Fi + Cellular,,800,2022,A14 Bionic,10.9,,,,,,
Switch,iPad,iPad,iPad 10,,64 GB,,Wi-Fi,,610,2022,A14 Bionic,10.9,,,,,,
Switch,iPad,iPad,iPad 10,,256 GB,,Wi-Fi,,690,2022,A14 Bionic,10.9,,,,,,
Switch,iPad,iPad,iPad 11,,128 GB,,Wi-Fi + Cellular,,840,2025,A16,11.0,,,,,,
Switch,iPad,iPad,iPad 11,,256 GB,,Wi-Fi + Cellular,,1040,2025,A16,11.0,,,,,,
Switch,iPad,iPad,iPad 11,,512 GB,,Wi-Fi + Cellular,,1370,2025,A16,11.0,,,,,,
Switch,iPad,iPad,iPad 11,,128 GB,,Wi-Fi,,640,2025,A16,11.0,,,,,,
Switch,iPad,iPad,iPad 11,,256 GB,,Wi-Fi,,820,2025,A16,11.0,,,,,,
Switch,iPad,iPad,iPad 11,,512 GB,,Wi-Fi,,1110,2025,A16,11.0,,,,,,
Switch,iPad,iPad,iPad 4,,16 GB,,Wi-Fi + Cellular,,60,2012,A6X,9.7,,,,,,
Switch,iPad,iPad,iPad 4,,16 GB,,Wi-Fi,,50,2012,A6X,9.7,,,,,,
Switch,iPad,iPad,iPad 4,,32 GB,,Wi-Fi + Cellular,,60,2012,A6X,9.7,,,,,,
Switch,iPad,iPad,iPad 4,,32 GB,,Wi-Fi,,50,2012,A6X,9.7,,,,,,
Switch,iPad,iPad,iPad 4,,64 GB,,Wi-Fi + Cellular,,60,2012,A6X,9.7,,,,,,
Switch,iPad,iPad,iPad 4,,64 GB,,Wi-Fi,,50,2012,A6X,9.7,,,,,,
Switch,iPad,iPad,iPad 4,,128 GB,,Wi-Fi + Cellular,,60,2012,A6X,9.7,,,,,,
Switch,iPad,iPad,iPad 4,,128 GB,,Wi-Fi,,50,2012,A6X,9.7,,,,,,
Switch,iPad,iPad,iPad 5,,32 GB,,Wi-Fi + Cellular,,100,2017,A9,9.7,,,,,,
Switch,iPad,iPad,iPad 5,,32 GB,,Wi-Fi,,80,2017,A9,9.7,,,,,,
Switch,iPad,iPad,iPad 5,,128 GB,,Wi-Fi + Cellular,,130,2017,A9,9.7,,,,,,
Switch,iPad,iPad,iPad 5,,128 GB,,Wi-Fi,,100,2017,A9,9.7,,,,,,
Switch,iPad,iPad,iPad 6,,32 GB,,Wi-Fi + Cellular,,130,2018,A10 Fusion,9.7,,,,,,
Switch,iPad,iPad,iPad 6,,32 GB,,Wi-Fi,,100,2018,A10 Fusion,9.7,,,,,,
Switch,iPad,iPad,iPad 6,,128 GB,,Wi-Fi + Cellular,,170,2018,A10 Fusion,9.7,,,,,,
Switch,iPad,iPad,iPad 6,,128 GB,,Wi-Fi,,130,2018,A10 Fusion,9.7,,,,,,
Switch,iPad,iPad,iPad 7,,32 GB,,Wi-Fi + Cellular,,170,2019,A10 Fusion,10.2,,,,,,
Switch,iPad,iPad,iPad 7,,32 GB,,Wi-Fi,,150,2019,A10 Fusion,10.2,,,,,,
Switch,iPad,iPad,iPad 7,,128 GB,,Wi-Fi + Cellular,,340,2019,A10 Fusion,10.2,,,,,,
Switch,iPad,iPad,iPad 7,,128 GB,,Wi-Fi,,240,2019,A10 Fusion,10.2,,,,,,
Switch,iPad,iPad,iPad 8,,32 GB,,Wi-Fi + Cellular,,310,2020,A12 Bionic,10.2,,,,,,
Switch,iPad,iPad,iPad 8,,32 GB,,Wi-Fi,,200,2020,A12 Bionic,10.2,,,,,,
Switch,iPad,iPad,iPad 8,,128 GB,,Wi-Fi + Cellular,,360,2020,A12 Bionic,10.2,,,,,,
Switch,iPad,iPad,iPad 8,,128 GB,,Wi-Fi,,260,2020,A12 Bionic,10.2,,,,,,
Switch,iPad,iPad,iPad 9,,64 GB,,Wi-Fi + Cellular,,350,2021,A13 Bionic,10.2,,,,,,
Switch,iPad,iPad,iPad 9,,64 GB,,Wi-Fi,,300,2021,A13 Bionic,10.2,,,,,,
Switch,iPad,iPad,iPad 9,,256 GB,,Wi-Fi + Cellular,,450,2021,A13 Bionic,10.2,,,,,,
Switch,iPad,iPad,iPad 9,,256 GB,,Wi-Fi,,400,2021,A13 Bionic,10.2,,,,,,
Switch,iPad,iPad Air,iPad Air 1 9.7-inch A7 (2013),,16 GB,,Wi-Fi + Cellular,,60,2013,A7,9.7,,,,,,
Switch,iPad,iPad Air,iPad Air 1 9.7-inch A7 (2013),,16 GB,,Wi-Fi,,40,2013,A7,9.7,,,,,,
Switch,iPad,iPad Air,iPad Air 1 9.7-inch A7 (2013),,32 GB,,Wi-Fi + Cellular,,80,2013,A7,9.7,,,,,,
Switch,iPad,iPad Air,iPad Air 1 9.7-inch A7 (2013),,32 GB,,Wi-Fi,,60,2013,A7,9.7,,,,,,
Switch,iPad,iPad Air,iPad Air 1 9.7-inch A7 (2013),,64 GB,,Wi-Fi + Cellular,,90,2013,A7,9.7,,,,,,
Switch,iPad,iPad Air,iPad Air 1 9.7-inch A7 (2013),,64 GB,,Wi-Fi,,70,2013,A7,9.7,,,,,,
Switch,iPad,iPad Air,iPad Air 1 9.7-inch A7 (2013),,128 GB,,Wi-Fi + Cellular,,100,2013,A7,9.7,,,,,,
Switch,iPad,iPad Air,iPad Air 1 9.7-inch A7 (2013),,128 GB,,Wi-Fi,,80,2013,A7,9.7,,,,,,
Switch,iPad,iPad Air,iPad Air 2 9.7-inch A8X (2014),,16 GB,,Wi-Fi + Cellular,,100,2014,A8X,9.7,,,,,,
Switch,iPad,iPad Air,iPad Air 2 9.7-inch A8X (2014),,16 GB,,Wi-Fi,,80,2014,A8X,9.7,,,,,,
Switch,iPad,iPad Air,iPad Air 2 9.7-inch A8X (2014),,32 GB,,Wi-Fi + Cellular,,120,2014,A8X,9.7,,,,,,
Switch,iPad,iPad Air,iPad Air 2 9.7-inch A8X (2014),,32 GB,,Wi-Fi,,90,2014,A8X,9.7,,,,,,
Switch,iPad,iPad Air,iPad Air 2 9.7-inch A8X (2014),,64 GB,,Wi-Fi + Cellular,,130,2014,A8X,9.7,,,,,,
Switch,iPad,iPad Air,iPad Air 2 9.7-inch A8X (2014),,64 GB,,Wi-Fi,,100,2014,A8X,9.7,,,,,,
Switch,iPad,iPad Air,iPad Air 2 9.7-inch A8X (2014),,128 GB,,Wi-Fi + Cellular,,150,2014,A8X,9.7,,,,,,
Switch,iPad,iPad Air,iPad Air 2 9.7-inch A8X (2014),,128 GB,,Wi-Fi,,120,2014,A8X,9.7,,,,,,
Switch,iPad,iPad Air,iPad Air 3 10.5-inch A12 (2019),,64 GB,,Wi-Fi + Cellular,,350,2019,A12 Bionic,10.5,,,,,,
Switch,iPad,iPad Air,iPad Air 3 10.5-inch A12 (2019),,64 GB,,Wi-Fi,,250,2019,A12 Bionic,10.5,,,,,,
Switch,iPad,iPad Air,iPad Air 3 10.5-inch A12 (2019),,256 GB,,Wi-Fi + Cellular,,500,2019,A12 Bionic,10.5,,,,,,
Switch,iPad,iPad Air,iPad Air 3 10.5-inch A12 (2019),,256 GB,,Wi-Fi,,400,2019,A12 Bionic,10.5,,,,,,
Switch,iPad,iPad Air,iPad Air 4 10.9-inch A14 (2020),,64 GB,,Wi-Fi + Cellular,,730,2020,A14 Bionic,10.9,,,,,,
Switch,iPad,iPad Air,iPad Air 4 10.9-inch A14 (2020),,64 GB,,Wi-Fi,,560,2020,A14 Bionic,10.9,,,,,,
Switch,iPad,iPad Air,iPad Air 4 10.9-inch A14 (2020),,256 GB,,Wi-Fi + Cellular,,850,2020,A14 Bionic,10.9,,,,,,
Switch,iPad,iPad Air,iPad Air 4 10.9-inch A14 (2020),,256 GB,,Wi-Fi,,700,2020,A14 Bionic,10.9,,,,,,
Switch,iPad,iPad Air,iPad Air 5 10.9-inch M1 (2022),,64 GB,,Wi-Fi + Cellular,,950,2022,M1,10.9,,,,,,
Switch,iPad,iPad Air,iPad Air 5 10.9-inch M1 (2022),,64 GB,,Wi-Fi,,840,2022,M1,10.9,,,,,,
Switch,iPad,iPad Air,iPad Air 5 10.9-inch M1 (2022),,256 GB,,Wi-Fi + Cellular,,1050,2022,M1,10.9,,,,,,
Switch,iPad,iPad Air,iPad Air 5 10.9-inch M1 (2022),,256 GB,,Wi-Fi,,950,2022,M1,10.9,,,,,,
Switch,iPad,iPad Air,iPad Air 6 11-inch M2 (2024),,128 GB,,Wi-Fi + Cellular,,1400,2024,M2,11.0,,,,,,
Switch,iPad,iPad Air,iPad Air 6 11-inch M2 (2024),,256 GB,,Wi-Fi + Cellular,,1530,2024,M2,11.0,,,,,,
Switch,iPad,iPad Air,iPad Air 6 11-inch M2 (2024),,512 GB,,Wi-Fi + Cellular,,1650,2024,M2,11.0,,,,,,
Switch,iPad,iPad Air,iPad Air 6 11-inch M2 (2024),,1 TB,,Wi-Fi + Cellular,,1850,2024,M2,11.0,,,,,,
Switch,iPad,iPad Air,iPad Air 6 11-inch M2 (2024),,128 GB,,Wi-Fi,,1050,2024,M2,11.0,,,,,,
Switch,iPad,iPad Air,iPad Air 6 11-inch M2 (2024),,256 GB,,Wi-Fi,,1150,2024,M2,11.0,,,,,,
Switch,iPad,iPad Air,iPad Air 6 11-inch M2 (2024),,512 GB,,Wi-Fi,,1300,2024,M2,11.0,,,,,,
Switch,iPad,iPad Air,iPad Air 6 11-inch M2 (2024),,1 TB,,Wi-Fi,,1450,2024,M2,11.0,,,,,,
Switch,iPad,iPad Air,iPad Air 6 13-inch M2 (2024),,128 GB,,Wi-Fi + Cellular,,1580,2024,M2,13.0,,,,,,
Switch,iPad,iPad Air,iPad Air 6 13-inch M2 (2024),,256 GB,,Wi-Fi + Cellular,,1780,2024,M2,13.0,,,,,,
Switch,iPad,iPad Air,iPad Air 6 13-inch M2 (2024),,512 GB,,Wi-Fi + Cellular,,1900,2024,M2,13.0,,,,,,
Switch,iPad,iPad Air,iPad Air 6 13-inch M2 (2024),,1 TB,,Wi-Fi + Cellular,,2100,2024,M2,13.0,,,,,,
Switch,iPad,iPad Air,iPad Air 6 13-inch M2 (2024),,128 GB,,Wi-Fi,,1300,2024,M2,13.0,,,,,,
Switch,iPad,iPad Air,iPad Air 6 13-inch M2 (2024),,256 GB,,Wi-Fi,,1480,2024,M2,13.0,,,,,,
Switch,iPad,iPad Air,iPad Air 6 13-inch M2 (2024),,512 GB,,Wi-Fi,,1700,2024,M2,13.0,,,,,,
Switch,iPad,iPad Air,iPad Air 6 13-inch M2 (2024),,1 TB,,Wi-Fi,,1850,2024,M2,13.0,,,,,,
Switch,iPad,iPad Air,iPad Air 7 11-inch M3 (2025),,128 GB,,Wi-Fi + Cellular,,1660,2025,M3,11.0,,,,,,
Switch,iPad,iPad Air,iPad Air 7 11-inch M3 (2025),,256 GB,,Wi-Fi + Cellular,,1850,2025,M3,11.0,,,,,,
Switch,iPad,iPad Air,iPad Air 7 11-inch M3 (2025),,512 GB,,Wi-Fi + Cellular,,2100,2025,M3,11.0,,,,,,
Switch,iPad,iPad Air,iPad Air 7 11-inch M3 (2025),,1 TB,,Wi-Fi + Cellular,,2350,2025,M3,11.0,,,,,,
Switch,iPad,iPad Air,iPad Air 7 11-inch M3 (2025),,128 GB,,Wi-Fi,,1280,2025,M3,11.0,,,,,,
Switch,iPad,iPad Air,iPad Air 7 11-inch M3 (2025),,256 GB,,Wi-Fi,,1480,2025,M3,11.0,,,,,,
Switch,iPad,iPad Air,iPad Air 7 11-inch M3 (2025),,512 GB,,Wi-Fi,,1700,2025,M3,11.0,,,,,,
Switch,iPad,iPad Air,iPad Air 7 11-inch M3 (2025),,1 TB,,Wi-Fi,,1900,2025,M3,11.0,,,,,,
Switch,iPad,iPad Air,iPad Air 7 13-inch M3 (2025),,128 GB,,Wi-Fi + Cellular,,1930,2025,M3,13.0,,,,,,
Switch,iPad,iPad Air,iPad Air 7 13-inch M3 (2025),,256 GB,,Wi-Fi + Cellular,,2150,2025,M3,13.0,,,,,,
Switch,iPad,iPad Air,iPad Air 7 13-inch M3 (2025),,512 GB,,Wi-Fi + Cellular,,2400,2025,M3,13.0,,,,,,
Switch,iPad,iPad Air,iPad Air 7 13-inch M3 (2025),,1 TB,,Wi-Fi + Cellular,,2700,2025,M3,13.0,,,,,,
Switch,iPad,iPad Air,iPad Air 7 13-inch M3 (2025),,128 GB,,Wi-Fi,,1680,2025,M3,13.0,,,,,,
Switch,iPad,iPad Air,iPad Air 7 13-inch M3 (2025),,256 GB,,Wi-Fi,,1870,2025,M3,13.0,,,,,,
Switch,iPad,iPad Air,iPad Air 7 13-inch M3 (2025),,512 GB,,Wi-Fi,,2100,2025,M3,13.0,,,,,,
Switch,iPad,iPad Air,iPad Air 7 13-inch M3 (2025),,1 TB,,Wi-Fi,,2450,2025,M3,13.0,,,,,,
Switch,iPad,iPad mini,iPad Mini 1,,16 GB,,Wi-Fi + Cellular,,40,2012,A5,7.9,,,,,,
Switch,iPad,iPad mini,iPad Mini 1,,16 GB,,Wi-Fi,,40,2012,A5,7.9,,,,,,
Switch,iPad,iPad mini,iPad Mini 1,,32 GB,,Wi-Fi + Cellular,,40,2012,A5,7.9,,,,,,
Switch,iPad,iPad mini,iPad Mini 1,,32 GB,,Wi-Fi,,40,2012,A5,7.9,,,,,,
Switch,iPad,iPad mini,iPad Mini 1,,64 GB,,Wi-Fi + Cellular,,40,2012,A5,7.9,,,,,,
Switch,iPad,iPad mini,iPad Mini 1,,64 GB,,Wi-Fi,,40,2012,A5,7.9,,,,,,
Switch,iPad,iPad mini,iPad Mini 2,,16 GB,,Wi-Fi + Cellular,,60,2013,A7,7.9,,,,,,
Switch,iPad,iPad mini,iPad Mini 2,,16 GB,,Wi-Fi,,40,2013,A7,7.9,,,,,,
Switch,iPad,iPad mini,iPad Mini 2,,32 GB,,Wi-Fi + Cellular,,60,2013,A7,7.9,,,,,,
Switch,iPad,iPad mini,iPad Mini 2,,32 GB,,Wi-Fi,,40,2013,A7,7.9,,,,,,
Switch,iPad,iPad mini,iPad Mini 2,,64 GB,,Wi-Fi + Cellular,,60,2013,A7,7.9,,,,,,
Switch,iPad,iPad mini,iPad Mini 2,,64 GB,,Wi-Fi,,40,2013,A7,7.9,,,,,,
Switch,iPad,iPad mini,iPad Mini 2,,128 GB,,Wi-Fi + Cellular,,60,2013,A7,7.9,,,,,,
Switch,iPad,iPad mini,iPad Mini 2,,128 GB,,Wi-Fi,,40,2013,A7,7.9,,,,,,
Switch,iPad,iPad mini,iPad Mini 3,,16 GB,,Wi-Fi + Cellular,,90,2014,A7,7.9,,,,,,
Switch,iPad,iPad mini,iPad Mini 3,,16 GB,,Wi-Fi,,80,2014,A7,7.9,,,,,,
Switch,iPad,iPad mini,iPad Mini 3,,64 GB,,Wi-Fi + Cellular,,120,2014,A7,7.9,,,,,,
Switch,iPad,iPad mini,iPad Mini 3,,64 GB,,Wi-Fi,,100,2014,A7,7.9,,,,,,
Switch,iPad,iPad mini,iPad Mini 3,,128 GB,,Wi-Fi + Cellular,,150,2014,A7,7.9,,,,,,
Switch,iPad,iPad mini,iPad Mini 3,,128 GB,,Wi-Fi,,130,2014,A7,7.9,,,,,,
Switch,iPad,iPad mini,iPad Mini 4,,16 GB,,Wi-Fi + Cellular,,120,2015,A8,7.9,,,,,,
Switch,iPad,iPad mini,iPad Mini 4,,16 GB,,Wi-Fi,,100,2015,A8,7.9,,,,,,
Switch,iPad,iPad mini,iPad Mini 4,,32 GB,,Wi-Fi + Cellular,,170,2015,A8,7.9,,,,,,
Switch,iPad,iPad mini,iPad Mini 4,,32 GB,,Wi-Fi,,140,2015,A8,7.9,,,,,,
Switch,iPad,iPad mini,iPad Mini 4,,64 GB,,Wi-Fi + Cellular,,200,2015,A8,7.9,,,,,,
Switch,iPad,iPad mini,iPad Mini 4,,64 GB,,Wi-Fi,,170,2015,A8,7.9,,,,,,
Switch,iPad,iPad mini,iPad Mini 4,,128 GB,,Wi-Fi + Cellular,,250,2015,A8,7.9,,,,,,
Switch,iPad,iPad mini,iPad Mini 4,,128 GB,,Wi-Fi,,200,2015,A8,7.9,,,,,,
Switch,iPad,iPad mini,iPad Mini 5,,64 GB,,Wi-Fi + Cellular,,350,2019,A12 Bionic,7.9,,,,,,
Switch,iPad,iPad mini,iPad Mini 5,,64 GB,,Wi-Fi,,300,2019,A12 Bionic,7.9,,,,,,
Switch,iPad,iPad mini,iPad Mini 5,,256 GB,,Wi-Fi + Cellular,,400,2019,A12 Bionic,7.9,,,,,,
Switch,iPad,iPad mini,iPad Mini 5,,256 GB,,Wi-Fi,,350,2019,A12 Bionic,7.9,,,,,,
Switch,iPad,iPad mini,iPad Mini 6,,64 GB,,Wi-Fi + Cellular,,800,2021,A15 Bionic,8.3,,,,,,
Switch,iPad,iPad mini,iPad Mini 6,,64 GB,,Wi-Fi,,590,2021,A15 Bionic,8.3,,,,,,
Switch,iPad,iPad mini,iPad Mini 6,,256 GB,,Wi-Fi + Cellular,,900,2021,A15 Bionic,8.3,,,,,,
Switch,iPad,iPad mini,iPad Mini 6,,256 GB,,Wi-Fi,,700,2021,A15 Bionic,8.3,,,,,,
Switch,iPad,iPad mini,iPad Mini 7,,128 GB,,Wi-Fi + Cellular,,1070,2024,A17 Pro,8.3,,,,,,
Switch,iPad,iPad mini,iPad Mini 7,,256 GB,,Wi-Fi + Cellular,,1290,2024,A17 Pro,8.3,,,,,,
Switch,iPad,iPad mini,iPad Mini 7,,512 GB,,Wi-Fi + Cellular,,1520,2024,A17 Pro,8.3,,,,,,
Switch,iPad,iPad mini,iPad Mini 7,,128 GB,,Wi-Fi,,890,2024,A17 Pro,8.3,,,,,,
Switch,iPad,iPad mini,iPad Mini 7,,256 GB,,Wi-Fi,,1010,2024,A17 Pro,8.3,,,,,,
Switch,iPad,iPad mini,iPad Mini 7,,512 GB,,Wi-Fi,,1350,2024,A17 Pro,8.3,,,,,,
Switch,iPad,iPad Pro,iPad Pro 10.5-inch A10X (2017),,64 GB,,Wi-Fi + Cellular,,200,2017,A10X,10.5,,,,,,
Switch,iPad,iPad Pro,iPad Pro 10.5-inch A10X (2017),,64 GB,,Wi-Fi,,150,2017,A10X,10.5,,,,,,
Switch,iPad,iPad Pro,iPad Pro 10.5-inch A10X (2017),,256 GB,,Wi-Fi + Cellular,,300,2017,A10X,10.5,,,,,,
Switch,iPad,iPad Pro,iPad Pro 10.5-inch A10X (2017),,256 GB,,Wi-Fi,,250,2017,A10X,10.5,,,,,,
Switch,iPad,iPad Pro,iPad Pro 10.5-inch A10X (2017),,512 GB,,Wi-Fi + Cellular,,350,2017,A10X,10.5,,,,,,
Switch,iPad,iPad Pro,iPad Pro 10.5-inch A10X (2017),,512 GB,,Wi-Fi,,300,2017,A10X,10.5,,,,,,
Switch,iPad,iPad Pro,iPad Pro 11-inch A12Z (2020),,128 GB,,Wi-Fi + Cellular,,830,2020,A12Z,11.0,,,,,,
Switch,iPad,iPad Pro,iPad Pro 11-inch A12Z (2020),,128 GB,,Wi-Fi,,750,2020,A12Z,11.0,,,,,,
Switch,iPad,iPad Pro,iPad Pro 11-inch A12Z (2020),,256 GB,,Wi-Fi + Cellular,,930,2020,A12Z,11.0,,,,,,
Switch,iPad,iPad Pro,iPad Pro 11-inch A12Z (2020),,256 GB,,Wi-Fi,,830,2020,A12Z,11.0,,,,,,
Switch,iPad,iPad Pro,iPad Pro 11-inch A12Z (2020),,512 GB,,Wi-Fi + Cellular,,1100,2020,A12Z,11.0,,,,,,
Switch,iPad,iPad Pro,iPad Pro 11-inch A12Z (2020),,512 GB,,Wi-Fi,,950,2020,A12Z,11.0,,,,,,
Switch,iPad,iPad Pro,iPad Pro 11-inch A12Z (2020),,1 TB,,Wi-Fi + Cellular,,1130,2020,A12Z,11.0,,,,,,
Switch,iPad,iPad Pro,iPad Pro 11-inch A12Z (2020),,1 TB,,Wi-Fi,,1000,2020,A12Z,11.0,,,,,,
Switch,iPad,iPad Pro,iPad Pro 11-inch M1 (2021),,128 GB,,Wi-Fi + Cellular,,1130,2021,M1,11.0,,,,,,
Switch,iPad,iPad Pro,iPad Pro 11-inch M1 (2021),,128 GB,,Wi-Fi,,1030,2021,M1,11.0,,,,,,
Switch,iPad,iPad Pro,iPad Pro 11-inch M1 (2021),,256 GB,,Wi-Fi + Cellular,,1320,2021,M1,11.0,,,,,,
Switch,iPad,iPad Pro,iPad Pro 11-inch M1 (2021),,256 GB,,Wi-Fi,,1200,2021,M1,11.0,,,,,,
Switch,iPad,iPad Pro,iPad Pro 11-inch M1 (2021),,512 GB,,Wi-Fi + Cellular,,1480,2021,M1,11.0,,,,,,
Switch,iPad,iPad Pro,iPad Pro 11-inch M1 (2021),,512 GB,,Wi-Fi,,1330,2021,M1,11.0,,,,,,
Switch,iPad,iPad Pro,iPad Pro 11-inch M1 (2021),,1 TB,,Wi-Fi + Cellular,,1560,2021,M1,11.0,,,,,,
Switch,iPad,iPad Pro,iPad Pro 11-inch M1 (2021),,1 TB,,Wi-Fi,,1370,2021,M1,11.0,,,,,,
Switch,iPad,iPad Pro,iPad Pro 11-inch M1 (2021),,2 TB,,Wi-Fi + Cellular,,1750,2021,M1,11.0,,,,,,
Switch,iPad,iPad Pro,iPad Pro 11-inch M1 (2021),,2 TB,,Wi-Fi,,1560,2021,M1,11.0,,,,,,
Switch,iPad,iPad Pro,iPad Pro 11-inch M2 (2022),,128 GB,,Wi-Fi + Cellular,,1400,2022,M2,11.0,,,,,,
Switch,iPad,iPad Pro,iPad Pro 11-inch M2 (2022),,128 GB,,Wi-Fi,,1230,2022,M2,11.0,,,,,,
Switch,iPad,iPad Pro,iPad Pro 11-inch M2 (2022),,256 GB,,Wi-Fi + Cellular,,1530,2022,M2,11.0,,,,,,
Switch,iPad,iPad Pro,iPad Pro 11-inch M2 (2022),,256 GB,,Wi-Fi,,1380,2022,M2,11.0,,,,,,
Switch,iPad,iPad Pro,iPad Pro 11-inch M2 (2022),,512 GB,,Wi-Fi + Cellular,,1650,2022,M2,11.0,,,,,,
Switch,iPad,iPad Pro,iPad Pro 11-inch M2 (2022),,512 GB,,Wi-Fi,,1500,2022,M2,11.0,,,,,,
Switch,iPad,iPad Pro,iPad Pro 11-inch M2 (2022),,1 TB,,Wi-Fi + Cellular,,1750,2022,M2,11.0,,,,,,
Switch,iPad,iPad Pro,iPad Pro 11-inch M2 (2022),,1 TB,,Wi-Fi,,1600,2022,M2,11.0,,,,,,
Switch,iPad,iPad Pro,iPad Pro 11-inch M2 (2022),,2 TB,,Wi-Fi + Cellular,,1950,2022,M2,11.0,,,,,,
Switch,iPad,iPad Pro,iPad Pro 11-inch M2 (2022),,2 TB,,Wi-Fi,,1800,2022,M2,11.0,,,,,,
Switch,iPad,iPad Pro,iPad Pro 11-inch M4 (2024) Nano Glass,,1 TB,,Wi-Fi + Cellular,,3000,2024,M4,11.0,,,,,,
Switch,iPad,iPad Pro,iPad Pro 11-inch M4 (2024) Nano Glass,,2 TB,,Wi-Fi + Cellular,,3550,2024,M4,11.0,,,,,,
Switch,iPad,iPad Pro,iPad Pro 11-inch M4 (2024) Standard Glass,,256 GB,,Wi-Fi + Cellular,,2100,2024,M4,11.0,,,,,,
Switch,iPad,iPad Pro,iPad Pro 11-inch M4 (2024) Standard Glass,,512 GB,,Wi-Fi + Cellular,,2430,2024,M4,11.0,,,,,,
Switch,iPad,iPad Pro,iPad Pro 11-inch M4 (2024) Standard Glass,,1 TB,,Wi-Fi + Cellular,,2950,2024,M4,11.0,,,,,,
Switch,iPad,iPad Pro,iPad Pro 11-inch M4 (2024) Standard Glass,,2 TB,,Wi-Fi + Cellular,,3500,2024,M4,11.0,,,,,,
Switch,iPad,iPad Pro,iPad Pro 11-inch M4 (2024) Nano Glass,,1 TB,,Wi-Fi,,2700,2024,M4,11.0,,,,,,
Switch,iPad,iPad Pro,iPad Pro 11-inch M4 (2024) Nano Glass,,2 TB,,Wi-Fi,,3250,2024,M4,11.0,,,,,,
Switch,iPad,iPad Pro,iPad Pro 11-inch M4 (2024) Standard Glass,,256 GB,,Wi-Fi,,1800,2024,M4,11.0,,,,,,
Switch,iPad,iPad Pro,iPad Pro 11-inch M4 (2024) Standard Glass,,512 GB,,Wi-Fi,,2180,2024,M4,11.0,,,,,,
Switch,iPad,iPad Pro,iPad Pro 11-inch M4 (2024) Standard Glass,,1 TB,,Wi-Fi,,2680,2024,M4,11.0,,,,,,
Switch,iPad,iPad Pro,iPad Pro 11-inch M4 (2024) Standard Glass,,2 TB,,Wi-Fi,,3210,2024,M4,11.0,,,,,,
Switch,iPad,iPad Pro,iPad Pro 11-inch A12X (2018),,64 GB,,Wi-Fi + Cellular,,650,2018,A12X,11.0,,,,,,
Switch,iPad,iPad Pro,iPad Pro 11-inch A12X (2018),,64 GB,,Wi-Fi,,550,2018,A12X,11.0,,,,,,
Switch,iPad,iPad Pro,iPad Pro 11-inch A12X (2018),,256 GB,,Wi-Fi + Cellular,,750,2018,A12X,11.0,,,,,,
Switch,iPad,iPad Pro,iPad Pro 11-inch A12X (2018),,256 GB,,Wi-Fi,,650,2018,A12X,11.0,,,,,,
Switch,iPad,iPad Pro,iPad Pro 11-inch A12X (2018),,512 GB,,Wi-Fi + Cellular,,850,2018,A12X,11.0,,,,,,
Switch,iPad,iPad Pro,iPad Pro 11-inch A12X (2018),,512 GB,,Wi-Fi,,750,2018,A12X,11.0,,,,,,
Switch,iPad,iPad Pro,iPad Pro 11-inch A12X (2018),,1 TB,,Wi-Fi + Cellular,,950,2018,A12X,11.0,,,,,,
Switch,iPad,iPad Pro,iPad Pro 11-inch A12X (2018),,1 TB,,Wi-Fi,,850,2018,A12X,11.0,,,,,,
Switch,iPad,iPad Pro,iPad Pro 12.9-inch A9X (2015),,32 GB,,Wi-Fi + Cellular,,190,2015,A9X,12.9,,,,,,
Switch,iPad,iPad Pro,iPad Pro 12.9-inch A9X (2015),,32 GB,,Wi-Fi,,160,2015,A9X,12.9,,,,,,
Switch,iPad,iPad Pro,iPad Pro 12.9-inch M1 (2021),,128 GB,,Wi-Fi + Cellular,,1280,2021,M1,12.9,,,,,,
Switch,iPad,iPad Pro,iPad Pro 12.9-inch M1 (2021),,128 GB,,Wi-Fi,,1180,2021,M1,12.9,,,,,,
Switch,iPad,iPad Pro,iPad Pro 12.9-inch M1 (2021),,256 GB,,Wi-Fi + Cellular,,1380,2021,M1,12.9,,,,,,
Switch,iPad,iPad Pro,iPad Pro 12.9-inch M1 (2021),,256 GB,,Wi-Fi,,1300,2021,M1,12.9,,,,,,
Switch,iPad,iPad Pro,iPad Pro 12.9-inch M1 (2021),,512 GB,,Wi-Fi + Cellular,,1510,2021,M1,12.9,,,,,,
Switch,iPad,iPad Pro,iPad Pro 12.9-inch M1 (2021),,512 GB,,Wi-Fi,,1400,2021,M1,12.9,,,,,,
Switch,iPad,iPad Pro,iPad Pro 12.9-inch M1 (2021),,1 TB,,Wi-Fi + Cellular,,1660,2021,M1,12.9,,,,,,
Switch,iPad,iPad Pro,iPad Pro 12.9-inch M1 (2021),,1 TB,,Wi-Fi,,1510,2021,M1,12.9,,,,,,
Switch,iPad,iPad Pro,iPad Pro 12.9-inch M1 (2021),,2 TB,,Wi-Fi + Cellular,,1810,2021,M1,12.9,,,,,,
Switch,iPad,iPad Pro,iPad Pro 12.9-inch M1 (2021),,2 TB,,Wi-Fi,,1740,2021,M1,12.9,,,,,,
Switch,iPad,iPad Pro,iPad Pro 12.9-inch M2 (2022),,128 GB,,Wi-Fi + Cellular,,1580,2022,M2,12.9,,,,,,
Switch,iPad,iPad Pro,iPad Pro 12.9-inch M2 (2022),,128 GB,,Wi-Fi,,1430,2022,M2,12.9,,,,,,
Switch,iPad,iPad Pro,iPad Pro 12.9-inch M2 (2022),,256 GB,,Wi-Fi + Cellular,,1700,2022,M2,12.9,,,,,,
Switch,iPad,iPad Pro,iPad Pro 12.9-inch M2 (2022),,256 GB,,Wi-Fi,,1550,2022,M2,12.9,,,,,,
Switch,iPad,iPad Pro,iPad Pro 12.9-inch M2 (2022),,512 GB,,Wi-Fi + Cellular,,1850,2022,M2,12.9,,,,,,
Switch,iPad,iPad Pro,iPad Pro 12.9-inch M2 (2022),,512 GB,,Wi-Fi,,1680,2022,M2,12.9,,,,,,
Switch,iPad,iPad Pro,iPad Pro 12.9-inch M2 (2022),,1 TB,,Wi-Fi + Cellular,,1930,2022,M2,12.9,,,,,,
Switch,iPad,iPad Pro,iPad Pro 12.9-inch M2 (2022),,1 TB,,Wi-Fi,,1880,2022,M2,12.9,,,,,,
Switch,iPad,iPad Pro,iPad Pro 12.9-inch M2 (2022),,2 TB,,Wi-Fi + Cellular,,2130,2022,M2,12.9,,,,,,
Switch,iPad,iPad Pro,iPad Pro 12.9-inch M2 (2022),,2 TB,,Wi-Fi,,2080,2022,M2,12.9,,,,,,
Switch,iPad,iPad Pro,iPad Pro 12.9-inch A9X (2015),,128 GB,,Wi-Fi + Cellular,,200,2015,A9X,12.9,,,,,,
Switch,iPad,iPad Pro,iPad Pro 12.9-inch A9X (2015),,128 GB,,Wi-Fi,,170,2015,A9X,12.9,,,,,,
Switch,iPad,iPad Pro,iPad Pro 12.9-inch A9X (2015),,256 GB,,Wi-Fi + Cellular,,250,2015,A9X,12.9,,,,,,
Switch,iPad,iPad Pro,iPad Pro 12.9-inch A9X (2015),,256 GB,,Wi-Fi,,200,2015,A9X,12.9,,,,,,
Switch,iPad,iPad Pro,iPad Pro 12.9-inch A10X (2017),,64 GB,,Wi-Fi + Cellular,,410,2017,A10X,12.9,,,,,,
Switch,iPad,iPad Pro,iPad Pro 12.9-inch A10X (2017),,64 GB,,Wi-Fi,,380,2017,A10X,12.9,,,,,,
Switch,iPad,iPad Pro,iPad Pro 12.9-inch A10X (2017),,256 GB,,Wi-Fi + Cellular,,480,2017,A10X,12.9,,,,,,
Switch,iPad,iPad Pro,iPad Pro 12.9-inch A10X (2017),,256 GB,,Wi-Fi,,430,2017,A10X,12.9,,,,,,
Switch,iPad,iPad Pro,iPad Pro 12.9-inch A10X (2017),,512 GB,,Wi-Fi + Cellular,,580,2017,A10X,12.9,,,,,,
Switch,iPad,iPad Pro,iPad Pro 12.9-inch A10X (2017),,512 GB,,Wi-Fi,,560,2017,A10X,12.9,,,,,,
Switch,iPad,iPad Pro,iPad Pro 12.9-inch A12X (2018),,64 GB,,Wi-Fi + Cellular,,750,2018,A12X,12.9,,,,,,
Switch,iPad,iPad Pro,iPad Pro 12.9-inch A12X (2018),,64 GB,,Wi-Fi,,650,2018,A12X,12.9,,,,,,
Switch,iPad,iPad Pro,iPad Pro 12.9-inch A12X (2018),,256 GB,,Wi-Fi + Cellular,,850,2018,A12X,12.9,,,,,,
Switch,iPad,iPad Pro,iPad Pro 12.9-inch A12X (2018),,256 GB,,Wi-Fi,,750,2018,A12X,12.9,,,,,,
Switch,iPad,iPad Pro,iPad Pro 12.9-inch A12X (2018),,512 GB,,Wi-Fi + Cellular,,950,2018,A12X,12.9,,,,,,
Switch,iPad,iPad Pro,iPad Pro 12.9-inch A12X (2018),,512 GB,,Wi-Fi,,850,2018,A12X,12.9,,,,,,
Switch,iPad,iPad Pro,iPad Pro 12.9-inch A12X (2018),,1 TB,,Wi-Fi + Cellular,,1050,2018,A12X,12.9,,,,,,
Switch,iPad,iPad Pro,iPad Pro 12.9-inch A12X (2018),,1 TB,,Wi-Fi,,950,2018,A12X,12.9,,,,,,
Switch,iPad,iPad Pro,iPad Pro 12.9-inch A12Z (2020),,128 GB,,Wi-Fi + Cellular,,1100,2020,A12Z,12.9,,,,,,
Switch,iPad,iPad Pro,iPad Pro 12.9-inch A12Z (2020),,128 GB,,Wi-Fi,,930,2020,A12Z,12.9,,,,,,
Switch,iPad,iPad Pro,iPad Pro 12.9-inch A12Z (2020),,256 GB,,Wi-Fi + Cellular,,1230,2020,A12Z,12.9,,,,,,
Switch,iPad,iPad Pro,iPad Pro 12.9-inch A12Z (2020),,256 GB,,Wi-Fi,,1100,2020,A12Z,12.9,,,,,,
Switch,iPad,iPad Pro,iPad Pro 12.9-inch A12Z (2020),,512 GB,,Wi-Fi + Cellular,,1380,2020,A12Z,12.9,,,,,,
Switch,iPad,iPad Pro,iPad Pro 12.9-inch A12Z (2020),,512 GB,,Wi-Fi,,1230,2020,A12Z,12.9,,,,,,
Switch,iPad,iPad Pro,iPad Pro 12.9-inch A12Z (2020),,1 TB,,Wi-Fi + Cellular,,1450,2020,A12Z,12.9,,,,,,
Switch,iPad,iPad Pro,iPad Pro 12.9-inch A12Z (2020),,1 TB,,Wi-Fi,,1310,2020,A12Z,12.9,,,,,,
Switch,iPad,iPad Pro,iPad Pro 13-inch M4 (2024) Nano Glass,,1 TB,,Wi-Fi + Cellular,,3650,2024,M4,13.0,,,,,,
Switch,iPad,iPad Pro,iPad Pro 13-inch M4 (2024) Nano Glass,,2 TB,,Wi-Fi + Cellular,,4200,2024,M4,13.0,,,,,,
Switch,iPad,iPad Pro,iPad Pro 13-inch M4 (2024) Standard Glass,,256 GB,,Wi-Fi + Cellular,,2620,2024,M4,13.0,,,,,,
Switch,iPad,iPad Pro,iPad Pro 13-inch M4 (2024) Standard Glass,,512 GB,,Wi-Fi + Cellular,,3000,2024,M4,13.0,,,,,,
Switch,iPad,iPad Pro,iPad Pro 13-inch M4 (2024) Standard Glass,,1 TB,,Wi-Fi + Cellular,,3600,2024,M4,13.0,,,,,,
Switch,iPad,iPad Pro,iPad Pro 13-inch M4 (2024) Standard Glass,,2 TB,,Wi-Fi + Cellular,,4150,2024,M4,13.0,,,,,,
Switch,iPad,iPad Pro,iPad Pro 13-inch M4 (2024) Nano Glass,,1 TB,,Wi-Fi,,3250,2024,M4,13.0,,,,,,
Switch,iPad,iPad Pro,iPad Pro 13-inch M4 (2024) Nano Glass,,2 TB,,Wi-Fi,,3800,2024,M4,13.0,,,,,,
Switch,iPad,iPad Pro,iPad Pro 13-inch M4 (2024) Standard Glass,,256 GB,,Wi-Fi,,2230,2024,M4,13.0,,,,,,
Switch,iPad,iPad Pro,iPad Pro 13-inch M4 (2024) Standard Glass,,512 GB,,Wi-Fi,,2650,2024,M4,13.0,,,,,,
Switch,iPad,iPad Pro,iPad Pro 13-inch M4 (2024) Standard Glass,,1 TB,,Wi-Fi,,3210,2024,M4,13.0,,,,,,
Switch,iPad,iPad Pro,iPad Pro 13-inch M4 (2024) Standard Glass,,2 TB,,Wi-Fi,,3780,2024,M4,13.0,,,,,,
Switch,iPad,iPad Pro,iPad Pro 9.7-inch A9X (2016),,32 GB,,Wi-Fi + Cellular,,160,2016,A9X,9.7,,,,,,
Switch,iPad,iPad Pro,iPad Pro 9.7-inch A9X (2016),,32 GB,,Wi-Fi,,150,2016,A9X,9.7,,,,,,
Switch,iPad,iPad Pro,iPad Pro 9.7-inch A9X (2016),,128 GB,,Wi-Fi + Cellular,,170,2016,A9X,9.7,,,,,,
Switch,iPad,iPad Pro,iPad Pro 9.7-inch A9X (2016),,128 GB,,Wi-Fi,,160,2016,A9X,9.7,,,,,,
Switch,iPad,iPad Pro,iPad Pro 9.7-inch A9X (2016),,256 GB,,Wi-Fi + Cellular,,210,2016,A9X,9.7,,,,,,
Switch,iPad,iPad Pro,iPad Pro 9.7-inch A9X (2016),,256 GB,,Wi-Fi,,200,2016,A9X,9.7,,,,,,
UR,iPad,iPad,iPad 10,,64 GB,,Wi-Fi + Cellular,,690,2022,A14 Bionic,10.9,,,,,,
UR,iPad,iPad,iPad 10,,256 GB,,Wi-Fi + Cellular,,800,2022,A14 Bionic,10.9,,,,,,
UR,iPad,iPad,iPad 10,,64 GB,,Wi-Fi,,610,2022,A14 Bionic,10.9,,,,,,
UR,iPad,iPad,iPad 10,,256 GB,,Wi-Fi,,690,2022,A14 Bionic,10.9,,,,,,
UR,iPad,iPad,iPad 11,,128 GB,,Wi-Fi + Cellular,,840,2025,A16,11.0,,,,,,
UR,iPad,iPad,iPad 11,,256 GB,,Wi-Fi + Cellular,,1040,2025,A16,11.0,,,,,,
UR,iPad,iPad,iPad 11,,512 GB,,Wi-Fi + Cellular,,1370,2025,A16,11.0,,,,,,
UR,iPad,iPad,iPad 11,,128 GB,,Wi-Fi,,640,2025,A16,11.0,,,,,,
UR,iPad,iPad,iPad 11,,256 GB,,Wi-Fi,,820,2025,A16,11.0,,,,,,
UR,iPad,iPad,iPad 11,,512 GB,,Wi-Fi,,1110,2025,A16,11.0,,,,,,
UR,iPad,iPad,iPad 4,,16 GB,,Wi-Fi + Cellular,,60,2012,A6X,9.7,,,,,,
UR,iPad,iPad,iPad 4,,16 GB,,Wi-Fi,,50,2012,A6X,9.7,,,,,,
UR,iPad,iPad,iPad 4,,32 GB,,Wi-Fi + Cellular,,60,2012,A6X,9.7,,,,,,
UR,iPad,iPad,iPad 4,,32 GB,,Wi-Fi,,50,2012,A6X,9.7,,,,,,
UR,iPad,iPad,iPad 4,,64 GB,,Wi-Fi + Cellular,,60,2012,A6X,9.7,,,,,,
UR,iPad,iPad,iPad 4,,64 GB,,Wi-Fi,,50,2012,A6X,9.7,,,,,,
UR,iPad,iPad,iPad 4,,128 GB,,Wi-Fi + Cellular,,60,2012,A6X,9.7,,,,,,
UR,iPad,iPad,iPad 4,,128 GB,,Wi-Fi,,50,2012,A6X,9.7,,,,,,
UR,iPad,iPad,iPad 5,,32 GB,,Wi-Fi + Cellular,,100,2017,A9,9.7,,,,,,
UR,iPad,iPad,iPad 5,,32 GB,,Wi-Fi,,80,2017,A9,9.7,,,,,,
UR,iPad,iPad,iPad 5,,128 GB,,Wi-Fi + Cellular,,130,2017,A9,9.7,,,,,,
UR,iPad,iPad,iPad 5,,128 GB,,Wi-Fi,,100,2017,A9,9.7,,,,,,
UR,iPad,iPad,iPad 6,,32 GB,,Wi-Fi + Cellular,,130,2018,A10 Fusion,9.7,,,,,,
UR,iPad,iPad,iPad 6,,32 GB,,Wi-Fi,,100,2018,A10 Fusion,9.7,,,,,,
UR,iPad,iPad,iPad 6,,128 GB,,Wi-Fi + Cellular,,170,2018,A10 Fusion,9.7,,,,,,
UR,iPad,iPad,iPad 6,,128 GB,,Wi-Fi,,130,2018,A10 Fusion,9.7,,,,,,
UR,iPad,iPad,iPad 7,,32 GB,,Wi-Fi + Cellular,,170,2019,A10 Fusion,10.2,,,,,,
UR,iPad,iPad,iPad 7,,32 GB,,Wi-Fi,,150,2019,A10 Fusion,10.2,,,,,,
UR,iPad,iPad,iPad 7,,128 GB,,Wi-Fi + Cellular,,340,2019,A10 Fusion,10.2,,,,,,
UR,iPad,iPad,iPad 7,,128 GB,,Wi-Fi,,240,2019,A10 Fusion,10.2,,,,,,
UR,iPad,iPad,iPad 8,,32 GB,,Wi-Fi + Cellular,,310,2020,A12 Bionic,10.2,,,,,,
UR,iPad,iPad,iPad 8,,32 GB,,Wi-Fi,,200,2020,A12 Bionic,10.2,,,,,,
UR,iPad,iPad,iPad 8,,128 GB,,Wi-Fi + Cellular,,360,2020,A12 Bionic,10.2,,,,,,
UR,iPad,iPad,iPad 8,,128 GB,,Wi-Fi,,260,2020,A12 Bionic,10.2,,,,,,
UR,iPad,iPad,iPad 9,,64 GB,,Wi-Fi + Cellular,,350,2021,A13 Bionic,10.2,,,,,,
UR,iPad,iPad,iPad 9,,64 GB,,Wi-Fi,,300,2021,A13 Bionic,10.2,,,,,,
UR,iPad,iPad,iPad 9,,256 GB,,Wi-Fi + Cellular,,450,2021,A13 Bionic,10.2,,,,,,
UR,iPad,iPad,iPad 9,,256 GB,,Wi-Fi,,400,2021,A13 Bionic,10.2,,,,,,
UR,iPad,iPad Air,iPad Air 1 9.7-inch A7 (2013),,16 GB,,Wi-Fi + Cellular,,60,2013,A7,9.7,,,,,,
UR,iPad,iPad Air,iPad Air 1 9.7-inch A7 (2013),,16 GB,,Wi-Fi,,40,2013,A7,9.7,,,,,,
UR,iPad,iPad Air,iPad Air 1 9.7-inch A7 (2013),,32 GB,,Wi-Fi + Cellular,,80,2013,A7,9.7,,,,,,
UR,iPad,iPad Air,iPad Air 1 9.7-inch A7 (2013),,32 GB,,Wi-Fi,,60,2013,A7,9.7,,,,,,
UR,iPad,iPad Air,iPad Air 1 9.7-inch A7 (2013),,64 GB,,Wi-Fi + Cellular,,90,2013,A7,9.7,,,,,,
UR,iPad,iPad Air,iPad Air 1 9.7-inch A7 (2013),,64 GB,,Wi-Fi,,70,2013,A7,9.7,,,,,,
UR,iPad,iPad Air,iPad Air 1 9.7-inch A7 (2013),,128 GB,,Wi-Fi + Cellular,,100,2013,A7,9.7,,,,,,
UR,iPad,iPad Air,iPad Air 1 9.7-inch A7 (2013),,128 GB,,Wi-Fi,,80,2013,A7,9.7,,,,,,
UR,iPad,iPad Air,iPad Air 2 9.7-inch A8X (2014),,16 GB,,Wi-Fi + Cellular,,100,2014,A8X,9.7,,,,,,
UR,iPad,iPad Air,iPad Air 2 9.7-inch A8X (2014),,16 GB,,Wi-Fi,,80,2014,A8X,9.7,,,,,,
UR,iPad,iPad Air,iPad Air 2 9.7-inch A8X (2014),,32 GB,,Wi-Fi + Cellular,,120,2014,A8X,9.7,,,,,,
UR,iPad,iPad Air,iPad Air 2 9.7-inch A8X (2014),,32 GB,,Wi-Fi,,90,2014,A8X,9.7,,,,,,
UR,iPad,iPad Air,iPad Air 2 9.7-inch A8X (2014),,64 GB,,Wi-Fi + Cellular,,130,2014,A8X,9.7,,,,,,
UR,iPad,iPad Air,iPad Air 2 9.7-inch A8X (2014),,64 GB,,Wi-Fi,,100,2014,A8X,9.7,,,,,,
UR,iPad,iPad Air,iPad Air 2 9.7-inch A8X (2014),,128 GB,,Wi-Fi + Cellular,,150,2014,A8X,9.7,,,,,,
UR,iPad,iPad Air,iPad Air 2 9.7-inch A8X (2014),,128 GB,,Wi-Fi,,120,2014,A8X,9.7,,,,,,
UR,iPad,iPad Air,iPad Air 3 10.5-inch A12 (2019),,64 GB,,Wi-Fi + Cellular,,350,2019,A12 Bionic,10.5,,,,,,
UR,iPad,iPad Air,iPad Air 3 10.5-inch A12 (2019),,64 GB,,Wi-Fi,,250,2019,A12 Bionic,10.5,,,,,,
UR,iPad,iPad Air,iPad Air 3 10.5-inch A12 (2019),,256 GB,,Wi-Fi + Cellular,,500,2019,A12 Bionic,10.5,,,,,,
UR,iPad,iPad Air,iPad Air 3 10.5-inch A12 (2019),,256 GB,,Wi-Fi,,400,2019,A12 Bionic,10.5,,,,,,
UR,iPad,iPad Air,iPad Air 4 10.9-inch A14 (2020),,64 GB,,Wi-Fi + Cellular,,730,2020,A14 Bionic,10.9,,,,,,
UR,iPad,iPad Air,iPad Air 4 10.9-inch A14 (2020),,64 GB,,Wi-Fi,,560,2020,A14 Bionic,10.9,,,,,,
UR,iPad,iPad Air,iPad Air 4 10.9-inch A14 (2020),,256 GB,,Wi-Fi + Cellular,,850,2020,A14 Bionic,10.9,,,,,,
UR,iPad,iPad Air,iPad Air 4 10.9-inch A14 (2020),,256 GB,,Wi-Fi,,700,2020,A14 Bionic,10.9,,,,,,
UR,iPad,iPad Air,iPad Air 5 10.9-inch M1 (2022),,64 GB,,Wi-Fi + Cellular,,950,2022,M1,10.9,,,,,,
UR,iPad,iPad Air,iPad Air 5 10.9-inch M1 (2022),,64 GB,,Wi-Fi,,840,2022,M1,10.9,,,,,,
UR,iPad,iPad Air,iPad Air 5 10.9-inch M1 (2022),,256 GB,,Wi-Fi + Cellular,,1050,2022,M1,10.9,,,,,,
UR,iPad,iPad Air,iPad Air 5 10.9-inch M1 (2022),,256 GB,,Wi-Fi,,950,2022,M1,10.9,,,,,,
UR,iPad,iPad Air,iPad Air 6 11-inch M2 (2024),,128 GB,,Wi-Fi + Cellular,,1400,2024,M2,11.0,,,,,,
UR,iPad,iPad Air,iPad Air 6 11-inch M2 (2024),,256 GB,,Wi-Fi + Cellular,,1530,2024,M2,11.0,,,,,,
UR,iPad,iPad Air,iPad Air 6 11-inch M2 (2024),,512 GB,,Wi-Fi + Cellular,,1650,2024,M2,11.0,,,,,,
UR,iPad,iPad Air,iPad Air 6 11-inch M2 (2024),,1 TB,,Wi-Fi + Cellular,,1850,2024,M2,11.0,,,,,,
UR,iPad,iPad Air,iPad Air 6 11-inch M2 (2024),,128 GB,,Wi-Fi,,1050,2024,M2,11.0,,,,,,
UR,iPad,iPad Air,iPad Air 6 11-inch M2 (2024),,256 GB,,Wi-Fi,,1150,2024,M2,11.0,,,,,,
UR,iPad,iPad Air,iPad Air 6 11-inch M2 (2024),,512 GB,,Wi-Fi,,1300,2024,M2,11.0,,,,,,
UR,iPad,iPad Air,iPad Air 6 11-inch M2 (2024),,1 TB,,Wi-Fi,,1450,2024,M2,11.0,,,,,,
UR,iPad,iPad Air,iPad Air 6 13-inch M2 (2024),,128 GB,,Wi-Fi + Cellular,,1580,2024,M2,13.0,,,,,,
UR,iPad,iPad Air,iPad Air 6 13-inch M2 (2024),,256 GB,,Wi-Fi + Cellular,,1780,2024,M2,13.0,,,,,,
UR,iPad,iPad Air,iPad Air 6 13-inch M2 (2024),,512 GB,,Wi-Fi + Cellular,,1900,2024,M2,13.0,,,,,,
UR,iPad,iPad Air,iPad Air 6 13-inch M2 (2024),,1 TB,,Wi-Fi + Cellular,,2100,2024,M2,13.0,,,,,,
UR,iPad,iPad Air,iPad Air 6 13-inch M2 (2024),,128 GB,,Wi-Fi,,1300,2024,M2,13.0,,,,,,
UR,iPad,iPad Air,iPad Air 6 13-inch M2 (2024),,256 GB,,Wi-Fi,,1480,2024,M2,13.0,,,,,,
UR,iPad,iPad Air,iPad Air 6 13-inch M2 (2024),,512 GB,,Wi-Fi,,1700,2024,M2,13.0,,,,,,
UR,iPad,iPad Air,iPad Air 6 13-inch M2 (2024),,1 TB,,Wi-Fi,,1850,2024,M2,13.0,,,,,,
UR,iPad,iPad Air,iPad Air 7 11-inch M3 (2025),,128 GB,,Wi-Fi + Cellular,,1660,2025,M3,11.0,,,,,,
UR,iPad,iPad Air,iPad Air 7 11-inch M3 (2025),,256 GB,,Wi-Fi + Cellular,,1850,2025,M3,11.0,,,,,,
UR,iPad,iPad Air,iPad Air 7 11-inch M3 (2025),,512 GB,,Wi-Fi + Cellular,,2100,2025,M3,11.0,,,,,,
UR,iPad,iPad Air,iPad Air 7 11-inch M3 (2025),,1 TB,,Wi-Fi + Cellular,,2350,2025,M3,11.0,,,,,,
UR,iPad,iPad Air,iPad Air 7 11-inch M3 (2025),,128 GB,,Wi-Fi,,1280,2025,M3,11.0,,,,,,
UR,iPad,iPad Air,iPad Air 7 11-inch M3 (2025),,256 GB,,Wi-Fi,,1480,2025,M3,11.0,,,,,,
UR,iPad,iPad Air,iPad Air 7 11-inch M3 (2025),,512 GB,,Wi-Fi,,1700,2025,M3,11.0,,,,,,
UR,iPad,iPad Air,iPad Air 7 11-inch M3 (2025),,1 TB,,Wi-Fi,,1900,2025,M3,11.0,,,,,,
UR,iPad,iPad Air,iPad Air 7 13-inch M3 (2025),,128 GB,,Wi-Fi + Cellular,,1930,2025,M3,13.0,,,,,,
UR,iPad,iPad Air,iPad Air 7 13-inch M3 (2025),,256 GB,,Wi-Fi + Cellular,,2150,2025,M3,13.0,,,,,,
UR,iPad,iPad Air,iPad Air 7 13-inch M3 (2025),,512 GB,,Wi-Fi + Cellular,,2400,2025,M3,13.0,,,,,,
UR,iPad,iPad Air,iPad Air 7 13-inch M3 (2025),,1 TB,,Wi-Fi + Cellular,,2700,2025,M3,13.0,,,,,,
UR,iPad,iPad Air,iPad Air 7 13-inch M3 (2025),,128 GB,,Wi-Fi,,1680,2025,M3,13.0,,,,,,
UR,iPad,iPad Air,iPad Air 7 13-inch M3 (2025),,256 GB,,Wi-Fi,,1870,2025,M3,13.0,,,,,,
UR,iPad,iPad Air,iPad Air 7 13-inch M3 (2025),,512 GB,,Wi-Fi,,2100,2025,M3,13.0,,,,,,
UR,iPad,iPad Air,iPad Air 7 13-inch M3 (2025),,1 TB,,Wi-Fi,,2450,2025,M3,13.0,,,,,,
UR,iPad,iPad mini,iPad Mini 1,,16 GB,,Wi-Fi + Cellular,,40,2012,A5,7.9,,,,,,
UR,iPad,iPad mini,iPad Mini 1,,16 GB,,Wi-Fi,,40,2012,A5,7.9,,,,,,
UR,iPad,iPad mini,iPad Mini 1,,32 GB,,Wi-Fi + Cellular,,40,2012,A5,7.9,,,,,,
UR,iPad,iPad mini,iPad Mini 1,,32 GB,,Wi-Fi,,40,2012,A5,7.9,,,,,,
UR,iPad,iPad mini,iPad Mini 1,,64 GB,,Wi-Fi + Cellular,,40,2012,A5,7.9,,,,,,
UR,iPad,iPad mini,iPad Mini 1,,64 GB,,Wi-Fi,,40,2012,A5,7.9,,,,,,
UR,iPad,iPad mini,iPad Mini 2,,16 GB,,Wi-Fi + Cellular,,60,2013,A7,7.9,,,,,,
UR,iPad,iPad mini,iPad Mini 2,,16 GB,,Wi-Fi,,40,2013,A7,7.9,,,,,,
UR,iPad,iPad mini,iPad Mini 2,,32 GB,,Wi-Fi + Cellular,,60,2013,A7,7.9,,,,,,
UR,iPad,iPad mini,iPad Mini 2,,32 GB,,Wi-Fi,,40,2013,A7,7.9,,,,,,
UR,iPad,iPad mini,iPad Mini 2,,64 GB,,Wi-Fi + Cellular,,60,2013,A7,7.9,,,,,,
UR,iPad,iPad mini,iPad Mini 2,,64 GB,,Wi-Fi,,40,2013,A7,7.9,,,,,,
UR,iPad,iPad mini,iPad Mini 2,,128 GB,,Wi-Fi + Cellular,,60,2013,A7,7.9,,,,,,
UR,iPad,iPad mini,iPad Mini 2,,128 GB,,Wi-Fi,,40,2013,A7,7.9,,,,,,
UR,iPad,iPad mini,iPad Mini 3,,16 GB,,Wi-Fi + Cellular,,90,2014,A7,7.9,,,,,,
UR,iPad,iPad mini,iPad Mini 3,,16 GB,,Wi-Fi,,80,2014,A7,7.9,,,,,,
UR,iPad,iPad mini,iPad Mini 3,,64 GB,,Wi-Fi + Cellular,,120,2014,A7,7.9,,,,,,
UR,iPad,iPad mini,iPad Mini 3,,64 GB,,Wi-Fi,,100,2014,A7,7.9,,,,,,
UR,iPad,iPad mini,iPad Mini 3,,128 GB,,Wi-Fi + Cellular,,150,2014,A7,7.9,,,,,,
UR,iPad,iPad mini,iPad Mini 3,,128 GB,,Wi-Fi,,130,2014,A7,7.9,,,,,,
UR,iPad,iPad mini,iPad Mini 4,,16 GB,,Wi-Fi + Cellular,,120,2015,A8,7.9,,,,,,
UR,iPad,iPad mini,iPad Mini 4,,16 GB,,Wi-Fi,,100,2015,A8,7.9,,,,,,
UR,iPad,iPad mini,iPad Mini 4,,32 GB,,Wi-Fi + Cellular,,170,2015,A8,7.9,,,,,,
UR,iPad,iPad mini,iPad Mini 4,,32 GB,,Wi-Fi,,140,2015,A8,7.9,,,,,,
UR,iPad,iPad mini,iPad Mini 4,,64 GB,,Wi-Fi + Cellular,,200,2015,A8,7.9,,,,,,
UR,iPad,iPad mini,iPad Mini 4,,64 GB,,Wi-Fi,,170,2015,A8,7.9,,,,,,
UR,iPad,iPad mini,iPad Mini 4,,128 GB,,Wi-Fi + Cellular,,250,2015,A8,7.9,,,,,,
UR,iPad,iPad mini,iPad Mini 4,,128 GB,,Wi-Fi,,200,2015,A8,7.9,,,,,,
UR,iPad,iPad mini,iPad Mini 5,,64 GB,,Wi-Fi + Cellular,,350,2019,A12 Bionic,7.9,,,,,,
UR,iPad,iPad mini,iPad Mini 5,,64 GB,,Wi-Fi,,300,2019,A12 Bionic,7.9,,,,,,
UR,iPad,iPad mini,iPad Mini 5,,256 GB,,Wi-Fi + Cellular,,400,2019,A12 Bionic,7.9,,,,,,
UR,iPad,iPad mini,iPad Mini 5,,256 GB,,Wi-Fi,,350,2019,A12 Bionic,7.9,,,,,,
UR,iPad,iPad mini,iPad Mini 6,,64 GB,,Wi-Fi + Cellular,,800,2021,A15 Bionic,8.3,,,,,,
UR,iPad,iPad mini,iPad Mini 6,,64 GB,,Wi-Fi,,590,2021,A15 Bionic,8.3,,,,,,
UR,iPad,iPad mini,iPad Mini 6,,256 GB,,Wi-Fi + Cellular,,900,2021,A15 Bionic,8.3,,,,,,
UR,iPad,iPad mini,iPad Mini 6,,256 GB,,Wi-Fi,,700,2021,A15 Bionic,8.3,,,,,,
UR,iPad,iPad mini,iPad Mini 7,,128 GB,,Wi-Fi + Cellular,,1070,2024,A17 Pro,8.3,,,,,,
UR,iPad,iPad mini,iPad Mini 7,,256 GB,,Wi-Fi + Cellular,,1290,2024,A17 Pro,8.3,,,,,,
UR,iPad,iPad mini,iPad Mini 7,,512 GB,,Wi-Fi + Cellular,,1520,2024,A17 Pro,8.3,,,,,,
UR,iPad,iPad mini,iPad Mini 7,,128 GB,,Wi-Fi,,890,2024,A17 Pro,8.3,,,,,,
UR,iPad,iPad mini,iPad Mini 7,,256 GB,,Wi-Fi,,1010,2024,A17 Pro,8.3,,,,,,
UR,iPad,iPad mini,iPad Mini 7,,512 GB,,Wi-Fi,,1350,2024,A17 Pro,8.3,,,,,,
UR,iPad,iPad Pro,iPad Pro 10.5-inch A10X (2017),,64 GB,,Wi-Fi + Cellular,,200,2017,A10X,10.5,,,,,,
UR,iPad,iPad Pro,iPad Pro 10.5-inch A10X (2017),,64 GB,,Wi-Fi,,150,2017,A10X,10.5,,,,,,
UR,iPad,iPad Pro,iPad Pro 10.5-inch A10X (2017),,256 GB,,Wi-Fi + Cellular,,300,2017,A10X,10.5,,,,,,
UR,iPad,iPad Pro,iPad Pro 10.5-inch A10X (2017),,256 GB,,Wi-Fi,,250,2017,A10X,10.5,,,,,,
UR,iPad,iPad Pro,iPad Pro 10.5-inch A10X (2017),,512 GB,,Wi-Fi + Cellular,,350,2017,A10X,10.5,,,,,,
UR,iPad,iPad Pro,iPad Pro 10.5-inch A10X (2017),,512 GB,,Wi-Fi,,300,2017,A10X,10.5,,,,,,
UR,iPad,iPad Pro,iPad Pro 11-inch A12Z (2020),,128 GB,,Wi-Fi + Cellular,,830,2020,A12Z,11.0,,,,,,
UR,iPad,iPad Pro,iPad Pro 11-inch A12Z (2020),,128 GB,,Wi-Fi,,750,2020,A12Z,11.0,,,,,,
UR,iPad,iPad Pro,iPad Pro 11-inch A12Z (2020),,256 GB,,Wi-Fi + Cellular,,930,2020,A12Z,11.0,,,,,,
UR,iPad,iPad Pro,iPad Pro 11-inch A12Z (2020),,256 GB,,Wi-Fi,,830,2020,A12Z,11.0,,,,,,
UR,iPad,iPad Pro,iPad Pro 11-inch A12Z (2020),,512 GB,,Wi-Fi + Cellular,,1100,2020,A12Z,11.0,,,,,,
UR,iPad,iPad Pro,iPad Pro 11-inch A12Z (2020),,512 GB,,Wi-Fi,,950,2020,A12Z,11.0,,,,,,
UR,iPad,iPad Pro,iPad Pro 11-inch A12Z (2020),,1 TB,,Wi-Fi + Cellular,,1130,2020,A12Z,11.0,,,,,,
UR,iPad,iPad Pro,iPad Pro 11-inch A12Z (2020),,1 TB,,Wi-Fi,,1000,2020,A12Z,11.0,,,,,,
UR,iPad,iPad Pro,iPad Pro 11-inch M1 (2021),,128 GB,,Wi-Fi + Cellular,,1130,2021,M1,11.0,,,,,,
UR,iPad,iPad Pro,iPad Pro 11-inch M1 (2021),,128 GB,,Wi-Fi,,1030,2021,M1,11.0,,,,,,
UR,iPad,iPad Pro,iPad Pro 11-inch M1 (2021),,256 GB,,Wi-Fi + Cellular,,1320,2021,M1,11.0,,,,,,
UR,iPad,iPad Pro,iPad Pro 11-inch M1 (2021),,256 GB,,Wi-Fi,,1200,2021,M1,11.0,,,,,,
UR,iPad,iPad Pro,iPad Pro 11-inch M1 (2021),,512 GB,,Wi-Fi + Cellular,,1480,2021,M1,11.0,,,,,,
UR,iPad,iPad Pro,iPad Pro 11-inch M1 (2021),,512 GB,,Wi-Fi,,1330,2021,M1,11.0,,,,,,
UR,iPad,iPad Pro,iPad Pro 11-inch M1 (2021),,1 TB,,Wi-Fi + Cellular,,1560,2021,M1,11.0,,,,,,
UR,iPad,iPad Pro,iPad Pro 11-inch M1 (2021),,1 TB,,Wi-Fi,,1370,2021,M1,11.0,,,,,,
UR,iPad,iPad Pro,iPad Pro 11-inch M1 (2021),,2 TB,,Wi-Fi + Cellular,,1750,2021,M1,11.0,,,,,,
UR,iPad,iPad Pro,iPad Pro 11-inch M1 (2021),,2 TB,,Wi-Fi,,1560,2021,M1,11.0,,,,,,
UR,iPad,iPad Pro,iPad Pro 11-inch M2 (2022),,128 GB,,Wi-Fi + Cellular,,1400,2022,M2,11.0,,,,,,
UR,iPad,iPad Pro,iPad Pro 11-inch M2 (2022),,128 GB,,Wi-Fi,,1230,2022,M2,11.0,,,,,,
UR,iPad,iPad Pro,iPad Pro 11-inch M2 (2022),,256 GB,,Wi-Fi + Cellular,,1530,2022,M2,11.0,,,,,,
UR,iPad,iPad Pro,iPad Pro 11-inch M2 (2022),,256 GB,,Wi-Fi,,1380,2022,M2,11.0,,,,,,
UR,iPad,iPad Pro,iPad Pro 11-inch M2 (2022),,512 GB,,Wi-Fi + Cellular,,1650,2022,M2,11.0,,,,,,
UR,iPad,iPad Pro,iPad Pro 11-inch M2 (2022),,512 GB,,Wi-Fi,,1500,2022,M2,11.0,,,,,,
UR,iPad,iPad Pro,iPad Pro 11-inch M2 (2022),,1 TB,,Wi-Fi + Cellular,,1750,2022,M2,11.0,,,,,,
UR,iPad,iPad Pro,iPad Pro 11-inch M2 (2022),,1 TB,,Wi-Fi,,1600,2022,M2,11.0,,,,,,
UR,iPad,iPad Pro,iPad Pro 11-inch M2 (2022),,2 TB,,Wi-Fi + Cellular,,1950,2022,M2,11.0,,,,,,
UR,iPad,iPad Pro,iPad Pro 11-inch M2 (2022),,2 TB,,Wi-Fi,,1800,2022,M2,11.0,,,,,,
UR,iPad,iPad Pro,iPad Pro 11-inch M4 (2024) Nano Glass,,1 TB,,Wi-Fi + Cellular,,3000,2024,M4,11.0,,,,,,
UR,iPad,iPad Pro,iPad Pro 11-inch M4 (2024) Nano Glass,,2 TB,,Wi-Fi + Cellular,,3550,2024,M4,11.0,,,,,,
UR,iPad,iPad Pro,iPad Pro 11-inch M4 (2024) Standard Glass,,256 GB,,Wi-Fi + Cellular,,2100,2024,M4,11.0,,,,,,
UR,iPad,iPad Pro,iPad Pro 11-inch M4 (2024) Standard Glass,,512 GB,,Wi-Fi + Cellular,,2430,2024,M4,11.0,,,,,,
UR,iPad,iPad Pro,iPad Pro 11-inch M4 (2024) Standard Glass,,1 TB,,Wi-Fi + Cellular,,2950,2024,M4,11.0,,,,,,
UR,iPad,iPad Pro,iPad Pro 11-inch M4 (2024) Standard Glass,,2 TB,,Wi-Fi + Cellular,,3500,2024,M4,11.0,,,,,,
UR,iPad,iPad Pro,iPad Pro 11-inch M4 (2024) Nano Glass,,1 TB,,Wi-Fi,,2700,2024,M4,11.0,,,,,,
UR,iPad,iPad Pro,iPad Pro 11-inch M4 (2024) Nano Glass,,2 TB,,Wi-Fi,,3250,2024,M4,11.0,,,,,,
UR,iPad,iPad Pro,iPad Pro 11-inch M4 (2024) Standard Glass,,256 GB,,Wi-Fi,,1800,2024,M4,11.0,,,,,,
UR,iPad,iPad Pro,iPad Pro 11-inch M4 (2024) Standard Glass,,512 GB,,Wi-Fi,,2180,2024,M4,11.0,,,,,,
UR,iPad,iPad Pro,iPad Pro 11-inch M4 (2024) Standard Glass,,1 TB,,Wi-Fi,,2680,2024,M4,11.0,,,,,,
UR,iPad,iPad Pro,iPad Pro 11-inch M4 (2024) Standard Glass,,2 TB,,Wi-Fi,,3210,2024,M4,11.0,,,,,,
UR,iPad,iPad Pro,iPad Pro 11-inch A12X (2018),,64 GB,,Wi-Fi + Cellular,,650,2018,A12X,11.0,,,,,,
UR,iPad,iPad Pro,iPad Pro 11-inch A12X (2018),,64 GB,,Wi-Fi,,550,2018,A12X,11.0,,,,,,
UR,iPad,iPad Pro,iPad Pro 11-inch A12X (2018),,256 GB,,Wi-Fi + Cellular,,750,2018,A12X,11.0,,,,,,
UR,iPad,iPad Pro,iPad Pro 11-inch A12X (2018),,256 GB,,Wi-Fi,,650,2018,A12X,11.0,,,,,,
UR,iPad,iPad Pro,iPad Pro 11-inch A12X (2018),,512 GB,,Wi-Fi + Cellular,,850,2018,A12X,11.0,,,,,,
UR,iPad,iPad Pro,iPad Pro 11-inch A12X (2018),,512 GB,,Wi-Fi,,750,2018,A12X,11.0,,,,,,
UR,iPad,iPad Pro,iPad Pro 11-inch A12X (2018),,1 TB,,Wi-Fi + Cellular,,950,2018,A12X,11.0,,,,,,
UR,iPad,iPad Pro,iPad Pro 11-inch A12X (2018),,1 TB,,Wi-Fi,,850,2018,A12X,11.0,,,,,,
UR,iPad,iPad Pro,iPad Pro 12.9-inch A9X (2015),,32 GB,,Wi-Fi + Cellular,,190,2015,A9X,12.9,,,,,,
UR,iPad,iPad Pro,iPad Pro 12.9-inch A9X (2015),,32 GB,,Wi-Fi,,160,2015,A9X,12.9,,,,,,
UR,iPad,iPad Pro,iPad Pro 12.9-inch M1 (2021),,128 GB,,Wi-Fi + Cellular,,1280,2021,M1,12.9,,,,,,
UR,iPad,iPad Pro,iPad Pro 12.9-inch M1 (2021),,128 GB,,Wi-Fi,,1180,2021,M1,12.9,,,,,,
UR,iPad,iPad Pro,iPad Pro 12.9-inch M1 (2021),,256 GB,,Wi-Fi + Cellular,,1380,2021,M1,12.9,,,,,,
UR,iPad,iPad Pro,iPad Pro 12.9-inch M1 (2021),,256 GB,,Wi-Fi,,1300,2021,M1,12.9,,,,,,
UR,iPad,iPad Pro,iPad Pro 12.9-inch M1 (2021),,512 GB,,Wi-Fi + Cellular,,1510,2021,M1,12.9,,,,,,
UR,iPad,iPad Pro,iPad Pro 12.9-inch M1 (2021),,512 GB,,Wi-Fi,,1400,2021,M1,12.9,,,,,,
UR,iPad,iPad Pro,iPad Pro 12.9-inch M1 (2021),,1 TB,,Wi-Fi + Cellular,,1660,2021,M1,12.9,,,,,,
UR,iPad,iPad Pro,iPad Pro 12.9-inch M1 (2021),,1 TB,,Wi-Fi,,1510,2021,M1,12.9,,,,,,
UR,iPad,iPad Pro,iPad Pro 12.9-inch M1 (2021),,2 TB,,Wi-Fi + Cellular,,1810,2021,M1,12.9,,,,,,
UR,iPad,iPad Pro,iPad Pro 12.9-inch M1 (2021),,2 TB,,Wi-Fi,,1740,2021,M1,12.9,,,,,,
UR,iPad,iPad Pro,iPad Pro 12.9-inch M2 (2022),,128 GB,,Wi-Fi + Cellular,,1580,2022,M2,12.9,,,,,,
UR,iPad,iPad Pro,iPad Pro 12.9-inch M2 (2022),,128 GB,,Wi-Fi,,1430,2022,M2,12.9,,,,,,
UR,iPad,iPad Pro,iPad Pro 12.9-inch M2 (2022),,256 GB,,Wi-Fi + Cellular,,1700,2022,M2,12.9,,,,,,
UR,iPad,iPad Pro,iPad Pro 12.9-inch M2 (2022),,256 GB,,Wi-Fi,,1550,2022,M2,12.9,,,,,,
UR,iPad,iPad Pro,iPad Pro 12.9-inch M2 (2022),,512 GB,,Wi-Fi + Cellular,,1850,2022,M2,12.9,,,,,,
UR,iPad,iPad Pro,iPad Pro 12.9-inch M2 (2022),,512 GB,,Wi-Fi,,1680,2022,M2,12.9,,,,,,
UR,iPad,iPad Pro,iPad Pro 12.9-inch M2 (2022),,1 TB,,Wi-Fi + Cellular,,1930,2022,M2,12.9,,,,,,
UR,iPad,iPad Pro,iPad Pro 12.9-inch M2 (2022),,1 TB,,Wi-Fi,,1880,2022,M2,12.9,,,,,,
UR,iPad,iPad Pro,iPad Pro 12.9-inch M2 (2022),,2 TB,,Wi-Fi + Cellular,,2130,2022,M2,12.9,,,,,,
UR,iPad,iPad Pro,iPad Pro 12.9-inch M2 (2022),,2 TB,,Wi-Fi,,2080,2022,M2,12.9,,,,,,
UR,iPad,iPad Pro,iPad Pro 12.9-inch A9X (2015),,128 GB,,Wi-Fi + Cellular,,200,2015,A9X,12.9,,,,,,
UR,iPad,iPad Pro,iPad Pro 12.9-inch A9X (2015),,128 GB,,Wi-Fi,,170,2015,A9X,12.9,,,,,,
UR,iPad,iPad Pro,iPad Pro 12.9-inch A9X (2015),,256 GB,,Wi-Fi + Cellular,,250,2015,A9X,12.9,,,,,,
UR,iPad,iPad Pro,iPad Pro 12.9-inch A9X (2015),,256 GB,,Wi-Fi,,200,2015,A9X,12.9,,,,,,
UR,iPad,iPad Pro,iPad Pro 12.9-inch A10X (2017),,64 GB,,Wi-Fi + Cellular,,410,2017,A10X,12.9,,,,,,
UR,iPad,iPad Pro,iPad Pro 12.9-inch A10X (2017),,64 GB,,Wi-Fi,,380,2017,A10X,12.9,,,,,,
UR,iPad,iPad Pro,iPad Pro 12.9-inch A10X (2017),,256 GB,,Wi-Fi + Cellular,,480,2017,A10X,12.9,,,,,,
UR,iPad,iPad Pro,iPad Pro 12.9-inch A10X (2017),,256 GB,,Wi-Fi,,430,2017,A10X,12.9,,,,,,
UR,iPad,iPad Pro,iPad Pro 12.9-inch A10X (2017),,512 GB,,Wi-Fi + Cellular,,580,2017,A10X,12.9,,,,,,
UR,iPad,iPad Pro,iPad Pro 12.9-inch A10X (2017),,512 GB,,Wi-Fi,,560,2017,A10X,12.9,,,,,,
UR,iPad,iPad Pro,iPad Pro 12.9-inch A12X (2018),,64 GB,,Wi-Fi + Cellular,,750,2018,A12X,12.9,,,,,,
UR,iPad,iPad Pro,iPad Pro 12.9-inch A12X (2018),,64 GB,,Wi-Fi,,650,2018,A12X,12.9,,,,,,
UR,iPad,iPad Pro,iPad Pro 12.9-inch A12X (2018),,256 GB,,Wi-Fi + Cellular,,850,2018,A12X,12.9,,,,,,
UR,iPad,iPad Pro,iPad Pro 12.9-inch A12X (2018),,256 GB,,Wi-Fi,,750,2018,A12X,12.9,,,,,,
UR,iPad,iPad Pro,iPad Pro 12.9-inch A12X (2018),,512 GB,,Wi-Fi + Cellular,,950,2018,A12X,12.9,,,,,,
UR,iPad,iPad Pro,iPad Pro 12.9-inch A12X (2018),,512 GB,,Wi-Fi,,850,2018,A12X,12.9,,,,,,
UR,iPad,iPad Pro,iPad Pro 12.9-inch A12X (2018),,1 TB,,Wi-Fi + Cellular,,1050,2018,A12X,12.9,,,,,,
UR,iPad,iPad Pro,iPad Pro 12.9-inch A12X (2018),,1 TB,,Wi-Fi,,950,2018,A12X,12.9,,,,,,
UR,iPad,iPad Pro,iPad Pro 12.9-inch A12Z (2020),,128 GB,,Wi-Fi + Cellular,,1100,2020,A12Z,12.9,,,,,,
UR,iPad,iPad Pro,iPad Pro 12.9-inch A12Z (2020),,128 GB,,Wi-Fi,,930,2020,A12Z,12.9,,,,,,
UR,iPad,iPad Pro,iPad Pro 12.9-inch A12Z (2020),,256 GB,,Wi-Fi + Cellular,,1230,2020,A12Z,12.9,,,,,,
UR,iPad,iPad Pro,iPad Pro 12.9-inch A12Z (2020),,256 GB,,Wi-Fi,,1100,2020,A12Z,12.9,,,,,,
UR,iPad,iPad Pro,iPad Pro 12.9-inch A12Z (2020),,512 GB,,Wi-Fi + Cellular,,1380,2020,A12Z,12.9,,,,,,
UR,iPad,iPad Pro,iPad Pro 12.9-inch A12Z (2020),,512 GB,,Wi-Fi,,1230,2020,A12Z,12.9,,,,,,
UR,iPad,iPad Pro,iPad Pro 12.9-inch A12Z (2020),,1 TB,,Wi-Fi + Cellular,,1450,2020,A12Z,12.9,,,,,,
UR,iPad,iPad Pro,iPad Pro 12.9-inch A12Z (2020),,1 TB,,Wi-Fi,,1310,2020,A12Z,12.9,,,,,,
UR,iPad,iPad Pro,iPad Pro 13-inch M4 (2024) Nano Glass,,1 TB,,Wi-Fi + Cellular,,3650,2024,M4,13.0,,,,,,
UR,iPad,iPad Pro,iPad Pro 13-inch M4 (2024) Nano Glass,,2 TB,,Wi-Fi + Cellular,,4200,2024,M4,13.0,,,,,,
UR,iPad,iPad Pro,iPad Pro 13-inch M4 (2024) Standard Glass,,256 GB,,Wi-Fi + Cellular,,2620,2024,M4,13.0,,,,,,
UR,iPad,iPad Pro,iPad Pro 13-inch M4 (2024) Standard Glass,,512 GB,,Wi-Fi + Cellular,,3000,2024,M4,13.0,,,,,,
UR,iPad,iPad Pro,iPad Pro 13-inch M4 (2024) Standard Glass,,1 TB,,Wi-Fi + Cellular,,3600,2024,M4,13.0,,,,,,
UR,iPad,iPad Pro,iPad Pro 13-inch M4 (2024) Standard Glass,,2 TB,,Wi-Fi + Cellular,,4150,2024,M4,13.0,,,,,,
UR,iPad,iPad Pro,iPad Pro 13-inch M4 (2024) Nano Glass,,1 TB,,Wi-Fi,,3250,2024,M4,13.0,,,,,,
UR,iPad,iPad Pro,iPad Pro 13-inch M4 (2024) Nano Glass,,2 TB,,Wi-Fi,,3800,2024,M4,13.0,,,,,,
UR,iPad,iPad Pro,iPad Pro 13-inch M4 (2024) Standard Glass,,256 GB,,Wi-Fi,,2230,2024,M4,13.0,,,,,,
UR,iPad,iPad Pro,iPad Pro 13-inch M4 (2024) Standard Glass,,512 GB,,Wi-Fi,,2650,2024,M4,13.0,,,,,,
UR,iPad,iPad Pro,iPad Pro 13-inch M4 (2024) Standard Glass,,1 TB,,Wi-Fi,,3210,2024,M4,13.0,,,,,,
UR,iPad,iPad Pro,iPad Pro 13-inch M4 (2024) Standard Glass,,2 TB,,Wi-Fi,,3780,2024,M4,13.0,,,,,,
UR,iPad,iPad Pro,iPad Pro 9.7-inch A9X (2016),,32 GB,,Wi-Fi + Cellular,,160,2016,A9X,9.7,,,,,,
UR,iPad,iPad Pro,iPad Pro 9.7-inch A9X (2016),,32 GB,,Wi-Fi,,150,2016,A9X,9.7,,,,,,
UR,iPad,iPad Pro,iPad Pro 9.7-inch A9X (2016),,128 GB,,Wi-Fi + Cellular,,170,2016,A9X,9.7,,,,,,
UR,iPad,iPad Pro,iPad Pro 9.7-inch A9X (2016),,128 GB,,Wi-Fi,,160,2016,A9X,9.7,,,,,,
UR,iPad,iPad Pro,iPad Pro 9.7-inch A9X (2016),,256 GB,,Wi-Fi + Cellular,,210,2016,A9X,9.7,,,,,,
UR,iPad,iPad Pro,iPad Pro 9.7-inch A9X (2016),,256 GB,,Wi-Fi,,200,2016,A9X,9.7,,,,,,
U Mobile,iPad,iPad,iPad 8,,128 GB,,Wi-Fi + Cellular,,400,2020,A12 Bionic,10.2,,,,,,
U Mobile,iPad,iPad,iPad 8,,32 GB,,Wi-Fi + Cellular,,300,2020,A12 Bionic,10.2,,,,,,
U Mobile,iPad,iPad,iPad 9,,256 GB,,Wi-Fi + Cellular,,650,2021,A13 Bionic,10.2,,,,,,
U Mobile,iPad,iPad,iPad 9,,64 GB,,Wi-Fi + Cellular,,525,2021,A13 Bionic,10.2,,,,,,
U Mobile,iPad,iPad Air,iPad Air 4 10.9-inch A14 (2020),,256 GB,,Wi-Fi + Cellular,,845,2020,A14 Bionic,10.9,,,,,,
U Mobile,iPad,iPad Air,iPad Air 4 10.9-inch A14 (2020),,64 GB,,Wi-Fi + Cellular,,720,2020,A14 Bionic,10.9,,,,,,
U Mobile,iPad,iPad Air,iPad Air 5 10.9-inch M1 (2022),,256 GB,,Wi-Fi + Cellular,,1095,2022,M1,10.9,,,,,,
U Mobile,iPad,iPad Air,iPad Air 5 10.9-inch M1 (2022),,64 GB,,Wi-Fi + Cellular,,975,2022,M1,10.9,,,,,,
U Mobile,iPad,iPad mini,iPad Mini 5,,256 GB,,Wi-Fi + Cellular,,415,2019,A12 Bionic,7.9,,,,,,
U Mobile,iPad,iPad mini,iPad Mini 5,,64 GB,,Wi-Fi + Cellular,,380,2019,A12 Bionic,7.9,,,,,,
U Mobile,iPad,iPad mini,iPad Mini 6,,256 GB,,Wi-Fi + Cellular,,930,2021,A15 Bionic,8.3,,,,,,
U Mobile,iPad,iPad mini,iPad Mini 6,,64 GB,,Wi-Fi + Cellular,,785,2021,A15 Bionic,8.3,,,,,,
U Mobile,iPad,iPad Pro,iPad Pro 11-inch A12Z (2020),,128 GB,,Wi-Fi + Cellular,,820,2020,A12Z,11.0,,,,,,
U Mobile,iPad,iPad Pro,iPad Pro 11-inch A12Z (2020),,1 TB,,Wi-Fi + Cellular,,1120,2020,A12Z,11.0,,,,,,
U Mobile,iPad,iPad Pro,iPad Pro 11-inch A12Z (2020),,256 GB,,Wi-Fi + Cellular,,920,2020,A12Z,11.0,,,,,,
U Mobile,iPad,iPad Pro,iPad Pro 11-inch A12Z (2020),,512 GB,,Wi-Fi + Cellular,,1095,2020,A12Z,11.0,,,,,,
U Mobile,iPad,iPad Pro,iPad Pro 12.9-inch A12X (2018),,256 GB,,Wi-Fi + Cellular,,875,2018,A12X,12.9,,,,,,
U Mobile,iPad,iPad Pro,iPad Pro 12.9-inch A12X (2018),,64 GB,,Wi-Fi + Cellular,,775,2018,A12X,12.9,,,,,,
U Mobile,iPad,iPad Pro,iPad Pro 12.9-inch M2 (2022),,128 GB,,Wi-Fi + Cellular,,1570,2022,M2,12.9,,,,,,
U Mobile,iPad,iPad Pro,iPad Pro 12.9-inch M2 (2022),,256 GB,,Wi-Fi + Cellular,,1695,2022,M2,12.9,,,,,,
CompAsia,Mac,iMac,iMac i5 3.0GHz 27-inch (Early 2019),,1 TB,Fusion Drive,,,425,2019,Intel Core i5,27.0,,,"8, 16, 32, 64",8.0,1 TB,
CompAsia,Mac,iMac,iMac i5 3.0GHz 27-inch (Early 2019),,1 TB,SSD,,,450,2019,Intel Core i5,27.0,,,"8, 16, 32, 64",8.0,1 TB,
CompAsia,Mac,iMac,iMac i5 3.0GHz 27-inch (Early 2019),,256 GB,SSD,,,350,2019,Intel Core i5,27.0,,,"8, 16, 32, 64",8.0,256 GB,
CompAsia,Mac,iMac,iMac i5 3.0GHz 27-inch (Early 2019),,2 TB,Fusion Drive,,,475,2019,Intel Core i5,27.0,,,"8, 16, 32, 64",8.0,2 TB,
CompAsia,Mac,iMac,iMac i5 3.0GHz 27-inch (Early 2019),,512 GB,SSD,,,425,2019,Intel Core i5,27.0,,,"8, 16, 32, 64",8.0,512 GB,
CompAsia,Mac,iMac,iMac i5 3.1GHz 27-inch (Early 2019),,1 TB,Fusion Drive,,,500,2019,Intel Core i5,27.0,,,"8, 16, 32, 64",8.0,1 TB,
CompAsia,Mac,iMac,iMac i5 3.1GHz 27-inch (Early 2019),,1 TB,SSD,,,550,2019,Intel Core i5,27.0,,,"8, 16, 32, 64",8.0,1 TB,
CompAsia,Mac,iMac,iMac i5 3.1GHz 27-inch (Early 2019),,256 GB,SSD,,,450,2019,Intel Core i5,27.0,,,"8, 16, 32, 64",8.0,256 GB,
CompAsia,Mac,iMac,iMac i5 3.1GHz 27-inch (Early 2019),,2 TB,Fusion Drive,,,625,2019,Intel Core i5,27.0,,,"8, 16, 32, 64",8.0,2 TB,
CompAsia,Mac,iMac,iMac i5 3.1GHz 27-inch (Early 2019),,3 TB,Fusion Drive,,,700,2019,Intel Core i5,27.0,,,"8, 16, 32, 64",8.0,3 TB,
CompAsia,Mac,iMac,iMac i5 3.1GHz 27-inch (Early 2019),,512 GB,SSD,,,500,2019,Intel Core i5,27.0,,,"8, 16, 32, 64",8.0,512 GB,
CompAsia,Mac,iMac,iMac i5 3.1GHz 27-inch (Mid 2020),,256 GB,SSD,,,650,2020,Intel Core i5,27.0,,,"8, 16, 32, 64, 128",8.0,256 GB,
CompAsia,Mac,iMac,iMac i5 3.3GHz 27-inch (Mid 2020),,1 TB,SSD,,,825,2020,Intel Core i5,27.0,,,"8, 16, 32, 64, 128",8.0,1 TB,
CompAsia,Mac,iMac,iMac i5 3.3GHz 27-inch (Mid 2020),,2 TB,SSD,,,950,2020,Intel Core i5,27.0,,,"8, 16, 32, 64, 128",8.0,2 TB,
CompAsia,Mac,iMac,iMac i5 3.3GHz 27-inch (Mid 2020),,512 GB,SSD,,,775,2020,Intel Core i5,27.0,,,"8, 16, 32, 64, 128",8.0,512 GB,
CompAsia,Mac,iMac,iMac i5 3.4GHz 27-inch (Mid 2017),,1 TB,Fusion Drive,,,375,2017,Intel Core i5,27.0,,,"8, 16, 32, 64",8.0,1 TB,
CompAsia,Mac,iMac,iMac i5 3.4GHz 27-inch (Mid 2017),,1 TB,SSD,,,375,2017,Intel Core i5,27.0,,,"8, 16, 32, 64",8.0,1 TB,
CompAsia,Mac,iMac,iMac i5 3.4GHz 27-inch (Mid 2017),,256 GB,SSD,,,275,2017,Intel Core i5,27.0,,,"8, 16, 32, 64",8.0,256 GB,
CompAsia,Mac,iMac,iMac i5 3.4GHz 27-inch (Mid 2017),,2 TB,Fusion Drive,,,425,2017,Intel Core i5,27.0,,,"8, 16, 32, 64",8.0,2 TB,
CompAsia,Mac,iMac,iMac i5 3.4GHz 27-inch (Mid 2017),,512 GB,SSD,,,300,2017,Intel Core i5,27.0,,,"8, 16, 32, 64",8.0,512 GB,
CompAsia,Mac,iMac,iMac i5 3.5GHz 27-inch (Mid 2017),,1 TB,Fusion Drive,,,375,2017,Intel Core i5,27.0,,,"8, 16, 32, 64",8.0,1 TB,
CompAsia,Mac,iMac,iMac i5 3.5GHz 27-inch (Mid 2017),,1 TB,SSD,,,375,2017,Intel Core i5,27.0,,,"8, 16, 32, 64",8.0,1 TB,
CompAsia,Mac,iMac,iMac i5 3.5GHz 27-inch (Mid 2017),,256 GB,SSD,,,275,2017,Intel Core i5,27.0,,,"8, 16, 32, 64",8.0,256 GB,
CompAsia,Mac,iMac,iMac i5 3.5GHz 27-inch (Mid 2017),,2 TB,Fusion Drive,,,425,2017,Intel Core i5,27.0,,,"8, 16, 32, 64",8.0,2 TB,
CompAsia,Mac,iMac,iMac i5 3.5GHz 27-inch (Mid 2017),,3 TB,Fusion Drive,,,450,2017,Intel Core i5,27.0,,,"8, 16, 32, 64",8.0,3 TB,
CompAsia,Mac,iMac,iMac i5 3.5GHz 27-inch (Mid 2017),,512 GB,SSD,,,300,2017,Intel Core i5,27.0,,,"8, 16, 32, 64",8.0,512 GB,
CompAsia,Mac,iMac,iMac i5 3.7GHz 27-inch (Early 2019),,1 TB,SSD,,,625,2019,Intel Core i5,27.0,,,"8, 16, 32, 64",8.0,1 TB,
CompAsia,Mac,iMac,iMac i5 3.7GHz 27-inch (Early 2019),,2 TB,Fusion Drive,,,625,2019,Intel Core i5,27.0,,,"8, 16, 32, 64",8.0,2 TB,
CompAsia,Mac,iMac,iMac i5 3.7GHz 27-inch (Early 2019),,2 TB,SSD,,,675,2019,Intel Core i5,27.0,,,"8, 16, 32, 64",8.0,2 TB,
CompAsia,Mac,iMac,iMac i5 3.7GHz 27-inch (Early 2019),,3 TB,Fusion Drive,,,750,2019,Intel Core i5,27.0,,,"8, 16, 32, 64",8.0,3 TB,
CompAsia,Mac,iMac,iMac i5 3.7GHz 27-inch (Early 2019),,512 GB,SSD,,,625,2019,Intel Core i5,27.0,,,"8, 16, 32, 64",8.0,512 GB,
CompAsia,Mac,iMac,iMac i5 3.8GHz 27-inch (Mid 2017),,1 TB,SSD,,,375,2017,Intel Core i5,27.0,,,"8, 16, 32, 64",8.0,1 TB,
CompAsia,Mac,iMac,iMac i5 3.8GHz 27-inch (Mid 2017),,2 TB,Fusion Drive,,,425,2017,Intel Core i5,27.0,,,"8, 16, 32, 64",8.0,2 TB,
CompAsia,Mac,iMac,iMac i5 3.8GHz 27-inch (Mid 2017),,2 TB,SSD,,,425,2017,Intel Core i5,27.0,,,"8, 16, 32, 64",8.0,2 TB,
CompAsia,Mac,iMac,iMac i5 3.8GHz 27-inch (Mid 2017),,3 TB,Fusion Drive,,,450,2017,Intel Core i5,27.0,,,"8, 16, 32, 64",8.0,3 TB,
CompAsia,Mac,iMac,iMac i5 3.8GHz 27-inch (Mid 2017),,512 GB,SSD,,,300,2017,Intel Core i5,27.0,,,"8, 16, 32, 64",8.0,512 GB,
CompAsia,Mac,iMac,iMac i7 3.8GHz 27-inch (Mid 2020),,1 TB,SSD,,,975,2020,Intel Core i7,27.0,,,"8, 16, 32, 64, 128",8.0,1 TB,
CompAsia,Mac,iMac,iMac i7 3.8GHz 27-inch (Mid 2020),,2 TB,SSD,,,1025,2020,Intel Core i7,27.0,,,"8, 16, 32, 64, 128",8.0,2 TB,
CompAsia,Mac,iMac,iMac i7 3.8GHz 27-inch (Mid 2020),,4 TB,SSD,,,1250,2020,Intel Core i7,27.0,,,"8, 16, 32, 64, 128",8.0,4 TB,
CompAsia,Mac,iMac,iMac i7 3.8GHz 27-inch (Mid 2020),,512 GB,SSD,,,875,2020,Intel Core i7,27.0,,,"8, 16, 32, 64, 128",8.0,512 GB,
CompAsia,Mac,iMac,iMac i7 3.8GHz 27-inch (Mid 2020),,8 TB,SSD,,,1650,2020,Intel Core i7,27.0,,,"8, 16, 32, 64, 128",8.0,8 TB,
CompAsia,Mac,iMac,iMac i7 4.2GHz 27-inch (Mid 2017),,1 TB,Fusion Drive,,,400,2017,Intel Core i7,27.0,,,"8, 16, 32, 64",8.0,1 TB,
CompAsia,Mac,iMac,iMac i7 4.2GHz 27-inch (Mid 2017),,1 TB,SSD,,,400,2017,Intel Core i7,27.0,,,"8, 16, 32, 64",8.0,1 TB,
CompAsia,Mac,iMac,iMac i7 4.2GHz 27-inch (Mid 2017),,256 GB,SSD,,,275,2017,Intel Core i7,27.0,,,"8, 16, 32, 64",8.0,256 GB,
CompAsia,Mac,iMac,iMac i7 4.2GHz 27-inch (Mid 2017),,2 TB,Fusion Drive,,,425,2017,Intel Core i7,27.0,,,"8, 16, 32, 64",8.0,2 TB,
CompAsia,Mac,iMac,iMac i7 4.2GHz 27-inch (Mid 2017),,2 TB,SSD,,,425,2017,Intel Core i7,27.0,,,"8, 16, 32, 64",8.0,2 TB,
CompAsia,Mac,iMac,iMac i7 4.2GHz 27-inch (Mid 2017),,3 TB,Fusion Drive,,,450,2017,Intel Core i7,27.0,,,"8, 16, 32, 64",8.0,3 TB,
CompAsia,Mac,iMac,iMac i7 4.2GHz 27-inch (Mid 2017),,512 GB,SSD,,,300,2017,Intel Core i7,27.0,,,"8, 16, 32, 64",8.0,512 GB,
CompAsia,Mac,iMac,iMac i9 3.6GHz 27-inch (Early 2019),,1 TB,Fusion Drive,,,1100,2019,Intel Core i9,27.0,,,"8, 16, 32, 64",8.0,1 TB,
CompAsia,Mac,iMac,iMac i9 3.6GHz 27-inch (Early 2019),,1 TB,SSD,,,1175,2019,Intel Core i9,27.0,,,"8, 16, 32, 64",8.0,1 TB,
CompAsia,Mac,iMac,iMac i9 3.6GHz 27-inch (Early 2019),,256 GB,SSD,,,850,2019,Intel Core i9,27.0,,,"8, 16, 32, 64",8.0,256 GB,
CompAsia,Mac,iMac,iMac i9 3.6GHz 27-inch (Early 2019),,2 TB,Fusion Drive,,,1275,2019,Intel Core i9,27.0,,,"8, 16, 32, 64",8.0,2 TB,
CompAsia,Mac,iMac,iMac i9 3.6GHz 27-inch (Early 2019),,2 TB,SSD,,,1350,2019,Intel Core i9,27.0,,,"8, 16, 32, 64",8.0,2 TB,
CompAsia,Mac,iMac,iMac i9 3.6GHz 27-inch (Early 2019),,3 TB,Fusion Drive,,,1425,2019,Intel Core i9,27.0,,,"8, 16, 32, 64",8.0,3 TB,
CompAsia,Mac,iMac,iMac i9 3.6GHz 27-inch (Early 2019),,512 GB,SSD,,,975,2019,Intel Core i9,27.0,,,"8, 16, 32, 64",8.0,512 GB,
CompAsia,Mac,iMac,iMac i9 3.6GHz 27-inch (Mid 2020),,1 TB,SSD,,,1275,2020,Intel Core i9,27.0,,,"8, 16, 32, 64, 128",8.0,1 TB,
CompAsia,Mac,iMac,iMac i9 3.6GHz 27-inch (Mid 2020),,2 TB,SSD,,,1475,2020,Intel Core i9,27.0,,,"8, 16, 32, 64, 128",8.0,2 TB,
CompAsia,Mac,iMac,iMac i9 3.6GHz 27-inch (Mid 2020),,4 TB,SSD,,,1650,2020,Intel Core i9,27.0,,,"8, 16, 32, 64, 128",8.0,4 TB,
CompAsia,Mac,iMac,iMac i9 3.6GHz 27-inch (Mid 2020),,512 GB,SSD,,,1175,2020,Intel Core i9,27.0,,,"8, 16, 32, 64, 128",8.0,512 GB,
CompAsia,Mac,iMac,iMac i9 3.6GHz 27-inch (Mid 2020),,8 TB,SSD,,,1775,2020,Intel Core i9,27.0,,,"8, 16, 32, 64, 128",8.0,8 TB,
CompAsia,Mac,iMac,iMac M1 8-Core CPU & 7-Core GPU 24-inch (Early 2021),,1 TB,SSD,,,675,2021,M1,24.0,,,"8, 16",8.0,1 TB,M1
CompAsia,Mac,iMac,iMac M1 8-Core CPU & 7-Core GPU 24-inch (Early 2021),,256 GB,SSD,,,575,2021,M1,24.0,,,"8, 16",8.0,256 GB,M1
CompAsia,Mac,iMac,iMac M1 8-Core CPU & 7-Core GPU 24-inch (Early 2021),,512 GB,SSD,,,575,2021,M1,24.0,,,"8, 16",8.0,512 GB,M1
CompAsia,Mac,iMac,iMac M1 8-Core CPU & 8-Core GPU 24-inch (Early 2021),,1 TB,SSD,,,725,2021,M1,24.0,,,"8, 16",8.0,1 TB,M1
CompAsia,Mac,iMac,iMac M1 8-Core CPU & 8-Core GPU 24-inch (Early 2021),,256 GB,SSD,,,650,2021,M1,24.0,,,"8, 16",8.0,256 GB,M1
CompAsia,Mac,iMac,iMac M1 8-Core CPU & 8-Core GPU 24-inch (Early 2021),,2 TB,SSD,,,725,2021,M1,24.0,,,"8, 16",8.0,2 TB,M1
CompAsia,Mac,iMac,iMac M1 8-Core CPU & 8-Core GPU 24-inch (Early 2021),,512 GB,SSD,,,725,2021,M1,24.0,,,"8, 16",8.0,512 GB,M1
CompAsia,Mac,iMac,iMac M3 8-Core CPU & 10-Core GPU 24-inch (Late 2023),,1 TB,SSD,,,3250,2023,M3,24.0,,,"8, 16, 24",8.0,1 TB,M3
CompAsia,Mac,iMac,iMac M3 8-Core CPU & 10-Core GPU 24-inch (Late 2023),,256 GB,SSD,,,2650,2023,M3,24.0,,,"8, 16, 24",8.0,256 GB,M3
CompAsia,Mac,iMac,iMac M3 8-Core CPU & 10-Core GPU 24-inch (Late 2023),,2 TB,SSD,,,3725,2023,M3,24.0,,,"8, 16, 24",8.0,2 TB,M3
CompAsia,Mac,iMac,iMac M3 8-Core CPU & 10-Core GPU 24-inch (Late 2023),,512 GB,SSD,,,2950,2023,M3,24.0,,,"8, 16, 24",8.0,512 GB,M3
CompAsia,Mac,iMac,iMac M3 8-Core CPU & 8-Core GPU 24-inch (Late 2023),,1 TB,SSD,,,2800,2023,M3,24.0,,,"8, 16, 24",8.0,1 TB,M3
CompAsia,Mac,iMac,iMac M3 8-Core CPU & 8-Core GPU 24-inch (Late 2023),,256 GB,SSD,,,2175,2023,M3,24.0,,,"8, 16, 24",8.0,256 GB,M3
CompAsia,Mac,iMac,iMac M3 8-Core CPU & 8-Core GPU 24-inch (Late 2023),,512 GB,SSD,,,2500,2023,M3,24.0,,,"8, 16, 24",8.0,512 GB,M3
CompAsia,Mac,iMac,iMac M4 10-Core CPU & 10-Core GPU 24-inch (Late 2024),,1 TB,SSD,,,3575,2024,M4,24.0,,,"16, 24, 32",16.0,1 TB,M4
CompAsia,Mac,iMac,iMac M4 10-Core CPU & 10-Core GPU 24-inch (Late 2024),,256 GB,SSD,,,2725,2024,M4,24.0,,,"16, 24, 32",16.0,256 GB,M4
CompAsia,Mac,iMac,iMac M4 10-Core CPU & 10-Core GPU 24-inch (Late 2024),,2 TB,SSD,,,3925,2024,M4,24.0,,,"16, 24, 32",16.0,2 TB,M4
CompAsia,Mac,iMac,iMac M4 10-Core CPU & 10-Core GPU 24-inch (Late 2024),,512 GB,SSD,,,3200,2024,M4,24.0,,,"16, 24, 32",16.0,512 GB,M4
CompAsia,Mac,iMac,iMac M4 8-Core CPU & 8-Core GPU 24-inch (Late 2024),,1 TB,SSD,,,3200,2024,M4,24.0,,,"16, 24, 32",16.0,1 TB,M4
CompAsia,Mac,iMac,iMac M4 8-Core CPU & 8-Core GPU 24-inch (Late 2024),,256 GB,SSD,,,2450,2024,M4,24.0,,,"16, 24, 32",16.0,256 GB,M4
CompAsia,Mac,iMac,iMac M4 8-Core CPU & 8-Core GPU 24-inch (Late 2024),,512 GB,SSD,,,2825,2024,M4,24.0,,,"16, 24, 32",16.0,512 GB,M4
CompAsia,Mac,iMac Pro,iMac Pro Xeon W 2.3GHz 27-inch (Late 2017),,1 TB,SSD,,,750,2017,Intel Xeon W,27.0,,,"32, 64, 128",32.0,1 TB,
CompAsia,Mac,iMac Pro,iMac Pro Xeon W 2.3GHz 27-inch (Late 2017),,2 TB,SSD,,,850,2017,Intel Xeon W,27.0,,,"32, 64, 128",32.0,2 TB,
CompAsia,Mac,iMac Pro,iMac Pro Xeon W 2.3GHz 27-inch (Late 2017),,4 TB,SSD,,,950,2017,Intel Xeon W,27.0,,,"32, 64, 128",32.0,4 TB,
CompAsia,Mac,iMac Pro,iMac Pro Xeon W 2.5GHz 27-inch (Late 2017),,1 TB,SSD,,,900,2017,Intel Xeon W,27.0,,,"32, 64, 128",32.0,1 TB,
CompAsia,Mac,iMac Pro,iMac Pro Xeon W 2.5GHz 27-inch (Late 2017),,2 TB,SSD,,,975,2017,Intel Xeon W,27.0,,,"32, 64, 128",32.0,2 TB,
CompAsia,Mac,iMac Pro,iMac Pro Xeon W 2.5GHz 27-inch (Late 2017),,4 TB,SSD,,,1050,2017,Intel Xeon W,27.0,,,"32, 64, 128",32.0,4 TB,
CompAsia,Mac,iMac Pro,iMac Pro Xeon W 3.0GHz 27-inch (Late 2017),,1 TB,SSD,,,950,2017,Intel Xeon W,27.0,,,"32, 64, 128",32.0,1 TB,
CompAsia,Mac,iMac Pro,iMac Pro Xeon W 3.0GHz 27-inch (Late 2017),,2 TB,SSD,,,975,2017,Intel Xeon W,27.0,,,"32, 64, 128",32.0,2 TB,
CompAsia,Mac,iMac Pro,iMac Pro Xeon W 3.0GHz 27-inch (Late 2017),,4 TB,SSD,,,1000,2017,Intel Xeon W,27.0,,,"32, 64, 128",32.0,4 TB,
CompAsia,Mac,iMac Pro,iMac Pro Xeon W 3.2GHz 27-inch (Late 2017),,1 TB,SSD,,,750,2017,Intel Xeon W,27.0,,,"32, 64, 128",32.0,1 TB,
CompAsia,Mac,iMac Pro,iMac Pro Xeon W 3.2GHz 27-inch (Late 2017),,2 TB,SSD,,,850,2017,Intel Xeon W,27.0,,,"32, 64, 128",32.0,2 TB,
CompAsia,Mac,iMac Pro,iMac Pro Xeon W 3.2GHz 27-inch (Late 2017),,4 TB,SSD,,,950,2017,Intel Xeon W,27.0,,,"32, 64, 128",32.0,4 TB,
CompAsia,Mac,MacBook Air,MacBook Air i3 1.1GHz 13-inch (Early 2020),,1 TB,SSD,,,350,2020,Intel Core i3,13.0,,,"8, 16",8.0,1 TB,
CompAsia,Mac,MacBook Air,MacBook Air i3 1.1GHz 13-inch (Early 2020),,256 GB,SSD,,,345,2020,Intel Core i3,13.0,,,"8, 16",8.0,256 GB,
CompAsia,Mac,MacBook Air,MacBook Air i3 1.1GHz 13-inch (Early 2020),,2 TB,SSD,,,420,2020,Intel Core i3,13.0,,,"8, 16",8.0,2 TB,
CompAsia,Mac,MacBook Air,MacBook Air i3 1.1GHz 13-inch (Early 2020),,512 GB,SSD,,,350,2020,Intel Core i3,13.0,,,"8, 16",8.0,512 GB,
CompAsia,Mac,MacBook Air,MacBook Air i5 1.1GHz 13-inch (Early 2020),,1 TB,SSD,,,475,2020,Intel Core i5,13.0,,,"8, 16",8.0,1 TB,
CompAsia,Mac,MacBook Air,MacBook Air i5 1.1GHz 13-inch (Early 2020),,256 GB,SSD,,,450,2020,Intel Core i5,13.0,,,"8, 16",8.0,256 GB,
CompAsia,Mac,MacBook Air,MacBook Air i5 1.1GHz 13-inch (Early 2020),,2 TB,SSD,,,550,2020,Intel Core i5,13.0,,,"8, 16",8.0,2 TB,
CompAsia,Mac,MacBook Air,MacBook Air i5 1.1GHz 13-inch (Early 2020),,512 GB,SSD,,,475,2020,Intel Core i5,13.0,,,"8, 16",8.0,512 GB,
CompAsia,Mac,MacBook Air,MacBook Air i5 1.6GHz 13-inch (Late 2018),,128 GB,SSD,,,400,2018,Intel Core i5,13.0,,,"8, 16",8.0,128 GB,
CompAsia,Mac,MacBook Air,MacBook Air i5 1.6GHz 13-inch (Late 2018),,1.5 TB,SSD,,,500,2018,Intel Core i5,13.0,,,"8, 16",8.0,1.5 TB,
CompAsia,Mac,MacBook Air,MacBook Air i5 1.6GHz 13-inch (Late 2018),,256 GB,SSD,,,400,2018,Intel Core i5,13.0,,,"8, 16",8.0,256 GB,
CompAsia,Mac,MacBook Air,MacBook Air i5 1.6GHz 13-inch (Late 2018),,512 GB,SSD,,,475,2018,Intel Core i5,13.0,,,"8, 16",8.0,512 GB,
CompAsia,Mac,MacBook Air,MacBook Air i5 1.6GHz 13-inch (Mid 2019),,128 GB,SSD,,,400,2019,Intel Core i5,13.0,,,"8, 16",8.0,128 GB,
CompAsia,Mac,MacBook Air,MacBook Air i5 1.6GHz 13-inch (Mid 2019),,1 TB,SSD,,,475,2019,Intel Core i5,13.0,,,"8, 16",8.0,1 TB,
CompAsia,Mac,MacBook Air,MacBook Air i5 1.6GHz 13-inch (Mid 2019),,256 GB,SSD,,,400,2019,Intel Core i5,13.0,,,"8, 16",8.0,256 GB,
CompAsia,Mac,MacBook Air,MacBook Air i5 1.6GHz 13-inch (Mid 2019),,512 GB,SSD,,,475,2019,Intel Core i5,13.0,,,"8, 16",8.0,512 GB,
CompAsia,Mac,MacBook Air,MacBook Air i5 1.8GHz 13-inch (Mid 2017),,128 GB,SSD,,,175,2017,Intel Core i5,13.0,,,"8, 16",8.0,128 GB,
CompAsia,Mac,MacBook Air,MacBook Air i5 1.8GHz 13-inch (Mid 2017),,256 GB,SSD,,,225,2017,Intel Core i5,13.0,,,"8, 16",8.0,256 GB,
CompAsia,Mac,MacBook Air,MacBook Air i5 1.8GHz 13-inch (Mid 2017),,512 GB,SSD,,,250,2017,Intel Core i5,13.0,,,"8, 16",8.0,512 GB,
CompAsia,Mac,MacBook Air,MacBook Air i7 1.2GHz 13-inch (Early 2020),,1 TB,SSD,,,500,2020,Intel Core i7,13.0,,,"8, 16",8.0,1 TB,
CompAsia,Mac,MacBook Air,MacBook Air i7 1.2GHz 13-inch (Early 2020),,256 GB,SSD,,,475,2020,Intel Core i7,13.0,,,"8, 16",8.0,256 GB,
CompAsia,Mac,MacBook Air,MacBook Air i7 1.2GHz 13-inch (Early 2020),,2 TB,SSD,,,575,2020,Intel Core i7,13.0,,,"8, 16",8.0,2 TB,
CompAsia,Mac,MacBook Air,MacBook Air i7 1.2GHz 13-inch (Early 2020),,512 GB,SSD,,,475,2020,Intel Core i7,13.0,,,"8, 16",8.0,512 GB,
CompAsia,Mac,MacBook Air,MacBook Air i7 2.2GHz 13-inch (Mid 2017),,128 GB,SSD,,,250,2017,Intel Core i7,13.0,,,"8, 16",8.0,128 GB,
CompAsia,Mac,MacBook Air,MacBook Air i7 2.2GHz 13-inch (Mid 2017),,256 GB,SSD,,,300,2017,Intel Core i7,13.0,,,"8, 16",8.0,256 GB,
CompAsia,Mac,MacBook Air,MacBook Air i7 2.2GHz 13-inch (Mid 2017),,512 GB,SSD,,,425,2017,Intel Core i7,13.0,,,"8, 16",8.0,512 GB,
CompAsia,Mac,MacBook Air,MacBook Air M1 8-Core CPU & 7-Core GPU 13-inch (Late 2020),,128 GB,SSD,,,505,2020,M1,13.0,,,"8, 16",8.0,128 GB,M1
CompAsia,Mac,MacBook Air,MacBook Air M1 8-Core CPU & 7-Core GPU 13-inch (Late 2020),,1 TB,SSD,,,605,2020,M1,13.0,,,"8, 16",8.0,1 TB,M1
CompAsia,Mac,MacBook Air,MacBook Air M1 8-Core CPU & 7-Core GPU 13-inch (Late 2020),,256 GB,SSD,,,605,2020,M1,13.0,,,"8, 16",8.0,256 GB,M1
CompAsia,Mac,MacBook Air,MacBook Air M1 8-Core CPU & 7-Core GPU 13-inch (Late 2020),,2 TB,SSD,,,705,2020,M1,13.0,,,"8, 16",8.0,2 TB,M1
CompAsia,Mac,MacBook Air,MacBook Air M1 8-Core CPU & 7-Core GPU 13-inch (Late 2020),,512 GB,SSD,,,605,2020,M1,13.0,,,"8, 16",8.0,512 GB,M1
CompAsia,Mac,MacBook Air,MacBook Air M1 8-Core CPU & 8-Core GPU 13-inch (Late 2020),,1 TB,SSD,,,705,2020,M1,13.0,,,"8, 16",8.0,1 TB,M1
CompAsia,Mac,MacBook Air,MacBook Air M1 8-Core CPU & 8-Core GPU 13-inch (Late 2020),,256 GB,SSD,,,570,2020,M1,13.0,,,"8, 16",8.0,256 GB,M1
CompAsia,Mac,MacBook Air,MacBook Air M1 8-Core CPU & 8-Core GPU 13-inch (Late 2020),,2 TB,SSD,,,755,2020,M1,13.0,,,"8, 16",8.0,2 TB,M1
CompAsia,Mac,MacBook Air,MacBook Air M1 8-Core CPU & 8-Core GPU 13-inch (Late 2020),,512 GB,SSD,,,655,2020,M1,13.0,,,"8, 16",8.0,512 GB,M1
CompAsia,Mac,MacBook Air,MacBook Air M2 8-Core CPU & 10-Core GPU 13.6-inch (Mid 2022),,1 TB,SSD,,,1550,2022,M2,13.6,,,"8, 16, 24",8.0,1 TB,M2
CompAsia,Mac,MacBook Air,MacBook Air M2 8-Core CPU & 10-Core GPU 13.6-inch (Mid 2022),,256 GB,SSD,,,1200,2022,M2,13.6,,,"8, 16, 24",8.0,256 GB,M2
CompAsia,Mac,MacBook Air,MacBook Air M2 8-Core CPU & 10-Core GPU 13.6-inch (Mid 2022),,2 TB,SSD,,,2015,2022,M2,13.6,,,"8, 16, 24",8.0,2 TB,M2
CompAsia,Mac,MacBook Air,MacBook Air M2 8-Core CPU & 10-Core GPU 13.6-inch (Mid 2022),,512 GB,SSD,,,1395,2022,M2,13.6,,,"8, 16, 24",8.0,512 GB,M2
CompAsia,Mac,MacBook Air,MacBook Air M2 8-Core CPU & 10-Core GPU 15-inch (Mid 2023),,1 TB,SSD,,,2245,2023,M2,15.0,,,"8, 16, 24",8.0,1 TB,M2
CompAsia,Mac,MacBook Air,MacBook Air M2 8-Core CPU & 10-Core GPU 15-inch (Mid 2023),,256 GB,SSD,,,1855,2023,M2,15.0,,,"8, 16, 24",8.0,256 GB,M2
CompAsia,Mac,MacBook Air,MacBook Air M2 8-Core CPU & 10-Core GPU 15-inch (Mid 2023),,2 TB,SSD,,,2815,2023,M2,15.0,,,"8, 16, 24",8.0,2 TB,M2
CompAsia,Mac,MacBook Air,MacBook Air M2 8-Core CPU & 10-Core GPU 15-inch (Mid 2023),,512 GB,SSD,,,2015,2023,M2,15.0,,,"8, 16, 24",8.0,512 GB,M2
CompAsia,Mac,MacBook Air,MacBook Air M2 8-Core CPU & 8-Core GPU 13.6-inch (Mid 2022),,1 TB,SSD,,,1550,2022,M2,13.6,,,"8, 16, 24",8.0,1 TB,M2
CompAsia,Mac,MacBook Air,MacBook Air M2 8-Core CPU & 8-Core GPU 13.6-inch (Mid 2022),,256 GB,SSD,,,1200,2022,M2,13.6,,,"8, 16, 24",8.0,256 GB,M2
CompAsia,Mac,MacBook Air,MacBook Air M2 8-Core CPU & 8-Core GPU 13.6-inch (Mid 2022),,2 TB,SSD,,,1990,2022,M2,13.6,,,"8, 16, 24",8.0,2 TB,M2
CompAsia,Mac,MacBook Air,MacBook Air M2 8-Core CPU & 8-Core GPU 13.6-inch (Mid 2022),,512 GB,SSD,,,1395,2022,M2,13.6,,,"8, 16, 24",8.0,512 GB,M2
CompAsia,Mac,MacBook Air,MacBook Air M3 8-Core CPU & 10-Core GPU 13.6-inch (Early 2024),,1 TB,SSD,,,2450,2024,M3,13.6,,,"8, 16, 24",8.0,1 TB,M3
CompAsia,Mac,MacBook Air,MacBook Air M3 8-Core CPU & 10-Core GPU 13.6-inch (Early 2024),,256 GB,SSD,,,1950,2024,M3,13.6,,,"8, 16, 24",8.0,256 GB,M3
CompAsia,Mac,MacBook Air,MacBook Air M3 8-Core CPU & 10-Core GPU 13.6-inch (Early 2024),,2 TB,SSD,,,3125,2024,M3,13.6,,,"8, 16, 24",8.0,2 TB,M3
CompAsia,Mac,MacBook Air,MacBook Air M3 8-Core CPU & 10-Core GPU 13.6-inch (Early 2024),,512 GB,SSD,,,2125,2024,M3,13.6,,,"8, 16, 24",8.0,512 GB,M3
CompAsia,Mac,MacBook Air,MacBook Air M3 8-Core CPU & 10-Core GPU 15-inch (Early 2024),,1 TB,SSD,,,3075,2024,M3,15.0,,,"8, 16, 24",8.0,1 TB,M3
CompAsia,Mac,MacBook Air,MacBook Air M3 8-Core CPU & 10-Core GPU 15-inch (Early 2024),,256 GB,SSD,,,2275,2024,M3,15.0,,,"8, 16, 24",8.0,256 GB,M3
CompAsia,Mac,MacBook Air,MacBook Air M3 8-Core CPU & 10-Core GPU 15-inch (Early 2024),,2 TB,SSD,,,3475,2024,M3,15.0,,,"8, 16, 24",8.0,2 TB,M3
CompAsia,Mac,MacBook Air,MacBook Air M3 8-Core CPU & 10-Core GPU 15-inch (Early 2024),,512 GB,SSD,,,2500,2024,M3,15.0,,,"8, 16, 24",8.0,512 GB,M3
CompAsia,Mac,MacBook Air,MacBook Air M3 8-Core CPU & 8-Core GPU 13.6-inch (Early 2024),,256 GB,SSD,,,1950,2024,M3,13.6,,,"8, 16, 24",8.0,256 GB,M3
CompAsia,Mac,MacBook Air,MacBook Air M4 10-Core CPU & 10-Core GPU 13-inch (Early 2025),,1 TB,SSD,,,3125,2025,M4,13.0,,,"16, 24, 32",16.0,1 TB,M4
CompAsia,Mac,MacBook Air,MacBook Air M4 10-Core CPU & 10-Core GPU 13-inch (Early 2025),,256 GB,SSD,,,2450,2025,M4,13.0,,,"16, 24, 32",16.0,256 GB,M4
CompAsia,Mac,MacBook Air,MacBook Air M4 10-Core CPU & 10-Core GPU 13-inch (Early 2025),,2 TB,SSD,,,4000,2025,M4,13.0,,,"16, 24, 32",16.0,2 TB,M4
CompAsia,Mac,MacBook Air,MacBook Air M4 10-Core CPU & 10-Core GPU 13-inch (Early 2025),,512 GB,SSD,,,2675,2025,M4,13.0,,,"16, 24, 32",16.0,512 GB,M4
CompAsia,Mac,MacBook Air,MacBook Air M4 10-Core CPU & 10-Core GPU 15-inch (Early 2025),,1 TB,SSD,,,3600,2025,M4,15.0,,,"16, 24, 32",16.0,1 TB,M4
CompAsia,Mac,MacBook Air,MacBook Air M4 10-Core CPU & 10-Core GPU 15-inch (Early 2025),,256 GB,SSD,,,2750,2025,M4,15.0,,,"16, 24, 32",16.0,256 GB,M4
CompAsia,Mac,MacBook Air,MacBook Air M4 10-Core CPU & 10-Core GPU 15-inch (Early 2025),,2 TB,SSD,,,4400,2025,M4,15.0,,,"16, 24, 32",16.0,2 TB,M4
CompAsia,Mac,MacBook Air,MacBook Air M4 10-Core CPU & 10-Core GPU 15-inch (Early 2025),,512 GB,SSD,,,2975,2025,M4,15.0,,,"16, 24, 32",16.0,512 GB,M4
CompAsia,Mac,MacBook Air,MacBook Air M4 10-Core CPU & 8-Core GPU 13-inch (Early 2025),,256 GB,SSD,,,2250,2025,M4,13.0,,,"16, 24, 32",16.0,256 GB,M4
CompAsia,Mac,MacBook,MacBook i5 1.3GHz 12-inch (Mid 2017),,256 GB,SSD,,,275,2017,Intel Core i5,12.0,,,"8, 16",8.0,256 GB,
CompAsia,Mac,MacBook,MacBook i5 1.3GHz 12-inch (Mid 2017),,512 GB,SSD,,,375,2017,Intel Core i5,12.0,,,"8, 16",8.0,512 GB,
CompAsia,Mac,MacBook,MacBook i7 1.4GHz 12-inch (Mid 2017),,256 GB,SSD,,,325,2017,Intel Core i7,12.0,,,"8, 16",8.0,256 GB,
CompAsia,Mac,MacBook,MacBook i7 1.4GHz 12-inch (Mid 2017),,512 GB,SSD,,,425,2017,Intel Core i7,12.0,,,"8, 16",8.0,512 GB,
CompAsia,Mac,MacBook,MacBook M3 1.2GHz 12-inch (Mid 2017),,256 GB,SSD,,,275,2017,Intel Core m3,12.0,,,"8, 16",8.0,256 GB,M3
CompAsia,Mac,MacBook Pro,MacBook Pro 14-inch M1 Max 10-Core CPU & 24-Core GPU (2021),,1 TB,SSD,,,2725,2021,M1 Max,14.0,,,"32, 64",32.0,1 TB,M1
CompAsia,Mac,MacBook Pro,MacBook Pro 14-inch M1 Max 10-Core CPU & 24-Core GPU (2021),,2 TB,SSD,,,2775,2021,M1 Max,14.0,,,"32, 64",32.0,2 TB,M1
CompAsia,Mac,MacBook Pro,MacBook Pro 14-inch M1 Max 10-Core CPU & 24-Core GPU (2021),,4 TB,SSD,,,3550,2021,M1 Max,14.0,,,"32, 64",32.0,4 TB,M1
CompAsia,Mac,MacBook Pro,MacBook Pro 14-inch M1 Max 10-Core CPU & 24-Core GPU (2021),,512 GB,SSD,,,2525,2021,M1 Max,14.0,,,"32, 64",32.0,512 GB,M1
CompAsia,Mac,MacBook Pro,MacBook Pro 14-inch M1 Max 10-Core CPU & 24-Core GPU (2021),,8 TB,SSD,,,4175,2021,M1 Max,14.0,,,"32, 64",32.0,8 TB,M1
CompAsia,Mac,MacBook Pro,MacBook Pro 14-inch M1 Max 10-Core CPU & 32-Core GPU (2021),,1 TB,SSD,,,2875,2021,M1 Max,14.0,,,"32, 64",32.0,1 TB,M1
CompAsia,Mac,MacBook Pro,MacBook Pro 14-inch M1 Max 10-Core CPU & 32-Core GPU (2021),,2 TB,SSD,,,3250,2021,M1 Max,14.0,,,"32, 64",32.0,2 TB,M1
CompAsia,Mac,MacBook Pro,MacBook Pro 14-inch M1 Max 10-Core CPU & 32-Core GPU (2021),,4 TB,SSD,,,3725,2021,M1 Max,14.0,,,"32, 64",32.0,4 TB,M1
CompAsia,Mac,MacBook Pro,MacBook Pro 14-inch M1 Max 10-Core CPU & 32-Core GPU (2021),,512 GB,SSD,,,2725,2021,M1 Max,14.0,,,"32, 64",32.0,512 GB,M1
CompAsia,Mac,MacBook Pro,MacBook Pro 14-inch M1 Max 10-Core CPU & 32-Core GPU (2021),,8 TB,SSD,,,4325,2021,M1 Max,14.0,,,"32, 64",32.0,8 TB,M1
CompAsia,Mac,MacBook Pro,MacBook Pro 14-inch M1 Pro 10-Core CPU & 14-Core GPU (2021),,1 TB,SSD,,,2150,2021,M1 Pro,14.0,,,"16, 32",16.0,1 TB,M1
CompAsia,Mac,MacBook Pro,MacBook Pro 14-inch M1 Pro 10-Core CPU & 14-Core GPU (2021),,2 TB,SSD,,,2375,2021,M1 Pro,14.0,,,"16, 32",16.0,2 TB,M1
CompAsia,Mac,MacBook Pro,MacBook Pro 14-inch M1 Pro 10-Core CPU & 14-Core GPU (2021),,4 TB,SSD,,,2850,2021,M1 Pro,14.0,,,"16, 32",16.0,4 TB,M1
CompAsia,Mac,MacBook Pro,MacBook Pro 14-inch M1 Pro 10-Core CPU & 14-Core GPU (2021),,512 GB,SSD,,,1950,2021,M1 Pro,14.0,,,"16, 32",16.0,512 GB,M1
CompAsia,Mac,MacBook Pro,MacBook Pro 14-inch M1 Pro 10-Core CPU & 14-Core GPU (2021),,8 TB,SSD,,,3600,2021,M1 Pro,14.0,,,"16, 32",16.0,8 TB,M1
CompAsia,Mac,MacBook Pro,MacBook Pro 14-inch M1 Pro 10-Core CPU & 16-Core GPU (2021),,1 TB,SSD,,,2275,2021,M1 Pro,14.0,,,"16, 32",16.0,1 TB,M1
CompAsia,Mac,MacBook Pro,MacBook Pro 14-inch M1 Pro 10-Core CPU & 16-Core GPU (2021),,2 TB,SSD,,,2525,2021,M1 Pro,14.0,,,"16, 32",16.0,2 TB,M1
CompAsia,Mac,MacBook Pro,MacBook Pro 14-inch M1 Pro 10-Core CPU & 16-Core GPU (2021),,4 TB,SSD,,,3050,2021,M1 Pro,14.0,,,"16, 32",16.0,4 TB,M1
CompAsia,Mac,MacBook Pro,MacBook Pro 14-inch M1 Pro 10-Core CPU & 16-Core GPU (2021),,512 GB,SSD,,,2100,2021,M1 Pro,14.0,,,"16, 32",16.0,512 GB,M1
CompAsia,Mac,MacBook Pro,MacBook Pro 14-inch M1 Pro 10-Core CPU & 16-Core GPU (2021),,8 TB,SSD,,,3725,2021,M1 Pro,14.0,,,"16, 32",16.0,8 TB,M1
CompAsia,Mac,MacBook Pro,MacBook Pro 14-inch M1 Pro 8-Core CPU & 14-Core GPU (2021),,1 TB,SSD,,,2025,2021,M1 Pro,14.0,,,"16, 32",16.0,1 TB,M1
CompAsia,Mac,MacBook Pro,MacBook Pro 14-inch M1 Pro 8-Core CPU & 14-Core GPU (2021),,2 TB,SSD,,,2050,2021,M1 Pro,14.0,,,"16, 32",16.0,2 TB,M1
CompAsia,Mac,MacBook Pro,MacBook Pro 14-inch M1 Pro 8-Core CPU & 14-Core GPU (2021),,4 TB,SSD,,,2475,2021,M1 Pro,14.0,,,"16, 32",16.0,4 TB,M1
CompAsia,Mac,MacBook Pro,MacBook Pro 14-inch M1 Pro 8-Core CPU & 14-Core GPU (2021),,512 GB,SSD,,,1800,2021,M1 Pro,14.0,,,"16, 32",16.0,512 GB,M1
CompAsia,Mac,MacBook Pro,MacBook Pro 14-inch M1 Pro 8-Core CPU & 14-Core GPU (2021),,8 TB,SSD,,,3325,2021,M1 Pro,14.0,,,"16, 32",16.0,8 TB,M1
CompAsia,Mac,MacBook Pro,MacBook Pro 16-inch M1 Max 10-Core CPU & 24-Core GPU (2021),,1 TB,SSD,,,2725,2021,M1 Max,16.0,,,"32, 64",32.0,1 TB,M1
CompAsia,Mac,MacBook Pro,MacBook Pro 16-inch M1 Max 10-Core CPU & 24-Core GPU (2021),,2 TB,SSD,,,3050,2021,M1 Max,16.0,,,"32, 64",32.0,2 TB,M1
CompAsia,Mac,MacBook Pro,MacBook Pro 16-inch M1 Max 10-Core CPU & 24-Core GPU (2021),,4 TB,SSD,,,3550,2021,M1 Max,16.0,,,"32, 64",32.0,4 TB,M1
CompAsia,Mac,MacBook Pro,MacBook Pro 16-inch M1 Max 10-Core CPU & 24-Core GPU (2021),,512 GB,SSD,,,2675,2021,M1 Max,16.0,,,"32, 64",32.0,512 GB,M1
CompAsia,Mac,MacBook Pro,MacBook Pro 16-inch M1 Max 10-Core CPU & 24-Core GPU (2021),,8 TB,SSD,,,4225,2021,M1 Max,16.0,,,"32, 64",32.0,8 TB,M1
CompAsia,Mac,MacBook Pro,MacBook Pro 16-inch M1 Max 10-Core CPU & 32-Core GPU (2021),,1 TB,SSD,,,2900,2021,M1 Max,16.0,,,"32, 64",32.0,1 TB,M1
CompAsia,Mac,MacBook Pro,MacBook Pro 16-inch M1 Max 10-Core CPU & 32-Core GPU (2021),,2 TB,SSD,,,3250,2021,M1 Max,16.0,,,"32, 64",32.0,2 TB,M1
CompAsia,Mac,MacBook Pro,MacBook Pro 16-inch M1 Max 10-Core CPU & 32-Core GPU (2021),,4 TB,SSD,,,3775,2021,M1 Max,16.0,,,"32, 64",32.0,4 TB,M1
CompAsia,Mac,MacBook Pro,MacBook Pro 16-inch M1 Max 10-Core CPU & 32-Core GPU (2021),,512 GB,SSD,,,2710,2021,M1 Max,16.0,,,"32, 64",32.0,512 GB,M1
CompAsia,Mac,MacBook Pro,MacBook Pro 16-inch M1 Max 10-Core CPU & 32-Core GPU (2021),,8 TB,SSD,,,4400,2021,M1 Max,16.0,,,"32, 64",32.0,8 TB,M1
CompAsia,Mac,MacBook Pro,MacBook Pro 16-inch M1 Pro 10-Core CPU & 16-Core GPU (2021),,1 TB,SSD,,,2275,2021,M1 Pro,16.0,,,"16, 32",16.0,1 TB,M1
CompAsia,Mac,MacBook Pro,MacBook Pro 16-inch M1 Pro 10-Core CPU & 16-Core GPU (2021),,2 TB,SSD,,,2650,2021,M1 Pro,16.0,,,"16, 32",16.0,2 TB,M1
CompAsia,Mac,MacBook Pro,MacBook Pro 16-inch M1 Pro 10-Core CPU & 16-Core GPU (2021),,4 TB,SSD,,,3175,2021,M1 Pro,16.0,,,"16, 32",16.0,4 TB,M1
CompAsia,Mac,MacBook Pro,MacBook Pro 16-inch M1 Pro 10-Core CPU & 16-Core GPU (2021),,512 GB,SSD,,,2125,2021,M1 Pro,16.0,,,"16, 32",16.0,512 GB,M1
CompAsia,Mac,MacBook Pro,MacBook Pro 16-inch M1 Pro 10-Core CPU & 16-Core GPU (2021),,8 TB,SSD,,,3800,2021,M1 Pro,16.0,,,"16, 32",16.0,8 TB,M1
CompAsia,Mac,MacBook Pro,MacBook Pro i5 1.4GHz 13-inch (Mid 2019),,128 GB,SSD,,,400,2019,Intel Core i5,13.0,,,"8, 16",8.0,128 GB,
CompAsia,Mac,MacBook Pro,MacBook Pro i5 1.4GHz 13-inch (Mid 2019),,1 TB,SSD,,,600,2019,Intel Core i5,13.0,,,"8, 16",8.0,1 TB,
CompAsia,Mac,MacBook Pro,MacBook Pro i5 1.4GHz 13-inch (Mid 2019),,256 GB,SSD,,,475,2019,Intel Core i5,13.0,,,"8, 16",8.0,256 GB,
CompAsia,Mac,MacBook Pro,MacBook Pro i5 1.4GHz 13-inch (Mid 2019),,2 TB,SSD,,,650,2019,Intel Core i5,13.0,,,"8, 16",8.0,2 TB,
CompAsia,Mac,MacBook Pro,MacBook Pro i5 1.4GHz 13-inch (Mid 2019),,512 GB,SSD,,,525,2019,Intel Core i5,13.0,,,"8, 16",8.0,512 GB,
CompAsia,Mac,MacBook Pro,MacBook Pro i5 1.4GHz 13-inch (Mid 2020),,1 TB,SSD,,,725,2020,Intel Core i5,13.0,,,"8, 16",8.0,1 TB,
CompAsia,Mac,MacBook Pro,MacBook Pro i5 1.4GHz 13-inch (Mid 2020),,256 GB,SSD,,,625,2020,Intel Core i5,13.0,,,"8, 16",8.0,256 GB,
CompAsia,Mac,MacBook Pro,MacBook Pro i5 1.4GHz 13-inch (Mid 2020),,2 TB,SSD,,,750,2020,Intel Core i5,13.0,,,"8, 16",8.0,2 TB,
CompAsia,Mac,MacBook Pro,MacBook Pro i5 1.4GHz 13-inch (Mid 2020),,512 GB,SSD,,,675,2020,Intel Core i5,13.0,,,"8, 16",8.0,512 GB,
CompAsia,Mac,MacBook Pro,MacBook Pro i5 2.0GHz 13-inch (Late 2016),,1 TB,SSD,,,300,2016,Intel Core i5,13.0,,,"8, 16",8.0,1 TB,
CompAsia,Mac,MacBook Pro,MacBook Pro i5 2.0GHz 13-inch (Late 2016),,256 GB,SSD,,,250,2016,Intel Core i5,13.0,,,"8, 16",8.0,256 GB,
CompAsia,Mac,MacBook Pro,MacBook Pro i5 2.0GHz 13-inch (Late 2016),,512 GB,SSD,,,275,2016,Intel Core i5,13.0,,,"8, 16",8.0,512 GB,
CompAsia,Mac,MacBook Pro,MacBook Pro i5 2.0GHz 13-inch (Mid 2020),,1 TB,SSD,,,800,2020,Intel Core i5,13.0,,,"16, 32",16.0,1 TB,
CompAsia,Mac,MacBook Pro,MacBook Pro i5 2.0GHz 13-inch (Mid 2020),,2 TB,SSD,,,875,2020,Intel Core i5,13.0,,,"16, 32",16.0,2 TB,
CompAsia,Mac,MacBook Pro,MacBook Pro i5 2.0GHz 13-inch (Mid 2020),,4 TB,SSD,,,1025,2020,Intel Core i5,13.0,,,"16, 32",16.0,4 TB,
CompAsia,Mac,MacBook Pro,MacBook Pro i5 2.0GHz 13-inch (Mid 2020),,512 GB,SSD,,,725,2020,Intel Core i5,13.0,,,"16, 32",16.0,512 GB,
CompAsia,Mac,MacBook Pro,MacBook Pro i5 2.3GHz 13-inch (Mid 2017),,128 GB,SSD,,,300,2017,Intel Core i5,13.0,,,"8, 16",8.0,128 GB,
CompAsia,Mac,MacBook Pro,MacBook Pro i5 2.3GHz 13-inch (Mid 2017),,1 TB,SSD,,,500,2017,Intel Core i5,13.0,,,"8, 16",8.0,1 TB,
CompAsia,Mac,MacBook Pro,MacBook Pro i5 2.3GHz 13-inch (Mid 2017),,256 GB,SSD,,,425,2017,Intel Core i5,13.0,,,"8, 16",8.0,256 GB,
CompAsia,Mac,MacBook Pro,MacBook Pro i5 2.3GHz 13-inch (Mid 2017),,512 GB,SSD,,,450,2017,Intel Core i5,13.0,,,"8, 16",8.0,512 GB,
CompAsia,Mac,MacBook Pro,MacBook Pro i5 2.3GHz 13-inch (Mid 2018),,1 TB,SSD,,,675,2018,Intel Core i5,13.0,,,"8, 16",8.0,1 TB,
CompAsia,Mac,MacBook Pro,MacBook Pro i5 2.3GHz 13-inch (Mid 2018),,256 GB,SSD,,,600,2018,Intel Core i5,13.0,,,"8, 16",8.0,256 GB,
CompAsia,Mac,MacBook Pro,MacBook Pro i5 2.3GHz 13-inch (Mid 2018),,2 TB,SSD,,,700,2018,Intel Core i5,13.0,,,"8, 16",8.0,2 TB,
CompAsia,Mac,MacBook Pro,MacBook Pro i5 2.3GHz 13-inch (Mid 2018),,512 GB,SSD,,,650,2018,Intel Core i5,13.0,,,"8, 16",8.0,512 GB,
CompAsia,Mac,MacBook Pro,MacBook Pro i5 2.4GHz 13-inch (Mid 2019),,1 TB,SSD,,,700,2019,Intel Core i5,13.0,,,"8, 16",8.0,1 TB,
CompAsia,Mac,MacBook Pro,MacBook Pro i5 2.4GHz 13-inch (Mid 2019),,256 GB,SSD,,,650,2019,Intel Core i5,13.0,,,"8, 16",8.0,256 GB,
CompAsia,Mac,MacBook Pro,MacBook Pro i5 2.4GHz 13-inch (Mid 2019),,2 TB,SSD,,,725,2019,Intel Core i5,13.0,,,"8, 16",8.0,2 TB,
CompAsia,Mac,MacBook Pro,MacBook Pro i5 2.4GHz 13-inch (Mid 2019),,512 GB,SSD,,,650,2019,Intel Core i5,13.0,,,"8, 16",8.0,512 GB,
CompAsia,Mac,MacBook Pro,MacBook Pro i5 2.9GHz 13-inch (Late 2016),,1 TB,SSD,,,400,2016,Intel Core i5,13.0,,,"8, 16",8.0,1 TB,
CompAsia,Mac,MacBook Pro,MacBook Pro i5 2.9GHz 13-inch (Late 2016),,256 GB,SSD,,,350,2016,Intel Core i5,13.0,,,"8, 16",8.0,256 GB,
CompAsia,Mac,MacBook Pro,MacBook Pro i5 2.9GHz 13-inch (Late 2016),,512 GB,SSD,,,400,2016,Intel Core i5,13.0,,,"8, 16",8.0,512 GB,
CompAsia,Mac,MacBook Pro,MacBook Pro i5 3.1GHz 13-inch (Late 2016),,1 TB,SSD,,,400,2016,Intel Core i5,13.0,,,"8, 16",8.0,1 TB,
CompAsia,Mac,MacBook Pro,MacBook Pro i5 3.1GHz 13-inch (Late 2016),,256 GB,SSD,,,400,2016,Intel Core i5,13.0,,,"8, 16",8.0,256 GB,
CompAsia,Mac,MacBook Pro,MacBook Pro i5 3.1GHz 13-inch (Late 2016),,512 GB,SSD,,,400,2016,Intel Core i5,13.0,,,"8, 16",8.0,512 GB,
CompAsia,Mac,MacBook Pro,MacBook Pro i5 3.1GHz 13-inch (Mid 2017),,1 TB,SSD,,,550,2017,Intel Core i5,13.0,,,"8, 16",8.0,1 TB,
CompAsia,Mac,MacBook Pro,MacBook Pro i5 3.1GHz 13-inch (Mid 2017),,256 GB,SSD,,,450,2017,Intel Core i5,13.0,,,"8, 16",8.0,256 GB,
CompAsia,Mac,MacBook Pro,MacBook Pro i5 3.1GHz 13-inch (Mid 2017),,512 GB,SSD,,,475,2017,Intel Core i5,13.0,,,"8, 16",8.0,512 GB,
CompAsia,Mac,MacBook Pro,MacBook Pro i5 3.3GHz 13-inch (Mid 2017),,1 TB,SSD,,,550,2017,Intel Core i5,13.0,,,"8, 16",8.0,1 TB,
CompAsia,Mac,MacBook Pro,MacBook Pro i5 3.3GHz 13-inch (Mid 2017),,256 GB,SSD,,,450,2017,Intel Core i5,13.0,,,"8, 16",8.0,256 GB,
CompAsia,Mac,MacBook Pro,MacBook Pro i5 3.3GHz 13-inch (Mid 2017),,512 GB,SSD,,,475,2017,Intel Core i5,13.0,,,"8, 16",8.0,512 GB,
CompAsia,Mac,MacBook Pro,MacBook Pro i7 1.7GHz 13-inch (Mid 2019),,128 GB,SSD,,,475,2019,Intel Core i7,13.0,,,"8, 16",8.0,128 GB,
CompAsia,Mac,MacBook Pro,MacBook Pro i7 1.7GHz 13-inch (Mid 2019),,1 TB,SSD,,,650,2019,Intel Core i7,13.0,,,"8, 16",8.0,1 TB,
CompAsia,Mac,MacBook Pro,MacBook Pro i7 1.7GHz 13-inch (Mid 2019),,256 GB,SSD,,,525,2019,Intel Core i7,13.0,,,"8, 16",8.0,256 GB,
CompAsia,Mac,MacBook Pro,MacBook Pro i7 1.7GHz 13-inch (Mid 2019),,2 TB,SSD,,,700,2019,Intel Core i7,13.0,,,"8, 16",8.0,2 TB,
CompAsia,Mac,MacBook Pro,MacBook Pro i7 1.7GHz 13-inch (Mid 2019),,512 GB,SSD,,,575,2019,Intel Core i7,13.0,,,"8, 16",8.0,512 GB,
CompAsia,Mac,MacBook Pro,MacBook Pro i7 1.7GHz 13-inch (Mid 2020),,1 TB,SSD,,,800,2020,Intel Core i7,13.0,,,"8, 16",8.0,1 TB,
CompAsia,Mac,MacBook Pro,MacBook Pro i7 1.7GHz 13-inch (Mid 2020),,256 GB,SSD,,,750,2020,Intel Core i7,13.0,,,"8, 16",8.0,256 GB,
CompAsia,Mac,MacBook Pro,MacBook Pro i7 1.7GHz 13-inch (Mid 2020),,2 TB,SSD,,,875,2020,Intel Core i7,13.0,,,"8, 16",8.0,2 TB,
CompAsia,Mac,MacBook Pro,MacBook Pro i7 1.7GHz 13-inch (Mid 2020),,512 GB,SSD,,,750,2020,Intel Core i7,13.0,,,"8, 16",8.0,512 GB,
CompAsia,Mac,MacBook Pro,MacBook Pro i7 2.2GHz 15-inch (Mid 2018),,1 TB,SSD,,,900,2018,Intel Core i7,15.0,,,"16, 32",16.0,1 TB,
CompAsia,Mac,MacBook Pro,MacBook Pro i7 2.2GHz 15-inch (Mid 2018),,256 GB,SSD,,,850,2018,Intel Core i7,15.0,,,"16, 32",16.0,256 GB,
CompAsia,Mac,MacBook Pro,MacBook Pro i7 2.2GHz 15-inch (Mid 2018),,2 TB,SSD,,,1050,2018,Intel Core i7,15.0,,,"16, 32",16.0,2 TB,
CompAsia,Mac,MacBook Pro,MacBook Pro i7 2.2GHz 15-inch (Mid 2018),,4 TB,SSD,,,1125,2018,Intel Core i7,15.0,,,"16, 32",16.0,4 TB,
CompAsia,Mac,MacBook Pro,MacBook Pro i7 2.2GHz 15-inch (Mid 2018),,512 GB,SSD,,,850,2018,Intel Core i7,15.0,,,"16, 32",16.0,512 GB,
CompAsia,Mac,MacBook Pro,MacBook Pro i7 2.3GHz 13-inch (Mid 2020),,1 TB,SSD,,,850,2020,Intel Core i7,13.0,,,"16, 32",16.0,1 TB,
CompAsia,Mac,MacBook Pro,MacBook Pro i7 2.3GHz 13-inch (Mid 2020),,2 TB,SSD,,,925,2020,Intel Core i7,13.0,,,"16, 32",16.0,2 TB,
CompAsia,Mac,MacBook Pro,MacBook Pro i7 2.3GHz 13-inch (Mid 2020),,4 TB,SSD,,,1075,2020,Intel Core i7,13.0,,,"16, 32",16.0,4 TB,
CompAsia,Mac,MacBook Pro,MacBook Pro i7 2.3GHz 13-inch (Mid 2020),,512 GB,SSD,,,750,2020,Intel Core i7,13.0,,,"16, 32",16.0,512 GB,
CompAsia,Mac,MacBook Pro,MacBook Pro i7 2.4GHz 13-inch (Late 2016),,1 TB,SSD,,,400,2016,Intel Core i7,13.0,,,"8, 16",8.0,1 TB,
CompAsia,Mac,MacBook Pro,MacBook Pro i7 2.4GHz 13-inch (Late 2016),,256 GB,SSD,,,300,2016,Intel Core i7,13.0,,,"8, 16",8.0,256 GB,
CompAsia,Mac,MacBook Pro,MacBook Pro i7 2.4GHz 13-inch (Late 2016),,512 GB,SSD,,,350,2016,Intel Core i7,13.0,,,"8, 16",8.0,512 GB,
CompAsia,Mac,MacBook Pro,MacBook Pro i7 2.5GHz 13-inch (Mid 2017),,128 GB,SSD,,,300,2017,Intel Core i7,13.0,,,"8, 16",8.0,128 GB,
CompAsia,Mac,MacBook Pro,MacBook Pro i7 2.5GHz 13-inch (Mid 2017),,1 TB,SSD,,,550,2017,Intel Core i7,13.0,,,"8, 16",8.0,1 TB,
CompAsia,Mac,MacBook Pro,MacBook Pro i7 2.5GHz 13-inch (Mid 2017),,256 GB,SSD,,,450,2017,Intel Core i7,13.0,,,"8, 16",8.0,256 GB,
CompAsia,Mac,MacBook Pro,MacBook Pro i7 2.5GHz 13-inch (Mid 2017),,512 GB,SSD,,,500,2017,Intel Core i7,13.0,,,"8, 16",8.0,512 GB,
CompAsia,Mac,MacBook Pro,MacBook Pro i7 2.6GHz 15-inch (Late 2016),,1 TB,SSD,,,700,2016,Intel Core i7,15.0,,,16,16.0,1 TB,
CompAsia,Mac,MacBook Pro,MacBook Pro i7 2.6GHz 15-inch (Late 2016),,256 GB,SSD,,,650,2016,Intel Core i7,15.0,,,16,16.0,256 GB,
CompAsia,Mac,MacBook Pro,MacBook Pro i7 2.6GHz 15-inch (Late 2016),,2 TB,SSD,,,750,2016,Intel Core i7,15.0,,,16,16.0,2 TB,
CompAsia,Mac,MacBook Pro,MacBook Pro i7 2.6GHz 15-inch (Late 2016),,512 GB,SSD,,,675,2016,Intel Core i7,15.0,,,16,16.0,512 GB,
CompAsia,Mac,MacBook Pro,MacBook Pro i7 2.6GHz 15-inch (Mid 2018),,1 TB,SSD,,,975,2018,Intel Core i7,15.0,,,"16, 32",16.0,1 TB,
CompAsia,Mac,MacBook Pro,MacBook Pro i7 2.6GHz 15-inch (Mid 2018),,256 GB,SSD,,,850,2018,Intel Core i7,15.0,,,"16, 32",16.0,256 GB,
CompAsia,Mac,MacBook Pro,MacBook Pro i7 2.6GHz 15-inch (Mid 2018),,2 TB,SSD,,,1075,2018,Intel Core i7,15.0,,,"16, 32",16.0,2 TB,
CompAsia,Mac,MacBook Pro,MacBook Pro i7 2.6GHz 15-inch (Mid 2018),,4 TB,SSD,,,1125,2018,Intel Core i7,15.0,,,"16, 32",16.0,4 TB,
CompAsia,Mac,MacBook Pro,MacBook Pro i7 2.6GHz 15-inch (Mid 2018),,512 GB,SSD,,,900,2018,Intel Core i7,15.0,,,"16, 32",16.0,512 GB,
CompAsia,Mac,MacBook Pro,MacBook Pro i7 2.6GHz 15-inch (Mid 2019),,1 TB,SSD,,,1125,2019,Intel Core i7,15.0,,,"16, 32",16.0,1 TB,
CompAsia,Mac,MacBook Pro,MacBook Pro i7 2.6GHz 15-inch (Mid 2019),,256 GB,SSD,,,1000,2019,Intel Core i7,15.0,,,"16, 32",16.0,256 GB,
CompAsia,Mac,MacBook Pro,MacBook Pro i7 2.6GHz 15-inch (Mid 2019),,2 TB,SSD,,,1250,2019,Intel Core i7,15.0,,,"16, 32",16.0,2 TB,
CompAsia,Mac,MacBook Pro,MacBook Pro i7 2.6GHz 15-inch (Mid 2019),,4 TB,SSD,,,1325,2019,Intel Core i7,15.0,,,"16, 32",16.0,4 TB,
CompAsia,Mac,MacBook Pro,MacBook Pro i7 2.6GHz 15-inch (Mid 2019),,512 GB,SSD,,,1050,2019,Intel Core i7,15.0,,,"16, 32",16.0,512 GB,
CompAsia,Mac,MacBook Pro,MacBook Pro i7 2.6GHz 16-inch (Late 2019),,1 TB,SSD,,,1150,2019,Intel Core i7,16.0,,,"16, 32, 64",16.0,1 TB,
CompAsia,Mac,MacBook Pro,MacBook Pro i7 2.6GHz 16-inch (Late 2019),,2 TB,SSD,,,1250,2019,Intel Core i7,16.0,,,"16, 32, 64",16.0,2 TB,
CompAsia,Mac,MacBook Pro,MacBook Pro i7 2.6GHz 16-inch (Late 2019),,4 TB,SSD,,,1350,2019,Intel Core i7,16.0,,,"16, 32, 64",16.0,4 TB,
CompAsia,Mac,MacBook Pro,MacBook Pro i7 2.6GHz 16-inch (Late 2019),,512 GB,SSD,,,1075,2019,Intel Core i7,16.0,,,"16, 32, 64",16.0,512 GB,
CompAsia,Mac,MacBook Pro,MacBook Pro i7 2.6GHz 16-inch (Late 2019),,8 TB,SSD,,,1475,2019,Intel Core i7,16.0,,,"16, 32, 64",16.0,8 TB,
CompAsia,Mac,MacBook Pro,MacBook Pro i7 2.7GHz 13-inch (Mid 2018),,2 TB,SSD,,,750,2018,Intel Core i7,13.0,,,"8, 16",8.0,2 TB,
CompAsia,Mac,MacBook Pro,MacBook Pro i7 2.7GHz 15-inch (Late 2016),,1 TB,SSD,,,700,2016,Intel Core i7,15.0,,,16,16.0,1 TB,
CompAsia,Mac,MacBook Pro,MacBook Pro i7 2.7GHz 15-inch (Late 2016),,256 GB,SSD,,,650,2016,Intel Core i7,15.0,,,16,16.0,256 GB,
CompAsia,Mac,MacBook Pro,MacBook Pro i7 2.7GHz 15-inch (Late 2016),,2 TB,SSD,,,750,2016,Intel Core i7,15.0,,,16,16.0,2 TB,
CompAsia,Mac,MacBook Pro,MacBook Pro i7 2.7GHz 15-inch (Late 2016),,512 GB,SSD,,,675,2016,Intel Core i7,15.0,,,16,16.0,512 GB,
CompAsia,Mac,MacBook Pro,MacBook Pro i7 2.8GHz 13-inch (Mid 2019),,1 TB,SSD,,,725,2019,Intel Core i7,13.0,,,"8, 16",8.0,1 TB,
CompAsia,Mac,MacBook Pro,MacBook Pro i7 2.8GHz 13-inch (Mid 2019),,256 GB,SSD,,,700,2019,Intel Core i7,13.0,,,"8, 16",8.0,256 GB,
CompAsia,Mac,MacBook Pro,MacBook Pro i7 2.8GHz 13-inch (Mid 2019),,2 TB,SSD,,,800,2019,Intel Core i7,13.0,,,"8, 16",8.0,2 TB,
CompAsia,Mac,MacBook Pro,MacBook Pro i7 2.8GHz 13-inch (Mid 2019),,512 GB,SSD,,,725,2019,Intel Core i7,13.0,,,"8, 16",8.0,512 GB,
CompAsia,Mac,MacBook Pro,MacBook Pro i7 2.8GHz 15-inch (Mid 2017),,1 TB,SSD,,,775,2017,Intel Core i7,15.0,,,"16, 32",16.0,1 TB,
CompAsia,Mac,MacBook Pro,MacBook Pro i7 2.8GHz 15-inch (Mid 2017),,256 GB,SSD,,,750,2017,Intel Core i7,15.0,,,"16, 32",16.0,256 GB,
CompAsia,Mac,MacBook Pro,MacBook Pro i7 2.8GHz 15-inch (Mid 2017),,2 TB,SSD,,,825,2017,Intel Core i7,15.0,,,"16, 32",16.0,2 TB,
CompAsia,Mac,MacBook Pro,MacBook Pro i7 2.8GHz 15-inch (Mid 2017),,512 GB,SSD,,,750,2017,Intel Core i7,15.0,,,"16, 32",16.0,512 GB,
CompAsia,Mac,MacBook Pro,MacBook Pro i7 2.9GHz 15-inch (Late 2016),,1 TB,SSD,,,700,2016,Intel Core i7,15.0,,,16,16.0,1 TB,
CompAsia,Mac,MacBook Pro,MacBook Pro i7 2.9GHz 15-inch (Late 2016),,256 GB,SSD,,,650,2016,Intel Core i7,15.0,,,16,16.0,256 GB,
CompAsia,Mac,MacBook Pro,MacBook Pro i7 2.9GHz 15-inch (Late 2016),,2 TB,SSD,,,750,2016,Intel Core i7,15.0,,,16,16.0,2 TB,
CompAsia,Mac,MacBook Pro,MacBook Pro i7 2.9GHz 15-inch (Late 2016),,512 GB,SSD,,,675,2016,Intel Core i7,15.0,,,16,16.0,512 GB,
CompAsia,Mac,MacBook Pro,MacBook Pro i7 2.9GHz 15-inch (Mid 2017),,1 TB,SSD,,,775,2017,Intel Core i7,15.0,,,"16, 32",16.0,1 TB,
CompAsia,Mac,MacBook Pro,MacBook Pro i7 2.9GHz 15-inch (Mid 2017),,256 GB,SSD,,,750,2017,Intel Core i7,15.0,,,"16, 32",16.0,256 GB,
CompAsia,Mac,MacBook Pro,MacBook Pro i7 2.9GHz 15-inch (Mid 2017),,2 TB,SSD,,,825,2017,Intel Core i7,15.0,,,"16, 32",16.0,2 TB,
CompAsia,Mac,MacBook Pro,MacBook Pro i7 2.9GHz 15-inch (Mid 2017),,512 GB,SSD,,,750,2017,Intel Core i7,15.0,,,"16, 32",16.0,512 GB,
CompAsia,Mac,MacBook Pro,MacBook Pro i7 3.1GHz 15-inch (Mid 2017),,1 TB,SSD,,,775,2017,Intel Core i7,15.0,,,"16, 32",16.0,1 TB,
CompAsia,Mac,MacBook Pro,MacBook Pro i7 3.1GHz 15-inch (Mid 2017),,256 GB,SSD,,,750,2017,Intel Core i7,15.0,,,"16, 32",16.0,256 GB,
CompAsia,Mac,MacBook Pro,MacBook Pro i7 3.1GHz 15-inch (Mid 2017),,2 TB,SSD,,,825,2017,Intel Core i7,15.0,,,"16, 32",16.0,2 TB,
CompAsia,Mac,MacBook Pro,MacBook Pro i7 3.1GHz 15-inch (Mid 2017),,512 GB,SSD,,,750,2017,Intel Core i7,15.0,,,"16, 32",16.0,512 GB,
CompAsia,Mac,MacBook Pro,MacBook Pro i7 3.3GHz 13-inch (Late 2016),,1 TB,SSD,,,400,2016,Intel Core i7,13.0,,,"8, 16",8.0,1 TB,
CompAsia,Mac,MacBook Pro,MacBook Pro i7 3.3GHz 13-inch (Late 2016),,256 GB,SSD,,,400,2016,Intel Core i7,13.0,,,"8, 16",8.0,256 GB,
CompAsia,Mac,MacBook Pro,MacBook Pro i7 3.3GHz 13-inch (Late 2016),,512 GB,SSD,,,400,2016,Intel Core i7,13.0,,,"8, 16",8.0,512 GB,
CompAsia,Mac,MacBook Pro,MacBook Pro i7 3.5GHz 13-inch (Mid 2017),,1 TB,SSD,,,775,2017,Intel Core i7,13.0,,,"8, 16",8.0,1 TB,
CompAsia,Mac,MacBook Pro,MacBook Pro i7 3.5GHz 13-inch (Mid 2017),,256 GB,SSD,,,675,2017,Intel Core i7,13.0,,,"8, 16",8.0,256 GB,
CompAsia,Mac,MacBook Pro,MacBook Pro i7 3.5GHz 13-inch (Mid 2017),,512 GB,SSD,,,750,2017,Intel Core i7,13.0,,,"8, 16",8.0,512 GB,
CompAsia,Mac,MacBook Pro,MacBook Pro i9 2.3GHz 15-inch (Mid 2019),,1 TB,SSD,,,1250,2019,Intel Core i9,15.0,,,"16, 32",16.0,1 TB,
CompAsia,Mac,MacBook Pro,MacBook Pro i9 2.3GHz 15-inch (Mid 2019),,256 GB,SSD,,,1000,2019,Intel Core i9,15.0,,,"16, 32",16.0,256 GB,
CompAsia,Mac,MacBook Pro,MacBook Pro i9 2.3GHz 15-inch (Mid 2019),,2 TB,SSD,,,1350,2019,Intel Core i9,15.0,,,"16, 32",16.0,2 TB,
CompAsia,Mac,MacBook Pro,MacBook Pro i9 2.3GHz 15-inch (Mid 2019),,4 TB,SSD,,,1475,2019,Intel Core i9,15.0,,,"16, 32",16.0,4 TB,
CompAsia,Mac,MacBook Pro,MacBook Pro i9 2.3GHz 15-inch (Mid 2019),,512 GB,SSD,,,1075,2019,Intel Core i9,15.0,,,"16, 32",16.0,512 GB,
CompAsia,Mac,MacBook Pro,MacBook Pro i9 2.3GHz 16-inch (Late 2019),,1 TB,SSD,,,1250,2019,Intel Core i9,16.0,,,"16, 32, 64",16.0,1 TB,
CompAsia,Mac,MacBook Pro,MacBook Pro i9 2.3GHz 16-inch (Late 2019),,2 TB,SSD,,,1350,2019,Intel Core i9,16.0,,,"16, 32, 64",16.0,2 TB,
CompAsia,Mac,MacBook Pro,MacBook Pro i9 2.3GHz 16-inch (Late 2019),,4 TB,SSD,,,1475,2019,Intel Core i9,16.0,,,"16, 32, 64",16.0,4 TB,
CompAsia,Mac,MacBook Pro,MacBook Pro i9 2.3GHz 16-inch (Late 2019),,8 TB,SSD,,,1500,2019,Intel Core i9,16.0,,,"16, 32, 64",16.0,8 TB,
CompAsia,Mac,MacBook Pro,MacBook Pro i9 2.4GHz 15-inch (Mid 2019),,1 TB,SSD,,,1250,2019,Intel Core i9,15.0,,,"16, 32",16.0,1 TB,
CompAsia,Mac,MacBook Pro,MacBook Pro i9 2.4GHz 15-inch (Mid 2019),,256 GB,SSD,,,1000,2019,Intel Core i9,15.0,,,"16, 32",16.0,256 GB,
CompAsia,Mac,MacBook Pro,MacBook Pro i9 2.4GHz 15-inch (Mid 2019),,2 TB,SSD,,,1350,2019,Intel Core i9,15.0,,,"16, 32",16.0,2 TB,
CompAsia,Mac,MacBook Pro,MacBook Pro i9 2.4GHz 15-inch (Mid 2019),,4 TB,SSD,,,1475,2019,Intel Core i9,15.0,,,"16, 32",16.0,4 TB,
CompAsia,Mac,MacBook Pro,MacBook Pro i9 2.4GHz 15-inch (Mid 2019),,512 GB,SSD,,,1150,2019,Intel Core i9,15.0,,,"16, 32",16.0,512 GB,
CompAsia,Mac,MacBook Pro,MacBook Pro i9 2.4GHz 16-inch (Late 2019),,1 TB,SSD,,,1375,2019,Intel Core i9,16.0,,,"16, 32, 64",16.0,1 TB,
CompAsia,Mac,MacBook Pro,MacBook Pro i9 2.4GHz 16-inch (Late 2019),,2 TB,SSD,,,1450,2019,Intel Core i9,16.0,,,"16, 32, 64",16.0,2 TB,
CompAsia,Mac,MacBook Pro,MacBook Pro i9 2.4GHz 16-inch (Late 2019),,4 TB,SSD,,,1575,2019,Intel Core i9,16.0,,,"16, 32, 64",16.0,4 TB,
CompAsia,Mac,MacBook Pro,MacBook Pro i9 2.4GHz 16-inch (Late 2019),,512 GB,SSD,,,1150,2019,Intel Core i9,16.0,,,"16, 32, 64",16.0,512 GB,
CompAsia,Mac,MacBook Pro,MacBook Pro i9 2.4GHz 16-inch (Late 2019),,8 TB,SSD,,,1700,2019,Intel Core i9,16.0,,,"16, 32, 64",16.0,8 TB,
CompAsia,Mac,MacBook Pro,MacBook Pro i9 2.9GHz 15-inch (Mid 2018),,1 TB,SSD,,,975,2018,Intel Core i9,15.0,,,"16, 32",16.0,1 TB,
CompAsia,Mac,MacBook Pro,MacBook Pro i9 2.9GHz 15-inch (Mid 2018),,256 GB,SSD,,,850,2018,Intel Core i9,15.0,,,"16, 32",16.0,256 GB,
CompAsia,Mac,MacBook Pro,MacBook Pro i9 2.9GHz 15-inch (Mid 2018),,2 TB,SSD,,,1075,2018,Intel Core i9,15.0,,,"16, 32",16.0,2 TB,
CompAsia,Mac,MacBook Pro,MacBook Pro i9 2.9GHz 15-inch (Mid 2018),,4 TB,SSD,,,1150,2018,Intel Core i9,15.0,,,"16, 32",16.0,4 TB,
CompAsia,Mac,MacBook Pro,MacBook Pro i9 2.9GHz 15-inch (Mid 2018),,512 GB,SSD,,,900,2018,Intel Core i9,15.0,,,"16, 32",16.0,512 GB,
CompAsia,Mac,MacBook Pro,MacBook Pro M1 8-Core CPU & 8-Core GPU 13-inch (Late 2020),,1 TB,SSD,,,1000,2020,M1,13.0,,,"8, 16",8.0,1 TB,M1
CompAsia,Mac,MacBook Pro,MacBook Pro M1 8-Core CPU & 8-Core GPU 13-inch (Late 2020),,256 GB,SSD,,,875,2020,M1,13.0,,,"8, 16",8.0,256 GB,M1
CompAsia,Mac,MacBook Pro,MacBook Pro M1 8-Core CPU & 8-Core GPU 13-inch (Late 2020),,2 TB,SSD,,,1125,2020,M1,13.0,,,"8, 16",8.0,2 TB,M1
CompAsia,Mac,MacBook Pro,MacBook Pro M1 8-Core CPU & 8-Core GPU 13-inch (Late 2020),,512 GB,SSD,,,925,2020,M1,13.0,,,"8, 16",8.0,512 GB,M1
CompAsia,Mac,MacBook Pro,MacBook Pro M2 8-Core CPU & 10-Core GPU 13-inch (Mid 2022),,1 TB,SSD,,,1875,2022,M2,13.0,,,"8, 16, 24",8.0,1 TB,M2
CompAsia,Mac,MacBook Pro,MacBook Pro M2 8-Core CPU & 10-Core GPU 13-inch (Mid 2022),,256 GB,SSD,,,1375,2022,M2,13.0,,,"8, 16, 24",8.0,256 GB,M2
CompAsia,Mac,MacBook Pro,MacBook Pro M2 8-Core CPU & 10-Core GPU 13-inch (Mid 2022),,2 TB,SSD,,,2225,2022,M2,13.0,,,"8, 16, 24",8.0,2 TB,M2
CompAsia,Mac,MacBook Pro,MacBook Pro M2 8-Core CPU & 10-Core GPU 13-inch (Mid 2022),,512 GB,SSD,,,1675,2022,M2,13.0,,,"8, 16, 24",8.0,512 GB,M2
CompAsia,Mac,MacBook Pro,MacBook Pro M2 Max 12-Core CPU & 30-Core GPU 14-inch (Early 2023),,1 TB,SSD,,,3025,2023,M2 Max,14.0,,,"32, 64",32.0,1 TB,M2
CompAsia,Mac,MacBook Pro,MacBook Pro M2 Max 12-Core CPU & 30-Core GPU 14-inch (Early 2023),,2 TB,SSD,,,3800,2023,M2 Max,14.0,,,"32, 64",32.0,2 TB,M2
CompAsia,Mac,MacBook Pro,MacBook Pro M2 Max 12-Core CPU & 30-Core GPU 14-inch (Early 2023),,4 TB,SSD,,,4575,2023,M2 Max,14.0,,,"32, 64",32.0,4 TB,M2
CompAsia,Mac,MacBook Pro,MacBook Pro M2 Max 12-Core CPU & 30-Core GPU 14-inch (Early 2023),,512 GB,SSD,,,3000,2023,M2 Max,14.0,,,"32, 64",32.0,512 GB,M2
CompAsia,Mac,MacBook Pro,MacBook Pro M2 Max 12-Core CPU & 30-Core GPU 14-inch (Early 2023),,8 TB,SSD,,,5775,2023,M2 Max,14.0,,,"32, 64",32.0,8 TB,M2
CompAsia,Mac,MacBook Pro,MacBook Pro M2 Max 12-Core CPU & 30-Core GPU 16-inch (Early 2023),,1 TB,SSD,,,3825,2023,M2 Max,16.0,,,"32, 64",32.0,1 TB,M2
CompAsia,Mac,MacBook Pro,MacBook Pro M2 Max 12-Core CPU & 30-Core GPU 16-inch (Early 2023),,2 TB,SSD,,,4125,2023,M2 Max,16.0,,,"32, 64",32.0,2 TB,M2
CompAsia,Mac,MacBook Pro,MacBook Pro M2 Max 12-Core CPU & 30-Core GPU 16-inch (Early 2023),,4 TB,SSD,,,4725,2023,M2 Max,16.0,,,"32, 64",32.0,4 TB,M2
CompAsia,Mac,MacBook Pro,MacBook Pro M2 Max 12-Core CPU & 30-Core GPU 16-inch (Early 2023),,512 GB,SSD,,,3600,2023,M2 Max,16.0,,,"32, 64",32.0,512 GB,M2
CompAsia,Mac,MacBook Pro,MacBook Pro M2 Max 12-Core CPU & 30-Core GPU 16-inch (Early 2023),,8 TB,SSD,,,5950,2023,M2 Max,16.0,,,"32, 64",32.0,8 TB,M2
CompAsia,Mac,MacBook Pro,MacBook Pro M2 Max 12-Core CPU & 38-Core GPU 14-inch (Early 2023),,1 TB,SSD,,,3725,2023,M2 Max,14.0,,,"32, 64, 96",32.0,1 TB,M2
CompAsia,Mac,MacBook Pro,MacBook Pro M2 Max 12-Core CPU & 38-Core GPU 14-inch (Early 2023),,2 TB,SSD,,,4125,2023,M2 Max,14.0,,,"32, 64, 96",32.0,2 TB,M2
CompAsia,Mac,MacBook Pro,MacBook Pro M2 Max 12-Core CPU & 38-Core GPU 14-inch (Early 2023),,4 TB,SSD,,,4775,2023,M2 Max,14.0,,,"32, 64, 96",32.0,4 TB,M2
CompAsia,Mac,MacBook Pro,MacBook Pro M2 Max 12-Core CPU & 38-Core GPU 14-inch (Early 2023),,512 GB,SSD,,,3475,2023,M2 Max,14.0,,,"32, 64, 96",32.0,512 GB,M2
CompAsia,Mac,MacBook Pro,MacBook Pro M2 Max 12-Core CPU & 38-Core GPU 14-inch (Early 2023),,8 TB,SSD,,,5825,2023,M2 Max,14.0,,,"32, 64, 96",32.0,8 TB,M2
CompAsia,Mac,MacBook Pro,MacBook Pro M2 Max 12-Core CPU & 38-Core GPU 16-inch (Early 2023),,1 TB,SSD,,,4000,2023,M2 Max,16.0,,,"32, 64, 96",32.0,1 TB,M2
CompAsia,Mac,MacBook Pro,MacBook Pro M2 Max 12-Core CPU & 38-Core GPU 16-inch (Early 2023),,2 TB,SSD,,,4500,2023,M2 Max,16.0,,,"32, 64, 96",32.0,2 TB,M2
CompAsia,Mac,MacBook Pro,MacBook Pro M2 Max 12-Core CPU & 38-Core GPU 16-inch (Early 2023),,4 TB,SSD,,,4950,2023,M2 Max,16.0,,,"32, 64, 96",32.0,4 TB,M2
CompAsia,Mac,MacBook Pro,MacBook Pro M2 Max 12-Core CPU & 38-Core GPU 16-inch (Early 2023),,512 GB,SSD,,,3925,2023,M2 Max,16.0,,,"32, 64, 96",32.0,512 GB,M2
CompAsia,Mac,MacBook Pro,MacBook Pro M2 Max 12-Core CPU & 38-Core GPU 16-inch (Early 2023),,8 TB,SSD,,,5975,2023,M2 Max,16.0,,,"32, 64, 96",32.0,8 TB,M2
CompAsia,Mac,MacBook Pro,MacBook Pro M2 Pro 10-Core CPU & 16-Core GPU 14-inch (Early 2023),,1 TB,SSD,,,2625,2023,M2 Pro,14.0,,,"16, 32",16.0,1 TB,M2
CompAsia,Mac,MacBook Pro,MacBook Pro M2 Pro 10-Core CPU & 16-Core GPU 14-inch (Early 2023),,2 TB,SSD,,,3075,2023,M2 Pro,14.0,,,"16, 32",16.0,2 TB,M2
CompAsia,Mac,MacBook Pro,MacBook Pro M2 Pro 10-Core CPU & 16-Core GPU 14-inch (Early 2023),,4 TB,SSD,,,3575,2023,M2 Pro,14.0,,,"16, 32",16.0,4 TB,M2
CompAsia,Mac,MacBook Pro,MacBook Pro M2 Pro 10-Core CPU & 16-Core GPU 14-inch (Early 2023),,512 GB,SSD,,,2450,2023,M2 Pro,14.0,,,"16, 32",16.0,512 GB,M2
CompAsia,Mac,MacBook Pro,MacBook Pro M2 Pro 10-Core CPU & 16-Core GPU 14-inch (Early 2023),,8 TB,SSD,,,4050,2023,M2 Pro,14.0,,,"16, 32",16.0,8 TB,M2
CompAsia,Mac,MacBook Pro,MacBook Pro M2 Pro 12-Core CPU & 19-Core GPU 14-inch (Early 2023),,1 TB,SSD,,,2625,2023,M2 Pro,14.0,,,"16, 32",16.0,1 TB,M2
CompAsia,Mac,MacBook Pro,MacBook Pro M2 Pro 12-Core CPU & 19-Core GPU 14-inch (Early 2023),,2 TB,SSD,,,3275,2023,M2 Pro,14.0,,,"16, 32",16.0,2 TB,M2
CompAsia,Mac,MacBook Pro,MacBook Pro M2 Pro 12-Core CPU & 19-Core GPU 14-inch (Early 2023),,4 TB,SSD,,,3800,2023,M2 Pro,14.0,,,"16, 32",16.0,4 TB,M2
CompAsia,Mac,MacBook Pro,MacBook Pro M2 Pro 12-Core CPU & 19-Core GPU 14-inch (Early 2023),,512 GB,SSD,,,2500,2023,M2 Pro,14.0,,,"16, 32",16.0,512 GB,M2
CompAsia,Mac,MacBook Pro,MacBook Pro M2 Pro 12-Core CPU & 19-Core GPU 14-inch (Early 2023),,8 TB,SSD,,,4625,2023,M2 Pro,14.0,,,"16, 32",16.0,8 TB,M2
CompAsia,Mac,MacBook Pro,MacBook Pro M2 Pro 12-Core CPU & 19-Core GPU 16-inch (Early 2023),,1 TB,SSD,,,3125,2023,M2 Pro,16.0,,,"16, 32",16.0,1 TB,M2
CompAsia,Mac,MacBook Pro,MacBook Pro M2 Pro 12-Core CPU & 19-Core GPU 16-inch (Early 2023),,2 TB,SSD,,,3500,2023,M2 Pro,16.0,,,"16, 32",16.0,2 TB,M2
CompAsia,Mac,MacBook Pro,MacBook Pro M2 Pro 12-Core CPU & 19-Core GPU 16-inch (Early 2023),,4 TB,SSD,,,4300,2023,M2 Pro,16.0,,,"16, 32",16.0,4 TB,M2
CompAsia,Mac,MacBook Pro,MacBook Pro M2 Pro 12-Core CPU & 19-Core GPU 16-inch (Early 2023),,512 GB,SSD,,,2925,2023,M2 Pro,16.0,,,"16, 32",16.0,512 GB,M2
CompAsia,Mac,MacBook Pro,MacBook Pro M2 Pro 12-Core CPU & 19-Core GPU 16-inch (Early 2023),,8 TB,SSD,,,5250,2023,M2 Pro,16.0,,,"16, 32",16.0,8 TB,M2
CompAsia,Mac,MacBook Pro,MacBook Pro M3 8-Core CPU & 10-Core GPU 14-inch (Late 2023),,1 TB,SSD,,,2800,2023,M3,14.0,,,"8, 16, 24",8.0,1 TB,M3
CompAsia,Mac,MacBook Pro,MacBook Pro M3 8-Core CPU & 10-Core GPU 14-inch (Late 2023),,2 TB,SSD,,,3375,2023,M3,14.0,,,"8, 16, 24",8.0,2 TB,M3
CompAsia,Mac,MacBook Pro,MacBook Pro M3 8-Core CPU & 10-Core GPU 14-inch (Late 2023),,512 GB,SSD,,,2525,2023,M3,14.0,,,"8, 16, 24",8.0,512 GB,M3
CompAsia,Mac,MacBook Pro,MacBook Pro M3 Max 14-Core CPU & 30-Core GPU 14-inch (Late 2023),,1 TB,SSD,,,4800,2023,M3 Max,14.0,,,"36, 96",36.0,1 TB,M3
CompAsia,Mac,MacBook Pro,MacBook Pro M3 Max 14-Core CPU & 30-Core GPU 14-inch (Late 2023),,2 TB,SSD,,,5225,2023,M3 Max,14.0,,,"36, 96",36.0,2 TB,M3
CompAsia,Mac,MacBook Pro,MacBook Pro M3 Max 14-Core CPU & 30-Core GPU 14-inch (Late 2023),,4 TB,SSD,,,6200,2023,M3 Max,14.0,,,"36, 96",36.0,4 TB,M3
CompAsia,Mac,MacBook Pro,MacBook Pro M3 Max 14-Core CPU & 30-Core GPU 14-inch (Late 2023),,512 GB,SSD,,,4600,2023,M3 Max,14.0,,,"36, 96",36.0,512 GB,M3
CompAsia,Mac,MacBook Pro,MacBook Pro M3 Max 14-Core CPU & 30-Core GPU 14-inch (Late 2023),,8 TB,SSD,,,7400,2023,M3 Max,14.0,,,"36, 96",36.0,8 TB,M3
CompAsia,Mac,MacBook Pro,MacBook Pro M3 Max 14-Core CPU & 30-Core GPU 16-inch (Late 2023),,1 TB,SSD,,,5650,2023,M3 Max,16.0,,,"36, 96",36.0,1 TB,M3
CompAsia,Mac,MacBook Pro,MacBook Pro M3 Max 14-Core CPU & 30-Core GPU 16-inch (Late 2023),,2 TB,SSD,,,6125,2023,M3 Max,16.0,,,"36, 96",36.0,2 TB,M3
CompAsia,Mac,MacBook Pro,MacBook Pro M3 Max 14-Core CPU & 30-Core GPU 16-inch (Late 2023),,4 TB,SSD,,,7000,2023,M3 Max,16.0,,,"36, 96",36.0,4 TB,M3
CompAsia,Mac,MacBook Pro,MacBook Pro M3 Max 14-Core CPU & 30-Core GPU 16-inch (Late 2023),,512 GB,SSD,,,5200,2023,M3 Max,16.0,,,"36, 96",36.0,512 GB,M3
CompAsia,Mac,MacBook Pro,MacBook Pro M3 Max 14-Core CPU & 30-Core GPU 16-inch (Late 2023),,8 TB,SSD,,,8700,2023,M3 Max,16.0,,,"36, 96",36.0,8 TB,M3
CompAsia,Mac,MacBook Pro,MacBook Pro M3 Max 16-Core CPU & 40-Core GPU 14-inch (Late 2023),,1 TB,SSD,,,5400,2023,M3 Max,14.0,,,"48, 64, 128",48.0,1 TB,M3
CompAsia,Mac,MacBook Pro,MacBook Pro M3 Max 16-Core CPU & 40-Core GPU 14-inch (Late 2023),,2 TB,SSD,,,6075,2023,M3 Max,14.0,,,"48, 64, 128",48.0,2 TB,M3
CompAsia,Mac,MacBook Pro,MacBook Pro M3 Max 16-Core CPU & 40-Core GPU 14-inch (Late 2023),,4 TB,SSD,,,6900,2023,M3 Max,14.0,,,"48, 64, 128",48.0,4 TB,M3
CompAsia,Mac,MacBook Pro,MacBook Pro M3 Max 16-Core CPU & 40-Core GPU 14-inch (Late 2023),,512 GB,SSD,,,5225,2023,M3 Max,14.0,,,"48, 64, 128",48.0,512 GB,M3
CompAsia,Mac,MacBook Pro,MacBook Pro M3 Max 16-Core CPU & 40-Core GPU 14-inch (Late 2023),,8 TB,SSD,,,8450,2023,M3 Max,14.0,,,"48, 64, 128",48.0,8 TB,M3
CompAsia,Mac,MacBook Pro,MacBook Pro M3 Max 16-Core CPU & 40-Core GPU 16-inch (Late 2023),,1 TB,SSD,,,6425,2023,M3 Max,16.0,,,"48, 64, 128",48.0,1 TB,M3
CompAsia,Mac,MacBook Pro,MacBook Pro M3 Max 16-Core CPU & 40-Core GPU 16-inch (Late 2023),,2 TB,SSD,,,7000,2023,M3 Max,16.0,,,"48, 64, 128",48.0,2 TB,M3
CompAsia,Mac,MacBook Pro,MacBook Pro M3 Max 16-Core CPU & 40-Core GPU 16-inch (Late 2023),,4 TB,SSD,,,7775,2023,M3 Max,16.0,,,"48, 64, 128",48.0,4 TB,M3
CompAsia,Mac,MacBook Pro,MacBook Pro M3 Max 16-Core CPU & 40-Core GPU 16-inch (Late 2023),,512 GB,SSD,,,5975,2023,M3 Max,16.0,,,"48, 64, 128",48.0,512 GB,M3
CompAsia,Mac,MacBook Pro,MacBook Pro M3 Max 16-Core CPU & 40-Core GPU 16-inch (Late 2023),,8 TB,SSD,,,9550,2023,M3 Max,16.0,,,"48, 64, 128",48.0,8 TB,M3
CompAsia,Mac,MacBook Pro,MacBook Pro M3 Pro 11-Core CPU & 14-Core GPU 14-inch (Late 2023),,1 TB,SSD,,,3300,2023,M3 Pro,14.0,,,"18, 36",18.0,1 TB,M3
CompAsia,Mac,MacBook Pro,MacBook Pro M3 Pro 11-Core CPU & 14-Core GPU 14-inch (Late 2023),,2 TB,SSD,,,4075,2023,M3 Pro,14.0,,,"18, 36",18.0,2 TB,M3
CompAsia,Mac,MacBook Pro,MacBook Pro M3 Pro 11-Core CPU & 14-Core GPU 14-inch (Late 2023),,4 TB,SSD,,,4725,2023,M3 Pro,14.0,,,"18, 36",18.0,4 TB,M3
CompAsia,Mac,MacBook Pro,MacBook Pro M3 Pro 11-Core CPU & 14-Core GPU 14-inch (Late 2023),,512 GB,SSD,,,3000,2023,M3 Pro,14.0,,,"18, 36",18.0,512 GB,M3
CompAsia,Mac,MacBook Pro,MacBook Pro M3 Pro 12-Core CPU & 18-Core GPU 14-inch (Late 2023),,1 TB,SSD,,,3700,2023,M3 Pro,14.0,,,"18, 36",18.0,1 TB,M3
CompAsia,Mac,MacBook Pro,MacBook Pro M3 Pro 12-Core CPU & 18-Core GPU 14-inch (Late 2023),,2 TB,SSD,,,4100,2023,M3 Pro,14.0,,,"18, 36",18.0,2 TB,M3
CompAsia,Mac,MacBook Pro,MacBook Pro M3 Pro 12-Core CPU & 18-Core GPU 14-inch (Late 2023),,4 TB,SSD,,,4725,2023,M3 Pro,14.0,,,"18, 36",18.0,4 TB,M3
CompAsia,Mac,MacBook Pro,MacBook Pro M3 Pro 12-Core CPU & 18-Core GPU 14-inch (Late 2023),,512 GB,SSD,,,3400,2023,M3 Pro,14.0,,,"18, 36",18.0,512 GB,M3
CompAsia,Mac,MacBook Pro,MacBook Pro M3 Pro 12-Core CPU & 18-Core GPU 16-inch (Late 2023),,1 TB,SSD,,,4350,2023,M3 Pro,16.0,,,"18, 36",18.0,1 TB,M3
CompAsia,Mac,MacBook Pro,MacBook Pro M3 Pro 12-Core CPU & 18-Core GPU 16-inch (Late 2023),,2 TB,SSD,,,5100,2023,M3 Pro,16.0,,,"18, 36",18.0,2 TB,M3
CompAsia,Mac,MacBook Pro,MacBook Pro M3 Pro 12-Core CPU & 18-Core GPU 16-inch (Late 2023),,4 TB,SSD,,,5875,2023,M3 Pro,16.0,,,"18, 36",18.0,4 TB,M3
CompAsia,Mac,MacBook Pro,MacBook Pro M3 Pro 12-Core CPU & 18-Core GPU 16-inch (Late 2023),,512 GB,SSD,,,3900,2023,M3 Pro,16.0,,,"18, 36",18.0,512 GB,M3
CompAsia,Mac,MacBook Pro,MacBook Pro M4 10-Core CPU & 10-Core GPU 14-inch (Late 2024),,1 TB,SSD,,,3300,2024,M4,14.0,,,"16, 24, 32",16.0,1 TB,M4
CompAsia,Mac,MacBook Pro,MacBook Pro M4 10-Core CPU & 10-Core GPU 14-inch (Late 2024),,2 TB,SSD,,,4100,2024,M4,14.0,,,"16, 24, 32",16.0,2 TB,M4
CompAsia,Mac,MacBook Pro,MacBook Pro M4 10-Core CPU & 10-Core GPU 14-inch (Late 2024),,512 GB,SSD,,,2925,2024,M4,14.0,,,"16, 24, 32",16.0,512 GB,M4
CompAsia,Mac,MacBook Pro,MacBook Pro M4 Max 14-Core CPU & 32-Core GPU 14-inch (Late 2024),,1 TB,SSD,,,5750,2024,M4 Max,14.0,,,"36, 48, 64, 128",36.0,1 TB,M4
CompAsia,Mac,MacBook Pro,MacBook Pro M4 Max 14-Core CPU & 32-Core GPU 14-inch (Late 2024),,2 TB,SSD,,,6375,2024,M4 Max,14.0,,,"36, 48, 64, 128",36.0,2 TB,M4
CompAsia,Mac,MacBook Pro,MacBook Pro M4 Max 14-Core CPU & 32-Core GPU 14-inch (Late 2024),,4 TB,SSD,,,7425,2024,M4 Max,14.0,,,"36, 48, 64, 128",36.0,4 TB,M4
CompAsia,Mac,MacBook Pro,MacBook Pro M4 Max 14-Core CPU & 32-Core GPU 14-inch (Late 2024),,8 TB,SSD,,,8600,2024,M4 Max,14.0,,,"36, 48, 64, 128",36.0,8 TB,M4
CompAsia,Mac,MacBook Pro,MacBook Pro M4 Max 14-Core CPU & 32-Core GPU 16-inch (Late 2024),,1 TB,SSD,,,6100,2024,M4 Max,16.0,,,"36, 48, 64, 128",36.0,1 TB,M4
CompAsia,Mac,MacBook Pro,MacBook Pro M4 Max 14-Core CPU & 32-Core GPU 16-inch (Late 2024),,2 TB,SSD,,,6775,2024,M4 Max,16.0,,,"36, 48, 64, 128",36.0,2 TB,M4
CompAsia,Mac,MacBook Pro,MacBook Pro M4 Max 14-Core CPU & 32-Core GPU 16-inch (Late 2024),,4 TB,SSD,,,7775,2024,M4 Max,16.0,,,"36, 48, 64, 128",36.0,4 TB,M4
CompAsia,Mac,MacBook Pro,MacBook Pro M4 Max 14-Core CPU & 32-Core GPU 16-inch (Late 2024),,8 TB,SSD,,,8875,2024,M4 Max,16.0,,,"36, 48, 64, 128",36.0,8 TB,M4
CompAsia,Mac,MacBook Pro,MacBook Pro M4 Max 16-Core CPU & 40-Core GPU 14-inch (Late 2024),,1 TB,SSD,,,6550,2024,M4 Max,14.0,,,"36, 48, 64, 128",36.0,1 TB,M4
CompAsia,Mac,MacBook Pro,MacBook Pro M4 Max 16-Core CPU & 40-Core GPU 14-inch (Late 2024),,2 TB,SSD,,,7125,2024,M4 Max,14.0,,,"36, 48, 64, 128",36.0,2 TB,M4
CompAsia,Mac,MacBook Pro,MacBook Pro M4 Max 16-Core CPU & 40-Core GPU 14-inch (Late 2024),,4 TB,SSD,,,8125,2024,M4 Max,14.0,,,"36, 48, 64, 128",36.0,4 TB,M4
CompAsia,Mac,MacBook Pro,MacBook Pro M4 Max 16-Core CPU & 40-Core GPU 14-inch (Late 2024),,8 TB,SSD,,,9200,2024,M4 Max,14.0,,,"36, 48, 64, 128",36.0,8 TB,M4
CompAsia,Mac,MacBook Pro,MacBook Pro M4 Max 16-Core CPU & 40-Core GPU 16-inch (Late 2024),,1 TB,SSD,,,6750,2024,M4 Max,16.0,,,"36, 48, 64, 128",36.0,1 TB,M4
CompAsia,Mac,MacBook Pro,MacBook Pro M4 Max 16-Core CPU & 40-Core GPU 16-inch (Late 2024),,2 TB,SSD,,,7375,2024,M4 Max,16.0,,,"36, 48, 64, 128",36.0,2 TB,M4
CompAsia,Mac,MacBook Pro,MacBook Pro M4 Max 16-Core CPU & 40-Core GPU 16-inch (Late 2024),,4 TB,SSD,,,8650,2024,M4 Max,16.0,,,"36, 48, 64, 128",36.0,4 TB,M4
CompAsia,Mac,MacBook Pro,MacBook Pro M4 Max 16-Core CPU & 40-Core GPU 16-inch (Late 2024),,8 TB,SSD,,,9900,2024,M4 Max,16.0,,,"36, 48, 64, 128",36.0,8 TB,M4
CompAsia,Mac,MacBook Pro,MacBook Pro M4 Pro 12-Core CPU & 16-Core GPU 14-inch (Late 2024),,1 TB,SSD,,,3900,2024,M4 Pro,14.0,,,"24, 48, 64",24.0,1 TB,M4
CompAsia,Mac,MacBook Pro,MacBook Pro M4 Pro 12-Core CPU & 16-Core GPU 14-inch (Late 2024),,2 TB,SSD,,,4575,2024,M4 Pro,14.0,,,"24, 48, 64",24.0,2 TB,M4
CompAsia,Mac,MacBook Pro,MacBook Pro M4 Pro 12-Core CPU & 16-Core GPU 14-inch (Late 2024),,4 TB,SSD,,,5075,2024,M4 Pro,14.0,,,"24, 48, 64",24.0,4 TB,M4
CompAsia,Mac,MacBook Pro,MacBook Pro M4 Pro 12-Core CPU & 16-Core GPU 14-inch (Late 2024),,512 GB,SSD,,,3475,2024,M4 Pro,14.0,,,"24, 48, 64",24.0,512 GB,M4
CompAsia,Mac,MacBook Pro,MacBook Pro M4 Pro 14-Core CPU & 20-Core GPU 14-inch (Late 2024),,1 TB,SSD,,,4275,2024,M4 Pro,14.0,,,"24, 48, 64",24.0,1 TB,M4
CompAsia,Mac,MacBook Pro,MacBook Pro M4 Pro 14-Core CPU & 20-Core GPU 14-inch (Late 2024),,2 TB,SSD,,,4925,2024,M4 Pro,14.0,,,"24, 48, 64",24.0,2 TB,M4
CompAsia,Mac,MacBook Pro,MacBook Pro M4 Pro 14-Core CPU & 20-Core GPU 14-inch (Late 2024),,4 TB,SSD,,,5800,2024,M4 Pro,14.0,,,"24, 48, 64",24.0,4 TB,M4
CompAsia,Mac,MacBook Pro,MacBook Pro M4 Pro 14-Core CPU & 20-Core GPU 14-inch (Late 2024),,512 GB,SSD,,,4150,2024,M4 Pro,14.0,,,"24, 48, 64",24.0,512 GB,M4
CompAsia,Mac,MacBook Pro,MacBook Pro M4 Pro 14-Core CPU & 20-Core GPU 16-inch (Late 2024),,1 TB,SSD,,,4725,2024,M4 Pro,16.0,,,"24, 48, 64",24.0,1 TB,M4
CompAsia,Mac,MacBook Pro,MacBook Pro M4 Pro 14-Core CPU & 20-Core GPU 16-inch (Late 2024),,2 TB,SSD,,,5400,2024,M4 Pro,16.0,,,"24, 48, 64",24.0,2 TB,M4
CompAsia,Mac,MacBook Pro,MacBook Pro M4 Pro 14-Core CPU & 20-Core GPU 16-inch (Late 2024),,4 TB,SSD,,,5975,2024,M4 Pro,16.0,,,"24, 48, 64",24.0,4 TB,M4
CompAsia,Mac,MacBook Pro,MacBook Pro M4 Pro 14-Core CPU & 20-Core GPU 16-inch (Late 2024),,512 GB,SSD,,,4375,2024,M4 Pro,16.0,,,"24, 48, 64",24.0,512 GB,M4
CompAsia,Mac,MacBook Pro,MacBook Pro M5 10-Core CPU & 10-Core GPU 14-inch (Late 2025),,1 TB,SSD,,,4425,2025,M5,14.0,,,"16, 24, 32",16.0,1 TB,M5
CompAsia,Mac,MacBook Pro,MacBook Pro M5 10-Core CPU & 10-Core GPU 14-inch (Late 2025),,2 TB,SSD,,,5400,2025,M5,14.0,,,"16, 24, 32",16.0,2 TB,M5
CompAsia,Mac,MacBook Pro,MacBook Pro M5 10-Core CPU & 10-Core GPU 14-inch (Late 2025),,4 TB,SSD,,,6350,2025,M5,14.0,,,"16, 24, 32",16.0,4 TB,M5
CompAsia,Mac,MacBook Pro,MacBook Pro M5 10-Core CPU & 10-Core GPU 14-inch (Late 2025),,512 GB,SSD,,,3950,2025,M5,14.0,,,"16, 24, 32",16.0,512 GB,M5
CompAsia,Mac,Mac mini,Mac Mini i3 3.6GHz (Early 2020),,1 TB,SSD,,,340,2020,Intel Core i3,,,,"8, 16, 32, 64",8.0,1 TB,
CompAsia,Mac,Mac mini,Mac Mini i3 3.6GHz (Early 2020),,256 GB,SSD,,,200,2020,Intel Core i3,,,,"8, 16, 32, 64",8.0,256 GB,
CompAsia,Mac,Mac mini,Mac Mini i3 3.6GHz (Early 2020),,2 TB,SSD,,,365,2020,Intel Core i3,,,,"8, 16, 32, 64",8.0,2 TB,
CompAsia,Mac,Mac mini,Mac Mini i3 3.6GHz (Early 2020),,512 GB,SSD,,,275,2020,Intel Core i3,,,,"8, 16, 32, 64",8.0,512 GB,
CompAsia,Mac,Mac mini,Mac Mini i3 3.6GHz (Late 2018),,128 GB,SSD,,,175,2018,Intel Core i3,,,,"8, 16, 32, 64",8.0,128 GB,
CompAsia,Mac,Mac mini,Mac Mini i3 3.6GHz (Late 2018),,1 TB,SSD,,,350,2018,Intel Core i3,,,,"8, 16, 32, 64",8.0,1 TB,
CompAsia,Mac,Mac mini,Mac Mini i3 3.6GHz (Late 2018),,256 GB,SSD,,,200,2018,Intel Core i3,,,,"8, 16, 32, 64",8.0,256 GB,
CompAsia,Mac,Mac mini,Mac Mini i3 3.6GHz (Late 2018),,2 TB,SSD,,,375,2018,Intel Core i3,,,,"8, 16, 32, 64",8.0,2 TB,
CompAsia,Mac,Mac mini,Mac Mini i3 3.6GHz (Late 2018),,512 GB,SSD,,,275,2018,Intel Core i3,,,,"8, 16, 32, 64",8.0,512 GB,
CompAsia,Mac,Mac mini,Mac Mini i5 3.0GHz (Early 2020),,1 TB,SSD,,,365,2020,Intel Core i5,,,,"8, 16, 32, 64",8.0,1 TB,
CompAsia,Mac,Mac mini,Mac Mini i5 3.0GHz (Early 2020),,2 TB,SSD,,,415,2020,Intel Core i5,,,,"8, 16, 32, 64",8.0,2 TB,
CompAsia,Mac,Mac mini,Mac Mini i5 3.0GHz (Early 2020),,512 GB,SSD,,,340,2020,Intel Core i5,,,,"8, 16, 32, 64",8.0,512 GB,
CompAsia,Mac,Mac mini,Mac Mini i5 3.0GHz (Late 2018),,128 GB,SSD,,,200,2018,Intel Core i5,,,,"8, 16, 32, 64",8.0,128 GB,
CompAsia,Mac,Mac mini,Mac Mini i5 3.0GHz (Late 2018),,1 TB,SSD,,,375,2018,Intel Core i5,,,,"8, 16, 32, 64",8.0,1 TB,
CompAsia,Mac,Mac mini,Mac Mini i5 3.0GHz (Late 2018),,256 GB,SSD,,,300,2018,Intel Core i5,,,,"8, 16, 32, 64",8.0,256 GB,
CompAsia,Mac,Mac mini,Mac Mini i5 3.0GHz (Late 2018),,2 TB,SSD,,,425,2018,Intel Core i5,,,,"8, 16, 32, 64",8.0,2 TB,
CompAsia,Mac,Mac mini,Mac Mini i5 3.0GHz (Late 2018),,512 GB,SSD,,,350,2018,Intel Core i5,,,,"8, 16, 32, 64",8.0,512 GB,
CompAsia,Mac,Mac mini,Mac Mini i7 3.2GHz (Early 2020),,1 TB,SSD,,,365,2020,Intel Core i7,,,,"8, 16, 32, 64",8.0,1 TB,
CompAsia,Mac,Mac mini,Mac Mini i7 3.2GHz (Early 2020),,256 GB,SSD,,,340,2020,Intel Core i7,,,,"8, 16, 32, 64",8.0,256 GB,
CompAsia,Mac,Mac mini,Mac Mini i7 3.2GHz (Early 2020),,2 TB,SSD,,,475,2020,Intel Core i7,,,,"8, 16, 32, 64",8.0,2 TB,
CompAsia,Mac,Mac mini,Mac Mini i7 3.2GHz (Early 2020),,512 GB,SSD,,,340,2020,Intel Core i7,,,,"8, 16, 32, 64",8.0,512 GB,
CompAsia,Mac,Mac mini,Mac Mini i7 3.2GHz (Late 2018),,128 GB,SSD,,,300,2018,Intel Core i7,,,,"8, 16, 32, 64",8.0,128 GB,
CompAsia,Mac,Mac mini,Mac Mini i7 3.2GHz (Late 2018),,1 TB,SSD,,,375,2018,Intel Core i7,,,,"8, 16, 32, 64",8.0,1 TB,
CompAsia,Mac,Mac mini,Mac Mini i7 3.2GHz (Late 2018),,256 GB,SSD,,,350,2018,Intel Core i7,,,,"8, 16, 32, 64",8.0,256 GB,
CompAsia,Mac,Mac mini,Mac Mini i7 3.2GHz (Late 2018),,2 TB,SSD,,,475,2018,Intel Core i7,,,,"8, 16, 32, 64",8.0,2 TB,
CompAsia,Mac,Mac mini,Mac Mini i7 3.2GHz (Late 2018),,512 GB,SSD,,,350,2018,Intel Core i7,,,,"8, 16, 32, 64",8.0,512 GB,
CompAsia,Mac,Mac mini,Mac Mini M1 8-Core CPU & 8-Core GPU (Late 2020),,1 TB,SSD,,,375,2020,M1,,,,"8, 16",8.0,1 TB,M1
CompAsia,Mac,Mac mini,Mac Mini M1 8-Core CPU & 8-Core GPU (Late 2020),,256 GB,SSD,,,350,2020,M1,,,,"8, 16",8.0,256 GB,M1
CompAsia,Mac,Mac mini,Mac Mini M1 8-Core CPU & 8-Core GPU (Late 2020),,2 TB,SSD,,,475,2020,M1,,,,"8, 16",8.0,2 TB,M1
CompAsia,Mac,Mac mini,Mac Mini M1 8-Core CPU & 8-Core GPU (Late 2020),,512 GB,SSD,,,350,2020,M1,,,,"8, 16",8.0,512 GB,M1
CompAsia,Mac,Mac mini,Mac Mini M2 8-Core CPU & 10-Core GPU (Early 2023),,1 TB,SSD,,,525,2023,M2,,,,"8, 16, 24",8.0,1 TB,M2
CompAsia,Mac,Mac mini,Mac Mini M2 8-Core CPU & 10-Core GPU (Early 2023),,256 GB,SSD,,,425,2023,M2,,,,"8, 16, 24",8.0,256 GB,M2
CompAsia,Mac,Mac mini,Mac Mini M2 8-Core CPU & 10-Core GPU (Early 2023),,2 TB,SSD,,,625,2023,M2,,,,"8, 16, 24",8.0,2 TB,M2
CompAsia,Mac,Mac mini,Mac Mini M2 8-Core CPU & 10-Core GPU (Early 2023),,512 GB,SSD,,,475,2023,M2,,,,"8, 16, 24",8.0,512 GB,M2
CompAsia,Mac,Mac mini,Mac Mini M2 Pro 10-Core CPU & 16-Core GPU (Early 2023),,1 TB,SSD,,,525,2023,M2 Pro,,,,"16, 32",16.0,1 TB,M2
CompAsia,Mac,Mac mini,Mac Mini M2 Pro 10-Core CPU & 16-Core GPU (Early 2023),,2 TB,SSD,,,675,2023,M2 Pro,,,,"16, 32",16.0,2 TB,M2
CompAsia,Mac,Mac mini,Mac Mini M2 Pro 10-Core CPU & 16-Core GPU (Early 2023),,4 TB,SSD,,,675,2023,M2 Pro,,,,"16, 32",16.0,4 TB,M2
CompAsia,Mac,Mac mini,Mac Mini M2 Pro 10-Core CPU & 16-Core GPU (Early 2023),,512 GB,SSD,,,475,2023,M2 Pro,,,,"16, 32",16.0,512 GB,M2
CompAsia,Mac,Mac mini,Mac Mini M2 Pro 10-Core CPU & 16-Core GPU (Early 2023),,8 TB,SSD,,,675,2023,M2 Pro,,,,"16, 32",16.0,8 TB,M2
CompAsia,Mac,Mac mini,Mac Mini M2 Pro 12-Core CPU & 19-Core GPU (Early 2023),,1 TB,SSD,,,525,2023,M2 Pro,,,,"16, 32",16.0,1 TB,M2
CompAsia,Mac,Mac mini,Mac Mini M2 Pro 12-Core CPU & 19-Core GPU (Early 2023),,2 TB,SSD,,,660,2023,M2 Pro,,,,"16, 32",16.0,2 TB,M2
CompAsia,Mac,Mac mini,Mac Mini M2 Pro 12-Core CPU & 19-Core GPU (Early 2023),,4 TB,SSD,,,675,2023,M2 Pro,,,,"16, 32",16.0,4 TB,M2
CompAsia,Mac,Mac mini,Mac Mini M2 Pro 12-Core CPU & 19-Core GPU (Early 2023),,512 GB,SSD,,,475,2023,M2 Pro,,,,"16, 32",16.0,512 GB,M2
CompAsia,Mac,Mac mini,Mac Mini M2 Pro 12-Core CPU & 19-Core GPU (Early 2023),,8 TB,SSD,,,675,2023,M2 Pro,,,,"16, 32",16.0,8 TB,M2
CompAsia,Mac,Mac mini,Mac Mini M4 10-Core CPU & 10-Core GPU (Late 2024),,1 TB,SSD,,,1750,2024,M4,,,,"16, 24, 32",16.0,1 TB,M4
CompAsia,Mac,Mac mini,Mac Mini M4 10-Core CPU & 10-Core GPU (Late 2024),,256 GB,SSD,,,1025,2024,M4,,,,"16, 24, 32",16.0,256 GB,M4
CompAsia,Mac,Mac mini,Mac Mini M4 10-Core CPU & 10-Core GPU (Late 2024),,2 TB,SSD,,,2375,2024,M4,,,,"16, 24, 32",16.0,2 TB,M4
CompAsia,Mac,Mac mini,Mac Mini M4 10-Core CPU & 10-Core GPU (Late 2024),,512 GB,SSD,,,1375,2024,M4,,,,"16, 24, 32",16.0,512 GB,M4
CompAsia,Mac,Mac mini,Mac Mini M4 Pro 12-Core CPU & 16-Core GPU (Late 2024),,1 TB,SSD,,,2625,2024,M4 Pro,,,,"24, 48, 64",24.0,1 TB,M4
CompAsia,Mac,Mac mini,Mac Mini M4 Pro 12-Core CPU & 16-Core GPU (Late 2024),,2 TB,SSD,,,3175,2024,M4 Pro,,,,"24, 48, 64",24.0,2 TB,M4
CompAsia,Mac,Mac mini,Mac Mini M4 Pro 12-Core CPU & 16-Core GPU (Late 2024),,4 TB,SSD,,,4050,2024,M4 Pro,,,,"24, 48, 64",24.0,4 TB,M4
CompAsia,Mac,Mac mini,Mac Mini M4 Pro 12-Core CPU & 16-Core GPU (Late 2024),,512 GB,SSD,,,2300,2024,M4 Pro,,,,"24, 48, 64",24.0,512 GB,M4
CompAsia,Mac,Mac mini,Mac Mini M4 Pro 12-Core CPU & 16-Core GPU (Late 2024),,8 TB,SSD,,,5825,2024,M4 Pro,,,,"24, 48, 64",24.0,8 TB,M4
CompAsia,Mac,Mac mini,Mac Mini M4 Pro 14-Core CPU & 20-Core GPU (Late 2024),,1 TB,SSD,,,2975,2024,M4 Pro,,,,"24, 48, 64",24.0,1 TB,M4
CompAsia,Mac,Mac mini,Mac Mini M4 Pro 14-Core CPU & 20-Core GPU (Late 2024),,2 TB,SSD,,,3500,2024,M4 Pro,,,,"24, 48, 64",24.0,2 TB,M4
CompAsia,Mac,Mac mini,Mac Mini M4 Pro 14-Core CPU & 20-Core GPU (Late 2024),,4 TB,SSD,,,4375,2024,M4 Pro,,,,"24, 48, 64",24.0,4 TB,M4
CompAsia,Mac,Mac mini,Mac Mini M4 Pro 14-Core CPU & 20-Core GPU (Late 2024),,512 GB,SSD,,,2625,2024,M4 Pro,,,,"24, 48, 64",24.0,512 GB,M4
CompAsia,Mac,Mac mini,Mac Mini M4 Pro 14-Core CPU & 20-Core GPU (Late 2024),,8 TB,SSD,,,6175,2024,M4 Pro,,,,"24, 48, 64",24.0,8 TB,M4
CompAsia,Mac,Mac Pro,Mac Pro M2 Ultra 24-Core CPU & 60-Core GPU (Mid 2023),,1 TB,SSD,,,10000,2023,M2 Ultra,,,,"64, 128, 192",64.0,1 TB,M2
CompAsia,Mac,Mac Pro,Mac Pro M2 Ultra 24-Core CPU & 60-Core GPU (Mid 2023),,2 TB,SSD,,,10600,2023,M2 Ultra,,,,"64, 128, 192",64.0,2 TB,M2
CompAsia,Mac,Mac Pro,Mac Pro M2 Ultra 24-Core CPU & 60-Core GPU (Mid 2023),,4 TB,SSD,,,11400,2023,M2 Ultra,,,,"64, 128, 192",64.0,4 TB,M2
CompAsia,Mac,Mac Pro,Mac Pro M2 Ultra 24-Core CPU & 60-Core GPU (Mid 2023),,8 TB,SSD,,,12100,2023,M2 Ultra,,,,"64, 128, 192",64.0,8 TB,M2
CompAsia,Mac,Mac Pro,Mac Pro M2 Ultra 24-Core CPU & 60-Core GPU Rack (Mid 2023),,1 TB,SSD,,,10000,2023,M2 Ultra,,,,"64, 128, 192",64.0,1 TB,M2
CompAsia,Mac,Mac Pro,Mac Pro M2 Ultra 24-Core CPU & 60-Core GPU Rack (Mid 2023),,2 TB,SSD,,,10600,2023,M2 Ultra,,,,"64, 128, 192",64.0,2 TB,M2
CompAsia,Mac,Mac Pro,Mac Pro M2 Ultra 24-Core CPU & 60-Core GPU Rack (Mid 2023),,4 TB,SSD,,,11400,2023,M2 Ultra,,,,"64, 128, 192",64.0,4 TB,M2
CompAsia,Mac,Mac Pro,Mac Pro M2 Ultra 24-Core CPU & 60-Core GPU Rack (Mid 2023),,8 TB,SSD,,,12100,2023,M2 Ultra,,,,"64, 128, 192",64.0,8 TB,M2
CompAsia,Mac,Mac Pro,Mac Pro M2 Ultra 24-Core CPU & 76-Core GPU (Mid 2023),,1 TB,SSD,,,11400,2023,M2 Ultra,,,,"64, 128, 192",64.0,1 TB,M2
CompAsia,Mac,Mac Pro,Mac Pro M2 Ultra 24-Core CPU & 76-Core GPU (Mid 2023),,2 TB,SSD,,,12000,2023,M2 Ultra,,,,"64, 128, 192",64.0,2 TB,M2
CompAsia,Mac,Mac Pro,Mac Pro M2 Ultra 24-Core CPU & 76-Core GPU (Mid 2023),,4 TB,SSD,,,12900,2023,M2 Ultra,,,,"64, 128, 192",64.0,4 TB,M2
CompAsia,Mac,Mac Pro,Mac Pro M2 Ultra 24-Core CPU & 76-Core GPU (Mid 2023),,8 TB,SSD,,,13700,2023,M2 Ultra,,,,"64, 128, 192",64.0,8 TB,M2
CompAsia,Mac,Mac Pro,Mac Pro M2 Ultra 24-Core CPU & 76-Core GPU Rack (Mid 2023),,1 TB,SSD,,,11400,2023,M2 Ultra,,,,"64, 128, 192",64.0,1 TB,M2
CompAsia,Mac,Mac Pro,Mac Pro M2 Ultra 24-Core CPU & 76-Core GPU Rack (Mid 2023),,2 TB,SSD,,,12025,2023,M2 Ultra,,,,"64, 128, 192",64.0,2 TB,M2
CompAsia,Mac,Mac Pro,Mac Pro M2 Ultra 24-Core CPU & 76-Core GPU Rack (Mid 2023),,4 TB,SSD,,,12900,2023,M2 Ultra,,,,"64, 128, 192",64.0,4 TB,M2
CompAsia,Mac,Mac Pro,Mac Pro M2 Ultra 24-Core CPU & 76-Core GPU Rack (Mid 2023),,8 TB,SSD,,,13650,2023,M2 Ultra,,,,"64, 128, 192",64.0,8 TB,M2
CompAsia,Mac,Mac Studio,Mac Studio M1 Max 10-Core CPU & 24-Core GPU (Early 2022),,1 TB,SSD,,,1975,2022,M1 Max,,,,"32, 64",32.0,1 TB,M1
CompAsia,Mac,Mac Studio,Mac Studio M1 Max 10-Core CPU & 24-Core GPU (Early 2022),,2 TB,SSD,,,2375,2022,M1 Max,,,,"32, 64",32.0,2 TB,M1
CompAsia,Mac,Mac Studio,Mac Studio M1 Max 10-Core CPU & 24-Core GPU (Early 2022),,4 TB,SSD,,,2925,2022,M1 Max,,,,"32, 64",32.0,4 TB,M1
CompAsia,Mac,Mac Studio,Mac Studio M1 Max 10-Core CPU & 24-Core GPU (Early 2022),,512 GB,SSD,,,1825,2022,M1 Max,,,,"32, 64",32.0,512 GB,M1
CompAsia,Mac,Mac Studio,Mac Studio M1 Max 10-Core CPU & 24-Core GPU (Early 2022),,8 TB,SSD,,,3625,2022,M1 Max,,,,"32, 64",32.0,8 TB,M1
CompAsia,Mac,Mac Studio,Mac Studio M1 Max 10-Core CPU & 32-Core GPU (Early 2022),,1 TB,SSD,,,2100,2022,M1 Max,,,,"32, 64",32.0,1 TB,M1
CompAsia,Mac,Mac Studio,Mac Studio M1 Max 10-Core CPU & 32-Core GPU (Early 2022),,2 TB,SSD,,,2450,2022,M1 Max,,,,"32, 64",32.0,2 TB,M1
CompAsia,Mac,Mac Studio,Mac Studio M1 Max 10-Core CPU & 32-Core GPU (Early 2022),,4 TB,SSD,,,2975,2022,M1 Max,,,,"32, 64",32.0,4 TB,M1
CompAsia,Mac,Mac Studio,Mac Studio M1 Max 10-Core CPU & 32-Core GPU (Early 2022),,512 GB,SSD,,,1975,2022,M1 Max,,,,"32, 64",32.0,512 GB,M1
CompAsia,Mac,Mac Studio,Mac Studio M1 Max 10-Core CPU & 32-Core GPU (Early 2022),,8 TB,SSD,,,3825,2022,M1 Max,,,,"32, 64",32.0,8 TB,M1
CompAsia,Mac,Mac Studio,Mac Studio M1 Ultra 20-Core CPU & 48-Core GPU (Early 2022),,1 TB,SSD,,,3250,2022,M1 Ultra,,,,"64, 128",64.0,1 TB,M1
CompAsia,Mac,Mac Studio,Mac Studio M1 Ultra 20-Core CPU & 48-Core GPU (Early 2022),,2 TB,SSD,,,3950,2022,M1 Ultra,,,,"64, 128",64.0,2 TB,M1
CompAsia,Mac,Mac Studio,Mac Studio M1 Ultra 20-Core CPU & 48-Core GPU (Early 2022),,4 TB,SSD,,,4200,2022,M1 Ultra,,,,"64, 128",64.0,4 TB,M1
CompAsia,Mac,Mac Studio,Mac Studio M1 Ultra 20-Core CPU & 48-Core GPU (Early 2022),,8 TB,SSD,,,5075,2022,M1 Ultra,,,,"64, 128",64.0,8 TB,M1
CompAsia,Mac,Mac Studio,Mac Studio M1 Ultra 20-Core CPU & 64-Core GPU (Early 2022),,1 TB,SSD,,,4375,2022,M1 Ultra,,,,"64, 128",64.0,1 TB,M1
CompAsia,Mac,Mac Studio,Mac Studio M1 Ultra 20-Core CPU & 64-Core GPU (Early 2022),,2 TB,SSD,,,4775,2022,M1 Ultra,,,,"64, 128",64.0,2 TB,M1
CompAsia,Mac,Mac Studio,Mac Studio M1 Ultra 20-Core CPU & 64-Core GPU (Early 2022),,4 TB,SSD,,,5325,2022,M1 Ultra,,,,"64, 128",64.0,4 TB,M1
CompAsia,Mac,Mac Studio,Mac Studio M1 Ultra 20-Core CPU & 64-Core GPU (Early 2022),,8 TB,SSD,,,5900,2022,M1 Ultra,,,,"64, 128",64.0,8 TB,M1
CompAsia,Mac,Mac Studio,Mac Studio M2 Max 12-Core CPU & 30-Core GPU (Mid 2023),,1 TB,SSD,,,3225,2023,M2 Max,,,,"32, 64, 96",32.0,1 TB,M2
CompAsia,Mac,Mac Studio,Mac Studio M2 Max 12-Core CPU & 30-Core GPU (Mid 2023),,2 TB,SSD,,,3825,2023,M2 Max,,,,"32, 64, 96",32.0,2 TB,M2
CompAsia,Mac,Mac Studio,Mac Studio M2 Max 12-Core CPU & 30-Core GPU (Mid 2023),,4 TB,SSD,,,4700,2023,M2 Max,,,,"32, 64, 96",32.0,4 TB,M2
CompAsia,Mac,Mac Studio,Mac Studio M2 Max 12-Core CPU & 30-Core GPU (Mid 2023),,512 GB,SSD,,,3000,2023,M2 Max,,,,"32, 64, 96",32.0,512 GB,M2
CompAsia,Mac,Mac Studio,Mac Studio M2 Max 12-Core CPU & 30-Core GPU (Mid 2023),,8 TB,SSD,,,5900,2023,M2 Max,,,,"32, 64, 96",32.0,8 TB,M2
CompAsia,Mac,Mac Studio,Mac Studio M2 Max 12-Core CPU & 38-Core GPU (Mid 2023),,1 TB,SSD,,,3575,2023,M2 Max,,,,"32, 64, 96",32.0,1 TB,M2
CompAsia,Mac,Mac Studio,Mac Studio M2 Max 12-Core CPU & 38-Core GPU (Mid 2023),,2 TB,SSD,,,4150,2023,M2 Max,,,,"32, 64, 96",32.0,2 TB,M2
CompAsia,Mac,Mac Studio,Mac Studio M2 Max 12-Core CPU & 38-Core GPU (Mid 2023),,4 TB,SSD,,,5000,2023,M2 Max,,,,"32, 64, 96",32.0,4 TB,M2
CompAsia,Mac,Mac Studio,Mac Studio M2 Max 12-Core CPU & 38-Core GPU (Mid 2023),,512 GB,SSD,,,3225,2023,M2 Max,,,,"32, 64, 96",32.0,512 GB,M2
CompAsia,Mac,Mac Studio,Mac Studio M2 Max 12-Core CPU & 38-Core GPU (Mid 2023),,8 TB,SSD,,,6150,2023,M2 Max,,,,"32, 64, 96",32.0,8 TB,M2
CompAsia,Mac,Mac Studio,Mac Studio M2 Ultra 24-Core CPU & 60-Core GPU (Mid 2023),,1 TB,SSD,,,5925,2023,M2 Ultra,,,,"64, 128, 192",64.0,1 TB,M2
CompAsia,Mac,Mac Studio,Mac Studio M2 Ultra 24-Core CPU & 60-Core GPU (Mid 2023),,2 TB,SSD,,,6475,2023,M2 Ultra,,,,"64, 128, 192",64.0,2 TB,M2
CompAsia,Mac,Mac Studio,Mac Studio M2 Ultra 24-Core CPU & 60-Core GPU (Mid 2023),,4 TB,SSD,,,7150,2023,M2 Ultra,,,,"64, 128, 192",64.0,4 TB,M2
CompAsia,Mac,Mac Studio,Mac Studio M2 Ultra 24-Core CPU & 60-Core GPU (Mid 2023),,8 TB,SSD,,,8350,2023,M2 Ultra,,,,"64, 128, 192",64.0,8 TB,M2
CompAsia,Mac,Mac Studio,Mac Studio M2 Ultra 24-Core CPU & 76-Core GPU (Mid 2023),,1 TB,SSD,,,7350,2023,M2 Ultra,,,,"64, 128, 192",64.0,1 TB,M2
CompAsia,Mac,Mac Studio,Mac Studio M2 Ultra 24-Core CPU & 76-Core GPU (Mid 2023),,2 TB,SSD,,,7950,2023,M2 Ultra,,,,"64, 128, 192",64.0,2 TB,M2
CompAsia,Mac,Mac Studio,Mac Studio M2 Ultra 24-Core CPU & 76-Core GPU (Mid 2023),,4 TB,SSD,,,8800,2023,M2 Ultra,,,,"64, 128, 192",64.0,4 TB,M2
CompAsia,Mac,Mac Studio,Mac Studio M2 Ultra 24-Core CPU & 76-Core GPU (Mid 2023),,8 TB,SSD,,,9600,2023,M2 Ultra,,,,"64, 128, 192",64.0,8 TB,M2
CompAsia,Mac,Mac Studio,Mac Studio M3 Ultra 28-Core CPU & 60‑core GPU (Early 2025),,16 TB,SSD,,,13600,2025,M3 Ultra,,,,"96, 192, 256",96.0,16 TB,M3
CompAsia,Mac,Mac Studio,Mac Studio M3 Ultra 28-Core CPU & 60‑core GPU (Early 2025),,1 TB,SSD,,,8675,2025,M3 Ultra,,,,"96, 192, 256",96.0,1 TB,M3
CompAsia,Mac,Mac Studio,Mac Studio M3 Ultra 28-Core CPU & 60‑core GPU (Early 2025),,2 TB,SSD,,,9450,2025,M3 Ultra,,,,"96, 192, 256",96.0,2 TB,M3
CompAsia,Mac,Mac Studio,Mac Studio M3 Ultra 28-Core CPU & 60‑core GPU (Early 2025),,4 TB,SSD,,,10025,2025,M3 Ultra,,,,"96, 192, 256",96.0,4 TB,M3
CompAsia,Mac,Mac Studio,Mac Studio M3 Ultra 28-Core CPU & 60‑core GPU (Early 2025),,8 TB,SSD,,,11125,2025,M3 Ultra,,,,"96, 192, 256",96.0,8 TB,M3
CompAsia,Mac,Mac Studio,Mac Studio M3 Ultra 32-Core CPU & 80‑core GPU (Early 2025),,16 TB,SSD,,,15525,2025,M3 Ultra,,,,"96, 192, 256",96.0,16 TB,M3
CompAsia,Mac,Mac Studio,Mac Studio M3 Ultra 32-Core CPU & 80‑core GPU (Early 2025),,1 TB,SSD,,,10525,2025,M3 Ultra,,,,"96, 192, 256",96.0,1 TB,M3
CompAsia,Mac,Mac Studio,Mac Studio M3 Ultra 32-Core CPU & 80‑core GPU (Early 2025),,2 TB,SSD,,,11300,2025,M3 Ultra,,,,"96, 192, 256",96.0,2 TB,M3
CompAsia,Mac,Mac Studio,Mac Studio M3 Ultra 32-Core CPU & 80‑core GPU (Early 2025),,4 TB,SSD,,,11850,2025,M3 Ultra,,,,"96, 192, 256",96.0,4 TB,M3
CompAsia,Mac,Mac Studio,Mac Studio M3 Ultra 32-Core CPU & 80‑core GPU (Early 2025),,8 TB,SSD,,,12950,2025,M3 Ultra,,,,"96, 192, 256",96.0,8 TB,M3
CompAsia,Mac,Mac Studio,Mac Studio M4 Max 14-Core CPU & 32‑core GPU (Early 2025),,1 TB,SSD,,,4800,2025,M4 Max,,,,"36, 64, 128",36.0,1 TB,M4
CompAsia,Mac,Mac Studio,Mac Studio M4 Max 14-Core CPU & 32‑core GPU (Early 2025),,2 TB,SSD,,,5650,2025,M4 Max,,,,"36, 64, 128",36.0,2 TB,M4
CompAsia,Mac,Mac Studio,Mac Studio M4 Max 14-Core CPU & 32‑core GPU (Early 2025),,4 TB,SSD,,,6175,2025,M4 Max,,,,"36, 64, 128",36.0,4 TB,M4
CompAsia,Mac,Mac Studio,Mac Studio M4 Max 14-Core CPU & 32‑core GPU (Early 2025),,512 GB,SSD,,,4325,2025,M4 Max,,,,"36, 64, 128",36.0,512 GB,M4
CompAsia,Mac,Mac Studio,Mac Studio M4 Max 14-Core CPU & 32‑core GPU (Early 2025),,8 TB,SSD,,,7575,2025,M4 Max,,,,"36, 64, 128",36.0,8 TB,M4
CompAsia,Mac,Mac Studio,Mac Studio M4 Max 16-Core CPU & 40‑core GPU (Early 2025),,1 TB,SSD,,,5850,2025,M4 Max,,,,"36, 64, 128",36.0,1 TB,M4
CompAsia,Mac,Mac Studio,Mac Studio M4 Max 16-Core CPU & 40‑core GPU (Early 2025),,2 TB,SSD,,,6575,2025,M4 Max,,,,"36, 64, 128",36.0,2 TB,M4
CompAsia,Mac,Mac Studio,Mac Studio M4 Max 16-Core CPU & 40‑core GPU (Early 2025),,4 TB,SSD,,,7050,2025,M4 Max,,,,"36, 64, 128",36.0,4 TB,M4
CompAsia,Mac,Mac Studio,Mac Studio M4 Max 16-Core CPU & 40‑core GPU (Early 2025),,512 GB,SSD,,,5175,2025,M4 Max,,,,"36, 64, 128",36.0,512 GB,M4
CompAsia,Mac,Mac Studio,Mac Studio M4 Max 16-Core CPU & 40‑core GPU (Early 2025),,8 TB,SSD,,,8375,2025,M4 Max,,,,"36, 64, 128",36.0,8 TB,M4
Machines,Mac,Mac Pro,Mac Pro M2 Ultra 24-Core CPU & 60-Core GPU (Mid 2023),,1 TB,SSD,,,10000,2023,M2 Ultra,,,,"64, 128, 192",64.0,1 TB,M2
Machines,Mac,Mac Pro,Mac Pro M2 Ultra 24-Core CPU & 60-Core GPU (Mid 2023),,2 TB,SSD,,,10600,2023,M2 Ultra,,,,"64, 128, 192",64.0,2 TB,M2
Machines,Mac,Mac Pro,Mac Pro M2 Ultra 24-Core CPU & 60-Core GPU (Mid 2023),,4 TB,SSD,,,11400,2023,M2 Ultra,,,,"64, 128, 192",64.0,4 TB,M2
Machines,Mac,Mac Pro,Mac Pro M2 Ultra 24-Core CPU & 60-Core GPU (Mid 2023),,8 TB,SSD,,,12100,2023,M2 Ultra,,,,"64, 128, 192",64.0,8 TB,M2
Machines,Mac,Mac Pro,Mac Pro M2 Ultra 24-Core CPU & 60-Core GPU Rack (Mid 2023),,1 TB,SSD,,,10000,2023,M2 Ultra,,,,"64, 128, 192",64.0,1 TB,M2
Machines,Mac,Mac Pro,Mac Pro M2 Ultra 24-Core CPU & 60-Core GPU Rack (Mid 2023),,2 TB,SSD,,,10600,2023,M2 Ultra,,,,"64, 128, 192",64.0,2 TB,M2
Machines,Mac,Mac Pro,Mac Pro M2 Ultra 24-Core CPU & 60-Core GPU Rack (Mid 2023),,4 TB,SSD,,,11400,2023,M2 Ultra,,,,"64, 128, 192",64.0,4 TB,M2
Machines,Mac,Mac Pro,Mac Pro M2 Ultra 24-Core CPU & 60-Core GPU Rack (Mid 2023),,8 TB,SSD,,,12100,2023,M2 Ultra,,,,"64, 128, 192",64.0,8 TB,M2
Machines,Mac,Mac Pro,Mac Pro M2 Ultra 24-Core CPU & 76-Core GPU (Mid 2023),,1 TB,SSD,,,11400,2023,M2 Ultra,,,,"64, 128, 192",64.0,1 TB,M2
Machines,Mac,Mac Pro,Mac Pro M2 Ultra 24-Core CPU & 76-Core GPU (Mid 2023),,2 TB,SSD,,,12000,2023,M2 Ultra,,,,"64, 128, 192",64.0,2 TB,M2
Machines,Mac,Mac Pro,Mac Pro M2 Ultra 24-Core CPU & 76-Core GPU (Mid 2023),,4 TB,SSD,,,12900,2023,M2 Ultra,,,,"64, 128, 192",64.0,4 TB,M2
Machines,Mac,Mac Pro,Mac Pro M2 Ultra 24-Core CPU & 76-Core GPU (Mid 2023),,8 TB,SSD,,,13700,2023,M2 Ultra,,,,"64, 128, 192",64.0,8 TB,M2
Machines,Mac,Mac Pro,Mac Pro M2 Ultra 24-Core CPU & 76-Core GPU Rack (Mid 2023),,1 TB,SSD,,,11400,2023,M2 Ultra,,,,"64, 128, 192",64.0,1 TB,M2
Machines,Mac,Mac Pro,Mac Pro M2 Ultra 24-Core CPU & 76-Core GPU Rack (Mid 2023),,2 TB,SSD,,,12025,2023,M2 Ultra,,,,"64, 128, 192",64.0,2 TB,M2
Machines,Mac,Mac Pro,Mac Pro M2 Ultra 24-Core CPU & 76-Core GPU Rack (Mid 2023),,4 TB,SSD,,,12900,2023,M2 Ultra,,,,"64, 128, 192",64.0,4 TB,M2
Machines,Mac,Mac Pro,Mac Pro M2 Ultra 24-Core CPU & 76-Core GPU Rack (Mid 2023),,8 TB,SSD,,,13650,2023,M2 Ultra,,,,"64, 128, 192",64.0,8 TB,M2
Machines,Mac,Mac mini,Mac Mini i3 3.6GHz (Late 2018),,128 GB,SSD,,,175,2018,Intel Core i3,,,,"8, 16, 32, 64",8.0,128 GB,
Machines,Mac,Mac mini,Mac Mini i3 3.6GHz (Late 2018),,256 GB,SSD,,,200,2018,Intel Core i3,,,,"8, 16, 32, 64",8.0,256 GB,
Machines,Mac,Mac mini,Mac Mini i3 3.6GHz (Late 2018),,512 GB,SSD,,,275,2018,Intel Core i3,,,,"8, 16, 32, 64",8.0,512 GB,
Machines,Mac,Mac mini,Mac Mini i3 3.6GHz (Late 2018),,1 TB,SSD,,,350,2018,Intel Core i3,,,,"8, 16, 32, 64",8.0,1 TB,
Machines,Mac,Mac mini,Mac Mini i3 3.6GHz (Late 2018),,2 TB,SSD,,,375,2018,Intel Core i3,,,,"8, 16, 32, 64",8.0,2 TB,
Machines,Mac,Mac mini,Mac Mini i5 3.0GHz (Late 2018),,128 GB,SSD,,,200,2018,Intel Core i5,,,,"8, 16, 32, 64",8.0,128 GB,
Machines,Mac,Mac mini,Mac Mini i5 3.0GHz (Late 2018),,256 GB,SSD,,,300,2018,Intel Core i5,,,,"8, 16, 32, 64",8.0,256 GB,
Machines,Mac,Mac mini,Mac Mini i5 3.0GHz (Late 2018),,512 GB,SSD,,,350,2018,Intel Core i5,,,,"8, 16, 32, 64",8.0,512 GB,
Machines,Mac,Mac mini,Mac Mini i5 3.0GHz (Late 2018),,1 TB,SSD,,,375,2018,Intel Core i5,,,,"8, 16, 32, 64",8.0,1 TB,
Machines,Mac,Mac mini,Mac Mini i5 3.0GHz (Late 2018),,2 TB,SSD,,,425,2018,Intel Core i5,,,,"8, 16, 32, 64",8.0,2 TB,
Machines,Mac,Mac mini,Mac Mini i7 3.2GHz (Late 2018),,128 GB,SSD,,,300,2018,Intel Core i7,,,,"8, 16, 32, 64",8.0,128 GB,
Machines,Mac,Mac mini,Mac Mini i7 3.2GHz (Late 2018),,256 GB,SSD,,,350,2018,Intel Core i7,,,,"8, 16, 32, 64",8.0,256 GB,
Machines,Mac,Mac mini,Mac Mini i7 3.2GHz (Late 2018),,512 GB,SSD,,,350,2018,Intel Core i7,,,,"8, 16, 32, 64",8.0,512 GB,
Machines,Mac,Mac mini,Mac Mini i7 3.2GHz (Late 2018),,1 TB,SSD,,,375,2018,Intel Core i7,,,,"8, 16, 32, 64",8.0,1 TB,
Machines,Mac,Mac mini,Mac Mini i7 3.2GHz (Late 2018),,2 TB,SSD,,,475,2018,Intel Core i7,,,,"8, 16, 32, 64",8.0,2 TB,
Machines,Mac,Mac mini,Mac Mini i3 3.6GHz (Early 2020),,256 GB,SSD,,,200,2020,Intel Core i3,,,,"8, 16, 32, 64",8.0,256 GB,
Machines,Mac,Mac mini,Mac Mini i3 3.6GHz (Early 2020),,512 GB,SSD,,,275,2020,Intel Core i3,,,,"8, 16, 32, 64",8.0,512 GB,
Machines,Mac,Mac mini,Mac Mini i3 3.6GHz (Early 2020),,1 TB,SSD,,,340,2020,Intel Core i3,,,,"8, 16, 32, 64",8.0,1 TB,
Machines,Mac,Mac mini,Mac Mini i3 3.6GHz (Early 2020),,2 TB,SSD,,,365,2020,Intel Core i3,,,,"8, 16, 32, 64",8.0,2 TB,
Machines,Mac,Mac mini,Mac Mini i5 3.0GHz (Early 2020),,512 GB,SSD,,,340,2020,Intel Core i5,,,,"8, 16, 32, 64",8.0,512 GB,
Machines,Mac,Mac mini,Mac Mini i5 3.0GHz (Early 2020),,1 TB,SSD,,,365,2020,Intel Core i5,,,,"8, 16, 32, 64",8.0,1 TB,
Machines,Mac,Mac mini,Mac Mini i5 3.0GHz (Early 2020),,2 TB,SSD,,,415,2020,Intel Core i5,,,,"8, 16, 32, 64",8.0,2 TB,
Machines,Mac,Mac mini,Mac Mini i7 3.2GHz (Early 2020),,256 GB,SSD,,,340,2020,Intel Core i7,,,,"8, 16, 32, 64",8.0,256 GB,
Machines,Mac,Mac mini,Mac Mini i7 3.2GHz (Early 2020),,512 GB,SSD,,,340,2020,Intel Core i7,,,,"8, 16, 32, 64",8.0,512 GB,
Machines,Mac,Mac mini,Mac Mini i7 3.2GHz (Early 2020),,1 TB,SSD,,,365,2020,Intel Core i7,,,,"8, 16, 32, 64",8.0,1 TB,
Machines,Mac,Mac mini,Mac Mini i7 3.2GHz (Early 2020),,2 TB,SSD,,,475,2020,Intel Core i7,,,,"8, 16, 32, 64",8.0,2 TB,
Machines,Mac,Mac mini,Mac Mini M1 8-Core CPU & 8-Core GPU (Late 2020),,256 GB,SSD,,,350,2020,M1,,,,"8, 16",8.0,256 GB,M1
Machines,Mac,Mac mini,Mac Mini M1 8-Core CPU & 8-Core GPU (Late 2020),,512 GB,SSD,,,350,2020,M1,,,,"8, 16",8.0,512 GB,M1
Machines,Mac,Mac mini,Mac Mini M1 8-Core CPU & 8-Core GPU (Late 2020),,1 TB,SSD,,,375,2020,M1,,,,"8, 16",8.0,1 TB,M1
Machines,Mac,Mac mini,Mac Mini M1 8-Core CPU & 8-Core GPU (Late 2020),,2 TB,SSD,,,475,2020,M1,,,,"8, 16",8.0,2 TB,M1
Machines,Mac,Mac mini,Mac Mini M2 8-Core CPU & 10-Core GPU (Early 2023),,256 GB,SSD,,,425,2023,M2,,,,"8, 16, 24",8.0,256 GB,M2
Machines,Mac,Mac mini,Mac Mini M2 8-Core CPU & 10-Core GPU (Early 2023),,512 GB,SSD,,,475,2023,M2,,,,"8, 16, 24",8.0,512 GB,M2
Machines,Mac,Mac mini,Mac Mini M2 8-Core CPU & 10-Core GPU (Early 2023),,1 TB,SSD,,,525,2023,M2,,,,"8, 16, 24",8.0,1 TB,M2
Machines,Mac,Mac mini,Mac Mini M2 8-Core CPU & 10-Core GPU (Early 2023),,2 TB,SSD,,,625,2023,M2,,,,"8, 16, 24",8.0,2 TB,M2
Machines,Mac,Mac mini,Mac Mini M2 Pro 10-Core CPU & 16-Core GPU (Early 2023),,512 GB,SSD,,,475,2023,M2 Pro,,,,"16, 32",16.0,512 GB,M2
Machines,Mac,Mac mini,Mac Mini M2 Pro 10-Core CPU & 16-Core GPU (Early 2023),,1 TB,SSD,,,525,2023,M2 Pro,,,,"16, 32",16.0,1 TB,M2
Machines,Mac,Mac mini,Mac Mini M2 Pro 10-Core CPU & 16-Core GPU (Early 2023),,2 TB,SSD,,,675,2023,M2 Pro,,,,"16, 32",16.0,2 TB,M2
Machines,Mac,Mac mini,Mac Mini M2 Pro 10-Core CPU & 16-Core GPU (Early 2023),,4 TB,SSD,,,675,2023,M2 Pro,,,,"16, 32",16.0,4 TB,M2
Machines,Mac,Mac mini,Mac Mini M2 Pro 10-Core CPU & 16-Core GPU (Early 2023),,8 TB,SSD,,,675,2023,M2 Pro,,,,"16, 32",16.0,8 TB,M2
Machines,Mac,Mac mini,Mac Mini M2 Pro 12-Core CPU & 19-Core GPU (Early 2023),,512 GB,SSD,,,475,2023,M2 Pro,,,,"16, 32",16.0,512 GB,M2
Machines,Mac,Mac mini,Mac Mini M2 Pro 12-Core CPU & 19-Core GPU (Early 2023),,1 TB,SSD,,,525,2023,M2 Pro,,,,"16, 32",16.0,1 TB,M2
Machines,Mac,Mac mini,Mac Mini M2 Pro 12-Core CPU & 19-Core GPU (Early 2023),,2 TB,SSD,,,660,2023,M2 Pro,,,,"16, 32",16.0,2 TB,M2
Machines,Mac,Mac mini,Mac Mini M2 Pro 12-Core CPU & 19-Core GPU (Early 2023),,4 TB,SSD,,,675,2023,M2 Pro,,,,"16, 32",16.0,4 TB,M2
Machines,Mac,Mac mini,Mac Mini M2 Pro 12-Core CPU & 19-Core GPU (Early 2023),,8 TB,SSD,,,675,2023,M2 Pro,,,,"16, 32",16.0,8 TB,M2
Machines,Mac,Mac mini,Mac Mini M4 10-Core CPU & 10-Core GPU (Late 2024),,256 GB,SSD,,,1025,2024,M4,,,,"16, 24, 32",16.0,256 GB,M4
Machines,Mac,Mac mini,Mac Mini M4 10-Core CPU & 10-Core GPU (Late 2024),,512 GB,SSD,,,1375,2024,M4,,,,"16, 24, 32",16.0,512 GB,M4
Machines,Mac,Mac mini,Mac Mini M4 10-Core CPU & 10-Core GPU (Late 2024),,1 TB,SSD,,,1750,2024,M4,,,,"16, 24, 32",16.0,1 TB,M4
Machines,Mac,Mac mini,Mac Mini M4 10-Core CPU & 10-Core GPU (Late 2024),,2 TB,SSD,,,2375,2024,M4,,,,"16, 24, 32",16.0,2 TB,M4
Machines,Mac,Mac mini,Mac Mini M4 Pro 12-Core CPU & 16-Core GPU (Late 2024),,512 GB,SSD,,,2300,2024,M4 Pro,,,,"24, 48, 64",24.0,512 GB,M4
Machines,Mac,Mac mini,Mac Mini M4 Pro 12-Core CPU & 16-Core GPU (Late 2024),,1 TB,SSD,,,2625,2024,M4 Pro,,,,"24, 48, 64",24.0,1 TB,M4
Machines,Mac,Mac mini,Mac Mini M4 Pro 12-Core CPU & 16-Core GPU (Late 2024),,2 TB,SSD,,,3175,2024,M4 Pro,,,,"24, 48, 64",24.0,2 TB,M4
Machines,Mac,Mac mini,Mac Mini M4 Pro 12-Core CPU & 16-Core GPU (Late 2024),,4 TB,SSD,,,4050,2024,M4 Pro,,,,"24, 48, 64",24.0,4 TB,M4
Machines,Mac,Mac mini,Mac Mini M4 Pro 12-Core CPU & 16-Core GPU (Late 2024),,8 TB,SSD,,,5825,2024,M4 Pro,,,,"24, 48, 64",24.0,8 TB,M4
Machines,Mac,Mac mini,Mac Mini M4 Pro 14-Core CPU & 20-Core GPU (Late 2024),,512 GB,SSD,,,2625,2024,M4 Pro,,,,"24, 48, 64",24.0,512 GB,M4
Machines,Mac,Mac mini,Mac Mini M4 Pro 14-Core CPU & 20-Core GPU (Late 2024),,1 TB,SSD,,,2975,2024,M4 Pro,,,,"24, 48, 64",24.0,1 TB,M4
Machines,Mac,Mac mini,Mac Mini M4 Pro 14-Core CPU & 20-Core GPU (Late 2024),,2 TB,SSD,,,3500,2024,M4 Pro,,,,"24, 48, 64",24.0,2 TB,M4
Machines,Mac,Mac mini,Mac Mini M4 Pro 14-Core CPU & 20-Core GPU (Late 2024),,4 TB,SSD,,,4375,2024,M4 Pro,,,,"24, 48, 64",24.0,4 TB,M4
Machines,Mac,Mac mini,Mac Mini M4 Pro 14-Core CPU & 20-Core GPU (Late 2024),,8 TB,SSD,,,6175,2024,M4 Pro,,,,"24, 48, 64",24.0,8 TB,M4
Machines,Mac,Mac Studio,Mac Studio M1 Max 10-Core CPU & 24-Core GPU (Early 2022),,512 GB,SSD,,,1825,2022,M1 Max,,,,"32, 64",32.0,512 GB,M1
Machines,Mac,Mac Studio,Mac Studio M1 Max 10-Core CPU & 24-Core GPU (Early 2022),,1 TB,SSD,,,1975,2022,M1 Max,,,,"32, 64",32.0,1 TB,M1
Machines,Mac,Mac Studio,Mac Studio M1 Max 10-Core CPU & 24-Core GPU (Early 2022),,2 TB,SSD,,,2375,2022,M1 Max,,,,"32, 64",32.0,2 TB,M1
Machines,Mac,Mac Studio,Mac Studio M1 Max 10-Core CPU & 24-Core GPU (Early 2022),,4 TB,SSD,,,2925,2022,M1 Max,,,,"32, 64",32.0,4 TB,M1
Machines,Mac,Mac Studio,Mac Studio M1 Max 10-Core CPU & 24-Core GPU (Early 2022),,8 TB,SSD,,,3625,2022,M1 Max,,,,"32, 64",32.0,8 TB,M1
Machines,Mac,Mac Studio,Mac Studio M1 Max 10-Core CPU & 32-Core GPU (Early 2022),,512 GB,SSD,,,1975,2022,M1 Max,,,,"32, 64",32.0,512 GB,M1
Machines,Mac,Mac Studio,Mac Studio M1 Max 10-Core CPU & 32-Core GPU (Early 2022),,1 TB,SSD,,,2100,2022,M1 Max,,,,"32, 64",32.0,1 TB,M1
Machines,Mac,Mac Studio,Mac Studio M1 Max 10-Core CPU & 32-Core GPU (Early 2022),,2 TB,SSD,,,2450,2022,M1 Max,,,,"32, 64",32.0,2 TB,M1
Machines,Mac,Mac Studio,Mac Studio M1 Max 10-Core CPU & 32-Core GPU (Early 2022),,4 TB,SSD,,,2975,2022,M1 Max,,,,"32, 64",32.0,4 TB,M1
Machines,Mac,Mac Studio,Mac Studio M1 Max 10-Core CPU & 32-Core GPU (Early 2022),,8 TB,SSD,,,3825,2022,M1 Max,,,,"32, 64",32.0,8 TB,M1
Machines,Mac,Mac Studio,Mac Studio M1 Ultra 20-Core CPU & 48-Core GPU (Early 2022),,1 TB,SSD,,,3250,2022,M1 Ultra,,,,"64, 128",64.0,1 TB,M1
Machines,Mac,Mac Studio,Mac Studio M1 Ultra 20-Core CPU & 48-Core GPU (Early 2022),,2 TB,SSD,,,3950,2022,M1 Ultra,,,,"64, 128",64.0,2 TB,M1
Machines,Mac,Mac Studio,Mac Studio M1 Ultra 20-Core CPU & 48-Core GPU (Early 2022),,4 TB,SSD,,,4200,2022,M1 Ultra,,,,"64, 128",64.0,4 TB,M1
Machines,Mac,Mac Studio,Mac Studio M1 Ultra 20-Core CPU & 48-Core GPU (Early 2022),,8 TB,SSD,,,5075,2022,M1 Ultra,,,,"64, 128",64.0,8 TB,M1
Machines,Mac,Mac Studio,Mac Studio M1 Ultra 20-Core CPU & 64-Core GPU (Early 2022),,1 TB,SSD,,,4375,2022,M1 Ultra,,,,"64, 128",64.0,1 TB,M1
Machines,Mac,Mac Studio,Mac Studio M1 Ultra 20-Core CPU & 64-Core GPU (Early 2022),,2 TB,SSD,,,4775,2022,M1 Ultra,,,,"64, 128",64.0,2 TB,M1
Machines,Mac,Mac Studio,Mac Studio M1 Ultra 20-Core CPU & 64-Core GPU (Early 2022),,4 TB,SSD,,,5325,2022,M1 Ultra,,,,"64, 128",64.0,4 TB,M1
Machines,Mac,Mac Studio,Mac Studio M1 Ultra 20-Core CPU & 64-Core GPU (Early 2022),,8 TB,SSD,,,5900,2022,M1 Ultra,,,,"64, 128",64.0,8 TB,M1
Machines,Mac,Mac Studio,Mac Studio M2 Max 12-Core CPU & 30-Core GPU (Mid 2023),,512 GB,SSD,,,3000,2023,M2 Max,,,,"32, 64, 96",32.0,512 GB,M2
Machines,Mac,Mac Studio,Mac Studio M2 Max 12-Core CPU & 30-Core GPU (Mid 2023),,1 TB,SSD,,,3225,2023,M2 Max,,,,"32, 64, 96",32.0,1 TB,M2
Machines,Mac,Mac Studio,Mac Studio M2 Max 12-Core CPU & 30-Core GPU (Mid 2023),,2 TB,SSD,,,3825,2023,M2 Max,,,,"32, 64, 96",32.0,2 TB,M2
Machines,Mac,Mac Studio,Mac Studio M2 Max 12-Core CPU & 30-Core GPU (Mid 2023),,4 TB,SSD,,,4700,2023,M2 Max,,,,"32, 64, 96",32.0,4 TB,M2
Machines,Mac,Mac Studio,Mac Studio M2 Max 12-Core CPU & 30-Core GPU (Mid 2023),,8 TB,SSD,,,5900,2023,M2 Max,,,,"32, 64, 96",32.0,8 TB,M2
Machines,Mac,Mac Studio,Mac Studio M2 Max 12-Core CPU & 38-Core GPU (Mid 2023),,512 GB,SSD,,,3225,2023,M2 Max,,,,"32, 64, 96",32.0,512 GB,M2
Machines,Mac,Mac Studio,Mac Studio M2 Max 12-Core CPU & 38-Core GPU (Mid 2023),,1 TB,SSD,,,3575,2023,M2 Max,,,,"32, 64, 96",32.0,1 TB,M2
Machines,Mac,Mac Studio,Mac Studio M2 Max 12-Core CPU & 38-Core GPU (Mid 2023),,2 TB,SSD,,,4150,2023,M2 Max,,,,"32, 64, 96",32.0,2 TB,M2
Machines,Mac,Mac Studio,Mac Studio M2 Max 12-Core CPU & 38-Core GPU (Mid 2023),,4 TB,SSD,,,5000,2023,M2 Max,,,,"32, 64, 96",32.0,4 TB,M2
Machines,Mac,Mac Studio,Mac Studio M2 Max 12-Core CPU & 38-Core GPU (Mid 2023),,8 TB,SSD,,,6150,2023,M2 Max,,,,"32, 64, 96",32.0,8 TB,M2
Machines,Mac,Mac Studio,Mac Studio M2 Ultra 24-Core CPU & 60-Core GPU (Mid 2023),,1 TB,SSD,,,5925,2023,M2 Ultra,,,,"64, 128, 192",64.0,1 TB,M2
Machines,Mac,Mac Studio,Mac Studio M2 Ultra 24-Core CPU & 60-Core GPU (Mid 2023),,2 TB,SSD,,,6475,2023,M2 Ultra,,,,"64, 128, 192",64.0,2 TB,M2
Machines,Mac,Mac Studio,Mac Studio M2 Ultra 24-Core CPU & 60-Core GPU (Mid 2023),,4 TB,SSD,,,7150,2023,M2 Ultra,,,,"64, 128, 192",64.0,4 TB,M2
Machines,Mac,Mac Studio,Mac Studio M2 Ultra 24-Core CPU & 60-Core GPU (Mid 2023),,8 TB,SSD,,,8350,2023,M2 Ultra,,,,"64, 128, 192",64.0,8 TB,M2
Machines,Mac,Mac Studio,Mac Studio M2 Ultra 24-Core CPU & 76-Core GPU (Mid 2023),,1 TB,SSD,,,7350,2023,M2 Ultra,,,,"64, 128, 192",64.0,1 TB,M2
Machines,Mac,Mac Studio,Mac Studio M2 Ultra 24-Core CPU & 76-Core GPU (Mid 2023),,2 TB,SSD,,,7950,2023,M2 Ultra,,,,"64, 128, 192",64.0,2 TB,M2
Machines,Mac,Mac Studio,Mac Studio M2 Ultra 24-Core CPU & 76-Core GPU (Mid 2023),,4 TB,SSD,,,8800,2023,M2 Ultra,,,,"64, 128, 192",64.0,4 TB,M2
Machines,Mac,Mac Studio,Mac Studio M2 Ultra 24-Core CPU & 76-Core GPU (Mid 2023),,8 TB,SSD,,,9600,2023,M2 Ultra,,,,"64, 128, 192",64.0,8 TB,M2
Machines,Mac,Mac Studio,Mac Studio M3 Ultra 28-Core CPU & 60‑core GPU (Early 2025),,1 TB,SSD,,,8675,2025,M3 Ultra,,,,"96, 192, 256",96.0,1 TB,M3
Machines,Mac,Mac Studio,Mac Studio M3 Ultra 28-Core CPU & 60‑core GPU (Early 2025),,2 TB,SSD,,,9450,2025,M3 Ultra,,,,"96, 192, 256",96.0,2 TB,M3
Machines,Mac,Mac Studio,Mac Studio M3 Ultra 28-Core CPU & 60‑core GPU (Early 2025),,4 TB,SSD,,,10025,2025,M3 Ultra,,,,"96, 192, 256",96.0,4 TB,M3
Machines,Mac,Mac Studio,Mac Studio M3 Ultra 28-Core CPU & 60‑core GPU (Early 2025),,8 TB,SSD,,,11125,2025,M3 Ultra,,,,"96, 192, 256",96.0,8 TB,M3
Machines,Mac,Mac Studio,Mac Studio M3 Ultra 28-Core CPU & 60‑core GPU (Early 2025),,16 TB,SSD,,,13600,2025,M3 Ultra,,,,"96, 192, 256",96.0,16 TB,M3
Machines,Mac,Mac Studio,Mac Studio M3 Ultra 32-Core CPU & 80‑core GPU (Early 2025),,1 TB,SSD,,,10525,2025,M3 Ultra,,,,"96, 192, 256",96.0,1 TB,M3
Machines,Mac,Mac Studio,Mac Studio M3 Ultra 32-Core CPU & 80‑core GPU (Early 2025),,2 TB,SSD,,,11300,2025,M3 Ultra,,,,"96, 192, 256",96.0,2 TB,M3
Machines,Mac,Mac Studio,Mac Studio M3 Ultra 32-Core CPU & 80‑core GPU (Early 2025),,4 TB,SSD,,,11850,2025,M3 Ultra,,,,"96, 192, 256",96.0,4 TB,M3
Machines,Mac,Mac Studio,Mac Studio M3 Ultra 32-Core CPU & 80‑core GPU (Early 2025),,8 TB,SSD,,,12950,2025,M3 Ultra,,,,"96, 192, 256",96.0,8 TB,M3
Machines,Mac,Mac Studio,Mac Studio M3 Ultra 32-Core CPU & 80‑core GPU (Early 2025),,16 TB,SSD,,,15525,2025,M3 Ultra,,,,"96, 192, 256",96.0,16 TB,M3
Machines,Mac,Mac Studio,Mac Studio M4 Max 14-Core CPU & 32‑core GPU (Early 2025),,512 GB,SSD,,,4325,2025,M4 Max,,,,"36, 64, 128",36.0,512 GB,M4
Machines,Mac,Mac Studio,Mac Studio M4 Max 14-Core CPU & 32‑core GPU (Early 2025),,1 TB,SSD,,,4800,2025,M4 Max,,,,"36, 64, 128",36.0,1 TB,M4
Machines,Mac,Mac Studio,Mac Studio M4 Max 14-Core CPU & 32‑core GPU (Early 2025),,2 TB,SSD,,,5650,2025,M4 Max,,,,"36, 64, 128",36.0,2 TB,M4
Machines,Mac,Mac Studio,Mac Studio M4 Max 14-Core CPU & 32‑core GPU (Early 2025),,4 TB,SSD,,,6175,2025,M4 Max,,,,"36, 64, 128",36.0,4 TB,M4
Machines,Mac,Mac Studio,Mac Studio M4 Max 14-Core CPU & 32‑core GPU (Early 2025),,8 TB,SSD,,,7575,2025,M4 Max,,,,"36, 64, 128",36.0,8 TB,M4
Machines,Mac,Mac Studio,Mac Studio M4 Max 16-Core CPU & 40‑core GPU (Early 2025),,512 GB,SSD,,,5175,2025,M4 Max,,,,"36, 64, 128",36.0,512 GB,M4
Machines,Mac,Mac Studio,Mac Studio M4 Max 16-Core CPU & 40‑core GPU (Early 2025),,1 TB,SSD,,,5850,2025,M4 Max,,,,"36, 64, 128",36.0,1 TB,M4
Machines,Mac,Mac Studio,Mac Studio M4 Max 16-Core CPU & 40‑core GPU (Early 2025),,2 TB,SSD,,,6575,2025,M4 Max,,,,"36, 64, 128",36.0,2 TB,M4
Machines,Mac,Mac Studio,Mac Studio M4 Max 16-Core CPU & 40‑core GPU (Early 2025),,4 TB,SSD,,,7050,2025,M4 Max,,,,"36, 64, 128",36.0,4 TB,M4
Machines,Mac,Mac Studio,Mac Studio M4 Max 16-Core CPU & 40‑core GPU (Early 2025),,8 TB,SSD,,,8375,2025,M4 Max,,,,"36, 64, 128",36.0,8 TB,M4
Machines,Mac,iMac,iMac i5 3.4GHz 27-inch (Mid 2017),,256 GB,SSD,,,275,2017,Intel Core i5,27.0,,,"8, 16, 32, 64",8.0,256 GB,
Machines,Mac,iMac,iMac i5 3.4GHz 27-inch (Mid 2017),,512 GB,SSD,,,300,2017,Intel Core i5,27.0,,,"8, 16, 32, 64",8.0,512 GB,
Machines,Mac,iMac,iMac i5 3.4GHz 27-inch (Mid 2017),,1 TB,Fusion Drive,,,375,2017,Intel Core i5,27.0,,,"8, 16, 32, 64",8.0,1 TB,
Machines,Mac,iMac,iMac i5 3.4GHz 27-inch (Mid 2017),,1 TB,SSD,,,375,2017,Intel Core i5,27.0,,,"8, 16, 32, 64",8.0,1 TB,
Machines,Mac,iMac,iMac i5 3.4GHz 27-inch (Mid 2017),,2 TB,Fusion Drive,,,425,2017,Intel Core i5,27.0,,,"8, 16, 32, 64",8.0,2 TB,
Machines,Mac,iMac,iMac i5 3.5GHz 27-inch (Mid 2017),,256 GB,SSD,,,275,2017,Intel Core i5,27.0,,,"8, 16, 32, 64",8.0,256 GB,
Machines,Mac,iMac,iMac i5 3.5GHz 27-inch (Mid 2017),,512 GB,SSD,,,300,2017,Intel Core i5,27.0,,,"8, 16, 32, 64",8.0,512 GB,
Machines,Mac,iMac,iMac i5 3.5GHz 27-inch (Mid 2017),,1 TB,Fusion Drive,,,375,2017,Intel Core i5,27.0,,,"8, 16, 32, 64",8.0,1 TB,
Machines,Mac,iMac,iMac i5 3.5GHz 27-inch (Mid 2017),,1 TB,SSD,,,375,2017,Intel Core i5,27.0,,,"8, 16, 32, 64",8.0,1 TB,
Machines,Mac,iMac,iMac i5 3.5GHz 27-inch (Mid 2017),,2 TB,Fusion Drive,,,425,2017,Intel Core i5,27.0,,,"8, 16, 32, 64",8.0,2 TB,
Machines,Mac,iMac,iMac i5 3.5GHz 27-inch (Mid 2017),,3 TB,Fusion Drive,,,450,2017,Intel Core i5,27.0,,,"8, 16, 32, 64",8.0,3 TB,
Machines,Mac,iMac,iMac i5 3.8GHz 27-inch (Mid 2017),,512 GB,SSD,,,300,2017,Intel Core i5,27.0,,,"8, 16, 32, 64",8.0,512 GB,
Machines,Mac,iMac,iMac i5 3.8GHz 27-inch (Mid 2017),,1 TB,SSD,,,375,2017,Intel Core i5,27.0,,,"8, 16, 32, 64",8.0,1 TB,
Machines,Mac,iMac,iMac i5 3.8GHz 27-inch (Mid 2017),,2 TB,Fusion Drive,,,425,2017,Intel Core i5,27.0,,,"8, 16, 32, 64",8.0,2 TB,
Machines,Mac,iMac,iMac i5 3.8GHz 27-inch (Mid 2017),,2 TB,SSD,,,425,2017,Intel Core i5,27.0,,,"8, 16, 32, 64",8.0,2 TB,
Machines,Mac,iMac,iMac i5 3.8GHz 27-inch (Mid 2017),,3 TB,Fusion Drive,,,450,2017,Intel Core i5,27.0,,,"8, 16, 32, 64",8.0,3 TB,
Machines,Mac,iMac,iMac i7 4.2GHz 27-inch (Mid 2017),,256 GB,SSD,,,275,2017,Intel Core i7,27.0,,,"8, 16, 32, 64",8.0,256 GB,
Machines,Mac,iMac,iMac i7 4.2GHz 27-inch (Mid 2017),,512 GB,SSD,,,300,2017,Intel Core i7,27.0,,,"8, 16, 32, 64",8.0,512 GB,
Machines,Mac,iMac,iMac i7 4.2GHz 27-inch (Mid 2017),,1 TB,Fusion Drive,,,400,2017,Intel Core i7,27.0,,,"8, 16, 32, 64",8.0,1 TB,
Machines,Mac,iMac,iMac i7 4.2GHz 27-inch (Mid 2017),,1 TB,SSD,,,400,2017,Intel Core i7,27.0,,,"8, 16, 32, 64",8.0,1 TB,
Machines,Mac,iMac,iMac i7 4.2GHz 27-inch (Mid 2017),,2 TB,Fusion Drive,,,425,2017,Intel Core i7,27.0,,,"8, 16, 32, 64",8.0,2 TB,
Machines,Mac,iMac,iMac i7 4.2GHz 27-inch (Mid 2017),,2 TB,SSD,,,425,2017,Intel Core i7,27.0,,,"8, 16, 32, 64",8.0,2 TB,
Machines,Mac,iMac,iMac i7 4.2GHz 27-inch (Mid 2017),,3 TB,Fusion Drive,,,450,2017,Intel Core i7,27.0,,,"8, 16, 32, 64",8.0,3 TB,
Machines,Mac,iMac Pro,iMac Pro Xeon W 2.3GHz 27-inch (Late 2017),,1 TB,SSD,,,750,2017,Intel Xeon W,27.0,,,"32, 64, 128",32.0,1 TB,
Machines,Mac,iMac Pro,iMac Pro Xeon W 2.3GHz 27-inch (Late 2017),,2 TB,SSD,,,850,2017,Intel Xeon W,27.0,,,"32, 64, 128",32.0,2 TB,
Machines,Mac,iMac Pro,iMac Pro Xeon W 2.3GHz 27-inch (Late 2017),,4 TB,SSD,,,950,2017,Intel Xeon W,27.0,,,"32, 64, 128",32.0,4 TB,
Machines,Mac,iMac Pro,iMac Pro Xeon W 2.5GHz 27-inch (Late 2017),,1 TB,SSD,,,900,2017,Intel Xeon W,27.0,,,"32, 64, 128",32.0,1 TB,
Machines,Mac,iMac Pro,iMac Pro Xeon W 2.5GHz 27-inch (Late 2017),,2 TB,SSD,,,975,2017,Intel Xeon W,27.0,,,"32, 64, 128",32.0,2 TB,
Machines,Mac,iMac Pro,iMac Pro Xeon W 2.5GHz 27-inch (Late 2017),,4 TB,SSD,,,1050,2017,Intel Xeon W,27.0,,,"32, 64, 128",32.0,4 TB,
Machines,Mac,iMac Pro,iMac Pro Xeon W 3.0GHz 27-inch (Late 2017),,1 TB,SSD,,,950,2017,Intel Xeon W,27.0,,,"32, 64, 128",32.0,1 TB,
Machines,Mac,iMac Pro,iMac Pro Xeon W 3.0GHz 27-inch (Late 2017),,2 TB,SSD,,,975,2017,Intel Xeon W,27.0,,,"32, 64, 128",32.0,2 TB,
Machines,Mac,iMac Pro,iMac Pro Xeon W 3.0GHz 27-inch (Late 2017),,4 TB,SSD,,,1000,2017,Intel Xeon W,27.0,,,"32, 64, 128",32.0,4 TB,
Machines,Mac,iMac Pro,iMac Pro Xeon W 3.2GHz 27-inch (Late 2017),,1 TB,SSD,,,750,2017,Intel Xeon W,27.0,,,"32, 64, 128",32.0,1 TB,
Machines,Mac,iMac Pro,iMac Pro Xeon W 3.2GHz 27-inch (Late 2017),,2 TB,SSD,,,850,2017,Intel Xeon W,27.0,,,"32, 64, 128",32.0,2 TB,
Machines,Mac,iMac Pro,iMac Pro Xeon W 3.2GHz 27-inch (Late 2017),,4 TB,SSD,,,950,2017,Intel Xeon W,27.0,,,"32, 64, 128",32.0,4 TB,
Machines,Mac,iMac,iMac i5 3.0GHz 27-inch (Early 2019),,256 GB,SSD,,,350,2019,Intel Core i5,27.0,,,"8, 16, 32, 64",8.0,256 GB,
Machines,Mac,iMac,iMac i5 3.0GHz 27-inch (Early 2019),,512 GB,SSD,,,425,2019,Intel Core i5,27.0,,,"8, 16, 32, 64",8.0,512 GB,
Machines,Mac,iMac,iMac i5 3.0GHz 27-inch (Early 2019),,1 TB,Fusion Drive,,,425,2019,Intel Core i5,27.0,,,"8, 16, 32, 64",8.0,1 TB,
Machines,Mac,iMac,iMac i5 3.0GHz 27-inch (Early 2019),,1 TB,SSD,,,450,2019,Intel Core i5,27.0,,,"8, 16, 32, 64",8.0,1 TB,
Machines,Mac,iMac,iMac i5 3.0GHz 27-inch (Early 2019),,2 TB,Fusion Drive,,,475,2019,Intel Core i5,27.0,,,"8, 16, 32, 64",8.0,2 TB,
Machines,Mac,iMac,iMac i5 3.1GHz 27-inch (Early 2019),,256 GB,SSD,,,450,2019,Intel Core i5,27.0,,,"8, 16, 32, 64",8.0,256 GB,
Machines,Mac,iMac,iMac i5 3.1GHz 27-inch (Early 2019),,512 GB,SSD,,,500,2019,Intel Core i5,27.0,,,"8, 16, 32, 64",8.0,512 GB,
Machines,Mac,iMac,iMac i5 3.1GHz 27-inch (Early 2019),,1 TB,Fusion Drive,,,500,2019,Intel Core i5,27.0,,,"8, 16, 32, 64",8.0,1 TB,
Machines,Mac,iMac,iMac i5 3.1GHz 27-inch (Early 2019),,1 TB,SSD,,,550,2019,Intel Core i5,27.0,,,"8, 16, 32, 64",8.0,1 TB,
Machines,Mac,iMac,iMac i5 3.1GHz 27-inch (Early 2019),,2 TB,Fusion Drive,,,625,2019,Intel Core i5,27.0,,,"8, 16, 32, 64",8.0,2 TB,
Machines,Mac,iMac,iMac i5 3.1GHz 27-inch (Early 2019),,3 TB,Fusion Drive,,,700,2019,Intel Core i5,27.0,,,"8, 16, 32, 64",8.0,3 TB,
Machines,Mac,iMac,iMac i5 3.7GHz 27-inch (Early 2019),,512 GB,SSD,,,625,2019,Intel Core i5,27.0,,,"8, 16, 32, 64",8.0,512 GB,
Machines,Mac,iMac,iMac i5 3.7GHz 27-inch (Early 2019),,1 TB,SSD,,,625,2019,Intel Core i5,27.0,,,"8, 16, 32, 64",8.0,1 TB,
Machines,Mac,iMac,iMac i5 3.7GHz 27-inch (Early 2019),,2 TB,Fusion Drive,,,625,2019,Intel Core i5,27.0,,,"8, 16, 32, 64",8.0,2 TB,
Machines,Mac,iMac,iMac i5 3.7GHz 27-inch (Early 2019),,2 TB,SSD,,,675,2019,Intel Core i5,27.0,,,"8, 16, 32, 64",8.0,2 TB,
Machines,Mac,iMac,iMac i5 3.7GHz 27-inch (Early 2019),,3 TB,Fusion Drive,,,750,2019,Intel Core i5,27.0,,,"8, 16, 32, 64",8.0,3 TB,
Machines,Mac,iMac,iMac i9 3.6GHz 27-inch (Early 2019),,256 GB,SSD,,,850,2019,Intel Core i9,27.0,,,"8, 16, 32, 64",8.0,256 GB,
Machines,Mac,iMac,iMac i9 3.6GHz 27-inch (Early 2019),,512 GB,SSD,,,975,2019,Intel Core i9,27.0,,,"8, 16, 32, 64",8.0,512 GB,
Machines,Mac,iMac,iMac i9 3.6GHz 27-inch (Early 2019),,1 TB,Fusion Drive,,,1100,2019,Intel Core i9,27.0,,,"8, 16, 32, 64",8.0,1 TB,
Machines,Mac,iMac,iMac i9 3.6GHz 27-inch (Early 2019),,1 TB,SSD,,,1175,2019,Intel Core i9,27.0,,,"8, 16, 32, 64",8.0,1 TB,
Machines,Mac,iMac,iMac i9 3.6GHz 27-inch (Early 2019),,2 TB,Fusion Drive,,,1275,2019,Intel Core i9,27.0,,,"8, 16, 32, 64",8.0,2 TB,
Machines,Mac,iMac,iMac i9 3.6GHz 27-inch (Early 2019),,2 TB,SSD,,,1350,2019,Intel Core i9,27.0,,,"8, 16, 32, 64",8.0,2 TB,
Machines,Mac,iMac,iMac i9 3.6GHz 27-inch (Early 2019),,3 TB,Fusion Drive,,,1425,2019,Intel Core i9,27.0,,,"8, 16, 32, 64",8.0,3 TB,
Machines,Mac,iMac,iMac i5 3.1GHz 27-inch (Mid 2020),,256 GB,SSD,,,650,2020,Intel Core i5,27.0,,,"8, 16, 32, 64, 128",8.0,256 GB,
Machines,Mac,iMac,iMac i5 3.3GHz 27-inch (Mid 2020),,512 GB,SSD,,,775,2020,Intel Core i5,27.0,,,"8, 16, 32, 64, 128",8.0,512 GB,
Machines,Mac,iMac,iMac i5 3.3GHz 27-inch (Mid 2020),,1 TB,SSD,,,825,2020,Intel Core i5,27.0,,,"8, 16, 32, 64, 128",8.0,1 TB,
Machines,Mac,iMac,iMac i5 3.3GHz 27-inch (Mid 2020),,2 TB,SSD,,,950,2020,Intel Core i5,27.0,,,"8, 16, 32, 64, 128",8.0,2 TB,
Machines,Mac,iMac,iMac i7 3.8GHz 27-inch (Mid 2020),,512 GB,SSD,,,875,2020,Intel Core i7,27.0,,,"8, 16, 32, 64, 128",8.0,512 GB,
Machines,Mac,iMac,iMac i7 3.8GHz 27-inch (Mid 2020),,1 TB,SSD,,,975,2020,Intel Core i7,27.0,,,"8, 16, 32, 64, 128",8.0,1 TB,
Machines,Mac,iMac,iMac i7 3.8GHz 27-inch (Mid 2020),,2 TB,SSD,,,1025,2020,Intel Core i7,27.0,,,"8, 16, 32, 64, 128",8.0,2 TB,
Machines,Mac,iMac,iMac i7 3.8GHz 27-inch (Mid 2020),,4 TB,SSD,,,1250,2020,Intel Core i7,27.0,,,"8, 16, 32, 64, 128",8.0,4 TB,
Machines,Mac,iMac,iMac i7 3.8GHz 27-inch (Mid 2020),,8 TB,SSD,,,1650,2020,Intel Core i7,27.0,,,"8, 16, 32, 64, 128",8.0,8 TB,
Machines,Mac,iMac,iMac i9 3.6GHz 27-inch (Mid 2020),,512 GB,SSD,,,1175,2020,Intel Core i9,27.0,,,"8, 16, 32, 64, 128",8.0,512 GB,
Machines,Mac,iMac,iMac i9 3.6GHz 27-inch (Mid 2020),,1 TB,SSD,,,1275,2020,Intel Core i9,27.0,,,"8, 16, 32, 64, 128",8.0,1 TB,
Machines,Mac,iMac,iMac i9 3.6GHz 27-inch (Mid 2020),,2 TB,SSD,,,1475,2020,Intel Core i9,27.0,,,"8, 16, 32, 64, 128",8.0,2 TB,
Machines,Mac,iMac,iMac i9 3.6GHz 27-inch (Mid 2020),,4 TB,SSD,,,1650,2020,Intel Core i9,27.0,,,"8, 16, 32, 64, 128",8.0,4 TB,
Machines,Mac,iMac,iMac i9 3.6GHz 27-inch (Mid 2020),,8 TB,SSD,,,1775,2020,Intel Core i9,27.0,,,"8, 16, 32, 64, 128",8.0,8 TB,
Machines,Mac,iMac,iMac M1 8-Core CPU & 7-Core GPU 24-inch (Early 2021),,256 GB,SSD,,,575,2021,M1,24.0,,,"8, 16",8.0,256 GB,M1
Machines,Mac,iMac,iMac M1 8-Core CPU & 7-Core GPU 24-inch (Early 2021),,512 GB,SSD,,,575,2021,M1,24.0,,,"8, 16",8.0,512 GB,M1
Machines,Mac,iMac,iMac M1 8-Core CPU & 7-Core GPU 24-inch (Early 2021),,1 TB,SSD,,,675,2021,M1,24.0,,,"8, 16",8.0,1 TB,M1
Machines,Mac,iMac,iMac M1 8-Core CPU & 8-Core GPU 24-inch (Early 2021),,256 GB,SSD,,,650,2021,M1,24.0,,,"8, 16",8.0,256 GB,M1
Machines,Mac,iMac,iMac M1 8-Core CPU & 8-Core GPU 24-inch (Early 2021),,512 GB,SSD,,,725,2021,M1,24.0,,,"8, 16",8.0,512 GB,M1
Machines,Mac,iMac,iMac M1 8-Core CPU & 8-Core GPU 24-inch (Early 2021),,1 TB,SSD,,,725,2021,M1,24.0,,,"8, 16",8.0,1 TB,M1
Machines,Mac,iMac,iMac M1 8-Core CPU & 8-Core GPU 24-inch (Early 2021),,2 TB,SSD,,,725,2021,M1,24.0,,,"8, 16",8.0,2 TB,M1
Machines,Mac,iMac,iMac M3 8-Core CPU & 8-Core GPU 24-inch (Late 2023),,256 GB,SSD,,,2175,2023,M3,24.0,,,"8, 16, 24",8.0,256 GB,M3
Machines,Mac,iMac,iMac M3 8-Core CPU & 8-Core GPU 24-inch (Late 2023),,512 GB,SSD,,,2500,2023,M3,24.0,,,"8, 16, 24",8.0,512 GB,M3
Machines,Mac,iMac,iMac M3 8-Core CPU & 8-Core GPU 24-inch (Late 2023),,1 TB,SSD,,,2800,2023,M3,24.0,,,"8, 16, 24",8.0,1 TB,M3
Machines,Mac,iMac,iMac M3 8-Core CPU & 10-Core GPU 24-inch (Late 2023),,256 GB,SSD,,,2650,2023,M3,24.0,,,"8, 16, 24",8.0,256 GB,M3
Machines,Mac,iMac,iMac M3 8-Core CPU & 10-Core GPU 24-inch (Late 2023),,512 GB,SSD,,,2950,2023,M3,24.0,,,"8, 16, 24",8.0,512 GB,M3
Machines,Mac,iMac,iMac M3 8-Core CPU & 10-Core GPU 24-inch (Late 2023),,1 TB,SSD,,,3250,2023,M3,24.0,,,"8, 16, 24",8.0,1 TB,M3
Machines,Mac,iMac,iMac M3 8-Core CPU & 10-Core GPU 24-inch (Late 2023),,2 TB,SSD,,,3725,2023,M3,24.0,,,"8, 16, 24",8.0,2 TB,M3
Machines,Mac,iMac,iMac M4 8-Core CPU & 8-Core GPU 24-inch (Late 2024),,256 GB,SSD,,,2450,2024,M4,24.0,,,"16, 24, 32",16.0,256 GB,M4
Machines,Mac,iMac,iMac M4 8-Core CPU & 8-Core GPU 24-inch (Late 2024),,512 GB,SSD,,,2825,2024,M4,24.0,,,"16, 24, 32",16.0,512 GB,M4
Machines,Mac,iMac,iMac M4 8-Core CPU & 8-Core GPU 24-inch (Late 2024),,1 TB,SSD,,,3200,2024,M4,24.0,,,"16, 24, 32",16.0,1 TB,M4
Machines,Mac,iMac,iMac M4 10-Core CPU & 10-Core GPU 24-inch (Late 2024),,256 GB,SSD,,,2725,2024,M4,24.0,,,"16, 24, 32",16.0,256 GB,M4
Machines,Mac,iMac,iMac M4 10-Core CPU & 10-Core GPU 24-inch (Late 2024),,512 GB,SSD,,,3200,2024,M4,24.0,,,"16, 24, 32",16.0,512 GB,M4
Machines,Mac,iMac,iMac M4 10-Core CPU & 10-Core GPU 24-inch (Late 2024),,1 TB,SSD,,,3575,2024,M4,24.0,,,"16, 24, 32",16.0,1 TB,M4
Machines,Mac,iMac,iMac M4 10-Core CPU & 10-Core GPU 24-inch (Late 2024),,2 TB,SSD,,,3925,2024,M4,24.0,,,"16, 24, 32",16.0,2 TB,M4
Machines,Mac,MacBook,MacBook i5 1.3GHz 12-inch (Mid 2017),,256 GB,SSD,,,275,2017,Intel Core i5,12.0,,,"8, 16",8.0,256 GB,
Machines,Mac,MacBook,MacBook i5 1.3GHz 12-inch (Mid 2017),,512 GB,SSD,,,375,2017,Intel Core i5,12.0,,,"8, 16",8.0,512 GB,
Machines,Mac,MacBook,MacBook i7 1.4GHz 12-inch (Mid 2017),,256 GB,SSD,,,325,2017,Intel Core i7,12.0,,,"8, 16",8.0,256 GB,
Machines,Mac,MacBook,MacBook i7 1.4GHz 12-inch (Mid 2017),,512 GB,SSD,,,425,2017,Intel Core i7,12.0,,,"8, 16",8.0,512 GB,
Machines,Mac,MacBook,MacBook M3 1.2GHz 12-inch (Mid 2017),,256 GB,SSD,,,275,2017,Intel Core m3,12.0,,,"8, 16",8.0,256 GB,M3
Machines,Mac,MacBook Air,MacBook Air i5 1.8GHz 13-inch (Mid 2017),,128 GB,SSD,,,175,2017,Intel Core i5,13.0,,,"8, 16",8.0,128 GB,
Machines,Mac,MacBook Air,MacBook Air i5 1.8GHz 13-inch (Mid 2017),,256 GB,SSD,,,225,2017,Intel Core i5,13.0,,,"8, 16",8.0,256 GB,
Machines,Mac,MacBook Air,MacBook Air i5 1.8GHz 13-inch (Mid 2017),,512 GB,SSD,,,250,2017,Intel Core i5,13.0,,,"8, 16",8.0,512 GB,
Machines,Mac,MacBook Air,MacBook Air i7 2.2GHz 13-inch (Mid 2017),,128 GB,SSD,,,250,2017,Intel Core i7,13.0,,,"8, 16",8.0,128 GB,
Machines,Mac,MacBook Air,MacBook Air i7 2.2GHz 13-inch (Mid 2017),,256 GB,SSD,,,300,2017,Intel Core i7,13.0,,,"8, 16",8.0,256 GB,
Machines,Mac,MacBook Air,MacBook Air i7 2.2GHz 13-inch (Mid 2017),,512 GB,SSD,,,425,2017,Intel Core i7,13.0,,,"8, 16",8.0,512 GB,
Machines,Mac,MacBook Air,MacBook Air i5 1.6GHz 13-inch (Late 2018),,128 GB,SSD,,,400,2018,Intel Core i5,13.0,,,"8, 16",8.0,128 GB,
Machines,Mac,MacBook Air,MacBook Air i5 1.6GHz 13-inch (Late 2018),,256 GB,SSD,,,400,2018,Intel Core i5,13.0,,,"8, 16",8.0,256 GB,
Machines,Mac,MacBook Air,MacBook Air i5 1.6GHz 13-inch (Late 2018),,512 GB,SSD,,,475,2018,Intel Core i5,13.0,,,"8, 16",8.0,512 GB,
Machines,Mac,MacBook Air,MacBook Air i5 1.6GHz 13-inch (Late 2018),,1.5 TB,SSD,,,500,2018,Intel Core i5,13.0,,,"8, 16",8.0,1.5 TB,
Machines,Mac,MacBook Air,MacBook Air i5 1.6GHz 13-inch (Mid 2019),,128 GB,SSD,,,400,2019,Intel Core i5,13.0,,,"8, 16",8.0,128 GB,
Machines,Mac,MacBook Air,MacBook Air i5 1.6GHz 13-inch (Mid 2019),,256 GB,SSD,,,400,2019,Intel Core i5,13.0,,,"8, 16",8.0,256 GB,
Machines,Mac,MacBook Air,MacBook Air i5 1.6GHz 13-inch (Mid 2019),,512 GB,SSD,,,475,2019,Intel Core i5,13.0,,,"8, 16",8.0,512 GB,
Machines,Mac,MacBook Air,MacBook Air i5 1.6GHz 13-inch (Mid 2019),,1 TB,SSD,,,475,2019,Intel Core i5,13.0,,,"8, 16",8.0,1 TB,
Machines,Mac,MacBook Air,MacBook Air i3 1.1GHz 13-inch (Early 2020),,256 GB,SSD,,,345,2020,Intel Core i3,13.0,,,"8, 16",8.0,256 GB,
Machines,Mac,MacBook Air,MacBook Air i3 1.1GHz 13-inch (Early 2020),,512 GB,SSD,,,350,2020,Intel Core i3,13.0,,,"8, 16",8.0,512 GB,
Machines,Mac,MacBook Air,MacBook Air i3 1.1GHz 13-inch (Early 2020),,1 TB,SSD,,,350,2020,Intel Core i3,13.0,,,"8, 16",8.0,1 TB,
Machines,Mac,MacBook Air,MacBook Air i3 1.1GHz 13-inch (Early 2020),,2 TB,SSD,,,420,2020,Intel Core i3,13.0,,,"8, 16",8.0,2 TB,
Machines,Mac,MacBook Air,MacBook Air i5 1.1GHz 13-inch (Early 2020),,256 GB,SSD,,,450,2020,Intel Core i5,13.0,,,"8, 16",8.0,256 GB,
Machines,Mac,MacBook Air,MacBook Air i5 1.1GHz 13-inch (Early 2020),,512 GB,SSD,,,475,2020,Intel Core i5,13.0,,,"8, 16",8.0,512 GB,
Machines,Mac,MacBook Air,MacBook Air i5 1.1GHz 13-inch (Early 2020),,1 TB,SSD,,,475,2020,Intel Core i5,13.0,,,"8, 16",8.0,1 TB,
Machines,Mac,MacBook Air,MacBook Air i5 1.1GHz 13-inch (Early 2020),,2 TB,SSD,,,550,2020,Intel Core i5,13.0,,,"8, 16",8.0,2 TB,
Machines,Mac,MacBook Air,MacBook Air i7 1.2GHz 13-inch (Early 2020),,256 GB,SSD,,,475,2020,Intel Core i7,13.0,,,"8, 16",8.0,256 GB,
Machines,Mac,MacBook Air,MacBook Air i7 1.2GHz 13-inch (Early 2020),,512 GB,SSD,,,475,2020,Intel Core i7,13.0,,,"8, 16",8.0,512 GB,
Machines,Mac,MacBook Air,MacBook Air i7 1.2GHz 13-inch (Early 2020),,1 TB,SSD,,,500,2020,Intel Core i7,13.0,,,"8, 16",8.0,1 TB,
Machines,Mac,MacBook Air,MacBook Air i7 1.2GHz 13-inch (Early 2020),,2 TB,SSD,,,575,2020,Intel Core i7,13.0,,,"8, 16",8.0,2 TB,
Machines,Mac,MacBook Air,MacBook Air M1 8-Core CPU & 7-Core GPU 13-inch (Late 2020),,128 GB,SSD,,,505,2020,M1,13.0,,,"8, 16",8.0,128 GB,M1
Machines,Mac,MacBook Air,MacBook Air M1 8-Core CPU & 7-Core GPU 13-inch (Late 2020),,256 GB,SSD,,,605,2020,M1,13.0,,,"8, 16",8.0,256 GB,M1
Machines,Mac,MacBook Air,MacBook Air M1 8-Core CPU & 7-Core GPU 13-inch (Late 2020),,512 GB,SSD,,,605,2020,M1,13.0,,,"8, 16",8.0,512 GB,M1
Machines,Mac,MacBook Air,MacBook Air M1 8-Core CPU & 7-Core GPU 13-inch (Late 2020),,1 TB,SSD,,,605,2020,M1,13.0,,,"8, 16",8.0,1 TB,M1
Machines,Mac,MacBook Air,MacBook Air M1 8-Core CPU & 7-Core GPU 13-inch (Late 2020),,2 TB,SSD,,,705,2020,M1,13.0,,,"8, 16",8.0,2 TB,M1
Machines,Mac,MacBook Air,MacBook Air M1 8-Core CPU & 8-Core GPU 13-inch (Late 2020),,256 GB,SSD,,,570,2020,M1,13.0,,,"8, 16",8.0,256 GB,M1
Machines,Mac,MacBook Air,MacBook Air M1 8-Core CPU & 8-Core GPU 13-inch (Late 2020),,512 GB,SSD,,,655,2020,M1,13.0,,,"8, 16",8.0,512 GB,M1
Machines,Mac,MacBook Air,MacBook Air M1 8-Core CPU & 8-Core GPU 13-inch (Late 2020),,1 TB,SSD,,,705,2020,M1,13.0,,,"8, 16",8.0,1 TB,M1
Machines,Mac,MacBook Air,MacBook Air M1 8-Core CPU & 8-Core GPU 13-inch (Late 2020),,2 TB,SSD,,,755,2020,M1,13.0,,,"8, 16",8.0,2 TB,M1
Machines,Mac,MacBook Air,MacBook Air M2 8-Core CPU & 8-Core GPU 13.6-inch (Mid 2022),,256 GB,SSD,,,1200,2022,M2,13.6,,,"8, 16, 24",8.0,256 GB,M2
Machines,Mac,MacBook Air,MacBook Air M2 8-Core CPU & 8-Core GPU 13.6-inch (Mid 2022),,512 GB,SSD,,,1395,2022,M2,13.6,,,"8, 16, 24",8.0,512 GB,M2
Machines,Mac,MacBook Air,MacBook Air M2 8-Core CPU & 8-Core GPU 13.6-inch (Mid 2022),,1 TB,SSD,,,1550,2022,M2,13.6,,,"8, 16, 24",8.0,1 TB,M2
Machines,Mac,MacBook Air,MacBook Air M2 8-Core CPU & 8-Core GPU 13.6-inch (Mid 2022),,2 TB,SSD,,,1990,2022,M2,13.6,,,"8, 16, 24",8.0,2 TB,M2
Machines,Mac,MacBook Air,MacBook Air M2 8-Core CPU & 10-Core GPU 13.6-inch (Mid 2022),,256 GB,SSD,,,1200,2022,M2,13.6,,,"8, 16, 24",8.0,256 GB,M2
Machines,Mac,MacBook Air,MacBook Air M2 8-Core CPU & 10-Core GPU 13.6-inch (Mid 2022),,512 GB,SSD,,,1395,2022,M2,13.6,,,"8, 16, 24",8.0,512 GB,M2
Machines,Mac,MacBook Air,MacBook Air M2 8-Core CPU & 10-Core GPU 13.6-inch (Mid 2022),,1 TB,SSD,,,1550,2022,M2,13.6,,,"8, 16, 24",8.0,1 TB,M2
Machines,Mac,MacBook Air,MacBook Air M2 8-Core CPU & 10-Core GPU 13.6-inch (Mid 2022),,2 TB,SSD,,,2015,2022,M2,13.6,,,"8, 16, 24",8.0,2 TB,M2
Machines,Mac,MacBook Air,MacBook Air M2 8-Core CPU & 10-Core GPU 15-inch (Mid 2023),,256 GB,SSD,,,1855,2023,M2,15.0,,,"8, 16, 24",8.0,256 GB,M2
Machines,Mac,MacBook Air,MacBook Air M2 8-Core CPU & 10-Core GPU 15-inch (Mid 2023),,512 GB,SSD,,,2015,2023,M2,15.0,,,"8, 16, 24",8.0,512 GB,M2
Machines,Mac,MacBook Air,MacBook Air M2 8-Core CPU & 10-Core GPU 15-inch (Mid 2023),,1 TB,SSD,,,2245,2023,M2,15.0,,,"8, 16, 24",8.0,1 TB,M2
Machines,Mac,MacBook Air,MacBook Air M2 8-Core CPU & 10-Core GPU 15-inch (Mid 2023),,2 TB,SSD,,,2815,2023,M2,15.0,,,"8, 16, 24",8.0,2 TB,M2
Machines,Mac,MacBook Air,MacBook Air M3 8-Core CPU & 8-Core GPU 13.6-inch (Early 2024),,256 GB,SSD,,,1950,2024,M3,13.6,,,"8, 16, 24",8.0,256 GB,M3
Machines,Mac,MacBook Air,MacBook Air M3 8-Core CPU & 10-Core GPU 13.6-inch (Early 2024),,256 GB,SSD,,,1950,2024,M3,13.6,,,"8, 16, 24",8.0,256 GB,M3
Machines,Mac,MacBook Air,MacBook Air M3 8-Core CPU & 10-Core GPU 13.6-inch (Early 2024),,512 GB,SSD,,,2125,2024,M3,13.6,,,"8, 16, 24",8.0,512 GB,M3
Machines,Mac,MacBook Air,MacBook Air M3 8-Core CPU & 10-Core GPU 13.6-inch (Early 2024),,1 TB,SSD,,,2450,2024,M3,13.6,,,"8, 16, 24",8.0,1 TB,M3
Machines,Mac,MacBook Air,MacBook Air M3 8-Core CPU & 10-Core GPU 13.6-inch (Early 2024),,2 TB,SSD,,,3125,2024,M3,13.6,,,"8, 16, 24",8.0,2 TB,M3
Machines,Mac,MacBook Air,MacBook Air M3 8-Core CPU & 10-Core GPU 15-inch (Early 2024),,256 GB,SSD,,,2275,2024,M3,15.0,,,"8, 16, 24",8.0,256 GB,M3
Machines,Mac,MacBook Air,MacBook Air M3 8-Core CPU & 10-Core GPU 15-inch (Early 2024),,512 GB,SSD,,,2500,2024,M3,15.0,,,"8, 16, 24",8.0,512 GB,M3
Machines,Mac,MacBook Air,MacBook Air M3 8-Core CPU & 10-Core GPU 15-inch (Early 2024),,1 TB,SSD,,,3075,2024,M3,15.0,,,"8, 16, 24",8.0,1 TB,M3
Machines,Mac,MacBook Air,MacBook Air M3 8-Core CPU & 10-Core GPU 15-inch (Early 2024),,2 TB,SSD,,,3475,2024,M3,15.0,,,"8, 16, 24",8.0,2 TB,M3
Machines,Mac,MacBook Air,MacBook Air M4 10-Core CPU & 8-Core GPU 13-inch (Early 2025),,256 GB,SSD,,,2250,2025,M4,13.0,,,"16, 24, 32",16.0,256 GB,M4
Machines,Mac,MacBook Air,MacBook Air M4 10-Core CPU & 10-Core GPU 13-inch (Early 2025),,256 GB,SSD,,,2450,2025,M4,13.0,,,"16, 24, 32",16.0,256 GB,M4
Machines,Mac,MacBook Air,MacBook Air M4 10-Core CPU & 10-Core GPU 13-inch (Early 2025),,512 GB,SSD,,,2675,2025,M4,13.0,,,"16, 24, 32",16.0,512 GB,M4
Machines,Mac,MacBook Air,MacBook Air M4 10-Core CPU & 10-Core GPU 13-inch (Early 2025),,1 TB,SSD,,,3125,2025,M4,13.0,,,"16, 24, 32",16.0,1 TB,M4
Machines,Mac,MacBook Air,MacBook Air M4 10-Core CPU & 10-Core GPU 13-inch (Early 2025),,2 TB,SSD,,,4000,2025,M4,13.0,,,"16, 24, 32",16.0,2 TB,M4
Machines,Mac,MacBook Air,MacBook Air M4 10-Core CPU & 10-Core GPU 15-inch (Early 2025),,256 GB,SSD,,,2750,2025,M4,15.0,,,"16, 24, 32",16.0,256 GB,M4
Machines,Mac,MacBook Air,MacBook Air M4 10-Core CPU & 10-Core GPU 15-inch (Early 2025),,512 GB,SSD,,,2975,2025,M4,15.0,,,"16, 24, 32",16.0,512 GB,M4
Machines,Mac,MacBook Air,MacBook Air M4 10-Core CPU & 10-Core GPU 15-inch (Early 2025),,1 TB,SSD,,,3600,2025,M4,15.0,,,"16, 24, 32",16.0,1 TB,M4
Machines,Mac,MacBook Air,MacBook Air M4 10-Core CPU & 10-Core GPU 15-inch (Early 2025),,2 TB,SSD,,,4400,2025,M4,15.0,,,"16, 24, 32",16.0,2 TB,M4
Machines,Mac,MacBook Pro,MacBook Pro i5 2.0GHz 13-inch (Late 2016),,256 GB,SSD,,,250,2016,Intel Core i5,13.0,,,"8, 16",8.0,256 GB,
Machines,Mac,MacBook Pro,MacBook Pro i5 2.0GHz 13-inch (Late 2016),,512 GB,SSD,,,275,2016,Intel Core i5,13.0,,,"8, 16",8.0,512 GB,
Machines,Mac,MacBook Pro,MacBook Pro i5 2.0GHz 13-inch (Late 2016),,1 TB,SSD,,,300,2016,Intel Core i5,13.0,,,"8, 16",8.0,1 TB,
Machines,Mac,MacBook Pro,MacBook Pro i5 2.9GHz 13-inch (Late 2016),,256 GB,SSD,,,350,2016,Intel Core i5,13.0,,,"8, 16",8.0,256 GB,
Machines,Mac,MacBook Pro,MacBook Pro i5 2.9GHz 13-inch (Late 2016),,512 GB,SSD,,,400,2016,Intel Core i5,13.0,,,"8, 16",8.0,512 GB,
Machines,Mac,MacBook Pro,MacBook Pro i5 2.9GHz 13-inch (Late 2016),,1 TB,SSD,,,400,2016,Intel Core i5,13.0,,,"8, 16",8.0,1 TB,
Machines,Mac,MacBook Pro,MacBook Pro i5 3.1GHz 13-inch (Late 2016),,256 GB,SSD,,,400,2016,Intel Core i5,13.0,,,"8, 16",8.0,256 GB,
Machines,Mac,MacBook Pro,MacBook Pro i5 3.1GHz 13-inch (Late 2016),,512 GB,SSD,,,400,2016,Intel Core i5,13.0,,,"8, 16",8.0,512 GB,
Machines,Mac,MacBook Pro,MacBook Pro i5 3.1GHz 13-inch (Late 2016),,1 TB,SSD,,,400,2016,Intel Core i5,13.0,,,"8, 16",8.0,1 TB,
Machines,Mac,MacBook Pro,MacBook Pro i7 2.4GHz 13-inch (Late 2016),,256 GB,SSD,,,300,2016,Intel Core i7,13.0,,,"8, 16",8.0,256 GB,
Machines,Mac,MacBook Pro,MacBook Pro i7 2.4GHz 13-inch (Late 2016),,512 GB,SSD,,,350,2016,Intel Core i7,13.0,,,"8, 16",8.0,512 GB,
Machines,Mac,MacBook Pro,MacBook Pro i7 2.4GHz 13-inch (Late 2016),,1 TB,SSD,,,400,2016,Intel Core i7,13.0,,,"8, 16",8.0,1 TB,
Machines,Mac,MacBook Pro,MacBook Pro i7 2.6GHz 15-inch (Late 2016),,256 GB,SSD,,,650,2016,Intel Core i7,15.0,,,16,16.0,256 GB,
Machines,Mac,MacBook Pro,MacBook Pro i7 2.6GHz 15-inch (Late 2016),,512 GB,SSD,,,675,2016,Intel Core i7,15.0,,,16,16.0,512 GB,
Machines,Mac,MacBook Pro,MacBook Pro i7 2.6GHz 15-inch (Late 2016),,1 TB,SSD,,,700,2016,Intel Core i7,15.0,,,16,16.0,1 TB,
Machines,Mac,MacBook Pro,MacBook Pro i7 2.6GHz 15-inch (Late 2016),,2 TB,SSD,,,750,2016,Intel Core i7,15.0,,,16,16.0,2 TB,
Machines,Mac,MacBook Pro,MacBook Pro i7 2.7GHz 15-inch (Late 2016),,256 GB,SSD,,,650,2016,Intel Core i7,15.0,,,16,16.0,256 GB,
Machines,Mac,MacBook Pro,MacBook Pro i7 2.7GHz 15-inch (Late 2016),,512 GB,SSD,,,675,2016,Intel Core i7,15.0,,,16,16.0,512 GB,
Machines,Mac,MacBook Pro,MacBook Pro i7 2.7GHz 15-inch (Late 2016),,1 TB,SSD,,,700,2016,Intel Core i7,15.0,,,16,16.0,1 TB,
Machines,Mac,MacBook Pro,MacBook Pro i7 2.7GHz 15-inch (Late 2016),,2 TB,SSD,,,750,2016,Intel Core i7,15.0,,,16,16.0,2 TB,
Machines,Mac,MacBook Pro,MacBook Pro i7 2.9GHz 15-inch (Late 2016),,256 GB,SSD,,,650,2016,Intel Core i7,15.0,,,16,16.0,256 GB,
Machines,Mac,MacBook Pro,MacBook Pro i7 2.9GHz 15-inch (Late 2016),,512 GB,SSD,,,675,2016,Intel Core i7,15.0,,,16,16.0,512 GB,
Machines,Mac,MacBook Pro,MacBook Pro i7 2.9GHz 15-inch (Late 2016),,1 TB,SSD,,,700,2016,Intel Core i7,15.0,,,16,16.0,1 TB,
Machines,Mac,MacBook Pro,MacBook Pro i7 2.9GHz 15-inch (Late 2016),,2 TB,SSD,,,750,2016,Intel Core i7,15.0,,,16,16.0,2 TB,
Machines,Mac,MacBook Pro,MacBook Pro i7 3.3GHz 13-inch (Late 2016),,256 GB,SSD,,,400,2016,Intel Core i7,13.0,,,"8, 16",8.0,256 GB,
Machines,Mac,MacBook Pro,MacBook Pro i7 3.3GHz 13-inch (Late 2016),,512 GB,SSD,,,400,2016,Intel Core i7,13.0,,,"8, 16",8.0,512 GB,
Machines,Mac,MacBook Pro,MacBook Pro i7 3.3GHz 13-inch (Late 2016),,1 TB,SSD,,,400,2016,Intel Core i7,13.0,,,"8, 16",8.0,1 TB,
Machines,Mac,MacBook Pro,MacBook Pro i5 2.3GHz 13-inch (Mid 2017),,128 GB,SSD,,,300,2017,Intel Core i5,13.0,,,"8, 16",8.0,128 GB,
Machines,Mac,MacBook Pro,MacBook Pro i5 2.3GHz 13-inch (Mid 2017),,256 GB,SSD,,,425,2017,Intel Core i5,13.0,,,"8, 16",8.0,256 GB,
Machines,Mac,MacBook Pro,MacBook Pro i5 2.3GHz 13-inch (Mid 2017),,512 GB,SSD,,,450,2017,Intel Core i5,13.0,,,"8, 16",8.0,512 GB,
Machines,Mac,MacBook Pro,MacBook Pro i5 2.3GHz 13-inch (Mid 2017),,1 TB,SSD,,,500,2017,Intel Core i5,13.0,,,"8, 16",8.0,1 TB,
Machines,Mac,MacBook Pro,MacBook Pro i5 3.1GHz 13-inch (Mid 2017),,256 GB,SSD,,,450,2017,Intel Core i5,13.0,,,"8, 16",8.0,256 GB,
Machines,Mac,MacBook Pro,MacBook Pro i5 3.1GHz 13-inch (Mid 2017),,512 GB,SSD,,,475,2017,Intel Core i5,13.0,,,"8, 16",8.0,512 GB,
Machines,Mac,MacBook Pro,MacBook Pro i5 3.1GHz 13-inch (Mid 2017),,1 TB,SSD,,,550,2017,Intel Core i5,13.0,,,"8, 16",8.0,1 TB,
Machines,Mac,MacBook Pro,MacBook Pro i5 3.3GHz 13-inch (Mid 2017),,256 GB,SSD,,,450,2017,Intel Core i5,13.0,,,"8, 16",8.0,256 GB,
Machines,Mac,MacBook Pro,MacBook Pro i5 3.3GHz 13-inch (Mid 2017),,512 GB,SSD,,,475,2017,Intel Core i5,13.0,,,"8, 16",8.0,512 GB,
Machines,Mac,MacBook Pro,MacBook Pro i5 3.3GHz 13-inch (Mid 2017),,1 TB,SSD,,,550,2017,Intel Core i5,13.0,,,"8, 16",8.0,1 TB,
Machines,Mac,MacBook Pro,MacBook Pro i7 2.5GHz 13-inch (Mid 2017),,128 GB,SSD,,,300,2017,Intel Core i7,13.0,,,"8, 16",8.0,128 GB,
Machines,Mac,MacBook Pro,MacBook Pro i7 2.5GHz 13-inch (Mid 2017),,256 GB,SSD,,,450,2017,Intel Core i7,13.0,,,"8, 16",8.0,256 GB,
Machines,Mac,MacBook Pro,MacBook Pro i7 2.5GHz 13-inch (Mid 2017),,512 GB,SSD,,,500,2017,Intel Core i7,13.0,,,"8, 16",8.0,512 GB,
Machines,Mac,MacBook Pro,MacBook Pro i7 2.5GHz 13-inch (Mid 2017),,1 TB,SSD,,,550,2017,Intel Core i7,13.0,,,"8, 16",8.0,1 TB,
Machines,Mac,MacBook Pro,MacBook Pro i7 2.8GHz 15-inch (Mid 2017),,256 GB,SSD,,,750,2017,Intel Core i7,15.0,,,"16, 32",16.0,256 GB,
Machines,Mac,MacBook Pro,MacBook Pro i7 2.8GHz 15-inch (Mid 2017),,512 GB,SSD,,,750,2017,Intel Core i7,15.0,,,"16, 32",16.0,512 GB,
Machines,Mac,MacBook Pro,MacBook Pro i7 2.8GHz 15-inch (Mid 2017),,1 TB,SSD,,,775,2017,Intel Core i7,15.0,,,"16, 32",16.0,1 TB,
Machines,Mac,MacBook Pro,MacBook Pro i7 2.8GHz 15-inch (Mid 2017),,2 TB,SSD,,,825,2017,Intel Core i7,15.0,,,"16, 32",16.0,2 TB,
Machines,Mac,MacBook Pro,MacBook Pro i7 2.9GHz 15-inch (Mid 2017),,256 GB,SSD,,,750,2017,Intel Core i7,15.0,,,"16, 32",16.0,256 GB,
Machines,Mac,MacBook Pro,MacBook Pro i7 2.9GHz 15-inch (Mid 2017),,512 GB,SSD,,,750,2017,Intel Core i7,15.0,,,"16, 32",16.0,512 GB,
Machines,Mac,MacBook Pro,MacBook Pro i7 2.9GHz 15-inch (Mid 2017),,1 TB,SSD,,,775,2017,Intel Core i7,15.0,,,"16, 32",16.0,1 TB,
Machines,Mac,MacBook Pro,MacBook Pro i7 2.9GHz 15-inch (Mid 2017),,2 TB,SSD,,,825,2017,Intel Core i7,15.0,,,"16, 32",16.0,2 TB,
Machines,Mac,MacBook Pro,MacBook Pro i7 3.1GHz 15-inch (Mid 2017),,256 GB,SSD,,,750,2017,Intel Core i7,15.0,,,"16, 32",16.0,256 GB,
Machines,Mac,MacBook Pro,MacBook Pro i7 3.1GHz 15-inch (Mid 2017),,512 GB,SSD,,,750,2017,Intel Core i7,15.0,,,"16, 32",16.0,512 GB,
Machines,Mac,MacBook Pro,MacBook Pro i7 3.1GHz 15-inch (Mid 2017),,1 TB,SSD,,,775,2017,Intel Core i7,15.0,,,"16, 32",16.0,1 TB,
Machines,Mac,MacBook Pro,MacBook Pro i7 3.1GHz 15-inch (Mid 2017),,2 TB,SSD,,,825,2017,Intel Core i7,15.0,,,"16, 32",16.0,2 TB,
Machines,Mac,MacBook Pro,MacBook Pro i7 3.5GHz 13-inch (Mid 2017),,256 GB,SSD,,,675,2017,Intel Core i7,13.0,,,"8, 16",8.0,256 GB,
Machines,Mac,MacBook Pro,MacBook Pro i7 3.5GHz 13-inch (Mid 2017),,512 GB,SSD,,,750,2017,Intel Core i7,13.0,,,"8, 16",8.0,512 GB,
Machines,Mac,MacBook Pro,MacBook Pro i7 3.5GHz 13-inch (Mid 2017),,1 TB,SSD,,,775,2017,Intel Core i7,13.0,,,"8, 16",8.0,1 TB,
Machines,Mac,MacBook Pro,MacBook Pro i5 2.3GHz 13-inch (Mid 2018),,256 GB,SSD,,,600,2018,Intel Core i5,13.0,,,"8, 16",8.0,256 GB,
Machines,Mac,MacBook Pro,MacBook Pro i5 2.3GHz 13-inch (Mid 2018),,512 GB,SSD,,,650,2018,Intel Core i5,13.0,,,"8, 16",8.0,512 GB,
Machines,Mac,MacBook Pro,MacBook Pro i5 2.3GHz 13-inch (Mid 2018),,1 TB,SSD,,,675,2018,Intel Core i5,13.0,,,"8, 16",8.0,1 TB,
Machines,Mac,MacBook Pro,MacBook Pro i5 2.3GHz 13-inch (Mid 2018),,2 TB,SSD,,,700,2018,Intel Core i5,13.0,,,"8, 16",8.0,2 TB,
Machines,Mac,MacBook Pro,MacBook Pro i7 2.2GHz 15-inch (Mid 2018),,256 GB,SSD,,,850,2018,Intel Core i7,15.0,,,"16, 32",16.0,256 GB,
Machines,Mac,MacBook Pro,MacBook Pro i7 2.2GHz 15-inch (Mid 2018),,512 GB,SSD,,,850,2018,Intel Core i7,15.0,,,"16, 32",16.0,512 GB,
Machines,Mac,MacBook Pro,MacBook Pro i7 2.2GHz 15-inch (Mid 2018),,1 TB,SSD,,,900,2018,Intel Core i7,15.0,,,"16, 32",16.0,1 TB,
Machines,Mac,MacBook Pro,MacBook Pro i7 2.2GHz 15-inch (Mid 2018),,2 TB,SSD,,,1050,2018,Intel Core i7,15.0,,,"16, 32",16.0,2 TB,
Machines,Mac,MacBook Pro,MacBook Pro i7 2.2GHz 15-inch (Mid 2018),,4 TB,SSD,,,1125,2018,Intel Core i7,15.0,,,"16, 32",16.0,4 TB,
Machines,Mac,MacBook Pro,MacBook Pro i7 2.6GHz 15-inch (Mid 2018),,256 GB,SSD,,,850,2018,Intel Core i7,15.0,,,"16, 32",16.0,256 GB,
Machines,Mac,MacBook Pro,MacBook Pro i7 2.6GHz 15-inch (Mid 2018),,512 GB,SSD,,,900,2018,Intel Core i7,15.0,,,"16, 32",16.0,512 GB,
Machines,Mac,MacBook Pro,MacBook Pro i7 2.6GHz 15-inch (Mid 2018),,1 TB,SSD,,,975,2018,Intel Core i7,15.0,,,"16, 32",16.0,1 TB,
Machines,Mac,MacBook Pro,MacBook Pro i7 2.6GHz 15-inch (Mid 2018),,2 TB,SSD,,,1075,2018,Intel Core i7,15.0,,,"16, 32",16.0,2 TB,
Machines,Mac,MacBook Pro,MacBook Pro i7 2.6GHz 15-inch (Mid 2018),,4 TB,SSD,,,1125,2018,Intel Core i7,15.0,,,"16, 32",16.0,4 TB,
Machines,Mac,MacBook Pro,MacBook Pro i7 2.7GHz 13-inch (Mid 2018),,2 TB,SSD,,,750,2018,Intel Core i7,13.0,,,"8, 16",8.0,2 TB,
Machines,Mac,MacBook Pro,MacBook Pro i9 2.9GHz 15-inch (Mid 2018),,256 GB,SSD,,,850,2018,Intel Core i9,15.0,,,"16, 32",16.0,256 GB,
Machines,Mac,MacBook Pro,MacBook Pro i9 2.9GHz 15-inch (Mid 2018),,512 GB,SSD,,,900,2018,Intel Core i9,15.0,,,"16, 32",16.0,512 GB,
Machines,Mac,MacBook Pro,MacBook Pro i9 2.9GHz 15-inch (Mid 2018),,1 TB,SSD,,,975,2018,Intel Core i9,15.0,,,"16, 32",16.0,1 TB,
Machines,Mac,MacBook Pro,MacBook Pro i9 2.9GHz 15-inch (Mid 2018),,2 TB,SSD,,,1075,2018,Intel Core i9,15.0,,,"16, 32",16.0,2 TB,
Machines,Mac,MacBook Pro,MacBook Pro i9 2.9GHz 15-inch (Mid 2018),,4 TB,SSD,,,1150,2018,Intel Core i9,15.0,,,"16, 32",16.0,4 TB,
Machines,Mac,MacBook Pro,MacBook Pro i5 1.4GHz 13-inch (Mid 2019),,128 GB,SSD,,,400,2019,Intel Core i5,13.0,,,"8, 16",8.0,128 GB,
Machines,Mac,MacBook Pro,MacBook Pro i5 1.4GHz 13-inch (Mid 2019),,256 GB,SSD,,,475,2019,Intel Core i5,13.0,,,"8, 16",8.0,256 GB,
Machines,Mac,MacBook Pro,MacBook Pro i5 1.4GHz 13-inch (Mid 2019),,512 GB,SSD,,,525,2019,Intel Core i5,13.0,,,"8, 16",8.0,512 GB,
Machines,Mac,MacBook Pro,MacBook Pro i5 1.4GHz 13-inch (Mid 2019),,1 TB,SSD,,,600,2019,Intel Core i5,13.0,,,"8, 16",8.0,1 TB,
Machines,Mac,MacBook Pro,MacBook Pro i5 1.4GHz 13-inch (Mid 2019),,2 TB,SSD,,,650,2019,Intel Core i5,13.0,,,"8, 16",8.0,2 TB,
Machines,Mac,MacBook Pro,MacBook Pro i5 2.4GHz 13-inch (Mid 2019),,256 GB,SSD,,,650,2019,Intel Core i5,13.0,,,"8, 16",8.0,256 GB,
Machines,Mac,MacBook Pro,MacBook Pro i5 2.4GHz 13-inch (Mid 2019),,512 GB,SSD,,,650,2019,Intel Core i5,13.0,,,"8, 16",8.0,512 GB,
Machines,Mac,MacBook Pro,MacBook Pro i5 2.4GHz 13-inch (Mid 2019),,1 TB,SSD,,,700,2019,Intel Core i5,13.0,,,"8, 16",8.0,1 TB,
Machines,Mac,MacBook Pro,MacBook Pro i5 2.4GHz 13-inch (Mid 2019),,2 TB,SSD,,,725,2019,Intel Core i5,13.0,,,"8, 16",8.0,2 TB,
Machines,Mac,MacBook Pro,MacBook Pro i7 1.7GHz 13-inch (Mid 2019),,128 GB,SSD,,,475,2019,Intel Core i7,13.0,,,"8, 16",8.0,128 GB,
Machines,Mac,MacBook Pro,MacBook Pro i7 1.7GHz 13-inch (Mid 2019),,256 GB,SSD,,,525,2019,Intel Core i7,13.0,,,"8, 16",8.0,256 GB,
Machines,Mac,MacBook Pro,MacBook Pro i7 1.7GHz 13-inch (Mid 2019),,512 GB,SSD,,,575,2019,Intel Core i7,13.0,,,"8, 16",8.0,512 GB,
Machines,Mac,MacBook Pro,MacBook Pro i7 1.7GHz 13-inch (Mid 2019),,1 TB,SSD,,,650,2019,Intel Core i7,13.0,,,"8, 16",8.0,1 TB,
Machines,Mac,MacBook Pro,MacBook Pro i7 1.7GHz 13-inch (Mid 2019),,2 TB,SSD,,,700,2019,Intel Core i7,13.0,,,"8, 16",8.0,2 TB,
Machines,Mac,MacBook Pro,MacBook Pro i7 2.6GHz 15-inch (Mid 2019),,256 GB,SSD,,,1000,2019,Intel Core i7,15.0,,,"16, 32",16.0,256 GB,
Machines,Mac,MacBook Pro,MacBook Pro i7 2.6GHz 15-inch (Mid 2019),,512 GB,SSD,,,1050,2019,Intel Core i7,15.0,,,"16, 32",16.0,512 GB,
Machines,Mac,MacBook Pro,MacBook Pro i7 2.6GHz 15-inch (Mid 2019),,1 TB,SSD,,,1125,2019,Intel Core i7,15.0,,,"16, 32",16.0,1 TB,
Machines,Mac,MacBook Pro,MacBook Pro i7 2.6GHz 15-inch (Mid 2019),,2 TB,SSD,,,1250,2019,Intel Core i7,15.0,,,"16, 32",16.0,2 TB,
Machines,Mac,MacBook Pro,MacBook Pro i7 2.6GHz 15-inch (Mid 2019),,4 TB,SSD,,,1325,2019,Intel Core i7,15.0,,,"16, 32",16.0,4 TB,
Machines,Mac,MacBook Pro,MacBook Pro i7 2.8GHz 13-inch (Mid 2019),,256 GB,SSD,,,700,2019,Intel Core i7,13.0,,,"8, 16",8.0,256 GB,
Machines,Mac,MacBook Pro,MacBook Pro i7 2.8GHz 13-inch (Mid 2019),,512 GB,SSD,,,725,2019,Intel Core i7,13.0,,,"8, 16",8.0,512 GB,
Machines,Mac,MacBook Pro,MacBook Pro i7 2.8GHz 13-inch (Mid 2019),,1 TB,SSD,,,725,2019,Intel Core i7,13.0,,,"8, 16",8.0,1 TB,
Machines,Mac,MacBook Pro,MacBook Pro i7 2.8GHz 13-inch (Mid 2019),,2 TB,SSD,,,800,2019,Intel Core i7,13.0,,,"8, 16",8.0,2 TB,
Machines,Mac,MacBook Pro,MacBook Pro i9 2.3GHz 15-inch (Mid 2019),,256 GB,SSD,,,1000,2019,Intel Core i9,15.0,,,"16, 32",16.0,256 GB,
Machines,Mac,MacBook Pro,MacBook Pro i9 2.3GHz 15-inch (Mid 2019),,512 GB,SSD,,,1075,2019,Intel Core i9,15.0,,,"16, 32",16.0,512 GB,
Machines,Mac,MacBook Pro,MacBook Pro i9 2.3GHz 15-inch (Mid 2019),,1 TB,SSD,,,1250,2019,Intel Core i9,15.0,,,"16, 32",16.0,1 TB,
Machines,Mac,MacBook Pro,MacBook Pro i9 2.3GHz 15-inch (Mid 2019),,2 TB,SSD,,,1350,2019,Intel Core i9,15.0,,,"16, 32",16.0,2 TB,
Machines,Mac,MacBook Pro,MacBook Pro i9 2.3GHz 15-inch (Mid 2019),,4 TB,SSD,,,1475,2019,Intel Core i9,15.0,,,"16, 32",16.0,4 TB,
Machines,Mac,MacBook Pro,MacBook Pro i9 2.4GHz 15-inch (Mid 2019),,256 GB,SSD,,,1000,2019,Intel Core i9,15.0,,,"16, 32",16.0,256 GB,
Machines,Mac,MacBook Pro,MacBook Pro i9 2.4GHz 15-inch (Mid 2019),,512 GB,SSD,,,1150,2019,Intel Core i9,15.0,,,"16, 32",16.0,512 GB,
Machines,Mac,MacBook Pro,MacBook Pro i9 2.4GHz 15-inch (Mid 2019),,1 TB,SSD,,,1250,2019,Intel Core i9,15.0,,,"16, 32",16.0,1 TB,
Machines,Mac,MacBook Pro,MacBook Pro i9 2.4GHz 15-inch (Mid 2019),,2 TB,SSD,,,1350,2019,Intel Core i9,15.0,,,"16, 32",16.0,2 TB,
Machines,Mac,MacBook Pro,MacBook Pro i9 2.4GHz 15-inch (Mid 2019),,4 TB,SSD,,,1475,2019,Intel Core i9,15.0,,,"16, 32",16.0,4 TB,
Machines,Mac,MacBook Pro,MacBook Pro i7 2.6GHz 16-inch (Late 2019),,512 GB,SSD,,,1075,2019,Intel Core i7,16.0,,,"16, 32, 64",16.0,512 GB,
Machines,Mac,MacBook Pro,MacBook Pro i7 2.6GHz 16-inch (Late 2019),,1 TB,SSD,,,1150,2019,Intel Core i7,16.0,,,"16, 32, 64",16.0,1 TB,
Machines,Mac,MacBook Pro,MacBook Pro i7 2.6GHz 16-inch (Late 2019),,2 TB,SSD,,,1250,2019,Intel Core i7,16.0,,,"16, 32, 64",16.0,2 TB,
Machines,Mac,MacBook Pro,MacBook Pro i7 2.6GHz 16-inch (Late 2019),,4 TB,SSD,,,1350,2019,Intel Core i7,16.0,,,"16, 32, 64",16.0,4 TB,
Machines,Mac,MacBook Pro,MacBook Pro i7 2.6GHz 16-inch (Late 2019),,8 TB,SSD,,,1475,2019,Intel Core i7,16.0,,,"16, 32, 64",16.0,8 TB,
Machines,Mac,MacBook Pro,MacBook Pro i9 2.3GHz 16-inch (Late 2019),,1 TB,SSD,,,1250,2019,Intel Core i9,16.0,,,"16, 32, 64",16.0,1 TB,
Machines,Mac,MacBook Pro,MacBook Pro i9 2.3GHz 16-inch (Late 2019),,2 TB,SSD,,,1350,2019,Intel Core i9,16.0,,,"16, 32, 64",16.0,2 TB,
Machines,Mac,MacBook Pro,MacBook Pro i9 2.3GHz 16-inch (Late 2019),,4 TB,SSD,,,1475,2019,Intel Core i9,16.0,,,"16, 32, 64",16.0,4 TB,
Machines,Mac,MacBook Pro,MacBook Pro i9 2.3GHz 16-inch (Late 2019),,8 TB,SSD,,,1500,2019,Intel Core i9,16.0,,,"16, 32, 64",16.0,8 TB,
Machines,Mac,MacBook Pro,MacBook Pro i9 2.4GHz 16-inch (Late 2019),,512 GB,SSD,,,1150,2019,Intel Core i9,16.0,,,"16, 32, 64",16.0,512 GB,
Machines,Mac,MacBook Pro,MacBook Pro i9 2.4GHz 16-inch (Late 2019),,1 TB,SSD,,,1375,2019,Intel Core i9,16.0,,,"16, 32, 64",16.0,1 TB,
Machines,Mac,MacBook Pro,MacBook Pro i9 2.4GHz 16-inch (Late 2019),,2 TB,SSD,,,1450,2019,Intel Core i9,16.0,,,"16, 32, 64",16.0,2 TB,
Machines,Mac,MacBook Pro,MacBook Pro i9 2.4GHz 16-inch (Late 2019),,4 TB,SSD,,,1575,2019,Intel Core i9,16.0,,,"16, 32, 64",16.0,4 TB,
Machines,Mac,MacBook Pro,MacBook Pro i9 2.4GHz 16-inch (Late 2019),,8 TB,SSD,,,1700,2019,Intel Core i9,16.0,,,"16, 32, 64",16.0,8 TB,
Machines,Mac,MacBook Pro,MacBook Pro i5 1.4GHz 13-inch (Mid 2020),,256 GB,SSD,,,625,2020,Intel Core i5,13.0,,,"8, 16",8.0,256 GB,
Machines,Mac,MacBook Pro,MacBook Pro i5 1.4GHz 13-inch (Mid 2020),,512 GB,SSD,,,675,2020,Intel Core i5,13.0,,,"8, 16",8.0,512 GB,
Machines,Mac,MacBook Pro,MacBook Pro i5 1.4GHz 13-inch (Mid 2020),,1 TB,SSD,,,725,2020,Intel Core i5,13.0,,,"8, 16",8.0,1 TB,
Machines,Mac,MacBook Pro,MacBook Pro i5 1.4GHz 13-inch (Mid 2020),,2 TB,SSD,,,750,2020,Intel Core i5,13.0,,,"8, 16",8.0,2 TB,
Machines,Mac,MacBook Pro,MacBook Pro i5 2.0GHz 13-inch (Mid 2020),,512 GB,SSD,,,725,2020,Intel Core i5,13.0,,,"16, 32",16.0,512 GB,
Machines,Mac,MacBook Pro,MacBook Pro i5 2.0GHz 13-inch (Mid 2020),,1 TB,SSD,,,800,2020,Intel Core i5,13.0,,,"16, 32",16.0,1 TB,
Machines,Mac,MacBook Pro,MacBook Pro i5 2.0GHz 13-inch (Mid 2020),,2 TB,SSD,,,875,2020,Intel Core i5,13.0,,,"16, 32",16.0,2 TB,
Machines,Mac,MacBook Pro,MacBook Pro i5 2.0GHz 13-inch (Mid 2020),,4 TB,SSD,,,1025,2020,Intel Core i5,13.0,,,"16, 32",16.0,4 TB,
Machines,Mac,MacBook Pro,MacBook Pro i7 1.7GHz 13-inch (Mid 2020),,256 GB,SSD,,,750,2020,Intel Core i7,13.0,,,"8, 16",8.0,256 GB,
Machines,Mac,MacBook Pro,MacBook Pro i7 1.7GHz 13-inch (Mid 2020),,512 GB,SSD,,,750,2020,Intel Core i7,13.0,,,"8, 16",8.0,512 GB,
Machines,Mac,MacBook Pro,MacBook Pro i7 1.7GHz 13-inch (Mid 2020),,1 TB,SSD,,,800,2020,Intel Core i7,13.0,,,"8, 16",8.0,1 TB,
Machines,Mac,MacBook Pro,MacBook Pro i7 1.7GHz 13-inch (Mid 2020),,2 TB,SSD,,,875,2020,Intel Core i7,13.0,,,"8, 16",8.0,2 TB,
Machines,Mac,MacBook Pro,MacBook Pro i7 2.3GHz 13-inch (Mid 2020),,512 GB,SSD,,,750,2020,Intel Core i7,13.0,,,"16, 32",16.0,512 GB,
Machines,Mac,MacBook Pro,MacBook Pro i7 2.3GHz 13-inch (Mid 2020),,1 TB,SSD,,,850,2020,Intel Core i7,13.0,,,"16, 32",16.0,1 TB,
Machines,Mac,MacBook Pro,MacBook Pro i7 2.3GHz 13-inch (Mid 2020),,2 TB,SSD,,,925,2020,Intel Core i7,13.0,,,"16, 32",16.0,2 TB,
Machines,Mac,MacBook Pro,MacBook Pro i7 2.3GHz 13-inch (Mid 2020),,4 TB,SSD,,,1075,2020,Intel Core i7,13.0,,,"16, 32",16.0,4 TB,
Machines,Mac,MacBook Pro,MacBook Pro M1 8-Core CPU & 8-Core GPU 13-inch (Late 2020),,256 GB,SSD,,,875,2020,M1,13.0,,,"8, 16",8.0,256 GB,M1
Machines,Mac,MacBook Pro,MacBook Pro M1 8-Core CPU & 8-Core GPU 13-inch (Late 2020),,512 GB,SSD,,,925,2020,M1,13.0,,,"8, 16",8.0,512 GB,M1
Machines,Mac,MacBook Pro,MacBook Pro M1 8-Core CPU & 8-Core GPU 13-inch (Late 2020),,1 TB,SSD,,,1000,2020,M1,13.0,,,"8, 16",8.0,1 TB,M1
Machines,Mac,MacBook Pro,MacBook Pro M1 8-Core CPU & 8-Core GPU 13-inch (Late 2020),,2 TB,SSD,,,1125,2020,M1,13.0,,,"8, 16",8.0,2 TB,M1
Machines,Mac,MacBook Pro,MacBook Pro 14-inch M1 Pro 8-Core CPU & 14-Core GPU (2021),,512 GB,SSD,,,1800,2021,M1 Pro,14.0,,,"16, 32",16.0,512 GB,M1
Machines,Mac,MacBook Pro,MacBook Pro 14-inch M1 Pro 8-Core CPU & 14-Core GPU (2021),,1 TB,SSD,,,2025,2021,M1 Pro,14.0,,,"16, 32",16.0,1 TB,M1
Machines,Mac,MacBook Pro,MacBook Pro 14-inch M1 Pro 8-Core CPU & 14-Core GPU (2021),,2 TB,SSD,,,2050,2021,M1 Pro,14.0,,,"16, 32",16.0,2 TB,M1
Machines,Mac,MacBook Pro,MacBook Pro 14-inch M1 Pro 8-Core CPU & 14-Core GPU (2021),,4 TB,SSD,,,2475,2021,M1 Pro,14.0,,,"16, 32",16.0,4 TB,M1
Machines,Mac,MacBook Pro,MacBook Pro 14-inch M1 Pro 8-Core CPU & 14-Core GPU (2021),,8 TB,SSD,,,3325,2021,M1 Pro,14.0,,,"16, 32",16.0,8 TB,M1
Machines,Mac,MacBook Pro,MacBook Pro 14-inch M1 Pro 10-Core CPU & 14-Core GPU (2021),,512 GB,SSD,,,1950,2021,M1 Pro,14.0,,,"16, 32",16.0,512 GB,M1
Machines,Mac,MacBook Pro,MacBook Pro 14-inch M1 Pro 10-Core CPU & 14-Core GPU (2021),,1 TB,SSD,,,2150,2021,M1 Pro,14.0,,,"16, 32",16.0,1 TB,M1
Machines,Mac,MacBook Pro,MacBook Pro 14-inch M1 Pro 10-Core CPU & 14-Core GPU (2021),,2 TB,SSD,,,2375,2021,M1 Pro,14.0,,,"16, 32",16.0,2 TB,M1
Machines,Mac,MacBook Pro,MacBook Pro 14-inch M1 Pro 10-Core CPU & 14-Core GPU (2021),,4 TB,SSD,,,2850,2021,M1 Pro,14.0,,,"16, 32",16.0,4 TB,M1
Machines,Mac,MacBook Pro,MacBook Pro 14-inch M1 Pro 10-Core CPU & 14-Core GPU (2021),,8 TB,SSD,,,3600,2021,M1 Pro,14.0,,,"16, 32",16.0,8 TB,M1
Machines,Mac,MacBook Pro,MacBook Pro 14-inch M1 Pro 10-Core CPU & 16-Core GPU (2021),,512 GB,SSD,,,2100,2021,M1 Pro,14.0,,,"16, 32",16.0,512 GB,M1
Machines,Mac,MacBook Pro,MacBook Pro 14-inch M1 Pro 10-Core CPU & 16-Core GPU (2021),,1 TB,SSD,,,2275,2021,M1 Pro,14.0,,,"16, 32",16.0,1 TB,M1
Machines,Mac,MacBook Pro,MacBook Pro 14-inch M1 Pro 10-Core CPU & 16-Core GPU (2021),,2 TB,SSD,,,2525,2021,M1 Pro,14.0,,,"16, 32",16.0,2 TB,M1
Machines,Mac,MacBook Pro,MacBook Pro 14-inch M1 Pro 10-Core CPU & 16-Core GPU (2021),,4 TB,SSD,,,3050,2021,M1 Pro,14.0,,,"16, 32",16.0,4 TB,M1
Machines,Mac,MacBook Pro,MacBook Pro 14-inch M1 Pro 10-Core CPU & 16-Core GPU (2021),,8 TB,SSD,,,3725,2021,M1 Pro,14.0,,,"16, 32",16.0,8 TB,M1
Machines,Mac,MacBook Pro,MacBook Pro 14-inch M1 Max 10-Core CPU & 24-Core GPU (2021),,512 GB,SSD,,,2525,2021,M1 Max,14.0,,,"32, 64",32.0,512 GB,M1
Machines,Mac,MacBook Pro,MacBook Pro 14-inch M1 Max 10-Core CPU & 24-Core GPU (2021),,1 TB,SSD,,,2725,2021,M1 Max,14.0,,,"32, 64",32.0,1 TB,M1
Machines,Mac,MacBook Pro,MacBook Pro 14-inch M1 Max 10-Core CPU & 24-Core GPU (2021),,2 TB,SSD,,,2775,2021,M1 Max,14.0,,,"32, 64",32.0,2 TB,M1
Machines,Mac,MacBook Pro,MacBook Pro 14-inch M1 Max 10-Core CPU & 24-Core GPU (2021),,4 TB,SSD,,,3550,2021,M1 Max,14.0,,,"32, 64",32.0,4 TB,M1
Machines,Mac,MacBook Pro,MacBook Pro 14-inch M1 Max 10-Core CPU & 24-Core GPU (2021),,8 TB,SSD,,,4175,2021,M1 Max,14.0,,,"32, 64",32.0,8 TB,M1
Machines,Mac,MacBook Pro,MacBook Pro 14-inch M1 Max 10-Core CPU & 32-Core GPU (2021),,512 GB,SSD,,,2725,2021,M1 Max,14.0,,,"32, 64",32.0,512 GB,M1
Machines,Mac,MacBook Pro,MacBook Pro 14-inch M1 Max 10-Core CPU & 32-Core GPU (2021),,1 TB,SSD,,,2875,2021,M1 Max,14.0,,,"32, 64",32.0,1 TB,M1
Machines,Mac,MacBook Pro,MacBook Pro 14-inch M1 Max 10-Core CPU & 32-Core GPU (2021),,2 TB,SSD,,,3250,2021,M1 Max,14.0,,,"32, 64",32.0,2 TB,M1
Machines,Mac,MacBook Pro,MacBook Pro 14-inch M1 Max 10-Core CPU & 32-Core GPU (2021),,4 TB,SSD,,,3725,2021,M1 Max,14.0,,,"32, 64",32.0,4 TB,M1
Machines,Mac,MacBook Pro,MacBook Pro 14-inch M1 Max 10-Core CPU & 32-Core GPU (2021),,8 TB,SSD,,,4325,2021,M1 Max,14.0,,,"32, 64",32.0,8 TB,M1
Machines,Mac,MacBook Pro,MacBook Pro 16-inch M1 Pro 10-Core CPU & 16-Core GPU (2021),,512 GB,SSD,,,2125,2021,M1 Pro,16.0,,,"16, 32",16.0,512 GB,M1
Machines,Mac,MacBook Pro,MacBook Pro 16-inch M1 Pro 10-Core CPU & 16-Core GPU (2021),,1 TB,SSD,,,2275,2021,M1 Pro,16.0,,,"16, 32",16.0,1 TB,M1
Machines,Mac,MacBook Pro,MacBook Pro 16-inch M1 Pro 10-Core CPU & 16-Core GPU (2021),,2 TB,SSD,,,2650,2021,M1 Pro,16.0,,,"16, 32",16.0,2 TB,M1
Machines,Mac,MacBook Pro,MacBook Pro 16-inch M1 Pro 10-Core CPU & 16-Core GPU (2021),,4 TB,SSD,,,3175,2021,M1 Pro,16.0,,,"16, 32",16.0,4 TB,M1
Machines,Mac,MacBook Pro,MacBook Pro 16-inch M1 Pro 10-Core CPU & 16-Core GPU (2021),,8 TB,SSD,,,3800,2021,M1 Pro,16.0,,,"16, 32",16.0,8 TB,M1
Machines,Mac,MacBook Pro,MacBook Pro 16-inch M1 Max 10-Core CPU & 24-Core GPU (2021),,512 GB,SSD,,,2675,2021,M1 Max,16.0,,,"32, 64",32.0,512 GB,M1
Machines,Mac,MacBook Pro,MacBook Pro 16-inch M1 Max 10-Core CPU & 24-Core GPU (2021),,1 TB,SSD,,,2725,2021,M1 Max,16.0,,,"32, 64",32.0,1 TB,M1
Machines,Mac,MacBook Pro,MacBook Pro 16-inch M1 Max 10-Core CPU & 24-Core GPU (2021),,2 TB,SSD,,,3050,2021,M1 Max,16.0,,,"32, 64",32.0,2 TB,M1
Machines,Mac,MacBook Pro,MacBook Pro 16-inch M1 Max 10-Core CPU & 24-Core GPU (2021),,4 TB,SSD,,,3550,2021,M1 Max,16.0,,,"32, 64",32.0,4 TB,M1
Machines,Mac,MacBook Pro,MacBook Pro 16-inch M1 Max 10-Core CPU & 24-Core GPU (2021),,8 TB,SSD,,,4225,2021,M1 Max,16.0,,,"32, 64",32.0,8 TB,M1
Machines,Mac,MacBook Pro,MacBook Pro 16-inch M1 Max 10-Core CPU & 32-Core GPU (2021),,512 GB,SSD,,,2710,2021,M1 Max,16.0,,,"32, 64",32.0,512 GB,M1
Machines,Mac,MacBook Pro,MacBook Pro 16-inch M1 Max 10-Core CPU & 32-Core GPU (2021),,1 TB,SSD,,,2900,2021,M1 Max,16.0,,,"32, 64",32.0,1 TB,M1
Machines,Mac,MacBook Pro,MacBook Pro 16-inch M1 Max 10-Core CPU & 32-Core GPU (2021),,2 TB,SSD,,,3250,2021,M1 Max,16.0,,,"32, 64",32.0,2 TB,M1
Machines,Mac,MacBook Pro,MacBook Pro 16-inch M1 Max 10-Core CPU & 32-Core GPU (2021),,4 TB,SSD,,,3775,2021,M1 Max,16.0,,,"32, 64",32.0,4 TB,M1
Machines,Mac,MacBook Pro,MacBook Pro 16-inch M1 Max 10-Core CPU & 32-Core GPU (2021),,8 TB,SSD,,,4400,2021,M1 Max,16.0,,,"32, 64",32.0,8 TB,M1
Machines,Mac,MacBook Pro,MacBook Pro M2 8-Core CPU & 10-Core GPU 13-inch (Mid 2022),,256 GB,SSD,,,1375,2022,M2,13.0,,,"8, 16, 24",8.0,256 GB,M2
Machines,Mac,MacBook Pro,MacBook Pro M2 8-Core CPU & 10-Core GPU 13-inch (Mid 2022),,512 GB,SSD,,,1675,2022,M2,13.0,,,"8, 16, 24",8.0,512 GB,M2
Machines,Mac,MacBook Pro,MacBook Pro M2 8-Core CPU & 10-Core GPU 13-inch (Mid 2022),,1 TB,SSD,,,1875,2022,M2,13.0,,,"8, 16, 24",8.0,1 TB,M2
Machines,Mac,MacBook Pro,MacBook Pro M2 8-Core CPU & 10-Core GPU 13-inch (Mid 2022),,2 TB,SSD,,,2225,2022,M2,13.0,,,"8, 16, 24",8.0,2 TB,M2
Machines,Mac,MacBook Pro,MacBook Pro M2 Pro 10-Core CPU & 16-Core GPU 14-inch (Early 2023),,512 GB,SSD,,,2450,2023,M2 Pro,14.0,,,"16, 32",16.0,512 GB,M2
Machines,Mac,MacBook Pro,MacBook Pro M2 Pro 10-Core CPU & 16-Core GPU 14-inch (Early 2023),,1 TB,SSD,,,2625,2023,M2 Pro,14.0,,,"16, 32",16.0,1 TB,M2
Machines,Mac,MacBook Pro,MacBook Pro M2 Pro 10-Core CPU & 16-Core GPU 14-inch (Early 2023),,2 TB,SSD,,,3075,2023,M2 Pro,14.0,,,"16, 32",16.0,2 TB,M2
Machines,Mac,MacBook Pro,MacBook Pro M2 Pro 10-Core CPU & 16-Core GPU 14-inch (Early 2023),,4 TB,SSD,,,3575,2023,M2 Pro,14.0,,,"16, 32",16.0,4 TB,M2
Machines,Mac,MacBook Pro,MacBook Pro M2 Pro 10-Core CPU & 16-Core GPU 14-inch (Early 2023),,8 TB,SSD,,,4050,2023,M2 Pro,14.0,,,"16, 32",16.0,8 TB,M2
Machines,Mac,MacBook Pro,MacBook Pro M2 Pro 12-Core CPU & 19-Core GPU 14-inch (Early 2023),,512 GB,SSD,,,2500,2023,M2 Pro,14.0,,,"16, 32",16.0,512 GB,M2
Machines,Mac,MacBook Pro,MacBook Pro M2 Pro 12-Core CPU & 19-Core GPU 14-inch (Early 2023),,1 TB,SSD,,,2625,2023,M2 Pro,14.0,,,"16, 32",16.0,1 TB,M2
Machines,Mac,MacBook Pro,MacBook Pro M2 Pro 12-Core CPU & 19-Core GPU 14-inch (Early 2023),,2 TB,SSD,,,3275,2023,M2 Pro,14.0,,,"16, 32",16.0,2 TB,M2
Machines,Mac,MacBook Pro,MacBook Pro M2 Pro 12-Core CPU & 19-Core GPU 14-inch (Early 2023),,4 TB,SSD,,,3800,2023,M2 Pro,14.0,,,"16, 32",16.0,4 TB,M2
Machines,Mac,MacBook Pro,MacBook Pro M2 Pro 12-Core CPU & 19-Core GPU 14-inch (Early 2023),,8 TB,SSD,,,4625,2023,M2 Pro,14.0,,,"16, 32",16.0,8 TB,M2
Machines,Mac,MacBook Pro,MacBook Pro M2 Max 12-Core CPU & 30-Core GPU 14-inch (Early 2023),,512 GB,SSD,,,3000,2023,M2 Max,14.0,,,"32, 64",32.0,512 GB,M2
Machines,Mac,MacBook Pro,MacBook Pro M2 Max 12-Core CPU & 30-Core GPU 14-inch (Early 2023),,1 TB,SSD,,,3025,2023,M2 Max,14.0,,,"32, 64",32.0,1 TB,M2
Machines,Mac,MacBook Pro,MacBook Pro M2 Max 12-Core CPU & 30-Core GPU 14-inch (Early 2023),,2 TB,SSD,,,3800,2023,M2 Max,14.0,,,"32, 64",32.0,2 TB,M2
Machines,Mac,MacBook Pro,MacBook Pro M2 Max 12-Core CPU & 30-Core GPU 14-inch (Early 2023),,4 TB,SSD,,,4575,2023,M2 Max,14.0,,,"32, 64",32.0,4 TB,M2
Machines,Mac,MacBook Pro,MacBook Pro M2 Max 12-Core CPU & 30-Core GPU 14-inch (Early 2023),,8 TB,SSD,,,5775,2023,M2 Max,14.0,,,"32, 64",32.0,8 TB,M2
Machines,Mac,MacBook Pro,MacBook Pro M2 Max 12-Core CPU & 38-Core GPU 14-inch (Early 2023),,512 GB,SSD,,,3475,2023,M2 Max,14.0,,,"32, 64, 96",32.0,512 GB,M2
Machines,Mac,MacBook Pro,MacBook Pro M2 Max 12-Core CPU & 38-Core GPU 14-inch (Early 2023),,1 TB,SSD,,,3725,2023,M2 Max,14.0,,,"32, 64, 96",32.0,1 TB,M2
Machines,Mac,MacBook Pro,MacBook Pro M2 Max 12-Core CPU & 38-Core GPU 14-inch (Early 2023),,2 TB,SSD,,,4125,2023,M2 Max,14.0,,,"32, 64, 96",32.0,2 TB,M2
Machines,Mac,MacBook Pro,MacBook Pro M2 Max 12-Core CPU & 38-Core GPU 14-inch (Early 2023),,4 TB,SSD,,,4775,2023,M2 Max,14.0,,,"32, 64, 96",32.0,4 TB,M2
Machines,Mac,MacBook Pro,MacBook Pro M2 Max 12-Core CPU & 38-Core GPU 14-inch (Early 2023),,8 TB,SSD,,,5825,2023,M2 Max,14.0,,,"32, 64, 96",32.0,8 TB,M2
Machines,Mac,MacBook Pro,MacBook Pro M2 Pro 12-Core CPU & 19-Core GPU 16-inch (Early 2023),,512 GB,SSD,,,2925,2023,M2 Pro,16.0,,,"16, 32",16.0,512 GB,M2
Machines,Mac,MacBook Pro,MacBook Pro M2 Pro 12-Core CPU & 19-Core GPU 16-inch (Early 2023),,1 TB,SSD,,,3125,2023,M2 Pro,16.0,,,"16, 32",16.0,1 TB,M2
Machines,Mac,MacBook Pro,MacBook Pro M2 Pro 12-Core CPU & 19-Core GPU 16-inch (Early 2023),,2 TB,SSD,,,3500,2023,M2 Pro,16.0,,,"16, 32",16.0,2 TB,M2
Machines,Mac,MacBook Pro,MacBook Pro M2 Pro 12-Core CPU & 19-Core GPU 16-inch (Early 2023),,4 TB,SSD,,,4300,2023,M2 Pro,16.0,,,"16, 32",16.0,4 TB,M2
Machines,Mac,MacBook Pro,MacBook Pro M2 Pro 12-Core CPU & 19-Core GPU 16-inch (Early 2023),,8 TB,SSD,,,5250,2023,M2 Pro,16.0,,,"16, 32",16.0,8 TB,M2
Machines,Mac,MacBook Pro,MacBook Pro M2 Max 12-Core CPU & 30-Core GPU 16-inch (Early 2023),,512 GB,SSD,,,3600,2023,M2 Max,16.0,,,"32, 64",32.0,512 GB,M2
Machines,Mac,MacBook Pro,MacBook Pro M2 Max 12-Core CPU & 30-Core GPU 16-inch (Early 2023),,1 TB,SSD,,,3825,2023,M2 Max,16.0,,,"32, 64",32.0,1 TB,M2
Machines,Mac,MacBook Pro,MacBook Pro M2 Max 12-Core CPU & 30-Core GPU 16-inch (Early 2023),,2 TB,SSD,,,4125,2023,M2 Max,16.0,,,"32, 64",32.0,2 TB,M2
Machines,Mac,MacBook Pro,MacBook Pro M2 Max 12-Core CPU & 30-Core GPU 16-inch (Early 2023),,4 TB,SSD,,,4725,2023,M2 Max,16.0,,,"32, 64",32.0,4 TB,M2
Machines,Mac,MacBook Pro,MacBook Pro M2 Max 12-Core CPU & 30-Core GPU 16-inch (Early 2023),,8 TB,SSD,,,5950,2023,M2 Max,16.0,,,"32, 64",32.0,8 TB,M2
Machines,Mac,MacBook Pro,MacBook Pro M2 Max 12-Core CPU & 38-Core GPU 16-inch (Early 2023),,512 GB,SSD,,,3925,2023,M2 Max,16.0,,,"32, 64, 96",32.0,512 GB,M2
Machines,Mac,MacBook Pro,MacBook Pro M2 Max 12-Core CPU & 38-Core GPU 16-inch (Early 2023),,1 TB,SSD,,,4000,2023,M2 Max,16.0,,,"32, 64, 96",32.0,1 TB,M2
Machines,Mac,MacBook Pro,MacBook Pro M2 Max 12-Core CPU & 38-Core GPU 16-inch (Early 2023),,2 TB,SSD,,,4500,2023,M2 Max,16.0,,,"32, 64, 96",32.0,2 TB,M2
Machines,Mac,MacBook Pro,MacBook Pro M2 Max 12-Core CPU & 38-Core GPU 16-inch (Early 2023),,4 TB,SSD,,,4950,2023,M2 Max,16.0,,,"32, 64, 96",32.0,4 TB,M2
Machines,Mac,MacBook Pro,MacBook Pro M2 Max 12-Core CPU & 38-Core GPU 16-inch (Early 2023),,8 TB,SSD,,,5975,2023,M2 Max,16.0,,,"32, 64, 96",32.0,8 TB,M2
Machines,Mac,MacBook Pro,MacBook Pro M3 8-Core CPU & 10-Core GPU 14-inch (Late 2023),,512 GB,SSD,,,2525,2023,M3,14.0,,,"8, 16, 24",8.0,512 GB,M3
Machines,Mac,MacBook Pro,MacBook Pro M3 8-Core CPU & 10-Core GPU 14-inch (Late 2023),,1 TB,SSD,,,2800,2023,M3,14.0,,,"8, 16, 24",8.0,1 TB,M3
Machines,Mac,MacBook Pro,MacBook Pro M3 8-Core CPU & 10-Core GPU 14-inch (Late 2023),,2 TB,SSD,,,3375,2023,M3,14.0,,,"8, 16, 24",8.0,2 TB,M3
Machines,Mac,MacBook Pro,MacBook Pro M3 Pro 11-Core CPU & 14-Core GPU 14-inch (Late 2023),,512 GB,SSD,,,3000,2023,M3 Pro,14.0,,,"18, 36",18.0,512 GB,M3
Machines,Mac,MacBook Pro,MacBook Pro M3 Pro 11-Core CPU & 14-Core GPU 14-inch (Late 2023),,1 TB,SSD,,,3300,2023,M3 Pro,14.0,,,"18, 36",18.0,1 TB,M3
Machines,Mac,MacBook Pro,MacBook Pro M3 Pro 11-Core CPU & 14-Core GPU 14-inch (Late 2023),,2 TB,SSD,,,4075,2023,M3 Pro,14.0,,,"18, 36",18.0,2 TB,M3
Machines,Mac,MacBook Pro,MacBook Pro M3 Pro 11-Core CPU & 14-Core GPU 14-inch (Late 2023),,4 TB,SSD,,,4725,2023,M3 Pro,14.0,,,"18, 36",18.0,4 TB,M3
Machines,Mac,MacBook Pro,MacBook Pro M3 Pro 12-Core CPU & 18-Core GPU 14-inch (Late 2023),,512 GB,SSD,,,3400,2023,M3 Pro,14.0,,,"18, 36",18.0,512 GB,M3
Machines,Mac,MacBook Pro,MacBook Pro M3 Pro 12-Core CPU & 18-Core GPU 14-inch (Late 2023),,1 TB,SSD,,,3700,2023,M3 Pro,14.0,,,"18, 36",18.0,1 TB,M3
Machines,Mac,MacBook Pro,MacBook Pro M3 Pro 12-Core CPU & 18-Core GPU 14-inch (Late 2023),,2 TB,SSD,,,4100,2023,M3 Pro,14.0,,,"18, 36",18.0,2 TB,M3
Machines,Mac,MacBook Pro,MacBook Pro M3 Pro 12-Core CPU & 18-Core GPU 14-inch (Late 2023),,4 TB,SSD,,,4725,2023,M3 Pro,14.0,,,"18, 36",18.0,4 TB,M3
Machines,Mac,MacBook Pro,MacBook Pro M3 Max 14-Core CPU & 30-Core GPU 14-inch (Late 2023),,512 GB,SSD,,,4600,2023,M3 Max,14.0,,,"36, 96",36.0,512 GB,M3
Machines,Mac,MacBook Pro,MacBook Pro M3 Max 14-Core CPU & 30-Core GPU 14-inch (Late 2023),,1 TB,SSD,,,4800,2023,M3 Max,14.0,,,"36, 96",36.0,1 TB,M3
Machines,Mac,MacBook Pro,MacBook Pro M3 Max 14-Core CPU & 30-Core GPU 14-inch (Late 2023),,2 TB,SSD,,,5225,2023,M3 Max,14.0,,,"36, 96",36.0,2 TB,M3
Machines,Mac,MacBook Pro,MacBook Pro M3 Max 14-Core CPU & 30-Core GPU 14-inch (Late 2023),,4 TB,SSD,,,6200,2023,M3 Max,14.0,,,"36, 96",36.0,4 TB,M3
Machines,Mac,MacBook Pro,MacBook Pro M3 Max 14-Core CPU & 30-Core GPU 14-inch (Late 2023),,8 TB,SSD,,,7400,2023,M3 Max,14.0,,,"36, 96",36.0,8 TB,M3
Machines,Mac,MacBook Pro,MacBook Pro M3 Max 16-Core CPU & 40-Core GPU 14-inch (Late 2023),,512 GB,SSD,,,5225,2023,M3 Max,14.0,,,"48, 64, 128",48.0,512 GB,M3
Machines,Mac,MacBook Pro,MacBook Pro M3 Max 16-Core CPU & 40-Core GPU 14-inch (Late 2023),,1 TB,SSD,,,5400,2023,M3 Max,14.0,,,"48, 64, 128",48.0,1 TB,M3
Machines,Mac,MacBook Pro,MacBook Pro M3 Max 16-Core CPU & 40-Core GPU 14-inch (Late 2023),,2 TB,SSD,,,6075,2023,M3 Max,14.0,,,"48, 64, 128",48.0,2 TB,M3
Machines,Mac,MacBook Pro,MacBook Pro M3 Max 16-Core CPU & 40-Core GPU 14-inch (Late 2023),,4 TB,SSD,,,6900,2023,M3 Max,14.0,,,"48, 64, 128",48.0,4 TB,M3
Machines,Mac,MacBook Pro,MacBook Pro M3 Max 16-Core CPU & 40-Core GPU 14-inch (Late 2023),,8 TB,SSD,,,8450,2023,M3 Max,14.0,,,"48, 64, 128",48.0,8 TB,M3
Machines,Mac,MacBook Pro,MacBook Pro M3 Pro 12-Core CPU & 18-Core GPU 16-inch (Late 2023),,512 GB,SSD,,,3900,2023,M3 Pro,16.0,,,"18, 36",18.0,512 GB,M3
Machines,Mac,MacBook Pro,MacBook Pro M3 Pro 12-Core CPU & 18-Core GPU 16-inch (Late 2023),,1 TB,SSD,,,4350,2023,M3 Pro,16.0,,,"18, 36",18.0,1 TB,M3
Machines,Mac,MacBook Pro,MacBook Pro M3 Pro 12-Core CPU & 18-Core GPU 16-inch (Late 2023),,2 TB,SSD,,,5100,2023,M3 Pro,16.0,,,"18, 36",18.0,2 TB,M3
Machines,Mac,MacBook Pro,MacBook Pro M3 Pro 12-Core CPU & 18-Core GPU 16-inch (Late 2023),,4 TB,SSD,,,5875,2023,M3 Pro,16.0,,,"18, 36",18.0,4 TB,M3
Machines,Mac,MacBook Pro,MacBook Pro M3 Max 14-Core CPU & 30-Core GPU 16-inch (Late 2023),,512 GB,SSD,,,5200,2023,M3 Max,16.0,,,"36, 96",36.0,512 GB,M3
Machines,Mac,MacBook Pro,MacBook Pro M3 Max 14-Core CPU & 30-Core GPU 16-inch (Late 2023),,1 TB,SSD,,,5650,2023,M3 Max,16.0,,,"36, 96",36.0,1 TB,M3
Machines,Mac,MacBook Pro,MacBook Pro M3 Max 14-Core CPU & 30-Core GPU 16-inch (Late 2023),,2 TB,SSD,,,6125,2023,M3 Max,16.0,,,"36, 96",36.0,2 TB,M3
Machines,Mac,MacBook Pro,MacBook Pro M3 Max 14-Core CPU & 30-Core GPU 16-inch (Late 2023),,4 TB,SSD,,,7000,2023,M3 Max,16.0,,,"36, 96",36.0,4 TB,M3
Machines,Mac,MacBook Pro,MacBook Pro M3 Max 14-Core CPU & 30-Core GPU 16-inch (Late 2023),,8 TB,SSD,,,8700,2023,M3 Max,16.0,,,"36, 96",36.0,8 TB,M3
Machines,Mac,MacBook Pro,MacBook Pro M3 Max 16-Core CPU & 40-Core GPU 16-inch (Late 2023),,512 GB,SSD,,,5975,2023,M3 Max,16.0,,,"48, 64, 128",48.0,512 GB,M3
Machines,Mac,MacBook Pro,MacBook Pro M3 Max 16-Core CPU & 40-Core GPU 16-inch (Late 2023),,1 TB,SSD,,,6425,2023,M3 Max,16.0,,,"48, 64, 128",48.0,1 TB,M3
Machines,Mac,MacBook Pro,MacBook Pro M3 Max 16-Core CPU & 40-Core GPU 16-inch (Late 2023),,2 TB,SSD,,,7000,2023,M3 Max,16.0,,,"48, 64, 128",48.0,2 TB,M3
Machines,Mac,MacBook Pro,MacBook Pro M3 Max 16-Core CPU & 40-Core GPU 16-inch (Late 2023),,4 TB,SSD,,,7775,2023,M3 Max,16.0,,,"48, 64, 128",48.0,4 TB,M3
Machines,Mac,MacBook Pro,MacBook Pro M3 Max 16-Core CPU & 40-Core GPU 16-inch (Late 2023),,8 TB,SSD,,,9550,2023,M3 Max,16.0,,,"48, 64, 128",48.0,8 TB,M3
Machines,Mac,MacBook Pro,MacBook Pro M4 10-Core CPU & 10-Core GPU 14-inch (Late 2024),,512 GB,SSD,,,2925,2024,M4,14.0,,,"16, 24, 32",16.0,512 GB,M4
Machines,Mac,MacBook Pro,MacBook Pro M4 10-Core CPU & 10-Core GPU 14-inch (Late 2024),,1 TB,SSD,,,3300,2024,M4,14.0,,,"16, 24, 32",16.0,1 TB,M4
Machines,Mac,MacBook Pro,MacBook Pro M4 10-Core CPU & 10-Core GPU 14-inch (Late 2024),,2 TB,SSD,,,4100,2024,M4,14.0,,,"16, 24, 32",16.0,2 TB,M4
Machines,Mac,MacBook Pro,MacBook Pro M4 Pro 12-Core CPU & 16-Core GPU 14-inch (Late 2024),,512 GB,SSD,,,3475,2024,M4 Pro,14.0,,,"24, 48, 64",24.0,512 GB,M4
Machines,Mac,MacBook Pro,MacBook Pro M4 Pro 12-Core CPU & 16-Core GPU 14-inch (Late 2024),,1 TB,SSD,,,3900,2024,M4 Pro,14.0,,,"24, 48, 64",24.0,1 TB,M4
Machines,Mac,MacBook Pro,MacBook Pro M4 Pro 12-Core CPU & 16-Core GPU 14-inch (Late 2024),,2 TB,SSD,,,4575,2024,M4 Pro,14.0,,,"24, 48, 64",24.0,2 TB,M4
Machines,Mac,MacBook Pro,MacBook Pro M4 Pro 12-Core CPU & 16-Core GPU 14-inch (Late 2024),,4 TB,SSD,,,5075,2024,M4 Pro,14.0,,,"24, 48, 64",24.0,4 TB,M4
Machines,Mac,MacBook Pro,MacBook Pro M4 Pro 14-Core CPU & 20-Core GPU 14-inch (Late 2024),,512 GB,SSD,,,4150,2024,M4 Pro,14.0,,,"24, 48, 64",24.0,512 GB,M4
Machines,Mac,MacBook Pro,MacBook Pro M4 Pro 14-Core CPU & 20-Core GPU 14-inch (Late 2024),,1 TB,SSD,,,4275,2024,M4 Pro,14.0,,,"24, 48, 64",24.0,1 TB,M4
Machines,Mac,MacBook Pro,MacBook Pro M4 Pro 14-Core CPU & 20-Core GPU 14-inch (Late 2024),,2 TB,SSD,,,4925,2024,M4 Pro,14.0,,,"24, 48, 64",24.0,2 TB,M4
Machines,Mac,MacBook Pro,MacBook Pro M4 Pro 14-Core CPU & 20-Core GPU 14-inch (Late 2024),,4 TB,SSD,,,5800,2024,M4 Pro,14.0,,,"24, 48, 64",24.0,4 TB,M4
Machines,Mac,MacBook Pro,MacBook Pro M4 Max 14-Core CPU & 32-Core GPU 14-inch (Late 2024),,1 TB,SSD,,,5750,2024,M4 Max,14.0,,,"36, 48, 64, 128",36.0,1 TB,M4
Machines,Mac,MacBook Pro,MacBook Pro M4 Max 14-Core CPU & 32-Core GPU 14-inch (Late 2024),,2 TB,SSD,,,6375,2024,M4 Max,14.0,,,"36, 48, 64, 128",36.0,2 TB,M4
Machines,Mac,MacBook Pro,MacBook Pro M4 Max 14-Core CPU & 32-Core GPU 14-inch (Late 2024),,4 TB,SSD,,,7425,2024,M4 Max,14.0,,,"36, 48, 64, 128",36.0,4 TB,M4
Machines,Mac,MacBook Pro,MacBook Pro M4 Max 14-Core CPU & 32-Core GPU 14-inch (Late 2024),,8 TB,SSD,,,8600,2024,M4 Max,14.0,,,"36, 48, 64, 128",36.0,8 TB,M4
Machines,Mac,MacBook Pro,MacBook Pro M4 Pro 14-Core CPU & 20-Core GPU 16-inch (Late 2024),,512 GB,SSD,,,4375,2024,M4 Pro,16.0,,,"24, 48, 64",24.0,512 GB,M4
Machines,Mac,MacBook Pro,MacBook Pro M4 Pro 14-Core CPU & 20-Core GPU 16-inch (Late 2024),,1 TB,SSD,,,4725,2024,M4 Pro,16.0,,,"24, 48, 64",24.0,1 TB,M4
Machines,Mac,MacBook Pro,MacBook Pro M4 Pro 14-Core CPU & 20-Core GPU 16-inch (Late 2024),,2 TB,SSD,,,5400,2024,M4 Pro,16.0,,,"24, 48, 64",24.0,2 TB,M4
Machines,Mac,MacBook Pro,MacBook Pro M4 Pro 14-Core CPU & 20-Core GPU 16-inch (Late 2024),,4 TB,SSD,,,5975,2024,M4 Pro,16.0,,,"24, 48, 64",24.0,4 TB,M4
Machines,Mac,MacBook Pro,MacBook Pro M4 Max 14-Core CPU & 32-Core GPU 16-inch (Late 2024),,1 TB,SSD,,,6100,2024,M4 Max,16.0,,,"36, 48, 64, 128",36.0,1 TB,M4
Machines,Mac,MacBook Pro,MacBook Pro M4 Max 14-Core CPU & 32-Core GPU 16-inch (Late 2024),,2 TB,SSD,,,6775,2024,M4 Max,16.0,,,"36, 48, 64, 128",36.0,2 TB,M4
Machines,Mac,MacBook Pro,MacBook Pro M4 Max 14-Core CPU & 32-Core GPU 16-inch (Late 2024),,4 TB,SSD,,,7775,2024,M4 Max,16.0,,,"36, 48, 64, 128",36.0,4 TB,M4
Machines,Mac,MacBook Pro,MacBook Pro M4 Max 14-Core CPU & 32-Core GPU 16-inch (Late 2024),,8 TB,SSD,,,8875,2024,M4 Max,16.0,,,"36, 48, 64, 128",36.0,8 TB,M4
Machines,Mac,MacBook Pro,MacBook Pro M4 Max 16-Core CPU & 40-Core GPU 14-inch (Late 2024),,1 TB,SSD,,,6550,2024,M4 Max,14.0,,,"36, 48, 64, 128",36.0,1 TB,M4
Machines,Mac,MacBook Pro,MacBook Pro M4 Max 16-Core CPU & 40-Core GPU 14-inch (Late 2024),,2 TB,SSD,,,7125,2024,M4 Max,14.0,,,"36, 48, 64, 128",36.0,2 TB,M4
Machines,Mac,MacBook Pro,MacBook Pro M4 Max 16-Core CPU & 40-Core GPU 14-inch (Late 2024),,4 TB,SSD,,,8125,2024,M4 Max,14.0,,,"36, 48, 64, 128",36.0,4 TB,M4
Machines,Mac,MacBook Pro,MacBook Pro M4 Max 16-Core CPU & 40-Core GPU 14-inch (Late 2024),,8 TB,SSD,,,9200,2024,M4 Max,14.0,,,"36, 48, 64, 128",36.0,8 TB,M4
Machines,Mac,MacBook Pro,MacBook Pro M4 Max 16-Core CPU & 40-Core GPU 16-inch (Late 2024),,1 TB,SSD,,,6750,2024,M4 Max,16.0,,,"36, 48, 64, 128",36.0,1 TB,M4
Machines,Mac,MacBook Pro,MacBook Pro M4 Max 16-Core CPU & 40-Core GPU 16-inch (Late 2024),,2 TB,SSD,,,7375,2024,M4 Max,16.0,,,"36, 48, 64, 128",36.0,2 TB,M4
Machines,Mac,MacBook Pro,MacBook Pro M4 Max 16-Core CPU & 40-Core GPU 16-inch (Late 2024),,4 TB,SSD,,,8650,2024,M4 Max,16.0,,,"36, 48, 64, 128",36.0,4 TB,M4
Machines,Mac,MacBook Pro,MacBook Pro M4 Max 16-Core CPU & 40-Core GPU 16-inch (Late 2024),,8 TB,SSD,,,9900,2024,M4 Max,16.0,,,"36, 48, 64, 128",36.0,8 TB,M4
Machines,Mac,MacBook Pro,MacBook Pro M5 10-Core CPU & 10-Core GPU 14-inch (Late 2025),,512 GB,SSD,,,3950,2025,M5,14.0,,,"16, 24, 32",16.0,512 GB,M5
Machines,Mac,MacBook Pro,MacBook Pro M5 10-Core CPU & 10-Core GPU 14-inch (Late 2025),,1 TB,SSD,,,4425,2025,M5,14.0,,,"16, 24, 32",16.0,1 TB,M5
Machines,Mac,MacBook Pro,MacBook Pro M5 10-Core CPU & 10-Core GPU 14-inch (Late 2025),,2 TB,SSD,,,5400,2025,M5,14.0,,,"16, 24, 32",16.0,2 TB,M5
Machines,Mac,MacBook Pro,MacBook Pro M5 10-Core CPU & 10-Core GPU 14-inch (Late 2025),,4 TB,SSD,,,6350,2025,M5,14.0,,,"16, 24, 32",16.0,4 TB,M5
Switch,Mac,MacBook Air,MacBook Air i3 1.1GHz 13-inch (Early 2020),,256 GB,SSD,,,350,2020,Intel Core i3,13.0,,,"8, 16",8.0,256 GB,
Switch,Mac,MacBook Air,MacBook Air i3 1.1GHz 13-inch (Early 2020),,512 GB,SSD,,,360,2020,Intel Core i3,13.0,,,"8, 16",8.0,512 GB,
Switch,Mac,MacBook Air,MacBook Air i3 1.1GHz 13-inch (Early 2020),,1 TB,SSD,,,370,2020,Intel Core i3,13.0,,,"8, 16",8.0,1 TB,
Switch,Mac,MacBook Air,MacBook Air i3 1.1GHz 13-inch (Early 2020),,2 TB,SSD,,,430,2020,Intel Core i3,13.0,,,"8, 16",8.0,2 TB,
Switch,Mac,MacBook Air,MacBook Air i5 1.1GHz 13-inch (Early 2020),,256 GB,SSD,,,460,2020,Intel Core i5,13.0,,,"8, 16",8.0,256 GB,
Switch,Mac,MacBook Air,MacBook Air i5 1.1GHz 13-inch (Early 2020),,512 GB,SSD,,,500,2020,Intel Core i5,13.0,,,"8, 16",8.0,512 GB,
Switch,Mac,MacBook Air,MacBook Air i5 1.1GHz 13-inch (Early 2020),,1 TB,SSD,,,510,2020,Intel Core i5,13.0,,,"8, 16",8.0,1 TB,
Switch,Mac,MacBook Air,MacBook Air i5 1.1GHz 13-inch (Early 2020),,2 TB,SSD,,,580,2020,Intel Core i5,13.0,,,"8, 16",8.0,2 TB,
Switch,Mac,MacBook Air,MacBook Air i5 1.6GHz 13-inch (Early 2015),,128 GB,SSD,,,50,2015,Intel Core i5,13.0,,,8,8.0,128 GB,
Switch,Mac,MacBook Air,MacBook Air i5 1.6GHz 13-inch (Early 2015),,256 GB,SSD,,,50,2015,Intel Core i5,13.0,,,8,8.0,256 GB,
Switch,Mac,MacBook Air,MacBook Air i5 1.6GHz 13-inch (Early 2015),,512 GB,SSD,,,50,2015,Intel Core i5,13.0,,,8,8.0,512 GB,
Switch,Mac,MacBook Air,MacBook Air i5 1.6GHz 13-inch (Late 2018),,128 GB,SSD,,,250,2018,Intel Core i5,13.0,,,"8, 16",8.0,128 GB,
Switch,Mac,MacBook Air,MacBook Air i5 1.6GHz 13-inch (Late 2018),,256 GB,SSD,,,350,2018,Intel Core i5,13.0,,,"8, 16",8.0,256 GB,
Switch,Mac,MacBook Air,MacBook Air i5 1.6GHz 13-inch (Late 2018),,512 GB,SSD,,,400,2018,Intel Core i5,13.0,,,"8, 16",8.0,512 GB,
Switch,Mac,MacBook Air,MacBook Air i5 1.6GHz 13-inch (Late 2018),,1.5 TB,SSD,,,450,2018,Intel Core i5,13.0,,,"8, 16",8.0,1.5 TB,
Switch,Mac,MacBook Air,MacBook Air i5 1.6GHz 13-inch (Mid 2019),,128 GB,SSD,,,410,2019,Intel Core i5,13.0,,,"8, 16",8.0,128 GB,
Switch,Mac,MacBook Air,MacBook Air i5 1.6GHz 13-inch (Mid 2019),,256 GB,SSD,,,420,2019,Intel Core i5,13.0,,,"8, 16",8.0,256 GB,
Switch,Mac,MacBook Air,MacBook Air i5 1.6GHz 13-inch (Mid 2019),,512 GB,SSD,,,490,2019,Intel Core i5,13.0,,,"8, 16",8.0,512 GB,
Switch,Mac,MacBook Air,MacBook Air i5 1.6GHz 13-inch (Mid 2019),,1 TB,SSD,,,500,2019,Intel Core i5,13.0,,,"8, 16",8.0,1 TB,
Switch,Mac,MacBook Air,MacBook Air i5 1.8GHz 13-inch (Mid 2017),,128 GB,SSD,,,180,2017,Intel Core i5,13.0,,,"8, 16",8.0,128 GB,
Switch,Mac,MacBook Air,MacBook Air i5 1.8GHz 13-inch (Mid 2017),,256 GB,SSD,,,230,2017,Intel Core i5,13.0,,,"8, 16",8.0,256 GB,
Switch,Mac,MacBook Air,MacBook Air i5 1.8GHz 13-inch (Mid 2017),,512 GB,SSD,,,260,2017,Intel Core i5,13.0,,,"8, 16",8.0,512 GB,
Switch,Mac,MacBook Air,MacBook Air i7 1.2GHz 13-inch (Early 2020),,256 GB,SSD,,,490,2020,Intel Core i7,13.0,,,"8, 16",8.0,256 GB,
Switch,Mac,MacBook Air,MacBook Air i7 1.2GHz 13-inch (Early 2020),,512 GB,SSD,,,500,2020,Intel Core i7,13.0,,,"8, 16",8.0,512 GB,
Switch,Mac,MacBook Air,MacBook Air i7 1.2GHz 13-inch (Early 2020),,1 TB,SSD,,,530,2020,Intel Core i7,13.0,,,"8, 16",8.0,1 TB,
Switch,Mac,MacBook Air,MacBook Air i7 1.2GHz 13-inch (Early 2020),,2 TB,SSD,,,600,2020,Intel Core i7,13.0,,,"8, 16",8.0,2 TB,
Switch,Mac,MacBook Air,MacBook Air i7 2.2GHz 13-inch (Early 2015),,128 GB,SSD,,,80,2015,Intel Core i7,13.0,,,8,8.0,128 GB,
Switch,Mac,MacBook Air,MacBook Air i7 2.2GHz 13-inch (Early 2015),,256 GB,SSD,,,80,2015,Intel Core i7,13.0,,,8,8.0,256 GB,
Switch,Mac,MacBook Air,MacBook Air i7 2.2GHz 13-inch (Early 2015),,512 GB,SSD,,,80,2015,Intel Core i7,13.0,,,8,8.0,512 GB,
Switch,Mac,MacBook Air,MacBook Air i7 2.2GHz 13-inch (Mid 2017),,128 GB,SSD,,,260,2017,Intel Core i7,13.0,,,"8, 16",8.0,128 GB,
Switch,Mac,MacBook Air,MacBook Air i7 2.2GHz 13-inch (Mid 2017),,256 GB,SSD,,,310,2017,Intel Core i7,13.0,,,"8, 16",8.0,256 GB,
Switch,Mac,MacBook Air,MacBook Air i7 2.2GHz 13-inch (Mid 2017),,512 GB,SSD,,,430,2017,Intel Core i7,13.0,,,"8, 16",8.0,512 GB,
Switch,Mac,MacBook Air,MacBook Air M1 8-Core CPU & 7-Core GPU 13-inch (Late 2020),,128 GB,SSD,,,460,2020,M1,13.0,,,"8, 16",8.0,128 GB,M1
Switch,Mac,MacBook Air,MacBook Air M1 8-Core CPU & 7-Core GPU 13-inch (Late 2020),,256 GB,SSD,,,560,2020,M1,13.0,,,"8, 16",8.0,256 GB,M1
Switch,Mac,MacBook Air,MacBook Air M1 8-Core CPU & 7-Core GPU 13-inch (Late 2020),,512 GB,SSD,,,570,2020,M1,13.0,,,"8, 16",8.0,512 GB,M1
Switch,Mac,MacBook Air,MacBook Air M1 8-Core CPU & 7-Core GPU 13-inch (Late 2020),,1 TB,SSD,,,580,2020,M1,13.0,,,"8, 16",8.0,1 TB,M1
Switch,Mac,MacBook Air,MacBook Air M1 8-Core CPU & 7-Core GPU 13-inch (Late 2020),,2 TB,SSD,,,660,2020,M1,13.0,,,"8, 16",8.0,2 TB,M1
Switch,Mac,MacBook Air,MacBook Air M1 8-Core CPU & 8-Core GPU 13-inch (Late 2020),,256 GB,SSD,,,580,2020,M1,13.0,,,"8, 16",8.0,256 GB,M1
Switch,Mac,MacBook Air,MacBook Air M1 8-Core CPU & 8-Core GPU 13-inch (Late 2020),,512 GB,SSD,,,610,2020,M1,13.0,,,"8, 16",8.0,512 GB,M1
Switch,Mac,MacBook Air,MacBook Air M1 8-Core CPU & 8-Core GPU 13-inch (Late 2020),,1 TB,SSD,,,680,2020,M1,13.0,,,"8, 16",8.0,1 TB,M1
Switch,Mac,MacBook Air,MacBook Air M1 8-Core CPU & 8-Core GPU 13-inch (Late 2020),,2 TB,SSD,,,710,2020,M1,13.0,,,"8, 16",8.0,2 TB,M1
Switch,Mac,MacBook Air,MacBook Air M2 8-Core CPU & 10-Core GPU 13.6-inch (Mid 2022),,256 GB,SSD,,,1210,2022,M2,13.6,,,"8, 16, 24",8.0,256 GB,M2
Switch,Mac,MacBook Air,MacBook Air M2 8-Core CPU & 10-Core GPU 13.6-inch (Mid 2022),,512 GB,SSD,,,1400,2022,M2,13.6,,,"8, 16, 24",8.0,512 GB,M2
Switch,Mac,MacBook Air,MacBook Air M2 8-Core CPU & 10-Core GPU 13.6-inch (Mid 2022),,1 TB,SSD,,,1560,2022,M2,13.6,,,"8, 16, 24",8.0,1 TB,M2
Switch,Mac,MacBook Air,MacBook Air M2 8-Core CPU & 10-Core GPU 13.6-inch (Mid 2022),,2 TB,SSD,,,2020,2022,M2,13.6,,,"8, 16, 24",8.0,2 TB,M2
Switch,Mac,MacBook Air,MacBook Air M2 8-Core CPU & 10-Core GPU 15-inch (Mid 2023),,256 GB,SSD,,,1860,2023,M2,15.0,,,"8, 16, 24",8.0,256 GB,M2
Switch,Mac,MacBook Air,MacBook Air M2 8-Core CPU & 10-Core GPU 15-inch (Mid 2023),,512 GB,SSD,,,2020,2023,M2,15.0,,,"8, 16, 24",8.0,512 GB,M2
Switch,Mac,MacBook Air,MacBook Air M2 8-Core CPU & 10-Core GPU 15-inch (Mid 2023),,1 TB,SSD,,,2250,2023,M2,15.0,,,"8, 16, 24",8.0,1 TB,M2
Switch,Mac,MacBook Air,MacBook Air M2 8-Core CPU & 10-Core GPU 15-inch (Mid 2023),,2 TB,SSD,,,2820,2023,M2,15.0,,,"8, 16, 24",8.0,2 TB,M2
Switch,Mac,MacBook Air,MacBook Air M2 8-Core CPU & 8-Core GPU 13.6-inch (Mid 2022),,256 GB,SSD,,,1210,2022,M2,13.6,,,"8, 16, 24",8.0,256 GB,M2
Switch,Mac,MacBook Air,MacBook Air M2 8-Core CPU & 8-Core GPU 13.6-inch (Mid 2022),,512 GB,SSD,,,1400,2022,M2,13.6,,,"8, 16, 24",8.0,512 GB,M2
Switch,Mac,MacBook Air,MacBook Air M2 8-Core CPU & 8-Core GPU 13.6-inch (Mid 2022),,1 TB,SSD,,,1560,2022,M2,13.6,,,"8, 16, 24",8.0,1 TB,M2
Switch,Mac,MacBook Air,MacBook Air M2 8-Core CPU & 8-Core GPU 13.6-inch (Mid 2022),,2 TB,SSD,,,1900,2022,M2,13.6,,,"8, 16, 24",8.0,2 TB,M2
Switch,Mac,MacBook Air,MacBook Air M3 8-Core CPU & 10-Core GPU 13.6-inch (Early 2024),,256 GB,SSD,,,1980,2024,M3,13.6,,,"8, 16, 24",8.0,256 GB,M3
Switch,Mac,MacBook Air,MacBook Air M3 8-Core CPU & 10-Core GPU 13.6-inch (Early 2024),,512 GB,SSD,,,2160,2024,M3,13.6,,,"8, 16, 24",8.0,512 GB,M3
Switch,Mac,MacBook Air,MacBook Air M3 8-Core CPU & 10-Core GPU 13.6-inch (Early 2024),,1 TB,SSD,,,2480,2024,M3,13.6,,,"8, 16, 24",8.0,1 TB,M3
Switch,Mac,MacBook Air,MacBook Air M3 8-Core CPU & 10-Core GPU 13.6-inch (Early 2024),,2 TB,SSD,,,3100,2024,M3,13.6,,,"8, 16, 24",8.0,2 TB,M3
Switch,Mac,MacBook Air,MacBook Air M3 8-Core CPU & 10-Core GPU 15-inch (Early 2024),,256 GB,SSD,,,2300,2024,M3,15.0,,,"8, 16, 24",8.0,256 GB,M3
Switch,Mac,MacBook Air,MacBook Air M3 8-Core CPU & 10-Core GPU 15-inch (Early 2024),,512 GB,SSD,,,2540,2024,M3,15.0,,,"8, 16, 24",8.0,512 GB,M3
Switch,Mac,MacBook Air,MacBook Air M3 8-Core CPU & 10-Core GPU 15-inch (Early 2024),,1 TB,SSD,,,3170,2024,M3,15.0,,,"8, 16, 24",8.0,1 TB,M3
Switch,Mac,MacBook Air,MacBook Air M3 8-Core CPU & 10-Core GPU 15-inch (Early 2024),,2 TB,SSD,,,3450,2024,M3,15.0,,,"8, 16, 24",8.0,2 TB,M3
Switch,Mac,MacBook Air,MacBook Air M3 8-Core CPU & 8-Core GPU 13.6-inch (Early 2024),,256 GB,SSD,,,1970,2024,M3,13.6,,,"8, 16, 24",8.0,256 GB,M3
Switch,Mac,MacBook,MacBook i5 1.3GHz 12-inch (Mid 2017),,256 GB,SSD,,,280,2017,Intel Core i5,12.0,,,"8, 16",8.0,256 GB,
Switch,Mac,MacBook,MacBook i5 1.3GHz 12-inch (Mid 2017),,512 GB,SSD,,,330,2017,Intel Core i5,12.0,,,"8, 16",8.0,512 GB,
Switch,Mac,MacBook,MacBook i7 1.4GHz 12-inch (Mid 2017),,256 GB,SSD,,,330,2017,Intel Core i7,12.0,,,"8, 16",8.0,256 GB,
Switch,Mac,MacBook,MacBook i7 1.4GHz 12-inch (Mid 2017),,512 GB,SSD,,,380,2017,Intel Core i7,12.0,,,"8, 16",8.0,512 GB,
Switch,Mac,MacBook,MacBook M3 1.1GHz 12-inch (Early 2016),,256 GB,SSD,,,120,2016,Intel Core m3,12.0,,,8,8.0,256 GB,M3
Switch,Mac,MacBook,MacBook M3 1.2GHz 12-inch (Mid 2017),,256 GB,SSD,,,280,2017,Intel Core m3,12.0,,,"8, 16",8.0,256 GB,M3
Switch,Mac,MacBook,MacBook M5 1.2GHz 12-inch (Early 2016),,512 GB,SSD,,,250,2016,Intel Core m5,12.0,,,8,8.0,512 GB,M5
Switch,Mac,MacBook,MacBook M7 1.3GHz 12-inch (Early 2016),,256 GB,SSD,,,190,2016,Intel Core m7,12.0,,,8,8.0,256 GB,
Switch,Mac,MacBook,MacBook M7 1.3GHz 12-inch (Early 2016),,512 GB,SSD,,,250,2016,Intel Core m7,12.0,,,8,8.0,512 GB,
Switch,Mac,MacBook Pro,MacBook Pro 14-inch M1 Max 10-Core CPU & 24-Core GPU (2021),,512 GB,SSD,,,2520,2021,M1 Max,14.0,,,"32, 64",32.0,512 GB,M1
Switch,Mac,MacBook Pro,MacBook Pro 14-inch M1 Max 10-Core CPU & 24-Core GPU (2021),,1 TB,SSD,,,2680,2021,M1 Max,14.0,,,"32, 64",32.0,1 TB,M1
Switch,Mac,MacBook Pro,MacBook Pro 14-inch M1 Max 10-Core CPU & 24-Core GPU (2021),,2 TB,SSD,,,2680,2021,M1 Max,14.0,,,"32, 64",32.0,2 TB,M1
Switch,Mac,MacBook Pro,MacBook Pro 14-inch M1 Max 10-Core CPU & 24-Core GPU (2021),,4 TB,SSD,,,3510,2021,M1 Max,14.0,,,"32, 64",32.0,4 TB,M1
Switch,Mac,MacBook Pro,MacBook Pro 14-inch M1 Max 10-Core CPU & 24-Core GPU (2021),,8 TB,SSD,,,4380,2021,M1 Max,14.0,,,"32, 64",32.0,8 TB,M1
Switch,Mac,MacBook Pro,MacBook Pro 14-inch M1 Max 10-Core CPU & 32-Core GPU (2021),,512 GB,SSD,,,2690,2021,M1 Max,14.0,,,"32, 64",32.0,512 GB,M1
Switch,Mac,MacBook Pro,MacBook Pro 14-inch M1 Max 10-Core CPU & 32-Core GPU (2021),,1 TB,SSD,,,2780,2021,M1 Max,14.0,,,"32, 64",32.0,1 TB,M1
Switch,Mac,MacBook Pro,MacBook Pro 14-inch M1 Max 10-Core CPU & 32-Core GPU (2021),,2 TB,SSD,,,3130,2021,M1 Max,14.0,,,"32, 64",32.0,2 TB,M1
Switch,Mac,MacBook Pro,MacBook Pro 14-inch M1 Max 10-Core CPU & 32-Core GPU (2021),,4 TB,SSD,,,3580,2021,M1 Max,14.0,,,"32, 64",32.0,4 TB,M1
Switch,Mac,MacBook Pro,MacBook Pro 14-inch M1 Max 10-Core CPU & 32-Core GPU (2021),,8 TB,SSD,,,4550,2021,M1 Max,14.0,,,"32, 64",32.0,8 TB,M1
Switch,Mac,MacBook Pro,MacBook Pro 14-inch M1 Pro 10-Core CPU & 14-Core GPU (2021),,512 GB,SSD,,,1980,2021,M1 Pro,14.0,,,"16, 32",16.0,512 GB,M1
Switch,Mac,MacBook Pro,MacBook Pro 14-inch M1 Pro 10-Core CPU & 14-Core GPU (2021),,1 TB,SSD,,,2170,2021,M1 Pro,14.0,,,"16, 32",16.0,1 TB,M1
Switch,Mac,MacBook Pro,MacBook Pro 14-inch M1 Pro 10-Core CPU & 14-Core GPU (2021),,2 TB,SSD,,,2410,2021,M1 Pro,14.0,,,"16, 32",16.0,2 TB,M1
Switch,Mac,MacBook Pro,MacBook Pro 14-inch M1 Pro 10-Core CPU & 14-Core GPU (2021),,4 TB,SSD,,,2890,2021,M1 Pro,14.0,,,"16, 32",16.0,4 TB,M1
Switch,Mac,MacBook Pro,MacBook Pro 14-inch M1 Pro 10-Core CPU & 14-Core GPU (2021),,8 TB,SSD,,,3970,2021,M1 Pro,14.0,,,"16, 32",16.0,8 TB,M1
Switch,Mac,MacBook Pro,MacBook Pro 14-inch M1 Pro 10-Core CPU & 16-Core GPU (2021),,512 GB,SSD,,,2120,2021,M1 Pro,14.0,,,"16, 32",16.0,512 GB,M1
Switch,Mac,MacBook Pro,MacBook Pro 14-inch M1 Pro 10-Core CPU & 16-Core GPU (2021),,1 TB,SSD,,,2300,2021,M1 Pro,14.0,,,"16, 32",16.0,1 TB,M1
Switch,Mac,MacBook Pro,MacBook Pro 14-inch M1 Pro 10-Core CPU & 16-Core GPU (2021),,2 TB,SSD,,,2560,2021,M1 Pro,14.0,,,"16, 32",16.0,2 TB,M1
Switch,Mac,MacBook Pro,MacBook Pro 14-inch M1 Pro 10-Core CPU & 16-Core GPU (2021),,4 TB,SSD,,,3070,2021,M1 Pro,14.0,,,"16, 32",16.0,4 TB,M1
Switch,Mac,MacBook Pro,MacBook Pro 14-inch M1 Pro 10-Core CPU & 16-Core GPU (2021),,8 TB,SSD,,,4090,2021,M1 Pro,14.0,,,"16, 32",16.0,8 TB,M1
Switch,Mac,MacBook Pro,MacBook Pro 14-inch M1 Pro 8-Core CPU & 14-Core GPU (2021),,512 GB,SSD,,,1840,2021,M1 Pro,14.0,,,"16, 32",16.0,512 GB,M1
Switch,Mac,MacBook Pro,MacBook Pro 14-inch M1 Pro 8-Core CPU & 14-Core GPU (2021),,1 TB,SSD,,,2050,2021,M1 Pro,14.0,,,"16, 32",16.0,1 TB,M1
Switch,Mac,MacBook Pro,MacBook Pro 14-inch M1 Pro 8-Core CPU & 14-Core GPU (2021),,2 TB,SSD,,,2070,2021,M1 Pro,14.0,,,"16, 32",16.0,2 TB,M1
Switch,Mac,MacBook Pro,MacBook Pro 14-inch M1 Pro 8-Core CPU & 14-Core GPU (2021),,4 TB,SSD,,,2510,2021,M1 Pro,14.0,,,"16, 32",16.0,4 TB,M1
Switch,Mac,MacBook Pro,MacBook Pro 14-inch M1 Pro 8-Core CPU & 14-Core GPU (2021),,8 TB,SSD,,,3700,2021,M1 Pro,14.0,,,"16, 32",16.0,8 TB,M1
Switch,Mac,MacBook Pro,MacBook Pro 16-inch M1 Max 10-Core CPU & 24-Core GPU (2021),,512 GB,SSD,,,2700,2021,M1 Max,16.0,,,"32, 64",32.0,512 GB,M1
Switch,Mac,MacBook Pro,MacBook Pro 16-inch M1 Max 10-Core CPU & 24-Core GPU (2021),,1 TB,SSD,,,2750,2021,M1 Max,16.0,,,"32, 64",32.0,1 TB,M1
Switch,Mac,MacBook Pro,MacBook Pro 16-inch M1 Max 10-Core CPU & 24-Core GPU (2021),,2 TB,SSD,,,3090,2021,M1 Max,16.0,,,"32, 64",32.0,2 TB,M1
Switch,Mac,MacBook Pro,MacBook Pro 16-inch M1 Max 10-Core CPU & 24-Core GPU (2021),,4 TB,SSD,,,3590,2021,M1 Max,16.0,,,"32, 64",32.0,4 TB,M1
Switch,Mac,MacBook Pro,MacBook Pro 16-inch M1 Max 10-Core CPU & 24-Core GPU (2021),,8 TB,SSD,,,4610,2021,M1 Max,16.0,,,"32, 64",32.0,8 TB,M1
Switch,Mac,MacBook Pro,MacBook Pro 16-inch M1 Max 10-Core CPU & 32-Core GPU (2021),,512 GB,SSD,,,2720,2021,M1 Max,16.0,,,"32, 64",32.0,512 GB,M1
Switch,Mac,MacBook Pro,MacBook Pro 16-inch M1 Max 10-Core CPU & 32-Core GPU (2021),,1 TB,SSD,,,2920,2021,M1 Max,16.0,,,"32, 64",32.0,1 TB,M1
Switch,Mac,MacBook Pro,MacBook Pro 16-inch M1 Max 10-Core CPU & 32-Core GPU (2021),,2 TB,SSD,,,3260,2021,M1 Max,16.0,,,"32, 64",32.0,2 TB,M1
Switch,Mac,MacBook Pro,MacBook Pro 16-inch M1 Max 10-Core CPU & 32-Core GPU (2021),,4 TB,SSD,,,3800,2021,M1 Max,16.0,,,"32, 64",32.0,4 TB,M1
Switch,Mac,MacBook Pro,MacBook Pro 16-inch M1 Max 10-Core CPU & 32-Core GPU (2021),,8 TB,SSD,,,4770,2021,M1 Max,16.0,,,"32, 64",32.0,8 TB,M1
Switch,Mac,MacBook Pro,MacBook Pro 16-inch M1 Pro 10-Core CPU & 16-Core GPU (2021),,512 GB,SSD,,,2150,2021,M1 Pro,16.0,,,"16, 32",16.0,512 GB,M1
Switch,Mac,MacBook Pro,MacBook Pro 16-inch M1 Pro 10-Core CPU & 16-Core GPU (2021),,1 TB,SSD,,,2320,2021,M1 Pro,16.0,,,"16, 32",16.0,1 TB,M1
Switch,Mac,MacBook Pro,MacBook Pro 16-inch M1 Pro 10-Core CPU & 16-Core GPU (2021),,2 TB,SSD,,,2680,2021,M1 Pro,16.0,,,"16, 32",16.0,2 TB,M1
Switch,Mac,MacBook Pro,MacBook Pro 16-inch M1 Pro 10-Core CPU & 16-Core GPU (2021),,4 TB,SSD,,,3100,2021,M1 Pro,16.0,,,"16, 32",16.0,4 TB,M1
Switch,Mac,MacBook Pro,MacBook Pro 16-inch M1 Pro 10-Core CPU & 16-Core GPU (2021),,8 TB,SSD,,,3400,2021,M1 Pro,16.0,,,"16, 32",16.0,8 TB,M1
Switch,Mac,MacBook Pro,MacBook Pro i5 1.4GHz 13-inch (Mid 2019),,128 GB,SSD,,,420,2019,Intel Core i5,13.0,,,"8, 16",8.0,128 GB,
Switch,Mac,MacBook Pro,MacBook Pro i5 1.4GHz 13-inch (Mid 2019),,256 GB,SSD,,,520,2019,Intel Core i5,13.0,,,"8, 16",8.0,256 GB,
Switch,Mac,MacBook Pro,MacBook Pro i5 1.4GHz 13-inch (Mid 2019),,512 GB,SSD,,,570,2019,Intel Core i5,13.0,,,"8, 16",8.0,512 GB,
Switch,Mac,MacBook Pro,MacBook Pro i5 1.4GHz 13-inch (Mid 2019),,1 TB,SSD,,,640,2019,Intel Core i5,13.0,,,"8, 16",8.0,1 TB,
Switch,Mac,MacBook Pro,MacBook Pro i5 1.4GHz 13-inch (Mid 2019),,2 TB,SSD,,,690,2019,Intel Core i5,13.0,,,"8, 16",8.0,2 TB,
Switch,Mac,MacBook Pro,MacBook Pro i5 1.4GHz 13-inch (Mid 2020),,256 GB,SSD,,,660,2020,Intel Core i5,13.0,,,"8, 16",8.0,256 GB,
Switch,Mac,MacBook Pro,MacBook Pro i5 1.4GHz 13-inch (Mid 2020),,512 GB,SSD,,,710,2020,Intel Core i5,13.0,,,"8, 16",8.0,512 GB,
Switch,Mac,MacBook Pro,MacBook Pro i5 1.4GHz 13-inch (Mid 2020),,1 TB,SSD,,,760,2020,Intel Core i5,13.0,,,"8, 16",8.0,1 TB,
Switch,Mac,MacBook Pro,MacBook Pro i5 1.4GHz 13-inch (Mid 2020),,2 TB,SSD,,,780,2020,Intel Core i5,13.0,,,"8, 16",8.0,2 TB,
Switch,Mac,MacBook Pro,MacBook Pro i5 2.0GHz 13-inch (Late 2016),,256 GB,SSD,,,250,2016,Intel Core i5,13.0,,,"8, 16",8.0,256 GB,
Switch,Mac,MacBook Pro,MacBook Pro i5 2.0GHz 13-inch (Late 2016),,512 GB,SSD,,,300,2016,Intel Core i5,13.0,,,"8, 16",8.0,512 GB,
Switch,Mac,MacBook Pro,MacBook Pro i5 2.0GHz 13-inch (Late 2016),,1 TB,SSD,,,350,2016,Intel Core i5,13.0,,,"8, 16",8.0,1 TB,
Switch,Mac,MacBook Pro,MacBook Pro i5 2.0GHz 13-inch (Mid 2020),,512 GB,SSD,,,760,2020,Intel Core i5,13.0,,,"16, 32",16.0,512 GB,
Switch,Mac,MacBook Pro,MacBook Pro i5 2.0GHz 13-inch (Mid 2020),,1 TB,SSD,,,830,2020,Intel Core i5,13.0,,,"16, 32",16.0,1 TB,
Switch,Mac,MacBook Pro,MacBook Pro i5 2.0GHz 13-inch (Mid 2020),,2 TB,SSD,,,920,2020,Intel Core i5,13.0,,,"16, 32",16.0,2 TB,
Switch,Mac,MacBook Pro,MacBook Pro i5 2.0GHz 13-inch (Mid 2020),,4 TB,SSD,,,1050,2020,Intel Core i5,13.0,,,"16, 32",16.0,4 TB,
Switch,Mac,MacBook Pro,MacBook Pro i5 2.3GHz 13-inch (Mid 2017),,128 GB,SSD,,,350,2017,Intel Core i5,13.0,,,"8, 16",8.0,128 GB,
Switch,Mac,MacBook Pro,MacBook Pro i5 2.3GHz 13-inch (Mid 2017),,256 GB,SSD,,,450,2017,Intel Core i5,13.0,,,"8, 16",8.0,256 GB,
Switch,Mac,MacBook Pro,MacBook Pro i5 2.3GHz 13-inch (Mid 2017),,512 GB,SSD,,,500,2017,Intel Core i5,13.0,,,"8, 16",8.0,512 GB,
Switch,Mac,MacBook Pro,MacBook Pro i5 2.3GHz 13-inch (Mid 2017),,1 TB,SSD,,,550,2017,Intel Core i5,13.0,,,"8, 16",8.0,1 TB,
Switch,Mac,MacBook Pro,MacBook Pro i5 2.3GHz 13-inch (Mid 2018),,256 GB,SSD,,,500,2018,Intel Core i5,13.0,,,"8, 16",8.0,256 GB,
Switch,Mac,MacBook Pro,MacBook Pro i5 2.3GHz 13-inch (Mid 2018),,512 GB,SSD,,,600,2018,Intel Core i5,13.0,,,"8, 16",8.0,512 GB,
Switch,Mac,MacBook Pro,MacBook Pro i5 2.3GHz 13-inch (Mid 2018),,1 TB,SSD,,,700,2018,Intel Core i5,13.0,,,"8, 16",8.0,1 TB,
Switch,Mac,MacBook Pro,MacBook Pro i5 2.3GHz 13-inch (Mid 2018),,2 TB,SSD,,,770,2018,Intel Core i5,13.0,,,"8, 16",8.0,2 TB,
Switch,Mac,MacBook Pro,MacBook Pro i5 2.4GHz 13-inch (Mid 2019),,256 GB,SSD,,,690,2019,Intel Core i5,13.0,,,"8, 16",8.0,256 GB,
Switch,Mac,MacBook Pro,MacBook Pro i5 2.4GHz 13-inch (Mid 2019),,512 GB,SSD,,,700,2019,Intel Core i5,13.0,,,"8, 16",8.0,512 GB,
Switch,Mac,MacBook Pro,MacBook Pro i5 2.4GHz 13-inch (Mid 2019),,1 TB,SSD,,,730,2019,Intel Core i5,13.0,,,"8, 16",8.0,1 TB,
Switch,Mac,MacBook Pro,MacBook Pro i5 2.4GHz 13-inch (Mid 2019),,2 TB,SSD,,,760,2019,Intel Core i5,13.0,,,"8, 16",8.0,2 TB,
Switch,Mac,MacBook Pro,MacBook Pro i5 2.7GHz 13-inch (Early 2015),,128 GB,SSD,,,80,2015,Intel Core i5,13.0,,,"8, 16",8.0,128 GB,
Switch,Mac,MacBook Pro,MacBook Pro i5 2.7GHz 13-inch (Early 2015),,256 GB,SSD,,,80,2015,Intel Core i5,13.0,,,"8, 16",8.0,256 GB,
Switch,Mac,MacBook Pro,MacBook Pro i5 2.7GHz 13-inch (Early 2015),,512 GB,SSD,,,120,2015,Intel Core i5,13.0,,,"8, 16",8.0,512 GB,
Switch,Mac,MacBook Pro,MacBook Pro i5 2.7GHz 13-inch (Early 2015),,1 TB,SSD,,,120,2015,Intel Core i5,13.0,,,"8, 16",8.0,1 TB,
Switch,Mac,MacBook Pro,MacBook Pro i5 2.9GHz 13-inch (Early 2015),,128 GB,SSD,,,120,2015,Intel Core i5,13.0,,,"8, 16",8.0,128 GB,
Switch,Mac,MacBook Pro,MacBook Pro i5 2.9GHz 13-inch (Early 2015),,256 GB,SSD,,,120,2015,Intel Core i5,13.0,,,"8, 16",8.0,256 GB,
Switch,Mac,MacBook Pro,MacBook Pro i5 2.9GHz 13-inch (Early 2015),,512 GB,SSD,,,120,2015,Intel Core i5,13.0,,,"8, 16",8.0,512 GB,
Switch,Mac,MacBook Pro,MacBook Pro i5 2.9GHz 13-inch (Early 2015),,1 TB,SSD,,,120,2015,Intel Core i5,13.0,,,"8, 16",8.0,1 TB,
Switch,Mac,MacBook Pro,MacBook Pro i5 2.9GHz 13-inch (Late 2016),,256 GB,SSD,,,400,2016,Intel Core i5,13.0,,,"8, 16",8.0,256 GB,
Switch,Mac,MacBook Pro,MacBook Pro i5 2.9GHz 13-inch (Late 2016),,512 GB,SSD,,,450,2016,Intel Core i5,13.0,,,"8, 16",8.0,512 GB,
Switch,Mac,MacBook Pro,MacBook Pro i5 2.9GHz 13-inch (Late 2016),,1 TB,SSD,,,460,2016,Intel Core i5,13.0,,,"8, 16",8.0,1 TB,
Switch,Mac,MacBook Pro,MacBook Pro i5 3.1GHz 13-inch (Late 2016),,256 GB,SSD,,,470,2016,Intel Core i5,13.0,,,"8, 16",8.0,256 GB,
Switch,Mac,MacBook Pro,MacBook Pro i5 3.1GHz 13-inch (Late 2016),,512 GB,SSD,,,480,2016,Intel Core i5,13.0,,,"8, 16",8.0,512 GB,
Switch,Mac,MacBook Pro,MacBook Pro i5 3.1GHz 13-inch (Late 2016),,1 TB,SSD,,,490,2016,Intel Core i5,13.0,,,"8, 16",8.0,1 TB,
Switch,Mac,MacBook Pro,MacBook Pro i5 3.1GHz 13-inch (Mid 2017),,256 GB,SSD,,,500,2017,Intel Core i5,13.0,,,"8, 16",8.0,256 GB,
Switch,Mac,MacBook Pro,MacBook Pro i5 3.1GHz 13-inch (Mid 2017),,512 GB,SSD,,,530,2017,Intel Core i5,13.0,,,"8, 16",8.0,512 GB,
Switch,Mac,MacBook Pro,MacBook Pro i5 3.1GHz 13-inch (Mid 2017),,1 TB,SSD,,,600,2017,Intel Core i5,13.0,,,"8, 16",8.0,1 TB,
Switch,Mac,MacBook Pro,MacBook Pro i5 3.3GHz 13-inch (Mid 2017),,256 GB,SSD,,,500,2017,Intel Core i5,13.0,,,"8, 16",8.0,256 GB,
Switch,Mac,MacBook Pro,MacBook Pro i5 3.3GHz 13-inch (Mid 2017),,512 GB,SSD,,,530,2017,Intel Core i5,13.0,,,"8, 16",8.0,512 GB,
Switch,Mac,MacBook Pro,MacBook Pro i5 3.3GHz 13-inch (Mid 2017),,1 TB,SSD,,,600,2017,Intel Core i5,13.0,,,"8, 16",8.0,1 TB,
Switch,Mac,MacBook Pro,MacBook Pro i7 1.7GHz 13-inch (Mid 2019),,128 GB,SSD,,,500,2019,Intel Core i7,13.0,,,"8, 16",8.0,128 GB,
Switch,Mac,MacBook Pro,MacBook Pro i7 1.7GHz 13-inch (Mid 2019),,256 GB,SSD,,,570,2019,Intel Core i7,13.0,,,"8, 16",8.0,256 GB,
Switch,Mac,MacBook Pro,MacBook Pro i7 1.7GHz 13-inch (Mid 2019),,512 GB,SSD,,,610,2019,Intel Core i7,13.0,,,"8, 16",8.0,512 GB,
Switch,Mac,MacBook Pro,MacBook Pro i7 1.7GHz 13-inch (Mid 2019),,1 TB,SSD,,,690,2019,Intel Core i7,13.0,,,"8, 16",8.0,1 TB,
Switch,Mac,MacBook Pro,MacBook Pro i7 1.7GHz 13-inch (Mid 2019),,2 TB,SSD,,,730,2019,Intel Core i7,13.0,,,"8, 16",8.0,2 TB,
Switch,Mac,MacBook Pro,MacBook Pro i7 1.7GHz 13-inch (Mid 2020),,256 GB,SSD,,,780,2020,Intel Core i7,13.0,,,"8, 16",8.0,256 GB,
Switch,Mac,MacBook Pro,MacBook Pro i7 1.7GHz 13-inch (Mid 2020),,512 GB,SSD,,,790,2020,Intel Core i7,13.0,,,"8, 16",8.0,512 GB,
Switch,Mac,MacBook Pro,MacBook Pro i7 1.7GHz 13-inch (Mid 2020),,1 TB,SSD,,,830,2020,Intel Core i7,13.0,,,"8, 16",8.0,1 TB,
Switch,Mac,MacBook Pro,MacBook Pro i7 1.7GHz 13-inch (Mid 2020),,2 TB,SSD,,,920,2020,Intel Core i7,13.0,,,"8, 16",8.0,2 TB,
Switch,Mac,MacBook Pro,MacBook Pro i7 2.2GHz 15-inch (Mid 2015),,256 GB,SSD,,,200,2015,Intel Core i7,15.0,,,16,16.0,256 GB,
Switch,Mac,MacBook Pro,MacBook Pro i7 2.2GHz 15-inch (Mid 2015),,512 GB,SSD,,,200,2015,Intel Core i7,15.0,,,16,16.0,512 GB,
Switch,Mac,MacBook Pro,MacBook Pro i7 2.2GHz 15-inch (Mid 2015),,1 TB,SSD,,,200,2015,Intel Core i7,15.0,,,16,16.0,1 TB,
Switch,Mac,MacBook Pro,MacBook Pro i7 2.2GHz 15-inch (Mid 2018),,256 GB,SSD,,,910,2018,Intel Core i7,15.0,,,"16, 32",16.0,256 GB,
Switch,Mac,MacBook Pro,MacBook Pro i7 2.2GHz 15-inch (Mid 2018),,512 GB,SSD,,,920,2018,Intel Core i7,15.0,,,"16, 32",16.0,512 GB,
Switch,Mac,MacBook Pro,MacBook Pro i7 2.2GHz 15-inch (Mid 2018),,1 TB,SSD,,,960,2018,Intel Core i7,15.0,,,"16, 32",16.0,1 TB,
Switch,Mac,MacBook Pro,MacBook Pro i7 2.2GHz 15-inch (Mid 2018),,2 TB,SSD,,,1110,2018,Intel Core i7,15.0,,,"16, 32",16.0,2 TB,
Switch,Mac,MacBook Pro,MacBook Pro i7 2.2GHz 15-inch (Mid 2018),,4 TB,SSD,,,1210,2018,Intel Core i7,15.0,,,"16, 32",16.0,4 TB,
Switch,Mac,MacBook Pro,MacBook Pro i7 2.3GHz 13-inch (Mid 2020),,512 GB,SSD,,,780,2020,Intel Core i7,13.0,,,"16, 32",16.0,512 GB,
Switch,Mac,MacBook Pro,MacBook Pro i7 2.3GHz 13-inch (Mid 2020),,1 TB,SSD,,,880,2020,Intel Core i7,13.0,,,"16, 32",16.0,1 TB,
Switch,Mac,MacBook Pro,MacBook Pro i7 2.3GHz 13-inch (Mid 2020),,2 TB,SSD,,,960,2020,Intel Core i7,13.0,,,"16, 32",16.0,2 TB,
Switch,Mac,MacBook Pro,MacBook Pro i7 2.3GHz 13-inch (Mid 2020),,4 TB,SSD,,,1100,2020,Intel Core i7,13.0,,,"16, 32",16.0,4 TB,
Switch,Mac,MacBook Pro,MacBook Pro i7 2.4GHz 13-inch (Late 2016),,256 GB,SSD,,,360,2016,Intel Core i7,13.0,,,"8, 16",8.0,256 GB,
Switch,Mac,MacBook Pro,MacBook Pro i7 2.4GHz 13-inch (Late 2016),,512 GB,SSD,,,400,2016,Intel Core i7,13.0,,,"8, 16",8.0,512 GB,
Switch,Mac,MacBook Pro,MacBook Pro i7 2.4GHz 13-inch (Late 2016),,1 TB,SSD,,,450,2016,Intel Core i7,13.0,,,"8, 16",8.0,1 TB,
Switch,Mac,MacBook Pro,MacBook Pro i7 2.5GHz 13-inch (Mid 2017),,128 GB,SSD,,,360,2017,Intel Core i7,13.0,,,"8, 16",8.0,128 GB,
Switch,Mac,MacBook Pro,MacBook Pro i7 2.5GHz 13-inch (Mid 2017),,256 GB,SSD,,,500,2017,Intel Core i7,13.0,,,"8, 16",8.0,256 GB,
Switch,Mac,MacBook Pro,MacBook Pro i7 2.5GHz 13-inch (Mid 2017),,512 GB,SSD,,,550,2017,Intel Core i7,13.0,,,"8, 16",8.0,512 GB,
Switch,Mac,MacBook Pro,MacBook Pro i7 2.5GHz 13-inch (Mid 2017),,1 TB,SSD,,,600,2017,Intel Core i7,13.0,,,"8, 16",8.0,1 TB,
Switch,Mac,MacBook Pro,MacBook Pro i7 2.5GHz 15-inch (Mid 2015),,256 GB,SSD,,,200,2015,Intel Core i7,15.0,,,16,16.0,256 GB,
Switch,Mac,MacBook Pro,MacBook Pro i7 2.5GHz 15-inch (Mid 2015),,512 GB,SSD,,,240,2015,Intel Core i7,15.0,,,16,16.0,512 GB,
Switch,Mac,MacBook Pro,MacBook Pro i7 2.5GHz 15-inch (Mid 2015),,1 TB,SSD,,,250,2015,Intel Core i7,15.0,,,16,16.0,1 TB,
Switch,Mac,MacBook Pro,MacBook Pro i7 2.6GHz 15-inch (Late 2016),,256 GB,SSD,,,600,2016,Intel Core i7,15.0,,,16,16.0,256 GB,
Switch,Mac,MacBook Pro,MacBook Pro i7 2.6GHz 15-inch (Late 2016),,512 GB,SSD,,,700,2016,Intel Core i7,15.0,,,16,16.0,512 GB,
Switch,Mac,MacBook Pro,MacBook Pro i7 2.6GHz 15-inch (Late 2016),,1 TB,SSD,,,770,2016,Intel Core i7,15.0,,,16,16.0,1 TB,
Switch,Mac,MacBook Pro,MacBook Pro i7 2.6GHz 15-inch (Late 2016),,2 TB,SSD,,,820,2016,Intel Core i7,15.0,,,16,16.0,2 TB,
Switch,Mac,MacBook Pro,MacBook Pro i7 2.6GHz 15-inch (Mid 2018),,256 GB,SSD,,,800,2018,Intel Core i7,15.0,,,"16, 32",16.0,256 GB,
Switch,Mac,MacBook Pro,MacBook Pro i7 2.6GHz 15-inch (Mid 2018),,512 GB,SSD,,,900,2018,Intel Core i7,15.0,,,"16, 32",16.0,512 GB,
Switch,Mac,MacBook Pro,MacBook Pro i7 2.6GHz 15-inch (Mid 2018),,1 TB,SSD,,,950,2018,Intel Core i7,15.0,,,"16, 32",16.0,1 TB,
Switch,Mac,MacBook Pro,MacBook Pro i7 2.6GHz 15-inch (Mid 2018),,2 TB,SSD,,,1050,2018,Intel Core i7,15.0,,,"16, 32",16.0,2 TB,
Switch,Mac,MacBook Pro,MacBook Pro i7 2.6GHz 15-inch (Mid 2018),,4 TB,SSD,,,1150,2018,Intel Core i7,15.0,,,"16, 32",16.0,4 TB,
Switch,Mac,MacBook Pro,MacBook Pro i7 2.6GHz 15-inch (Mid 2019),,256 GB,SSD,,,1030,2019,Intel Core i7,15.0,,,"16, 32",16.0,256 GB,
Switch,Mac,MacBook Pro,MacBook Pro i7 2.6GHz 15-inch (Mid 2019),,512 GB,SSD,,,1070,2019,Intel Core i7,15.0,,,"16, 32",16.0,512 GB,
Switch,Mac,MacBook Pro,MacBook Pro i7 2.6GHz 15-inch (Mid 2019),,1 TB,SSD,,,1150,2019,Intel Core i7,15.0,,,"16, 32",16.0,1 TB,
Switch,Mac,MacBook Pro,MacBook Pro i7 2.6GHz 15-inch (Mid 2019),,2 TB,SSD,,,1270,2019,Intel Core i7,15.0,,,"16, 32",16.0,2 TB,
Switch,Mac,MacBook Pro,MacBook Pro i7 2.6GHz 15-inch (Mid 2019),,4 TB,SSD,,,1370,2019,Intel Core i7,15.0,,,"16, 32",16.0,4 TB,
Switch,Mac,MacBook Pro,MacBook Pro i7 2.6GHz 16-inch (Late 2019),,512 GB,SSD,,,1100,2019,Intel Core i7,16.0,,,"16, 32, 64",16.0,512 GB,
Switch,Mac,MacBook Pro,MacBook Pro i7 2.6GHz 16-inch (Late 2019),,1 TB,SSD,,,1190,2019,Intel Core i7,16.0,,,"16, 32, 64",16.0,1 TB,
Switch,Mac,MacBook Pro,MacBook Pro i7 2.6GHz 16-inch (Late 2019),,2 TB,SSD,,,1290,2019,Intel Core i7,16.0,,,"16, 32, 64",16.0,2 TB,
Switch,Mac,MacBook Pro,MacBook Pro i7 2.6GHz 16-inch (Late 2019),,4 TB,SSD,,,1380,2019,Intel Core i7,16.0,,,"16, 32, 64",16.0,4 TB,
Switch,Mac,MacBook Pro,MacBook Pro i7 2.6GHz 16-inch (Late 2019),,8 TB,SSD,,,1500,2019,Intel Core i7,16.0,,,"16, 32, 64",16.0,8 TB,
Switch,Mac,MacBook Pro,MacBook Pro i7 2.7GHz 13-inch (Mid 2018),,256 GB,SSD,,,700,2018,Intel Core i7,13.0,,,"8, 16",8.0,256 GB,
Switch,Mac,MacBook Pro,MacBook Pro i7 2.7GHz 13-inch (Mid 2018),,512 GB,SSD,,,720,2018,Intel Core i7,13.0,,,"8, 16",8.0,512 GB,
Switch,Mac,MacBook Pro,MacBook Pro i7 2.7GHz 13-inch (Mid 2018),,1 TB,SSD,,,770,2018,Intel Core i7,13.0,,,"8, 16",8.0,1 TB,
Switch,Mac,MacBook Pro,MacBook Pro i7 2.7GHz 13-inch (Mid 2018),,2 TB,SSD,,,820,2018,Intel Core i7,13.0,,,"8, 16",8.0,2 TB,
Switch,Mac,MacBook Pro,MacBook Pro i7 2.7GHz 15-inch (Late 2016),,256 GB,SSD,,,700,2016,Intel Core i7,15.0,,,16,16.0,256 GB,
Switch,Mac,MacBook Pro,MacBook Pro i7 2.7GHz 15-inch (Late 2016),,512 GB,SSD,,,720,2016,Intel Core i7,15.0,,,16,16.0,512 GB,
Switch,Mac,MacBook Pro,MacBook Pro i7 2.7GHz 15-inch (Late 2016),,1 TB,SSD,,,770,2016,Intel Core i7,15.0,,,16,16.0,1 TB,
Switch,Mac,MacBook Pro,MacBook Pro i7 2.7GHz 15-inch (Late 2016),,2 TB,SSD,,,820,2016,Intel Core i7,15.0,,,16,16.0,2 TB,
Switch,Mac,MacBook Pro,MacBook Pro i7 2.8GHz 13-inch (Mid 2019),,256 GB,SSD,,,730,2019,Intel Core i7,13.0,,,"8, 16",8.0,256 GB,
Switch,Mac,MacBook Pro,MacBook Pro i7 2.8GHz 13-inch (Mid 2019),,512 GB,SSD,,,760,2019,Intel Core i7,13.0,,,"8, 16",8.0,512 GB,
Switch,Mac,MacBook Pro,MacBook Pro i7 2.8GHz 13-inch (Mid 2019),,1 TB,SSD,,,770,2019,Intel Core i7,13.0,,,"8, 16",8.0,1 TB,
Switch,Mac,MacBook Pro,MacBook Pro i7 2.8GHz 13-inch (Mid 2019),,2 TB,SSD,,,830,2019,Intel Core i7,13.0,,,"8, 16",8.0,2 TB,
Switch,Mac,MacBook Pro,MacBook Pro i7 2.8GHz 15-inch (Mid 2015),,256 GB,SSD,,,240,2015,Intel Core i7,15.0,,,16,16.0,256 GB,
Switch,Mac,MacBook Pro,MacBook Pro i7 2.8GHz 15-inch (Mid 2015),,512 GB,SSD,,,250,2015,Intel Core i7,15.0,,,16,16.0,512 GB,
Switch,Mac,MacBook Pro,MacBook Pro i7 2.8GHz 15-inch (Mid 2015),,1 TB,SSD,,,290,2015,Intel Core i7,15.0,,,16,16.0,1 TB,
Switch,Mac,MacBook Pro,MacBook Pro i7 2.8GHz 15-inch (Mid 2017),,256 GB,SSD,,,790,2017,Intel Core i7,15.0,,,"16, 32",16.0,256 GB,
Switch,Mac,MacBook Pro,MacBook Pro i7 2.8GHz 15-inch (Mid 2017),,512 GB,SSD,,,820,2017,Intel Core i7,15.0,,,"16, 32",16.0,512 GB,
Switch,Mac,MacBook Pro,MacBook Pro i7 2.8GHz 15-inch (Mid 2017),,1 TB,SSD,,,840,2017,Intel Core i7,15.0,,,"16, 32",16.0,1 TB,
Switch,Mac,MacBook Pro,MacBook Pro i7 2.8GHz 15-inch (Mid 2017),,2 TB,SSD,,,890,2017,Intel Core i7,15.0,,,"16, 32",16.0,2 TB,
Switch,Mac,MacBook Pro,MacBook Pro i7 2.9GHz 15-inch (Late 2016),,256 GB,SSD,,,700,2016,Intel Core i7,15.0,,,16,16.0,256 GB,
Switch,Mac,MacBook Pro,MacBook Pro i7 2.9GHz 15-inch (Late 2016),,512 GB,SSD,,,720,2016,Intel Core i7,15.0,,,16,16.0,512 GB,
Switch,Mac,MacBook Pro,MacBook Pro i7 2.9GHz 15-inch (Late 2016),,1 TB,SSD,,,770,2016,Intel Core i7,15.0,,,16,16.0,1 TB,
Switch,Mac,MacBook Pro,MacBook Pro i7 2.9GHz 15-inch (Late 2016),,2 TB,SSD,,,820,2016,Intel Core i7,15.0,,,16,16.0,2 TB,
Switch,Mac,MacBook Pro,MacBook Pro i7 2.9GHz 15-inch (Mid 2017),,256 GB,SSD,,,800,2017,Intel Core i7,15.0,,,"16, 32",16.0,256 GB,
Switch,Mac,MacBook Pro,MacBook Pro i7 2.9GHz 15-inch (Mid 2017),,512 GB,SSD,,,820,2017,Intel Core i7,15.0,,,"16, 32",16.0,512 GB,
Switch,Mac,MacBook Pro,MacBook Pro i7 2.9GHz 15-inch (Mid 2017),,1 TB,SSD,,,840,2017,Intel Core i7,15.0,,,"16, 32",16.0,1 TB,
Switch,Mac,MacBook Pro,MacBook Pro i7 2.9GHz 15-inch (Mid 2017),,2 TB,SSD,,,900,2017,Intel Core i7,15.0,,,"16, 32",16.0,2 TB,
Switch,Mac,MacBook Pro,MacBook Pro i7 3.1GHz 13-inch (Early 2015),,128 GB,SSD,,,120,2015,Intel Core i7,13.0,,,"8, 16",8.0,128 GB,
Switch,Mac,MacBook Pro,MacBook Pro i7 3.1GHz 13-inch (Early 2015),,256 GB,SSD,,,120,2015,Intel Core i7,13.0,,,"8, 16",8.0,256 GB,
Switch,Mac,MacBook Pro,MacBook Pro i7 3.1GHz 13-inch (Early 2015),,512 GB,SSD,,,150,2015,Intel Core i7,13.0,,,"8, 16",8.0,512 GB,
Switch,Mac,MacBook Pro,MacBook Pro i7 3.1GHz 13-inch (Early 2015),,1 TB,SSD,,,150,2015,Intel Core i7,13.0,,,"8, 16",8.0,1 TB,
Switch,Mac,MacBook Pro,MacBook Pro i7 3.1GHz 15-inch (Mid 2017),,256 GB,SSD,,,800,2017,Intel Core i7,15.0,,,"16, 32",16.0,256 GB,
Switch,Mac,MacBook Pro,MacBook Pro i7 3.1GHz 15-inch (Mid 2017),,512 GB,SSD,,,820,2017,Intel Core i7,15.0,,,"16, 32",16.0,512 GB,
Switch,Mac,MacBook Pro,MacBook Pro i7 3.1GHz 15-inch (Mid 2017),,1 TB,SSD,,,840,2017,Intel Core i7,15.0,,,"16, 32",16.0,1 TB,
Switch,Mac,MacBook Pro,MacBook Pro i7 3.1GHz 15-inch (Mid 2017),,2 TB,SSD,,,890,2017,Intel Core i7,15.0,,,"16, 32",16.0,2 TB,
Switch,Mac,MacBook Pro,MacBook Pro i7 3.3GHz 13-inch (Late 2016),,256 GB,SSD,,,450,2016,Intel Core i7,13.0,,,"8, 16",8.0,256 GB,
Switch,Mac,MacBook Pro,MacBook Pro i7 3.3GHz 13-inch (Late 2016),,512 GB,SSD,,,460,2016,Intel Core i7,13.0,,,"8, 16",8.0,512 GB,
Switch,Mac,MacBook Pro,MacBook Pro i7 3.3GHz 13-inch (Late 2016),,1 TB,SSD,,,470,2016,Intel Core i7,13.0,,,"8, 16",8.0,1 TB,
Switch,Mac,MacBook Pro,MacBook Pro i7 3.5GHz 13-inch (Mid 2017),,256 GB,SSD,,,720,2017,Intel Core i7,13.0,,,"8, 16",8.0,256 GB,
Switch,Mac,MacBook Pro,MacBook Pro i7 3.5GHz 13-inch (Mid 2017),,512 GB,SSD,,,800,2017,Intel Core i7,13.0,,,"8, 16",8.0,512 GB,
Switch,Mac,MacBook Pro,MacBook Pro i7 3.5GHz 13-inch (Mid 2017),,1 TB,SSD,,,840,2017,Intel Core i7,13.0,,,"8, 16",8.0,1 TB,
Switch,Mac,MacBook Pro,MacBook Pro i9 2.3GHz 15-inch (Mid 2019),,256 GB,SSD,,,1030,2019,Intel Core i9,15.0,,,"16, 32",16.0,256 GB,
Switch,Mac,MacBook Pro,MacBook Pro i9 2.3GHz 15-inch (Mid 2019),,512 GB,SSD,,,1100,2019,Intel Core i9,15.0,,,"16, 32",16.0,512 GB,
Switch,Mac,MacBook Pro,MacBook Pro i9 2.3GHz 15-inch (Mid 2019),,1 TB,SSD,,,1290,2019,Intel Core i9,15.0,,,"16, 32",16.0,1 TB,
Switch,Mac,MacBook Pro,MacBook Pro i9 2.3GHz 15-inch (Mid 2019),,2 TB,SSD,,,1390,2019,Intel Core i9,15.0,,,"16, 32",16.0,2 TB,
Switch,Mac,MacBook Pro,MacBook Pro i9 2.3GHz 15-inch (Mid 2019),,4 TB,SSD,,,1510,2019,Intel Core i9,15.0,,,"16, 32",16.0,4 TB,
Switch,Mac,MacBook Pro,MacBook Pro i9 2.3GHz 16-inch (Late 2019),,1 TB,SSD,,,1280,2019,Intel Core i9,16.0,,,"16, 32, 64",16.0,1 TB,
Switch,Mac,MacBook Pro,MacBook Pro i9 2.3GHz 16-inch (Late 2019),,2 TB,SSD,,,1380,2019,Intel Core i9,16.0,,,"16, 32, 64",16.0,2 TB,
Switch,Mac,MacBook Pro,MacBook Pro i9 2.3GHz 16-inch (Late 2019),,4 TB,SSD,,,1560,2019,Intel Core i9,16.0,,,"16, 32, 64",16.0,4 TB,
Switch,Mac,MacBook Pro,MacBook Pro i9 2.3GHz 16-inch (Late 2019),,8 TB,SSD,,,1570,2019,Intel Core i9,16.0,,,"16, 32, 64",16.0,8 TB,
Switch,Mac,MacBook Pro,MacBook Pro i9 2.4GHz 15-inch (Mid 2019),,256 GB,SSD,,,1030,2019,Intel Core i9,15.0,,,"16, 32",16.0,256 GB,
Switch,Mac,MacBook Pro,MacBook Pro i9 2.4GHz 15-inch (Mid 2019),,512 GB,SSD,,,1180,2019,Intel Core i9,15.0,,,"16, 32",16.0,512 GB,
Switch,Mac,MacBook Pro,MacBook Pro i9 2.4GHz 15-inch (Mid 2019),,1 TB,SSD,,,1290,2019,Intel Core i9,15.0,,,"16, 32",16.0,1 TB,
Switch,Mac,MacBook Pro,MacBook Pro i9 2.4GHz 15-inch (Mid 2019),,2 TB,SSD,,,1390,2019,Intel Core i9,15.0,,,"16, 32",16.0,2 TB,
Switch,Mac,MacBook Pro,MacBook Pro i9 2.4GHz 15-inch (Mid 2019),,4 TB,SSD,,,1510,2019,Intel Core i9,15.0,,,"16, 32",16.0,4 TB,
Switch,Mac,MacBook Pro,MacBook Pro i9 2.4GHz 16-inch (Late 2019),,512 GB,SSD,,,1190,2019,Intel Core i9,16.0,,,"16, 32, 64",16.0,512 GB,
Switch,Mac,MacBook Pro,MacBook Pro i9 2.4GHz 16-inch (Late 2019),,1 TB,SSD,,,1410,2019,Intel Core i9,16.0,,,"16, 32, 64",16.0,1 TB,
Switch,Mac,MacBook Pro,MacBook Pro i9 2.4GHz 16-inch (Late 2019),,2 TB,SSD,,,1480,2019,Intel Core i9,16.0,,,"16, 32, 64",16.0,2 TB,
Switch,Mac,MacBook Pro,MacBook Pro i9 2.4GHz 16-inch (Late 2019),,4 TB,SSD,,,1600,2019,Intel Core i9,16.0,,,"16, 32, 64",16.0,4 TB,
Switch,Mac,MacBook Pro,MacBook Pro i9 2.4GHz 16-inch (Late 2019),,8 TB,SSD,,,1740,2019,Intel Core i9,16.0,,,"16, 32, 64",16.0,8 TB,
Switch,Mac,MacBook Pro,MacBook Pro i9 2.9GHz 15-inch (Mid 2018),,256 GB,SSD,,,910,2018,Intel Core i9,15.0,,,"16, 32",16.0,256 GB,
Switch,Mac,MacBook Pro,MacBook Pro i9 2.9GHz 15-inch (Mid 2018),,512 GB,SSD,,,960,2018,Intel Core i9,15.0,,,"16, 32",16.0,512 GB,
Switch,Mac,MacBook Pro,MacBook Pro i9 2.9GHz 15-inch (Mid 2018),,1 TB,SSD,,,1040,2018,Intel Core i9,15.0,,,"16, 32",16.0,1 TB,
Switch,Mac,MacBook Pro,MacBook Pro i9 2.9GHz 15-inch (Mid 2018),,2 TB,SSD,,,1130,2018,Intel Core i9,15.0,,,"16, 32",16.0,2 TB,
Switch,Mac,MacBook Pro,MacBook Pro i9 2.9GHz 15-inch (Mid 2018),,4 TB,SSD,,,1230,2018,Intel Core i9,15.0,,,"16, 32",16.0,4 TB,
Switch,Mac,MacBook Pro,MacBook Pro M1 8-Core CPU & 8-Core GPU 13-inch (Late 2020),,256 GB,SSD,,,910,2020,M1,13.0,,,"8, 16",8.0,256 GB,M1
Switch,Mac,MacBook Pro,MacBook Pro M1 8-Core CPU & 8-Core GPU 13-inch (Late 2020),,512 GB,SSD,,,960,2020,M1,13.0,,,"8, 16",8.0,512 GB,M1
Switch,Mac,MacBook Pro,MacBook Pro M1 8-Core CPU & 8-Core GPU 13-inch (Late 2020),,1 TB,SSD,,,1030,2020,M1,13.0,,,"8, 16",8.0,1 TB,M1
Switch,Mac,MacBook Pro,MacBook Pro M1 8-Core CPU & 8-Core GPU 13-inch (Late 2020),,2 TB,SSD,,,1150,2020,M1,13.0,,,"8, 16",8.0,2 TB,M1
Switch,Mac,MacBook Pro,MacBook Pro M2 8-Core CPU & 10-Core GPU 13-inch (Mid 2022),,256 GB,SSD,,,1400,2022,M2,13.0,,,"8, 16, 24",8.0,256 GB,M2
Switch,Mac,MacBook Pro,MacBook Pro M2 8-Core CPU & 10-Core GPU 13-inch (Mid 2022),,512 GB,SSD,,,1680,2022,M2,13.0,,,"8, 16, 24",8.0,512 GB,M2
Switch,Mac,MacBook Pro,MacBook Pro M2 8-Core CPU & 10-Core GPU 13-inch (Mid 2022),,1 TB,SSD,,,1900,2022,M2,13.0,,,"8, 16, 24",8.0,1 TB,M2
Switch,Mac,MacBook Pro,MacBook Pro M2 8-Core CPU & 10-Core GPU 13-inch (Mid 2022),,2 TB,SSD,,,2260,2022,M2,13.0,,,"8, 16, 24",8.0,2 TB,M2
Switch,Mac,MacBook Pro,MacBook Pro M2 Max 12-Core CPU & 30-Core GPU 14-inch (Early 2023),,512 GB,SSD,,,2910,2023,M2 Max,14.0,,,"32, 64",32.0,512 GB,M2
Switch,Mac,MacBook Pro,MacBook Pro M2 Max 12-Core CPU & 30-Core GPU 14-inch (Early 2023),,1 TB,SSD,,,2940,2023,M2 Max,14.0,,,"32, 64",32.0,1 TB,M2
Switch,Mac,MacBook Pro,MacBook Pro M2 Max 12-Core CPU & 30-Core GPU 14-inch (Early 2023),,2 TB,SSD,,,3950,2023,M2 Max,14.0,,,"32, 64",32.0,2 TB,M2
Switch,Mac,MacBook Pro,MacBook Pro M2 Max 12-Core CPU & 30-Core GPU 14-inch (Early 2023),,4 TB,SSD,,,4460,2023,M2 Max,14.0,,,"32, 64",32.0,4 TB,M2
Switch,Mac,MacBook Pro,MacBook Pro M2 Max 12-Core CPU & 30-Core GPU 14-inch (Early 2023),,8 TB,SSD,,,5630,2023,M2 Max,14.0,,,"32, 64",32.0,8 TB,M2
Switch,Mac,MacBook Pro,MacBook Pro M2 Max 12-Core CPU & 30-Core GPU 16-inch (Early 2023),,512 GB,SSD,,,3540,2023,M2 Max,16.0,,,"32, 64",32.0,512 GB,M2
Switch,Mac,MacBook Pro,MacBook Pro M2 Max 12-Core CPU & 30-Core GPU 16-inch (Early 2023),,1 TB,SSD,,,3720,2023,M2 Max,16.0,,,"32, 64",32.0,1 TB,M2
Switch,Mac,MacBook Pro,MacBook Pro M2 Max 12-Core CPU & 30-Core GPU 16-inch (Early 2023),,2 TB,SSD,,,4040,2023,M2 Max,16.0,,,"32, 64",32.0,2 TB,M2
Switch,Mac,MacBook Pro,MacBook Pro M2 Max 12-Core CPU & 30-Core GPU 16-inch (Early 2023),,4 TB,SSD,,,4670,2023,M2 Max,16.0,,,"32, 64",32.0,4 TB,M2
Switch,Mac,MacBook Pro,MacBook Pro M2 Max 12-Core CPU & 30-Core GPU 16-inch (Early 2023),,8 TB,SSD,,,5920,2023,M2 Max,16.0,,,"32, 64",32.0,8 TB,M2
Switch,Mac,MacBook Pro,MacBook Pro M2 Max 12-Core CPU & 38-Core GPU 14-inch (Early 2023),,512 GB,SSD,,,3360,2023,M2 Max,14.0,,,"32, 64, 96",32.0,512 GB,M2
Switch,Mac,MacBook Pro,MacBook Pro M2 Max 12-Core CPU & 38-Core GPU 14-inch (Early 2023),,1 TB,SSD,,,3640,2023,M2 Max,14.0,,,"32, 64, 96",32.0,1 TB,M2
Switch,Mac,MacBook Pro,MacBook Pro M2 Max 12-Core CPU & 38-Core GPU 14-inch (Early 2023),,2 TB,SSD,,,4120,2023,M2 Max,14.0,,,"32, 64, 96",32.0,2 TB,M2
Switch,Mac,MacBook Pro,MacBook Pro M2 Max 12-Core CPU & 38-Core GPU 14-inch (Early 2023),,4 TB,SSD,,,4800,2023,M2 Max,14.0,,,"32, 64, 96",32.0,4 TB,M2
Switch,Mac,MacBook Pro,MacBook Pro M2 Max 12-Core CPU & 38-Core GPU 14-inch (Early 2023),,8 TB,SSD,,,6030,2023,M2 Max,14.0,,,"32, 64, 96",32.0,8 TB,M2
Switch,Mac,MacBook Pro,MacBook Pro M2 Max 12-Core CPU & 38-Core GPU 16-inch (Early 2023),,512 GB,SSD,,,3700,2023,M2 Max,16.0,,,"32, 64, 96",32.0,512 GB,M2
Switch,Mac,MacBook Pro,MacBook Pro M2 Max 12-Core CPU & 38-Core GPU 16-inch (Early 2023),,1 TB,SSD,,,3800,2023,M2 Max,16.0,,,"32, 64, 96",32.0,1 TB,M2
Switch,Mac,MacBook Pro,MacBook Pro M2 Max 12-Core CPU & 38-Core GPU 16-inch (Early 2023),,2 TB,SSD,,,4460,2023,M2 Max,16.0,,,"32, 64, 96",32.0,2 TB,M2
Switch,Mac,MacBook Pro,MacBook Pro M2 Max 12-Core CPU & 38-Core GPU 16-inch (Early 2023),,4 TB,SSD,,,4870,2023,M2 Max,16.0,,,"32, 64, 96",32.0,4 TB,M2
Switch,Mac,MacBook Pro,MacBook Pro M2 Max 12-Core CPU & 38-Core GPU 16-inch (Early 2023),,8 TB,SSD,,,6330,2023,M2 Max,16.0,,,"32, 64, 96",32.0,8 TB,M2
Switch,Mac,MacBook Pro,MacBook Pro M2 Pro 10-Core CPU & 16-Core GPU 14-inch (Early 2023),,512 GB,SSD,,,2490,2023,M2 Pro,14.0,,,"16, 32",16.0,512 GB,M2
Switch,Mac,MacBook Pro,MacBook Pro M2 Pro 10-Core CPU & 16-Core GPU 14-inch (Early 2023),,1 TB,SSD,,,2650,2023,M2 Pro,14.0,,,"16, 32",16.0,1 TB,M2
Switch,Mac,MacBook Pro,MacBook Pro M2 Pro 10-Core CPU & 16-Core GPU 14-inch (Early 2023),,2 TB,SSD,,,2930,2023,M2 Pro,14.0,,,"16, 32",16.0,2 TB,M2
Switch,Mac,MacBook Pro,MacBook Pro M2 Pro 10-Core CPU & 16-Core GPU 14-inch (Early 2023),,4 TB,SSD,,,3370,2023,M2 Pro,14.0,,,"16, 32",16.0,4 TB,M2
Switch,Mac,MacBook Pro,MacBook Pro M2 Pro 10-Core CPU & 16-Core GPU 14-inch (Early 2023),,8 TB,SSD,,,4290,2023,M2 Pro,14.0,,,"16, 32",16.0,8 TB,M2
Switch,Mac,MacBook Pro,MacBook Pro M2 Pro 12-Core CPU & 19-Core GPU 14-inch (Early 2023),,512 GB,SSD,,,2530,2023,M2 Pro,14.0,,,"16, 32",16.0,512 GB,M2
Switch,Mac,MacBook Pro,MacBook Pro M2 Pro 12-Core CPU & 19-Core GPU 14-inch (Early 2023),,1 TB,SSD,,,2650,2023,M2 Pro,14.0,,,"16, 32",16.0,1 TB,M2
Switch,Mac,MacBook Pro,MacBook Pro M2 Pro 12-Core CPU & 19-Core GPU 14-inch (Early 2023),,2 TB,SSD,,,3250,2023,M2 Pro,14.0,,,"16, 32",16.0,2 TB,M2
Switch,Mac,MacBook Pro,MacBook Pro M2 Pro 12-Core CPU & 19-Core GPU 14-inch (Early 2023),,4 TB,SSD,,,3840,2023,M2 Pro,14.0,,,"16, 32",16.0,4 TB,M2
Switch,Mac,MacBook Pro,MacBook Pro M2 Pro 12-Core CPU & 19-Core GPU 14-inch (Early 2023),,8 TB,SSD,,,4780,2023,M2 Pro,14.0,,,"16, 32",16.0,8 TB,M2
Switch,Mac,MacBook Pro,MacBook Pro M2 Pro 12-Core CPU & 19-Core GPU 16-inch (Early 2023),,512 GB,SSD,,,2950,2023,M2 Pro,16.0,,,"16, 32",16.0,512 GB,M2
Switch,Mac,MacBook Pro,MacBook Pro M2 Pro 12-Core CPU & 19-Core GPU 16-inch (Early 2023),,1 TB,SSD,,,3160,2023,M2 Pro,16.0,,,"16, 32",16.0,1 TB,M2
Switch,Mac,MacBook Pro,MacBook Pro M2 Pro 12-Core CPU & 19-Core GPU 16-inch (Early 2023),,2 TB,SSD,,,3540,2023,M2 Pro,16.0,,,"16, 32",16.0,2 TB,M2
Switch,Mac,MacBook Pro,MacBook Pro M2 Pro 12-Core CPU & 19-Core GPU 16-inch (Early 2023),,4 TB,SSD,,,4330,2023,M2 Pro,16.0,,,"16, 32",16.0,4 TB,M2
Switch,Mac,MacBook Pro,MacBook Pro M2 Pro 12-Core CPU & 19-Core GPU 16-inch (Early 2023),,8 TB,SSD,,,5570,2023,M2 Pro,16.0,,,"16, 32",16.0,8 TB,M2
Switch,Mac,MacBook Pro,MacBook Pro M3 8-Core CPU & 10-Core GPU 14-inch (Late 2023),,512 GB,SSD,,,2560,2023,M3,14.0,,,"8, 16, 24",8.0,512 GB,M3
Switch,Mac,MacBook Pro,MacBook Pro M3 8-Core CPU & 10-Core GPU 14-inch (Late 2023),,1 TB,SSD,,,2820,2023,M3,14.0,,,"8, 16, 24",8.0,1 TB,M3
Switch,Mac,MacBook Pro,MacBook Pro M3 8-Core CPU & 10-Core GPU 14-inch (Late 2023),,2 TB,SSD,,,3550,2023,M3,14.0,,,"8, 16, 24",8.0,2 TB,M3
Switch,Mac,MacBook Pro,MacBook Pro M3 Max 14-Core CPU & 30-Core GPU 14-inch (Late 2023),,512 GB,SSD,,,4640,2023,M3 Max,14.0,,,"36, 96",36.0,512 GB,M3
Switch,Mac,MacBook Pro,MacBook Pro M3 Max 14-Core CPU & 30-Core GPU 14-inch (Late 2023),,1 TB,SSD,,,4830,2023,M3 Max,14.0,,,"36, 96",36.0,1 TB,M3
Switch,Mac,MacBook Pro,MacBook Pro M3 Max 14-Core CPU & 30-Core GPU 14-inch (Late 2023),,2 TB,SSD,,,5260,2023,M3 Max,14.0,,,"36, 96",36.0,2 TB,M3
Switch,Mac,MacBook Pro,MacBook Pro M3 Max 14-Core CPU & 30-Core GPU 14-inch (Late 2023),,4 TB,SSD,,,6450,2023,M3 Max,14.0,,,"36, 96",36.0,4 TB,M3
Switch,Mac,MacBook Pro,MacBook Pro M3 Max 14-Core CPU & 30-Core GPU 14-inch (Late 2023),,8 TB,SSD,,,7450,2023,M3 Max,14.0,,,"36, 96",36.0,8 TB,M3
Switch,Mac,MacBook Pro,MacBook Pro M3 Max 14-Core CPU & 30-Core GPU 16-inch (Late 2023),,512 GB,SSD,,,5240,2023,M3 Max,16.0,,,"36, 96",36.0,512 GB,M3
Switch,Mac,MacBook Pro,MacBook Pro M3 Max 14-Core CPU & 30-Core GPU 16-inch (Late 2023),,1 TB,SSD,,,5680,2023,M3 Max,16.0,,,"36, 96",36.0,1 TB,M3
Switch,Mac,MacBook Pro,MacBook Pro M3 Max 14-Core CPU & 30-Core GPU 16-inch (Late 2023),,2 TB,SSD,,,6150,2023,M3 Max,16.0,,,"36, 96",36.0,2 TB,M3
Switch,Mac,MacBook Pro,MacBook Pro M3 Max 14-Core CPU & 30-Core GPU 16-inch (Late 2023),,4 TB,SSD,,,7200,2023,M3 Max,16.0,,,"36, 96",36.0,4 TB,M3
Switch,Mac,MacBook Pro,MacBook Pro M3 Max 14-Core CPU & 30-Core GPU 16-inch (Late 2023),,8 TB,SSD,,,8710,2023,M3 Max,16.0,,,"36, 96",36.0,8 TB,M3
Switch,Mac,MacBook Pro,MacBook Pro M3 Max 16-Core CPU & 40-Core GPU 14-inch (Late 2023),,512 GB,SSD,,,5260,2023,M3 Max,14.0,,,"48, 64, 128",48.0,512 GB,M3
Switch,Mac,MacBook Pro,MacBook Pro M3 Max 16-Core CPU & 40-Core GPU 14-inch (Late 2023),,1 TB,SSD,,,5420,2023,M3 Max,14.0,,,"48, 64, 128",48.0,1 TB,M3
Switch,Mac,MacBook Pro,MacBook Pro M3 Max 16-Core CPU & 40-Core GPU 14-inch (Late 2023),,2 TB,SSD,,,6100,2023,M3 Max,14.0,,,"48, 64, 128",48.0,2 TB,M3
Switch,Mac,MacBook Pro,MacBook Pro M3 Max 16-Core CPU & 40-Core GPU 14-inch (Late 2023),,4 TB,SSD,,,6940,2023,M3 Max,14.0,,,"48, 64, 128",48.0,4 TB,M3
Switch,Mac,MacBook Pro,MacBook Pro M3 Max 16-Core CPU & 40-Core GPU 14-inch (Late 2023),,8 TB,SSD,,,8600,2023,M3 Max,14.0,,,"48, 64, 128",48.0,8 TB,M3
Switch,Mac,MacBook Pro,MacBook Pro M3 Max 16-Core CPU & 40-Core GPU 16-inch (Late 2023),,512 GB,SSD,,,6000,2023,M3 Max,16.0,,,"48, 64, 128",48.0,512 GB,M3
Switch,Mac,MacBook Pro,MacBook Pro M3 Max 16-Core CPU & 40-Core GPU 16-inch (Late 2023),,1 TB,SSD,,,6450,2023,M3 Max,16.0,,,"48, 64, 128",48.0,1 TB,M3
Switch,Mac,MacBook Pro,MacBook Pro M3 Max 16-Core CPU & 40-Core GPU 16-inch (Late 2023),,2 TB,SSD,,,7030,2023,M3 Max,16.0,,,"48, 64, 128",48.0,2 TB,M3
Switch,Mac,MacBook Pro,MacBook Pro M3 Max 16-Core CPU & 40-Core GPU 16-inch (Late 2023),,4 TB,SSD,,,7660,2023,M3 Max,16.0,,,"48, 64, 128",48.0,4 TB,M3
Switch,Mac,MacBook Pro,MacBook Pro M3 Max 16-Core CPU & 40-Core GPU 16-inch (Late 2023),,8 TB,SSD,,,9570,2023,M3 Max,16.0,,,"48, 64, 128",48.0,8 TB,M3
Switch,Mac,MacBook Pro,MacBook Pro M3 Pro 11-Core CPU & 14-Core GPU 14-inch (Late 2023),,512 GB,SSD,,,3040,2023,M3 Pro,14.0,,,"18, 36",18.0,512 GB,M3
Switch,Mac,MacBook Pro,MacBook Pro M3 Pro 11-Core CPU & 14-Core GPU 14-inch (Late 2023),,1 TB,SSD,,,3320,2023,M3 Pro,14.0,,,"18, 36",18.0,1 TB,M3
Switch,Mac,MacBook Pro,MacBook Pro M3 Pro 11-Core CPU & 14-Core GPU 14-inch (Late 2023),,2 TB,SSD,,,4100,2023,M3 Pro,14.0,,,"18, 36",18.0,2 TB,M3
Switch,Mac,MacBook Pro,MacBook Pro M3 Pro 11-Core CPU & 14-Core GPU 14-inch (Late 2023),,4 TB,SSD,,,4950,2023,M3 Pro,14.0,,,"18, 36",18.0,4 TB,M3
Switch,Mac,MacBook Pro,MacBook Pro M3 Pro 12-Core CPU & 18-Core GPU 14-inch (Late 2023),,512 GB,SSD,,,3440,2023,M3 Pro,14.0,,,"18, 36",18.0,512 GB,M3
Switch,Mac,MacBook Pro,MacBook Pro M3 Pro 12-Core CPU & 18-Core GPU 14-inch (Late 2023),,1 TB,SSD,,,3720,2023,M3 Pro,14.0,,,"18, 36",18.0,1 TB,M3
Switch,Mac,MacBook Pro,MacBook Pro M3 Pro 12-Core CPU & 18-Core GPU 14-inch (Late 2023),,2 TB,SSD,,,4130,2023,M3 Pro,14.0,,,"18, 36",18.0,2 TB,M3
Switch,Mac,MacBook Pro,MacBook Pro M3 Pro 12-Core CPU & 18-Core GPU 14-inch (Late 2023),,4 TB,SSD,,,4800,2023,M3 Pro,14.0,,,"18, 36",18.0,4 TB,M3
Switch,Mac,MacBook Pro,MacBook Pro M3 Pro 12-Core CPU & 18-Core GPU 16-inch (Late 2023),,512 GB,SSD,,,3940,2023,M3 Pro,16.0,,,"18, 36",18.0,512 GB,M3
Switch,Mac,MacBook Pro,MacBook Pro M3 Pro 12-Core CPU & 18-Core GPU 16-inch (Late 2023),,1 TB,SSD,,,4380,2023,M3 Pro,16.0,,,"18, 36",18.0,1 TB,M3
Switch,Mac,MacBook Pro,MacBook Pro M3 Pro 12-Core CPU & 18-Core GPU 16-inch (Late 2023),,2 TB,SSD,,,5130,2023,M3 Pro,16.0,,,"18, 36",18.0,2 TB,M3
Switch,Mac,MacBook Pro,MacBook Pro M3 Pro 12-Core CPU & 18-Core GPU 16-inch (Late 2023),,4 TB,SSD,,,5910,2023,M3 Pro,16.0,,,"18, 36",18.0,4 TB,M3
UR,Mac,MacBook Air,MacBook Air i3 1.1GHz 13-inch (Early 2020),,256 GB,SSD,,,350,2020,Intel Core i3,13.0,,,"8, 16",8.0,256 GB,
UR,Mac,MacBook Air,MacBook Air i3 1.1GHz 13-inch (Early 2020),,512 GB,SSD,,,360,2020,Intel Core i3,13.0,,,"8, 16",8.0,512 GB,
UR,Mac,MacBook Air,MacBook Air i3 1.1GHz 13-inch (Early 2020),,1 TB,SSD,,,370,2020,Intel Core i3,13.0,,,"8, 16",8.0,1 TB,
UR,Mac,MacBook Air,MacBook Air i3 1.1GHz 13-inch (Early 2020),,2 TB,SSD,,,430,2020,Intel Core i3,13.0,,,"8, 16",8.0,2 TB,
UR,Mac,MacBook Air,MacBook Air i5 1.1GHz 13-inch (Early 2020),,256 GB,SSD,,,460,2020,Intel Core i5,13.0,,,"8, 16",8.0,256 GB,
UR,Mac,MacBook Air,MacBook Air i5 1.1GHz 13-inch (Early 2020),,512 GB,SSD,,,500,2020,Intel Core i5,13.0,,,"8, 16",8.0,512 GB,
UR,Mac,MacBook Air,MacBook Air i5 1.1GHz 13-inch (Early 2020),,1 TB,SSD,,,510,2020,Intel Core i5,13.0,,,"8, 16",8.0,1 TB,
UR,Mac,MacBook Air,MacBook Air i5 1.1GHz 13-inch (Early 2020),,2 TB,SSD,,,580,2020,Intel Core i5,13.0,,,"8, 16",8.0,2 TB,
UR,Mac,MacBook Air,MacBook Air i5 1.6GHz 13-inch (Early 2015),,128 GB,SSD,,,50,2015,Intel Core i5,13.0,,,8,8.0,128 GB,
UR,Mac,MacBook Air,MacBook Air i5 1.6GHz 13-inch (Early 2015),,256 GB,SSD,,,50,2015,Intel Core i5,13.0,,,8,8.0,256 GB,
UR,Mac,MacBook Air,MacBook Air i5 1.6GHz 13-inch (Early 2015),,512 GB,SSD,,,50,2015,Intel Core i5,13.0,,,8,8.0,512 GB,
UR,Mac,MacBook Air,MacBook Air i5 1.6GHz 13-inch (Late 2018),,128 GB,SSD,,,250,2018,Intel Core i5,13.0,,,"8, 16",8.0,128 GB,
UR,Mac,MacBook Air,MacBook Air i5 1.6GHz 13-inch (Late 2018),,256 GB,SSD,,,350,2018,Intel Core i5,13.0,,,"8, 16",8.0,256 GB,
UR,Mac,MacBook Air,MacBook Air i5 1.6GHz 13-inch (Late 2018),,512 GB,SSD,,,400,2018,Intel Core i5,13.0,,,"8, 16",8.0,512 GB,
UR,Mac,MacBook Air,MacBook Air i5 1.6GHz 13-inch (Late 2018),,1.5 TB,SSD,,,450,2018,Intel Core i5,13.0,,,"8, 16",8.0,1.5 TB,
UR,Mac,MacBook Air,MacBook Air i5 1.6GHz 13-inch (Mid 2019),,128 GB,SSD,,,410,2019,Intel Core i5,13.0,,,"8, 16",8.0,128 GB,
UR,Mac,MacBook Air,MacBook Air i5 1.6GHz 13-inch (Mid 2019),,256 GB,SSD,,,420,2019,Intel Core i5,13.0,,,"8, 16",8.0,256 GB,
UR,Mac,MacBook Air,MacBook Air i5 1.6GHz 13-inch (Mid 2019),,512 GB,SSD,,,490,2019,Intel Core i5,13.0,,,"8, 16",8.0,512 GB,
UR,Mac,MacBook Air,MacBook Air i5 1.6GHz 13-inch (Mid 2019),,1 TB,SSD,,,500,2019,Intel Core i5,13.0,,,"8, 16",8.0,1 TB,
UR,Mac,MacBook Air,MacBook Air i5 1.8GHz 13-inch (Mid 2017),,128 GB,SSD,,,180,2017,Intel Core i5,13.0,,,"8, 16",8.0,128 GB,
UR,Mac,MacBook Air,MacBook Air i5 1.8GHz 13-inch (Mid 2017),,256 GB,SSD,,,230,2017,Intel Core i5,13.0,,,"8, 16",8.0,256 GB,
UR,Mac,MacBook Air,MacBook Air i5 1.8GHz 13-inch (Mid 2017),,512 GB,SSD,,,260,2017,Intel Core i5,13.0,,,"8, 16",8.0,512 GB,
UR,Mac,MacBook Air,MacBook Air i7 1.2GHz 13-inch (Early 2020),,256 GB,SSD,,,490,2020,Intel Core i7,13.0,,,"8, 16",8.0,256 GB,
UR,Mac,MacBook Air,MacBook Air i7 1.2GHz 13-inch (Early 2020),,512 GB,SSD,,,500,2020,Intel Core i7,13.0,,,"8, 16",8.0,512 GB,
UR,Mac,MacBook Air,MacBook Air i7 1.2GHz 13-inch (Early 2020),,1 TB,SSD,,,530,2020,Intel Core i7,13.0,,,"8, 16",8.0,1 TB,
UR,Mac,MacBook Air,MacBook Air i7 1.2GHz 13-inch (Early 2020),,2 TB,SSD,,,600,2020,Intel Core i7,13.0,,,"8, 16",8.0,2 TB,
UR,Mac,MacBook Air,MacBook Air i7 2.2GHz 13-inch (Early 2015),,128 GB,SSD,,,80,2015,Intel Core i7,13.0,,,8,8.0,128 GB,
UR,Mac,MacBook Air,MacBook Air i7 2.2GHz 13-inch (Early 2015),,256 GB,SSD,,,80,2015,Intel Core i7,13.0,,,8,8.0,256 GB,
UR,Mac,MacBook Air,MacBook Air i7 2.2GHz 13-inch (Early 2015),,512 GB,SSD,,,80,2015,Intel Core i7,13.0,,,8,8.0,512 GB,
UR,Mac,MacBook Air,MacBook Air i7 2.2GHz 13-inch (Mid 2017),,128 GB,SSD,,,260,2017,Intel Core i7,13.0,,,"8, 16",8.0,128 GB,
UR,Mac,MacBook Air,MacBook Air i7 2.2GHz 13-inch (Mid 2017),,256 GB,SSD,,,310,2017,Intel Core i7,13.0,,,"8, 16",8.0,256 GB,
UR,Mac,MacBook Air,MacBook Air i7 2.2GHz 13-inch (Mid 2017),,512 GB,SSD,,,430,2017,Intel Core i7,13.0,,,"8, 16",8.0,512 GB,
UR,Mac,MacBook Air,MacBook Air M1 8-Core CPU & 7-Core GPU 13-inch (Late 2020),,128 GB,SSD,,,460,2020,M1,13.0,,,"8, 16",8.0,128 GB,M1
UR,Mac,MacBook Air,MacBook Air M1 8-Core CPU & 7-Core GPU 13-inch (Late 2020),,256 GB,SSD,,,560,2020,M1,13.0,,,"8, 16",8.0,256 GB,M1
UR,Mac,MacBook Air,MacBook Air M1 8-Core CPU & 7-Core GPU 13-inch (Late 2020),,512 GB,SSD,,,570,2020,M1,13.0,,,"8, 16",8.0,512 GB,M1
UR,Mac,MacBook Air,MacBook Air M1 8-Core CPU & 7-Core GPU 13-inch (Late 2020),,1 TB,SSD,,,580,2020,M1,13.0,,,"8, 16",8.0,1 TB,M1
UR,Mac,MacBook Air,MacBook Air M1 8-Core CPU & 7-Core GPU 13-inch (Late 2020),,2 TB,SSD,,,660,2020,M1,13.0,,,"8, 16",8.0,2 TB,M1
UR,Mac,MacBook Air,MacBook Air M1 8-Core CPU & 8-Core GPU 13-inch (Late 2020),,256 GB,SSD,,,580,2020,M1,13.0,,,"8, 16",8.0,256 GB,M1
UR,Mac,MacBook Air,MacBook Air M1 8-Core CPU & 8-Core GPU 13-inch (Late 2020),,512 GB,SSD,,,610,2020,M1,13.0,,,"8, 16",8.0,512 GB,M1
UR,Mac,MacBook Air,MacBook Air M1 8-Core CPU & 8-Core GPU 13-inch (Late 2020),,1 TB,SSD,,,680,2020,M1,13.0,,,"8, 16",8.0,1 TB,M1
UR,Mac,MacBook Air,MacBook Air M1 8-Core CPU & 8-Core GPU 13-inch (Late 2020),,2 TB,SSD,,,710,2020,M1,13.0,,,"8, 16",8.0,2 TB,M1
UR,Mac,MacBook Air,MacBook Air M2 8-Core CPU & 10-Core GPU 13.6-inch (Mid 2022),,256 GB,SSD,,,1210,2022,M2,13.6,,,"8, 16, 24",8.0,256 GB,M2
UR,Mac,MacBook Air,MacBook Air M2 8-Core CPU & 10-Core GPU 13.6-inch (Mid 2022),,512 GB,SSD,,,1400,2022,M2,13.6,,,"8, 16, 24",8.0,512 GB,M2
UR,Mac,MacBook Air,MacBook Air M2 8-Core CPU & 10-Core GPU 13.6-inch (Mid 2022),,1 TB,SSD,,,1560,2022,M2,13.6,,,"8, 16, 24",8.0,1 TB,M2
UR,Mac,MacBook Air,MacBook Air M2 8-Core CPU & 10-Core GPU 13.6-inch (Mid 2022),,2 TB,SSD,,,2020,2022,M2,13.6,,,"8, 16, 24",8.0,2 TB,M2
UR,Mac,MacBook Air,MacBook Air M2 8-Core CPU & 10-Core GPU 15-inch (Mid 2023),,256 GB,SSD,,,1860,2023,M2,15.0,,,"8, 16, 24",8.0,256 GB,M2
UR,Mac,MacBook Air,MacBook Air M2 8-Core CPU & 10-Core GPU 15-inch (Mid 2023),,512 GB,SSD,,,2020,2023,M2,15.0,,,"8, 16, 24",8.0,512 GB,M2
UR,Mac,MacBook Air,MacBook Air M2 8-Core CPU & 10-Core GPU 15-inch (Mid 2023),,1 TB,SSD,,,2250,2023,M2,15.0,,,"8, 16, 24",8.0,1 TB,M2
UR,Mac,MacBook Air,MacBook Air M2 8-Core CPU & 10-Core GPU 15-inch (Mid 2023),,2 TB,SSD,,,2820,2023,M2,15.0,,,"8, 16, 24",8.0,2 TB,M2
UR,Mac,MacBook Air,MacBook Air M2 8-Core CPU & 8-Core GPU 13.6-inch (Mid 2022),,256 GB,SSD,,,1210,2022,M2,13.6,,,"8, 16, 24",8.0,256 GB,M2
UR,Mac,MacBook Air,MacBook Air M2 8-Core CPU & 8-Core GPU 13.6-inch (Mid 2022),,512 GB,SSD,,,1400,2022,M2,13.6,,,"8, 16, 24",8.0,512 GB,M2
UR,Mac,MacBook Air,MacBook Air M2 8-Core CPU & 8-Core GPU 13.6-inch (Mid 2022),,1 TB,SSD,,,1560,2022,M2,13.6,,,"8, 16, 24",8.0,1 TB,M2
UR,Mac,MacBook Air,MacBook Air M2 8-Core CPU & 8-Core GPU 13.6-inch (Mid 2022),,2 TB,SSD,,,1900,2022,M2,13.6,,,"8, 16, 24",8.0,2 TB,M2
UR,Mac,MacBook Air,MacBook Air M3 8-Core CPU & 10-Core GPU 13.6-inch (Early 2024),,256 GB,SSD,,,1980,2024,M3,13.6,,,"8, 16, 24",8.0,256 GB,M3
UR,Mac,MacBook Air,MacBook Air M3 8-Core CPU & 10-Core GPU 13.6-inch (Early 2024),,512 GB,SSD,,,2160,2024,M3,13.6,,,"8, 16, 24",8.0,512 GB,M3
UR,Mac,MacBook Air,MacBook Air M3 8-Core CPU & 10-Core GPU 13.6-inch (Early 2024),,1 TB,SSD,,,2480,2024,M3,13.6,,,"8, 16, 24",8.0,1 TB,M3
UR,Mac,MacBook Air,MacBook Air M3 8-Core CPU & 10-Core GPU 13.6-inch (Early 2024),,2 TB,SSD,,,3100,2024,M3,13.6,,,"8, 16, 24",8.0,2 TB,M3
UR,Mac,MacBook Air,MacBook Air M3 8-Core CPU & 10-Core GPU 15-inch (Early 2024),,256 GB,SSD,,,2300,2024,M3,15.0,,,"8, 16, 24",8.0,256 GB,M3
UR,Mac,MacBook Air,MacBook Air M3 8-Core CPU & 10-Core GPU 15-inch (Early 2024),,512 GB,SSD,,,2540,2024,M3,15.0,,,"8, 16, 24",8.0,512 GB,M3
UR,Mac,MacBook Air,MacBook Air M3 8-Core CPU & 10-Core GPU 15-inch (Early 2024),,1 TB,SSD,,,3170,2024,M3,15.0,,,"8, 16, 24",8.0,1 TB,M3
UR,Mac,MacBook Air,MacBook Air M3 8-Core CPU & 10-Core GPU 15-inch (Early 2024),,2 TB,SSD,,,3450,2024,M3,15.0,,,"8, 16, 24",8.0,2 TB,M3
UR,Mac,MacBook Air,MacBook Air M3 8-Core CPU & 8-Core GPU 13.6-inch (Early 2024),,256 GB,SSD,,,1970,2024,M3,13.6,,,"8, 16, 24",8.0,256 GB,M3
UR,Mac,MacBook,MacBook i5 1.3GHz 12-inch (Mid 2017),,256 GB,SSD,,,280,2017,Intel Core i5,12.0,,,"8, 16",8.0,256 GB,
UR,Mac,MacBook,MacBook i5 1.3GHz 12-inch (Mid 2017),,512 GB,SSD,,,330,2017,Intel Core i5,12.0,,,"8, 16",8.0,512 GB,
UR,Mac,MacBook,MacBook i7 1.4GHz 12-inch (Mid 2017),,256 GB,SSD,,,330,2017,Intel Core i7,12.0,,,"8, 16",8.0,256 GB,
UR,Mac,MacBook,MacBook i7 1.4GHz 12-inch (Mid 2017),,512 GB,SSD,,,380,2017,Intel Core i7,12.0,,,"8, 16",8.0,512 GB,
UR,Mac,MacBook,MacBook M3 1.1GHz 12-inch (Early 2016),,256 GB,SSD,,,120,2016,Intel Core m3,12.0,,,8,8.0,256 GB,M3
UR,Mac,MacBook,MacBook M3 1.2GHz 12-inch (Mid 2017),,256 GB,SSD,,,280,2017,Intel Core m3,12.0,,,"8, 16",8.0,256 GB,M3
UR,Mac,MacBook,MacBook M5 1.2GHz 12-inch (Early 2016),,512 GB,SSD,,,250,2016,Intel Core m5,12.0,,,8,8.0,512 GB,M5
UR,Mac,MacBook,MacBook M7 1.3GHz 12-inch (Early 2016),,256 GB,SSD,,,190,2016,Intel Core m7,12.0,,,8,8.0,256 GB,
UR,Mac,MacBook,MacBook M7 1.3GHz 12-inch (Early 2016),,512 GB,SSD,,,250,2016,Intel Core m7,12.0,,,8,8.0,512 GB,
UR,Mac,MacBook Pro,MacBook Pro 14-inch M1 Max 10-Core CPU & 24-Core GPU (2021),,512 GB,SSD,,,2520,2021,M1 Max,14.0,,,"32, 64",32.0,512 GB,M1
UR,Mac,MacBook Pro,MacBook Pro 14-inch M1 Max 10-Core CPU & 24-Core GPU (2021),,1 TB,SSD,,,2680,2021,M1 Max,14.0,,,"32, 64",32.0,1 TB,M1
UR,Mac,MacBook Pro,MacBook Pro 14-inch M1 Max 10-Core CPU & 24-Core GPU (2021),,2 TB,SSD,,,2680,2021,M1 Max,14.0,,,"32, 64",32.0,2 TB,M1
UR,Mac,MacBook Pro,MacBook Pro 14-inch M1 Max 10-Core CPU & 24-Core GPU (2021),,4 TB,SSD,,,3510,2021,M1 Max,14.0,,,"32, 64",32.0,4 TB,M1
UR,Mac,MacBook Pro,MacBook Pro 14-inch M1 Max 10-Core CPU & 24-Core GPU (2021),,8 TB,SSD,,,4380,2021,M1 Max,14.0,,,"32, 64",32.0,8 TB,M1
UR,Mac,MacBook Pro,MacBook Pro 14-inch M1 Max 10-Core CPU & 32-Core GPU (2021),,512 GB,SSD,,,2690,2021,M1 Max,14.0,,,"32, 64",32.0,512 GB,M1
UR,Mac,MacBook Pro,MacBook Pro 14-inch M1 Max 10-Core CPU & 32-Core GPU (2021),,1 TB,SSD,,,2780,2021,M1 Max,14.0,,,"32, 64",32.0,1 TB,M1
UR,Mac,MacBook Pro,MacBook Pro 14-inch M1 Max 10-Core CPU & 32-Core GPU (2021),,2 TB,SSD,,,3130,2021,M1 Max,14.0,,,"32, 64",32.0,2 TB,M1
UR,Mac,MacBook Pro,MacBook Pro 14-inch M1 Max 10-Core CPU & 32-Core GPU (2021),,4 TB,SSD,,,3580,2021,M1 Max,14.0,,,"32, 64",32.0,4 TB,M1
UR,Mac,MacBook Pro,MacBook Pro 14-inch M1 Max 10-Core CPU & 32-Core GPU (2021),,8 TB,SSD,,,4550,2021,M1 Max,14.0,,,"32, 64",32.0,8 TB,M1
UR,Mac,MacBook Pro,MacBook Pro 14-inch M1 Pro 10-Core CPU & 14-Core GPU (2021),,512 GB,SSD,,,1980,2021,M1 Pro,14.0,,,"16, 32",16.0,512 GB,M1
UR,Mac,MacBook Pro,MacBook Pro 14-inch M1 Pro 10-Core CPU & 14-Core GPU (2021),,1 TB,SSD,,,2170,2021,M1 Pro,14.0,,,"16, 32",16.0,1 TB,M1
UR,Mac,MacBook Pro,MacBook Pro 14-inch M1 Pro 10-Core CPU & 14-Core GPU (2021),,2 TB,SSD,,,2410,2021,M1 Pro,14.0,,,"16, 32",16.0,2 TB,M1
UR,Mac,MacBook Pro,MacBook Pro 14-inch M1 Pro 10-Core CPU & 14-Core GPU (2021),,4 TB,SSD,,,2890,2021,M1 Pro,14.0,,,"16, 32",16.0,4 TB,M1
UR,Mac,MacBook Pro,MacBook Pro 14-inch M1 Pro 10-Core CPU & 14-Core GPU (2021),,8 TB,SSD,,,3970,2021,M1 Pro,14.0,,,"16, 32",16.0,8 TB,M1
UR,Mac,MacBook Pro,MacBook Pro 14-inch M1 Pro 10-Core CPU & 16-Core GPU (2021),,512 GB,SSD,,,2120,2021,M1 Pro,14.0,,,"16, 32",16.0,512 GB,M1
UR,Mac,MacBook Pro,MacBook Pro 14-inch M1 Pro 10-Core CPU & 16-Core GPU (2021),,1 TB,SSD,,,2300,2021,M1 Pro,14.0,,,"16, 32",16.0,1 TB,M1
UR,Mac,MacBook Pro,MacBook Pro 14-inch M1 Pro 10-Core CPU & 16-Core GPU (2021),,2 TB,SSD,,,2560,2021,M1 Pro,14.0,,,"16, 32",16.0,2 TB,M1
UR,Mac,MacBook Pro,MacBook Pro 14-inch M1 Pro 10-Core CPU & 16-Core GPU (2021),,4 TB,SSD,,,3070,2021,M1 Pro,14.0,,,"16, 32",16.0,4 TB,M1
UR,Mac,MacBook Pro,MacBook Pro 14-inch M1 Pro 10-Core CPU & 16-Core GPU (2021),,8 TB,SSD,,,4090,2021,M1 Pro,14.0,,,"16, 32",16.0,8 TB,M1
UR,Mac,MacBook Pro,MacBook Pro 14-inch M1 Pro 8-Core CPU & 14-Core GPU (2021),,512 GB,SSD,,,1840,2021,M1 Pro,14.0,,,"16, 32",16.0,512 GB,M1
UR,Mac,MacBook Pro,MacBook Pro 14-inch M1 Pro 8-Core CPU & 14-Core GPU (2021),,1 TB,SSD,,,2050,2021,M1 Pro,14.0,,,"16, 32",16.0,1 TB,M1
UR,Mac,MacBook Pro,MacBook Pro 14-inch M1 Pro 8-Core CPU & 14-Core GPU (2021),,2 TB,SSD,,,2070,2021,M1 Pro,14.0,,,"16, 32",16.0,2 TB,M1
UR,Mac,MacBook Pro,MacBook Pro 14-inch M1 Pro 8-Core CPU & 14-Core GPU (2021),,4 TB,SSD,,,2510,2021,M1 Pro,14.0,,,"16, 32",16.0,4 TB,M1
UR,Mac,MacBook Pro,MacBook Pro 14-inch M1 Pro 8-Core CPU & 14-Core GPU (2021),,8 TB,SSD,,,3700,2021,M1 Pro,14.0,,,"16, 32",16.0,8 TB,M1
UR,Mac,MacBook Pro,MacBook Pro 16-inch M1 Max 10-Core CPU & 24-Core GPU (2021),,512 GB,SSD,,,2700,2021,M1 Max,16.0,,,"32, 64",32.0,512 GB,M1
UR,Mac,MacBook Pro,MacBook Pro 16-inch M1 Max 10-Core CPU & 24-Core GPU (2021),,1 TB,SSD,,,2750,2021,M1 Max,16.0,,,"32, 64",32.0,1 TB,M1
UR,Mac,MacBook Pro,MacBook Pro 16-inch M1 Max 10-Core CPU & 24-Core GPU (2021),,2 TB,SSD,,,3090,2021,M1 Max,16.0,,,"32, 64",32.0,2 TB,M1
UR,Mac,MacBook Pro,MacBook Pro 16-inch M1 Max 10-Core CPU & 24-Core GPU (2021),,4 TB,SSD,,,3590,2021,M1 Max,16.0,,,"32, 64",32.0,4 TB,M1
UR,Mac,MacBook Pro,MacBook Pro 16-inch M1 Max 10-Core CPU & 24-Core GPU (2021),,8 TB,SSD,,,4610,2021,M1 Max,16.0,,,"32, 64",32.0,8 TB,M1
UR,Mac,MacBook Pro,MacBook Pro 16-inch M1 Max 10-Core CPU & 32-Core GPU (2021),,512 GB,SSD,,,2720,2021,M1 Max,16.0,,,"32, 64",32.0,512 GB,M1
UR,Mac,MacBook Pro,MacBook Pro 16-inch M1 Max 10-Core CPU & 32-Core GPU (2021),,1 TB,SSD,,,2920,2021,M1 Max,16.0,,,"32, 64",32.0,1 TB,M1
UR,Mac,MacBook Pro,MacBook Pro 16-inch M1 Max 10-Core CPU & 32-Core GPU (2021),,2 TB,SSD,,,3260,2021,M1 Max,16.0,,,"32, 64",32.0,2 TB,M1
UR,Mac,MacBook Pro,MacBook Pro 16-inch M1 Max 10-Core CPU & 32-Core GPU (2021),,4 TB,SSD,,,3800,2021,M1 Max,16.0,,,"32, 64",32.0,4 TB,M1
UR,Mac,MacBook Pro,MacBook Pro 16-inch M1 Max 10-Core CPU & 32-Core GPU (2021),,8 TB,SSD,,,4770,2021,M1 Max,16.0,,,"32, 64",32.0,8 TB,M1
UR,Mac,MacBook Pro,MacBook Pro 16-inch M1 Pro 10-Core CPU & 16-Core GPU (2021),,512 GB,SSD,,,2150,2021,M1 Pro,16.0,,,"16, 32",16.0,512 GB,M1
UR,Mac,MacBook Pro,MacBook Pro 16-inch M1 Pro 10-Core CPU & 16-Core GPU (2021),,1 TB,SSD,,,2320,2021,M1 Pro,16.0,,,"16, 32",16.0,1 TB,M1
UR,Mac,MacBook Pro,MacBook Pro 16-inch M1 Pro 10-Core CPU & 16-Core GPU (2021),,2 TB,SSD,,,2680,2021,M1 Pro,16.0,,,"16, 32",16.0,2 TB,M1
UR,Mac,MacBook Pro,MacBook Pro 16-inch M1 Pro 10-Core CPU & 16-Core GPU (2021),,4 TB,SSD,,,3100,2021,M1 Pro,16.0,,,"16, 32",16.0,4 TB,M1
UR,Mac,MacBook Pro,MacBook Pro 16-inch M1 Pro 10-Core CPU & 16-Core GPU (2021),,8 TB,SSD,,,3400,2021,M1 Pro,16.0,,,"16, 32",16.0,8 TB,M1
UR,Mac,MacBook Pro,MacBook Pro i5 1.4GHz 13-inch (Mid 2019),,128 GB,SSD,,,420,2019,Intel Core i5,13.0,,,"8, 16",8.0,128 GB,
UR,Mac,MacBook Pro,MacBook Pro i5 1.4GHz 13-inch (Mid 2019),,256 GB,SSD,,,520,2019,Intel Core i5,13.0,,,"8, 16",8.0,256 GB,
UR,Mac,MacBook Pro,MacBook Pro i5 1.4GHz 13-inch (Mid 2019),,512 GB,SSD,,,570,2019,Intel Core i5,13.0,,,"8, 16",8.0,512 GB,
UR,Mac,MacBook Pro,MacBook Pro i5 1.4GHz 13-inch (Mid 2019),,1 TB,SSD,,,640,2019,Intel Core i5,13.0,,,"8, 16",8.0,1 TB,
UR,Mac,MacBook Pro,MacBook Pro i5 1.4GHz 13-inch (Mid 2019),,2 TB,SSD,,,690,2019,Intel Core i5,13.0,,,"8, 16",8.0,2 TB,
UR,Mac,MacBook Pro,MacBook Pro i5 1.4GHz 13-inch (Mid 2020),,256 GB,SSD,,,660,2020,Intel Core i5,13.0,,,"8, 16",8.0,256 GB,
UR,Mac,MacBook Pro,MacBook Pro i5 1.4GHz 13-inch (Mid 2020),,512 GB,SSD,,,710,2020,Intel Core i5,13.0,,,"8, 16",8.0,512 GB,
UR,Mac,MacBook Pro,MacBook Pro i5 1.4GHz 13-inch (Mid 2020),,1 TB,SSD,,,760,2020,Intel Core i5,13.0,,,"8, 16",8.0,1 TB,
UR,Mac,MacBook Pro,MacBook Pro i5 1.4GHz 13-inch (Mid 2020),,2 TB,SSD,,,780,2020,Intel Core i5,13.0,,,"8, 16",8.0,2 TB,
UR,Mac,MacBook Pro,MacBook Pro i5 2.0GHz 13-inch (Late 2016),,256 GB,SSD,,,250,2016,Intel Core i5,13.0,,,"8, 16",8.0,256 GB,
UR,Mac,MacBook Pro,MacBook Pro i5 2.0GHz 13-inch (Late 2016),,512 GB,SSD,,,300,2016,Intel Core i5,13.0,,,"8, 16",8.0,512 GB,
UR,Mac,MacBook Pro,MacBook Pro i5 2.0GHz 13-inch (Late 2016),,1 TB,SSD,,,350,2016,Intel Core i5,13.0,,,"8, 16",8.0,1 TB,
UR,Mac,MacBook Pro,MacBook Pro i5 2.0GHz 13-inch (Mid 2020),,512 GB,SSD,,,760,2020,Intel Core i5,13.0,,,"16, 32",16.0,512 GB,
UR,Mac,MacBook Pro,MacBook Pro i5 2.0GHz 13-inch (Mid 2020),,1 TB,SSD,,,830,2020,Intel Core i5,13.0,,,"16, 32",16.0,1 TB,
UR,Mac,MacBook Pro,MacBook Pro i5 2.0GHz 13-inch (Mid 2020),,2 TB,SSD,,,920,2020,Intel Core i5,13.0,,,"16, 32",16.0,2 TB,
UR,Mac,MacBook Pro,MacBook Pro i5 2.0GHz 13-inch (Mid 2020),,4 TB,SSD,,,1050,2020,Intel Core i5,13.0,,,"16, 32",16.0,4 TB,
UR,Mac,MacBook Pro,MacBook Pro i5 2.3GHz 13-inch (Mid 2017),,128 GB,SSD,,,350,2017,Intel Core i5,13.0,,,"8, 16",8.0,128 GB,
UR,Mac,MacBook Pro,MacBook Pro i5 2.3GHz 13-inch (Mid 2017),,256 GB,SSD,,,450,2017,Intel Core i5,13.0,,,"8, 16",8.0,256 GB,
UR,Mac,MacBook Pro,MacBook Pro i5 2.3GHz 13-inch (Mid 2017),,512 GB,SSD,,,500,2017,Intel Core i5,13.0,,,"8, 16",8.0,512 GB,
UR,Mac,MacBook Pro,MacBook Pro i5 2.3GHz 13-inch (Mid 2017),,1 TB,SSD,,,550,2017,Intel Core i5,13.0,,,"8, 16",8.0,1 TB,
UR,Mac,MacBook Pro,MacBook Pro i5 2.3GHz 13-inch (Mid 2018),,256 GB,SSD,,,500,2018,Intel Core i5,13.0,,,"8, 16",8.0,256 GB,
UR,Mac,MacBook Pro,MacBook Pro i5 2.3GHz 13-inch (Mid 2018),,512 GB,SSD,,,600,2018,Intel Core i5,13.0,,,"8, 16",8.0,512 GB,
UR,Mac,MacBook Pro,MacBook Pro i5 2.3GHz 13-inch (Mid 2018),,1 TB,SSD,,,700,2018,Intel Core i5,13.0,,,"8, 16",8.0,1 TB,
UR,Mac,MacBook Pro,MacBook Pro i5 2.3GHz 13-inch (Mid 2018),,2 TB,SSD,,,770,2018,Intel Core i5,13.0,,,"8, 16",8.0,2 TB,
UR,Mac,MacBook Pro,MacBook Pro i5 2.4GHz 13-inch (Mid 2019),,256 GB,SSD,,,690,2019,Intel Core i5,13.0,,,"8, 16",8.0,256 GB,
UR,Mac,MacBook Pro,MacBook Pro i5 2.4GHz 13-inch (Mid 2019),,512 GB,SSD,,,700,2019,Intel Core i5,13.0,,,"8, 16",8.0,512 GB,
UR,Mac,MacBook Pro,MacBook Pro i5 2.4GHz 13-inch (Mid 2019),,1 TB,SSD,,,730,2019,Intel Core i5,13.0,,,"8, 16",8.0,1 TB,
UR,Mac,MacBook Pro,MacBook Pro i5 2.4GHz 13-inch (Mid 2019),,2 TB,SSD,,,760,2019,Intel Core i5,13.0,,,"8, 16",8.0,2 TB,
UR,Mac,MacBook Pro,MacBook Pro i5 2.7GHz 13-inch (Early 2015),,128 GB,SSD,,,80,2015,Intel Core i5,13.0,,,"8, 16",8.0,128 GB,
UR,Mac,MacBook Pro,MacBook Pro i5 2.7GHz 13-inch (Early 2015),,256 GB,SSD,,,80,2015,Intel Core i5,13.0,,,"8, 16",8.0,256 GB,
UR,Mac,MacBook Pro,MacBook Pro i5 2.7GHz 13-inch (Early 2015),,512 GB,SSD,,,120,2015,Intel Core i5,13.0,,,"8, 16",8.0,512 GB,
UR,Mac,MacBook Pro,MacBook Pro i5 2.7GHz 13-inch (Early 2015),,1 TB,SSD,,,120,2015,Intel Core i5,13.0,,,"8, 16",8.0,1 TB,
UR,Mac,MacBook Pro,MacBook Pro i5 2.9GHz 13-inch (Early 2015),,128 GB,SSD,,,120,2015,Intel Core i5,13.0,,,"8, 16",8.0,128 GB,
UR,Mac,MacBook Pro,MacBook Pro i5 2.9GHz 13-inch (Early 2015),,256 GB,SSD,,,120,2015,Intel Core i5,13.0,,,"8, 16",8.0,256 GB,
UR,Mac,MacBook Pro,MacBook Pro i5 2.9GHz 13-inch (Early 2015),,512 GB,SSD,,,120,2015,Intel Core i5,13.0,,,"8, 16",8.0,512 GB,
UR,Mac,MacBook Pro,MacBook Pro i5 2.9GHz 13-inch (Early 2015),,1 TB,SSD,,,120,2015,Intel Core i5,13.0,,,"8, 16",8.0,1 TB,
UR,Mac,MacBook Pro,MacBook Pro i5 2.9GHz 13-inch (Late 2016),,256 GB,SSD,,,400,2016,Intel Core i5,13.0,,,"8, 16",8.0,256 GB,
UR,Mac,MacBook Pro,MacBook Pro i5 2.9GHz 13-inch (Late 2016),,512 GB,SSD,,,450,2016,Intel Core i5,13.0,,,"8, 16",8.0,512 GB,
UR,Mac,MacBook Pro,MacBook Pro i5 2.9GHz 13-inch (Late 2016),,1 TB,SSD,,,460,2016,Intel Core i5,13.0,,,"8, 16",8.0,1 TB,
UR,Mac,MacBook Pro,MacBook Pro i5 3.1GHz 13-inch (Late 2016),,256 GB,SSD,,,470,2016,Intel Core i5,13.0,,,"8, 16",8.0,256 GB,
UR,Mac,MacBook Pro,MacBook Pro i5 3.1GHz 13-inch (Late 2016),,512 GB,SSD,,,480,2016,Intel Core i5,13.0,,,"8, 16",8.0,512 GB,
UR,Mac,MacBook Pro,MacBook Pro i5 3.1GHz 13-inch (Late 2016),,1 TB,SSD,,,490,2016,Intel Core i5,13.0,,,"8, 16",8.0,1 TB,
UR,Mac,MacBook Pro,MacBook Pro i5 3.1GHz 13-inch (Mid 2017),,256 GB,SSD,,,500,2017,Intel Core i5,13.0,,,"8, 16",8.0,256 GB,
UR,Mac,MacBook Pro,MacBook Pro i5 3.1GHz 13-inch (Mid 2017),,512 GB,SSD,,,530,2017,Intel Core i5,13.0,,,"8, 16",8.0,512 GB,
UR,Mac,MacBook Pro,MacBook Pro i5 3.1GHz 13-inch (Mid 2017),,1 TB,SSD,,,600,2017,Intel Core i5,13.0,,,"8, 16",8.0,1 TB,
UR,Mac,MacBook Pro,MacBook Pro i5 3.3GHz 13-inch (Mid 2017),,256 GB,SSD,,,500,2017,Intel Core i5,13.0,,,"8, 16",8.0,256 GB,
UR,Mac,MacBook Pro,MacBook Pro i5 3.3GHz 13-inch (Mid 2017),,512 GB,SSD,,,530,2017,Intel Core i5,13.0,,,"8, 16",8.0,512 GB,
UR,Mac,MacBook Pro,MacBook Pro i5 3.3GHz 13-inch (Mid 2017),,1 TB,SSD,,,600,2017,Intel Core i5,13.0,,,"8, 16",8.0,1 TB,
UR,Mac,MacBook Pro,MacBook Pro i7 1.7GHz 13-inch (Mid 2019),,128 GB,SSD,,,500,2019,Intel Core i7,13.0,,,"8, 16",8.0,128 GB,
UR,Mac,MacBook Pro,MacBook Pro i7 1.7GHz 13-inch (Mid 2019),,256 GB,SSD,,,570,2019,Intel Core i7,13.0,,,"8, 16",8.0,256 GB,
UR,Mac,MacBook Pro,MacBook Pro i7 1.7GHz 13-inch (Mid 2019),,512 GB,SSD,,,610,2019,Intel Core i7,13.0,,,"8, 16",8.0,512 GB,
UR,Mac,MacBook Pro,MacBook Pro i7 1.7GHz 13-inch (Mid 2019),,1 TB,SSD,,,690,2019,Intel Core i7,13.0,,,"8, 16",8.0,1 TB,
UR,Mac,MacBook Pro,MacBook Pro i7 1.7GHz 13-inch (Mid 2019),,2 TB,SSD,,,730,2019,Intel Core i7,13.0,,,"8, 16",8.0,2 TB,
UR,Mac,MacBook Pro,MacBook Pro i7 1.7GHz 13-inch (Mid 2020),,256 GB,SSD,,,780,2020,Intel Core i7,13.0,,,"8, 16",8.0,256 GB,
UR,Mac,MacBook Pro,MacBook Pro i7 1.7GHz 13-inch (Mid 2020),,512 GB,SSD,,,790,2020,Intel Core i7,13.0,,,"8, 16",8.0,512 GB,
UR,Mac,MacBook Pro,MacBook Pro i7 1.7GHz 13-inch (Mid 2020),,1 TB,SSD,,,830,2020,Intel Core i7,13.0,,,"8, 16",8.0,1 TB,
UR,Mac,MacBook Pro,MacBook Pro i7 1.7GHz 13-inch (Mid 2020),,2 TB,SSD,,,920,2020,Intel Core i7,13.0,,,"8, 16",8.0,2 TB,
UR,Mac,MacBook Pro,MacBook Pro i7 2.2GHz 15-inch (Mid 2015),,256 GB,SSD,,,200,2015,Intel Core i7,15.0,,,16,16.0,256 GB,
UR,Mac,MacBook Pro,MacBook Pro i7 2.2GHz 15-inch (Mid 2015),,512 GB,SSD,,,200,2015,Intel Core i7,15.0,,,16,16.0,512 GB,
UR,Mac,MacBook Pro,MacBook Pro i7 2.2GHz 15-inch (Mid 2015),,1 TB,SSD,,,200,2015,Intel Core i7,15.0,,,16,16.0,1 TB,
UR,Mac,MacBook Pro,MacBook Pro i7 2.2GHz 15-inch (Mid 2018),,256 GB,SSD,,,910,2018,Intel Core i7,15.0,,,"16, 32",16.0,256 GB,
UR,Mac,MacBook Pro,MacBook Pro i7 2.2GHz 15-inch (Mid 2018),,512 GB,SSD,,,920,2018,Intel Core i7,15.0,,,"16, 32",16.0,512 GB,
UR,Mac,MacBook Pro,MacBook Pro i7 2.2GHz 15-inch (Mid 2018),,1 TB,SSD,,,960,2018,Intel Core i7,15.0,,,"16, 32",16.0,1 TB,
UR,Mac,MacBook Pro,MacBook Pro i7 2.2GHz 15-inch (Mid 2018),,2 TB,SSD,,,1110,2018,Intel Core i7,15.0,,,"16, 32",16.0,2 TB,
UR,Mac,MacBook Pro,MacBook Pro i7 2.2GHz 15-inch (Mid 2018),,4 TB,SSD,,,1210,2018,Intel Core i7,15.0,,,"16, 32",16.0,4 TB,
UR,Mac,MacBook Pro,MacBook Pro i7 2.3GHz 13-inch (Mid 2020),,512 GB,SSD,,,780,2020,Intel Core i7,13.0,,,"16, 32",16.0,512 GB,
UR,Mac,MacBook Pro,MacBook Pro i7 2.3GHz 13-inch (Mid 2020),,1 TB,SSD,,,880,2020,Intel Core i7,13.0,,,"16, 32",16.0,1 TB,
UR,Mac,MacBook Pro,MacBook Pro i7 2.3GHz 13-inch (Mid 2020),,2 TB,SSD,,,960,2020,Intel Core i7,13.0,,,"16, 32",16.0,2 TB,
UR,Mac,MacBook Pro,MacBook Pro i7 2.3GHz 13-inch (Mid 2020),,4 TB,SSD,,,1100,2020,Intel Core i7,13.0,,,"16, 32",16.0,4 TB,
UR,Mac,MacBook Pro,MacBook Pro i7 2.4GHz 13-inch (Late 2016),,256 GB,SSD,,,360,2016,Intel Core i7,13.0,,,"8, 16",8.0,256 GB,
UR,Mac,MacBook Pro,MacBook Pro i7 2.4GHz 13-inch (Late 2016),,512 GB,SSD,,,400,2016,Intel Core i7,13.0,,,"8, 16",8.0,512 GB,
UR,Mac,MacBook Pro,MacBook Pro i7 2.4GHz 13-inch (Late 2016),,1 TB,SSD,,,450,2016,Intel Core i7,13.0,,,"8, 16",8.0,1 TB,
UR,Mac,MacBook Pro,MacBook Pro i7 2.5GHz 13-inch (Mid 2017),,128 GB,SSD,,,360,2017,Intel Core i7,13.0,,,"8, 16",8.0,128 GB,
UR,Mac,MacBook Pro,MacBook Pro i7 2.5GHz 13-inch (Mid 2017),,256 GB,SSD,,,500,2017,Intel Core i7,13.0,,,"8, 16",8.0,256 GB,
UR,Mac,MacBook Pro,MacBook Pro i7 2.5GHz 13-inch (Mid 2017),,512 GB,SSD,,,550,2017,Intel Core i7,13.0,,,"8, 16",8.0,512 GB,
UR,Mac,MacBook Pro,MacBook Pro i7 2.5GHz 13-inch (Mid 2017),,1 TB,SSD,,,600,2017,Intel Core i7,13.0,,,"8, 16",8.0,1 TB,
UR,Mac,MacBook Pro,MacBook Pro i7 2.5GHz 15-inch (Mid 2015),,256 GB,SSD,,,200,2015,Intel Core i7,15.0,,,16,16.0,256 GB,
UR,Mac,MacBook Pro,MacBook Pro i7 2.5GHz 15-inch (Mid 2015),,512 GB,SSD,,,240,2015,Intel Core i7,15.0,,,16,16.0,512 GB,
UR,Mac,MacBook Pro,MacBook Pro i7 2.5GHz 15-inch (Mid 2015),,1 TB,SSD,,,250,2015,Intel Core i7,15.0,,,16,16.0,1 TB,
UR,Mac,MacBook Pro,MacBook Pro i7 2.6GHz 15-inch (Late 2016),,256 GB,SSD,,,600,2016,Intel Core i7,15.0,,,16,16.0,256 GB,
UR,Mac,MacBook Pro,MacBook Pro i7 2.6GHz 15-inch (Late 2016),,512 GB,SSD,,,700,2016,Intel Core i7,15.0,,,16,16.0,512 GB,
UR,Mac,MacBook Pro,MacBook Pro i7 2.6GHz 15-inch (Late 2016),,1 TB,SSD,,,770,2016,Intel Core i7,15.0,,,16,16.0,1 TB,
UR,Mac,MacBook Pro,MacBook Pro i7 2.6GHz 15-inch (Late 2016),,2 TB,SSD,,,820,2016,Intel Core i7,15.0,,,16,16.0,2 TB,
UR,Mac,MacBook Pro,MacBook Pro i7 2.6GHz 15-inch (Mid 2018),,256 GB,SSD,,,800,2018,Intel Core i7,15.0,,,"16, 32",16.0,256 GB,
UR,Mac,MacBook Pro,MacBook Pro i7 2.6GHz 15-inch (Mid 2018),,512 GB,SSD,,,900,2018,Intel Core i7,15.0,,,"16, 32",16.0,512 GB,
UR,Mac,MacBook Pro,MacBook Pro i7 2.6GHz 15-inch (Mid 2018),,1 TB,SSD,,,950,2018,Intel Core i7,15.0,,,"16, 32",16.0,1 TB,
UR,Mac,MacBook Pro,MacBook Pro i7 2.6GHz 15-inch (Mid 2018),,2 TB,SSD,,,1050,2018,Intel Core i7,15.0,,,"16, 32",16.0,2 TB,
UR,Mac,MacBook Pro,MacBook Pro i7 2.6GHz 15-inch (Mid 2018),,4 TB,SSD,,,1150,2018,Intel Core i7,15.0,,,"16, 32",16.0,4 TB,
UR,Mac,MacBook Pro,MacBook Pro i7 2.6GHz 15-inch (Mid 2019),,256 GB,SSD,,,1030,2019,Intel Core i7,15.0,,,"16, 32",16.0,256 GB,
UR,Mac,MacBook Pro,MacBook Pro i7 2.6GHz 15-inch (Mid 2019),,512 GB,SSD,,,1070,2019,Intel Core i7,15.0,,,"16, 32",16.0,512 GB,
UR,Mac,MacBook Pro,MacBook Pro i7 2.6GHz 15-inch (Mid 2019),,1 TB,SSD,,,1150,2019,Intel Core i7,15.0,,,"16, 32",16.0,1 TB,
UR,Mac,MacBook Pro,MacBook Pro i7 2.6GHz 15-inch (Mid 2019),,2 TB,SSD,,,1270,2019,Intel Core i7,15.0,,,"16, 32",16.0,2 TB,
UR,Mac,MacBook Pro,MacBook Pro i7 2.6GHz 15-inch (Mid 2019),,4 TB,SSD,,,1370,2019,Intel Core i7,15.0,,,"16, 32",16.0,4 TB,
UR,Mac,MacBook Pro,MacBook Pro i7 2.6GHz 16-inch (Late 2019),,512 GB,SSD,,,1100,2019,Intel Core i7,16.0,,,"16, 32, 64",16.0,512 GB,
UR,Mac,MacBook Pro,MacBook Pro i7 2.6GHz 16-inch (Late 2019),,1 TB,SSD,,,1190,2019,Intel Core i7,16.0,,,"16, 32, 64",16.0,1 TB,
UR,Mac,MacBook Pro,MacBook Pro i7 2.6GHz 16-inch (Late 2019),,2 TB,SSD,,,1290,2019,Intel Core i7,16.0,,,"16, 32, 64",16.0,2 TB,
UR,Mac,MacBook Pro,MacBook Pro i7 2.6GHz 16-inch (Late 2019),,4 TB,SSD,,,1380,2019,Intel Core i7,16.0,,,"16, 32, 64",16.0,4 TB,
UR,Mac,MacBook Pro,MacBook Pro i7 2.6GHz 16-inch (Late 2019),,8 TB,SSD,,,1500,2019,Intel Core i7,16.0,,,"16, 32, 64",16.0,8 TB,
UR,Mac,MacBook Pro,MacBook Pro i7 2.7GHz 13-inch (Mid 2018),,256 GB,SSD,,,700,2018,Intel Core i7,13.0,,,"8, 16",8.0,256 GB,
UR,Mac,MacBook Pro,MacBook Pro i7 2.7GHz 13-inch (Mid 2018),,512 GB,SSD,,,720,2018,Intel Core i7,13.0,,,"8, 16",8.0,512 GB,
UR,Mac,MacBook Pro,MacBook Pro i7 2.7GHz 13-inch (Mid 2018),,1 TB,SSD,,,770,2018,Intel Core i7,13.0,,,"8, 16",8.0,1 TB,
UR,Mac,MacBook Pro,MacBook Pro i7 2.7GHz 13-inch (Mid 2018),,2 TB,SSD,,,820,2018,Intel Core i7,13.0,,,"8, 16",8.0,2 TB,
UR,Mac,MacBook Pro,MacBook Pro i7 2.7GHz 15-inch (Late 2016),,256 GB,SSD,,,700,2016,Intel Core i7,15.0,,,16,16.0,256 GB,
UR,Mac,MacBook Pro,MacBook Pro i7 2.7GHz 15-inch (Late 2016),,512 GB,SSD,,,720,2016,Intel Core i7,15.0,,,16,16.0,512 GB,
UR,Mac,MacBook Pro,MacBook Pro i7 2.7GHz 15-inch (Late 2016),,1 TB,SSD,,,770,2016,Intel Core i7,15.0,,,16,16.0,1 TB,
UR,Mac,MacBook Pro,MacBook Pro i7 2.7GHz 15-inch (Late 2016),,2 TB,SSD,,,820,2016,Intel Core i7,15.0,,,16,16.0,2 TB,
UR,Mac,MacBook Pro,MacBook Pro i7 2.8GHz 13-inch (Mid 2019),,256 GB,SSD,,,730,2019,Intel Core i7,13.0,,,"8, 16",8.0,256 GB,
UR,Mac,MacBook Pro,MacBook Pro i7 2.8GHz 13-inch (Mid 2019),,512 GB,SSD,,,760,2019,Intel Core i7,13.0,,,"8, 16",8.0,512 GB,
UR,Mac,MacBook Pro,MacBook Pro i7 2.8GHz 13-inch (Mid 2019),,1 TB,SSD,,,770,2019,Intel Core i7,13.0,,,"8, 16",8.0,1 TB,
UR,Mac,MacBook Pro,MacBook Pro i7 2.8GHz 13-inch (Mid 2019),,2 TB,SSD,,,830,2019,Intel Core i7,13.0,,,"8, 16",8.0,2 TB,
UR,Mac,MacBook Pro,MacBook Pro i7 2.8GHz 15-inch (Mid 2015),,256 GB,SSD,,,240,2015,Intel Core i7,15.0,,,16,16.0,256 GB,
UR,Mac,MacBook Pro,MacBook Pro i7 2.8GHz 15-inch (Mid 2015),,512 GB,SSD,,,250,2015,Intel Core i7,15.0,,,16,16.0,512 GB,
UR,Mac,MacBook Pro,MacBook Pro i7 2.8GHz 15-inch (Mid 2015),,1 TB,SSD,,,290,2015,Intel Core i7,15.0,,,16,16.0,1 TB,
UR,Mac,MacBook Pro,MacBook Pro i7 2.8GHz 15-inch (Mid 2017),,256 GB,SSD,,,790,2017,Intel Core i7,15.0,,,"16, 32",16.0,256 GB,
UR,Mac,MacBook Pro,MacBook Pro i7 2.8GHz 15-inch (Mid 2017),,512 GB,SSD,,,820,2017,Intel Core i7,15.0,,,"16, 32",16.0,512 GB,
UR,Mac,MacBook Pro,MacBook Pro i7 2.8GHz 15-inch (Mid 2017),,1 TB,SSD,,,840,2017,Intel Core i7,15.0,,,"16, 32",16.0,1 TB,
UR,Mac,MacBook Pro,MacBook Pro i7 2.8GHz 15-inch (Mid 2017),,2 TB,SSD,,,890,2017,Intel Core i7,15.0,,,"16, 32",16.0,2 TB,
UR,Mac,MacBook Pro,MacBook Pro i7 2.9GHz 15-inch (Late 2016),,256 GB,SSD,,,700,2016,Intel Core i7,15.0,,,16,16.0,256 GB,
UR,Mac,MacBook Pro,MacBook Pro i7 2.9GHz 15-inch (Late 2016),,512 GB,SSD,,,720,2016,Intel Core i7,15.0,,,16,16.0,512 GB,
UR,Mac,MacBook Pro,MacBook Pro i7 2.9GHz 15-inch (Late 2016),,1 TB,SSD,,,770,2016,Intel Core i7,15.0,,,16,16.0,1 TB,
UR,Mac,MacBook Pro,MacBook Pro i7 2.9GHz 15-inch (Late 2016),,2 TB,SSD,,,820,2016,Intel Core i7,15.0,,,16,16.0,2 TB,
UR,Mac,MacBook Pro,MacBook Pro i7 2.9GHz 15-inch (Mid 2017),,256 GB,SSD,,,800,2017,Intel Core i7,15.0,,,"16, 32",16.0,256 GB,
UR,Mac,MacBook Pro,MacBook Pro i7 2.9GHz 15-inch (Mid 2017),,512 GB,SSD,,,820,2017,Intel Core i7,15.0,,,"16, 32",16.0,512 GB,
UR,Mac,MacBook Pro,MacBook Pro i7 2.9GHz 15-inch (Mid 2017),,1 TB,SSD,,,840,2017,Intel Core i7,15.0,,,"16, 32",16.0,1 TB,
UR,Mac,MacBook Pro,MacBook Pro i7 2.9GHz 15-inch (Mid 2017),,2 TB,SSD,,,900,2017,Intel Core i7,15.0,,,"16, 32",16.0,2 TB,
UR,Mac,MacBook Pro,MacBook Pro i7 3.1GHz 13-inch (Early 2015),,128 GB,SSD,,,120,2015,Intel Core i7,13.0,,,"8, 16",8.0,128 GB,
UR,Mac,MacBook Pro,MacBook Pro i7 3.1GHz 13-inch (Early 2015),,256 GB,SSD,,,120,2015,Intel Core i7,13.0,,,"8, 16",8.0,256 GB,
UR,Mac,MacBook Pro,MacBook Pro i7 3.1GHz 13-inch (Early 2015),,512 GB,SSD,,,150,2015,Intel Core i7,13.0,,,"8, 16",8.0,512 GB,
UR,Mac,MacBook Pro,MacBook Pro i7 3.1GHz 13-inch (Early 2015),,1 TB,SSD,,,150,2015,Intel Core i7,13.0,,,"8, 16",8.0,1 TB,
UR,Mac,MacBook Pro,MacBook Pro i7 3.1GHz 15-inch (Mid 2017),,256 GB,SSD,,,800,2017,Intel Core i7,15.0,,,"16, 32",16.0,256 GB,
UR,Mac,MacBook Pro,MacBook Pro i7 3.1GHz 15-inch (Mid 2017),,512 GB,SSD,,,820,2017,Intel Core i7,15.0,,,"16, 32",16.0,512 GB,
UR,Mac,MacBook Pro,MacBook Pro i7 3.1GHz 15-inch (Mid 2017),,1 TB,SSD,,,840,2017,Intel Core i7,15.0,,,"16, 32",16.0,1 TB,
UR,Mac,MacBook Pro,MacBook Pro i7 3.1GHz 15-inch (Mid 2017),,2 TB,SSD,,,890,2017,Intel Core i7,15.0,,,"16, 32",16.0,2 TB,
UR,Mac,MacBook Pro,MacBook Pro i7 3.3GHz 13-inch (Late 2016),,256 GB,SSD,,,450,2016,Intel Core i7,13.0,,,"8, 16",8.0,256 GB,
UR,Mac,MacBook Pro,MacBook Pro i7 3.3GHz 13-inch (Late 2016),,512 GB,SSD,,,460,2016,Intel Core i7,13.0,,,"8, 16",8.0,512 GB,
UR,Mac,MacBook Pro,MacBook Pro i7 3.3GHz 13-inch (Late 2016),,1 TB,SSD,,,470,2016,Intel Core i7,13.0,,,"8, 16",8.0,1 TB,
UR,Mac,MacBook Pro,MacBook Pro i7 3.5GHz 13-inch (Mid 2017),,256 GB,SSD,,,720,2017,Intel Core i7,13.0,,,"8, 16",8.0,256 GB,
UR,Mac,MacBook Pro,MacBook Pro i7 3.5GHz 13-inch (Mid 2017),,512 GB,SSD,,,800,2017,Intel Core i7,13.0,,,"8, 16",8.0,512 GB,
UR,Mac,MacBook Pro,MacBook Pro i7 3.5GHz 13-inch (Mid 2017),,1 TB,SSD,,,840,2017,Intel Core i7,13.0,,,"8, 16",8.0,1 TB,
UR,Mac,MacBook Pro,MacBook Pro i9 2.3GHz 15-inch (Mid 2019),,256 GB,SSD,,,1030,2019,Intel Core i9,15.0,,,"16, 32",16.0,256 GB,
UR,Mac,MacBook Pro,MacBook Pro i9 2.3GHz 15-inch (Mid 2019),,512 GB,SSD,,,1100,2019,Intel Core i9,15.0,,,"16, 32",16.0,512 GB,
UR,Mac,MacBook Pro,MacBook Pro i9 2.3GHz 15-inch (Mid 2019),,1 TB,SSD,,,1290,2019,Intel Core i9,15.0,,,"16, 32",16.0,1 TB,
UR,Mac,MacBook Pro,MacBook Pro i9 2.3GHz 15-inch (Mid 2019),,2 TB,SSD,,,1390,2019,Intel Core i9,15.0,,,"16, 32",16.0,2 TB,
UR,Mac,MacBook Pro,MacBook Pro i9 2.3GHz 15-inch (Mid 2019),,4 TB,SSD,,,1510,2019,Intel Core i9,15.0,,,"16, 32",16.0,4 TB,
UR,Mac,MacBook Pro,MacBook Pro i9 2.3GHz 16-inch (Late 2019),,1 TB,SSD,,,1280,2019,Intel Core i9,16.0,,,"16, 32, 64",16.0,1 TB,
UR,Mac,MacBook Pro,MacBook Pro i9 2.3GHz 16-inch (Late 2019),,2 TB,SSD,,,1380,2019,Intel Core i9,16.0,,,"16, 32, 64",16.0,2 TB,
UR,Mac,MacBook Pro,MacBook Pro i9 2.3GHz 16-inch (Late 2019),,4 TB,SSD,,,1560,2019,Intel Core i9,16.0,,,"16, 32, 64",16.0,4 TB,
UR,Mac,MacBook Pro,MacBook Pro i9 2.3GHz 16-inch (Late 2019),,8 TB,SSD,,,1570,2019,Intel Core i9,16.0,,,"16, 32, 64",16.0,8 TB,
UR,Mac,MacBook Pro,MacBook Pro i9 2.4GHz 15-inch (Mid 2019),,256 GB,SSD,,,1030,2019,Intel Core i9,15.0,,,"16, 32",16.0,256 GB,
UR,Mac,MacBook Pro,MacBook Pro i9 2.4GHz 15-inch (Mid 2019),,512 GB,SSD,,,1180,2019,Intel Core i9,15.0,,,"16, 32",16.0,512 GB,
UR,Mac,MacBook Pro,MacBook Pro i9 2.4GHz 15-inch (Mid 2019),,1 TB,SSD,,,1290,2019,Intel Core i9,15.0,,,"16, 32",16.0,1 TB,
UR,Mac,MacBook Pro,MacBook Pro i9 2.4GHz 15-inch (Mid 2019),,2 TB,SSD,,,1390,2019,Intel Core i9,15.0,,,"16, 32",16.0,2 TB,
UR,Mac,MacBook Pro,MacBook Pro i9 2.4GHz 15-inch (Mid 2019),,4 TB,SSD,,,1510,2019,Intel Core i9,15.0,,,"16, 32",16.0,4 TB,
UR,Mac,MacBook Pro,MacBook Pro i9 2.4GHz 16-inch (Late 2019),,512 GB,SSD,,,1190,2019,Intel Core i9,16.0,,,"16, 32, 64",16.0,512 GB,
UR,Mac,MacBook Pro,MacBook Pro i9 2.4GHz 16-inch (Late 2019),,1 TB,SSD,,,1410,2019,Intel Core i9,16.0,,,"16, 32, 64",16.0,1 TB,
UR,Mac,MacBook Pro,MacBook Pro i9 2.4GHz 16-inch (Late 2019),,2 TB,SSD,,,1480,2019,Intel Core i9,16.0,,,"16, 32, 64",16.0,2 TB,
UR,Mac,MacBook Pro,MacBook Pro i9 2.4GHz 16-inch (Late 2019),,4 TB,SSD,,,1600,2019,Intel Core i9,16.0,,,"16, 32, 64",16.0,4 TB,
UR,Mac,MacBook Pro,MacBook Pro i9 2.4GHz 16-inch (Late 2019),,8 TB,SSD,,,1740,2019,Intel Core i9,16.0,,,"16, 32, 64",16.0,8 TB,
UR,Mac,MacBook Pro,MacBook Pro i9 2.9GHz 15-inch (Mid 2018),,256 GB,SSD,,,910,2018,Intel Core i9,15.0,,,"16, 32",16.0,256 GB,
UR,Mac,MacBook Pro,MacBook Pro i9 2.9GHz 15-inch (Mid 2018),,512 GB,SSD,,,960,2018,Intel Core i9,15.0,,,"16, 32",16.0,512 GB,
UR,Mac,MacBook Pro,MacBook Pro i9 2.9GHz 15-inch (Mid 2018),,1 TB,SSD,,,1040,2018,Intel Core i9,15.0,,,"16, 32",16.0,1 TB,
UR,Mac,MacBook Pro,MacBook Pro i9 2.9GHz 15-inch (Mid 2018),,2 TB,SSD,,,1130,2018,Intel Core i9,15.0,,,"16, 32",16.0,2 TB,
UR,Mac,MacBook Pro,MacBook Pro i9 2.9GHz 15-inch (Mid 2018),,4 TB,SSD,,,1230,2018,Intel Core i9,15.0,,,"16, 32",16.0,4 TB,
UR,Mac,MacBook Pro,MacBook Pro M1 8-Core CPU & 8-Core GPU 13-inch (Late 2020),,256 GB,SSD,,,910,2020,M1,13.0,,,"8, 16",8.0,256 GB,M1
UR,Mac,MacBook Pro,MacBook Pro M1 8-Core CPU & 8-Core GPU 13-inch (Late 2020),,512 GB,SSD,,,960,2020,M1,13.0,,,"8, 16",8.0,512 GB,M1
UR,Mac,MacBook Pro,MacBook Pro M1 8-Core CPU & 8-Core GPU 13-inch (Late 2020),,1 TB,SSD,,,1030,2020,M1,13.0,,,"8, 16",8.0,1 TB,M1
UR,Mac,MacBook Pro,MacBook Pro M1 8-Core CPU & 8-Core GPU 13-inch (Late 2020),,2 TB,SSD,,,1150,2020,M1,13.0,,,"8, 16",8.0,2 TB,M1
UR,Mac,MacBook Pro,MacBook Pro M2 8-Core CPU & 10-Core GPU 13-inch (Mid 2022),,256 GB,SSD,,,1400,2022,M2,13.0,,,"8, 16, 24",8.0,256 GB,M2
UR,Mac,MacBook Pro,MacBook Pro M2 8-Core CPU & 10-Core GPU 13-inch (Mid 2022),,512 GB,SSD,,,1680,2022,M2,13.0,,,"8, 16, 24",8.0,512 GB,M2
UR,Mac,MacBook Pro,MacBook Pro M2 8-Core CPU & 10-Core GPU 13-inch (Mid 2022),,1 TB,SSD,,,1900,2022,M2,13.0,,,"8, 16, 24",8.0,1 TB,M2
UR,Mac,MacBook Pro,MacBook Pro M2 8-Core CPU & 10-Core GPU 13-inch (Mid 2022),,2 TB,SSD,,,2260,2022,M2,13.0,,,"8, 16, 24",8.0,2 TB,M2
UR,Mac,MacBook Pro,MacBook Pro M2 Max 12-Core CPU & 30-Core GPU 14-inch (Early 2023),,512 GB,SSD,,,2910,2023,M2 Max,14.0,,,"32, 64",32.0,512 GB,M2
UR,Mac,MacBook Pro,MacBook Pro M2 Max 12-Core CPU & 30-Core GPU 14-inch (Early 2023),,1 TB,SSD,,,2940,2023,M2 Max,14.0,,,"32, 64",32.0,1 TB,M2
UR,Mac,MacBook Pro,MacBook Pro M2 Max 12-Core CPU & 30-Core GPU 14-inch (Early 2023),,2 TB,SSD,,,3950,2023,M2 Max,14.0,,,"32, 64",32.0,2 TB,M2
UR,Mac,MacBook Pro,MacBook Pro M2 Max 12-Core CPU & 30-Core GPU 14-inch (Early 2023),,4 TB,SSD,,,4460,2023,M2 Max,14.0,,,"32, 64",32.0,4 TB,M2
UR,Mac,MacBook Pro,MacBook Pro M2 Max 12-Core CPU & 30-Core GPU 14-inch (Early 2023),,8 TB,SSD,,,5630,2023,M2 Max,14.0,,,"32, 64",32.0,8 TB,M2
UR,Mac,MacBook Pro,MacBook Pro M2 Max 12-Core CPU & 30-Core GPU 16-inch (Early 2023),,512 GB,SSD,,,3540,2023,M2 Max,16.0,,,"32, 64",32.0,512 GB,M2
UR,Mac,MacBook Pro,MacBook Pro M2 Max 12-Core CPU & 30-Core GPU 16-inch (Early 2023),,1 TB,SSD,,,3720,2023,M2 Max,16.0,,,"32, 64",32.0,1 TB,M2
UR,Mac,MacBook Pro,MacBook Pro M2 Max 12-Core CPU & 30-Core GPU 16-inch (Early 2023),,2 TB,SSD,,,4040,2023,M2 Max,16.0,,,"32, 64",32.0,2 TB,M2
UR,Mac,MacBook Pro,MacBook Pro M2 Max 12-Core CPU & 30-Core GPU 16-inch (Early 2023),,4 TB,SSD,,,4670,2023,M2 Max,16.0,,,"32, 64",32.0,4 TB,M2
UR,Mac,MacBook Pro,MacBook Pro M2 Max 12-Core CPU & 30-Core GPU 16-inch (Early 2023),,8 TB,SSD,,,5920,2023,M2 Max,16.0,,,"32, 64",32.0,8 TB,M2
UR,Mac,MacBook Pro,MacBook Pro M2 Max 12-Core CPU & 38-Core GPU 14-inch (Early 2023),,512 GB,SSD,,,3360,2023,M2 Max,14.0,,,"32, 64, 96",32.0,512 GB,M2
UR,Mac,MacBook Pro,MacBook Pro M2 Max 12-Core CPU & 38-Core GPU 14-inch (Early 2023),,1 TB,SSD,,,3640,2023,M2 Max,14.0,,,"32, 64, 96",32.0,1 TB,M2
UR,Mac,MacBook Pro,MacBook Pro M2 Max 12-Core CPU & 38-Core GPU 14-inch (Early 2023),,2 TB,SSD,,,4120,2023,M2 Max,14.0,,,"32, 64, 96",32.0,2 TB,M2
UR,Mac,MacBook Pro,MacBook Pro M2 Max 12-Core CPU & 38-Core GPU 14-inch (Early 2023),,4 TB,SSD,,,4800,2023,M2 Max,14.0,,,"32, 64, 96",32.0,4 TB,M2
UR,Mac,MacBook Pro,MacBook Pro M2 Max 12-Core CPU & 38-Core GPU 14-inch (Early 2023),,8 TB,SSD,,,6030,2023,M2 Max,14.0,,,"32, 64, 96",32.0,8 TB,M2
UR,Mac,MacBook Pro,MacBook Pro M2 Max 12-Core CPU & 38-Core GPU 16-inch (Early 2023),,512 GB,SSD,,,3700,2023,M2 Max,16.0,,,"32, 64, 96",32.0,512 GB,M2
UR,Mac,MacBook Pro,MacBook Pro M2 Max 12-Core CPU & 38-Core GPU 16-inch (Early 2023),,1 TB,SSD,,,3800,2023,M2 Max,16.0,,,"32, 64, 96",32.0,1 TB,M2
UR,Mac,MacBook Pro,MacBook Pro M2 Max 12-Core CPU & 38-Core GPU 16-inch (Early 2023),,2 TB,SSD,,,4460,2023,M2 Max,16.0,,,"32, 64, 96",32.0,2 TB,M2
UR,Mac,MacBook Pro,MacBook Pro M2 Max 12-Core CPU & 38-Core GPU 16-inch (Early 2023),,4 TB,SSD,,,4870,2023,M2 Max,16.0,,,"32, 64, 96",32.0,4 TB,M2
UR,Mac,MacBook Pro,MacBook Pro M2 Max 12-Core CPU & 38-Core GPU 16-inch (Early 2023),,8 TB,SSD,,,6330,2023,M2 Max,16.0,,,"32, 64, 96",32.0,8 TB,M2
UR,Mac,MacBook Pro,MacBook Pro M2 Pro 10-Core CPU & 16-Core GPU 14-inch (Early 2023),,512 GB,SSD,,,2490,2023,M2 Pro,14.0,,,"16, 32",16.0,512 GB,M2
UR,Mac,MacBook Pro,MacBook Pro M2 Pro 10-Core CPU & 16-Core GPU 14-inch (Early 2023),,1 TB,SSD,,,2650,2023,M2 Pro,14.0,,,"16, 32",16.0,1 TB,M2
UR,Mac,MacBook Pro,MacBook Pro M2 Pro 10-Core CPU & 16-Core GPU 14-inch (Early 2023),,2 TB,SSD,,,2930,2023,M2 Pro,14.0,,,"16, 32",16.0,2 TB,M2
UR,Mac,MacBook Pro,MacBook Pro M2 Pro 10-Core CPU & 16-Core GPU 14-inch (Early 2023),,4 TB,SSD,,,3370,2023,M2 Pro,14.0,,,"16, 32",16.0,4 TB,M2
UR,Mac,MacBook Pro,MacBook Pro M2 Pro 10-Core CPU & 16-Core GPU 14-inch (Early 2023),,8 TB,SSD,,,4290,2023,M2 Pro,14.0,,,"16, 32",16.0,8 TB,M2
UR,Mac,MacBook Pro,MacBook Pro M2 Pro 12-Core CPU & 19-Core GPU 14-inch (Early 2023),,512 GB,SSD,,,2530,2023,M2 Pro,14.0,,,"16, 32",16.0,512 GB,M2
UR,Mac,MacBook Pro,MacBook Pro M2 Pro 12-Core CPU & 19-Core GPU 14-inch (Early 2023),,1 TB,SSD,,,2650,2023,M2 Pro,14.0,,,"16, 32",16.0,1 TB,M2
UR,Mac,MacBook Pro,MacBook Pro M2 Pro 12-Core CPU & 19-Core GPU 14-inch (Early 2023),,2 TB,SSD,,,3250,2023,M2 Pro,14.0,,,"16, 32",16.0,2 TB,M2
UR,Mac,MacBook Pro,MacBook Pro M2 Pro 12-Core CPU & 19-Core GPU 14-inch (Early 2023),,4 TB,SSD,,,3840,2023,M2 Pro,14.0,,,"16, 32",16.0,4 TB,M2
UR,Mac,MacBook Pro,MacBook Pro M2 Pro 12-Core CPU & 19-Core GPU 14-inch (Early 2023),,8 TB,SSD,,,4780,2023,M2 Pro,14.0,,,"16, 32",16.0,8 TB,M2
UR,Mac,MacBook Pro,MacBook Pro M2 Pro 12-Core CPU & 19-Core GPU 16-inch (Early 2023),,512 GB,SSD,,,2950,2023,M2 Pro,16.0,,,"16, 32",16.0,512 GB,M2
UR,Mac,MacBook Pro,MacBook Pro M2 Pro 12-Core CPU & 19-Core GPU 16-inch (Early 2023),,1 TB,SSD,,,3160,2023,M2 Pro,16.0,,,"16, 32",16.0,1 TB,M2
UR,Mac,MacBook Pro,MacBook Pro M2 Pro 12-Core CPU & 19-Core GPU 16-inch (Early 2023),,2 TB,SSD,,,3540,2023,M2 Pro,16.0,,,"16, 32",16.0,2 TB,M2
UR,Mac,MacBook Pro,MacBook Pro M2 Pro 12-Core CPU & 19-Core GPU 16-inch (Early 2023),,4 TB,SSD,,,4330,2023,M2 Pro,16.0,,,"16, 32",16.0,4 TB,M2
UR,Mac,MacBook Pro,MacBook Pro M2 Pro 12-Core CPU & 19-Core GPU 16-inch (Early 2023),,8 TB,SSD,,,5570,2023,M2 Pro,16.0,,,"16, 32",16.0,8 TB,M2
UR,Mac,MacBook Pro,MacBook Pro M3 8-Core CPU & 10-Core GPU 14-inch (Late 2023),,512 GB,SSD,,,2560,2023,M3,14.0,,,"8, 16, 24",8.0,512 GB,M3
UR,Mac,MacBook Pro,MacBook Pro M3 8-Core CPU & 10-Core GPU 14-inch (Late 2023),,1 TB,SSD,,,2820,2023,M3,14.0,,,"8, 16, 24",8.0,1 TB,M3
UR,Mac,MacBook Pro,MacBook Pro M3 8-Core CPU & 10-Core GPU 14-inch (Late 2023),,2 TB,SSD,,,3550,2023,M3,14.0,,,"8, 16, 24",8.0,2 TB,M3
UR,Mac,MacBook Pro,MacBook Pro M3 Max 14-Core CPU & 30-Core GPU 14-inch (Late 2023),,512 GB,SSD,,,4640,2023,M3 Max,14.0,,,"36, 96",36.0,512 GB,M3
UR,Mac,MacBook Pro,MacBook Pro M3 Max 14-Core CPU & 30-Core GPU 14-inch (Late 2023),,1 TB,SSD,,,4830,2023,M3 Max,14.0,,,"36, 96",36.0,1 TB,M3
UR,Mac,MacBook Pro,MacBook Pro M3 Max 14-Core CPU & 30-Core GPU 14-inch (Late 2023),,2 TB,SSD,,,5260,2023,M3 Max,14.0,,,"36, 96",36.0,2 TB,M3
UR,Mac,MacBook Pro,MacBook Pro M3 Max 14-Core CPU & 30-Core GPU 14-inch (Late 2023),,4 TB,SSD,,,6450,2023,M3 Max,14.0,,,"36, 96",36.0,4 TB,M3
UR,Mac,MacBook Pro,MacBook Pro M3 Max 14-Core CPU & 30-Core GPU 14-inch (Late 2023),,8 TB,SSD,,,7450,2023,M3 Max,14.0,,,"36, 96",36.0,8 TB,M3
UR,Mac,MacBook Pro,MacBook Pro M3 Max 14-Core CPU & 30-Core GPU 16-inch (Late 2023),,512 GB,SSD,,,5240,2023,M3 Max,16.0,,,"36, 96",36.0,512 GB,M3
UR,Mac,MacBook Pro,MacBook Pro M3 Max 14-Core CPU & 30-Core GPU 16-inch (Late 2023),,1 TB,SSD,,,5680,2023,M3 Max,16.0,,,"36, 96",36.0,1 TB,M3
UR,Mac,MacBook Pro,MacBook Pro M3 Max 14-Core CPU & 30-Core GPU 16-inch (Late 2023),,2 TB,SSD,,,6150,2023,M3 Max,16.0,,,"36, 96",36.0,2 TB,M3
UR,Mac,MacBook Pro,MacBook Pro M3 Max 14-Core CPU & 30-Core GPU 16-inch (Late 2023),,4 TB,SSD,,,7200,2023,M3 Max,16.0,,,"36, 96",36.0,4 TB,M3
UR,Mac,MacBook Pro,MacBook Pro M3 Max 14-Core CPU & 30-Core GPU 16-inch (Late 2023),,8 TB,SSD,,,8710,2023,M3 Max,16.0,,,"36, 96",36.0,8 TB,M3
UR,Mac,MacBook Pro,MacBook Pro M3 Max 16-Core CPU & 40-Core GPU 14-inch (Late 2023),,512 GB,SSD,,,5260,2023,M3 Max,14.0,,,"48, 64, 128",48.0,512 GB,M3
UR,Mac,MacBook Pro,MacBook Pro M3 Max 16-Core CPU & 40-Core GPU 14-inch (Late 2023),,1 TB,SSD,,,5420,2023,M3 Max,14.0,,,"48, 64, 128",48.0,1 TB,M3
UR,Mac,MacBook Pro,MacBook Pro M3 Max 16-Core CPU & 40-Core GPU 14-inch (Late 2023),,2 TB,SSD,,,6100,2023,M3 Max,14.0,,,"48, 64, 128",48.0,2 TB,M3
UR,Mac,MacBook Pro,MacBook Pro M3 Max 16-Core CPU & 40-Core GPU 14-inch (Late 2023),,4 TB,SSD,,,6940,2023,M3 Max,14.0,,,"48, 64, 128",48.0,4 TB,M3
UR,Mac,MacBook Pro,MacBook Pro M3 Max 16-Core CPU & 40-Core GPU 14-inch (Late 2023),,8 TB,SSD,,,8600,2023,M3 Max,14.0,,,"48, 64, 128",48.0,8 TB,M3
UR,Mac,MacBook Pro,MacBook Pro M3 Max 16-Core CPU & 40-Core GPU 16-inch (Late 2023),,512 GB,SSD,,,6000,2023,M3 Max,16.0,,,"48, 64, 128",48.0,512 GB,M3
UR,Mac,MacBook Pro,MacBook Pro M3 Max 16-Core CPU & 40-Core GPU 16-inch (Late 2023),,1 TB,SSD,,,6450,2023,M3 Max,16.0,,,"48, 64, 128",48.0,1 TB,M3
UR,Mac,MacBook Pro,MacBook Pro M3 Max 16-Core CPU & 40-Core GPU 16-inch (Late 2023),,2 TB,SSD,,,7030,2023,M3 Max,16.0,,,"48, 64, 128",48.0,2 TB,M3
UR,Mac,MacBook Pro,MacBook Pro M3 Max 16-Core CPU & 40-Core GPU 16-inch (Late 2023),,4 TB,SSD,,,7660,2023,M3 Max,16.0,,,"48, 64, 128",48.0,4 TB,M3
UR,Mac,MacBook Pro,MacBook Pro M3 Max 16-Core CPU & 40-Core GPU 16-inch (Late 2023),,8 TB,SSD,,,9570,2023,M3 Max,16.0,,,"48, 64, 128",48.0,8 TB,M3
UR,Mac,MacBook Pro,MacBook Pro M3 Pro 11-Core CPU & 14-Core GPU 14-inch (Late 2023),,512 GB,SSD,,,3040,2023,M3 Pro,14.0,,,"18, 36",18.0,512 GB,M3
UR,Mac,MacBook Pro,MacBook Pro M3 Pro 11-Core CPU & 14-Core GPU 14-inch (Late 2023),,1 TB,SSD,,,3320,2023,M3 Pro,14.0,,,"18, 36",18.0,1 TB,M3
UR,Mac,MacBook Pro,MacBook Pro M3 Pro 11-Core CPU & 14-Core GPU 14-inch (Late 2023),,2 TB,SSD,,,4100,2023,M3 Pro,14.0,,,"18, 36",18.0,2 TB,M3
UR,Mac,MacBook Pro,MacBook Pro M3 Pro 11-Core CPU & 14-Core GPU 14-inch (Late 2023),,4 TB,SSD,,,4950,2023,M3 Pro,14.0,,,"18, 36",18.0,4 TB,M3
UR,Mac,MacBook Pro,MacBook Pro M3 Pro 12-Core CPU & 18-Core GPU 14-inch (Late 2023),,512 GB,SSD,,,3440,2023,M3 Pro,14.0,,,"18, 36",18.0,512 GB,M3
UR,Mac,MacBook Pro,MacBook Pro M3 Pro 12-Core CPU & 18-Core GPU 14-inch (Late 2023),,1 TB,SSD,,,3720,2023,M3 Pro,14.0,,,"18, 36",18.0,1 TB,M3
UR,Mac,MacBook Pro,MacBook Pro M3 Pro 12-Core CPU & 18-Core GPU 14-inch (Late 2023),,2 TB,SSD,,,4130,2023,M3 Pro,14.0,,,"18, 36",18.0,2 TB,M3
UR,Mac,MacBook Pro,MacBook Pro M3 Pro 12-Core CPU & 18-Core GPU 14-inch (Late 2023),,4 TB,SSD,,,4800,2023,M3 Pro,14.0,,,"18, 36",18.0,4 TB,M3
UR,Mac,MacBook Pro,MacBook Pro M3 Pro 12-Core CPU & 18-Core GPU 16-inch (Late 2023),,512 GB,SSD,,,3940,2023,M3 Pro,16.0,,,"18, 36",18.0,512 GB,M3
UR,Mac,MacBook Pro,MacBook Pro M3 Pro 12-Core CPU & 18-Core GPU 16-inch (Late 2023),,1 TB,SSD,,,4380,2023,M3 Pro,16.0,,,"18, 36",18.0,1 TB,M3
UR,Mac,MacBook Pro,MacBook Pro M3 Pro 12-Core CPU & 18-Core GPU 16-inch (Late 2023),,2 TB,SSD,,,5130,2023,M3 Pro,16.0,,,"18, 36",18.0,2 TB,M3
UR,Mac,MacBook Pro,MacBook Pro M3 Pro 12-Core CPU & 18-Core GPU 16-inch (Late 2023),,4 TB,SSD,,,5910,2023,M3 Pro,16.0,,,"18, 36",18.0,4 TB,M3
CompAsia,Apple Watch,Watch SE,Watch SE (2022),40 mm,32 GB,,GPS,Aluminium,150,2022,S8,,40.0,,,,,
CompAsia,Apple Watch,Watch SE,Watch SE (2022),40 mm,32 GB,,GPS + Cellular,Aluminium,175,2022,S8,,40.0,,,,,
CompAsia,Apple Watch,Watch SE,Watch SE (2022),44 mm,32 GB,,GPS,Aluminium,175,2022,S8,,44.0,,,,,
CompAsia,Apple Watch,Watch SE,Watch SE (2022),44 mm,32 GB,,GPS + Cellular,Aluminium,225,2022,S8,,44.0,,,,,
CompAsia,Apple Watch,Watch SE,Watch SE 3,40 mm,64 GB,,GPS,Aluminium,575,2025,S10,,40.0,,,,,
CompAsia,Apple Watch,Watch SE,Watch SE 3,40 mm,64 GB,,GPS + Cellular,Aluminium,675,2025,S10,,40.0,,,,,
CompAsia,Apple Watch,Watch SE,Watch SE 3,44 mm,64 GB,,GPS,Aluminium,700,2025,S10,,44.0,,,,,
CompAsia,Apple Watch,Watch SE,Watch SE 3,44 mm,64 GB,,GPS + Cellular,Aluminium,775,2025,S10,,44.0,,,,,
CompAsia,Apple Watch,Watch SE,Watch SE (2020),40 mm,32 GB,,GPS,Aluminium,70,2020,S5,,40.0,,,,,
CompAsia,Apple Watch,Watch SE,Watch SE (2020),40 mm,32 GB,,GPS + Cellular,Aluminium,85,2020,S5,,40.0,,,,,
CompAsia,Apple Watch,Watch SE,Watch SE (2020),44 mm,32 GB,,GPS,Aluminium,85,2020,S5,,44.0,,,,,
CompAsia,Apple Watch,Watch SE,Watch SE (2020),44 mm,32 GB,,GPS + Cellular,Aluminium,110,2020,S5,,44.0,,,,,
CompAsia,Apple Watch,Watch Series,Watch Series 10,42 mm,64 GB,,GPS,Aluminium,550,2024,S10,,42.0,,,,,
CompAsia,Apple Watch,Watch Series,Watch Series 10,42 mm,64 GB,,GPS + Cellular,Aluminium,625,2024,S10,,42.0,,,,,
CompAsia,Apple Watch,Watch Series,Watch Series 10,42 mm,64 GB,,GPS + Cellular,Titanium,1000,2024,S10,,42.0,,,,,
CompAsia,Apple Watch,Watch Series,Watch Series 10,46 mm,64 GB,,GPS,Aluminium,575,2024,S10,,46.0,,,,,
CompAsia,Apple Watch,Watch Series,Watch Series 10,46 mm,64 GB,,GPS + Cellular,Aluminium,750,2024,S10,,46.0,,,,,
CompAsia,Apple Watch,Watch Series,Watch Series 10,46 mm,64 GB,,GPS + Cellular,Titanium,1050,2024,S10,,46.0,,,,,
CompAsia,Apple Watch,Watch Series,Watch Series 10 Hermes,42 mm,64 GB,,GPS + Cellular,Titanium,1000,2024,S10,,42.0,,,,,
CompAsia,Apple Watch,Watch Series,Watch Series 10 Hermes,46 mm,64 GB,,GPS + Cellular,Titanium,1095,2024,S10,,46.0,,,,,
CompAsia,Apple Watch,Watch Series,Watch Series 11,42 mm,64 GB,,GPS,Aluminium,950,2025,S10,,42.0,,,,,
CompAsia,Apple Watch,Watch Series,Watch Series 11,42 mm,64 GB,,GPS + Cellular,Aluminium,1225,2025,S10,,42.0,,,,,
CompAsia,Apple Watch,Watch Series,Watch Series 11,42 mm,64 GB,,GPS + Cellular,Titanium,1700,2025,S10,,42.0,,,,,
CompAsia,Apple Watch,Watch Series,Watch Series 11,46 mm,64 GB,,GPS,Aluminium,1050,2025,S10,,46.0,,,,,
CompAsia,Apple Watch,Watch Series,Watch Series 11,46 mm,64 GB,,GPS + Cellular,Aluminium,1325,2025,S10,,46.0,,,,,
CompAsia,Apple Watch,Watch Series,Watch Series 11,46 mm,64 GB,,GPS + Cellular,Titanium,1825,2025,S10,,46.0,,,,,
CompAsia,Apple Watch,Watch Series,Watch Series 11 Hermes,42 mm,64 GB,,GPS + Cellular,Titanium,2050,2025,S10,,42.0,,,,,
CompAsia,Apple Watch,Watch Series,Watch Series 11 Hermes,46 mm,64 GB,,GPS + Cellular,Titanium,2150,2025,S10,,46.0,,,,,
CompAsia,Apple Watch,Watch Series,Watch Series 5,40 mm,16 GB,,GPS,Aluminium,50,2019,S5,,40.0,,,,,
CompAsia,Apple Watch,Watch Series,Watch Series 5,40 mm,32 GB,,GPS + Cellular,Aluminium,50,2019,S5,,40.0,,,,,
CompAsia,Apple Watch,Watch Series,Watch Series 5,40 mm,32 GB,,GPS + Cellular,Stainless Steel,50,2019,S5,,40.0,,,,,
CompAsia,Apple Watch,Watch Series,Watch Series 5,44 mm,32 GB,,GPS,Aluminium,75,2019,S5,,44.0,,,,,
CompAsia,Apple Watch,Watch Series,Watch Series 5,44 mm,32 GB,,GPS + Cellular,Aluminium,75,2019,S5,,44.0,,,,,
CompAsia,Apple Watch,Watch Series,Watch Series 5,44 mm,32 GB,,GPS + Cellular,Stainless Steel,75,2019,S5,,44.0,,,,,
CompAsia,Apple Watch,Watch Series,Watch Series 6,40 mm,32 GB,,GPS,Aluminium,125,2020,S6,,40.0,,,,,
CompAsia,Apple Watch,Watch Series,Watch Series 6,40 mm,32 GB,,GPS + Cellular,Aluminium,175,2020,S6,,40.0,,,,,
CompAsia,Apple Watch,Watch Series,Watch Series 6,40 mm,32 GB,,GPS + Cellular,Stainless Steel,175,2020,S6,,40.0,,,,,
CompAsia,Apple Watch,Watch Series,Watch Series 6,44 mm,32 GB,,GPS,Aluminium,150,2020,S6,,44.0,,,,,
CompAsia,Apple Watch,Watch Series,Watch Series 6,44 mm,32 GB,,GPS + Cellular,Aluminium,225,2020,S6,,44.0,,,,,
CompAsia,Apple Watch,Watch Series,Watch Series 6,44 mm,32 GB,,GPS + Cellular,Stainless Steel,225,2020,S6,,44.0,,,,,
CompAsia,Apple Watch,Watch Series,Watch Series 7,41 mm,32 GB,,GPS,Aluminium,175,2021,S7,,41.0,,,,,
CompAsia,Apple Watch,Watch Series,Watch Series 7,41 mm,32 GB,,GPS + Cellular,Aluminium,250,2021,S7,,41.0,,,,,
CompAsia,Apple Watch,Watch Series,Watch Series 7,41 mm,32 GB,,GPS + Cellular,Stainless Steel,250,2021,S7,,41.0,,,,,
CompAsia,Apple Watch,Watch Series,Watch Series 7,41 mm,32 GB,,GPS,Titanium,215,2021,S7,,41.0,,,,,
CompAsia,Apple Watch,Watch Series,Watch Series 7,41 mm,32 GB,,GPS + Cellular,Titanium,285,2021,S7,,41.0,,,,,
CompAsia,Apple Watch,Watch Series,Watch Series 7,45 mm,32 GB,,GPS,Aluminium,250,2021,S7,,45.0,,,,,
CompAsia,Apple Watch,Watch Series,Watch Series 7,45 mm,32 GB,,GPS + Cellular,Aluminium,300,2021,S7,,45.0,,,,,
CompAsia,Apple Watch,Watch Series,Watch Series 7,45 mm,32 GB,,GPS + Cellular,Stainless Steel,300,2021,S7,,45.0,,,,,
CompAsia,Apple Watch,Watch Series,Watch Series 7,45 mm,32 GB,,GPS,Titanium,285,2021,S7,,45.0,,,,,
CompAsia,Apple Watch,Watch Series,Watch Series 7,45 mm,32 GB,,GPS + Cellular,Titanium,335,2021,S7,,45.0,,,,,
CompAsia,Apple Watch,Watch Series,Watch Series 8,41 mm,32 GB,,GPS,Aluminium,250,2022,S8,,41.0,,,,,
CompAsia,Apple Watch,Watch Series,Watch Series 8,41 mm,32 GB,,GPS + Cellular,Aluminium,325,2022,S8,,41.0,,,,,
CompAsia,Apple Watch,Watch Series,Watch Series 8,41 mm,32 GB,,GPS + Cellular,Stainless Steel,425,2022,S8,,41.0,,,,,
CompAsia,Apple Watch,Watch Series,Watch Series 8,45 mm,32 GB,,GPS,Aluminium,300,2022,S8,,45.0,,,,,
CompAsia,Apple Watch,Watch Series,Watch Series 8,45 mm,32 GB,,GPS + Cellular,Aluminium,350,2022,S8,,45.0,,,,,
CompAsia,Apple Watch,Watch Series,Watch Series 8,45 mm,32 GB,,GPS + Cellular,Stainless Steel,525,2022,S8,,45.0,,,,,
CompAsia,Apple Watch,Watch Series,Watch Series 9,41 mm,64 GB,,GPS,Aluminium,425,2023,S9,,41.0,,,,,
CompAsia,Apple Watch,Watch Series,Watch Series 9,41 mm,64 GB,,GPS + Cellular,Aluminium,550,2023,S9,,41.0,,,,,
CompAsia,Apple Watch,Watch Series,Watch Series 9,41 mm,64 GB,,GPS + Cellular,Stainless Steel,675,2023,S9,,41.0,,,,,
CompAsia,Apple Watch,Watch Series,Watch Series 9,45 mm,64 GB,,GPS,Aluminium,500,2023,S9,,45.0,,,,,
CompAsia,Apple Watch,Watch Series,Watch Series 9,45 mm,64 GB,,GPS + Cellular,Aluminium,575,2023,S9,,45.0,,,,,
CompAsia,Apple Watch,Watch Series,Watch Series 9,45 mm,64 GB,,GPS + Cellular,Stainless Steel,775,2023,S9,,45.0,,,,,
CompAsia,Apple Watch,Watch Ultra,Watch Ultra,49 mm,32 GB,,GPS + Cellular,Titanium,800,2022,S8,,49.0,,,,,
CompAsia,Apple Watch,Watch Ultra,Watch Ultra 2 (2024),49 mm,64 GB,,GPS + Cellular,Titanium,1170,2024,S9,,49.0,,,,,
CompAsia,Apple Watch,Watch Ultra,Watch Ultra 2 (2023),49 mm,64 GB,,GPS + Cellular,Titanium,1150,2023,S9,,49.0,,,,,
CompAsia,Apple Watch,Watch Ultra,Watch Ultra 2 Hermes,49 mm,64 GB,,GPS + Cellular,Titanium,1170,2024,S9,,49.0,,,,,
CompAsia,Apple Watch,Watch Ultra,Watch Ultra 3,49 mm,64 GB,,GPS + Cellular,Titanium,1900,2025,S10,,49.0,,,,,
CompAsia,Apple Watch,Watch Ultra,Watch Ultra 3 Hermes,49 mm,64 GB,,GPS + Cellular,Titanium,2550,2025,S10,,49.0,,,,,
iTworld,Apple Watch,Watch SE,Watch SE (2022),40 mm,32 GB,,GPS + Cellular,Aluminium,210,2022,S8,,40.0,,,,,
iTworld,Apple Watch,Watch SE,Watch SE (2022),44 mm,32 GB,,GPS + Cellular,Aluminium,250,2022,S8,,44.0,,,,,
iTworld,Apple Watch,Watch SE,Watch SE (2022),40 mm,32 GB,,GPS,Aluminium,180,2022,S8,,40.0,,,,,
iTworld,Apple Watch,Watch SE,Watch SE (2022),44 mm,32 GB,,GPS,Aluminium,210,2022,S8,,44.0,,,,,
iTworld,Apple Watch,Watch SE,Watch SE (2020),40 mm,32 GB,,GPS + Cellular,Aluminium,90,2020,S5,,40.0,,,,,
iTworld,Apple Watch,Watch SE,Watch SE (2020),44 mm,32 GB,,GPS + Cellular,Aluminium,110,2020,S5,,44.0,,,,,
iTworld,Apple Watch,Watch SE,Watch SE (2020),40 mm,32 GB,,GPS,Aluminium,70,2020,S5,,40.0,,,,,
iTworld,Apple Watch,Watch SE,Watch SE (2020),44 mm,32 GB,,GPS,Aluminium,90,2020,S5,,44.0,,,,,
iTworld,Apple Watch,Watch Series,Watch Series 10,42 mm,64 GB,,GPS + Cellular,Aluminium,640,2024,S10,,42.0,,,,,
iTworld,Apple Watch,Watch Series,Watch Series 10,46 mm,64 GB,,GPS + Cellular,Aluminium,750,2024,S10,,46.0,,,,,
iTworld,Apple Watch,Watch Series,Watch Series 10,42 mm,64 GB,,GPS,Aluminium,450,2024,S10,,42.0,,,,,
iTworld,Apple Watch,Watch Series,Watch Series 10,46 mm,64 GB,,GPS,Aluminium,550,2024,S10,,46.0,,,,,
iTworld,Apple Watch,Watch Series,Watch Series 10,42 mm,64 GB,,GPS + Cellular,Titanium,800,2024,S10,,42.0,,,,,
iTworld,Apple Watch,Watch Series,Watch Series 10,46 mm,64 GB,,GPS + Cellular,Titanium,900,2024,S10,,46.0,,,,,
iTworld,Apple Watch,Watch Series,Watch Series 4,40 mm,16 GB,,GPS + Cellular,Aluminium,50,2018,S4,,40.0,,,,,
iTworld,Apple Watch,Watch Series,Watch Series 4,44 mm,16 GB,,GPS + Cellular,Aluminium,60,2018,S4,,44.0,,,,,
iTworld,Apple Watch,Watch Series,Watch Series 4,40 mm,16 GB,,GPS,Aluminium,40,2018,S4,,40.0,,,,,
iTworld,Apple Watch,Watch Series,Watch Series 4,44 mm,16 GB,,GPS,Aluminium,50,2018,S4,,44.0,,,,,
iTworld,Apple Watch,Watch Series,Watch Series 5,40 mm,32 GB,,GPS + Cellular,Aluminium,80,2019,S5,,40.0,,,,,
iTworld,Apple Watch,Watch Series,Watch Series 5,44 mm,32 GB,,GPS + Cellular,Aluminium,90,2019,S5,,44.0,,,,,
iTworld,Apple Watch,Watch Series,Watch Series 5,40 mm,32 GB,,GPS,Aluminium,70,2019,S5,,40.0,,,,,
iTworld,Apple Watch,Watch Series,Watch Series 5,44 mm,32 GB,,GPS,Aluminium,80,2019,S5,,44.0,,,,,
iTworld,Apple Watch,Watch Series,Watch Series 6,40 mm,32 GB,,GPS + Cellular,Aluminium,200,2020,S6,,40.0,,,,,
iTworld,Apple Watch,Watch Series,Watch Series 6,44 mm,32 GB,,GPS + Cellular,Aluminium,240,2020,S6,,44.0,,,,,
iTworld,Apple Watch,Watch Series,Watch Series 6,40 mm,32 GB,,GPS,Aluminium,150,2020,S6,,40.0,,,,,
iTworld,Apple Watch,Watch Series,Watch Series 6,44 mm,32 GB,,GPS,Aluminium,170,2020,S6,,44.0,,,,,
iTworld,Apple Watch,Watch Series,Watch Series 7,41 mm,32 GB,,GPS + Cellular,Aluminium,280,2021,S7,,41.0,,,,,
iTworld,Apple Watch,Watch Series,Watch Series 7,45 mm,32 GB,,GPS + Cellular,Aluminium,330,2021,S7,,45.0,,,,,
iTworld,Apple Watch,Watch Series,Watch Series 7,41 mm,32 GB,,GPS,Titanium,210,2021,S7,,41.0,,,,,
iTworld,Apple Watch,Watch Series,Watch Series 7,45 mm,32 GB,,GPS,Titanium,250,2021,S7,,45.0,,,,,
iTworld,Apple Watch,Watch Series,Watch Series 8,41 mm,32 GB,,GPS + Cellular,Aluminium,350,2022,S8,,41.0,,,,,
iTworld,Apple Watch,Watch Series,Watch Series 8,45 mm,32 GB,,GPS + Cellular,Aluminium,380,2022,S8,,45.0,,,,,
iTworld,Apple Watch,Watch Series,Watch Series 8,41 mm,32 GB,,GPS,Aluminium,280,2022,S8,,41.0,,,,,
iTworld,Apple Watch,Watch Series,Watch Series 8,45 mm,32 GB,,GPS,Aluminium,330,2022,S8,,45.0,,,,,
iTworld,Apple Watch,Watch Series,Watch Series 9,41 mm,64 GB,,GPS + Cellular,Aluminium,500,2023,S9,,41.0,,,,,
iTworld,Apple Watch,Watch Series,Watch Series 9,45 mm,64 GB,,GPS + Cellular,Aluminium,570,2023,S9,,45.0,,,,,
iTworld,Apple Watch,Watch Series,Watch Series 9,41 mm,64 GB,,GPS,Aluminium,400,2023,S9,,41.0,,,,,
iTworld,Apple Watch,Watch Series,Watch Series 9,45 mm,64 GB,,GPS,Aluminium,450,2023,S9,,45.0,,,,,
iTworld,Apple Watch,Watch Series,Watch Series 9,41 mm,64 GB,,GPS + Cellular,Stainless Steel,690,2023,S9,,41.0,,,,,
iTworld,Apple Watch,Watch Series,Watch Series 9,45 mm,64 GB,,GPS + Cellular,Stainless Steel,790,2023,S9,,45.0,,,,,
iTworld,Apple Watch,Watch Ultra,Watch Ultra,49 mm,32 GB,,GPS + Cellular,Titanium,830,2022,S8,,49.0,,,,,
iTworld,Apple Watch,Watch Ultra,Watch Ultra 2 (2023),49 mm,64 GB,,GPS + Cellular,Titanium,1180,2023,S9,,49.0,,,,,
Machines,Apple Watch,Watch SE,Watch SE (2020),40 mm,32 GB,,GPS,Aluminium,70,2020,S5,,40.0,,,,,
Machines,Apple Watch,Watch SE,Watch SE (2020),44 mm,32 GB,,GPS,Aluminium,85,2020,S5,,44.0,,,,,
Machines,Apple Watch,Watch SE,Watch SE (2020),40 mm,32 GB,,GPS + Cellular,Aluminium,85,2020,S5,,40.0,,,,,
Machines,Apple Watch,Watch SE,Watch SE (2020),44 mm,32 GB,,GPS + Cellular,Aluminium,110,2020,S5,,44.0,,,,,
Machines,Apple Watch,Watch SE,Watch SE (2022),40 mm,32 GB,,GPS,Aluminium,150,2022,S8,,40.0,,,,,
Machines,Apple Watch,Watch SE,Watch SE (2022),44 mm,32 GB,,GPS,Aluminium,175,2022,S8,,44.0,,,,,
Machines,Apple Watch,Watch SE,Watch SE (2022),40 mm,32 GB,,GPS + Cellular,Aluminium,175,2022,S8,,40.0,,,,,
Machines,Apple Watch,Watch SE,Watch SE (2022),44 mm,32 GB,,GPS + Cellular,Aluminium,225,2022,S8,,44.0,,,,,
Machines,Apple Watch,Watch SE,Watch SE 3,40 mm,64 GB,,GPS,Aluminium,575,2025,S10,,40.0,,,,,
Machines,Apple Watch,Watch SE,Watch SE 3,44 mm,64 GB,,GPS,Aluminium,675,2025,S10,,44.0,,,,,
Machines,Apple Watch,Watch SE,Watch SE 3,40 mm,64 GB,,GPS + Cellular,Aluminium,700,2025,S10,,40.0,,,,,
Machines,Apple Watch,Watch SE,Watch SE 3,44 mm,64 GB,,GPS + Cellular,Aluminium,775,2025,S10,,44.0,,,,,
Machines,Apple Watch,Watch Series,Watch Series 5,40 mm,32 GB,,GPS,Aluminium,50,2019,S5,,40.0,,,,,
Machines,Apple Watch,Watch Series,Watch Series 5,44 mm,32 GB,,GPS,Aluminium,75,2019,S5,,44.0,,,,,
Machines,Apple Watch,Watch Series,Watch Series 5,40 mm,32 GB,,GPS + Cellular,Aluminium,50,2019,S5,,40.0,,,,,
Machines,Apple Watch,Watch Series,Watch Series 5,44 mm,32 GB,,GPS + Cellular,Aluminium,75,2019,S5,,44.0,,,,,
Machines,Apple Watch,Watch Series,Watch Series 5,40 mm,32 GB,,GPS + Cellular,Stainless Steel,50,2019,S5,,40.0,,,,,
Machines,Apple Watch,Watch Series,Watch Series 5,44 mm,32 GB,,GPS + Cellular,Stainless Steel,75,2019,S5,,44.0,,,,,
Machines,Apple Watch,Watch Series,Watch Series 6,40 mm,32 GB,,GPS,Aluminium,125,2020,S6,,40.0,,,,,
Machines,Apple Watch,Watch Series,Watch Series 6,44 mm,32 GB,,GPS,Aluminium,150,2020,S6,,44.0,,,,,
Machines,Apple Watch,Watch Series,Watch Series 6,40 mm,32 GB,,GPS + Cellular,Aluminium,175,2020,S6,,40.0,,,,,
Machines,Apple Watch,Watch Series,Watch Series 6,44 mm,32 GB,,GPS + Cellular,Aluminium,225,2020,S6,,44.0,,,,,
Machines,Apple Watch,Watch Series,Watch Series 6,40 mm,32 GB,,GPS + Cellular,Stainless Steel,175,2020,S6,,40.0,,,,,
Machines,Apple Watch,Watch Series,Watch Series 6,44 mm,32 GB,,GPS + Cellular,Stainless Steel,225,2020,S6,,44.0,,,,,
Machines,Apple Watch,Watch Series,Watch Series 7,41 mm,32 GB,,GPS,Aluminium,175,2021,S7,,41.0,,,,,
Machines,Apple Watch,Watch Series,Watch Series 7,45 mm,32 GB,,GPS,Aluminium,250,2021,S7,,45.0,,,,,
Machines,Apple Watch,Watch Series,Watch Series 7,41 mm,32 GB,,GPS + Cellular,Aluminium,250,2021,S7,,41.0,,,,,
Machines,Apple Watch,Watch Series,Watch Series 7,45 mm,32 GB,,GPS + Cellular,Aluminium,300,2021,S7,,45.0,,,,,
Machines,Apple Watch,Watch Series,Watch Series 7,41 mm,32 GB,,GPS + Cellular,Stainless Steel,250,2021,S7,,41.0,,,,,
Machines,Apple Watch,Watch Series,Watch Series 7,45 mm,32 GB,,GPS + Cellular,Stainless Steel,300,2021,S7,,45.0,,,,,
Machines,Apple Watch,Watch Series,Watch Series 7,41 mm,32 GB,,GPS,Titanium,215,2021,S7,,41.0,,,,,
Machines,Apple Watch,Watch Series,Watch Series 7,45 mm,32 GB,,GPS,Titanium,285,2021,S7,,45.0,,,,,
Machines,Apple Watch,Watch Series,Watch Series 7,41 mm,32 GB,,GPS + Cellular,Titanium,285,2021,S7,,41.0,,,,,
Machines,Apple Watch,Watch Series,Watch Series 7,45 mm,32 GB,,GPS + Cellular,Titanium,335,2021,S7,,45.0,,,,,
Machines,Apple Watch,Watch Series,Watch Series 8,41 mm,32 GB,,GPS,Aluminium,250,2022,S8,,41.0,,,,,
Machines,Apple Watch,Watch Series,Watch Series 8,45 mm,32 GB,,GPS,Aluminium,300,2022,S8,,45.0,,,,,
Machines,Apple Watch,Watch Series,Watch Series 8,41 mm,32 GB,,GPS + Cellular,Aluminium,325,2022,S8,,41.0,,,,,
Machines,Apple Watch,Watch Series,Watch Series 8,45 mm,32 GB,,GPS + Cellular,Aluminium,350,2022,S8,,45.0,,,,,
Machines,Apple Watch,Watch Series,Watch Series 8,41 mm,32 GB,,GPS + Cellular,Stainless Steel,425,2022,S8,,41.0,,,,,
Machines,Apple Watch,Watch Series,Watch Series 8,45 mm,32 GB,,GPS + Cellular,Stainless Steel,525,2022,S8,,45.0,,,,,
Machines,Apple Watch,Watch Series,Watch Series 9,41 mm,64 GB,,GPS,Aluminium,425,2023,S9,,41.0,,,,,
Machines,Apple Watch,Watch Series,Watch Series 9,45 mm,64 GB,,GPS,Aluminium,500,2023,S9,,45.0,,,,,
Machines,Apple Watch,Watch Series,Watch Series 9,41 mm,64 GB,,GPS + Cellular,Aluminium,550,2023,S9,,41.0,,,,,
Machines,Apple Watch,Watch Series,Watch Series 9,45 mm,64 GB,,GPS + Cellular,Aluminium,575,2023,S9,,45.0,,,,,
Machines,Apple Watch,Watch Series,Watch Series 9,41 mm,64 GB,,GPS + Cellular,Stainless Steel,675,2023,S9,,41.0,,,,,
Machines,Apple Watch,Watch Series,Watch Series 9,45 mm,64 GB,,GPS + Cellular,Stainless Steel,775,2023,S9,,45.0,,,,,
Machines,Apple Watch,Watch Series,Watch Series 10,42 mm,64 GB,,GPS,Aluminium,550,2024,S10,,42.0,,,,,
Machines,Apple Watch,Watch Series,Watch Series 10,46 mm,64 GB,,GPS,Aluminium,575,2024,S10,,46.0,,,,,
Machines,Apple Watch,Watch Series,Watch Series 10,42 mm,64 GB,,GPS + Cellular,Aluminium,625,2024,S10,,42.0,,,,,
Machines,Apple Watch,Watch Series,Watch Series 10,46 mm,64 GB,,GPS + Cellular,Aluminium,750,2024,S10,,46.0,,,,,
Machines,Apple Watch,Watch Series,Watch Series 10,42 mm,64 GB,,GPS + Cellular,Titanium,1000,2024,S10,,42.0,,,,,
Machines,Apple Watch,Watch Series,Watch Series 10,46 mm,64 GB,,GPS + Cellular,Titanium,1050,2024,S10,,46.0,,,,,
Machines,Apple Watch,Watch Series,Watch Series 10 Hermes,42 mm,64 GB,,GPS + Cellular,Titanium,1000,2024,S10,,42.0,,,,,
Machines,Apple Watch,Watch Series,Watch Series 10 Hermes,46 mm,64 GB,,GPS + Cellular,Titanium,1095,2024,S10,,46.0,,,,,
Machines,Apple Watch,Watch Series,Watch Series 11,42 mm,64 GB,,GPS,Aluminium,950,2025,S10,,42.0,,,,,
Machines,Apple Watch,Watch Series,Watch Series 11,46 mm,64 GB,,GPS,Aluminium,1050,2025,S10,,46.0,,,,,
Machines,Apple Watch,Watch Series,Watch Series 11,42 mm,64 GB,,GPS + Cellular,Aluminium,1225,2025,S10,,42.0,,,,,
Machines,Apple Watch,Watch Series,Watch Series 11,46 mm,64 GB,,GPS + Cellular,Aluminium,1325,2025,S10,,46.0,,,,,
Machines,Apple Watch,Watch Series,Watch Series 11,42 mm,64 GB,,GPS + Cellular,Titanium,1700,2025,S10,,42.0,,,,,
Machines,Apple Watch,Watch Series,Watch Series 11,46 mm,64 GB,,GPS + Cellular,Titanium,1825,2025,S10,,46.0,,,,,
Machines,Apple Watch,Watch Series,Watch Series 11 Hermes,42 mm,64 GB,,GPS + Cellular,Titanium,2050,2025,S10,,42.0,,,,,
Machines,Apple Watch,Watch Series,Watch Series 11 Hermes,46 mm,64 GB,,GPS + Cellular,Titanium,2150,2025,S10,,46.0,,,,,
Machines,Apple Watch,Watch Ultra,Watch Ultra,49 mm,32 GB,,GPS + Cellular,Titanium,800,2022,S8,,49.0,,,,,
Machines,Apple Watch,Watch Ultra,Watch Ultra 2 (2023),49 mm,64 GB,,GPS + Cellular,Titanium,1150,2023,S9,,49.0,,,,,
Machines,Apple Watch,Watch Ultra,Watch Ultra 2 (2024),49 mm,64 GB,,GPS + Cellular,Titanium,1170,2024,S9,,49.0,,,,,
Machines,Apple Watch,Watch Ultra,Watch Ultra 2 Hermes,49 mm,64 GB,,GPS + Cellular,Titanium,1170,2024,S9,,49.0,,,,,
Machines,Apple Watch,Watch Ultra,Watch Ultra 3,49 mm,64 GB,,GPS + Cellular,Titanium,1900,2025,S10,,49.0,,,,,
Machines,Apple Watch,Watch Ultra,Watch Ultra 3 Hermes,49 mm,64 GB,,GPS + Cellular,Titanium,2550,2025,S10,,49.0,,,,,
Switch,Apple Watch,Watch SE,Watch SE (2022),40 mm,32 GB,,GPS + Cellular,Aluminium,210,2022,S8,,40.0,,,,,
Switch,Apple Watch,Watch SE,Watch SE (2022),44 mm,32 GB,,GPS + Cellular,Aluminium,250,2022,S8,,44.0,,,,,
Switch,Apple Watch,Watch SE,Watch SE (2022),40 mm,32 GB,,GPS,Aluminium,180,2022,S8,,40.0,,,,,
Switch,Apple Watch,Watch SE,Watch SE (2022),44 mm,32 GB,,GPS,Aluminium,210,2022,S8,,44.0,,,,,
Switch,Apple Watch,Watch SE,Watch SE (2020),40 mm,32 GB,,GPS + Cellular,Aluminium,90,2020,S5,,40.0,,,,,
Switch,Apple Watch,Watch SE,Watch SE (2020),44 mm,32 GB,,GPS + Cellular,Aluminium,110,2020,S5,,44.0,,,,,
Switch,Apple Watch,Watch SE,Watch SE (2020),40 mm,32 GB,,GPS,Aluminium,70,2020,S5,,40.0,,,,,
Switch,Apple Watch,Watch SE,Watch SE (2020),44 mm,32 GB,,GPS,Aluminium,90,2020,S5,,44.0,,,,,
Switch,Apple Watch,Watch Series,Watch Series 10,42 mm,64 GB,,GPS + Cellular,Aluminium,640,2024,S10,,42.0,,,,,
Switch,Apple Watch,Watch Series,Watch Series 10,46 mm,64 GB,,GPS + Cellular,Aluminium,750,2024,S10,,46.0,,,,,
Switch,Apple Watch,Watch Series,Watch Series 10,42 mm,64 GB,,GPS,Aluminium,450,2024,S10,,42.0,,,,,
Switch,Apple Watch,Watch Series,Watch Series 10,46 mm,64 GB,,GPS,Aluminium,550,2024,S10,,46.0,,,,,
Switch,Apple Watch,Watch Series,Watch Series 10,42 mm,64 GB,,GPS + Cellular,Titanium,800,2024,S10,,42.0,,,,,
Switch,Apple Watch,Watch Series,Watch Series 10,46 mm,64 GB,,GPS + Cellular,Titanium,900,2024,S10,,46.0,,,,,
Switch,Apple Watch,Watch Series,Watch Series 4,40 mm,16 GB,,GPS + Cellular,Aluminium,50,2018,S4,,40.0,,,,,
Switch,Apple Watch,Watch Series,Watch Series 4,44 mm,16 GB,,GPS + Cellular,Aluminium,60,2018,S4,,44.0,,,,,
Switch,Apple Watch,Watch Series,Watch Series 4,40 mm,16 GB,,GPS,Aluminium,40,2018,S4,,40.0,,,,,
Switch,Apple Watch,Watch Series,Watch Series 4,44 mm,16 GB,,GPS,Aluminium,50,2018,S4,,44.0,,,,,
Switch,Apple Watch,Watch Series,Watch Series 5,40 mm,32 GB,,GPS + Cellular,Aluminium,80,2019,S5,,40.0,,,,,
Switch,Apple Watch,Watch Series,Watch Series 5,44 mm,32 GB,,GPS + Cellular,Aluminium,90,2019,S5,,44.0,,,,,
Switch,Apple Watch,Watch Series,Watch Series 5,40 mm,32 GB,,GPS,Aluminium,70,2019,S5,,40.0,,,,,
Switch,Apple Watch,Watch Series,Watch Series 5,44 mm,32 GB,,GPS,Aluminium,80,2019,S5,,44.0,,,,,
Switch,Apple Watch,Watch Series,Watch Series 6,40 mm,32 GB,,GPS + Cellular,Aluminium,200,2020,S6,,40.0,,,,,
Switch,Apple Watch,Watch Series,Watch Series 6,44 mm,32 GB,,GPS + Cellular,Aluminium,240,2020,S6,,44.0,,,,,
Switch,Apple Watch,Watch Series,Watch Series 6,40 mm,32 GB,,GPS,Aluminium,150,2020,S6,,40.0,,,,,
Switch,Apple Watch,Watch Series,Watch Series 6,44 mm,32 GB,,GPS,Aluminium,170,2020,S6,,44.0,,,,,
Switch,Apple Watch,Watch Series,Watch Series 7,41 mm,32 GB,,GPS + Cellular,Aluminium,280,2021,S7,,41.0,,,,,
Switch,Apple Watch,Watch Series,Watch Series 7,45 mm,32 GB,,GPS + Cellular,Aluminium,330,2021,S7,,45.0,,,,,
Switch,Apple Watch,Watch Series,Watch Series 7,41 mm,32 GB,,GPS,Titanium,210,2021,S7,,41.0,,,,,
Switch,Apple Watch,Watch Series,Watch Series 7,45 mm,32 GB,,GPS,Titanium,250,2021,S7,,45.0,,,,,
Switch,Apple Watch,Watch Series,Watch Series 8,41 mm,32 GB,,GPS + Cellular,Aluminium,350,2022,S8,,41.0,,,,,
Switch,Apple Watch,Watch Series,Watch Series 8,45 mm,32 GB,,GPS + Cellular,Aluminium,380,2022,S8,,45.0,,,,,
Switch,Apple Watch,Watch Series,Watch Series 8,41 mm,32 GB,,GPS,Aluminium,280,2022,S8,,41.0,,,,,
Switch,Apple Watch,Watch Series,Watch Series 8,45 mm,32 GB,,GPS,Aluminium,330,2022,S8,,45.0,,,,,
Switch,Apple Watch,Watch Series,Watch Series 9,41 mm,64 GB,,GPS + Cellular,Aluminium,500,2023,S9,,41.0,,,,,
Switch,Apple Watch,Watch Series,Watch Series 9,45 mm,64 GB,,GPS + Cellular,Aluminium,570,2023,S9,,45.0,,,,,
Switch,Apple Watch,Watch Series,Watch Series 9,41 mm,64 GB,,GPS,Aluminium,400,2023,S9,,41.0,,,,,
Switch,Apple Watch,Watch Series,Watch Series 9,45 mm,64 GB,,GPS,Aluminium,450,2023,S9,,45.0,,,,,
Switch,Apple Watch,Watch Series,Watch Series 9,41 mm,64 GB,,GPS + Cellular,Stainless Steel,690,2023,S9,,41.0,,,,,
Switch,Apple Watch,Watch Series,Watch Series 9,45 mm,64 GB,,GPS + Cellular,Stainless Steel,790,2023,S9,,45.0,,,,,
Switch,Apple Watch,Watch Ultra,Watch Ultra,49 mm,32 GB,,GPS + Cellular,Titanium,830,2022,S8,,49.0,,,,,
Switch,Apple Watch,Watch Ultra,Watch Ultra 2 (2023),49 mm,64 GB,,GPS + Cellular,Titanium,1180,2023,S9,,49.0,,,,,
UR,Apple Watch,Watch SE,Watch SE (2022),40 mm,32 GB,,GPS + Cellular,Aluminium,210,2022,S8,,40.0,,,,,
UR,Apple Watch,Watch SE,Watch SE (2022),44 mm,32 GB,,GPS + Cellular,Aluminium,250,2022,S8,,44.0,,,,,
UR,Apple Watch,Watch SE,Watch SE (2022),40 mm,32 GB,,GPS,Aluminium,180,2022,S8,,40.0,,,,,
UR,Apple Watch,Watch SE,Watch SE (2022),44 mm,32 GB,,GPS,Aluminium,210,2022,S8,,44.0,,,,,
UR,Apple Watch,Watch SE,Watch SE (2020),40 mm,32 GB,,GPS + Cellular,Aluminium,90,2020,S5,,40.0,,,,,
UR,Apple Watch,Watch SE,Watch SE (2020),44 mm,32 GB,,GPS + Cellular,Aluminium,110,2020,S5,,44.0,,,,,
UR,Apple Watch,Watch SE,Watch SE (2020),40 mm,32 GB,,GPS,Aluminium,70,2020,S5,,40.0,,,,,
UR,Apple Watch,Watch SE,Watch SE (2020),44 mm,32 GB,,GPS,Aluminium,90,2020,S5,,44.0,,,,,
UR,Apple Watch,Watch Series,Watch Series 10,42 mm,64 GB,,GPS + Cellular,Aluminium,640,2024,S10,,42.0,,,,,
UR,Apple Watch,Watch Series,Watch Series 10,46 mm,64 GB,,GPS + Cellular,Aluminium,750,2024,S10,,46.0,,,,,
UR,Apple Watch,Watch Series,Watch Series 10,42 mm,64 GB,,GPS,Aluminium,450,2024,S10,,42.0,,,,,
UR,Apple Watch,Watch Series,Watch Series 10,46 mm,64 GB,,GPS,Aluminium,550,2024,S10,,46.0,,,,,
UR,Apple Watch,Watch Series,Watch Series 10,42 mm,64 GB,,GPS + Cellular,Titanium,800,2024,S10,,42.0,,,,,
UR,Apple Watch,Watch Series,Watch Series 10,46 mm,64 GB,,GPS + Cellular,Titanium,900,2024,S10,,46.0,,,,,
UR,Apple Watch,Watch Series,Watch Series 4,40 mm,16 GB,,GPS + Cellular,Aluminium,50,2018,S4,,40.0,,,,,
UR,Apple Watch,Watch Series,Watch Series 4,44 mm,16 GB,,GPS + Cellular,Aluminium,60,2018,S4,,44.0,,,,,
UR,Apple Watch,Watch Series,Watch Series 4,40 mm,16 GB,,GPS,Aluminium,40,2018,S4,,40.0,,,,,
UR,Apple Watch,Watch Series,Watch Series 4,44 mm,16 GB,,GPS,Aluminium,50,2018,S4,,44.0,,,,,
UR,Apple Watch,Watch Series,Watch Series 5,40 mm,32 GB,,GPS + Cellular,Aluminium,80,2019,S5,,40.0,,,,,
UR,Apple Watch,Watch Series,Watch Series 5,44 mm,32 GB,,GPS + Cellular,Aluminium,90,2019,S5,,44.0,,,,,
UR,Apple Watch,Watch Series,Watch Series 5,40 mm,32 GB,,GPS,Aluminium,70,2019,S5,,40.0,,,,,
UR,Apple Watch,Watch Series,Watch Series 5,44 mm,32 GB,,GPS,Aluminium,80,2019,S5,,44.0,,,,,
UR,Apple Watch,Watch Series,Watch Series 6,40 mm,32 GB,,GPS + Cellular,Aluminium,200,2020,S6,,40.0,,,,,
UR,Apple Watch,Watch Series,Watch Series 6,44 mm,32 GB,,GPS + Cellular,Aluminium,240,2020,S6,,44.0,,,,,
UR,Apple Watch,Watch Series,Watch Series 6,40 mm,32 GB,,GPS,Aluminium,150,2020,S6,,40.0,,,,,
UR,Apple Watch,Watch Series,Watch Series 6,44 mm,32 GB,,GPS,Aluminium,170,2020,S6,,44.0,,,,,
UR,Apple Watch,Watch Series,Watch Series 7,41 mm,32 GB,,GPS + Cellular,Aluminium,280,2021,S7,,41.0,,,,,
UR,Apple Watch,Watch Series,Watch Series 7,45 mm,32 GB,,GPS + Cellular,Aluminium,330,2021,S7,,45.0,,,,,
UR,Apple Watch,Watch Series,Watch Series 7,41 mm,32 GB,,GPS,Titanium,210,2021,S7,,41.0,,,,,
UR,Apple Watch,Watch Series,Watch Series 7,45 mm,32 GB,,GPS,Titanium,250,2021,S7,,45.0,,,,,
UR,Apple Watch,Watch Series,Watch Series 8,41 mm,32 GB,,GPS + Cellular,Aluminium,350,2022,S8,,41.0,,,,,
UR,Apple Watch,Watch Series,Watch Series 8,45 mm,32 GB,,GPS + Cellular,Aluminium,380,2022,S8,,45.0,,,,,
UR,Apple Watch,Watch Series,Watch Series 8,41 mm,32 GB,,GPS,Aluminium,280,2022,S8,,41.0,,,,,
UR,Apple Watch,Watch Series,Watch Series 8,45 mm,32 GB,,GPS,Aluminium,330,2022,S8,,45.0,,,,,
UR,Apple Watch,Watch Series,Watch Series 9,41 mm,64 GB,,GPS + Cellular,Aluminium,500,2023,S9,,41.0,,,,,
UR,Apple Watch,Watch Series,Watch Series 9,45 mm,64 GB,,GPS + Cellular,Aluminium,570,2023,S9,,45.0,,,,,
UR,Apple Watch,Watch Series,Watch Series 9,41 mm,64 GB,,GPS,Aluminium,400,2023,S9,,41.0,,,,,
UR,Apple Watch,Watch Series,Watch Series 9,45 mm,64 GB,,GPS,Aluminium,450,2023,S9,,45.0,,,,,
UR,Apple Watch,Watch Series,Watch Series 9,41 mm,64 GB,,GPS + Cellular,Stainless Steel,690,2023,S9,,41.0,,,,,
UR,Apple Watch,Watch Series,Watch Series 9,45 mm,64 GB,,GPS + Cellular,Stainless Steel,790,2023,S9,,45.0,,,,,
UR,Apple Watch,Watch Ultra,Watch Ultra,49 mm,32 GB,,GPS + Cellular,Titanium,830,2022,S8,,49.0,,,,,
UR,Apple Watch,Watch Ultra,Watch Ultra 2 (2023),49 mm,64 GB,,GPS + Cellular,Titanium,1180,2023,S9,,49.0,,,,,
iTworld,Apple Watch,Watch Series,Watch Series 5,40 mm,32 GB,,GPS + Cellular,Stainless Steel,80,2019,S5,,40.0,,,,,
iTworld,Apple Watch,Watch Series,Watch Series 5,44 mm,32 GB,,GPS + Cellular,Stainless Steel,90,2019,S5,,44.0,,,,,
iTworld,Apple Watch,Watch Series,Watch Series 6,40 mm,32 GB,,GPS + Cellular,Stainless Steel,200,2020,S6,,40.0,,,,,
iTworld,Apple Watch,Watch Series,Watch Series 6,44 mm,32 GB,,GPS + Cellular,Stainless Steel,240,2020,S6,,44.0,,,,,
iTworld,Apple Watch,Watch Series,Watch Series 7,41 mm,32 GB,,GPS + Cellular,Stainless Steel,280,2021,S7,,41.0,,,,,
iTworld,Apple Watch,Watch Series,Watch Series 7,41 mm,32 GB,,GPS + Cellular,Titanium,280,2021,S7,,41.0,,,,,
iTworld,Apple Watch,Watch Series,Watch Series 7,45 mm,32 GB,,GPS + Cellular,Stainless Steel,330,2021,S7,,45.0,,,,,
iTworld,Apple Watch,Watch Series,Watch Series 7,45 mm,32 GB,,GPS + Cellular,Titanium,330,2021,S7,,45.0,,,,,
iTworld,Apple Watch,Watch Series,Watch Series 7,41 mm,32 GB,,GPS,Aluminium,210,2021,S7,,41.0,,,,,
iTworld,Apple Watch,Watch Series,Watch Series 7,45 mm,32 GB,,GPS,Aluminium,250,2021,S7,,45.0,,,,,
iTworld,Apple Watch,Watch Series,Watch Series 8,41 mm,32 GB,,GPS + Cellular,Stainless Steel,350,2022,S8,,41.0,,,,,
iTworld,Apple Watch,Watch Series,Watch Series 8,45 mm,32 GB,,GPS + Cellular,Stainless Steel,380,2022,S8,,45.0,,,,,
Switch,Apple Watch,Watch Series,Watch Series 5,40 mm,32 GB,,GPS + Cellular,Stainless Steel,80,2019,S5,,40.0,,,,,
Switch,Apple Watch,Watch Series,Watch Series 5,44 mm,32 GB,,GPS + Cellular,Stainless Steel,90,2019,S5,,44.0,,,,,
Switch,Apple Watch,Watch Series,Watch Series 6,40 mm,32 GB,,GPS + Cellular,Stainless Steel,200,2020,S6,,40.0,,,,,
Switch,Apple Watch,Watch Series,Watch Series 6,44 mm,32 GB,,GPS + Cellular,Stainless Steel,240,2020,S6,,44.0,,,,,
Switch,Apple Watch,Watch Series,Watch Series 7,41 mm,32 GB,,GPS + Cellular,Stainless Steel,280,2021,S7,,41.0,,,,,
Switch,Apple Watch,Watch Series,Watch Series 7,41 mm,32 GB,,GPS + Cellular,Titanium,280,2021,S7,,41.0,,,,,
Switch,Apple Watch,Watch Series,Watch Series 7,45 mm,32 GB,,GPS + Cellular,Stainless Steel,330,2021,S7,,45.0,,,,,
Switch,Apple Watch,Watch Series,Watch Series 7,45 mm,32 GB,,GPS + Cellular,Titanium,330,2021,S7,,45.0,,,,,
Switch,Apple Watch,Watch Series,Watch Series 7,41 mm,32 GB,,GPS,Aluminium,210,2021,S7,,41.0,,,,,
Switch,Apple Watch,Watch Series,Watch Series 7,45 mm,32 GB,,GPS,Aluminium,250,2021,S7,,45.0,,,,,
Switch,Apple Watch,Watch Series,Watch Series 8,41 mm,32 GB,,GPS + Cellular,Stainless Steel,350,2022,S8,,41.0,,,,,
Switch,Apple Watch,Watch Series,Watch Series 8,45 mm,32 GB,,GPS + Cellular,Stainless Steel,380,2022,S8,,45.0,,,,,
UR,Apple Watch,Watch Series,Watch Series 5,40 mm,32 GB,,GPS + Cellular,Stainless Steel,80,2019,S5,,40.0,,,,,
UR,Apple Watch,Watch Series,Watch Series 5,44 mm,32 GB,,GPS + Cellular,Stainless Steel,90,2019,S5,,44.0,,,,,
UR,Apple Watch,Watch Series,Watch Series 6,40 mm,32 GB,,GPS + Cellular,Stainless Steel,200,2020,S6,,40.0,,,,,
UR,Apple Watch,Watch Series,Watch Series 6,44 mm,32 GB,,GPS + Cellular,Stainless Steel,240,2020,S6,,44.0,,,,,
UR,Apple Watch,Watch Series,Watch Series 7,41 mm,32 GB,,GPS + Cellular,Stainless Steel,280,2021,S7,,41.0,,,,,
UR,Apple Watch,Watch Series,Watch Series 7,41 mm,32 GB,,GPS + Cellular,Titanium,280,2021,S7,,41.0,,,,,
UR,Apple Watch,Watch Series,Watch Series 7,45 mm,32 GB,,GPS + Cellular,Stainless Steel,330,2021,S7,,45.0,,,,,
UR,Apple Watch,Watch Series,Watch Series 7,45 mm,32 GB,,GPS + Cellular,Titanium,330,2021,S7,,45.0,,,,,
UR,Apple Watch,Watch Series,Watch Series 7,41 mm,32 GB,,GPS,Aluminium,210,2021,S7,,41.0,,,,,
UR,Apple Watch,Watch Series,Watch Series 7,45 mm,32 GB,,GPS,Aluminium,250,2021,S7,,45.0,,,,,
UR,Apple Watch,Watch Series,Watch Series 8,41 mm,32 GB,,GPS + Cellular,Stainless Steel,350,2022,S8,,41.0,,,,,
UR,Apple Watch,Watch Series,Watch Series 8,45 mm,32 GB,,GPS + Cellular,Stainless Steel,380,2022,S8,,45.0,,,,,
iTworld,AirPods,AirPods,AirPods (2019),Wired Charging,,,,,30,2019,,,,Wired,,,,
iTworld,AirPods,AirPods,AirPods (2019),Wireless Charging,,,,,40,2019,,,,Wireless,,,,
iTworld,AirPods,AirPods,AirPods (2021),Lightning Charging,,,,,60,2021,,,,Lightning,,,,
iTworld,AirPods,AirPods,AirPods (2021),MagSafe Charging,,,,,80,2021,,,,MagSafe,,,,
iTworld,AirPods,AirPods,AirPods (2024),ANC + USB-C,,,,,130,2024,,,,USB-C,,,,
iTworld,AirPods,AirPods,AirPods (2024),USB-C,,,,,110,2024,,,,USB-C,,,,
iTworld,AirPods,AirPods Max,AirPods Max,Lightning Charging,,,,,250,2020,,,,Lightning,,,,
iTworld,AirPods,AirPods Max,AirPods Max,USB-C,,,,,320,2020,,,,USB-C,,,,
iTworld,AirPods,AirPods Pro,AirPods Pro (2019),MagSafe Charging,,,,,60,2019,,,,MagSafe,,,,
iTworld,AirPods,AirPods Pro,AirPods Pro (2022),MagSafe Charging Case (Lightning),,,,,110,2022,,,,MagSafe + Lightning,,,,
iTworld,AirPods,AirPods Pro,AirPods Pro (2022),USB-C,,,,,150,2022,,,,USB-C,,,,
Machines,AirPods,AirPods,AirPods (2019),Wired Charging,,,,,20,2019,,,,Wired,,,,
Machines,AirPods,AirPods,AirPods (2019),Wireless Charging,,,,,35,2019,,,,Wireless,,,,
Machines,AirPods,AirPods,AirPods (2021),Lightning Charging,,,,,50,2021,,,,Lightning,,,,
Machines,AirPods,AirPods,AirPods (2021),MagSafe Charging,,,,,65,2021,,,,MagSafe,,,,
Machines,AirPods,AirPods,AirPods (2024),USB-C,,,,,90,2024,,,,USB-C,,,,
Machines,AirPods,AirPods,AirPods (2024),ANC + USB-C,,,,,110,2024,,,,USB-C,,,,
Machines,AirPods,AirPods Pro,AirPods Pro (2019),Wireless Charging,,,,,50,2019,,,,Wireless,,,,
Machines,AirPods,AirPods Pro,AirPods Pro (2019),MagSafe Charging,,,,,65,2019,,,,MagSafe,,,,
Machines,AirPods,AirPods Pro,AirPods Pro (2022),MagSafe Charging Case (Lightning),,,,,95,2022,,,,MagSafe + Lightning,,,,
Machines,AirPods,AirPods Pro,AirPods Pro (2022),USB-C,,,,,125,2022,,,,USB-C,,,,
Machines,AirPods,AirPods Pro,AirPods Pro (2025),MagSafe Charging Case (USB-C),,,,,475,2025,,,,MagSafe + USB-C,,,,
Machines,AirPods,AirPods Max,AirPods Max,Lightning Charging,,,,,275,2020,,,,Lightning,,,,
Switch,AirPods,AirPods,AirPods (2019),Wired Charging,,,,,30,2019,,,,Wired,,,,
Switch,AirPods,AirPods,AirPods (2019),Wireless Charging,,,,,40,2019,,,,Wireless,,,,
Switch,AirPods,AirPods,AirPods (2021),Lightning Charging,,,,,60,2021,,,,Lightning,,,,
Switch,AirPods,AirPods,AirPods (2021),MagSafe Charging,,,,,80,2021,,,,MagSafe,,,,
Switch,AirPods,AirPods,AirPods (2024),ANC + USB-C,,,,,130,2024,,,,USB-C,,,,
Switch,AirPods,AirPods,AirPods (2024),USB-C,,,,,110,2024,,,,USB-C,,,,
Switch,AirPods,AirPods Max,AirPods Max,Lightning Charging,,,,,250,2020,,,,Lightning,,,,
Switch,AirPods,AirPods Max,AirPods Max,USB-C,,,,,320,2020,,,,USB-C,,,,
Switch,AirPods,AirPods Pro,AirPods Pro (2019),MagSafe Charging,,,,,60,2019,,,,MagSafe,,,,
Switch,AirPods,AirPods Pro,AirPods Pro (2022),MagSafe Charging Case (Lightning),,,,,110,2022,,,,MagSafe + Lightning,,,,
Switch,AirPods,AirPods Pro,AirPods Pro (2022),USB-C,,,,,150,2022,,,,USB-C,,,,
UR,AirPods,AirPods,AirPods (2019),Wired Charging,,,,,30,2019,,,,Wired,,,,
UR,AirPods,AirPods,AirPods (2019),Wireless Charging,,,,,40,2019,,,,Wireless,,,,
UR,AirPods,AirPods,AirPods (2021),Lightning Charging,,,,,60,2021,,,,Lightning,,,,
UR,AirPods,AirPods,AirPods (2021),MagSafe Charging,,,,,80,2021,,,,MagSafe,,,,
UR,AirPods,AirPods,AirPods (2024),ANC + USB-C,,,,,130,2024,,,,USB-C,,,,
UR,AirPods,AirPods,AirPods (2024),USB-C,,,,,110,2024,,,,USB-C,,,,
UR,AirPods,AirPods Max,AirPods Max,Lightning Charging,,,,,250,2020,,,,Lightning,,,,
UR,AirPods,AirPods Max,AirPods Max,USB-C,,,,,320,2020,,,,USB-C,,,,
UR,AirPods,AirPods Pro,AirPods Pro (2019),MagSafe Charging,,,,,60,2019,,,,MagSafe,,,,
UR,AirPods,AirPods Pro,AirPods Pro (2022),MagSafe Charging Case (Lightning),,,,,110,2022,,,,MagSafe + Lightning,,,,
UR,AirPods,AirPods Pro,AirPods Pro (2022),USB-C,,,,,150,2022,,,,USB-C,,,,
