Pricing Category,Provider,Device,Model,Specification,Max. Trade-In Value (RM),Standardized Model,Model_Year,Device Type,Model.1,Generation,Year,Screen Size (inch),Clock Speed,Chipset,RAM (GB),Storage (GB),Storage Type,Connectivity
Trade-in Platform,CompAsia,Mac,iMac i5 3.0GHz 27 inch (Early 2019),1TB Fusion Drive,425,iMac i5 3.0GHz 27 inch (Early 2019),2019,Mac,iMac,,Early 2019,27.0,3.0GHz,i5,,1024.0,Fusion Drive,
Trade-in Platform,CompAsia,Mac,iMac i5 3.0GHz 27 inch (Early 2019),1TB SSD,450,iMac i5 3.0GHz 27 inch (Early 2019),2019,Mac,iMac,,Early 2019,27.0,3.0GHz,i5,,1024.0,SSD,
Trade-in Platform,CompAsia,Mac,iMac i5 3.0GHz 27 inch (Early 2019),256GB SSD,350,iMac i5 3.0GHz 27 inch (Early 2019),2019,Mac,iMac,,Early 2019,27.0,3.0GHz,i5,,256.0,SSD,
Trade-in Platform,CompAsia,Mac,iMac i5 3.0GHz 27 inch (Early 2019),2TB Fusion Drive,475,iMac i5 3.0GHz 27 inch (Early 2019),2019,Mac,iMac,,Early 2019,27.0,3.0GHz,i5,,2048.0,Fusion Drive,
Trade-in Platform,CompAsia,Mac,iMac i5 3.0GHz 27 inch (Early 2019),512GB SSD,425,iMac i5 3.0GHz 27 inch (Early 2019),2019,Mac,iMac,,Early 2019,27.0,3.0GHz,i5,,512.0,SSD,
Trade-in Platform,CompAsia,Mac,iMac i5 3.1GHz 27 inch (Early 2019),1TB Fusion Drive,500,iMac i5 3.1GHz 27 inch (Early 2019),2019,Mac,iMac,,Early 2019,27.0,3.1GHz,i5,,1024.0,Fusion Drive,
Trade-in Platform,CompAsia,Mac,iMac i5 3.1GHz 27 inch (Early 2019),1TB SSD,550,iMac i5 3.1GHz 27 inch (Early 2019),2019,Mac,iMac,,Early 2019,27.0,3.1GHz,i5,,1024.0,SSD,
Trade-in Platform,CompAsia,Mac,iMac i5 3.1GHz 27 inch (Early 2019),256GB SSD,450,iMac i5 3.1GHz 27 inch (Early 2019),2019,Mac,iMac,,Early 2019,27.0,3.1GHz,i5,,256.0,SSD,
Trade-in Platform,CompAsia,Mac,iMac i5 3.1GHz 27 inch (Early 2019),2TB Fusion Drive,625,iMac i5 3.1GHz 27 inch (Early 2019),2019,Mac,iMac,,Early 2019,27.0,3.1GHz,i5,,2048.0,Fusion Drive,
Trade-in Platform,CompAsia,Mac,iMac i5 3.1GHz 27 inch (Early 2019),3TB Fusion Drive,700,iMac i5 3.1GHz 27 inch (Early 2019),2019,Mac,iMac,,Early 2019,27.0,3.1GHz,i5,,3072.0,Fusion Drive,
Trade-in Platform,CompAsia,Mac,iMac i5 3.1GHz 27 inch (Early 2019),512GB SSD,500,iMac i5 3.1GHz 27 inch (Early 2019),2019,Mac,iMac,,Early 2019,27.0,3.1GHz,i5,,512.0,SSD,
Trade-in Platform,CompAsia,Mac,iMac i5 3.1GHz 27 inch (Mid 2020),256GB SSD,650,iMac i5 3.1GHz 27 inch (Mid 2020),2020,Mac,iMac,,Mid 2020,27.0,3.1GHz,i5,,256.0,SSD,
Trade-in Platform,CompAsia,Mac,iMac i5 3.3GHz 27 inch (Mid 2020),1TB SSD,825,iMac i5 3.3GHz 27 inch (Mid 2020),2020,Mac,iMac,,Mid 2020,27.0,3.3GHz,i5,,1024.0,SSD,
Trade-in Platform,CompAsia,Mac,iMac i5 3.3GHz 27 inch (Mid 2020),2TB SSD,950,iMac i5 3.3GHz 27 inch (Mid 2020),2020,Mac,iMac,,Mid 2020,27.0,3.3GHz,i5,,2048.0,SSD,
Trade-in Platform,CompAsia,Mac,iMac i5 3.3GHz 27 inch (Mid 2020),512GB SSD,775,iMac i5 3.3GHz 27 inch (Mid 2020),2020,Mac,iMac,,Mid 2020,27.0,3.3GHz,i5,,512.0,SSD,
Trade-in Platform,CompAsia,Mac,iMac i5 3.4GHz 27 inch (Mid 2017),1TB Fusion Drive,375,iMac i5 3.4GHz 27 inch (Mid 2017),2017,Mac,iMac,,Mid 2017,27.0,3.4GHz,i5,,1024.0,Fusion Drive,
Trade-in Platform,CompAsia,Mac,iMac i5 3.4GHz 27 inch (Mid 2017),1TB SSD,375,iMac i5 3.4GHz 27 inch (Mid 2017),2017,Mac,iMac,,Mid 2017,27.0,3.4GHz,i5,,1024.0,SSD,
Trade-in Platform,CompAsia,Mac,iMac i5 3.4GHz 27 inch (Mid 2017),256GB SSD,275,iMac i5 3.4GHz 27 inch (Mid 2017),2017,Mac,iMac,,Mid 2017,27.0,3.4GHz,i5,,256.0,SSD,
Trade-in Platform,CompAsia,Mac,iMac i5 3.4GHz 27 inch (Mid 2017),2TB Fusion Drive,425,iMac i5 3.4GHz 27 inch (Mid 2017),2017,Mac,iMac,,Mid 2017,27.0,3.4GHz,i5,,2048.0,Fusion Drive,
Trade-in Platform,CompAsia,Mac,iMac i5 3.4GHz 27 inch (Mid 2017),512GB SSD,300,iMac i5 3.4GHz 27 inch (Mid 2017),2017,Mac,iMac,,Mid 2017,27.0,3.4GHz,i5,,512.0,SSD,
Trade-in Platform,CompAsia,Mac,iMac i5 3.5GHz 27 inch (Mid 2017),1TB Fusion Drive,375,iMac i5 3.5GHz 27 inch (Mid 2017),2017,Mac,iMac,,Mid 2017,27.0,3.5GHz,i5,,1024.0,Fusion Drive,
Trade-in Platform,CompAsia,Mac,iMac i5 3.5GHz 27 inch (Mid 2017),1TB SSD,375,iMac i5 3.5GHz 27 inch (Mid 2017),2017,Mac,iMac,,Mid 2017,27.0,3.5GHz,i5,,1024.0,SSD,
Trade-in Platform,CompAsia,Mac,iMac i5 3.5GHz 27 inch (Mid 2017),256GB SSD,275,iMac i5 3.5GHz 27 inch (Mid 2017),2017,Mac,iMac,,Mid 2017,27.0,3.5GHz,i5,,256.0,SSD,
Trade-in Platform,CompAsia,Mac,iMac i5 3.5GHz 27 inch (Mid 2017),2TB Fusion Drive,425,iMac i5 3.5GHz 27 inch (Mid 2017),2017,Mac,iMac,,Mid 2017,27.0,3.5GHz,i5,,2048.0,Fusion Drive,
Trade-in Platform,CompAsia,Mac,iMac i5 3.5GHz 27 inch (Mid 2017),3TB Fusion Drive,450,iMac i5 3.5GHz 27 inch (Mid 2017),2017,Mac,iMac,,Mid 2017,27.0,3.5GHz,i5,,3072.0,Fusion Drive,
Trade-in Platform,CompAsia,Mac,iMac i5 3.5GHz 27 inch (Mid 2017),512GB SSD,300,iMac i5 3.5GHz 27 inch (Mid 2017),2017,Mac,iMac,,Mid 2017,27.0,3.5GHz,i5,,512.0,SSD,
Trade-in Platform,CompAsia,Mac,iMac i5 3.7GHz 27 inch (Early 2019),1TB SSD,625,iMac i5 3.7GHz 27 inch (Early 2019),2019,Mac,iMac,,Early 2019,27.0,3.7GHz,i5,,1024.0,SSD,
Trade-in Platform,CompAsia,Mac,iMac i5 3.7GHz 27 inch (Early 2019),2TB Fusion Drive,625,iMac i5 3.7GHz 27 inch (Early 2019),2019,Mac,iMac,,Early 2019,27.0,3.7GHz,i5,,2048.0,Fusion Drive,
Trade-in Platform,CompAsia,Mac,iMac i5 3.7GHz 27 inch (Early 2019),2TB SSD,675,iMac i5 3.7GHz 27 inch (Early 2019),2019,Mac,iMac,,Early 2019,27.0,3.7GHz,i5,,2048.0,SSD,
Trade-in Platform,CompAsia,Mac,iMac i5 3.7GHz 27 inch (Early 2019),3TB Fusion Drive,750,iMac i5 3.7GHz 27 inch (Early 2019),2019,Mac,iMac,,Early 2019,27.0,3.7GHz,i5,,3072.0,Fusion Drive,
Trade-in Platform,CompAsia,Mac,iMac i5 3.7GHz 27 inch (Early 2019),512GB SSD,625,iMac i5 3.7GHz 27 inch (Early 2019),2019,Mac,iMac,,Early 2019,27.0,3.7GHz,i5,,512.0,SSD,
Trade-in Platform,CompAsia,Mac,iMac i5 3.8GHz 27 inch (Mid 2017),1TB SSD,375,iMac i5 3.8GHz 27 inch (Mid 2017),2017,Mac,iMac,,Mid 2017,27.0,3.8GHz,i5,,1024.0,SSD,
Trade-in Platform,CompAsia,Mac,iMac i5 3.8GHz 27 inch (Mid 2017),2TB Fusion Drive,425,iMac i5 3.8GHz 27 inch (Mid 2017),2017,Mac,iMac,,Mid 2017,27.0,3.8GHz,i5,,2048.0,Fusion Drive,
Trade-in Platform,CompAsia,Mac,iMac i5 3.8GHz 27 inch (Mid 2017),2TB SSD,425,iMac i5 3.8GHz 27 inch (Mid 2017),2017,Mac,iMac,,Mid 2017,27.0,3.8GHz,i5,,2048.0,SSD,
Trade-in Platform,CompAsia,Mac,iMac i5 3.8GHz 27 inch (Mid 2017),3TB Fusion Drive,450,iMac i5 3.8GHz 27 inch (Mid 2017),2017,Mac,iMac,,Mid 2017,27.0,3.8GHz,i5,,3072.0,Fusion Drive,
Trade-in Platform,CompAsia,Mac,iMac i5 3.8GHz 27 inch (Mid 2017),512GB SSD,300,iMac i5 3.8GHz 27 inch (Mid 2017),2017,Mac,iMac,,Mid 2017,27.0,3.8GHz,i5,,512.0,SSD,
Trade-in Platform,CompAsia,Mac,iMac i7 3.8GHz 27 inch (Mid 2020),1TB SSD,975,iMac i7 3.8GHz 27 inch (Mid 2020),2020,Mac,iMac,,Mid 2020,27.0,3.8GHz,i7,,1024.0,SSD,
Trade-in Platform,CompAsia,Mac,iMac i7 3.8GHz 27 inch (Mid 2020),2TB SSD,1025,iMac i7 3.8GHz 27 inch (Mid 2020),2020,Mac,iMac,,Mid 2020,27.0,3.8GHz,i7,,2048.0,SSD,
Trade-in Platform,CompAsia,Mac,iMac i7 3.8GHz 27 inch (Mid 2020),4TB SSD,1250,iMac i7 3.8GHz 27 inch (Mid 2020),2020,Mac,iMac,,Mid 2020,27.0,3.8GHz,i7,,4096.0,SSD,
Trade-in Platform,CompAsia,Mac,iMac i7 3.8GHz 27 inch (Mid 2020),512GB SSD,875,iMac i7 3.8GHz 27 inch (Mid 2020),2020,Mac,iMac,,Mid 2020,27.0,3.8GHz,i7,,512.0,SSD,
Trade-in Platform,CompAsia,Mac,iMac i7 3.8GHz 27 inch (Mid 2020),8TB SSD,1650,iMac i7 3.8GHz 27 inch (Mid 2020),2020,Mac,iMac,,Mid 2020,27.0,3.8GHz,i7,,8192.0,SSD,
Trade-in Platform,CompAsia,Mac,iMac i7 4.2GHz 27 inch (Mid 2017),1TB Fusion Drive,400,iMac i7 4.2GHz 27 inch (Mid 2017),2017,Mac,iMac,,Mid 2017,27.0,4.2GHz,i7,,1024.0,Fusion Drive,
Trade-in Platform,CompAsia,Mac,iMac i7 4.2GHz 27 inch (Mid 2017),1TB SSD,400,iMac i7 4.2GHz 27 inch (Mid 2017),2017,Mac,iMac,,Mid 2017,27.0,4.2GHz,i7,,1024.0,SSD,
Trade-in Platform,CompAsia,Mac,iMac i7 4.2GHz 27 inch (Mid 2017),256GB SSD,275,iMac i7 4.2GHz 27 inch (Mid 2017),2017,Mac,iMac,,Mid 2017,27.0,4.2GHz,i7,,256.0,SSD,
Trade-in Platform,CompAsia,Mac,iMac i7 4.2GHz 27 inch (Mid 2017),2TB Fusion Drive,425,iMac i7 4.2GHz 27 inch (Mid 2017),2017,Mac,iMac,,Mid 2017,27.0,4.2GHz,i7,,2048.0,Fusion Drive,
Trade-in Platform,CompAsia,Mac,iMac i7 4.2GHz 27 inch (Mid 2017),2TB SSD,425,iMac i7 4.2GHz 27 inch (Mid 2017),2017,Mac,iMac,,Mid 2017,27.0,4.2GHz,i7,,2048.0,SSD,
Trade-in Platform,CompAsia,Mac,iMac i7 4.2GHz 27 inch (Mid 2017),3TB Fusion Drive,450,iMac i7 4.2GHz 27 inch (Mid 2017),2017,Mac,iMac,,Mid 2017,27.0,4.2GHz,i7,,3072.0,Fusion Drive,
Trade-in Platform,CompAsia,Mac,iMac i7 4.2GHz 27 inch (Mid 2017),512GB SSD,300,iMac i7 4.2GHz 27 inch (Mid 2017),2017,Mac,iMac,,Mid 2017,27.0,4.2GHz,i7,,512.0,SSD,
Trade-in Platform,CompAsia,Mac,iMac i9 3.6GHz 27 inch (Early 2019),1TB Fusion Drive,1100,iMac i9 3.6GHz 27 inch (Early 2019),2019,Mac,iMac,,Early 2019,27.0,3.6GHz,i9,,1024.0,Fusion Drive,
Trade-in Platform,CompAsia,Mac,iMac i9 3.6GHz 27 inch (Early 2019),1TB SSD,1175,iMac i9 3.6GHz 27 inch (Early 2019),2019,Mac,iMac,,Early 2019,27.0,3.6GHz,i9,,1024.0,SSD,
Trade-in Platform,CompAsia,Mac,iMac i9 3.6GHz 27 inch (Early 2019),256GB SSD,850,iMac i9 3.6GHz 27 inch (Early 2019),2019,Mac,iMac,,Early 2019,27.0,3.6GHz,i9,,256.0,SSD,
Trade-in Platform,CompAsia,Mac,iMac i9 3.6GHz 27 inch (Early 2019),2TB Fusion Drive,1275,iMac i9 3.6GHz 27 inch (Early 2019),2019,Mac,iMac,,Early 2019,27.0,3.6GHz,i9,,2048.0,Fusion Drive,
Trade-in Platform,CompAsia,Mac,iMac i9 3.6GHz 27 inch (Early 2019),2TB SSD,1350,iMac i9 3.6GHz 27 inch (Early 2019),2019,Mac,iMac,,Early 2019,27.0,3.6GHz,i9,,2048.0,SSD,
Trade-in Platform,CompAsia,Mac,iMac i9 3.6GHz 27 inch (Early 2019),3TB Fusion Drive,1425,iMac i9 3.6GHz 27 inch (Early 2019),2019,Mac,iMac,,Early 2019,27.0,3.6GHz,i9,,3072.0,Fusion Drive,
Trade-in Platform,CompAsia,Mac,iMac i9 3.6GHz 27 inch (Early 2019),512GB SSD,975,iMac i9 3.6GHz 27 inch (Early 2019),2019,Mac,iMac,,Early 2019,27.0,3.6GHz,i9,,512.0,SSD,
Trade-in Platform,CompAsia,Mac,iMac i9 3.6GHz 27 inch (Mid 2020),1TB SSD,1275,iMac i9 3.6GHz 27 inch (Mid 2020),2020,Mac,iMac,,Mid 2020,27.0,3.6GHz,i9,,1024.0,SSD,
Trade-in Platform,CompAsia,Mac,iMac i9 3.6GHz 27 inch (Mid 2020),2TB SSD,1475,iMac i9 3.6GHz 27 inch (Mid 2020),2020,Mac,iMac,,Mid 2020,27.0,3.6GHz,i9,,2048.0,SSD,
Trade-in Platform,CompAsia,Mac,iMac i9 3.6GHz 27 inch (Mid 2020),4TB SSD,1650,iMac i9 3.6GHz 27 inch (Mid 2020),2020,Mac,iMac,,Mid 2020,27.0,3.6GHz,i9,,4096.0,SSD,
Trade-in Platform,CompAsia,Mac,iMac i9 3.6GHz 27 inch (Mid 2020),512GB SSD,1175,iMac i9 3.6GHz 27 inch (Mid 2020),2020,Mac,iMac,,Mid 2020,27.0,3.6GHz,i9,,512.0,SSD,
Trade-in Platform,CompAsia,Mac,iMac i9 3.6GHz 27 inch (Mid 2020),8TB SSD,1775,iMac i9 3.6GHz 27 inch (Mid 2020),2020,Mac,iMac,,Mid 2020,27.0,3.6GHz,i9,,8192.0,SSD,
Trade-in Platform,CompAsia,Mac,iMac M1 8-Core CPU and 7-Core GPU 24 inch (Early 2021),1TB SSD,675,iMac,2021,Mac,iMac,,Early 2021,24.0,,M1,,1024.0,SSD,
Trade-in Platform,CompAsia,Mac,iMac M1 8-Core CPU and 7-Core GPU 24 inch (Early 2021),256GB SSD,575,iMac,2021,Mac,iMac,,Early 2021,24.0,,M1,,256.0,SSD,
Trade-in Platform,CompAsia,Mac,iMac M1 8-Core CPU and 7-Core GPU 24 inch (Early 2021),512GB SSD,575,iMac,2021,Mac,iMac,,Early 2021,24.0,,M1,,512.0,SSD,
Trade-in Platform,CompAsia,Mac,iMac M1 8-Core CPU and 8-Core GPU 24 inch (Early 2021),1TB SSD,725,iMac,2021,Mac,iMac,,Early 2021,24.0,,M1,,1024.0,SSD,
Trade-in Platform,CompAsia,Mac,iMac M1 8-Core CPU and 8-Core GPU 24 inch (Early 2021),256GB SSD,650,iMac,2021,Mac,iMac,,Early 2021,24.0,,M1,,256.0,SSD,
Trade-in Platform,CompAsia,Mac,iMac M1 8-Core CPU and 8-Core GPU 24 inch (Early 2021),2TB SSD,725,iMac,2021,Mac,iMac,,Early 2021,24.0,,M1,,2048.0,SSD,
Trade-in Platform,CompAsia,Mac,iMac M1 8-Core CPU and 8-Core GPU 24 inch (Early 2021),512GB SSD,725,iMac,2021,Mac,iMac,,Early 2021,24.0,,M1,,512.0,SSD,
Trade-in Platform,CompAsia,Mac,iMac M3 8-Core CPU and 10-Core GPU 24 inch (Late 2023),1TB SSD,3250,iMac,2023,Mac,iMac,,Late 2023,24.0,,M3,,1024.0,SSD,
Trade-in Platform,CompAsia,Mac,iMac M3 8-Core CPU and 10-Core GPU 24 inch (Late 2023),256GB SSD,2650,iMac,2023,Mac,iMac,,Late 2023,24.0,,M3,,256.0,SSD,
Trade-in Platform,CompAsia,Mac,iMac M3 8-Core CPU and 10-Core GPU 24 inch (Late 2023),2TB SSD,3725,iMac,2023,Mac,iMac,,Late 2023,24.0,,M3,,2048.0,SSD,
Trade-in Platform,CompAsia,Mac,iMac M3 8-Core CPU and 10-Core GPU 24 inch (Late 2023),512GB SSD,2950,iMac,2023,Mac,iMac,,Late 2023,24.0,,M3,,512.0,SSD,
Trade-in Platform,CompAsia,Mac,iMac M3 8-Core CPU and 8-Core GPU 24 inch (Late 2023),1TB SSD,2800,iMac,2023,Mac,iMac,,Late 2023,24.0,,M3,,1024.0,SSD,
Trade-in Platform,CompAsia,Mac,iMac M3 8-Core CPU and 8-Core GPU 24 inch (Late 2023),256GB SSD,2175,iMac,2023,Mac,iMac,,Late 2023,24.0,,M3,,256.0,SSD,
Trade-in Platform,CompAsia,Mac,iMac M3 8-Core CPU and 8-Core GPU 24 inch (Late 2023),512GB SSD,2500,iMac,2023,Mac,iMac,,Late 2023,24.0,,M3,,512.0,SSD,
Trade-in Platform,CompAsia,Mac,iMac M4 10-Core CPU and 10 Core GPU 24 inch (Late 2024),1TB SSD,3575,iMac,2024,Mac,iMac,,Late 2024,24.0,,M4,,1024.0,SSD,
Trade-in Platform,CompAsia,Mac,iMac M4 10-Core CPU and 10 Core GPU 24 inch (Late 2024),256GB SSD,2725,iMac,2024,Mac,iMac,,Late 2024,24.0,,M4,,256.0,SSD,
Trade-in Platform,CompAsia,Mac,iMac M4 10-Core CPU and 10 Core GPU 24 inch (Late 2024),2TB SSD,3925,iMac,2024,Mac,iMac,,Late 2024,24.0,,M4,,2048.0,SSD,
Trade-in Platform,CompAsia,Mac,iMac M4 10-Core CPU and 10 Core GPU 24 inch (Late 2024),512GB SSD,3200,iMac,2024,Mac,iMac,,Late 2024,24.0,,M4,,512.0,SSD,
Trade-in Platform,CompAsia,Mac,iMac M4 8-Core CPU and 8 Core GPU 24 inch (Late 2024),1TB SSD,3200,iMac,2024,Mac,iMac,,Late 2024,24.0,,M4,,1024.0,SSD,
Trade-in Platform,CompAsia,Mac,iMac M4 8-Core CPU and 8 Core GPU 24 inch (Late 2024),256GB SSD,2450,iMac,2024,Mac,iMac,,Late 2024,24.0,,M4,,256.0,SSD,
Trade-in Platform,CompAsia,Mac,iMac M4 8-Core CPU and 8 Core GPU 24 inch (Late 2024),512GB SSD,2825,iMac,2024,Mac,iMac,,Late 2024,24.0,,M4,,512.0,SSD,
Trade-in Platform,CompAsia,Mac,iMac Pro Xeon W 2.3GHz 27 inch (Late 2017),1TB SSD,750,iMac Pro Xeon W 2.3GHz 27 inch (Late 2017),2017,Mac,iMac Pro,,Late 2017,27.0,2.3GHz,,,1024.0,SSD,
Trade-in Platform,CompAsia,Mac,iMac Pro Xeon W 2.3GHz 27 inch (Late 2017),2TB SSD,850,iMac Pro Xeon W 2.3GHz 27 inch (Late 2017),2017,Mac,iMac Pro,,Late 2017,27.0,2.3GHz,,,2048.0,SSD,
Trade-in Platform,CompAsia,Mac,iMac Pro Xeon W 2.3GHz 27 inch (Late 2017),4TB SSD,950,iMac Pro Xeon W 2.3GHz 27 inch (Late 2017),2017,Mac,iMac Pro,,Late 2017,27.0,2.3GHz,,,4096.0,SSD,
Trade-in Platform,CompAsia,Mac,iMac Pro Xeon W 2.5GHz 27 inch (Late 2017),1TB SSD,900,iMac Pro Xeon W 2.5GHz 27 inch (Late 2017),2017,Mac,iMac Pro,,Late 2017,27.0,2.5GHz,,,1024.0,SSD,
Trade-in Platform,CompAsia,Mac,iMac Pro Xeon W 2.5GHz 27 inch (Late 2017),2TB SSD,975,iMac Pro Xeon W 2.5GHz 27 inch (Late 2017),2017,Mac,iMac Pro,,Late 2017,27.0,2.5GHz,,,2048.0,SSD,
Trade-in Platform,CompAsia,Mac,iMac Pro Xeon W 2.5GHz 27 inch (Late 2017),4TB SSD,1050,iMac Pro Xeon W 2.5GHz 27 inch (Late 2017),2017,Mac,iMac Pro,,Late 2017,27.0,2.5GHz,,,4096.0,SSD,
Trade-in Platform,CompAsia,Mac,iMac Pro Xeon W 3.0GHz 27 inch (Late 2017),1TB SSD,950,iMac Pro Xeon W 3.0GHz 27 inch (Late 2017),2017,Mac,iMac Pro,,Late 2017,27.0,3.0GHz,,,1024.0,SSD,
Trade-in Platform,CompAsia,Mac,iMac Pro Xeon W 3.0GHz 27 inch (Late 2017),2TB SSD,975,iMac Pro Xeon W 3.0GHz 27 inch (Late 2017),2017,Mac,iMac Pro,,Late 2017,27.0,3.0GHz,,,2048.0,SSD,
Trade-in Platform,CompAsia,Mac,iMac Pro Xeon W 3.0GHz 27 inch (Late 2017),4TB SSD,1000,iMac Pro Xeon W 3.0GHz 27 inch (Late 2017),2017,Mac,iMac Pro,,Late 2017,27.0,3.0GHz,,,4096.0,SSD,
Trade-in Platform,CompAsia,Mac,iMac Pro Xeon W 3.2GHz 27 inch (Late 2017),1TB SSD,750,iMac Pro Xeon W 3.2GHz 27 inch (Late 2017),2017,Mac,iMac Pro,,Late 2017,27.0,3.2GHz,,,1024.0,SSD,
Trade-in Platform,CompAsia,Mac,iMac Pro Xeon W 3.2GHz 27 inch (Late 2017),2TB SSD,850,iMac Pro Xeon W 3.2GHz 27 inch (Late 2017),2017,Mac,iMac Pro,,Late 2017,27.0,3.2GHz,,,2048.0,SSD,
Trade-in Platform,CompAsia,Mac,iMac Pro Xeon W 3.2GHz 27 inch (Late 2017),4TB SSD,950,iMac Pro Xeon W 3.2GHz 27 inch (Late 2017),2017,Mac,iMac Pro,,Late 2017,27.0,3.2GHz,,,4096.0,SSD,
Trade-in Platform,CompAsia,iPad,iPad 10,"4GB/256GB, Wi-Fi",800,iPad 10,2022,iPad,iPad,10.0,,,,,,256.0,,Wi-Fi
Trade-in Platform,CompAsia,iPad,iPad 10,"4GB/64GB, Wi-Fi",600,iPad 10,2022,iPad,iPad,10.0,,,,,,64.0,,Wi-Fi
Trade-in Platform,CompAsia,iPad,iPad 10,"4GB/256GB, Cellular",975,iPad 10,2022,iPad,iPad,10.0,,,,,,256.0,,Wi-Fi + Cellular
Trade-in Platform,CompAsia,iPad,iPad 10,"4GB/64GB, Cellular",750,iPad 10,2022,iPad,iPad,10.0,,,,,,64.0,,Wi-Fi + Cellular
Trade-in Platform,CompAsia,iPad,iPad 11,"4GB/128GB, Wi-Fi",600,iPad 11,2025,iPad,iPad,11.0,,,,,,128.0,,Wi-Fi
Trade-in Platform,CompAsia,iPad,iPad 11,"4GB/256GB, Wi-Fi",775,iPad 11,2025,iPad,iPad,11.0,,,,,,256.0,,Wi-Fi
Trade-in Platform,CompAsia,iPad,iPad 11,"4GB/512GB, Wi-Fi",1075,iPad 11,2025,iPad,iPad,11.0,,,,,,512.0,,Wi-Fi
Trade-in Platform,CompAsia,iPad,iPad 11,"4GB/128GB, Cellular",800,iPad 11,2025,iPad,iPad,11.0,,,,,,128.0,,Wi-Fi + Cellular
Trade-in Platform,CompAsia,iPad,iPad 11,"4GB/256GB, Cellular",1000,iPad 11,2025,iPad,iPad,11.0,,,,,,256.0,,Wi-Fi + Cellular
Trade-in Platform,CompAsia,iPad,iPad 11,"4GB/512GB, Cellular",1325,iPad 11,2025,iPad,iPad,11.0,,,,,,512.0,,Wi-Fi + Cellular
Trade-in Platform,CompAsia,iPad,iPad 7,"3GB/128GB, Wi-Fi",225,iPad 7,2019,iPad,iPad,7.0,,,,,,128.0,,Wi-Fi
Trade-in Platform,CompAsia,iPad,iPad 7,"3GB/32GB, Wi-Fi",125,iPad 7,2019,iPad,iPad,7.0,,,,,,32.0,,Wi-Fi
Trade-in Platform,CompAsia,iPad,iPad 7,"3GB/128GB, Cellular",325,iPad 7,2019,iPad,iPad,7.0,,,,,,128.0,,Wi-Fi + Cellular
Trade-in Platform,CompAsia,iPad,iPad 7,"3GB/32GB, Cellular",150,iPad 7,2019,iPad,iPad,7.0,,,,,,32.0,,Wi-Fi + Cellular
Trade-in Platform,CompAsia,iPad,iPad 8,"3GB/128GB, Wi-Fi",300,iPad 8,2020,iPad,iPad,8.0,,,,,,128.0,,Wi-Fi
Trade-in Platform,CompAsia,iPad,iPad 8,"3GB/32GB, Wi-Fi",225,iPad 8,2020,iPad,iPad,8.0,,,,,,32.0,,Wi-Fi
Trade-in Platform,CompAsia,iPad,iPad 8,"3GB/128GB, Cellular",400,iPad 8,2020,iPad,iPad,8.0,,,,,,128.0,,Wi-Fi + Cellular
Trade-in Platform,CompAsia,iPad,iPad 8,"3GB/32GB, Cellular",300,iPad 8,2020,iPad,iPad,8.0,,,,,,32.0,,Wi-Fi + Cellular
Trade-in Platform,CompAsia,iPad,iPad 9,"3GB/256GB, Wi-Fi",525,iPad 9,2021,iPad,iPad,9.0,,,,,,256.0,,Wi-Fi
Trade-in Platform,CompAsia,iPad,iPad 9,"3GB/64GB, Wi-Fi",350,iPad 9,2021,iPad,iPad,9.0,,,,,,64.0,,Wi-Fi
Trade-in Platform,CompAsia,iPad,iPad 9,"3GB/256GB, Cellular",650,iPad 9,2021,iPad,iPad,9.0,,,,,,256.0,,Wi-Fi + Cellular
Trade-in Platform,CompAsia,iPad,iPad 9,"3GB/64GB, Cellular",525,iPad 9,2021,iPad,iPad,9.0,,,,,,64.0,,Wi-Fi + Cellular
Trade-in Platform,CompAsia,iPad,"iPad Air 11-inch (M3, 2025)","8GB/128GB, Wi-Fi",1225,"iPad Air (M3, 2025)",2025,iPad,iPad Air,,2025,11.0,,,,128.0,,Wi-Fi
Trade-in Platform,CompAsia,iPad,"iPad Air 11-inch (M3, 2025)","8GB/1TB, Wi-Fi",2175,"iPad Air (M3, 2025)",2025,iPad,iPad Air,,2025,11.0,,,,1024.0,,Wi-Fi
Trade-in Platform,CompAsia,iPad,"iPad Air 11-inch (M3, 2025)","8GB/256GB, Wi-Fi",1425,"iPad Air (M3, 2025)",2025,iPad,iPad Air,,2025,11.0,,,,256.0,,Wi-Fi
Trade-in Platform,CompAsia,iPad,"iPad Air 11-inch (M3, 2025)","8GB/512GB, Wi-Fi",1825,"iPad Air (M3, 2025)",2025,iPad,iPad Air,,2025,11.0,,,,512.0,,Wi-Fi
Trade-in Platform,CompAsia,iPad,"iPad Air 11-inch (M3, 2025)","8GB/128GB, Cellular",1600,"iPad Air (M3, 2025)",2025,iPad,iPad Air,,2025,11.0,,,,128.0,,Wi-Fi + Cellular
Trade-in Platform,CompAsia,iPad,"iPad Air 11-inch (M3, 2025)","8GB/1TB, Cellular",2575,"iPad Air (M3, 2025)",2025,iPad,iPad Air,,2025,11.0,,,,1024.0,,Wi-Fi + Cellular
Trade-in Platform,CompAsia,iPad,"iPad Air 11-inch (M3, 2025)","8GB/256GB, Cellular",1825,"iPad Air (M3, 2025)",2025,iPad,iPad Air,,2025,11.0,,,,256.0,,Wi-Fi + Cellular
Trade-in Platform,CompAsia,iPad,"iPad Air 11-inch (M3, 2025)","8GB/512GB, Cellular",2200,"iPad Air (M3, 2025)",2025,iPad,iPad Air,,2025,11.0,,,,512.0,,Wi-Fi + Cellular
Trade-in Platform,CompAsia,iPad,"iPad Air 13-inch (M3, 2025)","8GB/128GB, Wi-Fi",1600,"iPad Air (M3, 2025)",2025,iPad,iPad Air,,2025,13.0,,,,128.0,,Wi-Fi
Trade-in Platform,CompAsia,iPad,"iPad Air 13-inch (M3, 2025)","8GB/1TB, Wi-Fi",2400,"iPad Air (M3, 2025)",2025,iPad,iPad Air,,2025,13.0,,,,1024.0,,Wi-Fi
Trade-in Platform,CompAsia,iPad,"iPad Air 13-inch (M3, 2025)","8GB/256GB, Wi-Fi",1800,"iPad Air (M3, 2025)",2025,iPad,iPad Air,,2025,13.0,,,,256.0,,Wi-Fi
Trade-in Platform,CompAsia,iPad,"iPad Air 13-inch (M3, 2025)","8GB/512GB, Wi-Fi",2050,"iPad Air (M3, 2025)",2025,iPad,iPad Air,,2025,13.0,,,,512.0,,Wi-Fi
Trade-in Platform,CompAsia,iPad,"iPad Air 13-inch (M3, 2025)","8GB/128GB, Cellular",1875,"iPad Air (M3, 2025)",2025,iPad,iPad Air,,2025,13.0,,,,128.0,,Wi-Fi + Cellular
Trade-in Platform,CompAsia,iPad,"iPad Air 13-inch (M3, 2025)","8GB/1TB, Cellular",2700,"iPad Air (M3, 2025)",2025,iPad,iPad Air,,2025,13.0,,,,1024.0,,Wi-Fi + Cellular
Trade-in Platform,CompAsia,iPad,"iPad Air 13-inch (M3, 2025)","8GB/256GB, Cellular",2100,"iPad Air (M3, 2025)",2025,iPad,iPad Air,,2025,13.0,,,,256.0,,Wi-Fi + Cellular
Trade-in Platform,CompAsia,iPad,"iPad Air 13-inch (M3, 2025)","8GB/512GB, Cellular",2400,"iPad Air (M3, 2025)",2025,iPad,iPad Air,,2025,13.0,,,,512.0,,Wi-Fi + Cellular
Trade-in Platform,CompAsia,iPad,iPad Air 13-inch,"8GB/128GB, Wi-Fi",1250,iPad Air,2024,iPad,iPad Air,,,13.0,,,,128.0,,Wi-Fi
Trade-in Platform,CompAsia,iPad,iPad Air 13-inch,"8GB/1TB, Wi-Fi",2075,iPad Air,2024,iPad,iPad Air,,,13.0,,,,1024.0,,Wi-Fi
Trade-in Platform,CompAsia,iPad,iPad Air 13-inch,"8GB/256GB, Wi-Fi",1425,iPad Air,2024,iPad,iPad Air,,,13.0,,,,256.0,,Wi-Fi
Trade-in Platform,CompAsia,iPad,iPad Air 13-inch,"8GB/512GB, Wi-Fi",1750,iPad Air,2024,iPad,iPad Air,,,13.0,,,,512.0,,Wi-Fi
Trade-in Platform,CompAsia,iPad,iPad Air 13-inch,"8GB/128GB, Cellular",1525,iPad Air,2024,iPad,iPad Air,,,13.0,,,,128.0,,Wi-Fi + Cellular
Trade-in Platform,CompAsia,iPad,iPad Air 13-inch,"8GB/1TB, Cellular",2300,iPad Air,2024,iPad,iPad Air,,,13.0,,,,1024.0,,Wi-Fi + Cellular
Trade-in Platform,CompAsia,iPad,iPad Air 13-inch,"8GB/256GB, Cellular",1725,iPad Air,2024,iPad,iPad Air,,,13.0,,,,256.0,,Wi-Fi + Cellular
Trade-in Platform,CompAsia,iPad,iPad Air 13-inch,"8GB/512GB, Cellular",2075,iPad Air,2024,iPad,iPad Air,,,13.0,,,,512.0,,Wi-Fi + Cellular
Trade-in Platform,CompAsia,iPad,iPad Air 4,"4GB/256GB, Wi-Fi",725,iPad Air 4,2020,iPad,iPad Air,4.0,,,,,,256.0,,Wi-Fi
Trade-in Platform,CompAsia,iPad,iPad Air 4,"4GB/64GB, Wi-Fi",550,iPad Air 4,2020,iPad,iPad Air,4.0,,,,,,64.0,,Wi-Fi
Trade-in Platform,CompAsia,iPad,iPad Air 4,"4GB/256GB, Cellular",845,iPad Air 4,2020,iPad,iPad Air,4.0,,,,,,256.0,,Wi-Fi + Cellular
Trade-in Platform,CompAsia,iPad,iPad Air 4,"4GB/64GB, Cellular",720,iPad Air 4,2020,iPad,iPad Air,4.0,,,,,,64.0,,Wi-Fi + Cellular
Trade-in Platform,CompAsia,iPad,iPad Air 5,"8GB/256GB, Wi-Fi",975,iPad Air 5,2022,iPad,iPad Air,5.0,,,,,,256.0,,Wi-Fi
Trade-in Platform,CompAsia,iPad,iPad Air 5,"8GB/64GB, Wi-Fi",835,iPad Air 5,2022,iPad,iPad Air,5.0,,,,,,64.0,,Wi-Fi
Trade-in Platform,CompAsia,iPad,iPad Air 5,"8GB/256GB, Cellular",1075,iPad Air 5,2022,iPad,iPad Air,5.0,,,,,,256.0,,Wi-Fi + Cellular
Trade-in Platform,CompAsia,iPad,iPad Air 5,"8GB/64GB, Cellular",975,iPad Air 5,2022,iPad,iPad Air,5.0,,,,,,64.0,,Wi-Fi + Cellular
Trade-in Platform,CompAsia,iPad,iPad Air 6,"8GB/128GB, Wi-Fi",1150,iPad Air 6,2024,iPad,iPad Air,6.0,,,,,,128.0,,Wi-Fi
Trade-in Platform,CompAsia,iPad,iPad Air 6,"8GB/1TB, Wi-Fi",1900,iPad Air 6,2024,iPad,iPad Air,6.0,,,,,,1024.0,,Wi-Fi
Trade-in Platform,CompAsia,iPad,iPad Air 6,"8GB/256GB, Wi-Fi",1375,iPad Air 6,2024,iPad,iPad Air,6.0,,,,,,256.0,,Wi-Fi
Trade-in Platform,CompAsia,iPad,iPad Air 6,"8GB/512GB, Wi-Fi",1575,iPad Air 6,2024,iPad,iPad Air,6.0,,,,,,512.0,,Wi-Fi
Trade-in Platform,CompAsia,iPad,iPad Air 6,"8GB/128GB, Cellular",1350,iPad Air 6,2024,iPad,iPad Air,6.0,,,,,,128.0,,Wi-Fi + Cellular
Trade-in Platform,CompAsia,iPad,iPad Air 6,"8GB/1TB, Cellular",2050,iPad Air 6,2024,iPad,iPad Air,6.0,,,,,,1024.0,,Wi-Fi + Cellular
Trade-in Platform,CompAsia,iPad,iPad Air 6,"8GB/256GB, Cellular",1475,iPad Air 6,2024,iPad,iPad Air,6.0,,,,,,256.0,,Wi-Fi + Cellular
Trade-in Platform,CompAsia,iPad,iPad Air 6,"8GB/512GB, Cellular",1800,iPad Air 6,2024,iPad,iPad Air,6.0,,,,,,512.0,,Wi-Fi + Cellular
Trade-in Platform,CompAsia,iPad,iPad Mini 6,"4GB/256GB, Wi-Fi",775,iPad mini 6,2021,iPad,iPad mini,6.0,,,,,,256.0,,Wi-Fi
Trade-in Platform,CompAsia,iPad,iPad Mini 6,"4GB/64GB, Wi-Fi",585,iPad mini 6,2021,iPad,iPad mini,6.0,,,,,,64.0,,Wi-Fi
Trade-in Platform,CompAsia,iPad,iPad Mini 6,"4GB/256GB, Cellular",925,iPad mini 6,2021,iPad,iPad mini,6.0,,,,,,256.0,,Wi-Fi + Cellular
Trade-in Platform,CompAsia,iPad,iPad Mini 6,"4GB/64GB, Cellular",775,iPad mini 6,2021,iPad,iPad mini,6.0,,,,,,64.0,,Wi-Fi + Cellular
Trade-in Platform,CompAsia,iPad,iPad Mini 7,"8GB/128GB, Wi-Fi",850,iPad mini 7,2024,iPad,iPad mini,7.0,,,,,,128.0,,Wi-Fi
Trade-in Platform,CompAsia,iPad,iPad Mini 7,"8GB/256GB, Wi-Fi",1010,iPad mini 7,2024,iPad,iPad mini,7.0,,,,,,256.0,,Wi-Fi
Trade-in Platform,CompAsia,iPad,iPad Mini 7,"8GB/512GB, Wi-Fi",1375,iPad mini 7,2024,iPad,iPad mini,7.0,,,,,,512.0,,Wi-Fi
Trade-in Platform,CompAsia,iPad,iPad Mini 7,"8GB/128GB, Cellular",1050,iPad mini 7,2024,iPad,iPad mini,7.0,,,,,,128.0,,Wi-Fi + Cellular
Trade-in Platform,CompAsia,iPad,iPad Mini 7,"8GB/256GB, Cellular",1275,iPad mini 7,2024,iPad,iPad mini,7.0,,,,,,256.0,,Wi-Fi + Cellular
Trade-in Platform,CompAsia,iPad,iPad Mini 7,"8GB/512GB, Cellular",1475,iPad mini 7,2024,iPad,iPad mini,7.0,,,,,,512.0,,Wi-Fi + Cellular
Trade-in Platform,CompAsia,iPad,"iPad Pro 11-inch (2020, 2nd Gen)","6GB/128GB, Wi-Fi",700,"iPad Pro (2020, 2nd Gen)",2020,iPad,iPad Pro,2.0,2020,11.0,,,,128.0,,Wi-Fi
Trade-in Platform,CompAsia,iPad,"iPad Pro 11-inch (2020, 2nd Gen)","6GB/1TB, Wi-Fi",950,"iPad Pro (2020, 2nd Gen)",2020,iPad,iPad Pro,2.0,2020,11.0,,,,1024.0,,Wi-Fi
Trade-in Platform,CompAsia,iPad,"iPad Pro 11-inch (2020, 2nd Gen)","6GB/256GB, Wi-Fi",775,"iPad Pro (2020, 2nd Gen)",2020,iPad,iPad Pro,2.0,2020,11.0,,,,256.0,,Wi-Fi
Trade-in Platform,CompAsia,iPad,"iPad Pro 11-inch (2020, 2nd Gen)","6GB/512GB, Wi-Fi",900,"iPad Pro (2020, 2nd Gen)",2020,iPad,iPad Pro,2.0,2020,11.0,,,,512.0,,Wi-Fi
Trade-in Platform,CompAsia,iPad,"iPad Pro 11-inch (2020, 2nd Gen)","6GB/128GB, Cellular",775,"iPad Pro (2020, 2nd Gen)",2020,iPad,iPad Pro,2.0,2020,11.0,,,,128.0,,Wi-Fi + Cellular
Trade-in Platform,CompAsia,iPad,"iPad Pro 11-inch (2020, 2nd Gen)","6GB/1TB, Cellular",1075,"iPad Pro (2020, 2nd Gen)",2020,iPad,iPad Pro,2.0,2020,11.0,,,,1024.0,,Wi-Fi + Cellular
Trade-in Platform,CompAsia,iPad,"iPad Pro 11-inch (2020, 2nd Gen)","6GB/256GB, Cellular",875,"iPad Pro (2020, 2nd Gen)",2020,iPad,iPad Pro,2.0,2020,11.0,,,,256.0,,Wi-Fi + Cellular
Trade-in Platform,CompAsia,iPad,"iPad Pro 11-inch (2020, 2nd Gen)","6GB/512GB, Cellular",1050,"iPad Pro (2020, 2nd Gen)",2020,iPad,iPad Pro,2.0,2020,11.0,,,,512.0,,Wi-Fi + Cellular
Trade-in Platform,CompAsia,iPad,"iPad Pro 11-inch (2021, 3rd Gen)","1TB, Wi-Fi",1325,"iPad Pro (2021, 3rd Gen)",2021,iPad,iPad Pro,3.0,2021,11.0,,,,1024.0,,Wi-Fi
Trade-in Platform,CompAsia,iPad,"iPad Pro 11-inch (2021, 3rd Gen)","2TB, Wi-Fi",1525,"iPad Pro (2021, 3rd Gen)",2021,iPad,iPad Pro,3.0,2021,11.0,,,,2048.0,,Wi-Fi
Trade-in Platform,CompAsia,iPad,"iPad Pro 11-inch (2021, 3rd Gen)","8GB/128GB, Wi-Fi",975,"iPad Pro (2021, 3rd Gen)",2021,iPad,iPad Pro,3.0,2021,11.0,,,,128.0,,Wi-Fi
Trade-in Platform,CompAsia,iPad,"iPad Pro 11-inch (2021, 3rd Gen)","8GB/256GB, Wi-Fi",1150,"iPad Pro (2021, 3rd Gen)",2021,iPad,iPad Pro,3.0,2021,11.0,,,,256.0,,Wi-Fi
Trade-in Platform,CompAsia,iPad,"iPad Pro 11-inch (2021, 3rd Gen)","8GB/512GB, Wi-Fi",1275,"iPad Pro (2021, 3rd Gen)",2021,iPad,iPad Pro,3.0,2021,11.0,,,,512.0,,Wi-Fi
Trade-in Platform,CompAsia,iPad,"iPad Pro 11-inch (2021, 3rd Gen)","1TB, Cellular",1525,"iPad Pro (2021, 3rd Gen)",2021,iPad,iPad Pro,3.0,2021,11.0,,,,1024.0,,Wi-Fi + Cellular
Trade-in Platform,CompAsia,iPad,"iPad Pro 11-inch (2021, 3rd Gen)","2TB, Cellular",1700,"iPad Pro (2021, 3rd Gen)",2021,iPad,iPad Pro,3.0,2021,11.0,,,,2048.0,,Wi-Fi + Cellular
Trade-in Platform,CompAsia,iPad,"iPad Pro 11-inch (2021, 3rd Gen)","8GB/128GB, Cellular",1075,"iPad Pro (2021, 3rd Gen)",2021,iPad,iPad Pro,3.0,2021,11.0,,,,128.0,,Wi-Fi + Cellular
Trade-in Platform,CompAsia,iPad,"iPad Pro 11-inch (2021, 3rd Gen)","8GB/256GB, Cellular",1275,"iPad Pro (2021, 3rd Gen)",2021,iPad,iPad Pro,3.0,2021,11.0,,,,256.0,,Wi-Fi + Cellular
Trade-in Platform,CompAsia,iPad,"iPad Pro 11-inch (2021, 3rd Gen)","8GB/512GB, Cellular",1425,"iPad Pro (2021, 3rd Gen)",2021,iPad,iPad Pro,3.0,2021,11.0,,,,512.0,,Wi-Fi + Cellular
Trade-in Platform,CompAsia,iPad,"iPad Pro 11-inch (2022, 4th Gen)","1TB, Wi-Fi",1650,"iPad Pro (2022, 4th Gen)",2022,iPad,iPad Pro,4.0,2022,11.0,,,,1024.0,,Wi-Fi
Trade-in Platform,CompAsia,iPad,"iPad Pro 11-inch (2022, 4th Gen)","2TB, Wi-Fi",1900,"iPad Pro (2022, 4th Gen)",2022,iPad,iPad Pro,4.0,2022,11.0,,,,2048.0,,Wi-Fi
Trade-in Platform,CompAsia,iPad,"iPad Pro 11-inch (2022, 4th Gen)","8GB/128GB, Wi-Fi",1175,"iPad Pro (2022, 4th Gen)",2022,iPad,iPad Pro,4.0,2022,11.0,,,,128.0,,Wi-Fi
Trade-in Platform,CompAsia,iPad,"iPad Pro 11-inch (2022, 4th Gen)","8GB/256GB, Wi-Fi",1325,"iPad Pro (2022, 4th Gen)",2022,iPad,iPad Pro,4.0,2022,11.0,,,,256.0,,Wi-Fi
Trade-in Platform,CompAsia,iPad,"iPad Pro 11-inch (2022, 4th Gen)","8GB/512GB, Wi-Fi",1525,"iPad Pro (2022, 4th Gen)",2022,iPad,iPad Pro,4.0,2022,11.0,,,,512.0,,Wi-Fi
Trade-in Platform,CompAsia,iPad,"iPad Pro 11-inch (2022, 4th Gen)","1TB, Cellular",1750,"iPad Pro (2022, 4th Gen)",2022,iPad,iPad Pro,4.0,2022,11.0,,,,1024.0,,Wi-Fi + Cellular
Trade-in Platform,CompAsia,iPad,"iPad Pro 11-inch (2022, 4th Gen)","2TB, Cellular",2025,"iPad Pro (2022, 4th Gen)",2022,iPad,iPad Pro,4.0,2022,11.0,,,,2048.0,,Wi-Fi + Cellular
Trade-in Platform,CompAsia,iPad,"iPad Pro 11-inch (2022, 4th Gen)","8GB/128GB, Cellular",1350,"iPad Pro (2022, 4th Gen)",2022,iPad,iPad Pro,4.0,2022,11.0,,,,128.0,,Wi-Fi + Cellular
Trade-in Platform,CompAsia,iPad,"iPad Pro 11-inch (2022, 4th Gen)","8GB/256GB, Cellular",1475,"iPad Pro (2022, 4th Gen)",2022,iPad,iPad Pro,4.0,2022,11.0,,,,256.0,,Wi-Fi + Cellular
Trade-in Platform,CompAsia,iPad,"iPad Pro 11-inch (2022, 4th Gen)","8GB/512GB, Cellular",1650,"iPad Pro (2022, 4th Gen)",2022,iPad,iPad Pro,4.0,2022,11.0,,,,512.0,,Wi-Fi + Cellular
Trade-in Platform,CompAsia,iPad,"iPad Pro 11-inch (2024, 5th Gen)","1TB, Wi-Fi",2625,"iPad Pro (2024, 5th Gen)",2024,iPad,iPad Pro,5.0,2024,11.0,,,,1024.0,,Wi-Fi
Trade-in Platform,CompAsia,iPad,"iPad Pro 11-inch (2024, 5th Gen)","2TB, Wi-Fi",3150,"iPad Pro (2024, 5th Gen)",2024,iPad,iPad Pro,5.0,2024,11.0,,,,2048.0,,Wi-Fi
Trade-in Platform,CompAsia,iPad,"iPad Pro 11-inch (2024, 5th Gen)","8GB/256GB, Wi-Fi",1750,"iPad Pro (2024, 5th Gen)",2024,iPad,iPad Pro,5.0,2024,11.0,,,,256.0,,Wi-Fi
Trade-in Platform,CompAsia,iPad,"iPad Pro 11-inch (2024, 5th Gen)","8GB/512GB, Wi-Fi",2125,"iPad Pro (2024, 5th Gen)",2024,iPad,iPad Pro,5.0,2024,11.0,,,,512.0,,Wi-Fi
Trade-in Platform,CompAsia,iPad,"iPad Pro 11-inch (2024, 5th Gen)","1TB, Cellular",2900,"iPad Pro (2024, 5th Gen)",2024,iPad,iPad Pro,5.0,2024,11.0,,,,1024.0,,Wi-Fi + Cellular
Trade-in Platform,CompAsia,iPad,"iPad Pro 11-inch (2024, 5th Gen)","2TB, Cellular",3450,"iPad Pro (2024, 5th Gen)",2024,iPad,iPad Pro,5.0,2024,11.0,,,,2048.0,,Wi-Fi + Cellular
Trade-in Platform,CompAsia,iPad,"iPad Pro 11-inch (2024, 5th Gen)","8GB/256GB, Cellular",2050,"iPad Pro (2024, 5th Gen)",2024,iPad,iPad Pro,5.0,2024,11.0,,,,256.0,,Wi-Fi + Cellular
Trade-in Platform,CompAsia,iPad,"iPad Pro 11-inch (2024, 5th Gen)","8GB/512GB, Cellular",2375,"iPad Pro (2024, 5th Gen)",2024,iPad,iPad Pro,5.0,2024,11.0,,,,512.0,,Wi-Fi + Cellular
Trade-in Platform,CompAsia,iPad,iPad Pro 11-inch M5 (2025),"256GB, Wi-Fi",2550,iPad Pro (2025),2025,iPad,iPad Pro,,2025,11.0,,,,256.0,,Wi-Fi
Trade-in Platform,CompAsia,iPad,iPad Pro 11-inch M5 (2025),"512GB, Wi-Fi",3100,iPad Pro (2025),2025,iPad,iPad Pro,,2025,11.0,,,,512.0,,Wi-Fi
Trade-in Platform,CompAsia,iPad,iPad Pro 11-inch M5 (2025),"1TB, Wi-Fi",3950,iPad Pro (2025),2025,iPad,iPad Pro,,2025,11.0,,,,1024.0,,Wi-Fi
Trade-in Platform,CompAsia,iPad,iPad Pro 11-inch M5 (2025),"2TB, Wi-Fi",4950,iPad Pro (2025),2025,iPad,iPad Pro,,2025,11.0,,,,2048.0,,Wi-Fi
Trade-in Platform,CompAsia,iPad,iPad Pro 11-inch M5 (2025),"256GB, Cellular",3100,iPad Pro (2025),2025,iPad,iPad Pro,,2025,11.0,,,,256.0,,Wi-Fi + Cellular
Trade-in Platform,CompAsia,iPad,iPad Pro 11-inch M5 (2025),"512GB, Cellular",3575,iPad Pro (2025),2025,iPad,iPad Pro,,2025,11.0,,,,512.0,,Wi-Fi + Cellular
Trade-in Platform,CompAsia,iPad,iPad Pro 11-inch M5 (2025),"1TB, Cellular",4425,iPad Pro (2025),2025,iPad,iPad Pro,,2025,11.0,,,,1024.0,,Wi-Fi + Cellular
Trade-in Platform,CompAsia,iPad,iPad Pro 11-inch M5 (2025),"2TB, Cellular",5425,iPad Pro (2025),2025,iPad,iPad Pro,,2025,11.0,,,,2048.0,,Wi-Fi + Cellular
Trade-in Platform,CompAsia,iPad,"iPad Pro 12.9-inch (2022, 6th Gen)","1TB, Wi-Fi",1825,"iPad Pro (2022, 6th Gen)",2022,iPad,iPad Pro,6.0,2022,12.9,,,,1024.0,,Wi-Fi
Trade-in Platform,CompAsia,iPad,"iPad Pro 12.9-inch (2022, 6th Gen)","2TB, Wi-Fi",2025,"iPad Pro (2022, 6th Gen)",2022,iPad,iPad Pro,6.0,2022,12.9,,,,2048.0,,Wi-Fi
Trade-in Platform,CompAsia,iPad,"iPad Pro 12.9-inch (2022, 6th Gen)","8GB/128GB, Wi-Fi",1400,"iPad Pro (2022, 6th Gen)",2022,iPad,iPad Pro,6.0,2022,12.9,,,,128.0,,Wi-Fi
Trade-in Platform,CompAsia,iPad,"iPad Pro 12.9-inch (2022, 6th Gen)","8GB/256GB, Wi-Fi",1500,"iPad Pro (2022, 6th Gen)",2022,iPad,iPad Pro,6.0,2022,12.9,,,,256.0,,Wi-Fi
Trade-in Platform,CompAsia,iPad,"iPad Pro 12.9-inch (2022, 6th Gen)","8GB/512GB, Wi-Fi",1625,"iPad Pro (2022, 6th Gen)",2022,iPad,iPad Pro,6.0,2022,12.9,,,,512.0,,Wi-Fi
Trade-in Platform,CompAsia,iPad,"iPad Pro 12.9-inch (2022, 6th Gen)","1TB, Cellular",1875,"iPad Pro (2022, 6th Gen)",2022,iPad,iPad Pro,6.0,2022,12.9,,,,1024.0,,Wi-Fi + Cellular
Trade-in Platform,CompAsia,iPad,"iPad Pro 12.9-inch (2022, 6th Gen)","2TB, Cellular",2075,"iPad Pro (2022, 6th Gen)",2022,iPad,iPad Pro,6.0,2022,12.9,,,,2048.0,,Wi-Fi + Cellular
Trade-in Platform,CompAsia,iPad,"iPad Pro 12.9-inch (2022, 6th Gen)","8GB/128GB, Cellular",1525,"iPad Pro (2022, 6th Gen)",2022,iPad,iPad Pro,6.0,2022,12.9,,,,128.0,,Wi-Fi + Cellular
Trade-in Platform,CompAsia,iPad,"iPad Pro 12.9-inch (2022, 6th Gen)","8GB/256GB, Cellular",1650,"iPad Pro (2022, 6th Gen)",2022,iPad,iPad Pro,6.0,2022,12.9,,,,256.0,,Wi-Fi + Cellular
Trade-in Platform,CompAsia,iPad,"iPad Pro 12.9-inch (2022, 6th Gen)","8GB/512GB, Cellular",1800,"iPad Pro (2022, 6th Gen)",2022,iPad,iPad Pro,6.0,2022,12.9,,,,512.0,,Wi-Fi + Cellular
Trade-in Platform,CompAsia,iPad,"iPad Pro 13-inch (2024, 7th Gen)","1TB, Wi-Fi",3175,"iPad Pro (2024, 7th Gen)",2024,iPad,iPad Pro,7.0,2024,13.0,,,,1024.0,,Wi-Fi
Trade-in Platform,CompAsia,iPad,"iPad Pro 13-inch (2024, 7th Gen)","2TB, Wi-Fi",3725,"iPad Pro (2024, 7th Gen)",2024,iPad,iPad Pro,7.0,2024,13.0,,,,2048.0,,Wi-Fi
Trade-in Platform,CompAsia,iPad,"iPad Pro 13-inch (2024, 7th Gen)","8GB/256GB, Wi-Fi",2175,"iPad Pro (2024, 7th Gen)",2024,iPad,iPad Pro,7.0,2024,13.0,,,,256.0,,Wi-Fi
Trade-in Platform,CompAsia,iPad,"iPad Pro 13-inch (2024, 7th Gen)","8GB/512GB, Wi-Fi",2600,"iPad Pro (2024, 7th Gen)",2024,iPad,iPad Pro,7.0,2024,13.0,,,,512.0,,Wi-Fi
Trade-in Platform,CompAsia,iPad,"iPad Pro 13-inch (2024, 7th Gen)","1TB, Cellular",3550,"iPad Pro (2024, 7th Gen)",2024,iPad,iPad Pro,7.0,2024,13.0,,,,1024.0,,Wi-Fi + Cellular
Trade-in Platform,CompAsia,iPad,"iPad Pro 13-inch (2024, 7th Gen)","2TB, Cellular",4100,"iPad Pro (2024, 7th Gen)",2024,iPad,iPad Pro,7.0,2024,13.0,,,,2048.0,,Wi-Fi + Cellular
Trade-in Platform,CompAsia,iPad,"iPad Pro 13-inch (2024, 7th Gen)","8GB/256GB, Cellular",2575,"iPad Pro (2024, 7th Gen)",2024,iPad,iPad Pro,7.0,2024,13.0,,,,256.0,,Wi-Fi + Cellular
Trade-in Platform,CompAsia,iPad,"iPad Pro 13-inch (2024, 7th Gen)","8GB/512GB, Cellular",2950,"iPad Pro (2024, 7th Gen)",2024,iPad,iPad Pro,7.0,2024,13.0,,,,512.0,,Wi-Fi + Cellular
Trade-in Platform,CompAsia,iPad,iPad Pro 13-inch M5 (2025),"256GB, Wi-Fi",3275,iPad Pro (2025),2025,iPad,iPad Pro,,2025,13.0,,,,256.0,,Wi-Fi
Trade-in Platform,CompAsia,iPad,iPad Pro 13-inch M5 (2025),"512GB, Wi-Fi",3800,iPad Pro (2025),2025,iPad,iPad Pro,,2025,13.0,,,,512.0,,Wi-Fi
Trade-in Platform,CompAsia,iPad,iPad Pro 13-inch M5 (2025),"1TB, Wi-Fi",4825,iPad Pro (2025),2025,iPad,iPad Pro,,2025,13.0,,,,1024.0,,Wi-Fi
Trade-in Platform,CompAsia,iPad,iPad Pro 13-inch M5 (2025),"2TB, Wi-Fi",5825,iPad Pro (2025),2025,iPad,iPad Pro,,2025,13.0,,,,2048.0,,Wi-Fi
Trade-in Platform,CompAsia,iPad,iPad Pro 13-inch M5 (2025),"256GB, Cellular",3800,iPad Pro (2025),2025,iPad,iPad Pro,,2025,13.0,,,,256.0,,Wi-Fi + Cellular
Trade-in Platform,CompAsia,iPad,iPad Pro 13-inch M5 (2025),"512GB, Cellular",4300,iPad Pro (2025),2025,iPad,iPad Pro,,2025,13.0,,,,512.0,,Wi-Fi + Cellular
Trade-in Platform,CompAsia,iPad,iPad Pro 13-inch M5 (2025),"1TB, Cellular",5325,iPad Pro (2025),2025,iPad,iPad Pro,,2025,13.0,,,,1024.0,,Wi-Fi + Cellular
Trade-in Platform,CompAsia,iPad,iPad Pro 13-inch M5 (2025),"2TB, Cellular",6325,iPad Pro (2025),2025,iPad,iPad Pro,,2025,13.0,,,,2048.0,,Wi-Fi + Cellular
Trade-in Platform,CompAsia,iPad,iPad Pro 4 (12.9-inch),"6GB/128GB, Wi-Fi",900,iPad Pro 4,2020,iPad,iPad Pro,4.0,,12.9,,,,128.0,,Wi-Fi
Trade-in Platform,CompAsia,iPad,iPad Pro 4 (12.9-inch),"6GB/1TB, Wi-Fi",1275,iPad Pro 4,2020,iPad,iPad Pro,4.0,,12.9,,,,1024.0,,Wi-Fi
Trade-in Platform,CompAsia,iPad,iPad Pro 4 (12.9-inch),"6GB/256GB, Wi-Fi",1050,iPad Pro 4,2020,iPad,iPad Pro,4.0,,12.9,,,,256.0,,Wi-Fi
Trade-in Platform,CompAsia,iPad,iPad Pro 4 (12.9-inch),"6GB/512GB, Wi-Fi",1175,iPad Pro 4,2020,iPad,iPad Pro,4.0,,12.9,,,,512.0,,Wi-Fi
Trade-in Platform,CompAsia,iPad,iPad Pro 4 (12.9-inch),"6GB/128GB, Cellular",1050,iPad Pro 4,2020,iPad,iPad Pro,4.0,,12.9,,,,128.0,,Wi-Fi + Cellular
Trade-in Platform,CompAsia,iPad,iPad Pro 4 (12.9-inch),"6GB/1TB, Cellular",1400,iPad Pro 4,2020,iPad,iPad Pro,4.0,,12.9,,,,1024.0,,Wi-Fi + Cellular
Trade-in Platform,CompAsia,iPad,iPad Pro 4 (12.9-inch),"6GB/256GB, Cellular",1175,iPad Pro 4,2020,iPad,iPad Pro,4.0,,12.9,,,,256.0,,Wi-Fi + Cellular
Trade-in Platform,CompAsia,iPad,iPad Pro 4 (12.9-inch),"6GB/512GB, Cellular",1325,iPad Pro 4,2020,iPad,iPad Pro,4.0,,12.9,,,,512.0,,Wi-Fi + Cellular
Trade-in Platform,CompAsia,iPad,iPad Pro 5 (12.9-inch),"1TB, Wi-Fi",1475,iPad Pro 5,2021,iPad,iPad Pro,5.0,,12.9,,,,1024.0,,Wi-Fi
Trade-in Platform,CompAsia,iPad,iPad Pro 5 (12.9-inch),"2TB, Wi-Fi",1700,iPad Pro 5,2021,iPad,iPad Pro,5.0,,12.9,,,,2048.0,,Wi-Fi
Trade-in Platform,CompAsia,iPad,iPad Pro 5 (12.9-inch),"8GB/128GB, Wi-Fi",1150,iPad Pro 5,2021,iPad,iPad Pro,5.0,,12.9,,,,128.0,,Wi-Fi
Trade-in Platform,CompAsia,iPad,iPad Pro 5 (12.9-inch),"8GB/256GB, Wi-Fi",1250,iPad Pro 5,2021,iPad,iPad Pro,5.0,,12.9,,,,256.0,,Wi-Fi
Trade-in Platform,CompAsia,iPad,iPad Pro 5 (12.9-inch),"8GB/512GB, Wi-Fi",1350,iPad Pro 5,2021,iPad,iPad Pro,5.0,,12.9,,,,512.0,,Wi-Fi
Trade-in Platform,CompAsia,iPad,iPad Pro 5 (12.9-inch),"1TB, Cellular",1625,iPad Pro 5,2021,iPad,iPad Pro,5.0,,12.9,,,,1024.0,,Wi-Fi + Cellular
Trade-in Platform,CompAsia,iPad,iPad Pro 5 (12.9-inch),"2TB, Cellular",1775,iPad Pro 5,2021,iPad,iPad Pro,5.0,,12.9,,,,2048.0,,Wi-Fi + Cellular
Trade-in Platform,CompAsia,iPad,iPad Pro 5 (12.9-inch),"8GB/128GB, Cellular",1225,iPad Pro 5,2021,iPad,iPad Pro,5.0,,12.9,,,,128.0,,Wi-Fi + Cellular
Trade-in Platform,CompAsia,iPad,iPad Pro 5 (12.9-inch),"8GB/256GB, Cellular",1325,iPad Pro 5,2021,iPad,iPad Pro,5.0,,12.9,,,,256.0,,Wi-Fi + Cellular
Trade-in Platform,CompAsia,iPad,iPad Pro 5 (12.9-inch),"8GB/512GB, Cellular",1475,iPad Pro 5,2021,iPad,iPad Pro,5.0,,12.9,,,,512.0,,Wi-Fi + Cellular
Trade-in Platform,CompAsia,iPhone,iPhone 11,128GB,390,iPhone 11,2019,iPhone,iPhone 11,,,,,,,128.0,,
Trade-in Platform,CompAsia,iPhone,iPhone 11,256GB,450,iPhone 11,2019,iPhone,iPhone 11,,,,,,,256.0,,
Trade-in Platform,CompAsia,iPhone,iPhone 11,64GB,340,iPhone 11,2019,iPhone,iPhone 11,,,,,,,64.0,,
Trade-in Platform,CompAsia,iPhone,iPhone 11 Pro,256GB,490,iPhone 11 Pro,2019,iPhone,iPhone 11 Pro,,,,,,,256.0,,
Trade-in Platform,CompAsia,iPhone,iPhone 11 Pro,512GB,575,iPhone 11 Pro,2019,iPhone,iPhone 11 Pro,,,,,,,512.0,,
Trade-in Platform,CompAsia,iPhone,iPhone 11 Pro,64GB,415,iPhone 11 Pro,2019,iPhone,iPhone 11 Pro,,,,,,,64.0,,
Trade-in Platform,CompAsia,iPhone,iPhone 11 Pro Max,256GB,550,iPhone 11 Pro Max,2019,iPhone,iPhone 11 Pro Max,,,,,,,256.0,,
Trade-in Platform,CompAsia,iPhone,iPhone 11 Pro Max,512GB,625,iPhone 11 Pro Max,2019,iPhone,iPhone 11 Pro Max,,,,,,,512.0,,
Trade-in Platform,CompAsia,iPhone,iPhone 11 Pro Max,64GB,475,iPhone 11 Pro Max,2019,iPhone,iPhone 11 Pro Max,,,,,,,64.0,,
Trade-in Platform,CompAsia,iPhone,iPhone 12,128GB,500,iPhone 12,2020,iPhone,iPhone 12,,,,,,,128.0,,
Trade-in Platform,CompAsia,iPhone,iPhone 12,256GB,575,iPhone 12,2020,iPhone,iPhone 12,,,,,,,256.0,,
Trade-in Platform,CompAsia,iPhone,iPhone 12,64GB,450,iPhone 12,2020,iPhone,iPhone 12,,,,,,,64.0,,
Trade-in Platform,CompAsia,iPhone,iPhone 12 mini,128GB,375,iPhone 12 mini,2020,iPhone,iPhone 12 mini,,,,,,,128.0,,
Trade-in Platform,CompAsia,iPhone,iPhone 12 mini,256GB,400,iPhone 12 mini,2020,iPhone,iPhone 12 mini,,,,,,,256.0,,
Trade-in Platform,CompAsia,iPhone,iPhone 12 mini,64GB,300,iPhone 12 mini,2020,iPhone,iPhone 12 mini,,,,,,,64.0,,
Trade-in Platform,CompAsia,iPhone,iPhone 12 Pro,128GB,625,iPhone 12 Pro,2020,iPhone,iPhone 12 Pro,,,,,,,128.0,,
Trade-in Platform,CompAsia,iPhone,iPhone 12 Pro,256GB,700,iPhone 12 Pro,2020,iPhone,iPhone 12 Pro,,,,,,,256.0,,
Trade-in Platform,CompAsia,iPhone,iPhone 12 Pro,512GB,750,iPhone 12 Pro,2020,iPhone,iPhone 12 Pro,,,,,,,512.0,,
Trade-in Platform,CompAsia,iPhone,iPhone 12 Pro Max,128GB,800,iPhone 12 Pro Max,2020,iPhone,iPhone 12 Pro Max,,,,,,,128.0,,
Trade-in Platform,CompAsia,iPhone,iPhone 12 Pro Max,256GB,900,iPhone 12 Pro Max,2020,iPhone,iPhone 12 Pro Max,,,,,,,256.0,,
Trade-in Platform,CompAsia,iPhone,iPhone 12 Pro Max,512GB,975,iPhone 12 Pro Max,2020,iPhone,iPhone 12 Pro Max,,,,,,,512.0,,
Trade-in Platform,CompAsia,iPhone,iPhone 13,128GB,740,iPhone 13,2021,iPhone,iPhone 13,,,,,,,128.0,,
Trade-in Platform,CompAsia,iPhone,iPhone 13,256GB,840,iPhone 13,2021,iPhone,iPhone 13,,,,,,,256.0,,
Trade-in Platform,CompAsia,iPhone,iPhone 13,512GB,900,iPhone 13,2021,iPhone,iPhone 13,,,,,,,512.0,,
Trade-in Platform,CompAsia,iPhone,iPhone 13 mini,128GB,550,iPhone 13 mini,2021,iPhone,iPhone 13 mini,,,,,,,128.0,,
Trade-in Platform,CompAsia,iPhone,iPhone 13 mini,256GB,600,iPhone 13 mini,2021,iPhone,iPhone 13 mini,,,,,,,256.0,,
Trade-in Platform,CompAsia,iPhone,iPhone 13 mini,512GB,675,iPhone 13 mini,2021,iPhone,iPhone 13 mini,,,,,,,512.0,,
Trade-in Platform,CompAsia,iPhone,iPhone 13 Pro,128GB,975,iPhone 13 Pro,2021,iPhone,iPhone 13 Pro,,,,,,,128.0,,
Trade-in Platform,CompAsia,iPhone,iPhone 13 Pro,1TB,1250,iPhone 13 Pro,2021,iPhone,iPhone 13 Pro,,,,,,,1024.0,,
Trade-in Platform,CompAsia,iPhone,iPhone 13 Pro,256GB,1050,iPhone 13 Pro,2021,iPhone,iPhone 13 Pro,,,,,,,256.0,,
Trade-in Platform,CompAsia,iPhone,iPhone 13 Pro,512GB,1140,iPhone 13 Pro,2021,iPhone,iPhone 13 Pro,,,,,,,512.0,,
Trade-in Platform,CompAsia,iPhone,iPhone 13 Pro Max,128GB,1100,iPhone 13 Pro Max,2021,iPhone,iPhone 13 Pro Max,,,,,,,128.0,,
Trade-in Platform,CompAsia,iPhone,iPhone 13 Pro Max,1TB,1450,iPhone 13 Pro Max,2021,iPhone,iPhone 13 Pro Max,,,,,,,1024.0,,
Trade-in Platform,CompAsia,iPhone,iPhone 13 Pro Max,256GB,1275,iPhone 13 Pro Max,2021,iPhone,iPhone 13 Pro Max,,,,,,,256.0,,
Trade-in Platform,CompAsia,iPhone,iPhone 13 Pro Max,512GB,1325,iPhone 13 Pro Max,2021,iPhone,iPhone 13 Pro Max,,,,,,,512.0,,
Trade-in Platform,CompAsia,iPhone,iPhone 14,128GB,925,iPhone 14,2022,iPhone,iPhone 14,,,,,,,128.0,,
Trade-in Platform,CompAsia,iPhone,iPhone 14,256GB,1000,iPhone 14,2022,iPhone,iPhone 14,,,,,,,256.0,,
Trade-in Platform,CompAsia,iPhone,iPhone 14,512GB,1100,iPhone 14,2022,iPhone,iPhone 14,,,,,,,512.0,,
Trade-in Platform,CompAsia,iPhone,iPhone 14 (eSIM),128GB,850,iPhone 14,2022,iPhone,iPhone 14,,,,,,,128.0,,
Trade-in Platform,CompAsia,iPhone,iPhone 14 (eSIM),256GB,935,iPhone 14,2022,iPhone,iPhone 14,,,,,,,256.0,,
Trade-in Platform,CompAsia,iPhone,iPhone 14 (eSIM),512GB,1020,iPhone 14,2022,iPhone,iPhone 14,,,,,,,512.0,,
Trade-in Platform,CompAsia,iPhone,iPhone 14 Plus,128GB,1000,iPhone 14 Plus,2022,iPhone,iPhone 14 Plus,,,,,,,128.0,,
Trade-in Platform,CompAsia,iPhone,iPhone 14 Plus,256GB,1100,iPhone 14 Plus,2022,iPhone,iPhone 14 Plus,,,,,,,256.0,,
Trade-in Platform,CompAsia,iPhone,iPhone 14 Plus,512GB,1225,iPhone 14 Plus,2022,iPhone,iPhone 14 Plus,,,,,,,512.0,,
Trade-in Platform,CompAsia,iPhone,iPhone 14 Plus (eSIM),128GB,895,iPhone 14 Plus,2022,iPhone,iPhone 14 Plus,,,,,,,128.0,,
Trade-in Platform,CompAsia,iPhone,iPhone 14 Plus (eSIM),256GB,985,iPhone 14 Plus,2022,iPhone,iPhone 14 Plus,,,,,,,256.0,,
Trade-in Platform,CompAsia,iPhone,iPhone 14 Plus (eSIM),512GB,1080,iPhone 14 Plus,2022,iPhone,iPhone 14 Plus,,,,,,,512.0,,
Trade-in Platform,CompAsia,iPhone,iPhone 14 Pro,128GB,1325,iPhone 14 Pro,2022,iPhone,iPhone 14 Pro,,,,,,,128.0,,
Trade-in Platform,CompAsia,iPhone,iPhone 14 Pro,1TB,1675,iPhone 14 Pro,2022,iPhone,iPhone 14 Pro,,,,,,,1024.0,,
Trade-in Platform,CompAsia,iPhone,iPhone 14 Pro,512GB,1600,iPhone 14 Pro,2022,iPhone,iPhone 14 Pro,,,,,,,512.0,,
Trade-in Platform,CompAsia,iPhone,iPhone 14 Pro (eSIM),128GB,1140,iPhone 14 Pro,2022,iPhone,iPhone 14 Pro,,,,,,,128.0,,
Trade-in Platform,CompAsia,iPhone,iPhone 14 Pro (eSIM),1TB,1465,iPhone 14 Pro,2022,iPhone,iPhone 14 Pro,,,,,,,1024.0,,
Trade-in Platform,CompAsia,iPhone,iPhone 14 Pro (eSIM),256GB,1310,iPhone 14 Pro,2022,iPhone,iPhone 14 Pro,,,,,,,256.0,,
Trade-in Platform,CompAsia,iPhone,iPhone 14 Pro (eSIM),512GB,1375,iPhone 14 Pro,2022,iPhone,iPhone 14 Pro,,,,,,,512.0,,
Trade-in Platform,CompAsia,iPhone,iPhone 14 Pro Max,128GB,1575,iPhone 14 Pro Max,2022,iPhone,iPhone 14 Pro Max,,,,,,,128.0,,
Trade-in Platform,CompAsia,iPhone,iPhone 14 Pro Max,1TB,1975,iPhone 14 Pro Max,2022,iPhone,iPhone 14 Pro Max,,,,,,,1024.0,,
Trade-in Platform,CompAsia,iPhone,iPhone 14 Pro Max,256GB,1700,iPhone 14 Pro Max,2022,iPhone,iPhone 14 Pro Max,,,,,,,256.0,,
Trade-in Platform,CompAsia,iPhone,iPhone 14 Pro Max,512GB,1835,iPhone 14 Pro Max,2022,iPhone,iPhone 14 Pro Max,,,,,,,512.0,,
Trade-in Platform,CompAsia,iPhone,iPhone 14 Pro Max (eSIM),128GB,1350,iPhone 14 Pro Max,2022,iPhone,iPhone 14 Pro Max,,,,,,,128.0,,
Trade-in Platform,CompAsia,iPhone,iPhone 14 Pro Max (eSIM),1TB,1700,iPhone 14 Pro Max,2022,iPhone,iPhone 14 Pro Max,,,,,,,1024.0,,
Trade-in Platform,CompAsia,iPhone,iPhone 14 Pro Max (eSIM),256GB,1445,iPhone 14 Pro Max,2022,iPhone,iPhone 14 Pro Max,,,,,,,256.0,,
Trade-in Platform,CompAsia,iPhone,iPhone 14 Pro Max (eSIM),512GB,1560,iPhone 14 Pro Max,2022,iPhone,iPhone 14 Pro Max,,,,,,,512.0,,
Trade-in Platform,CompAsia,iPhone,iPhone 15,128GB,1460,iPhone 15,2023,iPhone,iPhone 15,,,,,,,128.0,,
Trade-in Platform,CompAsia,iPhone,iPhone 15,256GB,1625,iPhone 15,2023,iPhone,iPhone 15,,,,,,,256.0,,
Trade-in Platform,CompAsia,iPhone,iPhone 15,512GB,1775,iPhone 15,2023,iPhone,iPhone 15,,,,,,,512.0,,
Trade-in Platform,CompAsia,iPhone,iPhone 15 (eSIM),128GB,1210,iPhone 15,2023,iPhone,iPhone 15,,,,,,,128.0,,
Trade-in Platform,CompAsia,iPhone,iPhone 15 (eSIM),256GB,1320,iPhone 15,2023,iPhone,iPhone 15,,,,,,,256.0,,
Trade-in Platform,CompAsia,iPhone,iPhone 15 (eSIM),512GB,1445,iPhone 15,2023,iPhone,iPhone 15,,,,,,,512.0,,
Trade-in Platform,CompAsia,iPhone,iPhone 15 Plus,128GB,1550,iPhone 15 Plus,2023,iPhone,iPhone 15 Plus,,,,,,,128.0,,
Trade-in Platform,CompAsia,iPhone,iPhone 15 Plus,256GB,1775,iPhone 15 Plus,2023,iPhone,iPhone 15 Plus,,,,,,,256.0,,
Trade-in Platform,CompAsia,iPhone,iPhone 15 Plus (eSIM),128GB,1295,iPhone 15 Plus,2023,iPhone,iPhone 15 Plus,,,,,,,128.0,,
Trade-in Platform,CompAsia,iPhone,iPhone 15 Plus (eSIM),256GB,1440,iPhone 15 Plus,2023,iPhone,iPhone 15 Plus,,,,,,,256.0,,
Trade-in Platform,CompAsia,iPhone,iPhone 15 Plus (eSIM),512GB,1640,iPhone 15 Plus,2023,iPhone,iPhone 15 Plus,,,,,,,512.0,,
Trade-in Platform,CompAsia,iPhone,iPhone 15 Pro,128GB,1725,iPhone 15 Pro,2023,iPhone,iPhone 15 Pro,,,,,,,128.0,,
Trade-in Platform,CompAsia,iPhone,iPhone 15 Pro,1TB,2350,iPhone 15 Pro,2023,iPhone,iPhone 15 Pro,,,,,,,1024.0,,
Trade-in Platform,CompAsia,iPhone,iPhone 15 Pro,256GB,2000,iPhone 15 Pro,2023,iPhone,iPhone 15 Pro,,,,,,,256.0,,
Trade-in Platform,CompAsia,iPhone,iPhone 15 Pro,512GB,2125,iPhone 15 Pro,2023,iPhone,iPhone 15 Pro,,,,,,,512.0,,
Trade-in Platform,CompAsia,iPhone,iPhone 15 Pro (eSIM),128GB,1535,iPhone 15 Pro,2023,iPhone,iPhone 15 Pro,,,,,,,128.0,,
Trade-in Platform,CompAsia,iPhone,iPhone 15 Pro (eSIM),1TB,2050,iPhone 15 Pro,2023,iPhone,iPhone 15 Pro,,,,,,,1024.0,,
Trade-in Platform,CompAsia,iPhone,iPhone 15 Pro (eSIM),256GB,1665,iPhone 15 Pro,2023,iPhone,iPhone 15 Pro,,,,,,,256.0,,
Trade-in Platform,CompAsia,iPhone,iPhone 15 Pro (eSIM),512GB,1830,iPhone 15 Pro,2023,iPhone,iPhone 15 Pro,,,,,,,512.0,,
Trade-in Platform,CompAsia,iPhone,iPhone 15 Pro Max,1TB,2650,iPhone 15 Pro Max,2023,iPhone,iPhone 15 Pro Max,,,,,,,1024.0,,
Trade-in Platform,CompAsia,iPhone,iPhone 15 Pro Max,256GB,2200,iPhone 15 Pro Max,2023,iPhone,iPhone 15 Pro Max,,,,,,,256.0,,
Trade-in Platform,CompAsia,iPhone,iPhone 15 Pro Max,512GB,2425,iPhone 15 Pro Max,2023,iPhone,iPhone 15 Pro Max,,,,,,,512.0,,
Trade-in Platform,CompAsia,iPhone,iPhone 15 Pro Max (eSIM),1TB,2340,iPhone 15 Pro Max,2023,iPhone,iPhone 15 Pro Max,,,,,,,1024.0,,
Trade-in Platform,CompAsia,iPhone,iPhone 15 Pro Max (eSIM),256GB,1830,iPhone 15 Pro Max,2023,iPhone,iPhone 15 Pro Max,,,,,,,256.0,,
Trade-in Platform,CompAsia,iPhone,iPhone 15 Pro Max (eSIM),512GB,2090,iPhone 15 Pro Max,2023,iPhone,iPhone 15 Pro Max,,,,,,,512.0,,
Trade-in Platform,CompAsia,iPhone,iPhone 16,128GB,1800,iPhone 16,2024,iPhone,iPhone 16,,,,,,,128.0,,
Trade-in Platform,CompAsia,iPhone,iPhone 16,256GB,2075,iPhone 16,2024,iPhone,iPhone 16,,,,,,,256.0,,
Trade-in Platform,CompAsia,iPhone,iPhone 16,512GB,2430,iPhone 16,2024,iPhone,iPhone 16,,,,,,,512.0,,
Trade-in Platform,CompAsia,iPhone,iPhone 16e,128GB,1125,iPhone 16e,2025,iPhone,iPhone 16e,,,,,,,128.0,,
Trade-in Platform,CompAsia,iPhone,iPhone 16e,256GB,1275,iPhone 16e,2025,iPhone,iPhone 16e,,,,,,,256.0,,
Trade-in Platform,CompAsia,iPhone,iPhone 16e,512GB,1675,iPhone 16e,2025,iPhone,iPhone 16e,,,,,,,512.0,,
Trade-in Platform,CompAsia,iPhone,iPhone 16e (eSIM),128GB,1065,iPhone 16e,2025,iPhone,iPhone 16e,,,,,,,128.0,,
Trade-in Platform,CompAsia,iPhone,iPhone 16e (eSIM),256GB,1225,iPhone 16e,2025,iPhone,iPhone 16e,,,,,,,256.0,,
Trade-in Platform,CompAsia,iPhone,iPhone 16e (eSIM),512GB,1590,iPhone 16e,2025,iPhone,iPhone 16e,,,,,,,512.0,,
Trade-in Platform,CompAsia,iPhone,iPhone 16 (eSIM),128GB,1570,iPhone 16,2024,iPhone,iPhone 16,,,,,,,128.0,,
Trade-in Platform,CompAsia,iPhone,iPhone 16 (eSIM),256GB,1785,iPhone 16,2024,iPhone,iPhone 16,,,,,,,256.0,,
Trade-in Platform,CompAsia,iPhone,iPhone 16 (eSIM),512GB,2065,iPhone 16,2024,iPhone,iPhone 16,,,,,,,512.0,,
Trade-in Platform,CompAsia,iPhone,iPhone 16 Plus,128GB,2120,iPhone 16 Plus,2024,iPhone,iPhone 16 Plus,,,,,,,128.0,,
Trade-in Platform,CompAsia,iPhone,iPhone 16 Plus,256GB,2335,iPhone 16 Plus,2024,iPhone,iPhone 16 Plus,,,,,,,256.0,,
Trade-in Platform,CompAsia,iPhone,iPhone 16 Plus,512GB,2690,iPhone 16 Plus,2024,iPhone,iPhone 16 Plus,,,,,,,512.0,,
Trade-in Platform,CompAsia,iPhone,iPhone 16 Plus (eSIM),128GB,1800,iPhone 16 Plus,2024,iPhone,iPhone 16 Plus,,,,,,,128.0,,
Trade-in Platform,CompAsia,iPhone,iPhone 16 Plus (eSIM),256GB,1985,iPhone 16 Plus,2024,iPhone,iPhone 16 Plus,,,,,,,256.0,,
Trade-in Platform,CompAsia,iPhone,iPhone 16 Plus (eSIM),512GB,2285,iPhone 16 Plus,2024,iPhone,iPhone 16 Plus,,,,,,,512.0,,
Trade-in Platform,CompAsia,iPhone,iPhone 16 Pro,128GB,2300,iPhone 16 Pro,2024,iPhone,iPhone 16 Pro,,,,,,,128.0,,
Trade-in Platform,CompAsia,iPhone,iPhone 16 Pro,1TB,3400,iPhone 16 Pro,2024,iPhone,iPhone 16 Pro,,,,,,,1024.0,,
Trade-in Platform,CompAsia,iPhone,iPhone 16 Pro,256GB,2525,iPhone 16 Pro,2024,iPhone,iPhone 16 Pro,,,,,,,256.0,,
Trade-in Platform,CompAsia,iPhone,iPhone 16 Pro,512GB,2925,iPhone 16 Pro,2024,iPhone,iPhone 16 Pro,,,,,,,512.0,,
Trade-in Platform,CompAsia,iPhone,iPhone 16 Pro (eSIM),128GB,2110,iPhone 16 Pro,2024,iPhone,iPhone 16 Pro,,,,,,,128.0,,
Trade-in Platform,CompAsia,iPhone,iPhone 16 Pro (eSIM),1TB,2945,iPhone 16 Pro,2024,iPhone,iPhone 16 Pro,,,,,,,1024.0,,
Trade-in Platform,CompAsia,iPhone,iPhone 16 Pro (eSIM),256GB,2295,iPhone 16 Pro,2024,iPhone,iPhone 16 Pro,,,,,,,256.0,,
Trade-in Platform,CompAsia,iPhone,iPhone 16 Pro (eSIM),512GB,2600,iPhone 16 Pro,2024,iPhone,iPhone 16 Pro,,,,,,,512.0,,
Trade-in Platform,CompAsia,iPhone,iPhone 16 Pro Max,1TB,3675,iPhone 16 Pro Max,2024,iPhone,iPhone 16 Pro Max,,,,,,,1024.0,,
Trade-in Platform,CompAsia,iPhone,iPhone 16 Pro Max,256GB,3075,iPhone 16 Pro Max,2024,iPhone,iPhone 16 Pro Max,,,,,,,256.0,,
Trade-in Platform,CompAsia,iPhone,iPhone 16 Pro Max,512GB,3300,iPhone 16 Pro Max,2024,iPhone,iPhone 16 Pro Max,,,,,,,512.0,,
Trade-in Platform,CompAsia,iPhone,iPhone 16 Pro Max (eSIM),1TB,3245,iPhone 16 Pro Max,2024,iPhone,iPhone 16 Pro Max,,,,,,,1024.0,,
Trade-in Platform,CompAsia,iPhone,iPhone 16 Pro Max (eSIM),256GB,2665,iPhone 16 Pro Max,2024,iPhone,iPhone 16 Pro Max,,,,,,,256.0,,
Trade-in Platform,CompAsia,iPhone,iPhone 16 Pro Max (eSIM),512GB,2940,iPhone 16 Pro Max,2024,iPhone,iPhone 16 Pro Max,,,,,,,512.0,,
Trade-in Platform,CompAsia,iPhone,iPhone 17,256GB,2135,iPhone 17,2025,iPhone,iPhone 17,,,,,,,256.0,,
Trade-in Platform,CompAsia,iPhone,iPhone 17,512GB,2670,iPhone 17,2025,iPhone,iPhone 17,,,,,,,512.0,,
Trade-in Platform,CompAsia,iPhone,iPhone 17 Pro,1TB,4100,iPhone 17 Pro,2025,iPhone,iPhone 17 Pro,,,,,,,1024.0,,
Trade-in Platform,CompAsia,iPhone,iPhone 17 Pro,256GB,3035,iPhone 17 Pro,2025,iPhone,iPhone 17 Pro,,,,,,,256.0,,
Trade-in Platform,CompAsia,iPhone,iPhone 17 Pro,512GB,3570,iPhone 17 Pro,2025,iPhone,iPhone 17 Pro,,,,,,,512.0,,
Trade-in Platform,CompAsia,iPhone,iPhone 17 Pro Max,1TB,4370,iPhone 17 Pro Max,2025,iPhone,iPhone 17 Pro Max,,,,,,,1024.0,,
Trade-in Platform,CompAsia,iPhone,iPhone 17 Pro Max,256GB,3300,iPhone 17 Pro Max,2025,iPhone,iPhone 17 Pro Max,,,,,,,256.0,,
Trade-in Platform,CompAsia,iPhone,iPhone 17 Pro Max,2TB,5435,iPhone 17 Pro Max,2025,iPhone,iPhone 17 Pro Max,,,,,,,2048.0,,
Trade-in Platform,CompAsia,iPhone,iPhone 17 Pro Max,512GB,3835,iPhone 17 Pro Max,2025,iPhone,iPhone 17 Pro Max,,,,,,,512.0,,
Trade-in Platform,CompAsia,iPhone,iPhone 8 Plus,128GB,150,iPhone 8 Plus,2017,iPhone,iPhone 8 Plus,,,,,,,128.0,,
Trade-in Platform,CompAsia,iPhone,iPhone 8 Plus,256GB,180,iPhone 8 Plus,2017,iPhone,iPhone 8 Plus,,,,,,,256.0,,
Trade-in Platform,CompAsia,iPhone,iPhone 8 Plus,64GB,120,iPhone 8 Plus,2017,iPhone,iPhone 8 Plus,,,,,,,64.0,,
Trade-in Platform,CompAsia,iPhone,iPhone Air,1TB,3445,iPhone Air,2025,iPhone,iPhone Air,,,,,,,1024.0,,
Trade-in Platform,CompAsia,iPhone,iPhone Air,256GB,2490,iPhone Air,2025,iPhone,iPhone Air,,,,,,,256.0,,
Trade-in Platform,CompAsia,iPhone,iPhone Air,512GB,2965,iPhone Air,2025,iPhone,iPhone Air,,,,,,,512.0,,
Trade-in Platform,CompAsia,iPhone,iPhone SE (2020),128GB,175,iPhone SE (2020),2020,iPhone,iPhone SE,,2020,,,,,128.0,,
Trade-in Platform,CompAsia,iPhone,iPhone SE (2020),256GB,200,iPhone SE (2020),2020,iPhone,iPhone SE,,2020,,,,,256.0,,
Trade-in Platform,CompAsia,iPhone,iPhone SE (2020),64GB,125,iPhone SE (2020),2020,iPhone,iPhone SE,,2020,,,,,64.0,,
Trade-in Platform,CompAsia,iPhone,iPhone SE,"5G, 128GB",325,iPhone SE,2016,iPhone,iPhone SE,,,,,,,128.0,,
Trade-in Platform,CompAsia,iPhone,iPhone SE,"5G, 256GB",350,iPhone SE,2016,iPhone,iPhone SE,,,,,,,256.0,,
Trade-in Platform,CompAsia,iPhone,iPhone SE,"5G, 64GB",275,iPhone SE,2016,iPhone,iPhone SE,,,,,,,64.0,,
Trade-in Platform,CompAsia,iPhone,iPhone X/10,256GB,185,iPhone X,2017,iPhone,iPhone,,,,,,,256.0,,
Trade-in Platform,CompAsia,iPhone,iPhone X/10,64GB,130,iPhone X,2017,iPhone,iPhone,,,,,,,64.0,,
Trade-in Platform,CompAsia,iPhone,iPhone Xr,128GB,220,iPhone XR,2018,iPhone,iPhone Xr,,,,,,,128.0,,
Trade-in Platform,CompAsia,iPhone,iPhone Xr,256GB,270,iPhone XR,2018,iPhone,iPhone Xr,,,,,,,256.0,,
Trade-in Platform,CompAsia,iPhone,iPhone Xr,64GB,155,iPhone XR,2018,iPhone,iPhone Xr,,,,,,,64.0,,
Trade-in Platform,CompAsia,iPhone,iPhone Xs,256GB,255,iPhone XS,2018,iPhone,iPhone Xs,,,,,,,256.0,,
Trade-in Platform,CompAsia,iPhone,iPhone Xs,512GB,305,iPhone XS,2018,iPhone,iPhone Xs,,,,,,,512.0,,
Trade-in Platform,CompAsia,iPhone,iPhone Xs,64GB,205,iPhone XS,2018,iPhone,iPhone Xs,,,,,,,64.0,,
Trade-in Platform,CompAsia,iPhone,iPhone Xs Max,256GB,365,iPhone XS Max,2018,iPhone,iPhone Xs Max,,,,,,,256.0,,
Trade-in Platform,CompAsia,iPhone,iPhone Xs Max,512GB,390,iPhone XS Max,2018,iPhone,iPhone Xs Max,,,,,,,512.0,,
Trade-in Platform,CompAsia,iPhone,iPhone Xs Max,64GB,285,iPhone XS Max,2018,iPhone,iPhone Xs Max,,,,,,,64.0,,
Trade-in Platform,CompAsia,Mac,MacBook Air i3 1.1GHz 13 inch (Early 2020),1TB SSD,350,MacBook Air i3 1.1GHz 13 inch (Early 2020),2020,Mac,MacBook Air,,Early 2020,13.0,1.1GHz,i3,,1024.0,SSD,
Trade-in Platform,CompAsia,Mac,MacBook Air i3 1.1GHz 13 inch (Early 2020),256GB SSD,345,MacBook Air i3 1.1GHz 13 inch (Early 2020),2020,Mac,MacBook Air,,Early 2020,13.0,1.1GHz,i3,,256.0,SSD,
Trade-in Platform,CompAsia,Mac,MacBook Air i3 1.1GHz 13 inch (Early 2020),2TB SSD,420,MacBook Air i3 1.1GHz 13 inch (Early 2020),2020,Mac,MacBook Air,,Early 2020,13.0,1.1GHz,i3,,2048.0,SSD,
Trade-in Platform,CompAsia,Mac,MacBook Air i3 1.1GHz 13 inch (Early 2020),512GB SSD,350,MacBook Air i3 1.1GHz 13 inch (Early 2020),2020,Mac,MacBook Air,,Early 2020,13.0,1.1GHz,i3,,512.0,SSD,
Trade-in Platform,CompAsia,Mac,MacBook Air i5 1.1GHz 13 inch (Early 2020),1TB SSD,475,MacBook Air i5 1.1GHz 13 inch (Early 2020),2020,Mac,MacBook Air,,Early 2020,13.0,1.1GHz,i5,,1024.0,SSD,
Trade-in Platform,CompAsia,Mac,MacBook Air i5 1.1GHz 13 inch (Early 2020),256GB SSD,450,MacBook Air i5 1.1GHz 13 inch (Early 2020),2020,Mac,MacBook Air,,Early 2020,13.0,1.1GHz,i5,,256.0,SSD,
Trade-in Platform,CompAsia,Mac,MacBook Air i5 1.1GHz 13 inch (Early 2020),2TB SSD,550,MacBook Air i5 1.1GHz 13 inch (Early 2020),2020,Mac,MacBook Air,,Early 2020,13.0,1.1GHz,i5,,2048.0,SSD,
Trade-in Platform,CompAsia,Mac,MacBook Air i5 1.1GHz 13 inch (Early 2020),512GB SSD,475,MacBook Air i5 1.1GHz 13 inch (Early 2020),2020,Mac,MacBook Air,,Early 2020,13.0,1.1GHz,i5,,512.0,SSD,
Trade-in Platform,CompAsia,Mac,MacBook Air i5 1.6GHz 13 inch (Late 2018),128GB SSD,400,MacBook Air i5 1.6GHz 13 inch (Late 2018),2018,Mac,MacBook Air,,Late 2018,13.0,1.6GHz,i5,,128.0,SSD,
Trade-in Platform,CompAsia,Mac,MacBook Air i5 1.6GHz 13 inch (Late 2018),1.5TB SSD,500,MacBook Air i5 1.6GHz 13 inch (Late 2018),2018,Mac,MacBook Air,,Late 2018,13.0,1.6GHz,i5,,1536.0,SSD,
Trade-in Platform,CompAsia,Mac,MacBook Air i5 1.6GHz 13 inch (Late 2018),256GB SSD,400,MacBook Air i5 1.6GHz 13 inch (Late 2018),2018,Mac,MacBook Air,,Late 2018,13.0,1.6GHz,i5,,256.0,SSD,
Trade-in Platform,CompAsia,Mac,MacBook Air i5 1.6GHz 13 inch (Late 2018),512GB SSD,475,MacBook Air i5 1.6GHz 13 inch (Late 2018),2018,Mac,MacBook Air,,Late 2018,13.0,1.6GHz,i5,,512.0,SSD,
Trade-in Platform,CompAsia,Mac,MacBook Air i5 1.6GHz 13 inch (Mid 2019),128GB SSD,400,MacBook Air i5 1.6GHz 13 inch (Mid 2019),2019,Mac,MacBook Air,,Mid 2019,13.0,1.6GHz,i5,,128.0,SSD,
Trade-in Platform,CompAsia,Mac,MacBook Air i5 1.6GHz 13 inch (Mid 2019),1TB SSD,475,MacBook Air i5 1.6GHz 13 inch (Mid 2019),2019,Mac,MacBook Air,,Mid 2019,13.0,1.6GHz,i5,,1024.0,SSD,
Trade-in Platform,CompAsia,Mac,MacBook Air i5 1.6GHz 13 inch (Mid 2019),256GB SSD,400,MacBook Air i5 1.6GHz 13 inch (Mid 2019),2019,Mac,MacBook Air,,Mid 2019,13.0,1.6GHz,i5,,256.0,SSD,
Trade-in Platform,CompAsia,Mac,MacBook Air i5 1.6GHz 13 inch (Mid 2019),512GB SSD,475,MacBook Air i5 1.6GHz 13 inch (Mid 2019),2019,Mac,MacBook Air,,Mid 2019,13.0,1.6GHz,i5,,512.0,SSD,
Trade-in Platform,CompAsia,Mac,MacBook Air i5 1.8GHz 13 inch (Mid 2017),128GB SSD,175,MacBook Air i5 1.8GHz 13 inch (Mid 2017),2017,Mac,MacBook Air,,Mid 2017,13.0,1.8GHz,i5,,128.0,SSD,
Trade-in Platform,CompAsia,Mac,MacBook Air i5 1.8GHz 13 inch (Mid 2017),256GB SSD,225,MacBook Air i5 1.8GHz 13 inch (Mid 2017),2017,Mac,MacBook Air,,Mid 2017,13.0,1.8GHz,i5,,256.0,SSD,
Trade-in Platform,CompAsia,Mac,MacBook Air i5 1.8GHz 13 inch (Mid 2017),512GB SSD,250,MacBook Air i5 1.8GHz 13 inch (Mid 2017),2017,Mac,MacBook Air,,Mid 2017,13.0,1.8GHz,i5,,512.0,SSD,
Trade-in Platform,CompAsia,Mac,MacBook Air i7 1.2GHz 13 inch (Early 2020),1TB SSD,500,MacBook Air i7 1.2GHz 13 inch (Early 2020),2020,Mac,MacBook Air,,Early 2020,13.0,1.2GHz,i7,,1024.0,SSD,
Trade-in Platform,CompAsia,Mac,MacBook Air i7 1.2GHz 13 inch (Early 2020),256GB SSD,475,MacBook Air i7 1.2GHz 13 inch (Early 2020),2020,Mac,MacBook Air,,Early 2020,13.0,1.2GHz,i7,,256.0,SSD,
Trade-in Platform,CompAsia,Mac,MacBook Air i7 1.2GHz 13 inch (Early 2020),2TB SSD,575,MacBook Air i7 1.2GHz 13 inch (Early 2020),2020,Mac,MacBook Air,,Early 2020,13.0,1.2GHz,i7,,2048.0,SSD,
Trade-in Platform,CompAsia,Mac,MacBook Air i7 1.2GHz 13 inch (Early 2020),512GB SSD,475,MacBook Air i7 1.2GHz 13 inch (Early 2020),2020,Mac,MacBook Air,,Early 2020,13.0,1.2GHz,i7,,512.0,SSD,
Trade-in Platform,CompAsia,Mac,MacBook Air i7 2.2GHz 13 inch (Mid 2017),128GB SSD,250,MacBook Air i7 2.2GHz 13 inch (Mid 2017),2017,Mac,MacBook Air,,Mid 2017,13.0,2.2GHz,i7,,128.0,SSD,
Trade-in Platform,CompAsia,Mac,MacBook Air i7 2.2GHz 13 inch (Mid 2017),256GB SSD,300,MacBook Air i7 2.2GHz 13 inch (Mid 2017),2017,Mac,MacBook Air,,Mid 2017,13.0,2.2GHz,i7,,256.0,SSD,
Trade-in Platform,CompAsia,Mac,MacBook Air i7 2.2GHz 13 inch (Mid 2017),512GB SSD,425,MacBook Air i7 2.2GHz 13 inch (Mid 2017),2017,Mac,MacBook Air,,Mid 2017,13.0,2.2GHz,i7,,512.0,SSD,
Trade-in Platform,CompAsia,Mac,MacBook Air M1 8-Core CPU and 7-Core GPU 13 inch (Late 2020),128GB SSD,505,MacBook Air,2020,Mac,MacBook Air,,Late 2020,13.0,,M1,,128.0,SSD,
Trade-in Platform,CompAsia,Mac,MacBook Air M1 8-Core CPU and 7-Core GPU 13 inch (Late 2020),1TB SSD,605,MacBook Air,2020,Mac,MacBook Air,,Late 2020,13.0,,M1,,1024.0,SSD,
Trade-in Platform,CompAsia,Mac,MacBook Air M1 8-Core CPU and 7-Core GPU 13 inch (Late 2020),256GB SSD,605,MacBook Air,2020,Mac,MacBook Air,,Late 2020,13.0,,M1,,256.0,SSD,
Trade-in Platform,CompAsia,Mac,MacBook Air M1 8-Core CPU and 7-Core GPU 13 inch (Late 2020),2TB SSD,705,MacBook Air,2020,Mac,MacBook Air,,Late 2020,13.0,,M1,,2048.0,SSD,
Trade-in Platform,CompAsia,Mac,MacBook Air M1 8-Core CPU and 7-Core GPU 13 inch (Late 2020),512GB SSD,605,MacBook Air,2020,Mac,MacBook Air,,Late 2020,13.0,,M1,,512.0,SSD,
Trade-in Platform,CompAsia,Mac,MacBook Air M1 8-Core CPU and 8-Core GPU 13 inch (Late 2020),1TB SSD,705,MacBook Air,2020,Mac,MacBook Air,,Late 2020,13.0,,M1,,1024.0,SSD,
Trade-in Platform,CompAsia,Mac,MacBook Air M1 8-Core CPU and 8-Core GPU 13 inch (Late 2020),256GB SSD,570,MacBook Air,2020,Mac,MacBook Air,,Late 2020,13.0,,M1,,256.0,SSD,
Trade-in Platform,CompAsia,Mac,MacBook Air M1 8-Core CPU and 8-Core GPU 13 inch (Late 2020),2TB SSD,755,MacBook Air,2020,Mac,MacBook Air,,Late 2020,13.0,,M1,,2048.0,SSD,
Trade-in Platform,CompAsia,Mac,MacBook Air M1 8-Core CPU and 8-Core GPU 13 inch (Late 2020),512GB SSD,655,MacBook Air,2020,Mac,MacBook Air,,Late 2020,13.0,,M1,,512.0,SSD,
Trade-in Platform,CompAsia,Mac,MacBook Air M2 8-Core CPU and 10-Core GPU 13.6 inch (Mid 2022),1TB SSD,1550,MacBook Air,2022,Mac,MacBook Air,,Mid 2022,13.6,,M2,,1024.0,SSD,
Trade-in Platform,CompAsia,Mac,MacBook Air M2 8-Core CPU and 10-Core GPU 13.6 inch (Mid 2022),256GB SSD,1200,MacBook Air,2022,Mac,MacBook Air,,Mid 2022,13.6,,M2,,256.0,SSD,
Trade-in Platform,CompAsia,Mac,MacBook Air M2 8-Core CPU and 10-Core GPU 13.6 inch (Mid 2022),2TB SSD,2015,MacBook Air,2022,Mac,MacBook Air,,Mid 2022,13.6,,M2,,2048.0,SSD,
Trade-in Platform,CompAsia,Mac,MacBook Air M2 8-Core CPU and 10-Core GPU 13.6 inch (Mid 2022),512GB SSD,1395,MacBook Air,2022,Mac,MacBook Air,,Mid 2022,13.6,,M2,,512.0,SSD,
Trade-in Platform,CompAsia,Mac,MacBook Air M2 8-Core CPU and 10-Core GPU 15 inch (Mid 2023),1TB SSD,2245,MacBook Air,2023,Mac,MacBook Air,,Mid 2023,15.0,,M2,,1024.0,SSD,
Trade-in Platform,CompAsia,Mac,MacBook Air M2 8-Core CPU and 10-Core GPU 15 inch (Mid 2023),256GB SSD,1855,MacBook Air,2023,Mac,MacBook Air,,Mid 2023,15.0,,M2,,256.0,SSD,
Trade-in Platform,CompAsia,Mac,MacBook Air M2 8-Core CPU and 10-Core GPU 15 inch (Mid 2023),2TB SSD,2815,MacBook Air,2023,Mac,MacBook Air,,Mid 2023,15.0,,M2,,2048.0,SSD,
Trade-in Platform,CompAsia,Mac,MacBook Air M2 8-Core CPU and 10-Core GPU 15 inch (Mid 2023),512GB SSD,2015,MacBook Air,2023,Mac,MacBook Air,,Mid 2023,15.0,,M2,,512.0,SSD,
Trade-in Platform,CompAsia,Mac,MacBook Air M2 8-Core CPU and 8-Core GPU 13.6 inch (Mid 2022),1TB SSD,1550,MacBook Air,2022,Mac,MacBook Air,,Mid 2022,13.6,,M2,,1024.0,SSD,
Trade-in Platform,CompAsia,Mac,MacBook Air M2 8-Core CPU and 8-Core GPU 13.6 inch (Mid 2022),256GB SSD,1200,MacBook Air,2022,Mac,MacBook Air,,Mid 2022,13.6,,M2,,256.0,SSD,
Trade-in Platform,CompAsia,Mac,MacBook Air M2 8-Core CPU and 8-Core GPU 13.6 inch (Mid 2022),2TB SSD,1990,MacBook Air,2022,Mac,MacBook Air,,Mid 2022,13.6,,M2,,2048.0,SSD,
Trade-in Platform,CompAsia,Mac,MacBook Air M2 8-Core CPU and 8-Core GPU 13.6 inch (Mid 2022),512GB SSD,1395,MacBook Air,2022,Mac,MacBook Air,,Mid 2022,13.6,,M2,,512.0,SSD,
Trade-in Platform,CompAsia,Mac,MacBook Air M3 8-Core CPU and 10-Core GPU 13.6 inch (Early 2024),1TB SSD,2450,MacBook Air,2024,Mac,MacBook Air,,Early 2024,13.6,,M3,,1024.0,SSD,
Trade-in Platform,CompAsia,Mac,MacBook Air M3 8-Core CPU and 10-Core GPU 13.6 inch (Early 2024),256GB SSD,1950,MacBook Air,2024,Mac,MacBook Air,,Early 2024,13.6,,M3,,256.0,SSD,
Trade-in Platform,CompAsia,Mac,MacBook Air M3 8-Core CPU and 10-Core GPU 13.6 inch (Early 2024),2TB SSD,3125,MacBook Air,2024,Mac,MacBook Air,,Early 2024,13.6,,M3,,2048.0,SSD,
Trade-in Platform,CompAsia,Mac,MacBook Air M3 8-Core CPU and 10-Core GPU 13.6 inch (Early 2024),512GB SSD,2125,MacBook Air,2024,Mac,MacBook Air,,Early 2024,13.6,,M3,,512.0,SSD,
Trade-in Platform,CompAsia,Mac,MacBook Air M3 8-Core CPU and 10-Core GPU 15 inch (Early 2024),1TB SSD,3075,MacBook Air,2024,Mac,MacBook Air,,Early 2024,15.0,,M3,,1024.0,SSD,
Trade-in Platform,CompAsia,Mac,MacBook Air M3 8-Core CPU and 10-Core GPU 15 inch (Early 2024),256GB SSD,2275,MacBook Air,2024,Mac,MacBook Air,,Early 2024,15.0,,M3,,256.0,SSD,
Trade-in Platform,CompAsia,Mac,MacBook Air M3 8-Core CPU and 10-Core GPU 15 inch (Early 2024),2TB SSD,3475,MacBook Air,2024,Mac,MacBook Air,,Early 2024,15.0,,M3,,2048.0,SSD,
Trade-in Platform,CompAsia,Mac,MacBook Air M3 8-Core CPU and 10-Core GPU 15 inch (Early 2024),512GB SSD,2500,MacBook Air,2024,Mac,MacBook Air,,Early 2024,15.0,,M3,,512.0,SSD,
Trade-in Platform,CompAsia,Mac,MacBook Air M3 8-Core CPU and 8-Core GPU 13.6 inch (Early 2024),256GB SSD,1950,MacBook Air,2024,Mac,MacBook Air,,Early 2024,13.6,,M3,,256.0,SSD,
Trade-in Platform,CompAsia,Mac,MacBook Air M4 10-Core CPU and 10-Core GPU 13 inch (Early 2025),1TB SSD,3125,MacBook Air,2025,Mac,MacBook Air,,Early 2025,13.0,,M4,,1024.0,SSD,
Trade-in Platform,CompAsia,Mac,MacBook Air M4 10-Core CPU and 10-Core GPU 13 inch (Early 2025),256GB SSD,2450,MacBook Air,2025,Mac,MacBook Air,,Early 2025,13.0,,M4,,256.0,SSD,
Trade-in Platform,CompAsia,Mac,MacBook Air M4 10-Core CPU and 10-Core GPU 13 inch (Early 2025),2TB SSD,4000,MacBook Air,2025,Mac,MacBook Air,,Early 2025,13.0,,M4,,2048.0,SSD,
Trade-in Platform,CompAsia,Mac,MacBook Air M4 10-Core CPU and 10-Core GPU 13 inch (Early 2025),512GB SSD,2675,MacBook Air,2025,Mac,MacBook Air,,Early 2025,13.0,,M4,,512.0,SSD,
Trade-in Platform,CompAsia,Mac,MacBook Air M4 10-Core CPU and 10-Core GPU 15 inch (Early 2025),1TB SSD,3600,MacBook Air,2025,Mac,MacBook Air,,Early 2025,15.0,,M4,,1024.0,SSD,
Trade-in Platform,CompAsia,Mac,MacBook Air M4 10-Core CPU and 10-Core GPU 15 inch (Early 2025),256GB SSD,2750,MacBook Air,2025,Mac,MacBook Air,,Early 2025,15.0,,M4,,256.0,SSD,
Trade-in Platform,CompAsia,Mac,MacBook Air M4 10-Core CPU and 10-Core GPU 15 inch (Early 2025),2TB SSD,4400,MacBook Air,2025,Mac,MacBook Air,,Early 2025,15.0,,M4,,2048.0,SSD,
Trade-in Platform,CompAsia,Mac,MacBook Air M4 10-Core CPU and 10-Core GPU 15 inch (Early 2025),512GB SSD,2975,MacBook Air,2025,Mac,MacBook Air,,Early 2025,15.0,,M4,,512.0,SSD,
Trade-in Platform,CompAsia,Mac,MacBook Air M4 10-Core CPU and 8-Core GPU 13 inch (Early 2025),256GB SSD,2250,MacBook Air,2025,Mac,MacBook Air,,Early 2025,13.0,,M4,,256.0,SSD,
Trade-in Platform,CompAsia,Mac,MacBook i5 1.3GHz 12 inch (Mid 2017),256GB SSD,275,MacBook i5 1.3GHz 12 inch (Mid 2017),2017,Mac,MacBook,,Mid 2017,12.0,1.3GHz,i5,,256.0,SSD,
Trade-in Platform,CompAsia,Mac,MacBook i5 1.3GHz 12 inch (Mid 2017),512GB SSD,375,MacBook i5 1.3GHz 12 inch (Mid 2017),2017,Mac,MacBook,,Mid 2017,12.0,1.3GHz,i5,,512.0,SSD,
Trade-in Platform,CompAsia,Mac,MacBook i7 1.4GHz 12 inch (Mid 2017),256GB SSD,325,MacBook i7 1.4GHz 12 inch (Mid 2017),2017,Mac,MacBook,,Mid 2017,12.0,1.4GHz,i7,,256.0,SSD,
Trade-in Platform,CompAsia,Mac,MacBook i7 1.4GHz 12 inch (Mid 2017),512GB SSD,425,MacBook i7 1.4GHz 12 inch (Mid 2017),2017,Mac,MacBook,,Mid 2017,12.0,1.4GHz,i7,,512.0,SSD,
Trade-in Platform,CompAsia,Mac,MacBook m3 1.2GHz 12 inch (Mid 2017),256GB SSD,275,MacBook m3 1.2GHz 12 inch (Mid 2017),2017,Mac,MacBook,,Mid 2017,12.0,1.2GHz,M3,,256.0,SSD,
Trade-in Platform,CompAsia,Mac,MacBook Pro 14 inch M1 Max 10-Core CPU & 24-Core GPU (2021),1TB SSD,2725,MacBook Pro 14 inch,2021,Mac,MacBook Pro,,2021,14.0,,M1 Max,,1024.0,SSD,
Trade-in Platform,CompAsia,Mac,MacBook Pro 14 inch M1 Max 10-Core CPU & 24-Core GPU (2021),2TB SSD,2775,MacBook Pro 14 inch,2021,Mac,MacBook Pro,,2021,14.0,,M1 Max,,2048.0,SSD,
Trade-in Platform,CompAsia,Mac,MacBook Pro 14 inch M1 Max 10-Core CPU & 24-Core GPU (2021),4TB SSD,3550,MacBook Pro 14 inch,2021,Mac,MacBook Pro,,2021,14.0,,M1 Max,,4096.0,SSD,
Trade-in Platform,CompAsia,Mac,MacBook Pro 14 inch M1 Max 10-Core CPU & 24-Core GPU (2021),512GB SSD,2525,MacBook Pro 14 inch,2021,Mac,MacBook Pro,,2021,14.0,,M1 Max,,512.0,SSD,
Trade-in Platform,CompAsia,Mac,MacBook Pro 14 inch M1 Max 10-Core CPU & 24-Core GPU (2021),8TB SSD,4175,MacBook Pro 14 inch,2021,Mac,MacBook Pro,,2021,14.0,,M1 Max,,8192.0,SSD,
Trade-in Platform,CompAsia,Mac,MacBook Pro 14 inch M1 Max 10-Core CPU and 32-Core GPU (2021),1TB SSD,2875,MacBook Pro 14 inch,2021,Mac,MacBook Pro,,2021,14.0,,M1 Max,,1024.0,SSD,
Trade-in Platform,CompAsia,Mac,MacBook Pro 14 inch M1 Max 10-Core CPU and 32-Core GPU (2021),2TB SSD,3250,MacBook Pro 14 inch,2021,Mac,MacBook Pro,,2021,14.0,,M1 Max,,2048.0,SSD,
Trade-in Platform,CompAsia,Mac,MacBook Pro 14 inch M1 Max 10-Core CPU and 32-Core GPU (2021),4TB SSD,3725,MacBook Pro 14 inch,2021,Mac,MacBook Pro,,2021,14.0,,M1 Max,,4096.0,SSD,
Trade-in Platform,CompAsia,Mac,"MacBook Pro 14 inch M1 Max 10-Core CPU, 32-Core GPU (2021)",512GB SSD,2725,MacBook Pro 14 inch,2021,Mac,MacBook Pro,,2021,14.0,,M1 Max,,512.0,SSD,
Trade-in Platform,CompAsia,Mac,MacBook Pro 14 inch M1 Max 10-Core CPU and 32-Core GPU (2021),8TB SSD,4325,MacBook Pro 14 inch,2021,Mac,MacBook Pro,,2021,14.0,,M1 Max,,8192.0,SSD,
Trade-in Platform,CompAsia,Mac,MacBook Pro 14 inch M1 Pro 10-Core CPU & 14-Core GPU (2021),1TB SSD,2150,MacBook Pro 14 inch,2021,Mac,MacBook Pro,,2021,14.0,,M1 pro,,1024.0,SSD,
Trade-in Platform,CompAsia,Mac,MacBook Pro 14 inch M1 Pro 10-Core CPU & 14-Core GPU (2021),2TB SSD,2375,MacBook Pro 14 inch,2021,Mac,MacBook Pro,,2021,14.0,,M1 pro,,2048.0,SSD,
Trade-in Platform,CompAsia,Mac,MacBook Pro 14 inch M1 Pro 10-Core CPU & 14-Core GPU (2021),4TB SSD,2850,MacBook Pro 14 inch,2021,Mac,MacBook Pro,,2021,14.0,,M1 pro,,4096.0,SSD,
Trade-in Platform,CompAsia,Mac,MacBook Pro 14 inch M1 Pro 10-Core CPU & 14-Core GPU (2021),512GB SSD,1950,MacBook Pro 14 inch,2021,Mac,MacBook Pro,,2021,14.0,,M1 pro,,512.0,SSD,
Trade-in Platform,CompAsia,Mac,MacBook Pro 14 inch M1 Pro 10-Core CPU & 14-Core GPU (2021),8TB SSD,3600,MacBook Pro 14 inch,2021,Mac,MacBook Pro,,2021,14.0,,M1 pro,,8192.0,SSD,
Trade-in Platform,CompAsia,Mac,MacBook Pro 14 inch M1 Pro 10-Core CPU & 16-Core GPU (2021),1TB SSD,2275,MacBook Pro 14 inch,2021,Mac,MacBook Pro,,2021,14.0,,M1 pro,,1024.0,SSD,
Trade-in Platform,CompAsia,Mac,MacBook Pro 14 inch M1 Pro 10-Core CPU & 16-Core GPU (2021),2TB SSD,2525,MacBook Pro 14 inch,2021,Mac,MacBook Pro,,2021,14.0,,M1 pro,,2048.0,SSD,
Trade-in Platform,CompAsia,Mac,MacBook Pro 14 inch M1 Pro 10-Core CPU & 16-Core GPU (2021),4TB SSD,3050,MacBook Pro 14 inch,2021,Mac,MacBook Pro,,2021,14.0,,M1 pro,,4096.0,SSD,
Trade-in Platform,CompAsia,Mac,MacBook Pro 14 inch M1 Pro 10-Core CPU & 16-Core GPU (2021),512GB SSD,2100,MacBook Pro 14 inch,2021,Mac,MacBook Pro,,2021,14.0,,M1 pro,,512.0,SSD,
Trade-in Platform,CompAsia,Mac,MacBook Pro 14 inch M1 Pro 10-Core CPU & 16-Core GPU (2021),8TB SSD,3725,MacBook Pro 14 inch,2021,Mac,MacBook Pro,,2021,14.0,,M1 pro,,8192.0,SSD,
Trade-in Platform,CompAsia,Mac,MacBook Pro 14 inch M1 Pro 8-Core CPU & 14-Core GPU (2021),1TB SSD,2025,MacBook Pro 14 inch,2021,Mac,MacBook Pro,,2021,14.0,,M1 pro,,1024.0,SSD,
Trade-in Platform,CompAsia,Mac,MacBook Pro 14 inch M1 Pro 8-Core CPU & 14-Core GPU (2021),2TB SSD,2050,MacBook Pro 14 inch,2021,Mac,MacBook Pro,,2021,14.0,,M1 pro,,2048.0,SSD,
Trade-in Platform,CompAsia,Mac,MacBook Pro 14 inch M1 Pro 8-Core CPU & 14-Core GPU (2021),4TB SSD,2475,MacBook Pro 14 inch,2021,Mac,MacBook Pro,,2021,14.0,,M1 pro,,4096.0,SSD,
Trade-in Platform,CompAsia,Mac,MacBook Pro 14 inch M1 Pro 8-Core CPU & 14-Core GPU (2021),512GB SSD,1800,MacBook Pro 14 inch,2021,Mac,MacBook Pro,,2021,14.0,,M1 pro,,512.0,SSD,
Trade-in Platform,CompAsia,Mac,MacBook Pro 14 inch M1 Pro 8-Core CPU & 14-Core GPU (2021),8TB SSD,3325,MacBook Pro 14 inch,2021,Mac,MacBook Pro,,2021,14.0,,M1 pro,,8192.0,SSD,
Trade-in Platform,CompAsia,Mac,MacBook Pro 16 inch M1 Max 10-Core CPU & 24-Core GPU (2021),1TB SSD,2725,MacBook Pro 16 inch,2021,Mac,MacBook Pro,,2021,16.0,,M1 Max,,1024.0,SSD,
Trade-in Platform,CompAsia,Mac,MacBook Pro 16 inch M1 Max 10-Core CPU & 24-Core GPU (2021),2TB SSD,3050,MacBook Pro 16 inch,2021,Mac,MacBook Pro,,2021,16.0,,M1 Max,,2048.0,SSD,
Trade-in Platform,CompAsia,Mac,MacBook Pro 16 inch M1 Max 10-Core CPU & 24-Core GPU (2021),4TB SSD,3550,MacBook Pro 16 inch,2021,Mac,MacBook Pro,,2021,16.0,,M1 Max,,4096.0,SSD,
Trade-in Platform,CompAsia,Mac,MacBook Pro 16 inch M1 Max 10-Core CPU & 24-Core GPU (2021),512GB SSD,2675,MacBook Pro 16 inch,2021,Mac,MacBook Pro,,2021,16.0,,M1 Max,,512.0,SSD,
Trade-in Platform,CompAsia,Mac,MacBook Pro 16 inch M1 Max 10-Core CPU & 24-Core GPU (2021),8TB SSD,4225,MacBook Pro 16 inch,2021,Mac,MacBook Pro,,2021,16.0,,M1 Max,,8192.0,SSD,
Trade-in Platform,CompAsia,Mac,MacBook Pro 16 inch M1 Max 10-Core CPU & 32-Core GPU (2021),1TB SSD,2900,MacBook Pro 16 inch,2021,Mac,MacBook Pro,,2021,16.0,,M1 Max,,1024.0,SSD,
Trade-in Platform,CompAsia,Mac,MacBook Pro 16 inch M1 Max 10-Core CPU & 32-Core GPU (2021),2TB SSD,3250,MacBook Pro 16 inch,2021,Mac,MacBook Pro,,2021,16.0,,M1 Max,,2048.0,SSD,
Trade-in Platform,CompAsia,Mac,MacBook Pro 16 inch M1 Max 10-Core CPU & 32-Core GPU (2021),4TB SSD,3775,MacBook Pro 16 inch,2021,Mac,MacBook Pro,,2021,16.0,,M1 Max,,4096.0,SSD,
Trade-in Platform,CompAsia,Mac,MacBook Pro 16 inch M1 Max 10-Core CPU & 32-Core GPU (2021),512GB SSD,2710,MacBook Pro 16 inch,2021,Mac,MacBook Pro,,2021,16.0,,M1 Max,,512.0,SSD,
Trade-in Platform,CompAsia,Mac,MacBook Pro 16 inch M1 Max 10-Core CPU & 32-Core GPU (2021),8TB SSD,4400,MacBook Pro 16 inch,2021,Mac,MacBook Pro,,2021,16.0,,M1 Max,,8192.0,SSD,
Trade-in Platform,CompAsia,Mac,MacBook Pro 16 inch M1 Pro 10-Core CPU & 16-Core GPU (2021),1TB SSD,2275,MacBook Pro 16 inch,2021,Mac,MacBook Pro,,2021,16.0,,M1 pro,,1024.0,SSD,
Trade-in Platform,CompAsia,Mac,MacBook Pro 16 inch M1 Pro 10-Core CPU & 16-Core GPU (2021),2TB SSD,2650,MacBook Pro 16 inch,2021,Mac,MacBook Pro,,2021,16.0,,M1 pro,,2048.0,SSD,
Trade-in Platform,CompAsia,Mac,MacBook Pro 16 inch M1 Pro 10-Core CPU & 16-Core GPU (2021),4TB SSD,3175,MacBook Pro 16 inch,2021,Mac,MacBook Pro,,2021,16.0,,M1 pro,,4096.0,SSD,
Trade-in Platform,CompAsia,Mac,MacBook Pro 16 inch M1 Pro 10-Core CPU & 16-Core GPU (2021),512GB SSD,2125,MacBook Pro 16 inch,2021,Mac,MacBook Pro,,2021,16.0,,M1 pro,,512.0,SSD,
Trade-in Platform,CompAsia,Mac,MacBook Pro 16 inch M1 Pro 10-Core CPU & 16-Core GPU (2021),8TB SSD,3800,MacBook Pro 16 inch,2021,Mac,MacBook Pro,,2021,16.0,,M1 pro,,8192.0,SSD,
Trade-in Platform,CompAsia,Mac,MacBook Pro i5 1.4GHz 13 inch (Mid 2019),128GB SSD,400,MacBook Pro i5 1.4GHz 13 inch (Mid 2019),2019,Mac,MacBook Pro,,Mid 2019,13.0,1.4GHz,i5,,128.0,SSD,
Trade-in Platform,CompAsia,Mac,MacBook Pro i5 1.4GHz 13 inch (Mid 2019),1TB SSD,600,MacBook Pro i5 1.4GHz 13 inch (Mid 2019),2019,Mac,MacBook Pro,,Mid 2019,13.0,1.4GHz,i5,,1024.0,SSD,
Trade-in Platform,CompAsia,Mac,MacBook Pro i5 1.4GHz 13 inch (Mid 2019),256GB SSD,475,MacBook Pro i5 1.4GHz 13 inch (Mid 2019),2019,Mac,MacBook Pro,,Mid 2019,13.0,1.4GHz,i5,,256.0,SSD,
Trade-in Platform,CompAsia,Mac,MacBook Pro i5 1.4GHz 13 inch (Mid 2019),2TB SSD,650,MacBook Pro i5 1.4GHz 13 inch (Mid 2019),2019,Mac,MacBook Pro,,Mid 2019,13.0,1.4GHz,i5,,2048.0,SSD,
Trade-in Platform,CompAsia,Mac,MacBook Pro i5 1.4GHz 13 inch (Mid 2019),512GB SSD,525,MacBook Pro i5 1.4GHz 13 inch (Mid 2019),2019,Mac,MacBook Pro,,Mid 2019,13.0,1.4GHz,i5,,512.0,SSD,
Trade-in Platform,CompAsia,Mac,MacBook Pro i5 1.4GHz 13 inch (Mid 2020),1TB SSD,725,MacBook Pro i5 1.4GHz 13 inch (Mid 2020),2020,Mac,MacBook Pro,,Mid 2020,13.0,1.4GHz,i5,,1024.0,SSD,
Trade-in Platform,CompAsia,Mac,MacBook Pro i5 1.4GHz 13 inch (Mid 2020),256GB SSD,625,MacBook Pro i5 1.4GHz 13 inch (Mid 2020),2020,Mac,MacBook Pro,,Mid 2020,13.0,1.4GHz,i5,,256.0,SSD,
Trade-in Platform,CompAsia,Mac,MacBook Pro i5 1.4GHz 13 inch (Mid 2020),2TB SSD,750,MacBook Pro i5 1.4GHz 13 inch (Mid 2020),2020,Mac,MacBook Pro,,Mid 2020,13.0,1.4GHz,i5,,2048.0,SSD,
Trade-in Platform,CompAsia,Mac,MacBook Pro i5 1.4GHz 13 inch (Mid 2020),512GB SSD,675,MacBook Pro i5 1.4GHz 13 inch (Mid 2020),2020,Mac,MacBook Pro,,Mid 2020,13.0,1.4GHz,i5,,512.0,SSD,
Trade-in Platform,CompAsia,Mac,MacBook Pro i5 2.0GHz 13 inch (Late 2016),1TB SSD,300,MacBook Pro i5 2.0GHz 13 inch (Late 2016),2016,Mac,MacBook Pro,,Late 2016,13.0,2.0GHz,i5,,1024.0,SSD,
Trade-in Platform,CompAsia,Mac,MacBook Pro i5 2.0GHz 13 inch (Late 2016),256GB SSD,250,MacBook Pro i5 2.0GHz 13 inch (Late 2016),2016,Mac,MacBook Pro,,Late 2016,13.0,2.0GHz,i5,,256.0,SSD,
Trade-in Platform,CompAsia,Mac,MacBook Pro i5 2.0GHz 13 inch (Late 2016),512GB SSD,275,MacBook Pro i5 2.0GHz 13 inch (Late 2016),2016,Mac,MacBook Pro,,Late 2016,13.0,2.0GHz,i5,,512.0,SSD,
Trade-in Platform,CompAsia,Mac,MacBook Pro i5 2.0GHz 13 inch (Mid 2020),1TB SSD,800,MacBook Pro i5 2.0GHz 13 inch (Mid 2020),2020,Mac,MacBook Pro,,Mid 2020,13.0,2.0GHz,i5,,1024.0,SSD,
Trade-in Platform,CompAsia,Mac,MacBook Pro i5 2.0GHz 13 inch (Mid 2020),2TB SSD,875,MacBook Pro i5 2.0GHz 13 inch (Mid 2020),2020,Mac,MacBook Pro,,Mid 2020,13.0,2.0GHz,i5,,2048.0,SSD,
Trade-in Platform,CompAsia,Mac,MacBook Pro i5 2.0GHz 13 inch (Mid 2020),4TB SSD,1025,MacBook Pro i5 2.0GHz 13 inch (Mid 2020),2020,Mac,MacBook Pro,,Mid 2020,13.0,2.0GHz,i5,,4096.0,SSD,
Trade-in Platform,CompAsia,Mac,MacBook Pro i5 2.0GHz 13 inch (Mid 2020),512GB SSD,725,MacBook Pro i5 2.0GHz 13 inch (Mid 2020),2020,Mac,MacBook Pro,,Mid 2020,13.0,2.0GHz,i5,,512.0,SSD,
Trade-in Platform,CompAsia,Mac,MacBook Pro i5 2.3GHz 13 inch (Mid 2017),128GB SSD,300,MacBook Pro i5 2.3GHz 13 inch (Mid 2017),2017,Mac,MacBook Pro,,Mid 2017,13.0,2.3GHz,i5,,128.0,SSD,
Trade-in Platform,CompAsia,Mac,MacBook Pro i5 2.3GHz 13 inch (Mid 2017),1TB SSD,500,MacBook Pro i5 2.3GHz 13 inch (Mid 2017),2017,Mac,MacBook Pro,,Mid 2017,13.0,2.3GHz,i5,,1024.0,SSD,
Trade-in Platform,CompAsia,Mac,MacBook Pro i5 2.3GHz 13 inch (Mid 2017),256GB SSD,425,MacBook Pro i5 2.3GHz 13 inch (Mid 2017),2017,Mac,MacBook Pro,,Mid 2017,13.0,2.3GHz,i5,,256.0,SSD,
Trade-in Platform,CompAsia,Mac,MacBook Pro i5 2.3GHz 13 inch (Mid 2017),512GB SSD,450,MacBook Pro i5 2.3GHz 13 inch (Mid 2017),2017,Mac,MacBook Pro,,Mid 2017,13.0,2.3GHz,i5,,512.0,SSD,
Trade-in Platform,CompAsia,Mac,MacBook Pro i5 2.3GHz 13 inch (Mid 2018),1TB SSD,675,MacBook Pro i5 2.3GHz 13 inch (Mid 2018),2018,Mac,MacBook Pro,,Mid 2018,13.0,2.3GHz,i5,,1024.0,SSD,
Trade-in Platform,CompAsia,Mac,MacBook Pro i5 2.3GHz 13 inch (Mid 2018),256GB SSD,600,MacBook Pro i5 2.3GHz 13 inch (Mid 2018),2018,Mac,MacBook Pro,,Mid 2018,13.0,2.3GHz,i5,,256.0,SSD,
Trade-in Platform,CompAsia,Mac,MacBook Pro i5 2.3GHz 13 inch (Mid 2018),2TB SSD,700,MacBook Pro i5 2.3GHz 13 inch (Mid 2018),2018,Mac,MacBook Pro,,Mid 2018,13.0,2.3GHz,i5,,2048.0,SSD,
Trade-in Platform,CompAsia,Mac,MacBook Pro i5 2.3GHz 13 inch (Mid 2018),512GB SSD,650,MacBook Pro i5 2.3GHz 13 inch (Mid 2018),2018,Mac,MacBook Pro,,Mid 2018,13.0,2.3GHz,i5,,512.0,SSD,
Trade-in Platform,CompAsia,Mac,MacBook Pro i5 2.4GHz 13 inch (Mid 2019),1TB SSD,700,MacBook Pro i5 2.4GHz 13 inch (Mid 2019),2019,Mac,MacBook Pro,,Mid 2019,13.0,2.4GHz,i5,,1024.0,SSD,
Trade-in Platform,CompAsia,Mac,MacBook Pro i5 2.4GHz 13 inch (Mid 2019),256GB SSD,650,MacBook Pro i5 2.4GHz 13 inch (Mid 2019),2019,Mac,MacBook Pro,,Mid 2019,13.0,2.4GHz,i5,,256.0,SSD,
Trade-in Platform,CompAsia,Mac,MacBook Pro i5 2.4GHz 13 inch (Mid 2019),2TB SSD,725,MacBook Pro i5 2.4GHz 13 inch (Mid 2019),2019,Mac,MacBook Pro,,Mid 2019,13.0,2.4GHz,i5,,2048.0,SSD,
Trade-in Platform,CompAsia,Mac,MacBook Pro i5 2.4GHz 13 inch (Mid 2019),512GB SSD,650,MacBook Pro i5 2.4GHz 13 inch (Mid 2019),2019,Mac,MacBook Pro,,Mid 2019,13.0,2.4GHz,i5,,512.0,SSD,
Trade-in Platform,CompAsia,Mac,MacBook Pro i5 2.9GHz 13 inch (Late 2016),1TB SSD,400,MacBook Pro i5 2.9GHz 13 inch (Late 2016),2016,Mac,MacBook Pro,,Late 2016,13.0,2.9GHz,i5,,1024.0,SSD,
Trade-in Platform,CompAsia,Mac,MacBook Pro i5 2.9GHz 13 inch (Late 2016),256GB SSD,350,MacBook Pro i5 2.9GHz 13 inch (Late 2016),2016,Mac,MacBook Pro,,Late 2016,13.0,2.9GHz,i5,,256.0,SSD,
Trade-in Platform,CompAsia,Mac,MacBook Pro i5 2.9GHz 13 inch (Late 2016),512GB SSD,400,MacBook Pro i5 2.9GHz 13 inch (Late 2016),2016,Mac,MacBook Pro,,Late 2016,13.0,2.9GHz,i5,,512.0,SSD,
Trade-in Platform,CompAsia,Mac,MacBook Pro i5 3.1GHz 13 inch (Late 2016),1TB SSD,400,MacBook Pro i5 3.1GHz 13 inch (Late 2016),2016,Mac,MacBook Pro,,Late 2016,13.0,3.1GHz,i5,,1024.0,SSD,
Trade-in Platform,CompAsia,Mac,MacBook Pro i5 3.1GHz 13 inch (Late 2016),256GB SSD,400,MacBook Pro i5 3.1GHz 13 inch (Late 2016),2016,Mac,MacBook Pro,,Late 2016,13.0,3.1GHz,i5,,256.0,SSD,
Trade-in Platform,CompAsia,Mac,MacBook Pro i5 3.1GHz 13 inch (Late 2016),512GB SSD,400,MacBook Pro i5 3.1GHz 13 inch (Late 2016),2016,Mac,MacBook Pro,,Late 2016,13.0,3.1GHz,i5,,512.0,SSD,
Trade-in Platform,CompAsia,Mac,MacBook Pro i5 3.1GHz 13 inch (Mid 2017),1TB SSD,550,MacBook Pro i5 3.1GHz 13 inch (Mid 2017),2017,Mac,MacBook Pro,,Mid 2017,13.0,3.1GHz,i5,,1024.0,SSD,
Trade-in Platform,CompAsia,Mac,MacBook Pro i5 3.1GHz 13 inch (Mid 2017),256GB SSD,450,MacBook Pro i5 3.1GHz 13 inch (Mid 2017),2017,Mac,MacBook Pro,,Mid 2017,13.0,3.1GHz,i5,,256.0,SSD,
Trade-in Platform,CompAsia,Mac,MacBook Pro i5 3.1GHz 13 inch (Mid 2017),512GB SSD,475,MacBook Pro i5 3.1GHz 13 inch (Mid 2017),2017,Mac,MacBook Pro,,Mid 2017,13.0,3.1GHz,i5,,512.0,SSD,
Trade-in Platform,CompAsia,Mac,MacBook Pro i5 3.3GHz 13 inch (Mid 2017),1TB SSD,550,MacBook Pro i5 3.3GHz 13 inch (Mid 2017),2017,Mac,MacBook Pro,,Mid 2017,13.0,3.3GHz,i5,,1024.0,SSD,
Trade-in Platform,CompAsia,Mac,MacBook Pro i5 3.3GHz 13 inch (Mid 2017),256GB SSD,450,MacBook Pro i5 3.3GHz 13 inch (Mid 2017),2017,Mac,MacBook Pro,,Mid 2017,13.0,3.3GHz,i5,,256.0,SSD,
Trade-in Platform,CompAsia,Mac,MacBook Pro i5 3.3GHz 13 inch (Mid 2017),512GB SSD,475,MacBook Pro i5 3.3GHz 13 inch (Mid 2017),2017,Mac,MacBook Pro,,Mid 2017,13.0,3.3GHz,i5,,512.0,SSD,
Trade-in Platform,CompAsia,Mac,MacBook Pro i7 1.7GHz 13 inch (Mid 2019),128GB SSD,475,MacBook Pro i7 1.7GHz 13 inch (Mid 2019),2019,Mac,MacBook Pro,,Mid 2019,13.0,1.7GHz,i7,,128.0,SSD,
Trade-in Platform,CompAsia,Mac,MacBook Pro i7 1.7GHz 13 inch (Mid 2019),1TB SSD,650,MacBook Pro i7 1.7GHz 13 inch (Mid 2019),2019,Mac,MacBook Pro,,Mid 2019,13.0,1.7GHz,i7,,1024.0,SSD,
Trade-in Platform,CompAsia,Mac,MacBook Pro i7 1.7GHz 13 inch (Mid 2019),256GB SSD,525,MacBook Pro i7 1.7GHz 13 inch (Mid 2019),2019,Mac,MacBook Pro,,Mid 2019,13.0,1.7GHz,i7,,256.0,SSD,
Trade-in Platform,CompAsia,Mac,MacBook Pro i7 1.7GHz 13 inch (Mid 2019),2TB SSD,700,MacBook Pro i7 1.7GHz 13 inch (Mid 2019),2019,Mac,MacBook Pro,,Mid 2019,13.0,1.7GHz,i7,,2048.0,SSD,
Trade-in Platform,CompAsia,Mac,MacBook Pro i7 1.7GHz 13 inch (Mid 2019),512GB SSD,575,MacBook Pro i7 1.7GHz 13 inch (Mid 2019),2019,Mac,MacBook Pro,,Mid 2019,13.0,1.7GHz,i7,,512.0,SSD,
Trade-in Platform,CompAsia,Mac,MacBook Pro i7 1.7GHz 13 inch (Mid 2020),1TB SSD,800,MacBook Pro i7 1.7GHz 13 inch (Mid 2020),2020,Mac,MacBook Pro,,Mid 2020,13.0,1.7GHz,i7,,1024.0,SSD,
Trade-in Platform,CompAsia,Mac,MacBook Pro i7 1.7GHz 13 inch (Mid 2020),256GB SSD,750,MacBook Pro i7 1.7GHz 13 inch (Mid 2020),2020,Mac,MacBook Pro,,Mid 2020,13.0,1.7GHz,i7,,256.0,SSD,
Trade-in Platform,CompAsia,Mac,MacBook Pro i7 1.7GHz 13 inch (Mid 2020),2TB SSD,875,MacBook Pro i7 1.7GHz 13 inch (Mid 2020),2020,Mac,MacBook Pro,,Mid 2020,13.0,1.7GHz,i7,,2048.0,SSD,
Trade-in Platform,CompAsia,Mac,MacBook Pro i7 1.7GHz 13 inch (Mid 2020),512GB SSD,750,MacBook Pro i7 1.7GHz 13 inch (Mid 2020),2020,Mac,MacBook Pro,,Mid 2020,13.0,1.7GHz,i7,,512.0,SSD,
Trade-in Platform,CompAsia,Mac,MacBook Pro i7 2.2GHz 15 inch (Mid 2018),1TB SSD,900,MacBook Pro i7 2.2GHz 15 inch (Mid 2018),2018,Mac,MacBook Pro,,Mid 2018,15.0,2.2GHz,i7,,1024.0,SSD,
Trade-in Platform,CompAsia,Mac,MacBook Pro i7 2.2GHz 15 inch (Mid 2018),256GB SSD,850,MacBook Pro i7 2.2GHz 15 inch (Mid 2018),2018,Mac,MacBook Pro,,Mid 2018,15.0,2.2GHz,i7,,256.0,SSD,
Trade-in Platform,CompAsia,Mac,MacBook Pro i7 2.2GHz 15 inch (Mid 2018),2TB SSD,1050,MacBook Pro i7 2.2GHz 15 inch (Mid 2018),2018,Mac,MacBook Pro,,Mid 2018,15.0,2.2GHz,i7,,2048.0,SSD,
Trade-in Platform,CompAsia,Mac,MacBook Pro i7 2.2GHz 15 inch (Mid 2018),4TB SSD,1125,MacBook Pro i7 2.2GHz 15 inch (Mid 2018),2018,Mac,MacBook Pro,,Mid 2018,15.0,2.2GHz,i7,,4096.0,SSD,
Trade-in Platform,CompAsia,Mac,MacBook Pro i7 2.2GHz 15 inch (Mid 2018),512GB SSD,850,MacBook Pro i7 2.2GHz 15 inch (Mid 2018),2018,Mac,MacBook Pro,,Mid 2018,15.0,2.2GHz,i7,,512.0,SSD,
Trade-in Platform,CompAsia,Mac,MacBook Pro i7 2.3GHz 13 inch (Mid 2020),1TB SSD,850,MacBook Pro i7 2.3GHz 13 inch (Mid 2020),2020,Mac,MacBook Pro,,Mid 2020,13.0,2.3GHz,i7,,1024.0,SSD,
Trade-in Platform,CompAsia,Mac,MacBook Pro i7 2.3GHz 13 inch (Mid 2020),2TB SSD,925,MacBook Pro i7 2.3GHz 13 inch (Mid 2020),2020,Mac,MacBook Pro,,Mid 2020,13.0,2.3GHz,i7,,2048.0,SSD,
Trade-in Platform,CompAsia,Mac,MacBook Pro i7 2.3GHz 13 inch (Mid 2020),4TB SSD,1075,MacBook Pro i7 2.3GHz 13 inch (Mid 2020),2020,Mac,MacBook Pro,,Mid 2020,13.0,2.3GHz,i7,,4096.0,SSD,
Trade-in Platform,CompAsia,Mac,MacBook Pro i7 2.3GHz 13 inch (Mid 2020),512GB SSD,750,MacBook Pro i7 2.3GHz 13 inch (Mid 2020),2020,Mac,MacBook Pro,,Mid 2020,13.0,2.3GHz,i7,,512.0,SSD,
Trade-in Platform,CompAsia,Mac,MacBook Pro i7 2.4GHz 13 inch (Late 2016),1TB SSD,400,MacBook Pro i7 2.4GHz 13 inch (Late 2016),2016,Mac,MacBook Pro,,Late 2016,13.0,2.4GHz,i7,,1024.0,SSD,
Trade-in Platform,CompAsia,Mac,MacBook Pro i7 2.4GHz 13 inch (Late 2016),256GB SSD,300,MacBook Pro i7 2.4GHz 13 inch (Late 2016),2016,Mac,MacBook Pro,,Late 2016,13.0,2.4GHz,i7,,256.0,SSD,
Trade-in Platform,CompAsia,Mac,MacBook Pro i7 2.4GHz 13 inch (Late 2016),512GB SSD,350,MacBook Pro i7 2.4GHz 13 inch (Late 2016),2016,Mac,MacBook Pro,,Late 2016,13.0,2.4GHz,i7,,512.0,SSD,
Trade-in Platform,CompAsia,Mac,MacBook Pro i7 2.5GHz 13 inch (Mid 2017),128GB SSD,300,MacBook Pro i7 2.5GHz 13 inch (Mid 2017),2017,Mac,MacBook Pro,,Mid 2017,13.0,2.5GHz,i7,,128.0,SSD,
Trade-in Platform,CompAsia,Mac,MacBook Pro i7 2.5GHz 13 inch (Mid 2017),1TB SSD,550,MacBook Pro i7 2.5GHz 13 inch (Mid 2017),2017,Mac,MacBook Pro,,Mid 2017,13.0,2.5GHz,i7,,1024.0,SSD,
Trade-in Platform,CompAsia,Mac,MacBook Pro i7 2.5GHz 13 inch (Mid 2017),256GB SSD,450,MacBook Pro i7 2.5GHz 13 inch (Mid 2017),2017,Mac,MacBook Pro,,Mid 2017,13.0,2.5GHz,i7,,256.0,SSD,
Trade-in Platform,CompAsia,Mac,MacBook Pro i7 2.5GHz 13 inch (Mid 2017),512GB SSD,500,MacBook Pro i7 2.5GHz 13 inch (Mid 2017),2017,Mac,MacBook Pro,,Mid 2017,13.0,2.5GHz,i7,,512.0,SSD,
Trade-in Platform,CompAsia,Mac,MacBook Pro i7 2.6GHz 15 inch (Late 2016),1TB SSD,700,MacBook Pro i7 2.6GHz 15 inch (Late 2016),2016,Mac,MacBook Pro,,Late 2016,15.0,2.6GHz,i7,,1024.0,SSD,
Trade-in Platform,CompAsia,Mac,MacBook Pro i7 2.6GHz 15 inch (Late 2016),16TB,650,MacBook Pro i7 2.6GHz 15 inch (Late 2016),2016,Mac,MacBook Pro,,Late 2016,15.0,2.6GHz,i7,,16384.0,,
Trade-in Platform,CompAsia,Mac,MacBook Pro i7 2.6GHz 15 inch (Late 2016),2TB SSD,750,MacBook Pro i7 2.6GHz 15 inch (Late 2016),2016,Mac,MacBook Pro,,Late 2016,15.0,2.6GHz,i7,,2048.0,SSD,
Trade-in Platform,CompAsia,Mac,MacBook Pro i7 2.6GHz 15 inch (Late 2016),512GB SSD,675,MacBook Pro i7 2.6GHz 15 inch (Late 2016),2016,Mac,MacBook Pro,,Late 2016,15.0,2.6GHz,i7,,512.0,SSD,
Trade-in Platform,CompAsia,Mac,MacBook Pro i7 2.6GHz 15 inch (Mid 2018),1TB SSD,975,MacBook Pro i7 2.6GHz 15 inch (Mid 2018),2018,Mac,MacBook Pro,,Mid 2018,15.0,2.6GHz,i7,,1024.0,SSD,
Trade-in Platform,CompAsia,Mac,MacBook Pro i7 2.6GHz 15 inch (Mid 2018),256GB SSD,850,MacBook Pro i7 2.6GHz 15 inch (Mid 2018),2018,Mac,MacBook Pro,,Mid 2018,15.0,2.6GHz,i7,,256.0,SSD,
Trade-in Platform,CompAsia,Mac,MacBook Pro i7 2.6GHz 15 inch (Mid 2018),2TB SSD,1075,MacBook Pro i7 2.6GHz 15 inch (Mid 2018),2018,Mac,MacBook Pro,,Mid 2018,15.0,2.6GHz,i7,,2048.0,SSD,
Trade-in Platform,CompAsia,Mac,MacBook Pro i7 2.6GHz 15 inch (Mid 2018),4TB SSD,1125,MacBook Pro i7 2.6GHz 15 inch (Mid 2018),2018,Mac,MacBook Pro,,Mid 2018,15.0,2.6GHz,i7,,4096.0,SSD,
Trade-in Platform,CompAsia,Mac,MacBook Pro i7 2.6GHz 15 inch (Mid 2018),512GB SSD,900,MacBook Pro i7 2.6GHz 15 inch (Mid 2018),2018,Mac,MacBook Pro,,Mid 2018,15.0,2.6GHz,i7,,512.0,SSD,
Trade-in Platform,CompAsia,Mac,MacBook Pro i7 2.6GHz 15 inch (Mid 2019),1TB SSD,1125,MacBook Pro i7 2.6GHz 15 inch (Mid 2019),2019,Mac,MacBook Pro,,Mid 2019,15.0,2.6GHz,i7,,1024.0,SSD,
Trade-in Platform,CompAsia,Mac,MacBook Pro i7 2.6GHz 15 inch (Mid 2019),256GB SSD,1000,MacBook Pro i7 2.6GHz 15 inch (Mid 2019),2019,Mac,MacBook Pro,,Mid 2019,15.0,2.6GHz,i7,,256.0,SSD,
Trade-in Platform,CompAsia,Mac,MacBook Pro i7 2.6GHz 15 inch (Mid 2019),2TB SSD,1250,MacBook Pro i7 2.6GHz 15 inch (Mid 2019),2019,Mac,MacBook Pro,,Mid 2019,15.0,2.6GHz,i7,,2048.0,SSD,
Trade-in Platform,CompAsia,Mac,MacBook Pro i7 2.6GHz 15 inch (Mid 2019),4TB SSD,1325,MacBook Pro i7 2.6GHz 15 inch (Mid 2019),2019,Mac,MacBook Pro,,Mid 2019,15.0,2.6GHz,i7,,4096.0,SSD,
Trade-in Platform,CompAsia,Mac,MacBook Pro i7 2.6GHz 15 inch (Mid 2019),512GB SSD,1050,MacBook Pro i7 2.6GHz 15 inch (Mid 2019),2019,Mac,MacBook Pro,,Mid 2019,15.0,2.6GHz,i7,,512.0,SSD,
Trade-in Platform,CompAsia,Mac,MacBook Pro i7 2.6GHz 16 inch (Late 2019),1TB SSD,1150,MacBook Pro i7 2.6GHz 16 inch (Late 2019),2019,Mac,MacBook Pro,,Late 2019,16.0,2.6GHz,i7,,1024.0,SSD,
Trade-in Platform,CompAsia,Mac,MacBook Pro i7 2.6GHz 16 inch (Late 2019),2TB SSD,1250,MacBook Pro i7 2.6GHz 16 inch (Late 2019),2019,Mac,MacBook Pro,,Late 2019,16.0,2.6GHz,i7,,2048.0,SSD,
Trade-in Platform,CompAsia,Mac,MacBook Pro i7 2.6GHz 16 inch (Late 2019),4TB SSD,1350,MacBook Pro i7 2.6GHz 16 inch (Late 2019),2019,Mac,MacBook Pro,,Late 2019,16.0,2.6GHz,i7,,4096.0,SSD,
Trade-in Platform,CompAsia,Mac,MacBook Pro i7 2.6GHz 16 inch (Late 2019),512GB SSD,1075,MacBook Pro i7 2.6GHz 16 inch (Late 2019),2019,Mac,MacBook Pro,,Late 2019,16.0,2.6GHz,i7,,512.0,SSD,
Trade-in Platform,CompAsia,Mac,MacBook Pro i7 2.6GHz 16 inch (Late 2019),8TB SSD,1475,MacBook Pro i7 2.6GHz 16 inch (Late 2019),2019,Mac,MacBook Pro,,Late 2019,16.0,2.6GHz,i7,,8192.0,SSD,
Trade-in Platform,CompAsia,Mac,MacBook Pro i7 2.7GHz 13 inch (Mid 2018),2TB SSD,750,MacBook Pro i7 2.7GHz 13 inch (Mid 2018),2018,Mac,MacBook Pro,,Mid 2018,13.0,2.7GHz,i7,,2048.0,SSD,
Trade-in Platform,CompAsia,Mac,MacBook Pro i7 2.7GHz 15 inch (Late 2016),1TB SSD,700,MacBook Pro i7 2.7GHz 15 inch (Late 2016),2016,Mac,MacBook Pro,,Late 2016,15.0,2.7GHz,i7,,1024.0,SSD,
Trade-in Platform,CompAsia,Mac,MacBook Pro i7 2.7GHz 15 inch (Late 2016),256GB SSD,650,MacBook Pro i7 2.7GHz 15 inch (Late 2016),2016,Mac,MacBook Pro,,Late 2016,15.0,2.7GHz,i7,,256.0,SSD,
Trade-in Platform,CompAsia,Mac,MacBook Pro i7 2.7GHz 15 inch (Late 2016),2TB SSD,750,MacBook Pro i7 2.7GHz 15 inch (Late 2016),2016,Mac,MacBook Pro,,Late 2016,15.0,2.7GHz,i7,,2048.0,SSD,
Trade-in Platform,CompAsia,Mac,MacBook Pro i7 2.7GHz 15 inch (Late 2016),512GB SSD,675,MacBook Pro i7 2.7GHz 15 inch (Late 2016),2016,Mac,MacBook Pro,,Late 2016,15.0,2.7GHz,i7,,512.0,SSD,
Trade-in Platform,CompAsia,Mac,MacBook Pro i7 2.8GHz 13 inch (Mid 2019),1TB SSD,725,MacBook Pro i7 2.8GHz 13 inch (Mid 2019),2019,Mac,MacBook Pro,,Mid 2019,13.0,2.8GHz,i7,,1024.0,SSD,
Trade-in Platform,CompAsia,Mac,MacBook Pro i7 2.8GHz 13 inch (Mid 2019),256GB SSD,700,MacBook Pro i7 2.8GHz 13 inch (Mid 2019),2019,Mac,MacBook Pro,,Mid 2019,13.0,2.8GHz,i7,,256.0,SSD,
Trade-in Platform,CompAsia,Mac,MacBook Pro i7 2.8GHz 13 inch (Mid 2019),2TB SSD,800,MacBook Pro i7 2.8GHz 13 inch (Mid 2019),2019,Mac,MacBook Pro,,Mid 2019,13.0,2.8GHz,i7,,2048.0,SSD,
Trade-in Platform,CompAsia,Mac,MacBook Pro i7 2.8GHz 13 inch (Mid 2019),512GB SSD,725,MacBook Pro i7 2.8GHz 13 inch (Mid 2019),2019,Mac,MacBook Pro,,Mid 2019,13.0,2.8GHz,i7,,512.0,SSD,
Trade-in Platform,CompAsia,Mac,MacBook Pro i7 2.8GHz 15 inch (Mid 2017),1TB SSD,775,MacBook Pro i7 2.8GHz 15 inch (Mid 2017),2017,Mac,MacBook Pro,,Mid 2017,15.0,2.8GHz,i7,,1024.0,SSD,
Trade-in Platform,CompAsia,Mac,MacBook Pro i7 2.8GHz 15 inch (Mid 2017),256GB SSD,750,MacBook Pro i7 2.8GHz 15 inch (Mid 2017),2017,Mac,MacBook Pro,,Mid 2017,15.0,2.8GHz,i7,,256.0,SSD,
Trade-in Platform,CompAsia,Mac,MacBook Pro i7 2.8GHz 15 inch (Mid 2017),2TB SSD,825,MacBook Pro i7 2.8GHz 15 inch (Mid 2017),2017,Mac,MacBook Pro,,Mid 2017,15.0,2.8GHz,i7,,2048.0,SSD,
Trade-in Platform,CompAsia,Mac,MacBook Pro i7 2.8GHz 15 inch (Mid 2017),512GB SSD,750,MacBook Pro i7 2.8GHz 15 inch (Mid 2017),2017,Mac,MacBook Pro,,Mid 2017,15.0,2.8GHz,i7,,512.0,SSD,
Trade-in Platform,CompAsia,Mac,MacBook Pro i7 2.9GHz 15 inch (Late 2016),1TB SSD,700,MacBook Pro i7 2.9GHz 15 inch (Late 2016),2016,Mac,MacBook Pro,,Late 2016,15.0,2.9GHz,i7,,1024.0,SSD,
Trade-in Platform,CompAsia,Mac,MacBook Pro i7 2.9GHz 15 inch (Late 2016),256GB SSD,650,MacBook Pro i7 2.9GHz 15 inch (Late 2016),2016,Mac,MacBook Pro,,Late 2016,15.0,2.9GHz,i7,,256.0,SSD,
Trade-in Platform,CompAsia,Mac,MacBook Pro i7 2.9GHz 15 inch (Late 2016),2TB SSD,750,MacBook Pro i7 2.9GHz 15 inch (Late 2016),2016,Mac,MacBook Pro,,Late 2016,15.0,2.9GHz,i7,,2048.0,SSD,
Trade-in Platform,CompAsia,Mac,MacBook Pro i7 2.9GHz 15 inch (Late 2016),512GB SSD,675,MacBook Pro i7 2.9GHz 15 inch (Late 2016),2016,Mac,MacBook Pro,,Late 2016,15.0,2.9GHz,i7,,512.0,SSD,
Trade-in Platform,CompAsia,Mac,MacBook Pro i7 2.9GHz 15 inch (Mid 2017),1TB SSD,775,MacBook Pro i7 2.9GHz 15 inch (Mid 2017),2017,Mac,MacBook Pro,,Mid 2017,15.0,2.9GHz,i7,,1024.0,SSD,
Trade-in Platform,CompAsia,Mac,MacBook Pro i7 2.9GHz 15 inch (Mid 2017),256GB SSD,750,MacBook Pro i7 2.9GHz 15 inch (Mid 2017),2017,Mac,MacBook Pro,,Mid 2017,15.0,2.9GHz,i7,,256.0,SSD,
Trade-in Platform,CompAsia,Mac,MacBook Pro i7 2.9GHz 15 inch (Mid 2017),2TB SSD,825,MacBook Pro i7 2.9GHz 15 inch (Mid 2017),2017,Mac,MacBook Pro,,Mid 2017,15.0,2.9GHz,i7,,2048.0,SSD,
Trade-in Platform,CompAsia,Mac,MacBook Pro i7 2.9GHz 15 inch (Mid 2017),512GB SSD,750,MacBook Pro i7 2.9GHz 15 inch (Mid 2017),2017,Mac,MacBook Pro,,Mid 2017,15.0,2.9GHz,i7,,512.0,SSD,
Trade-in Platform,CompAsia,Mac,MacBook Pro i7 3.1GHz 15 inch (Mid 2017),1TB SSD,775,MacBook Pro i7 3.1GHz 15 inch (Mid 2017),2017,Mac,MacBook Pro,,Mid 2017,15.0,3.1GHz,i7,,1024.0,SSD,
Trade-in Platform,CompAsia,Mac,MacBook Pro i7 3.1GHz 15 inch (Mid 2017),256GB SSD,750,MacBook Pro i7 3.1GHz 15 inch (Mid 2017),2017,Mac,MacBook Pro,,Mid 2017,15.0,3.1GHz,i7,,256.0,SSD,
Trade-in Platform,CompAsia,Mac,MacBook Pro i7 3.1GHz 15 inch (Mid 2017),2TB SSD,825,MacBook Pro i7 3.1GHz 15 inch (Mid 2017),2017,Mac,MacBook Pro,,Mid 2017,15.0,3.1GHz,i7,,2048.0,SSD,
Trade-in Platform,CompAsia,Mac,MacBook Pro i7 3.1GHz 15 inch (Mid 2017),512GB SSD,750,MacBook Pro i7 3.1GHz 15 inch (Mid 2017),2017,Mac,MacBook Pro,,Mid 2017,15.0,3.1GHz,i7,,512.0,SSD,
Trade-in Platform,CompAsia,Mac,MacBook Pro i7 3.3GHz 13 inch (Late 2016),1TB SSD,400,MacBook Pro i7 3.3GHz 13 inch (Late 2016),2016,Mac,MacBook Pro,,Late 2016,13.0,3.3GHz,i7,,1024.0,SSD,
Trade-in Platform,CompAsia,Mac,MacBook Pro i7 3.3GHz 13 inch (Late 2016),256GB SSD,400,MacBook Pro i7 3.3GHz 13 inch (Late 2016),2016,Mac,MacBook Pro,,Late 2016,13.0,3.3GHz,i7,,256.0,SSD,
Trade-in Platform,CompAsia,Mac,MacBook Pro i7 3.3GHz 13 inch (Late 2016),512GB SSD,400,MacBook Pro i7 3.3GHz 13 inch (Late 2016),2016,Mac,MacBook Pro,,Late 2016,13.0,3.3GHz,i7,,512.0,SSD,
Trade-in Platform,CompAsia,Mac,MacBook Pro i7 3.5GHz 13 inch (Mid 2017),1TB SSD,775,MacBook Pro i7 3.5GHz 13 inch (Mid 2017),2017,Mac,MacBook Pro,,Mid 2017,13.0,3.5GHz,i7,,1024.0,SSD,
Trade-in Platform,CompAsia,Mac,MacBook Pro i7 3.5GHz 13 inch (Mid 2017),256GB SSD,675,MacBook Pro i7 3.5GHz 13 inch (Mid 2017),2017,Mac,MacBook Pro,,Mid 2017,13.0,3.5GHz,i7,,256.0,SSD,
Trade-in Platform,CompAsia,Mac,MacBook Pro i7 3.5GHz 13 inch (Mid 2017),512GB SSD,750,MacBook Pro i7 3.5GHz 13 inch (Mid 2017),2017,Mac,MacBook Pro,,Mid 2017,13.0,3.5GHz,i7,,512.0,SSD,
Trade-in Platform,CompAsia,Mac,MacBook Pro i9 2.3GHz 15 inch (Mid 2019),1TB SSD,1250,MacBook Pro i9 2.3GHz 15 inch (Mid 2019),2019,Mac,MacBook Pro,,Mid 2019,15.0,2.3GHz,i9,,1024.0,SSD,
Trade-in Platform,CompAsia,Mac,MacBook Pro i9 2.3GHz 15 inch (Mid 2019),256GB SSD,1000,MacBook Pro i9 2.3GHz 15 inch (Mid 2019),2019,Mac,MacBook Pro,,Mid 2019,15.0,2.3GHz,i9,,256.0,SSD,
Trade-in Platform,CompAsia,Mac,MacBook Pro i9 2.3GHz 15 inch (Mid 2019),2TB SSD,1350,MacBook Pro i9 2.3GHz 15 inch (Mid 2019),2019,Mac,MacBook Pro,,Mid 2019,15.0,2.3GHz,i9,,2048.0,SSD,
Trade-in Platform,CompAsia,Mac,MacBook Pro i9 2.3GHz 15 inch (Mid 2019),4TB SSD,1475,MacBook Pro i9 2.3GHz 15 inch (Mid 2019),2019,Mac,MacBook Pro,,Mid 2019,15.0,2.3GHz,i9,,4096.0,SSD,
Trade-in Platform,CompAsia,Mac,MacBook Pro i9 2.3GHz 15 inch (Mid 2019),512GB SSD,1075,MacBook Pro i9 2.3GHz 15 inch (Mid 2019),2019,Mac,MacBook Pro,,Mid 2019,15.0,2.3GHz,i9,,512.0,SSD,
Trade-in Platform,CompAsia,Mac,MacBook Pro i9 2.3GHz 16 inch (Late 2019),1TB SSD,1250,MacBook Pro i9 2.3GHz 16 inch (Late 2019),2019,Mac,MacBook Pro,,Late 2019,16.0,2.3GHz,i9,,1024.0,SSD,
Trade-in Platform,CompAsia,Mac,MacBook Pro i9 2.3GHz 16 inch (Late 2019),2TB SSD,1350,MacBook Pro i9 2.3GHz 16 inch (Late 2019),2019,Mac,MacBook Pro,,Late 2019,16.0,2.3GHz,i9,,2048.0,SSD,
Trade-in Platform,CompAsia,Mac,MacBook Pro i9 2.3GHz 16 inch (Late 2019),4TB SSD,1475,MacBook Pro i9 2.3GHz 16 inch (Late 2019),2019,Mac,MacBook Pro,,Late 2019,16.0,2.3GHz,i9,,4096.0,SSD,
Trade-in Platform,CompAsia,Mac,MacBook Pro i9 2.3GHz 16 inch (Late 2019),8TB SSD,1500,MacBook Pro i9 2.3GHz 16 inch (Late 2019),2019,Mac,MacBook Pro,,Late 2019,16.0,2.3GHz,i9,,8192.0,SSD,
Trade-in Platform,CompAsia,Mac,MacBook Pro i9 2.4GHz 15 inch (Mid 2019),1TB SSD,1250,MacBook Pro i9 2.4GHz 15 inch (Mid 2019),2019,Mac,MacBook Pro,,Mid 2019,15.0,2.4GHz,i9,,1024.0,SSD,
Trade-in Platform,CompAsia,Mac,MacBook Pro i9 2.4GHz 15 inch (Mid 2019),256GB SSD,1000,MacBook Pro i9 2.4GHz 15 inch (Mid 2019),2019,Mac,MacBook Pro,,Mid 2019,15.0,2.4GHz,i9,,256.0,SSD,
Trade-in Platform,CompAsia,Mac,MacBook Pro i9 2.4GHz 15 inch (Mid 2019),2TB SSD,1350,MacBook Pro i9 2.4GHz 15 inch (Mid 2019),2019,Mac,MacBook Pro,,Mid 2019,15.0,2.4GHz,i9,,2048.0,SSD,
Trade-in Platform,CompAsia,Mac,MacBook Pro i9 2.4GHz 15 inch (Mid 2019),4TB SSD,1475,MacBook Pro i9 2.4GHz 15 inch (Mid 2019),2019,Mac,MacBook Pro,,Mid 2019,15.0,2.4GHz,i9,,4096.0,SSD,
Trade-in Platform,CompAsia,Mac,MacBook Pro i9 2.4GHz 15 inch (Mid 2019),512GB SSD,1150,MacBook Pro i9 2.4GHz 15 inch (Mid 2019),2019,Mac,MacBook Pro,,Mid 2019,15.0,2.4GHz,i9,,512.0,SSD,
Trade-in Platform,CompAsia,Mac,MacBook Pro i9 2.4GHz 16 inch (Late 2019),1TB SSD,1375,MacBook Pro i9 2.4GHz 16 inch (Late 2019),2019,Mac,MacBook Pro,,Late 2019,16.0,2.4GHz,i9,,1024.0,SSD,
Trade-in Platform,CompAsia,Mac,MacBook Pro i9 2.4GHz 16 inch (Late 2019),2TB SSD,1450,MacBook Pro i9 2.4GHz 16 inch (Late 2019),2019,Mac,MacBook Pro,,Late 2019,16.0,2.4GHz,i9,,2048.0,SSD,
Trade-in Platform,CompAsia,Mac,MacBook Pro i9 2.4GHz 16 inch (Late 2019),4TB SSD,1575,MacBook Pro i9 2.4GHz 16 inch (Late 2019),2019,Mac,MacBook Pro,,Late 2019,16.0,2.4GHz,i9,,4096.0,SSD,
Trade-in Platform,CompAsia,Mac,MacBook Pro i9 2.4GHz 16 inch (Late 2019),512GB SSD,1150,MacBook Pro i9 2.4GHz 16 inch (Late 2019),2019,Mac,MacBook Pro,,Late 2019,16.0,2.4GHz,i9,,512.0,SSD,
Trade-in Platform,CompAsia,Mac,MacBook Pro i9 2.4GHz 16 inch (Late 2019),8TB SSD,1700,MacBook Pro i9 2.4GHz 16 inch (Late 2019),2019,Mac,MacBook Pro,,Late 2019,16.0,2.4GHz,i9,,8192.0,SSD,
Trade-in Platform,CompAsia,Mac,MacBook Pro i9 2.9GHz 15 inch (Mid 2018),1TB SSD,975,MacBook Pro i9 2.9GHz 15 inch (Mid 2018),2018,Mac,MacBook Pro,,Mid 2018,15.0,2.9GHz,i9,,1024.0,SSD,
Trade-in Platform,CompAsia,Mac,MacBook Pro i9 2.9GHz 15 inch (Mid 2018),256GB SSD,850,MacBook Pro i9 2.9GHz 15 inch (Mid 2018),2018,Mac,MacBook Pro,,Mid 2018,15.0,2.9GHz,i9,,256.0,SSD,
Trade-in Platform,CompAsia,Mac,MacBook Pro i9 2.9GHz 15 inch (Mid 2018),2TB SSD,1075,MacBook Pro i9 2.9GHz 15 inch (Mid 2018),2018,Mac,MacBook Pro,,Mid 2018,15.0,2.9GHz,i9,,2048.0,SSD,
Trade-in Platform,CompAsia,Mac,MacBook Pro i9 2.9GHz 15 inch (Mid 2018),4TB SSD,1150,MacBook Pro i9 2.9GHz 15 inch (Mid 2018),2018,Mac,MacBook Pro,,Mid 2018,15.0,2.9GHz,i9,,4096.0,SSD,
Trade-in Platform,CompAsia,Mac,MacBook Pro i9 2.9GHz 15 inch (Mid 2018),512GB SSD,900,MacBook Pro i9 2.9GHz 15 inch (Mid 2018),2018,Mac,MacBook Pro,,Mid 2018,15.0,2.9GHz,i9,,512.0,SSD,
Trade-in Platform,CompAsia,Mac,MacBook Pro M1 8-Core CPU and 8-Core GPU 13 inch (Late 2020),1TB SSD,1000,MacBook Pro,2020,Mac,MacBook Pro,,Late 2020,13.0,,M1,,1024.0,SSD,
Trade-in Platform,CompAsia,Mac,MacBook Pro M1 8-Core CPU and 8-Core GPU 13 inch (Late 2020),256GB SSD,875,MacBook Pro,2020,Mac,MacBook Pro,,Late 2020,13.0,,M1,,256.0,SSD,
Trade-in Platform,CompAsia,Mac,MacBook Pro M1 8-Core CPU and 8-Core GPU 13 inch (Late 2020),2TB SSD,1125,MacBook Pro,2020,Mac,MacBook Pro,,Late 2020,13.0,,M1,,2048.0,SSD,
Trade-in Platform,CompAsia,Mac,MacBook Pro M1 8-Core CPU and 8-Core GPU 13 inch (Late 2020),512GB SSD,925,MacBook Pro,2020,Mac,MacBook Pro,,Late 2020,13.0,,M1,,512.0,SSD,
Trade-in Platform,CompAsia,Mac,MacBook Pro M2 8-Core CPU and 10-Core GPU 13 inch (Mid 2022),1TB SSD,1875,MacBook Pro,2022,Mac,MacBook Pro,,Mid 2022,13.0,,M2,,1024.0,SSD,
Trade-in Platform,CompAsia,Mac,MacBook Pro M2 8-Core CPU and 10-Core GPU 13 inch (Mid 2022),256GB SSD,1375,MacBook Pro,2022,Mac,MacBook Pro,,Mid 2022,13.0,,M2,,256.0,SSD,
Trade-in Platform,CompAsia,Mac,MacBook Pro M2 8-Core CPU and 10-Core GPU 13 inch (Mid 2022),2TB SSD,2225,MacBook Pro,2022,Mac,MacBook Pro,,Mid 2022,13.0,,M2,,2048.0,SSD,
Trade-in Platform,CompAsia,Mac,MacBook Pro M2 8-Core CPU and 10-Core GPU 13 inch (Mid 2022),512GB SSD,1675,MacBook Pro,2022,Mac,MacBook Pro,,Mid 2022,13.0,,M2,,512.0,SSD,
Trade-in Platform,CompAsia,Mac,MacBook Pro M2 Max 12-Core CPU and 30-Core GPU 14 inch (Early 2023),1TB SSD,3025,MacBook Pro,2023,Mac,MacBook Pro,,Early 2023,14.0,,M2 Max,,1024.0,SSD,
Trade-in Platform,CompAsia,Mac,MacBook Pro M2 Max 12-Core CPU and 30-Core GPU 14 inch (Early 2023),2TB SSD,3800,MacBook Pro,2023,Mac,MacBook Pro,,Early 2023,14.0,,M2 Max,,2048.0,SSD,
Trade-in Platform,CompAsia,Mac,MacBook Pro M2 Max 12-Core CPU and 30-Core GPU 14 inch (Early 2023),4TB SSD,4575,MacBook Pro,2023,Mac,MacBook Pro,,Early 2023,14.0,,M2 Max,,4096.0,SSD,
Trade-in Platform,CompAsia,Mac,MacBook Pro M2 Max 12-Core CPU and 30-Core GPU 14 inch (Early 2023),512GB SSD,3000,MacBook Pro,2023,Mac,MacBook Pro,,Early 2023,14.0,,M2 Max,,512.0,SSD,
Trade-in Platform,CompAsia,Mac,MacBook Pro M2 Max 12-Core CPU and 30-Core GPU 14 inch (Early 2023),8TB SSD,5775,MacBook Pro,2023,Mac,MacBook Pro,,Early 2023,14.0,,M2 Max,,8192.0,SSD,
Trade-in Platform,CompAsia,Mac,MacBook Pro M2 Max 12-Core CPU and 30-Core GPU 16 inch (Early 2023),1TB SSD,3825,MacBook Pro,2023,Mac,MacBook Pro,,Early 2023,16.0,,M2 Max,,1024.0,SSD,
Trade-in Platform,CompAsia,Mac,MacBook Pro M2 Max 12-Core CPU and 30-Core GPU 16 inch (Early 2023),2TB SSD,4125,MacBook Pro,2023,Mac,MacBook Pro,,Early 2023,16.0,,M2 Max,,2048.0,SSD,
Trade-in Platform,CompAsia,Mac,MacBook Pro M2 Max 12-Core CPU and 30-Core GPU 16 inch (Early 2023),4TB SSD,4725,MacBook Pro,2023,Mac,MacBook Pro,,Early 2023,16.0,,M2 Max,,4096.0,SSD,
Trade-in Platform,CompAsia,Mac,MacBook Pro M2 Max 12-Core CPU and 30-Core GPU 16 inch (Early 2023),512GB SSD,3600,MacBook Pro,2023,Mac,MacBook Pro,,Early 2023,16.0,,M2 Max,,512.0,SSD,
Trade-in Platform,CompAsia,Mac,MacBook Pro M2 Max 12-Core CPU and 30-Core GPU 16 inch (Early 2023),8TB SSD,5950,MacBook Pro,2023,Mac,MacBook Pro,,Early 2023,16.0,,M2 Max,,8192.0,SSD,
Trade-in Platform,CompAsia,Mac,MacBook Pro M2 Max 12-Core CPU and 38-Core GPU 14 inch (Early 2023),1TB SSD,3725,MacBook Pro,2023,Mac,MacBook Pro,,Early 2023,14.0,,M2 Max,,1024.0,SSD,
Trade-in Platform,CompAsia,Mac,MacBook Pro M2 Max 12-Core CPU and 38-Core GPU 14 inch (Early 2023),2TB SSD,4125,MacBook Pro,2023,Mac,MacBook Pro,,Early 2023,14.0,,M2 Max,,2048.0,SSD,
Trade-in Platform,CompAsia,Mac,MacBook Pro M2 Max 12-Core CPU and 38-Core GPU 14 inch (Early 2023),4TB SSD,4775,MacBook Pro,2023,Mac,MacBook Pro,,Early 2023,14.0,,M2 Max,,4096.0,SSD,
Trade-in Platform,CompAsia,Mac,MacBook Pro M2 Max 12-Core CPU and 38-Core GPU 14 inch (Early 2023),512GB SSD,3475,MacBook Pro,2023,Mac,MacBook Pro,,Early 2023,14.0,,M2 Max,,512.0,SSD,
Trade-in Platform,CompAsia,Mac,MacBook Pro M2 Max 12-Core CPU and 38-Core GPU 14 inch (Early 2023),8TB SSD,5825,MacBook Pro,2023,Mac,MacBook Pro,,Early 2023,14.0,,M2 Max,,8192.0,SSD,
Trade-in Platform,CompAsia,Mac,MacBook Pro M2 Max 12-Core CPU and 38-Core GPU 16 inch (Early 2023),1TB SSD,4000,MacBook Pro,2023,Mac,MacBook Pro,,Early 2023,16.0,,M2 Max,,1024.0,SSD,
Trade-in Platform,CompAsia,Mac,MacBook Pro M2 Max 12-Core CPU and 38-Core GPU 16 inch (Early 2023),2TB SSD,4500,MacBook Pro,2023,Mac,MacBook Pro,,Early 2023,16.0,,M2 Max,,2048.0,SSD,
Trade-in Platform,CompAsia,Mac,MacBook Pro M2 Max 12-Core CPU and 38-Core GPU 16 inch (Early 2023),4TB SSD,4950,MacBook Pro,2023,Mac,MacBook Pro,,Early 2023,16.0,,M2 Max,,4096.0,SSD,
Trade-in Platform,CompAsia,Mac,MacBook Pro M2 Max 12-Core CPU and 38-Core GPU 16 inch (Early 2023),512GB SSD,3925,MacBook Pro,2023,Mac,MacBook Pro,,Early 2023,16.0,,M2 Max,,512.0,SSD,
Trade-in Platform,CompAsia,Mac,MacBook Pro M2 Max 12-Core CPU and 38-Core GPU 16 inch (Early 2023),8TB SSD,5975,MacBook Pro,2023,Mac,MacBook Pro,,Early 2023,16.0,,M2 Max,,8192.0,SSD,
Trade-in Platform,CompAsia,Mac,MacBook Pro M2 Pro 10-Core CPU and 16-Core GPU 14 inch (Early 2023),1TB SSD,2625,MacBook Pro,2023,Mac,MacBook Pro,,Early 2023,14.0,,M2 pro,,1024.0,SSD,
Trade-in Platform,CompAsia,Mac,MacBook Pro M2 Pro 10-Core CPU and 16-Core GPU 14 inch (Early 2023),2TB SSD,3075,MacBook Pro,2023,Mac,MacBook Pro,,Early 2023,14.0,,M2 pro,,2048.0,SSD,
Trade-in Platform,CompAsia,Mac,MacBook Pro M2 Pro 10-Core CPU and 16-Core GPU 14 inch (Early 2023),4TB SSD,3575,MacBook Pro,2023,Mac,MacBook Pro,,Early 2023,14.0,,M2 pro,,4096.0,SSD,
Trade-in Platform,CompAsia,Mac,MacBook Pro M2 Pro 10-Core CPU and 16-Core GPU 14 inch (Early 2023),512GB SSD,2450,MacBook Pro,2023,Mac,MacBook Pro,,Early 2023,14.0,,M2 pro,,512.0,SSD,
Trade-in Platform,CompAsia,Mac,MacBook Pro M2 Pro 10-Core CPU and 16-Core GPU 14 inch (Early 2023),8TB SSD,4050,MacBook Pro,2023,Mac,MacBook Pro,,Early 2023,14.0,,M2 pro,,8192.0,SSD,
Trade-in Platform,CompAsia,Mac,MacBook Pro M2 Pro 12-Core CPU and 19-Core GPU 14 inch (Early 2023),1TB SSD,2625,MacBook Pro,2023,Mac,MacBook Pro,,Early 2023,14.0,,M2 pro,,1024.0,SSD,
Trade-in Platform,CompAsia,Mac,MacBook Pro M2 Pro 12-Core CPU and 19-Core GPU 14 inch (Early 2023),2TB SSD,3275,MacBook Pro,2023,Mac,MacBook Pro,,Early 2023,14.0,,M2 pro,,2048.0,SSD,
Trade-in Platform,CompAsia,Mac,MacBook Pro M2 Pro 12-Core CPU and 19-Core GPU 14 inch (Early 2023),4TB SSD,3800,MacBook Pro,2023,Mac,MacBook Pro,,Early 2023,14.0,,M2 pro,,4096.0,SSD,
Trade-in Platform,CompAsia,Mac,MacBook Pro M2 Pro 12-Core CPU and 19-Core GPU 14 inch (Early 2023),512GB SSD,2500,MacBook Pro,2023,Mac,MacBook Pro,,Early 2023,14.0,,M2 pro,,512.0,SSD,
Trade-in Platform,CompAsia,Mac,MacBook Pro M2 Pro 12-Core CPU and 19-Core GPU 14 inch (Early 2023),8TB SSD,4625,MacBook Pro,2023,Mac,MacBook Pro,,Early 2023,14.0,,M2 pro,,8192.0,SSD,
Trade-in Platform,CompAsia,Mac,MacBook Pro M2 Pro 12-Core CPU and 19-Core GPU 16 inch (Early 2023),1TB SSD,3125,MacBook Pro,2023,Mac,MacBook Pro,,Early 2023,16.0,,M2 pro,,1024.0,SSD,
Trade-in Platform,CompAsia,Mac,MacBook Pro M2 Pro 12-Core CPU and 19-Core GPU 16 inch (Early 2023),2TB SSD,3500,MacBook Pro,2023,Mac,MacBook Pro,,Early 2023,16.0,,M2 pro,,2048.0,SSD,
Trade-in Platform,CompAsia,Mac,MacBook Pro M2 Pro 12-Core CPU and 19-Core GPU 16 inch (Early 2023),4TB SSD,4300,MacBook Pro,2023,Mac,MacBook Pro,,Early 2023,16.0,,M2 pro,,4096.0,SSD,
Trade-in Platform,CompAsia,Mac,MacBook Pro M2 Pro 12-Core CPU and 19-Core GPU 16 inch (Early 2023),512GB SSD,2925,MacBook Pro,2023,Mac,MacBook Pro,,Early 2023,16.0,,M2 pro,,512.0,SSD,
Trade-in Platform,CompAsia,Mac,MacBook Pro M2 Pro 12-Core CPU and 19-Core GPU 16 inch (Early 2023),8TB SSD,5250,MacBook Pro,2023,Mac,MacBook Pro,,Early 2023,16.0,,M2 pro,,8192.0,SSD,
Trade-in Platform,CompAsia,Mac,MacBook Pro M3 8-Core CPU and 10-Core GPU 14 inch (Late 2023),1TB SSD,2800,MacBook Pro,2023,Mac,MacBook Pro,,Late 2023,14.0,,M3,,1024.0,SSD,
Trade-in Platform,CompAsia,Mac,MacBook Pro M3 8-Core CPU and 10-Core GPU 14 inch (Late 2023),2TB SSD,3375,MacBook Pro,2023,Mac,MacBook Pro,,Late 2023,14.0,,M3,,2048.0,SSD,
Trade-in Platform,CompAsia,Mac,MacBook Pro M3 8-Core CPU and 10-Core GPU 14 inch (Late 2023),512GB SSD,2525,MacBook Pro,2023,Mac,MacBook Pro,,Late 2023,14.0,,M3,,512.0,SSD,
Trade-in Platform,CompAsia,Mac,MacBook Pro M3 Max 14-Core CPU and 30-Core GPU 14 inch (Late 2023),1TB SSD,4800,MacBook Pro,2023,Mac,MacBook Pro,,Late 2023,14.0,,M3 Max,,1024.0,SSD,
Trade-in Platform,CompAsia,Mac,MacBook Pro M3 Max 14-Core CPU and 30-Core GPU 14 inch (Late 2023),2TB SSD,5225,MacBook Pro,2023,Mac,MacBook Pro,,Late 2023,14.0,,M3 Max,,2048.0,SSD,
Trade-in Platform,CompAsia,Mac,MacBook Pro M3 Max 14-Core CPU and 30-Core GPU 14 inch (Late 2023),4TB SSD,6200,MacBook Pro,2023,Mac,MacBook Pro,,Late 2023,14.0,,M3 Max,,4096.0,SSD,
Trade-in Platform,CompAsia,Mac,MacBook Pro M3 Max 14-Core CPU and 30-Core GPU 14 inch (Late 2023),512GB SSD,4600,MacBook Pro,2023,Mac,MacBook Pro,,Late 2023,14.0,,M3 Max,,512.0,SSD,
Trade-in Platform,CompAsia,Mac,MacBook Pro M3 Max 14-Core CPU and 30-Core GPU 14 inch (Late 2023),8TB SSD,7400,MacBook Pro,2023,Mac,MacBook Pro,,Late 2023,14.0,,M3 Max,,8192.0,SSD,
Trade-in Platform,CompAsia,Mac,MacBook Pro M3 Max 14-Core CPU and 30-Core GPU 16 inch (Late 2023),1TB SSD,5650,MacBook Pro,2023,Mac,MacBook Pro,,Late 2023,16.0,,M3 Max,,1024.0,SSD,
Trade-in Platform,CompAsia,Mac,MacBook Pro M3 Max 14-Core CPU and 30-Core GPU 16 inch (Late 2023),2TB SSD,6125,MacBook Pro,2023,Mac,MacBook Pro,,Late 2023,16.0,,M3 Max,,2048.0,SSD,
Trade-in Platform,CompAsia,Mac,MacBook Pro M3 Max 14-Core CPU and 30-Core GPU 16 inch (Late 2023),4TB SSD,7000,MacBook Pro,2023,Mac,MacBook Pro,,Late 2023,16.0,,M3 Max,,4096.0,SSD,
Trade-in Platform,CompAsia,Mac,MacBook Pro M3 Max 14-Core CPU and 30-Core GPU 16 inch (Late 2023),512GB SSD,5200,MacBook Pro,2023,Mac,MacBook Pro,,Late 2023,16.0,,M3 Max,,512.0,SSD,
Trade-in Platform,CompAsia,Mac,MacBook Pro M3 Max 14-Core CPU and 30-Core GPU 16 inch (Late 2023),8TB SSD,8700,MacBook Pro,2023,Mac,MacBook Pro,,Late 2023,16.0,,M3 Max,,8192.0,SSD,
Trade-in Platform,CompAsia,Mac,MacBook Pro M3 Max 16-Core CPU and 40-Core GPU 14 inch (Late 2023),1TB SSD,5400,MacBook Pro,2023,Mac,MacBook Pro,,Late 2023,14.0,,M3 Max,,1024.0,SSD,
Trade-in Platform,CompAsia,Mac,MacBook Pro M3 Max 16-Core CPU and 40-Core GPU 14 inch (Late 2023),2TB SSD,6075,MacBook Pro,2023,Mac,MacBook Pro,,Late 2023,14.0,,M3 Max,,2048.0,SSD,
Trade-in Platform,CompAsia,Mac,MacBook Pro M3 Max 16-Core CPU and 40-Core GPU 14 inch (Late 2023),4TB SSD,6900,MacBook Pro,2023,Mac,MacBook Pro,,Late 2023,14.0,,M3 Max,,4096.0,SSD,
Trade-in Platform,CompAsia,Mac,MacBook Pro M3 Max 16-Core CPU and 40-Core GPU 14 inch (Late 2023),512GB SSD,5225,MacBook Pro,2023,Mac,MacBook Pro,,Late 2023,14.0,,M3 Max,,512.0,SSD,
Trade-in Platform,CompAsia,Mac,MacBook Pro M3 Max 16-Core CPU and 40-Core GPU 14 inch (Late 2023),8TB SSD,8450,MacBook Pro,2023,Mac,MacBook Pro,,Late 2023,14.0,,M3 Max,,8192.0,SSD,
Trade-in Platform,CompAsia,Mac,MacBook Pro M3 Max 16-Core CPU and 40-Core GPU 16 inch (Late 2023),1TB SSD,6425,MacBook Pro,2023,Mac,MacBook Pro,,Late 2023,16.0,,M3 Max,,1024.0,SSD,
Trade-in Platform,CompAsia,Mac,MacBook Pro M3 Max 16-Core CPU and 40-Core GPU 16 inch (Late 2023),2TB SSD,7000,MacBook Pro,2023,Mac,MacBook Pro,,Late 2023,16.0,,M3 Max,,2048.0,SSD,
Trade-in Platform,CompAsia,Mac,MacBook Pro M3 Max 16-Core CPU and 40-Core GPU 16 inch (Late 2023),4TB SSD,7775,MacBook Pro,2023,Mac,MacBook Pro,,Late 2023,16.0,,M3 Max,,4096.0,SSD,
Trade-in Platform,CompAsia,Mac,MacBook Pro M3 Max 16-Core CPU and 40-Core GPU 16 inch (Late 2023),512GB SSD,5975,MacBook Pro,2023,Mac,MacBook Pro,,Late 2023,16.0,,M3 Max,,512.0,SSD,
Trade-in Platform,CompAsia,Mac,MacBook Pro M3 Max 16-Core CPU and 40-Core GPU 16 inch (Late 2023),8TB SSD,9550,MacBook Pro,2023,Mac,MacBook Pro,,Late 2023,16.0,,M3 Max,,8192.0,SSD,
Trade-in Platform,CompAsia,Mac,MacBook Pro M3 Pro 11-Core CPU and 14-Core GPU 14 inch (Late 2023),1TB SSD,3300,MacBook Pro,2023,Mac,MacBook Pro,,Late 2023,14.0,,M3 pro,,1024.0,SSD,
Trade-in Platform,CompAsia,Mac,MacBook Pro M3 Pro 11-Core CPU and 14-Core GPU 14 inch (Late 2023),2TB SSD,4075,MacBook Pro,2023,Mac,MacBook Pro,,Late 2023,14.0,,M3 pro,,2048.0,SSD,
Trade-in Platform,CompAsia,Mac,MacBook Pro M3 Pro 11-Core CPU and 14-Core GPU 14 inch (Late 2023),4TB SSD,4725,MacBook Pro,2023,Mac,MacBook Pro,,Late 2023,14.0,,M3 pro,,4096.0,SSD,
Trade-in Platform,CompAsia,Mac,MacBook Pro M3 Pro 11-Core CPU and 14-Core GPU 14 inch (Late 2023),512GB SSD,3000,MacBook Pro,2023,Mac,MacBook Pro,,Late 2023,14.0,,M3 pro,,512.0,SSD,
Trade-in Platform,CompAsia,Mac,MacBook Pro M3 Pro 12-Core CPU and 18-Core GPU 14 inch (Late 2023),1TB SSD,3700,MacBook Pro,2023,Mac,MacBook Pro,,Late 2023,14.0,,M3 pro,,1024.0,SSD,
Trade-in Platform,CompAsia,Mac,MacBook Pro M3 Pro 12-Core CPU and 18-Core GPU 14 inch (Late 2023),2TB SSD,4100,MacBook Pro,2023,Mac,MacBook Pro,,Late 2023,14.0,,M3 pro,,2048.0,SSD,
Trade-in Platform,CompAsia,Mac,MacBook Pro M3 Pro 12-Core CPU and 18-Core GPU 14 inch (Late 2023),4TB SSD,4725,MacBook Pro,2023,Mac,MacBook Pro,,Late 2023,14.0,,M3 pro,,4096.0,SSD,
Trade-in Platform,CompAsia,Mac,MacBook Pro M3 Pro 12-Core CPU and 18-Core GPU 14 inch (Late 2023),512GB SSD,3400,MacBook Pro,2023,Mac,MacBook Pro,,Late 2023,14.0,,M3 pro,,512.0,SSD,
Trade-in Platform,CompAsia,Mac,MacBook Pro M3 Pro 12-Core CPU and 18-Core GPU 16 inch (Late 2023),1TB SSD,4350,MacBook Pro,2023,Mac,MacBook Pro,,Late 2023,16.0,,M3 pro,,1024.0,SSD,
Trade-in Platform,CompAsia,Mac,MacBook Pro M3 Pro 12-Core CPU and 18-Core GPU 16 inch (Late 2023),2TB SSD,5100,MacBook Pro,2023,Mac,MacBook Pro,,Late 2023,16.0,,M3 pro,,2048.0,SSD,
Trade-in Platform,CompAsia,Mac,MacBook Pro M3 Pro 12-Core CPU and 18-Core GPU 16 inch (Late 2023),4TB SSD,5875,MacBook Pro,2023,Mac,MacBook Pro,,Late 2023,16.0,,M3 pro,,4096.0,SSD,
Trade-in Platform,CompAsia,Mac,MacBook Pro M3 Pro 12-Core CPU and 18-Core GPU 16 inch (Late 2023),512GB SSD,3900,MacBook Pro,2023,Mac,MacBook Pro,,Late 2023,16.0,,M3 pro,,512.0,SSD,
Trade-in Platform,CompAsia,Mac,MacBook Pro M4 10-Core CPU and 10-Core GPU 14 inch (Late 2024),1TB SSD,3300,MacBook Pro,2024,Mac,MacBook Pro,,Late 2024,14.0,,M4,,1024.0,SSD,
Trade-in Platform,CompAsia,Mac,MacBook Pro M4 10-Core CPU and 10-Core GPU 14 inch (Late 2024),2TB SSD,4100,MacBook Pro,2024,Mac,MacBook Pro,,Late 2024,14.0,,M4,,2048.0,SSD,
Trade-in Platform,CompAsia,Mac,MacBook Pro M4 10-Core CPU and 10-Core GPU 14 inch (Late 2024),512GB SSD,2925,MacBook Pro,2024,Mac,MacBook Pro,,Late 2024,14.0,,M4,,512.0,SSD,
Trade-in Platform,CompAsia,Mac,MacBook Pro M4 Max 14-Core CPU and 32-Core GPU 14 inch (Late 2024),1TB SSD,5750,MacBook Pro,2024,Mac,MacBook Pro,,Late 2024,14.0,,M4 Max,,1024.0,SSD,
Trade-in Platform,CompAsia,Mac,MacBook Pro M4 Max 14-Core CPU and 32-Core GPU 14 inch (Late 2024),2TB SSD,6375,MacBook Pro,2024,Mac,MacBook Pro,,Late 2024,14.0,,M4 Max,,2048.0,SSD,
Trade-in Platform,CompAsia,Mac,MacBook Pro M4 Max 14-Core CPU and 32-Core GPU 14 inch (Late 2024),4TB SSD,7425,MacBook Pro,2024,Mac,MacBook Pro,,Late 2024,14.0,,M4 Max,,4096.0,SSD,
Trade-in Platform,CompAsia,Mac,MacBook Pro M4 Max 14-Core CPU and 32-Core GPU 14 inch (Late 2024),8TB SSD,8600,MacBook Pro,2024,Mac,MacBook Pro,,Late 2024,14.0,,M4 Max,,8192.0,SSD,
Trade-in Platform,CompAsia,Mac,MacBook Pro M4 Max 14-Core CPU and 32-Core GPU 16 inch (Late 2024),1TB SSD,6100,MacBook Pro,2024,Mac,MacBook Pro,,Late 2024,16.0,,M4 Max,,1024.0,SSD,
Trade-in Platform,CompAsia,Mac,MacBook Pro M4 Max 14-Core CPU and 32-Core GPU 16 inch (Late 2024),2TB SSD,6775,MacBook Pro,2024,Mac,MacBook Pro,,Late 2024,16.0,,M4 Max,,2048.0,SSD,
Trade-in Platform,CompAsia,Mac,MacBook Pro M4 Max 14-Core CPU and 32-Core GPU 16 inch (Late 2024),4TB SSD,7775,MacBook Pro,2024,Mac,MacBook Pro,,Late 2024,16.0,,M4 Max,,4096.0,SSD,
Trade-in Platform,CompAsia,Mac,MacBook Pro M4 Max 14-Core CPU and 32-Core GPU 16 inch (Late 2024),8TB SSD,8875,MacBook Pro,2024,Mac,MacBook Pro,,Late 2024,16.0,,M4 Max,,8192.0,SSD,
Trade-in Platform,CompAsia,Mac,"MacBook Pro M4 Max 16-Core CPU and 40-Core GPU 14"" (Late 2024)",1TB SSD,6550,MacBook Pro,2024,Mac,MacBook Pro,,Late 2024,,,M4 Max,,1024.0,SSD,
Trade-in Platform,CompAsia,Mac,"MacBook Pro M4 Max 16-Core CPU and 40-Core GPU 14"" (Late 2024)",2TB SSD,7125,MacBook Pro,2024,Mac,MacBook Pro,,Late 2024,,,M4 Max,,2048.0,SSD,
Trade-in Platform,CompAsia,Mac,"MacBook Pro M4 Max 16-Core CPU and 40-Core GPU 14"" (Late 2024)",4TB SSD,8125,MacBook Pro,2024,Mac,MacBook Pro,,Late 2024,,,M4 Max,,4096.0,SSD,
Trade-in Platform,CompAsia,Mac,"MacBook Pro M4 Max 16-Core CPU and 40-Core GPU 14"" (Late 2024)",8TB SSD,9200,MacBook Pro,2024,Mac,MacBook Pro,,Late 2024,,,M4 Max,,8192.0,SSD,
Trade-in Platform,CompAsia,Mac,MacBook Pro M4 Max 16-Core CPU and 40-Core GPU 16 inch (Late 2024),1TB SSD,6750,MacBook Pro,2024,Mac,MacBook Pro,,Late 2024,16.0,,M4 Max,,1024.0,SSD,
Trade-in Platform,CompAsia,Mac,MacBook Pro M4 Max 16-Core CPU and 40-Core GPU 16 inch (Late 2024),2TB SSD,7375,MacBook Pro,2024,Mac,MacBook Pro,,Late 2024,16.0,,M4 Max,,2048.0,SSD,
Trade-in Platform,CompAsia,Mac,MacBook Pro M4 Max 16-Core CPU and 40-Core GPU 16 inch (Late 2024),4TB SSD,8650,MacBook Pro,2024,Mac,MacBook Pro,,Late 2024,16.0,,M4 Max,,4096.0,SSD,
Trade-in Platform,CompAsia,Mac,MacBook Pro M4 Max 16-Core CPU and 40-Core GPU 16 inch (Late 2024),8TB SSD,9900,MacBook Pro,2024,Mac,MacBook Pro,,Late 2024,16.0,,M4 Max,,8192.0,SSD,
Trade-in Platform,CompAsia,Mac,MacBook Pro M4 Pro 12-Core CPU and 16-Core GPU 14 inch (Late 2024),1TB SSD,3900,MacBook Pro,2024,Mac,MacBook Pro,,Late 2024,14.0,,M4 pro,,1024.0,SSD,
Trade-in Platform,CompAsia,Mac,MacBook Pro M4 Pro 12-Core CPU and 16-Core GPU 14 inch (Late 2024),2TB SSD,4575,MacBook Pro,2024,Mac,MacBook Pro,,Late 2024,14.0,,M4 pro,,2048.0,SSD,
Trade-in Platform,CompAsia,Mac,MacBook Pro M4 Pro 12-Core CPU and 16-Core GPU 14 inch (Late 2024),4TB SSD,5075,MacBook Pro,2024,Mac,MacBook Pro,,Late 2024,14.0,,M4 pro,,4096.0,SSD,
Trade-in Platform,CompAsia,Mac,MacBook Pro M4 Pro 12-Core CPU and 16-Core GPU 14 inch (Late 2024),512GB SSD,3475,MacBook Pro,2024,Mac,MacBook Pro,,Late 2024,14.0,,M4 pro,,512.0,SSD,
Trade-in Platform,CompAsia,Mac,MacBook Pro M4 Pro 14-Core CPU and 20-Core GPU 14 inch (Late 2024),1TB SSD,4275,MacBook Pro,2024,Mac,MacBook Pro,,Late 2024,14.0,,M4 pro,,1024.0,SSD,
Trade-in Platform,CompAsia,Mac,MacBook Pro M4 Pro 14-Core CPU and 20-Core GPU 14 inch (Late 2024),2TB SSD,4925,MacBook Pro,2024,Mac,MacBook Pro,,Late 2024,14.0,,M4 pro,,2048.0,SSD,
Trade-in Platform,CompAsia,Mac,MacBook Pro M4 Pro 14-Core CPU and 20-Core GPU 14 inch (Late 2024),4TB SSD,5800,MacBook Pro,2024,Mac,MacBook Pro,,Late 2024,14.0,,M4 pro,,4096.0,SSD,
Trade-in Platform,CompAsia,Mac,"MacBook Pro M4 Pro 14-Core CPU and 20-Core GPU 14"" (Late 2024)",512GB SSD,4150,MacBook Pro,2024,Mac,MacBook Pro,,Late 2024,,,M4 pro,,512.0,SSD,
Trade-in Platform,CompAsia,Mac,MacBook Pro M4 Pro 14-Core CPU and 20-Core GPU 16 inch (Late 2024),1TB SSD,4725,MacBook Pro,2024,Mac,MacBook Pro,,Late 2024,16.0,,M4 pro,,1024.0,SSD,
Trade-in Platform,CompAsia,Mac,MacBook Pro M4 Pro 14-Core CPU and 20-Core GPU 16 inch (Late 2024),2TB SSD,5400,MacBook Pro,2024,Mac,MacBook Pro,,Late 2024,16.0,,M4 pro,,2048.0,SSD,
Trade-in Platform,CompAsia,Mac,MacBook Pro M4 Pro 14-Core CPU and 20-Core GPU 16 inch (Late 2024),4TB SSD,5975,MacBook Pro,2024,Mac,MacBook Pro,,Late 2024,16.0,,M4 pro,,4096.0,SSD,
Trade-in Platform,CompAsia,Mac,MacBook Pro M4 Pro 14-Core CPU and 20-Core GPU 16 inch (Late 2024),512GB SSD,4375,MacBook Pro,2024,Mac,MacBook Pro,,Late 2024,16.0,,M4 pro,,512.0,SSD,
Trade-in Platform,CompAsia,Mac,MacBook Pro M5 10 -Core CPU and 10-Core GPU 14 inch (Late 2025),1TB SSD,4425,MacBook Pro M5 10 -Core CPU and 10-Core GPU 14 inch (Late 2025),2025,Mac,MacBook Pro,,Late 2025,14.0,,,,1024.0,SSD,
Trade-in Platform,CompAsia,Mac,MacBook Pro M5 10 -Core CPU and 10-Core GPU 14 inch (Late 2025),2TB SSD,5400,MacBook Pro M5 10 -Core CPU and 10-Core GPU 14 inch (Late 2025),2025,Mac,MacBook Pro,,Late 2025,14.0,,,,2048.0,SSD,
Trade-in Platform,CompAsia,Mac,MacBook Pro M5 10 -Core CPU and 10-Core GPU 14 inch (Late 2025),4TB SSD,6350,MacBook Pro M5 10 -Core CPU and 10-Core GPU 14 inch (Late 2025),2025,Mac,MacBook Pro,,Late 2025,14.0,,,,4096.0,SSD,
Trade-in Platform,CompAsia,Mac,MacBook Pro M5 10 -Core CPU and 10-Core GPU 14 inch (Late 2025),512GB SSD,3950,MacBook Pro M5 10 -Core CPU and 10-Core GPU 14 inch (Late 2025),2025,Mac,MacBook Pro,,Late 2025,14.0,,,,512.0,SSD,
Trade-in Platform,CompAsia,Mac,Mac Mini i3 3.6GHz (Early 2020),1TB SSD,340,Mac mini i3 3.6GHz (Early 2020),2020,Mac,Mac mini,,Early 2020,,3.6GHz,i3,,1024.0,SSD,
Trade-in Platform,CompAsia,Mac,Mac Mini i3 3.6GHz (Early 2020),256GB SSD,200,Mac mini i3 3.6GHz (Early 2020),2020,Mac,Mac mini,,Early 2020,,3.6GHz,i3,,256.0,SSD,
Trade-in Platform,CompAsia,Mac,Mac Mini i3 3.6GHz (Early 2020),2TB SSD,365,Mac mini i3 3.6GHz (Early 2020),2020,Mac,Mac mini,,Early 2020,,3.6GHz,i3,,2048.0,SSD,
Trade-in Platform,CompAsia,Mac,Mac Mini i3 3.6GHz (Early 2020),512GB SSD,275,Mac mini i3 3.6GHz (Early 2020),2020,Mac,Mac mini,,Early 2020,,3.6GHz,i3,,512.0,SSD,
Trade-in Platform,CompAsia,Mac,Mac Mini i3 3.6GHz (Late 2018),128GB SSD,175,Mac mini i3 3.6GHz (Late 2018),2018,Mac,Mac mini,,Late 2018,,3.6GHz,i3,,128.0,SSD,
Trade-in Platform,CompAsia,Mac,Mac Mini i3 3.6GHz (Late 2018),1TB SSD,350,Mac mini i3 3.6GHz (Late 2018),2018,Mac,Mac mini,,Late 2018,,3.6GHz,i3,,1024.0,SSD,
Trade-in Platform,CompAsia,Mac,Mac Mini i3 3.6GHz (Late 2018),256GB SSD,200,Mac mini i3 3.6GHz (Late 2018),2018,Mac,Mac mini,,Late 2018,,3.6GHz,i3,,256.0,SSD,
Trade-in Platform,CompAsia,Mac,Mac Mini i3 3.6GHz (Late 2018),2TB SSD,375,Mac mini i3 3.6GHz (Late 2018),2018,Mac,Mac mini,,Late 2018,,3.6GHz,i3,,2048.0,SSD,
Trade-in Platform,CompAsia,Mac,Mac Mini i3 3.6GHz (Late 2018),512GB SSD,275,Mac mini i3 3.6GHz (Late 2018),2018,Mac,Mac mini,,Late 2018,,3.6GHz,i3,,512.0,SSD,
Trade-in Platform,CompAsia,Mac,Mac Mini i5 3.0GHz (Early 2020),1TB SSD,365,Mac mini i5 3.0GHz (Early 2020),2020,Mac,Mac mini,,Early 2020,,3.0GHz,i5,,1024.0,SSD,
Trade-in Platform,CompAsia,Mac,Mac Mini i5 3.0GHz (Early 2020),2TB SSD,415,Mac mini i5 3.0GHz (Early 2020),2020,Mac,Mac mini,,Early 2020,,3.0GHz,i5,,2048.0,SSD,
Trade-in Platform,CompAsia,Mac,Mac Mini i5 3.0GHz (Early 2020),512GB SSD,340,Mac mini i5 3.0GHz (Early 2020),2020,Mac,Mac mini,,Early 2020,,3.0GHz,i5,,512.0,SSD,
Trade-in Platform,CompAsia,Mac,Mac Mini i5 3.0GHz (Late 2018),128GB SSD,200,Mac mini i5 3.0GHz (Late 2018),2018,Mac,Mac mini,,Late 2018,,3.0GHz,i5,,128.0,SSD,
Trade-in Platform,CompAsia,Mac,Mac Mini i5 3.0GHz (Late 2018),1TB SSD,375,Mac mini i5 3.0GHz (Late 2018),2018,Mac,Mac mini,,Late 2018,,3.0GHz,i5,,1024.0,SSD,
Trade-in Platform,CompAsia,Mac,Mac Mini i5 3.0GHz (Late 2018),256GB SSD,300,Mac mini i5 3.0GHz (Late 2018),2018,Mac,Mac mini,,Late 2018,,3.0GHz,i5,,256.0,SSD,
Trade-in Platform,CompAsia,Mac,Mac Mini i5 3.0GHz (Late 2018),2TB SSD,425,Mac mini i5 3.0GHz (Late 2018),2018,Mac,Mac mini,,Late 2018,,3.0GHz,i5,,2048.0,SSD,
Trade-in Platform,CompAsia,Mac,Mac Mini i5 3.0GHz (Late 2018),512GB SSD,350,Mac mini i5 3.0GHz (Late 2018),2018,Mac,Mac mini,,Late 2018,,3.0GHz,i5,,512.0,SSD,
Trade-in Platform,CompAsia,Mac,Mac Mini i7 3.2GHz (Early 2020),1TB SSD,365,Mac mini i7 3.2GHz (Early 2020),2020,Mac,Mac mini,,Early 2020,,3.2GHz,i7,,1024.0,SSD,
Trade-in Platform,CompAsia,Mac,Mac Mini i7 3.2GHz (Early 2020),256GB SSD,340,Mac mini i7 3.2GHz (Early 2020),2020,Mac,Mac mini,,Early 2020,,3.2GHz,i7,,256.0,SSD,
Trade-in Platform,CompAsia,Mac,Mac Mini i7 3.2GHz (Early 2020),2TB SSD,475,Mac mini i7 3.2GHz (Early 2020),2020,Mac,Mac mini,,Early 2020,,3.2GHz,i7,,2048.0,SSD,
Trade-in Platform,CompAsia,Mac,Mac Mini i7 3.2GHz (Early 2020),512GB SSD,340,Mac mini i7 3.2GHz (Early 2020),2020,Mac,Mac mini,,Early 2020,,3.2GHz,i7,,512.0,SSD,
Trade-in Platform,CompAsia,Mac,Mac Mini i7 3.2GHz (Late 2018),128GB SSD,300,Mac mini i7 3.2GHz (Late 2018),2018,Mac,Mac mini,,Late 2018,,3.2GHz,i7,,128.0,SSD,
Trade-in Platform,CompAsia,Mac,Mac Mini i7 3.2GHz (Late 2018),1TB SSD,375,Mac mini i7 3.2GHz (Late 2018),2018,Mac,Mac mini,,Late 2018,,3.2GHz,i7,,1024.0,SSD,
Trade-in Platform,CompAsia,Mac,Mac Mini i7 3.2GHz (Late 2018),256GB SSD,350,Mac mini i7 3.2GHz (Late 2018),2018,Mac,Mac mini,,Late 2018,,3.2GHz,i7,,256.0,SSD,
Trade-in Platform,CompAsia,Mac,Mac Mini i7 3.2GHz (Late 2018),2TB SSD,475,Mac mini i7 3.2GHz (Late 2018),2018,Mac,Mac mini,,Late 2018,,3.2GHz,i7,,2048.0,SSD,
Trade-in Platform,CompAsia,Mac,Mac Mini i7 3.2GHz (Late 2018),512GB SSD,350,Mac mini i7 3.2GHz (Late 2018),2018,Mac,Mac mini,,Late 2018,,3.2GHz,i7,,512.0,SSD,
Trade-in Platform,CompAsia,Mac,Mac Mini M1 8-Core CPU and 8-Core GPU (Late 2020),1TB SSD,375,Mac mini,2020,Mac,Mac mini,,Late 2020,,,M1,,1024.0,SSD,
Trade-in Platform,CompAsia,Mac,Mac Mini M1 8-Core CPU and 8-Core GPU (Late 2020),256GB SSD,350,Mac mini,2020,Mac,Mac mini,,Late 2020,,,M1,,256.0,SSD,
Trade-in Platform,CompAsia,Mac,Mac Mini M1 8-Core CPU and 8-Core GPU (Late 2020),2TB SSD,475,Mac mini,2020,Mac,Mac mini,,Late 2020,,,M1,,2048.0,SSD,
Trade-in Platform,CompAsia,Mac,Mac Mini M1 8-Core CPU and 8-Core GPU (Late 2020),512GB SSD,350,Mac mini,2020,Mac,Mac mini,,Late 2020,,,M1,,512.0,SSD,
Trade-in Platform,CompAsia,Mac,Mac Mini M2 8-Core CPU and 10-Core GPU (Early 2023),1TB SSD,525,Mac mini,2023,Mac,Mac mini,,Early 2023,,,M2,,1024.0,SSD,
Trade-in Platform,CompAsia,Mac,Mac Mini M2 8-Core CPU and 10-Core GPU (Early 2023),256GB SSD,425,Mac mini,2023,Mac,Mac mini,,Early 2023,,,M2,,256.0,SSD,
Trade-in Platform,CompAsia,Mac,Mac Mini M2 8-Core CPU and 10-Core GPU (Early 2023),2TB SSD,625,Mac mini,2023,Mac,Mac mini,,Early 2023,,,M2,,2048.0,SSD,
Trade-in Platform,CompAsia,Mac,Mac Mini M2 8-Core CPU and 10-Core GPU (Early 2023),512GB SSD,475,Mac mini,2023,Mac,Mac mini,,Early 2023,,,M2,,512.0,SSD,
Trade-in Platform,CompAsia,Mac,Mac Mini M2 Pro 10-Core CPU and 16-Core GPU (Early 2023),1TB SSD,525,Mac mini,2023,Mac,Mac mini,,Early 2023,,,M2 pro,,1024.0,SSD,
Trade-in Platform,CompAsia,Mac,Mac Mini M2 Pro 10-Core CPU and 16-Core GPU (Early 2023),2TB SSD,675,Mac mini,2023,Mac,Mac mini,,Early 2023,,,M2 pro,,2048.0,SSD,
Trade-in Platform,CompAsia,Mac,Mac Mini M2 Pro 10-Core CPU and 16-Core GPU (Early 2023),4TB SSD,675,Mac mini,2023,Mac,Mac mini,,Early 2023,,,M2 pro,,4096.0,SSD,
Trade-in Platform,CompAsia,Mac,Mac Mini M2 Pro 10-Core CPU and 16-Core GPU (Early 2023),512GB SSD,475,Mac mini,2023,Mac,Mac mini,,Early 2023,,,M2 pro,,512.0,SSD,
Trade-in Platform,CompAsia,Mac,Mac Mini M2 Pro 10-Core CPU and 16-Core GPU (Early 2023),8TB SSD,675,Mac mini,2023,Mac,Mac mini,,Early 2023,,,M2 pro,,8192.0,SSD,
Trade-in Platform,CompAsia,Mac,Mac Mini M2 Pro 12-Core CPU and 19-Core GPU (Early 2023),1TB SSD,525,Mac mini,2023,Mac,Mac mini,,Early 2023,,,M2 pro,,1024.0,SSD,
Trade-in Platform,CompAsia,Mac,Mac Mini M2 Pro 12-Core CPU and 19-Core GPU (Early 2023),2TB SSD,660,Mac mini,2023,Mac,Mac mini,,Early 2023,,,M2 pro,,2048.0,SSD,
Trade-in Platform,CompAsia,Mac,Mac Mini M2 Pro 12-Core CPU and 19-Core GPU (Early 2023),4TB SSD,675,Mac mini,2023,Mac,Mac mini,,Early 2023,,,M2 pro,,4096.0,SSD,
Trade-in Platform,CompAsia,Mac,Mac Mini M2 Pro 12-Core CPU and 19-Core GPU (Early 2023),512GB SSD,475,Mac mini,2023,Mac,Mac mini,,Early 2023,,,M2 pro,,512.0,SSD,
Trade-in Platform,CompAsia,Mac,Mac Mini M2 Pro 12-Core CPU and 19-Core GPU (Early 2023),8TB SSD,675,Mac mini,2023,Mac,Mac mini,,Early 2023,,,M2 pro,,8192.0,SSD,
Trade-in Platform,CompAsia,Mac,Mac Mini M4 10-Core CPU and 10-Core GPU (Late 2024),1TB,1750,Mac mini,2024,Mac,Mac mini,,Late 2024,,,M4,,1024.0,,
Trade-in Platform,CompAsia,Mac,Mac Mini M4 10-Core CPU and 10-Core GPU (Late 2024),256GB,1025,Mac mini,2024,Mac,Mac mini,,Late 2024,,,M4,,256.0,,
Trade-in Platform,CompAsia,Mac,Mac Mini M4 10-Core CPU and 10-Core GPU (Late 2024),2TB,2375,Mac mini,2024,Mac,Mac mini,,Late 2024,,,M4,,2048.0,,
Trade-in Platform,CompAsia,Mac,Mac Mini M4 10-Core CPU and 10-Core GPU (Late 2024),512GB,1375,Mac mini,2024,Mac,Mac mini,,Late 2024,,,M4,,512.0,,
Trade-in Platform,CompAsia,Mac,Mac Mini M4 Pro 12-Core CPU and 16-Core GPU (Late 2024),1TB,2625,Mac mini,2024,Mac,Mac mini,,Late 2024,,,M4 pro,,1024.0,,
Trade-in Platform,CompAsia,Mac,Mac Mini M4 Pro 12-Core CPU and 16-Core GPU (Late 2024),2TB,3175,Mac mini,2024,Mac,Mac mini,,Late 2024,,,M4 pro,,2048.0,,
Trade-in Platform,CompAsia,Mac,Mac Mini M4 Pro 12-Core CPU and 16-Core GPU (Late 2024),4TB,4050,Mac mini,2024,Mac,Mac mini,,Late 2024,,,M4 pro,,4096.0,,
Trade-in Platform,CompAsia,Mac,Mac Mini M4 Pro 12-Core CPU and 16-Core GPU (Late 2024),512GB,2300,Mac mini,2024,Mac,Mac mini,,Late 2024,,,M4 pro,,512.0,,
Trade-in Platform,CompAsia,Mac,Mac Mini M4 Pro 12-Core CPU and 16-Core GPU (Late 2024),8TB,5825,Mac mini,2024,Mac,Mac mini,,Late 2024,,,M4 pro,,8192.0,,
Trade-in Platform,CompAsia,Mac,Mac Mini M4 Pro 14-Core CPU and 20-Core GPU (Late 2024),1TB SSD,2975,Mac mini,2024,Mac,Mac mini,,Late 2024,,,M4 pro,,1024.0,SSD,
Trade-in Platform,CompAsia,Mac,Mac Mini M4 Pro 14-Core CPU and 20-Core GPU (Late 2024),2TB SSD,3500,Mac mini,2024,Mac,Mac mini,,Late 2024,,,M4 pro,,2048.0,SSD,
Trade-in Platform,CompAsia,Mac,Mac Mini M4 Pro 14-Core CPU and 20-Core GPU (Late 2024),4TB SSD,4375,Mac mini,2024,Mac,Mac mini,,Late 2024,,,M4 pro,,4096.0,SSD,
Trade-in Platform,CompAsia,Mac,Mac Mini M4 Pro 14-Core CPU and 20-Core GPU (Late 2024),512GB SSD,2625,Mac mini,2024,Mac,Mac mini,,Late 2024,,,M4 pro,,512.0,SSD,
Trade-in Platform,CompAsia,Mac,Mac Mini M4 Pro 14-Core CPU and 20-Core GPU (Late 2024),8TB SSD,6175,Mac mini,2024,Mac,Mac mini,,Late 2024,,,M4 pro,,8192.0,SSD,
Trade-in Platform,CompAsia,Mac,Mac Pro M2 Ultra 24-Core CPU and 60-Core GPU (Mid 2023),1TB SSD,10000,Mac Pro,2023,Mac,Mac Pro,,Mid 2023,,,M2 ultra,,1024.0,SSD,
Trade-in Platform,CompAsia,Mac,Mac Pro M2 Ultra 24-Core CPU and 60-Core GPU (Mid 2023),2TB SSD,10600,Mac Pro,2023,Mac,Mac Pro,,Mid 2023,,,M2 ultra,,2048.0,SSD,
Trade-in Platform,CompAsia,Mac,Mac Pro M2 Ultra 24-Core CPU and 60-Core GPU (Mid 2023),4TB SSD,11400,Mac Pro,2023,Mac,Mac Pro,,Mid 2023,,,M2 ultra,,4096.0,SSD,
Trade-in Platform,CompAsia,Mac,Mac Pro M2 Ultra 24-Core CPU and 60-Core GPU (Mid 2023),8TB SSD,12100,Mac Pro,2023,Mac,Mac Pro,,Mid 2023,,,M2 ultra,,8192.0,SSD,
Trade-in Platform,CompAsia,Mac,Mac Pro M2 Ultra 24-Core CPU and 60-Core GPU Rack (Mid 2023),1TB SSD,10000,Mac Pro,2023,Mac,Mac Pro,,Mid 2023,,,M2 ultra,,1024.0,SSD,
Trade-in Platform,CompAsia,Mac,Mac Pro M2 Ultra 24-Core CPU and 60-Core GPU Rack (Mid 2023),2TB SSD,10600,Mac Pro,2023,Mac,Mac Pro,,Mid 2023,,,M2 ultra,,2048.0,SSD,
Trade-in Platform,CompAsia,Mac,Mac Pro M2 Ultra 24-Core CPU and 60-Core GPU Rack (Mid 2023),4TB SSD,11400,Mac Pro,2023,Mac,Mac Pro,,Mid 2023,,,M2 ultra,,4096.0,SSD,
Trade-in Platform,CompAsia,Mac,Mac Pro M2 Ultra 24-Core CPU and 60-Core GPU Rack (Mid 2023),8TB SSD,12100,Mac Pro,2023,Mac,Mac Pro,,Mid 2023,,,M2 ultra,,8192.0,SSD,
Trade-in Platform,CompAsia,Mac,Mac Pro M2 Ultra 24-Core CPU and 76-Core GPU (Mid 2023),1TB SSD,11400,Mac Pro,2023,Mac,Mac Pro,,Mid 2023,,,M2 ultra,,1024.0,SSD,
Trade-in Platform,CompAsia,Mac,Mac Pro M2 Ultra 24-Core CPU and 76-Core GPU (Mid 2023),2TB SSD,12000,Mac Pro,2023,Mac,Mac Pro,,Mid 2023,,,M2 ultra,,2048.0,SSD,
Trade-in Platform,CompAsia,Mac,Mac Pro M2 Ultra 24-Core CPU and 76-Core GPU (Mid 2023),4TB SSD,12900,Mac Pro,2023,Mac,Mac Pro,,Mid 2023,,,M2 ultra,,4096.0,SSD,
Trade-in Platform,CompAsia,Mac,Mac Pro M2 Ultra 24-Core CPU and 76-Core GPU (Mid 2023),8TB SSD,13700,Mac Pro,2023,Mac,Mac Pro,,Mid 2023,,,M2 ultra,,8192.0,SSD,
Trade-in Platform,CompAsia,Mac,Mac Pro M2 Ultra 24-Core CPU and 76-Core GPU Rack (Mid 2023),1TB SSD,11400,Mac Pro,2023,Mac,Mac Pro,,Mid 2023,,,M2 ultra,,1024.0,SSD,
Trade-in Platform,CompAsia,Mac,Mac Pro M2 Ultra 24-Core CPU and 76-Core GPU Rack (Mid 2023),2TB SSD,12025,Mac Pro,2023,Mac,Mac Pro,,Mid 2023,,,M2 ultra,,2048.0,SSD,
Trade-in Platform,CompAsia,Mac,Mac Pro M2 Ultra 24-Core CPU and 76-Core GPU Rack (Mid 2023),4TB SSD,12900,Mac Pro,2023,Mac,Mac Pro,,Mid 2023,,,M2 ultra,,4096.0,SSD,
Trade-in Platform,CompAsia,Mac,Mac Pro M2 Ultra 24-Core CPU and 76-Core GPU Rack (Mid 2023),8TB SSD,13650,Mac Pro,2023,Mac,Mac Pro,,Mid 2023,,,M2 ultra,,8192.0,SSD,
Trade-in Platform,CompAsia,Mac,Mac Studio M1 Max 10-Core CPU and 24-Core GPU (Early 2022),1TB,1975,Mac Studio,2022,Mac,Mac Studio,,Early 2022,,,M1 Max,,1024.0,,
Trade-in Platform,CompAsia,Mac,Mac Studio M1 Max 10-Core CPU and 24-Core GPU (Early 2022),2TB,2375,Mac Studio,2022,Mac,Mac Studio,,Early 2022,,,M1 Max,,2048.0,,
Trade-in Platform,CompAsia,Mac,Mac Studio M1 Max 10-Core CPU and 24-Core GPU (Early 2022),4TB,2925,Mac Studio,2022,Mac,Mac Studio,,Early 2022,,,M1 Max,,4096.0,,
Trade-in Platform,CompAsia,Mac,Mac Studio M1 Max 10-Core CPU and 24-Core GPU (Early 2022),512GB,1825,Mac Studio,2022,Mac,Mac Studio,,Early 2022,,,M1 Max,,512.0,,
Trade-in Platform,CompAsia,Mac,Mac Studio M1 Max 10-Core CPU and 24-Core GPU (Early 2022),8TB,3625,Mac Studio,2022,Mac,Mac Studio,,Early 2022,,,M1 Max,,8192.0,,
Trade-in Platform,CompAsia,Mac,Mac Studio M1 Max 10-Core CPU and 32-Core GPU (Early 2022),1TB,2100,Mac Studio,2022,Mac,Mac Studio,,Early 2022,,,M1 Max,,1024.0,,
Trade-in Platform,CompAsia,Mac,Mac Studio M1 Max 10-Core CPU and 32-Core GPU (Early 2022),2TB,2450,Mac Studio,2022,Mac,Mac Studio,,Early 2022,,,M1 Max,,2048.0,,
Trade-in Platform,CompAsia,Mac,Mac Studio M1 Max 10-Core CPU and 32-Core GPU (Early 2022),4TB,2975,Mac Studio,2022,Mac,Mac Studio,,Early 2022,,,M1 Max,,4096.0,,
Trade-in Platform,CompAsia,Mac,Mac Studio M1 Max 10-Core CPU and 32-Core GPU (Early 2022),512GB,1975,Mac Studio,2022,Mac,Mac Studio,,Early 2022,,,M1 Max,,512.0,,
Trade-in Platform,CompAsia,Mac,Mac Studio M1 Max 10-Core CPU and 32-Core GPU (Early 2022),8TB,3825,Mac Studio,2022,Mac,Mac Studio,,Early 2022,,,M1 Max,,8192.0,,
Trade-in Platform,CompAsia,Mac,Mac Studio M1 Ultra 20-core CPU and 48-Core GPU (Early 2022),1TB,3250,Mac Studio,2022,Mac,Mac Studio,,Early 2022,,,M1 ultra,,1024.0,,
Trade-in Platform,CompAsia,Mac,Mac Studio M1 Ultra 20-core CPU and 48-Core GPU (Early 2022),2TB,3950,Mac Studio,2022,Mac,Mac Studio,,Early 2022,,,M1 ultra,,2048.0,,
Trade-in Platform,CompAsia,Mac,Mac Studio M1 Ultra 20-core CPU and 48-Core GPU (Early 2022),4TB,4200,Mac Studio,2022,Mac,Mac Studio,,Early 2022,,,M1 ultra,,4096.0,,
Trade-in Platform,CompAsia,Mac,Mac Studio M1 Ultra 20-core CPU and 48-Core GPU (Early 2022),8TB,5075,Mac Studio,2022,Mac,Mac Studio,,Early 2022,,,M1 ultra,,8192.0,,
Trade-in Platform,CompAsia,Mac,Mac Studio M1 Ultra 20-core CPU and 64-Core GPU (Early 2022),1TB,4375,Mac Studio,2022,Mac,Mac Studio,,Early 2022,,,M1 ultra,,1024.0,,
Trade-in Platform,CompAsia,Mac,Mac Studio M1 Ultra 20-core CPU and 64-Core GPU (Early 2022),2TB,4775,Mac Studio,2022,Mac,Mac Studio,,Early 2022,,,M1 ultra,,2048.0,,
Trade-in Platform,CompAsia,Mac,Mac Studio M1 Ultra 20-core CPU and 64-Core GPU (Early 2022),4TB,5325,Mac Studio,2022,Mac,Mac Studio,,Early 2022,,,M1 ultra,,4096.0,,
Trade-in Platform,CompAsia,Mac,Mac Studio M1 Ultra 20-core CPU and 64-Core GPU (Early 2022),8TB,5900,Mac Studio,2022,Mac,Mac Studio,,Early 2022,,,M1 ultra,,8192.0,,
Trade-in Platform,CompAsia,Mac,Mac Studio M2 Max 12-Core CPU and 30-Core GPU (Mid 2023),1TB SSD,3225,Mac Studio,2023,Mac,Mac Studio,,Mid 2023,,,M2 Max,,1024.0,SSD,
Trade-in Platform,CompAsia,Mac,Mac Studio M2 Max 12-Core CPU and 30-Core GPU (Mid 2023),2TB SSD,3825,Mac Studio,2023,Mac,Mac Studio,,Mid 2023,,,M2 Max,,2048.0,SSD,
Trade-in Platform,CompAsia,Mac,Mac Studio M2 Max 12-Core CPU and 30-Core GPU (Mid 2023),4TB SSD,4700,Mac Studio,2023,Mac,Mac Studio,,Mid 2023,,,M2 Max,,4096.0,SSD,
Trade-in Platform,CompAsia,Mac,Mac Studio M2 Max 12-Core CPU and 30-Core GPU (Mid 2023),512GB SSD,3000,Mac Studio,2023,Mac,Mac Studio,,Mid 2023,,,M2 Max,,512.0,SSD,
Trade-in Platform,CompAsia,Mac,Mac Studio M2 Max 12-Core CPU and 30-Core GPU (Mid 2023),8TB SSD,5900,Mac Studio,2023,Mac,Mac Studio,,Mid 2023,,,M2 Max,,8192.0,SSD,
Trade-in Platform,CompAsia,Mac,Mac Studio M2 Max 12-Core CPU and 38-Core GPU (Mid 2023),1TB SSD,3575,Mac Studio,2023,Mac,Mac Studio,,Mid 2023,,,M2 Max,,1024.0,SSD,
Trade-in Platform,CompAsia,Mac,Mac Studio M2 Max 12-Core CPU and 38-Core GPU (Mid 2023),2TB SSD,4150,Mac Studio,2023,Mac,Mac Studio,,Mid 2023,,,M2 Max,,2048.0,SSD,
Trade-in Platform,CompAsia,Mac,Mac Studio M2 Max 12-Core CPU and 38-Core GPU (Mid 2023),4TB SSD,5000,Mac Studio,2023,Mac,Mac Studio,,Mid 2023,,,M2 Max,,4096.0,SSD,
Trade-in Platform,CompAsia,Mac,Mac Studio M2 Max 12-Core CPU and 38-Core GPU (Mid 2023),512GB SSD,3225,Mac Studio,2023,Mac,Mac Studio,,Mid 2023,,,M2 Max,,512.0,SSD,
Trade-in Platform,CompAsia,Mac,Mac Studio M2 Max 12-Core CPU and 38-Core GPU (Mid 2023),8TB SSD,6150,Mac Studio,2023,Mac,Mac Studio,,Mid 2023,,,M2 Max,,8192.0,SSD,
Trade-in Platform,CompAsia,Mac,Mac Studio M2 Ultra 24-Core CPU and 60-Core GPU (Mid 2023),1TB SSD,5925,Mac Studio,2023,Mac,Mac Studio,,Mid 2023,,,M2 ultra,,1024.0,SSD,
Trade-in Platform,CompAsia,Mac,Mac Studio M2 Ultra 24-Core CPU and 60-Core GPU (Mid 2023),2TB SSD,6475,Mac Studio,2023,Mac,Mac Studio,,Mid 2023,,,M2 ultra,,2048.0,SSD,
Trade-in Platform,CompAsia,Mac,Mac Studio M2 Ultra 24-Core CPU and 60-Core GPU (Mid 2023),4TB SSD,7150,Mac Studio,2023,Mac,Mac Studio,,Mid 2023,,,M2 ultra,,4096.0,SSD,
Trade-in Platform,CompAsia,Mac,Mac Studio M2 Ultra 24-Core CPU and 60-Core GPU (Mid 2023),8TB SSD,8350,Mac Studio,2023,Mac,Mac Studio,,Mid 2023,,,M2 ultra,,8192.0,SSD,
Trade-in Platform,CompAsia,Mac,Mac Studio M2 Ultra 24-Core CPU and 76-Core GPU (Mid 2023),1TB SSD,7350,Mac Studio,2023,Mac,Mac Studio,,Mid 2023,,,M2 ultra,,1024.0,SSD,
Trade-in Platform,CompAsia,Mac,Mac Studio M2 Ultra 24-Core CPU and 76-Core GPU (Mid 2023),2TB SSD,7950,Mac Studio,2023,Mac,Mac Studio,,Mid 2023,,,M2 ultra,,2048.0,SSD,
Trade-in Platform,CompAsia,Mac,Mac Studio M2 Ultra 24-Core CPU and 76-Core GPU (Mid 2023),4TB SSD,8800,Mac Studio,2023,Mac,Mac Studio,,Mid 2023,,,M2 ultra,,4096.0,SSD,
Trade-in Platform,CompAsia,Mac,Mac Studio M2 Ultra 24-Core CPU and 76-Core GPU (Mid 2023),8TB SSD,9600,Mac Studio,2023,Mac,Mac Studio,,Mid 2023,,,M2 ultra,,8192.0,SSD,
Trade-in Platform,CompAsia,Mac,Mac Studio M3 Ultra 28-core CPU and 60‑core GPU (Early 2025),16TB SSD,13600,Mac Studio,2025,Mac,Mac Studio,,Early 2025,,,M3 ultra,,16384.0,SSD,
Trade-in Platform,CompAsia,Mac,Mac Studio M3 Ultra 28-core CPU and 60‑core GPU (Early 2025),1TB SSD,8675,Mac Studio,2025,Mac,Mac Studio,,Early 2025,,,M3 ultra,,1024.0,SSD,
Trade-in Platform,CompAsia,Mac,Mac Studio M3 Ultra 28-core CPU and 60‑core GPU (Early 2025),2TB SSD,9450,Mac Studio,2025,Mac,Mac Studio,,Early 2025,,,M3 ultra,,2048.0,SSD,
Trade-in Platform,CompAsia,Mac,Mac Studio M3 Ultra 28-core CPU and 60‑core GPU (Early 2025),4TB SSD,10025,Mac Studio,2025,Mac,Mac Studio,,Early 2025,,,M3 ultra,,4096.0,SSD,
Trade-in Platform,CompAsia,Mac,Mac Studio M3 Ultra 28-core CPU and 60‑core GPU (Early 2025),8TB SSD,11125,Mac Studio,2025,Mac,Mac Studio,,Early 2025,,,M3 ultra,,8192.0,SSD,
Trade-in Platform,CompAsia,Mac,Mac Studio M3 Ultra 32-core CPU and 80‑core GPU (Early 2025),16TB SSD,15525,Mac Studio,2025,Mac,Mac Studio,,Early 2025,,,M3 ultra,,16384.0,SSD,
Trade-in Platform,CompAsia,Mac,Mac Studio M3 Ultra 32-core CPU and 80‑core GPU (Early 2025),1TB SSD,10525,Mac Studio,2025,Mac,Mac Studio,,Early 2025,,,M3 ultra,,1024.0,SSD,
Trade-in Platform,CompAsia,Mac,Mac Studio M3 Ultra 32-core CPU and 80‑core GPU (Early 2025),2TB SSD,11300,Mac Studio,2025,Mac,Mac Studio,,Early 2025,,,M3 ultra,,2048.0,SSD,
Trade-in Platform,CompAsia,Mac,Mac Studio M3 Ultra 32-core CPU and 80‑core GPU (Early 2025),4TB SSD,11850,Mac Studio,2025,Mac,Mac Studio,,Early 2025,,,M3 ultra,,4096.0,SSD,
Trade-in Platform,CompAsia,Mac,Mac Studio M3 Ultra 32-core CPU and 80‑core GPU (Early 2025),8TB SSD,12950,Mac Studio,2025,Mac,Mac Studio,,Early 2025,,,M3 ultra,,8192.0,SSD,
Trade-in Platform,CompAsia,Mac,Mac Studio M4 Max 14-core CPU and 32‑core GPU (Early 2025),1TB SSD,4800,Mac Studio,2025,Mac,Mac Studio,,Early 2025,,,M4 Max,,1024.0,SSD,
Trade-in Platform,CompAsia,Mac,Mac Studio M4 Max 14-core CPU and 32‑core GPU (Early 2025),2TB SSD,5650,Mac Studio,2025,Mac,Mac Studio,,Early 2025,,,M4 Max,,2048.0,SSD,
Trade-in Platform,CompAsia,Mac,Mac Studio M4 Max 14-core CPU and 32‑core GPU (Early 2025),4TB SSD,6175,Mac Studio,2025,Mac,Mac Studio,,Early 2025,,,M4 Max,,4096.0,SSD,
Trade-in Platform,CompAsia,Mac,Mac Studio M4 Max 14-core CPU and 32‑core GPU (Early 2025),512GB SSD,4325,Mac Studio,2025,Mac,Mac Studio,,Early 2025,,,M4 Max,,512.0,SSD,
Trade-in Platform,CompAsia,Mac,Mac Studio M4 Max 14-core CPU and 32‑core GPU (Early 2025),8TB SSD,7575,Mac Studio,2025,Mac,Mac Studio,,Early 2025,,,M4 Max,,8192.0,SSD,
Trade-in Platform,CompAsia,Mac,Mac Studio M4 Max 16-core CPU and 40‑core GPU (Early 2025),1TB SSD,5850,Mac Studio,2025,Mac,Mac Studio,,Early 2025,,,M4 Max,,1024.0,SSD,
Trade-in Platform,CompAsia,Mac,Mac Studio M4 Max 16-core CPU and 40‑core GPU (Early 2025),2TB SSD,6575,Mac Studio,2025,Mac,Mac Studio,,Early 2025,,,M4 Max,,2048.0,SSD,
Trade-in Platform,CompAsia,Mac,Mac Studio M4 Max 16-core CPU and 40‑core GPU (Early 2025),4TB SSD,7050,Mac Studio,2025,Mac,Mac Studio,,Early 2025,,,M4 Max,,4096.0,SSD,
Trade-in Platform,CompAsia,Mac,Mac Studio M4 Max 16-core CPU and 40‑core GPU (Early 2025),512GB SSD,5175,Mac Studio,2025,Mac,Mac Studio,,Early 2025,,,M4 Max,,512.0,SSD,
Trade-in Platform,CompAsia,Mac,Mac Studio M4 Max 16-core CPU and 40‑core GPU (Early 2025),8TB SSD,8375,Mac Studio,2025,Mac,Mac Studio,,Early 2025,,,M4 Max,,8192.0,SSD,
Trade-in Platform,CompAsia,Apple Watch,Watch SE (2022),"40mm, 1GB/32GB, GPS, Aluminium",150,Watch SE (2022),2022,Apple Watch,Apple Watch SE,,2022,40.0,,,,32.0,,GPS
Trade-in Platform,CompAsia,Apple Watch,Watch SE (2022),"40mm, 1GB/32GB, GPS & Cellular, Aluminium",175,Watch SE (2022),2022,Apple Watch,Apple Watch SE,,2022,40.0,,,,32.0,,GPS + Cellular
Trade-in Platform,CompAsia,Apple Watch,Watch SE (2022),"44mm, 1GB/32GB, GPS, Aluminium",175,Watch SE (2022),2022,Apple Watch,Apple Watch SE,,2022,44.0,,,,32.0,,GPS
Trade-in Platform,CompAsia,Apple Watch,Watch SE (2022),"44mm, 1GB/32GB, GPS & Cellular, Aluminium",225,Watch SE (2022),2022,Apple Watch,Apple Watch SE,,2022,44.0,,,,32.0,,GPS + Cellular
Trade-in Platform,CompAsia,Apple Watch,Watch SE 3 (2025),"40mm, GPS, Aluminium",575,Watch SE 3 (2025),2025,Apple Watch,Apple Watch SE,3.0,2025,40.0,,,,,,GPS
Trade-in Platform,CompAsia,Apple Watch,Watch SE 3 (2025),"40mm, GPS & Cellular, Aluminium",675,Watch SE 3 (2025),2025,Apple Watch,Apple Watch SE,3.0,2025,40.0,,,,,,GPS + Cellular
Trade-in Platform,CompAsia,Apple Watch,Watch SE 3 (2025),"44mm, GPS, Aluminium",700,Watch SE 3 (2025),2025,Apple Watch,Apple Watch SE,3.0,2025,44.0,,,,,,GPS
Trade-in Platform,CompAsia,Apple Watch,Watch SE 3 (2025),"44mm, GPS & Cellular, Aluminium",775,Watch SE 3 (2025),2025,Apple Watch,Apple Watch SE,3.0,2025,44.0,,,,,,GPS + Cellular
Trade-in Platform,CompAsia,Apple Watch,Watch SE,"40mm, 1GB/32GB, GPS, Aluminium",70,Watch SE,2020,Apple Watch,Apple Watch SE,4.0,,40.0,,,,32.0,,GPS
Trade-in Platform,CompAsia,Apple Watch,Watch SE,"40mm, 1GB/32GB, GPS & Cellular, Aluminium",85,Watch SE,2020,Apple Watch,Apple Watch SE,4.0,,40.0,,,,32.0,,GPS + Cellular
Trade-in Platform,CompAsia,Apple Watch,Watch SE,"44mm, 1GB/32GB, GPS, Aluminium",85,Watch SE,2020,Apple Watch,Apple Watch SE,4.0,,44.0,,,,32.0,,GPS
Trade-in Platform,CompAsia,Apple Watch,Watch SE,"44mm, 1GB/32GB, GPS & Cellular, Aluminium",110,Watch SE,2020,Apple Watch,Apple Watch SE,4.0,,44.0,,,,32.0,,GPS + Cellular
Trade-in Platform,CompAsia,Apple Watch,Watch Series 10,"42mm, 64GB, GPS, Aluminium",550,Watch Series 10,2024,Apple Watch,Apple Watch SE,,,42.0,,,,64.0,,GPS
Trade-in Platform,CompAsia,Apple Watch,Watch Series 10,"42mm, 64GB, GPS & Cellular, Aluminium",625,Watch Series 10,2024,Apple Watch,Apple Watch SE,,,42.0,,,,64.0,,GPS + Cellular
Trade-in Platform,CompAsia,Apple Watch,Watch Series 10,"42mm, 64GB, GPS & Cellular, Titanium",1000,Watch Series 10,2024,Apple Watch,Apple Watch SE,,,42.0,,,,64.0,,GPS + Cellular
Trade-in Platform,CompAsia,Apple Watch,Watch Series 10,"46mm, 64GB, GPS, Aluminium",575,Watch Series 10,2024,Apple Watch,Apple Watch SE,,,46.0,,,,64.0,,GPS
Trade-in Platform,CompAsia,Apple Watch,Watch Series 10,"46mm, 64GB, GPS & Cellular, Aluminium",750,Watch Series 10,2024,Apple Watch,Apple Watch SE,,,46.0,,,,64.0,,GPS + Cellular
Trade-in Platform,CompAsia,Apple Watch,Watch Series 10,"46mm, 64GB, GPS & Cellular, Titanium",1050,Watch Series 10,2024,Apple Watch,Apple Watch SE,,,46.0,,,,64.0,,GPS + Cellular
Trade-in Platform,CompAsia,Apple Watch,Watch Series 10 Hermes,"42mm, 64GB, GPS & Cellular, Titanium",1000,Watch Series 10,2024,Apple Watch,Apple Watch SE,,,42.0,,,,64.0,,GPS + Cellular
Trade-in Platform,CompAsia,Apple Watch,Watch Series 10 Hermes,"46mm, 64GB, GPS & Cellular, Titanium",1095,Watch Series 10,2024,Apple Watch,Apple Watch SE,,,46.0,,,,64.0,,GPS + Cellular
Trade-in Platform,CompAsia,Apple Watch,Watch Series 11,"42mm, GPS, Aluminium",950,Watch Series 11,2025,Apple Watch,Apple Watch SE,,,42.0,,,,,,GPS
Trade-in Platform,CompAsia,Apple Watch,Watch Series 11,"42mm, GPS & Cellular, Aluminium",1225,Watch Series 11,2025,Apple Watch,Apple Watch SE,,,42.0,,,,,,GPS + Cellular
Trade-in Platform,CompAsia,Apple Watch,Watch Series 11,"42mm, GPS & Cellular, Titanium",1700,Watch Series 11,2025,Apple Watch,Apple Watch SE,,,42.0,,,,,,GPS + Cellular
Trade-in Platform,CompAsia,Apple Watch,Watch Series 11,"46mm, GPS, Aluminium",1050,Watch Series 11,2025,Apple Watch,Apple Watch SE,,,46.0,,,,,,GPS
Trade-in Platform,CompAsia,Apple Watch,Watch Series 11,"46mm, GPS & Cellular, Aluminium",1325,Watch Series 11,2025,Apple Watch,Apple Watch SE,,,46.0,,,,,,GPS + Cellular
Trade-in Platform,CompAsia,Apple Watch,Watch Series 11,"46mm, GPS & Cellular, Titanium",1825,Watch Series 11,2025,Apple Watch,Apple Watch SE,,,46.0,,,,,,GPS + Cellular
Trade-in Platform,CompAsia,Apple Watch,Watch Series 11 Hermes,"42mm, GPS & Cellular, Titanium",2050,Watch Series 11,2025,Apple Watch,Apple Watch SE,,,42.0,,,,,,GPS + Cellular
Trade-in Platform,CompAsia,Apple Watch,Watch Series 11 Hermes,"46mm, GPS & Cellular, Titanium",2150,Watch Series 11,2025,Apple Watch,Apple Watch SE,,,46.0,,,,,,GPS + Cellular
Trade-in Platform,CompAsia,Apple Watch,Watch Series 5,"40mm, 1GB/16GB, GPS, Aluminium",50,Watch Series 5,2019,Apple Watch,Apple Watch SE,,,40.0,,,,16.0,,GPS
Trade-in Platform,CompAsia,Apple Watch,Watch Series 5,"40mm, 1GB/32GB, GPS & Cellular, Aluminium",50,Watch Series 5,2019,Apple Watch,Apple Watch SE,,,40.0,,,,32.0,,GPS + Cellular
Trade-in Platform,CompAsia,Apple Watch,Watch Series 5,"40mm, 1GB/32GB, GPS & Cellular, Stainless Steel",50,Watch Series 5,2019,Apple Watch,Apple Watch SE,,,40.0,,,,32.0,,GPS + Cellular
Trade-in Platform,CompAsia,Apple Watch,Watch Series 5,"44mm, 1GB/32GB, GPS, Aluminium",75,Watch Series 5,2019,Apple Watch,Apple Watch SE,,,44.0,,,,32.0,,GPS
Trade-in Platform,CompAsia,Apple Watch,Watch Series 5,"44mm, 1GB/32GB, GPS & Cellular, Aluminium",75,Watch Series 5,2019,Apple Watch,Apple Watch SE,,,44.0,,,,32.0,,GPS + Cellular
Trade-in Platform,CompAsia,Apple Watch,Watch Series 5,"44mm, 1GB/32GB, GPS & Cellular, Stainless Steel",75,Watch Series 5,2019,Apple Watch,Apple Watch SE,,,44.0,,,,32.0,,GPS + Cellular
Trade-in Platform,CompAsia,Apple Watch,Watch Series 6,"40mm, 1GB/32GB, GPS, Aluminium",125,Watch Series 6,2020,Apple Watch,Apple Watch SE,,,40.0,,,,32.0,,GPS
Trade-in Platform,CompAsia,Apple Watch,Watch Series 6,"40mm, 1GB/32GB, GPS & Cellular, Aluminium",175,Watch Series 6,2020,Apple Watch,Apple Watch SE,,,40.0,,,,32.0,,GPS + Cellular
Trade-in Platform,CompAsia,Apple Watch,Watch Series 6,"40mm, 1GB/32GB, GPS & Cellular, Stainless Steel",175,Watch Series 6,2020,Apple Watch,Apple Watch SE,,,40.0,,,,32.0,,GPS + Cellular
Trade-in Platform,CompAsia,Apple Watch,Watch Series 6,"44mm, 1GB/32GB, GPS, Aluminium",150,Watch Series 6,2020,Apple Watch,Apple Watch SE,,,44.0,,,,32.0,,GPS
Trade-in Platform,CompAsia,Apple Watch,Watch Series 6,"44mm, 1GB/32GB, GPS & Cellular, Aluminium",225,Watch Series 6,2020,Apple Watch,Apple Watch SE,,,44.0,,,,32.0,,GPS + Cellular
Trade-in Platform,CompAsia,Apple Watch,Watch Series 6,"44mm, 1GB/32GB, GPS & Cellular, Stainless Steel",225,Watch Series 6,2020,Apple Watch,Apple Watch SE,,,44.0,,,,32.0,,GPS + Cellular
Trade-in Platform,CompAsia,Apple Watch,Watch Series 7,"41mm, 1GB/32GB, GPS, Aluminium",175,Watch Series 7,2021,Apple Watch,Apple Watch SE,,,41.0,,,,32.0,,GPS
Trade-in Platform,CompAsia,Apple Watch,Watch Series 7,"41mm, 1GB/32GB, GPS & Cellular, Aluminium",250,Watch Series 7,2021,Apple Watch,Apple Watch SE,,,41.0,,,,32.0,,GPS + Cellular
Trade-in Platform,CompAsia,Apple Watch,Watch Series 7,"41mm, 1GB/32GB, GPS & Cellular, Stainless Steel",250,Watch Series 7,2021,Apple Watch,Apple Watch SE,,,41.0,,,,32.0,,GPS + Cellular
Trade-in Platform,CompAsia,Apple Watch,Watch Series 7,"41mm, GPS, Titanium",215,Watch Series 7,2021,Apple Watch,Apple Watch SE,,,41.0,,,,,,GPS
Trade-in Platform,CompAsia,Apple Watch,Watch Series 7,"41mm, GPS & Cellular, Titanium",285,Watch Series 7,2021,Apple Watch,Apple Watch SE,,,41.0,,,,,,GPS + Cellular
Trade-in Platform,CompAsia,Apple Watch,Watch Series 7,"45mm, 1GB/32GB, GPS, Aluminium",250,Watch Series 7,2021,Apple Watch,Apple Watch SE,,,45.0,,,,32.0,,GPS
Trade-in Platform,CompAsia,Apple Watch,Watch Series 7,"45mm, 1GB/32GB, GPS & Cellular, Aluminium",300,Watch Series 7,2021,Apple Watch,Apple Watch SE,,,45.0,,,,32.0,,GPS + Cellular
Trade-in Platform,CompAsia,Apple Watch,Watch Series 7,"45mm, 1GB/32GB, GPS & Cellular, Stainless Steel",300,Watch Series 7,2021,Apple Watch,Apple Watch SE,,,45.0,,,,32.0,,GPS + Cellular
Trade-in Platform,CompAsia,Apple Watch,Watch Series 7,"45mm, GPS, Titanium",285,Watch Series 7,2021,Apple Watch,Apple Watch SE,,,45.0,,,,,,GPS
Trade-in Platform,CompAsia,Apple Watch,Watch Series 7,"45mm, GPS & Cellular, Titanium",335,Watch Series 7,2021,Apple Watch,Apple Watch SE,,,45.0,,,,,,GPS + Cellular
Trade-in Platform,CompAsia,Apple Watch,Watch Series 8,"41mm, 1GB/32GB, GPS, Aluminium",250,Watch Series 8,2022,Apple Watch,Apple Watch SE,,,41.0,,,,32.0,,GPS
Trade-in Platform,CompAsia,Apple Watch,Watch Series 8,"41mm, 1GB/32GB, GPS & Cellular, Aluminium",325,Watch Series 8,2022,Apple Watch,Apple Watch SE,,,41.0,,,,32.0,,GPS + Cellular
Trade-in Platform,CompAsia,Apple Watch,Watch Series 8,"41mm, 1GB/32GB, GPS & Cellular, Stainless Steel",425,Watch Series 8,2022,Apple Watch,Apple Watch SE,,,41.0,,,,32.0,,GPS + Cellular
Trade-in Platform,CompAsia,Apple Watch,Watch Series 8,"45mm, 1GB/32GB, GPS, Aluminium",300,Watch Series 8,2022,Apple Watch,Apple Watch SE,,,45.0,,,,32.0,,GPS
Trade-in Platform,CompAsia,Apple Watch,Watch Series 8,"45mm, 1GB/32GB, GPS & Cellular, Aluminium",350,Watch Series 8,2022,Apple Watch,Apple Watch SE,,,45.0,,,,32.0,,GPS + Cellular
Trade-in Platform,CompAsia,Apple Watch,Watch Series 8,"45mm, 1GB/32GB, GPS & Cellular, Stainless Steel",525,Watch Series 8,2022,Apple Watch,Apple Watch SE,,,45.0,,,,32.0,,GPS + Cellular
Trade-in Platform,CompAsia,Apple Watch,Watch Series 9,"41mm, 1GB/64GB, GPS, Aluminium",425,Watch Series 9,2023,Apple Watch,Apple Watch SE,,,41.0,,,,64.0,,GPS
Trade-in Platform,CompAsia,Apple Watch,Watch Series 9,"41mm, 1GB/64GB, GPS & Cellular, Aluminium",550,Watch Series 9,2023,Apple Watch,Apple Watch SE,,,41.0,,,,64.0,,GPS + Cellular
Trade-in Platform,CompAsia,Apple Watch,Watch Series 9,"41mm, 1GB/64GB, GPS & Cellular, Stainless Steel",675,Watch Series 9,2023,Apple Watch,Apple Watch SE,,,41.0,,,,64.0,,GPS + Cellular
Trade-in Platform,CompAsia,Apple Watch,Watch Series 9,"45mm, 1GB/64GB, GPS, Aluminium",500,Watch Series 9,2023,Apple Watch,Apple Watch SE,,,45.0,,,,64.0,,GPS
Trade-in Platform,CompAsia,Apple Watch,Watch Series 9,"45mm, 1GB/64GB, GPS & Cellular, Aluminium",575,Watch Series 9,2023,Apple Watch,Apple Watch SE,,,45.0,,,,64.0,,GPS + Cellular
Trade-in Platform,CompAsia,Apple Watch,Watch Series 9,"45mm, 1GB/64GB, GPS & Cellular, Stainless Steel",775,Watch Series 9,2023,Apple Watch,Apple Watch SE,,,45.0,,,,64.0,,GPS + Cellular
Trade-in Platform,CompAsia,Apple Watch,Watch Ultra 1,"49mm, 32GB, GPS & Cellular, Titanium",800,Watch Ultra,2022,Apple Watch,Apple Watch Ultra,1.0,,49.0,,,,32.0,,GPS + Cellular
Trade-in Platform,CompAsia,Apple Watch,Watch Ultra 2 (2024),"49mm, 1GB/64GB, Titanium",1170,Watch Ultra 2 (2024),2024,Apple Watch,Apple Watch Ultra 2,2.0,2024,49.0,,,,64.0,,
Trade-in Platform,CompAsia,Apple Watch,Watch Ultra 2,"49mm, 1GB/64GB, GPS & Cellular, Titanium",1150,Watch Ultra 2,2023,Apple Watch,Apple Watch Ultra 2,2.0,,49.0,,,,64.0,,GPS + Cellular
Trade-in Platform,CompAsia,Apple Watch,Watch Ultra 2 Hermes,"49mm, 2GB/64GB, GPS & Cellular, Titanium",1170,Watch Ultra 2,2023,Apple Watch,Apple Watch Ultra 2,2.0,,49.0,,,,64.0,,GPS + Cellular
Trade-in Platform,CompAsia,Apple Watch,Watch Ultra 3,"49mm, GPS & Cellular, Titanium",1900,Watch Ultra 3,2025,Apple Watch,Apple Watch Ultra,1.0,,49.0,,,,,,GPS + Cellular
Trade-in Platform,CompAsia,Apple Watch,Watch Ultra 3 Hermes,"49mm, GPS & Cellular, Titanium",2550,Watch Ultra 3,2025,Apple Watch,Apple Watch Ultra,1.0,,49.0,,,,,,GPS + Cellular
Retailer Trade-in,iTworld,iPhone,iPhone 11,64GB,300,iPhone 11,2019,iPhone,iPhone 11,,,,,,,64.0,,
Retailer Trade-in,iTworld,iPhone,iPhone 11,128GB,350,iPhone 11,2019,iPhone,iPhone 11,,,,,,,128.0,,
Retailer Trade-in,iTworld,iPhone,iPhone 11,256GB,460,iPhone 11,2019,iPhone,iPhone 11,,,,,,,256.0,,
Retailer Trade-in,iTworld,iPhone,iPhone 11 Pro,64GB,400,iPhone 11 Pro,2019,iPhone,iPhone 11 Pro,,,,,,,64.0,,
Retailer Trade-in,iTworld,iPhone,iPhone 11 Pro,256GB,450,iPhone 11 Pro,2019,iPhone,iPhone 11 Pro,,,,,,,256.0,,
Retailer Trade-in,iTworld,iPhone,iPhone 11 Pro,512GB,590,iPhone 11 Pro,2019,iPhone,iPhone 11 Pro,,,,,,,512.0,,
Retailer Trade-in,iTworld,iPhone,iPhone 11 Pro Max,64GB,490,iPhone 11 Pro Max,2019,iPhone,iPhone 11 Pro Max,,,,,,,64.0,,
Retailer Trade-in,iTworld,iPhone,iPhone 11 Pro Max,256GB,560,iPhone 11 Pro Max,2019,iPhone,iPhone 11 Pro Max,,,,,,,256.0,,
Retailer Trade-in,iTworld,iPhone,iPhone 11 Pro Max,512GB,650,iPhone 11 Pro Max,2019,iPhone,iPhone 11 Pro Max,,,,,,,512.0,,
Retailer Trade-in,iTworld,iPhone,iPhone 12,64GB,460,iPhone 12,2020,iPhone,iPhone 12,,,,,,,64.0,,
Retailer Trade-in,iTworld,iPhone,iPhone 12,128GB,510,iPhone 12,2020,iPhone,iPhone 12,,,,,,,128.0,,
Retailer Trade-in,iTworld,iPhone,iPhone 12,256GB,590,iPhone 12,2020,iPhone,iPhone 12,,,,,,,256.0,,
Retailer Trade-in,iTworld,iPhone,iPhone 12 mini,64GB,300,iPhone 12 mini,2020,iPhone,iPhone 12 mini,,,,,,,64.0,,
Retailer Trade-in,iTworld,iPhone,iPhone 12 mini,128GB,400,iPhone 12 mini,2020,iPhone,iPhone 12 mini,,,,,,,128.0,,
Retailer Trade-in,iTworld,iPhone,iPhone 12 mini,256GB,450,iPhone 12 mini,2020,iPhone,iPhone 12 mini,,,,,,,256.0,,
Retailer Trade-in,iTworld,iPhone,iPhone 12 Pro,128GB,640,iPhone 12 Pro,2020,iPhone,iPhone 12 Pro,,,,,,,128.0,,
Retailer Trade-in,iTworld,iPhone,iPhone 12 Pro,256GB,710,iPhone 12 Pro,2020,iPhone,iPhone 12 Pro,,,,,,,256.0,,
Retailer Trade-in,iTworld,iPhone,iPhone 12 Pro,512GB,760,iPhone 12 Pro,2020,iPhone,iPhone 12 Pro,,,,,,,512.0,,
Retailer Trade-in,iTworld,iPhone,iPhone 12 Pro Max,128GB,810,iPhone 12 Pro Max,2020,iPhone,iPhone 12 Pro Max,,,,,,,128.0,,
Retailer Trade-in,iTworld,iPhone,iPhone 12 Pro Max,256GB,910,iPhone 12 Pro Max,2020,iPhone,iPhone 12 Pro Max,,,,,,,256.0,,
Retailer Trade-in,iTworld,iPhone,iPhone 12 Pro Max,512GB,990,iPhone 12 Pro Max,2020,iPhone,iPhone 12 Pro Max,,,,,,,512.0,,
Retailer Trade-in,iTworld,iPhone,iPhone 13,128GB,750,iPhone 13,2021,iPhone,iPhone 13,,,,,,,128.0,,
Retailer Trade-in,iTworld,iPhone,iPhone 13,256GB,850,iPhone 13,2021,iPhone,iPhone 13,,,,,,,256.0,,
Retailer Trade-in,iTworld,iPhone,iPhone 13,512GB,910,iPhone 13,2021,iPhone,iPhone 13,,,,,,,512.0,,
Retailer Trade-in,iTworld,iPhone,iPhone 13 mini,128GB,500,iPhone 13 mini,2021,iPhone,iPhone 13 mini,,,,,,,128.0,,
Retailer Trade-in,iTworld,iPhone,iPhone 13 mini,256GB,550,iPhone 13 mini,2021,iPhone,iPhone 13 mini,,,,,,,256.0,,
Retailer Trade-in,iTworld,iPhone,iPhone 13 mini,512GB,600,iPhone 13 mini,2021,iPhone,iPhone 13 mini,,,,,,,512.0,,
Retailer Trade-in,iTworld,iPhone,iPhone 13 Pro,128GB,990,iPhone 13 Pro,2021,iPhone,iPhone 13 Pro,,,,,,,128.0,,
Retailer Trade-in,iTworld,iPhone,iPhone 13 Pro,256GB,1060,iPhone 13 Pro,2021,iPhone,iPhone 13 Pro,,,,,,,256.0,,
Retailer Trade-in,iTworld,iPhone,iPhone 13 Pro,512GB,1150,iPhone 13 Pro,2021,iPhone,iPhone 13 Pro,,,,,,,512.0,,
Retailer Trade-in,iTworld,iPhone,iPhone 13 Pro,1TB,1260,iPhone 13 Pro,2021,iPhone,iPhone 13 Pro,,,,,,,1024.0,,
Retailer Trade-in,iTworld,iPhone,iPhone 13 Pro Max,128GB,1110,iPhone 13 Pro Max,2021,iPhone,iPhone 13 Pro Max,,,,,,,128.0,,
Retailer Trade-in,iTworld,iPhone,iPhone 13 Pro Max,256GB,1290,iPhone 13 Pro Max,2021,iPhone,iPhone 13 Pro Max,,,,,,,256.0,,
Retailer Trade-in,iTworld,iPhone,iPhone 13 Pro Max,512GB,1340,iPhone 13 Pro Max,2021,iPhone,iPhone 13 Pro Max,,,,,,,512.0,,
Retailer Trade-in,iTworld,iPhone,iPhone 13 Pro Max,1TB,1460,iPhone 13 Pro Max,2021,iPhone,iPhone 13 Pro Max,,,,,,,1024.0,,
Retailer Trade-in,iTworld,iPhone,iPhone 14,128GB,850,iPhone 14,2022,iPhone,iPhone 14,,,,,,,128.0,,
Retailer Trade-in,iTworld,iPhone,iPhone 14,256GB,950,iPhone 14,2022,iPhone,iPhone 14,,,,,,,256.0,,
Retailer Trade-in,iTworld,iPhone,iPhone 14,512GB,1110,iPhone 14,2022,iPhone,iPhone 14,,,,,,,512.0,,
Retailer Trade-in,iTworld,iPhone,iPhone 14 Plus,128GB,950,iPhone 14 Plus,2022,iPhone,iPhone 14 Plus,,,,,,,128.0,,
Retailer Trade-in,iTworld,iPhone,iPhone 14 Plus,256GB,1050,iPhone 14 Plus,2022,iPhone,iPhone 14 Plus,,,,,,,256.0,,
Retailer Trade-in,iTworld,iPhone,iPhone 14 Plus,512GB,1240,iPhone 14 Plus,2022,iPhone,iPhone 14 Plus,,,,,,,512.0,,
Retailer Trade-in,iTworld,iPhone,iPhone 14 Pro,128GB,1340,iPhone 14 Pro,2022,iPhone,iPhone 14 Pro,,,,,,,128.0,,
Retailer Trade-in,iTworld,iPhone,iPhone 14 Pro,256GB,1540,iPhone 14 Pro,2022,iPhone,iPhone 14 Pro,,,,,,,256.0,,
Retailer Trade-in,iTworld,iPhone,iPhone 14 Pro,512GB,1610,iPhone 14 Pro,2022,iPhone,iPhone 14 Pro,,,,,,,512.0,,
Retailer Trade-in,iTworld,iPhone,iPhone 14 Pro,1TB,1690,iPhone 14 Pro,2022,iPhone,iPhone 14 Pro,,,,,,,1024.0,,
Retailer Trade-in,iTworld,iPhone,iPhone 14 Pro Max,128GB,1590,iPhone 14 Pro Max,2022,iPhone,iPhone 14 Pro Max,,,,,,,128.0,,
Retailer Trade-in,iTworld,iPhone,iPhone 14 Pro Max,256GB,1710,iPhone 14 Pro Max,2022,iPhone,iPhone 14 Pro Max,,,,,,,256.0,,
Retailer Trade-in,iTworld,iPhone,iPhone 14 Pro Max,512GB,1850,iPhone 14 Pro Max,2022,iPhone,iPhone 14 Pro Max,,,,,,,512.0,,
Retailer Trade-in,iTworld,iPhone,iPhone 14 Pro Max,1TB,1990,iPhone 14 Pro Max,2022,iPhone,iPhone 14 Pro Max,,,,,,,1024.0,,
Retailer Trade-in,iTworld,iPhone,iPhone 15,128GB,1300,iPhone 15,2023,iPhone,iPhone 15,,,,,,,128.0,,
Retailer Trade-in,iTworld,iPhone,iPhone 15,256GB,1450,iPhone 15,2023,iPhone,iPhone 15,,,,,,,256.0,,
Retailer Trade-in,iTworld,iPhone,iPhone 15,512GB,1600,iPhone 15,2023,iPhone,iPhone 15,,,,,,,512.0,,
Retailer Trade-in,iTworld,iPhone,iPhone 15 Plus,128GB,1450,iPhone 15 Plus,2023,iPhone,iPhone 15 Plus,,,,,,,128.0,,
Retailer Trade-in,iTworld,iPhone,iPhone 15 Plus,256GB,1600,iPhone 15 Plus,2023,iPhone,iPhone 15 Plus,,,,,,,256.0,,
Retailer Trade-in,iTworld,iPhone,iPhone 15 Plus,512GB,1800,iPhone 15 Plus,2023,iPhone,iPhone 15 Plus,,,,,,,512.0,,
Retailer Trade-in,iTworld,iPhone,iPhone 15 Pro,128GB,1740,iPhone 15 Pro,2023,iPhone,iPhone 15 Pro,,,,,,,128.0,,
Retailer Trade-in,iTworld,iPhone,iPhone 15 Pro,256GB,2010,iPhone 15 Pro,2023,iPhone,iPhone 15 Pro,,,,,,,256.0,,
Retailer Trade-in,iTworld,iPhone,iPhone 15 Pro,512GB,2140,iPhone 15 Pro,2023,iPhone,iPhone 15 Pro,,,,,,,512.0,,
Retailer Trade-in,iTworld,iPhone,iPhone 15 Pro,1TB,2360,iPhone 15 Pro,2023,iPhone,iPhone 15 Pro,,,,,,,1024.0,,
Retailer Trade-in,iTworld,iPhone,iPhone 15 Pro Max,256GB,2210,iPhone 15 Pro Max,2023,iPhone,iPhone 15 Pro Max,,,,,,,256.0,,
Retailer Trade-in,iTworld,iPhone,iPhone 15 Pro Max,512GB,2440,iPhone 15 Pro Max,2023,iPhone,iPhone 15 Pro Max,,,,,,,512.0,,
Retailer Trade-in,iTworld,iPhone,iPhone 15 Pro Max,1TB,2660,iPhone 15 Pro Max,2023,iPhone,iPhone 15 Pro Max,,,,,,,1024.0,,
Retailer Trade-in,iTworld,iPhone,iPhone 16,128GB,1800,iPhone 16,2024,iPhone,iPhone 16,,,,,,,128.0,,
Retailer Trade-in,iTworld,iPhone,iPhone 16,256GB,1980,iPhone 16,2024,iPhone,iPhone 16,,,,,,,256.0,,
Retailer Trade-in,iTworld,iPhone,iPhone 16,512GB,2180,iPhone 16,2024,iPhone,iPhone 16,,,,,,,512.0,,
Retailer Trade-in,iTworld,iPhone,iPhone 16 Plus,128GB,2090,iPhone 16 Plus,2024,iPhone,iPhone 16 Plus,,,,,,,128.0,,
Retailer Trade-in,iTworld,iPhone,iPhone 16 Plus,256GB,2250,iPhone 16 Plus,2024,iPhone,iPhone 16 Plus,,,,,,,256.0,,
Retailer Trade-in,iTworld,iPhone,iPhone 16 Plus,512GB,2500,iPhone 16 Plus,2024,iPhone,iPhone 16 Plus,,,,,,,512.0,,
Retailer Trade-in,iTworld,iPhone,iPhone 16 Pro,128GB,2310,iPhone 16 Pro,2024,iPhone,iPhone 16 Pro,,,,,,,128.0,,
Retailer Trade-in,iTworld,iPhone,iPhone 16 Pro,256GB,2540,iPhone 16 Pro,2024,iPhone,iPhone 16 Pro,,,,,,,256.0,,
Retailer Trade-in,iTworld,iPhone,iPhone 16 Pro,512GB,2700,iPhone 16 Pro,2024,iPhone,iPhone 16 Pro,,,,,,,512.0,,
Retailer Trade-in,iTworld,iPhone,iPhone 16 Pro,1TB,2900,iPhone 16 Pro,2024,iPhone,iPhone 16 Pro,,,,,,,1024.0,,
Retailer Trade-in,iTworld,iPhone,iPhone 16 Pro Max,256GB,3010,iPhone 16 Pro Max,2024,iPhone,iPhone 16 Pro Max,,,,,,,256.0,,
Retailer Trade-in,iTworld,iPhone,iPhone 16 Pro Max,512GB,3200,iPhone 16 Pro Max,2024,iPhone,iPhone 16 Pro Max,,,,,,,512.0,,
Retailer Trade-in,iTworld,iPhone,iPhone 16 Pro Max,1TB,3500,iPhone 16 Pro Max,2024,iPhone,iPhone 16 Pro Max,,,,,,,1024.0,,
Retailer Trade-in,iTworld,iPhone,iPhone 16e,128GB,1050,iPhone 16e,2025,iPhone,iPhone 16e,,,,,,,128.0,,
Retailer Trade-in,iTworld,iPhone,iPhone 16e,256GB,1200,iPhone 16e,2025,iPhone,iPhone 16e,,,,,,,256.0,,
Retailer Trade-in,iTworld,iPhone,iPhone 16e,512GB,1500,iPhone 16e,2025,iPhone,iPhone 16e,,,,,,,512.0,,
Retailer Trade-in,iTworld,iPhone,iPhone 17,256GB,2290,iPhone 17,2025,iPhone,iPhone 17,,,,,,,256.0,,
Retailer Trade-in,iTworld,iPhone,iPhone 17,512GB,2700,iPhone 17,2025,iPhone,iPhone 17,,,,,,,512.0,,
Retailer Trade-in,iTworld,iPhone,iPhone 17 Pro,256GB,3190,iPhone 17 Pro,2025,iPhone,iPhone 17 Pro,,,,,,,256.0,,
Retailer Trade-in,iTworld,iPhone,iPhone 17 Pro,512GB,3600,iPhone 17 Pro,2025,iPhone,iPhone 17 Pro,,,,,,,512.0,,
Retailer Trade-in,iTworld,iPhone,iPhone 17 Pro,1TB,4150,iPhone 17 Pro,2025,iPhone,iPhone 17 Pro,,,,,,,1024.0,,
Retailer Trade-in,iTworld,iPhone,iPhone 17 Pro Max,256GB,3500,iPhone 17 Pro Max,2025,iPhone,iPhone 17 Pro Max,,,,,,,256.0,,
Retailer Trade-in,iTworld,iPhone,iPhone 17 Pro Max,512GB,4130,iPhone 17 Pro Max,2025,iPhone,iPhone 17 Pro Max,,,,,,,512.0,,
Retailer Trade-in,iTworld,iPhone,iPhone 17 Pro Max,1TB,4800,iPhone 17 Pro Max,2025,iPhone,iPhone 17 Pro Max,,,,,,,1024.0,,
Retailer Trade-in,iTworld,iPhone,iPhone 17 Pro Max,2TB,6010,iPhone 17 Pro Max,2025,iPhone,iPhone 17 Pro Max,,,,,,,2048.0,,
Retailer Trade-in,iTworld,iPhone,iPhone 5s,16GB,5,iPhone 5s,2013,iPhone,iPhone 5s,,,,,,,16.0,,
Retailer Trade-in,iTworld,iPhone,iPhone 5s,32GB,5,iPhone 5s,2013,iPhone,iPhone 5s,,,,,,,32.0,,
Retailer Trade-in,iTworld,iPhone,iPhone 5s,64GB,5,iPhone 5s,2013,iPhone,iPhone 5s,,,,,,,64.0,,
Retailer Trade-in,iTworld,iPhone,iPhone 6,16GB,5,iPhone 6,2014,iPhone,iPhone 6,,,,,,,16.0,,
Retailer Trade-in,iTworld,iPhone,iPhone 6,32GB,5,iPhone 6,2014,iPhone,iPhone 6,,,,,,,32.0,,
Retailer Trade-in,iTworld,iPhone,iPhone 6,64GB,5,iPhone 6,2014,iPhone,iPhone 6,,,,,,,64.0,,
Retailer Trade-in,iTworld,iPhone,iPhone 6,128GB,5,iPhone 6,2014,iPhone,iPhone 6,,,,,,,128.0,,
Retailer Trade-in,iTworld,iPhone,iPhone 6 Plus,16GB,10,iPhone 6 Plus,2014,iPhone,iPhone 6 Plus,,,,,,,16.0,,
Retailer Trade-in,iTworld,iPhone,iPhone 6 Plus,64GB,10,iPhone 6 Plus,2014,iPhone,iPhone 6 Plus,,,,,,,64.0,,
Retailer Trade-in,iTworld,iPhone,iPhone 6 Plus,128GB,10,iPhone 6 Plus,2014,iPhone,iPhone 6 Plus,,,,,,,128.0,,
Retailer Trade-in,iTworld,iPhone,iPhone 6s,16GB,10,iPhone 6s,2015,iPhone,iPhone 6s,,,,,,,16.0,,
Retailer Trade-in,iTworld,iPhone,iPhone 6s,32GB,10,iPhone 6s,2015,iPhone,iPhone 6s,,,,,,,32.0,,
Retailer Trade-in,iTworld,iPhone,iPhone 6s,64GB,10,iPhone 6s,2015,iPhone,iPhone 6s,,,,,,,64.0,,
Retailer Trade-in,iTworld,iPhone,iPhone 6s,128GB,10,iPhone 6s,2015,iPhone,iPhone 6s,,,,,,,128.0,,
Retailer Trade-in,iTworld,iPhone,iPhone 6s Plus,16GB,20,iPhone 6s Plus,2015,iPhone,iPhone 6s Plus,,,,,,,16.0,,
Retailer Trade-in,iTworld,iPhone,iPhone 6s Plus,32GB,20,iPhone 6s Plus,2015,iPhone,iPhone 6s Plus,,,,,,,32.0,,
Retailer Trade-in,iTworld,iPhone,iPhone 6s Plus,64GB,20,iPhone 6s Plus,2015,iPhone,iPhone 6s Plus,,,,,,,64.0,,
Retailer Trade-in,iTworld,iPhone,iPhone 6s Plus,128GB,20,iPhone 6s Plus,2015,iPhone,iPhone 6s Plus,,,,,,,128.0,,
Retailer Trade-in,iTworld,iPhone,iPhone 7,32GB,50,iPhone 7,2016,iPhone,iPhone 7,,,,,,,32.0,,
Retailer Trade-in,iTworld,iPhone,iPhone 7,128GB,70,iPhone 7,2016,iPhone,iPhone 7,,,,,,,128.0,,
Retailer Trade-in,iTworld,iPhone,iPhone 7,256GB,90,iPhone 7,2016,iPhone,iPhone 7,,,,,,,256.0,,
Retailer Trade-in,iTworld,iPhone,iPhone 7 Plus,32GB,80,iPhone 7 Plus,2016,iPhone,iPhone 7 Plus,,,,,,,32.0,,
Retailer Trade-in,iTworld,iPhone,iPhone 7 Plus,128GB,110,iPhone 7 Plus,2016,iPhone,iPhone 7 Plus,,,,,,,128.0,,
Retailer Trade-in,iTworld,iPhone,iPhone 7 Plus,256GB,140,iPhone 7 Plus,2016,iPhone,iPhone 7 Plus,,,,,,,256.0,,
Retailer Trade-in,iTworld,iPhone,iPhone 8,64GB,120,iPhone 8,2017,iPhone,iPhone 8,,,,,,,64.0,,
Retailer Trade-in,iTworld,iPhone,iPhone 8,128GB,140,iPhone 8,2017,iPhone,iPhone 8,,,,,,,128.0,,
Retailer Trade-in,iTworld,iPhone,iPhone 8,256GB,180,iPhone 8,2017,iPhone,iPhone 8,,,,,,,256.0,,
Retailer Trade-in,iTworld,iPhone,iPhone 8 Plus,64GB,130,iPhone 8 Plus,2017,iPhone,iPhone 8 Plus,,,,,,,64.0,,
Retailer Trade-in,iTworld,iPhone,iPhone 8 Plus,128GB,160,iPhone 8 Plus,2017,iPhone,iPhone 8 Plus,,,,,,,128.0,,
Retailer Trade-in,iTworld,iPhone,iPhone 8 Plus,256GB,190,iPhone 8 Plus,2017,iPhone,iPhone 8 Plus,,,,,,,256.0,,
Retailer Trade-in,iTworld,iPhone,iPhone Air,256GB,2200,iPhone Air,2025,iPhone,iPhone Air,,,,,,,256.0,,
Retailer Trade-in,iTworld,iPhone,iPhone Air,512GB,2400,iPhone Air,2025,iPhone,iPhone Air,,,,,,,512.0,,
Retailer Trade-in,iTworld,iPhone,iPhone Air,1TB,2800,iPhone Air,2025,iPhone,iPhone Air,,,,,,,1024.0,,
Retailer Trade-in,iTworld,iPhone,iPhone SE,16GB,5,iPhone SE,2016,iPhone,iPhone SE,,,,,,,16.0,,
Retailer Trade-in,iTworld,iPhone,iPhone SE,32GB,5,iPhone SE,2016,iPhone,iPhone SE,,,,,,,32.0,,
Retailer Trade-in,iTworld,iPhone,iPhone SE,64GB,5,iPhone SE,2016,iPhone,iPhone SE,,,,,,,64.0,,
Retailer Trade-in,iTworld,iPhone,iPhone SE,128GB,5,iPhone SE,2016,iPhone,iPhone SE,,,,,,,128.0,,
Retailer Trade-in,iTworld,iPhone,iPhone SE (2020),64GB,120,iPhone SE (2020),2020,iPhone,iPhone SE,,2020,,,,,64.0,,
Retailer Trade-in,iTworld,iPhone,iPhone SE (2020),128GB,170,iPhone SE (2020),2020,iPhone,iPhone SE,,2020,,,,,128.0,,
Retailer Trade-in,iTworld,iPhone,iPhone SE (2020),256GB,220,iPhone SE (2020),2020,iPhone,iPhone SE,,2020,,,,,256.0,,
Retailer Trade-in,iTworld,iPhone,iPhone SE (2022),64GB,170,iPhone SE (2022),2022,iPhone,iPhone SE,,2022,,,,,64.0,,
Retailer Trade-in,iTworld,iPhone,iPhone SE (2022),128GB,220,iPhone SE (2022),2022,iPhone,iPhone SE,,2022,,,,,128.0,,
Retailer Trade-in,iTworld,iPhone,iPhone SE (2022),256GB,270,iPhone SE (2022),2022,iPhone,iPhone SE,,2022,,,,,256.0,,
Retailer Trade-in,iTworld,iPhone,iPhone X,64GB,140,iPhone X,2017,iPhone,iPhone X,,,,,,,64.0,,
Retailer Trade-in,iTworld,iPhone,iPhone X,256GB,190,iPhone X,2017,iPhone,iPhone X,,,,,,,256.0,,
Retailer Trade-in,iTworld,iPhone,iPhone Xr,64GB,160,iPhone XR,2018,iPhone,iPhone Xr,,,,,,,64.0,,
Retailer Trade-in,iTworld,iPhone,iPhone Xr,128GB,230,iPhone XR,2018,iPhone,iPhone Xr,,,,,,,128.0,,
Retailer Trade-in,iTworld,iPhone,iPhone Xr,256GB,280,iPhone XR,2018,iPhone,iPhone Xr,,,,,,,256.0,,
Retailer Trade-in,iTworld,iPhone,iPhone Xs,64GB,210,iPhone XS,2018,iPhone,iPhone Xs,,,,,,,64.0,,
Retailer Trade-in,iTworld,iPhone,iPhone Xs,256GB,260,iPhone XS,2018,iPhone,iPhone Xs,,,,,,,256.0,,
Retailer Trade-in,iTworld,iPhone,iPhone Xs,512GB,310,iPhone XS,2018,iPhone,iPhone Xs,,,,,,,512.0,,
Retailer Trade-in,iTworld,iPhone,iPhone Xs Max,64GB,290,iPhone XS Max,2018,iPhone,iPhone Xs Max,,,,,,,64.0,,
Retailer Trade-in,iTworld,iPhone,iPhone Xs Max,256GB,370,iPhone XS Max,2018,iPhone,iPhone Xs Max,,,,,,,256.0,,
Retailer Trade-in,iTworld,iPhone,iPhone Xs Max,512GB,400,iPhone XS Max,2018,iPhone,iPhone Xs Max,,,,,,,512.0,,
Retailer Trade-in,iTworld,iPad,iPad 10 10.9-inch,"64GB, Cellular",690,iPad 10,2022,iPad,iPad,10.0,,10.9,,,,64.0,,Wi-Fi + Cellular
Retailer Trade-in,iTworld,iPad,iPad 10 10.9-inch,"256GB, Cellular",800,iPad 10,2022,iPad,iPad,10.0,,10.9,,,,256.0,,Wi-Fi + Cellular
Retailer Trade-in,iTworld,iPad,iPad 10 10.9-inch,"64GB, Wi-Fi",610,iPad 10,2022,iPad,iPad,10.0,,10.9,,,,64.0,,Wi-Fi
Retailer Trade-in,iTworld,iPad,iPad 10 10.9-inch,"256GB, Wi-Fi",690,iPad 10,2022,iPad,iPad,10.0,,10.9,,,,256.0,,Wi-Fi
Retailer Trade-in,iTworld,iPad,iPad 11 11-inch A16,"128GB, Cellular",840,iPad 11 A16,2025,iPad,iPad,11.0,,11.0,,,,128.0,,Wi-Fi + Cellular
Retailer Trade-in,iTworld,iPad,iPad 11 11-inch A16,"256GB, Cellular",1040,iPad 11 A16,2025,iPad,iPad,11.0,,11.0,,,,256.0,,Wi-Fi + Cellular
Retailer Trade-in,iTworld,iPad,iPad 11 11-inch A16,"512GB, Cellular",1370,iPad 11 A16,2025,iPad,iPad,11.0,,11.0,,,,512.0,,Wi-Fi + Cellular
Retailer Trade-in,iTworld,iPad,iPad 11 11-inch A16,"128GB, Wi-Fi",640,iPad 11 A16,2025,iPad,iPad,11.0,,11.0,,,,128.0,,Wi-Fi
Retailer Trade-in,iTworld,iPad,iPad 11 11-inch A16,"256GB, Wi-Fi",820,iPad 11 A16,2025,iPad,iPad,11.0,,11.0,,,,256.0,,Wi-Fi
Retailer Trade-in,iTworld,iPad,iPad 11 11-inch A16,"512GB, Wi-Fi",1110,iPad 11 A16,2025,iPad,iPad,11.0,,11.0,,,,512.0,,Wi-Fi
Retailer Trade-in,iTworld,iPad,iPad 4 9.7-inch,16GB Cellular,60,iPad 4,2012,iPad,iPad,4.0,,9.7,,,,16.0,,Wi-Fi + Cellular
Retailer Trade-in,iTworld,iPad,iPad 4 9.7-inch,16GB Wi-Fi,50,iPad 4,2012,iPad,iPad,4.0,,9.7,,,,16.0,,Wi-Fi
Retailer Trade-in,iTworld,iPad,iPad 4 9.7-inch,32GB Cellular,60,iPad 4,2012,iPad,iPad,4.0,,9.7,,,,32.0,,Wi-Fi + Cellular
Retailer Trade-in,iTworld,iPad,iPad 4 9.7-inch,32GB Wi-Fi,50,iPad 4,2012,iPad,iPad,4.0,,9.7,,,,32.0,,Wi-Fi
Retailer Trade-in,iTworld,iPad,iPad 4 9.7-inch,64GB Cellular,60,iPad 4,2012,iPad,iPad,4.0,,9.7,,,,64.0,,Wi-Fi + Cellular
Retailer Trade-in,iTworld,iPad,iPad 4 9.7-inch,64GB Wi-Fi,50,iPad 4,2012,iPad,iPad,4.0,,9.7,,,,64.0,,Wi-Fi
Retailer Trade-in,iTworld,iPad,iPad 4 9.7-inch,128GB Cellular,60,iPad 4,2012,iPad,iPad,4.0,,9.7,,,,128.0,,Wi-Fi + Cellular
Retailer Trade-in,iTworld,iPad,iPad 4 9.7-inch,128GB Wi-Fi,50,iPad 4,2012,iPad,iPad,4.0,,9.7,,,,128.0,,Wi-Fi
Retailer Trade-in,iTworld,iPad,iPad 5 9.7-inch,32GB Cellular,100,iPad 5,2017,iPad,iPad,5.0,,9.7,,,,32.0,,Wi-Fi + Cellular
Retailer Trade-in,iTworld,iPad,iPad 5 9.7-inch,32GB Wi-Fi,80,iPad 5,2017,iPad,iPad,5.0,,9.7,,,,32.0,,Wi-Fi
Retailer Trade-in,iTworld,iPad,iPad 5 9.7-inch,128GB Cellular,130,iPad 5,2017,iPad,iPad,5.0,,9.7,,,,128.0,,Wi-Fi + Cellular
Retailer Trade-in,iTworld,iPad,iPad 5 9.7-inch,128GB Wi-Fi,100,iPad 5,2017,iPad,iPad,5.0,,9.7,,,,128.0,,Wi-Fi
Retailer Trade-in,iTworld,iPad,iPad 6 9.7-inch,32GB Cellular,130,iPad 6,2018,iPad,iPad,6.0,,9.7,,,,32.0,,Wi-Fi + Cellular
Retailer Trade-in,iTworld,iPad,iPad 6 9.7-inch,32GB Wi-Fi,100,iPad 6,2018,iPad,iPad,6.0,,9.7,,,,32.0,,Wi-Fi
Retailer Trade-in,iTworld,iPad,iPad 6 9.7-inch,128GB Cellular,170,iPad 6,2018,iPad,iPad,6.0,,9.7,,,,128.0,,Wi-Fi + Cellular
Retailer Trade-in,iTworld,iPad,iPad 6 9.7-inch,128GB Wi-Fi,130,iPad 6,2018,iPad,iPad,6.0,,9.7,,,,128.0,,Wi-Fi
Retailer Trade-in,iTworld,iPad,iPad 7 10.2‑inch,32GB Cellular,170,iPad 7 10.2‑inch,2019,iPad,iPad,7.0,,,,,,32.0,,Wi-Fi + Cellular
Retailer Trade-in,iTworld,iPad,iPad 7 10.2‑inch,32GB Wi-Fi,150,iPad 7 10.2‑inch,2019,iPad,iPad,7.0,,,,,,32.0,,Wi-Fi
Retailer Trade-in,iTworld,iPad,iPad 7 10.2‑inch,128GB Cellular,340,iPad 7 10.2‑inch,2019,iPad,iPad,7.0,,,,,,128.0,,Wi-Fi + Cellular
Retailer Trade-in,iTworld,iPad,iPad 7 10.2‑inch,128GB Wi-Fi,240,iPad 7 10.2‑inch,2019,iPad,iPad,7.0,,,,,,128.0,,Wi-Fi
Retailer Trade-in,iTworld,iPad,iPad 8 10.2-inch,32GB Cellular,310,iPad 8,2020,iPad,iPad,8.0,,10.2,,,,32.0,,Wi-Fi + Cellular
Retailer Trade-in,iTworld,iPad,iPad 8 10.2-inch,32GB Wi-Fi,200,iPad 8,2020,iPad,iPad,8.0,,10.2,,,,32.0,,Wi-Fi
Retailer Trade-in,iTworld,iPad,iPad 8 10.2-inch,128GB Cellular,360,iPad 8,2020,iPad,iPad,8.0,,10.2,,,,128.0,,Wi-Fi + Cellular
Retailer Trade-in,iTworld,iPad,iPad 8 10.2-inch,128GB Wi-Fi,260,iPad 8,2020,iPad,iPad,8.0,,10.2,,,,128.0,,Wi-Fi
Retailer Trade-in,iTworld,iPad,iPad 9 10.2-inch,64GB Cellular,350,iPad 9,2021,iPad,iPad,9.0,,10.2,,,,64.0,,Wi-Fi + Cellular
Retailer Trade-in,iTworld,iPad,iPad 9 10.2-inch,64GB Wi-Fi,300,iPad 9,2021,iPad,iPad,9.0,,10.2,,,,64.0,,Wi-Fi
Retailer Trade-in,iTworld,iPad,iPad 9 10.2-inch,256GB Cellular,450,iPad 9,2021,iPad,iPad,9.0,,10.2,,,,256.0,,Wi-Fi + Cellular
Retailer Trade-in,iTworld,iPad,iPad 9 10.2-inch,256GB Wi-Fi,400,iPad 9,2021,iPad,iPad,9.0,,10.2,,,,256.0,,Wi-Fi
Retailer Trade-in,iTworld,iPad,iPad Air 1,16GB Cellular,60,iPad Air 1,2013,iPad,iPad Air,1.0,,,,,,16.0,,Wi-Fi + Cellular
Retailer Trade-in,iTworld,iPad,iPad Air 1,16GB Wi-Fi,40,iPad Air 1,2013,iPad,iPad Air,1.0,,,,,,16.0,,Wi-Fi
Retailer Trade-in,iTworld,iPad,iPad Air 1,32GB Cellular,80,iPad Air 1,2013,iPad,iPad Air,1.0,,,,,,32.0,,Wi-Fi + Cellular
Retailer Trade-in,iTworld,iPad,iPad Air 1,32GB Wi-Fi,60,iPad Air 1,2013,iPad,iPad Air,1.0,,,,,,32.0,,Wi-Fi
Retailer Trade-in,iTworld,iPad,iPad Air 1,64GB Cellular,90,iPad Air 1,2013,iPad,iPad Air,1.0,,,,,,64.0,,Wi-Fi + Cellular
Retailer Trade-in,iTworld,iPad,iPad Air 1,64GB Wi-Fi,70,iPad Air 1,2013,iPad,iPad Air,1.0,,,,,,64.0,,Wi-Fi
Retailer Trade-in,iTworld,iPad,iPad Air 1,128GB Cellular,100,iPad Air 1,2013,iPad,iPad Air,1.0,,,,,,128.0,,Wi-Fi + Cellular
Retailer Trade-in,iTworld,iPad,iPad Air 1,128GB Wi-Fi,80,iPad Air 1,2013,iPad,iPad Air,1.0,,,,,,128.0,,Wi-Fi
Retailer Trade-in,iTworld,iPad,iPad Air 2,16GB Cellular,100,iPad Air 2,2014,iPad,iPad Air,2.0,,,,,,16.0,,Wi-Fi + Cellular
Retailer Trade-in,iTworld,iPad,iPad Air 2,16GB Wi-Fi,80,iPad Air 2,2014,iPad,iPad Air,2.0,,,,,,16.0,,Wi-Fi
Retailer Trade-in,iTworld,iPad,iPad Air 2,32GB Cellular,120,iPad Air 2,2014,iPad,iPad Air,2.0,,,,,,32.0,,Wi-Fi + Cellular
Retailer Trade-in,iTworld,iPad,iPad Air 2,32GB Wi-Fi,90,iPad Air 2,2014,iPad,iPad Air,2.0,,,,,,32.0,,Wi-Fi
Retailer Trade-in,iTworld,iPad,iPad Air 2,64GB Cellular,130,iPad Air 2,2014,iPad,iPad Air,2.0,,,,,,64.0,,Wi-Fi + Cellular
Retailer Trade-in,iTworld,iPad,iPad Air 2,64GB Wi-Fi,100,iPad Air 2,2014,iPad,iPad Air,2.0,,,,,,64.0,,Wi-Fi
Retailer Trade-in,iTworld,iPad,iPad Air 2,128GB Cellular,150,iPad Air 2,2014,iPad,iPad Air,2.0,,,,,,128.0,,Wi-Fi + Cellular
Retailer Trade-in,iTworld,iPad,iPad Air 2,128GB Wi-Fi,120,iPad Air 2,2014,iPad,iPad Air,2.0,,,,,,128.0,,Wi-Fi
Retailer Trade-in,iTworld,iPad,iPad Air 3,64GB Cellular,350,iPad Air 3,2019,iPad,iPad Air,3.0,,,,,,64.0,,Wi-Fi + Cellular
Retailer Trade-in,iTworld,iPad,iPad Air 3,64GB Wi-Fi,250,iPad Air 3,2019,iPad,iPad Air,3.0,,,,,,64.0,,Wi-Fi
Retailer Trade-in,iTworld,iPad,iPad Air 3,256GB Cellular,500,iPad Air 3,2019,iPad,iPad Air,3.0,,,,,,256.0,,Wi-Fi + Cellular
Retailer Trade-in,iTworld,iPad,iPad Air 3,256GB Wi-Fi,400,iPad Air 3,2019,iPad,iPad Air,3.0,,,,,,256.0,,Wi-Fi
Retailer Trade-in,iTworld,iPad,iPad Air 4,64GB Cellular,730,iPad Air 4,2020,iPad,iPad Air,4.0,,,,,,64.0,,Wi-Fi + Cellular
Retailer Trade-in,iTworld,iPad,iPad Air 4,64GB Wi-Fi,560,iPad Air 4,2020,iPad,iPad Air,4.0,,,,,,64.0,,Wi-Fi
Retailer Trade-in,iTworld,iPad,iPad Air 4,256GB Cellular,850,iPad Air 4,2020,iPad,iPad Air,4.0,,,,,,256.0,,Wi-Fi + Cellular
Retailer Trade-in,iTworld,iPad,iPad Air 4,256GB Wi-Fi,700,iPad Air 4,2020,iPad,iPad Air,4.0,,,,,,256.0,,Wi-Fi
Retailer Trade-in,iTworld,iPad,iPad Air 5,64GB Cellular,950,iPad Air 5,2022,iPad,iPad Air,5.0,,,,,,64.0,,Wi-Fi + Cellular
Retailer Trade-in,iTworld,iPad,iPad Air 5,64GB Wi-Fi,840,iPad Air 5,2022,iPad,iPad Air,5.0,,,,,,64.0,,Wi-Fi
Retailer Trade-in,iTworld,iPad,iPad Air 5,256GB Cellular,1050,iPad Air 5,2022,iPad,iPad Air,5.0,,,,,,256.0,,Wi-Fi + Cellular
Retailer Trade-in,iTworld,iPad,iPad Air 5,256GB Wi-Fi,950,iPad Air 5,2022,iPad,iPad Air,5.0,,,,,,256.0,,Wi-Fi
Retailer Trade-in,iTworld,iPad,iPad Air 6 M2 11-inch,"128GB, Cellular",1400,iPad Air 6,2024,iPad,iPad Air,6.0,,11.0,,,,128.0,,Wi-Fi + Cellular
Retailer Trade-in,iTworld,iPad,iPad Air 6 M2 11-inch,"256GB, Cellular",1530,iPad Air 6,2024,iPad,iPad Air,6.0,,11.0,,,,256.0,,Wi-Fi + Cellular
Retailer Trade-in,iTworld,iPad,iPad Air 6 M2 11-inch,"512GB, Cellular",1650,iPad Air 6,2024,iPad,iPad Air,6.0,,11.0,,,,512.0,,Wi-Fi + Cellular
Retailer Trade-in,iTworld,iPad,iPad Air 6 M2 11-inch,"1TB, Cellular",1850,iPad Air 6,2024,iPad,iPad Air,6.0,,11.0,,,,1024.0,,Wi-Fi + Cellular
Retailer Trade-in,iTworld,iPad,iPad Air 6 M2 11-inch,"128GB, Wi-Fi",1050,iPad Air 6,2024,iPad,iPad Air,6.0,,11.0,,,,128.0,,Wi-Fi
Retailer Trade-in,iTworld,iPad,iPad Air 6 M2 11-inch,"256GB, Wi-Fi",1150,iPad Air 6,2024,iPad,iPad Air,6.0,,11.0,,,,256.0,,Wi-Fi
Retailer Trade-in,iTworld,iPad,iPad Air 6 M2 11-inch,"512GB, Wi-Fi",1300,iPad Air 6,2024,iPad,iPad Air,6.0,,11.0,,,,512.0,,Wi-Fi
Retailer Trade-in,iTworld,iPad,iPad Air 6 M2 11-inch,"1TB, Wi-Fi",1450,iPad Air 6,2024,iPad,iPad Air,6.0,,11.0,,,,1024.0,,Wi-Fi
Retailer Trade-in,iTworld,iPad,iPad Air 6 M2 13-inch,"128GB, Cellular",1580,iPad Air 6,2024,iPad,iPad Air,6.0,,13.0,,,,128.0,,Wi-Fi + Cellular
Retailer Trade-in,iTworld,iPad,iPad Air 6 M2 13-inch,"256GB, Cellular",1780,iPad Air 6,2024,iPad,iPad Air,6.0,,13.0,,,,256.0,,Wi-Fi + Cellular
Retailer Trade-in,iTworld,iPad,iPad Air 6 M2 13-inch,"512GB, Cellular",1900,iPad Air 6,2024,iPad,iPad Air,6.0,,13.0,,,,512.0,,Wi-Fi + Cellular
Retailer Trade-in,iTworld,iPad,iPad Air 6 M2 13-inch,"1TB, Cellular",2100,iPad Air 6,2024,iPad,iPad Air,6.0,,13.0,,,,1024.0,,Wi-Fi + Cellular
Retailer Trade-in,iTworld,iPad,iPad Air 6 M2 13-inch,"128GB, Wi-Fi",1300,iPad Air 6,2024,iPad,iPad Air,6.0,,13.0,,,,128.0,,Wi-Fi
Retailer Trade-in,iTworld,iPad,iPad Air 6 M2 13-inch,"256GB, Wi-Fi",1480,iPad Air 6,2024,iPad,iPad Air,6.0,,13.0,,,,256.0,,Wi-Fi
Retailer Trade-in,iTworld,iPad,iPad Air 6 M2 13-inch,"512GB, Wi-Fi",1700,iPad Air 6,2024,iPad,iPad Air,6.0,,13.0,,,,512.0,,Wi-Fi
Retailer Trade-in,iTworld,iPad,iPad Air 6 M2 13-inch,"1TB, Wi-Fi",1850,iPad Air 6,2024,iPad,iPad Air,6.0,,13.0,,,,1024.0,,Wi-Fi
Retailer Trade-in,iTworld,iPad,iPad Air 7 M3 11-inch,"128GB, Cellular",1660,iPad Air 7,2025,iPad,iPad Air,7.0,,11.0,,,,128.0,,Wi-Fi + Cellular
Retailer Trade-in,iTworld,iPad,iPad Air 7 M3 11-inch,"256GB, Cellular",1850,iPad Air 7,2025,iPad,iPad Air,7.0,,11.0,,,,256.0,,Wi-Fi + Cellular
Retailer Trade-in,iTworld,iPad,iPad Air 7 M3 11-inch,"512GB, Cellular",2100,iPad Air 7,2025,iPad,iPad Air,7.0,,11.0,,,,512.0,,Wi-Fi + Cellular
Retailer Trade-in,iTworld,iPad,iPad Air 7 M3 11-inch,"1TB, Cellular",2350,iPad Air 7,2025,iPad,iPad Air,7.0,,11.0,,,,1024.0,,Wi-Fi + Cellular
Retailer Trade-in,iTworld,iPad,iPad Air 7 M3 11-inch,"128GB, Wi-Fi",1280,iPad Air 7,2025,iPad,iPad Air,7.0,,11.0,,,,128.0,,Wi-Fi
Retailer Trade-in,iTworld,iPad,iPad Air 7 M3 11-inch,"256GB, Wi-Fi",1480,iPad Air 7,2025,iPad,iPad Air,7.0,,11.0,,,,256.0,,Wi-Fi
Retailer Trade-in,iTworld,iPad,iPad Air 7 M3 11-inch,"512GB, Wi-Fi",1700,iPad Air 7,2025,iPad,iPad Air,7.0,,11.0,,,,512.0,,Wi-Fi
Retailer Trade-in,iTworld,iPad,iPad Air 7 M3 11-inch,"1TB, Wi-Fi",1900,iPad Air 7,2025,iPad,iPad Air,7.0,,11.0,,,,1024.0,,Wi-Fi
Retailer Trade-in,iTworld,iPad,iPad Air 7 M3 13-inch,"128GB, Cellular",1930,iPad Air 7,2025,iPad,iPad Air,7.0,,13.0,,,,128.0,,Wi-Fi + Cellular
Retailer Trade-in,iTworld,iPad,iPad Air 7 M3 13-inch,"256GB, Cellular",2150,iPad Air 7,2025,iPad,iPad Air,7.0,,13.0,,,,256.0,,Wi-Fi + Cellular
Retailer Trade-in,iTworld,iPad,iPad Air 7 M3 13-inch,"512GB, Cellular",2400,iPad Air 7,2025,iPad,iPad Air,7.0,,13.0,,,,512.0,,Wi-Fi + Cellular
Retailer Trade-in,iTworld,iPad,iPad Air 7 M3 13-inch,"1TB, Cellular",2700,iPad Air 7,2025,iPad,iPad Air,7.0,,13.0,,,,1024.0,,Wi-Fi + Cellular
Retailer Trade-in,iTworld,iPad,iPad Air 7 M3 13-inch,"128GB, Wi-Fi",1680,iPad Air 7,2025,iPad,iPad Air,7.0,,13.0,,,,128.0,,Wi-Fi
Retailer Trade-in,iTworld,iPad,iPad Air 7 M3 13-inch,"256GB, Wi-Fi",1870,iPad Air 7,2025,iPad,iPad Air,7.0,,13.0,,,,256.0,,Wi-Fi
Retailer Trade-in,iTworld,iPad,iPad Air 7 M3 13-inch,"512GB, Wi-Fi",2100,iPad Air 7,2025,iPad,iPad Air,7.0,,13.0,,,,512.0,,Wi-Fi
Retailer Trade-in,iTworld,iPad,iPad Air 7 M3 13-inch,"1TB, Wi-Fi",2450,iPad Air 7,2025,iPad,iPad Air,7.0,,13.0,,,,1024.0,,Wi-Fi
Retailer Trade-in,iTworld,iPad,iPad Mini,16GB Cellular,40,iPad mini,NaN,iPad,iPad mini,,,,,,,16.0,,Wi-Fi + Cellular
Retailer Trade-in,iTworld,iPad,iPad Mini,16GB Wi-Fi,40,iPad mini,NaN,iPad,iPad mini,,,,,,,16.0,,Wi-Fi
Retailer Trade-in,iTworld,iPad,iPad Mini,32GB Cellular,40,iPad mini,NaN,iPad,iPad mini,,,,,,,32.0,,Wi-Fi + Cellular
Retailer Trade-in,iTworld,iPad,iPad Mini,32GB Wi-Fi,40,iPad mini,NaN,iPad,iPad mini,,,,,,,32.0,,Wi-Fi
Retailer Trade-in,iTworld,iPad,iPad Mini,64GB Cellular,40,iPad mini,NaN,iPad,iPad mini,,,,,,,64.0,,Wi-Fi + Cellular
Retailer Trade-in,iTworld,iPad,iPad Mini,64GB Wi-Fi,40,iPad mini,NaN,iPad,iPad mini,,,,,,,64.0,,Wi-Fi
Retailer Trade-in,iTworld,iPad,iPad Mini 2,16GB Cellular,60,iPad mini 2,2013,iPad,iPad mini,2.0,,,,,,16.0,,Wi-Fi + Cellular
Retailer Trade-in,iTworld,iPad,iPad Mini 2,16GB Wi-Fi,40,iPad mini 2,2013,iPad,iPad mini,2.0,,,,,,16.0,,Wi-Fi
Retailer Trade-in,iTworld,iPad,iPad Mini 2,32GB Cellular,60,iPad mini 2,2013,iPad,iPad mini,2.0,,,,,,32.0,,Wi-Fi + Cellular
Retailer Trade-in,iTworld,iPad,iPad Mini 2,32GB Wi-Fi,40,iPad mini 2,2013,iPad,iPad mini,2.0,,,,,,32.0,,Wi-Fi
Retailer Trade-in,iTworld,iPad,iPad Mini 2,64GB Cellular,60,iPad mini 2,2013,iPad,iPad mini,2.0,,,,,,64.0,,Wi-Fi + Cellular
Retailer Trade-in,iTworld,iPad,iPad Mini 2,64GB Wi-Fi,40,iPad mini 2,2013,iPad,iPad mini,2.0,,,,,,64.0,,Wi-Fi
Retailer Trade-in,iTworld,iPad,iPad Mini 2,128GB Cellular,60,iPad mini 2,2013,iPad,iPad mini,2.0,,,,,,128.0,,Wi-Fi + Cellular
Retailer Trade-in,iTworld,iPad,iPad Mini 2,128GB Wi-Fi,40,iPad mini 2,2013,iPad,iPad mini,2.0,,,,,,128.0,,Wi-Fi
Retailer Trade-in,iTworld,iPad,iPad Mini 3,16GB Cellular,90,iPad mini 3,2014,iPad,iPad mini,3.0,,,,,,16.0,,Wi-Fi + Cellular
Retailer Trade-in,iTworld,iPad,iPad Mini 3,16GB Wi-Fi,80,iPad mini 3,2014,iPad,iPad mini,3.0,,,,,,16.0,,Wi-Fi
Retailer Trade-in,iTworld,iPad,iPad Mini 3,64GB Cellular,120,iPad mini 3,2014,iPad,iPad mini,3.0,,,,,,64.0,,Wi-Fi + Cellular
Retailer Trade-in,iTworld,iPad,iPad Mini 3,64GB Wi-Fi,100,iPad mini 3,2014,iPad,iPad mini,3.0,,,,,,64.0,,Wi-Fi
Retailer Trade-in,iTworld,iPad,iPad Mini 3,128GB Cellular,150,iPad mini 3,2014,iPad,iPad mini,3.0,,,,,,128.0,,Wi-Fi + Cellular
Retailer Trade-in,iTworld,iPad,iPad Mini 3,128GB Wi-Fi,130,iPad mini 3,2014,iPad,iPad mini,3.0,,,,,,128.0,,Wi-Fi
Retailer Trade-in,iTworld,iPad,iPad Mini 4,16GB Cellular,120,iPad mini 4,2015,iPad,iPad mini,4.0,,,,,,16.0,,Wi-Fi + Cellular
Retailer Trade-in,iTworld,iPad,iPad Mini 4,16GB Wi-Fi,100,iPad mini 4,2015,iPad,iPad mini,4.0,,,,,,16.0,,Wi-Fi
Retailer Trade-in,iTworld,iPad,iPad Mini 4,32GB Cellular,170,iPad mini 4,2015,iPad,iPad mini,4.0,,,,,,32.0,,Wi-Fi + Cellular
Retailer Trade-in,iTworld,iPad,iPad Mini 4,32GB Wi-Fi,140,iPad mini 4,2015,iPad,iPad mini,4.0,,,,,,32.0,,Wi-Fi
Retailer Trade-in,iTworld,iPad,iPad Mini 4,64GB Cellular,200,iPad mini 4,2015,iPad,iPad mini,4.0,,,,,,64.0,,Wi-Fi + Cellular
Retailer Trade-in,iTworld,iPad,iPad Mini 4,64GB Wi-Fi,170,iPad mini 4,2015,iPad,iPad mini,4.0,,,,,,64.0,,Wi-Fi
Retailer Trade-in,iTworld,iPad,iPad Mini 4,128GB Cellular,250,iPad mini 4,2015,iPad,iPad mini,4.0,,,,,,128.0,,Wi-Fi + Cellular
Retailer Trade-in,iTworld,iPad,iPad Mini 4,128GB Wi-Fi,200,iPad mini 4,2015,iPad,iPad mini,4.0,,,,,,128.0,,Wi-Fi
Retailer Trade-in,iTworld,iPad,iPad Mini 5,64GB Cellular,350,iPad mini 5,2019,iPad,iPad mini,5.0,,,,,,64.0,,Wi-Fi + Cellular
Retailer Trade-in,iTworld,iPad,iPad Mini 5,64GB Wi-Fi,300,iPad mini 5,2019,iPad,iPad mini,5.0,,,,,,64.0,,Wi-Fi
Retailer Trade-in,iTworld,iPad,iPad Mini 5,256GB Cellular,400,iPad mini 5,2019,iPad,iPad mini,5.0,,,,,,256.0,,Wi-Fi + Cellular
Retailer Trade-in,iTworld,iPad,iPad Mini 5,256GB Wi-Fi,350,iPad mini 5,2019,iPad,iPad mini,5.0,,,,,,256.0,,Wi-Fi
Retailer Trade-in,iTworld,iPad,iPad Mini 6,64GB Cellular,800,iPad mini 6,2021,iPad,iPad mini,6.0,,,,,,64.0,,Wi-Fi + Cellular
Retailer Trade-in,iTworld,iPad,iPad Mini 6,64GB Wi-Fi,590,iPad mini 6,2021,iPad,iPad mini,6.0,,,,,,64.0,,Wi-Fi
Retailer Trade-in,iTworld,iPad,iPad Mini 6,256GB Cellular,900,iPad mini 6,2021,iPad,iPad mini,6.0,,,,,,256.0,,Wi-Fi + Cellular
Retailer Trade-in,iTworld,iPad,iPad Mini 6,256GB Wi-Fi,700,iPad mini 6,2021,iPad,iPad mini,6.0,,,,,,256.0,,Wi-Fi
Retailer Trade-in,iTworld,iPad,iPad Mini 7,"128GB, Cellular",1070,iPad mini 7,2024,iPad,iPad mini,7.0,,,,,,128.0,,Wi-Fi + Cellular
Retailer Trade-in,iTworld,iPad,iPad Mini 7,"256GB, Cellular",1290,iPad mini 7,2024,iPad,iPad mini,7.0,,,,,,256.0,,Wi-Fi + Cellular
Retailer Trade-in,iTworld,iPad,iPad Mini 7,"512GB, Cellular",1520,iPad mini 7,2024,iPad,iPad mini,7.0,,,,,,512.0,,Wi-Fi + Cellular
Retailer Trade-in,iTworld,iPad,iPad Mini 7,"128GB, Wi-Fi",890,iPad mini 7,2024,iPad,iPad mini,7.0,,,,,,128.0,,Wi-Fi
Retailer Trade-in,iTworld,iPad,iPad Mini 7,"256GB, Wi-Fi",1010,iPad mini 7,2024,iPad,iPad mini,7.0,,,,,,256.0,,Wi-Fi
Retailer Trade-in,iTworld,iPad,iPad Mini 7,"512GB, Wi-Fi",1350,iPad mini 7,2024,iPad,iPad mini,7.0,,,,,,512.0,,Wi-Fi
Retailer Trade-in,iTworld,iPad,iPad Pro 10.5‑inch 2017,64GB Cellular,200,iPad Pro 10.5‑inch 2017,2017,iPad,iPad Pro,10.0,2017,,,,,64.0,,Wi-Fi + Cellular
Retailer Trade-in,iTworld,iPad,iPad Pro 10.5‑inch 2017,64GB Wi-Fi,150,iPad Pro 10.5‑inch 2017,2017,iPad,iPad Pro,10.0,2017,,,,,64.0,,Wi-Fi
Retailer Trade-in,iTworld,iPad,iPad Pro 10.5‑inch 2017,256GB Cellular,300,iPad Pro 10.5‑inch 2017,2017,iPad,iPad Pro,10.0,2017,,,,,256.0,,Wi-Fi + Cellular
Retailer Trade-in,iTworld,iPad,iPad Pro 10.5‑inch 2017,256GB Wi-Fi,250,iPad Pro 10.5‑inch 2017,2017,iPad,iPad Pro,10.0,2017,,,,,256.0,,Wi-Fi
Retailer Trade-in,iTworld,iPad,iPad Pro 10.5‑inch 2017,512GB Cellular,350,iPad Pro 10.5‑inch 2017,2017,iPad,iPad Pro,10.0,2017,,,,,512.0,,Wi-Fi + Cellular
Retailer Trade-in,iTworld,iPad,iPad Pro 10.5‑inch 2017,512GB Wi-Fi,300,iPad Pro 10.5‑inch 2017,2017,iPad,iPad Pro,10.0,2017,,,,,512.0,,Wi-Fi
Retailer Trade-in,iTworld,iPad,iPad Pro 11-inch (Gen 2) 2020,128GB Cellular,830,iPad Pro (Gen 2) 2020,2020,iPad,iPad Pro,2.0,2020,11.0,,,,128.0,,Wi-Fi + Cellular
Retailer Trade-in,iTworld,iPad,iPad Pro 11-inch (Gen 2) 2020,128GB Wi-Fi,750,iPad Pro (Gen 2) 2020,2020,iPad,iPad Pro,2.0,2020,11.0,,,,128.0,,Wi-Fi
Retailer Trade-in,iTworld,iPad,iPad Pro 11-inch (Gen 2) 2020,256GB Cellular,930,iPad Pro (Gen 2) 2020,2020,iPad,iPad Pro,2.0,2020,11.0,,,,256.0,,Wi-Fi + Cellular
Retailer Trade-in,iTworld,iPad,iPad Pro 11-inch (Gen 2) 2020,256GB Wi-Fi,830,iPad Pro (Gen 2) 2020,2020,iPad,iPad Pro,2.0,2020,11.0,,,,256.0,,Wi-Fi
Retailer Trade-in,iTworld,iPad,iPad Pro 11-inch (Gen 2) 2020,512GB Cellular,1100,iPad Pro (Gen 2) 2020,2020,iPad,iPad Pro,2.0,2020,11.0,,,,512.0,,Wi-Fi + Cellular
Retailer Trade-in,iTworld,iPad,iPad Pro 11-inch (Gen 2) 2020,512GB Wi-Fi,950,iPad Pro (Gen 2) 2020,2020,iPad,iPad Pro,2.0,2020,11.0,,,,512.0,,Wi-Fi
Retailer Trade-in,iTworld,iPad,iPad Pro 11-inch (Gen 2) 2020,1TB Cellular,1130,iPad Pro (Gen 2) 2020,2020,iPad,iPad Pro,2.0,2020,11.0,,,,1024.0,,Wi-Fi + Cellular
Retailer Trade-in,iTworld,iPad,iPad Pro 11-inch (Gen 2) 2020,1TB Wi-Fi,1000,iPad Pro (Gen 2) 2020,2020,iPad,iPad Pro,2.0,2020,11.0,,,,1024.0,,Wi-Fi
Retailer Trade-in,iTworld,iPad,iPad Pro 11-inch (Gen 3) 2021,128GB Cellular,1130,iPad Pro (Gen 3) 2021,2021,iPad,iPad Pro,3.0,2021,11.0,,,,128.0,,Wi-Fi + Cellular
Retailer Trade-in,iTworld,iPad,iPad Pro 11-inch (Gen 3) 2021,128GB Wi-Fi,1030,iPad Pro (Gen 3) 2021,2021,iPad,iPad Pro,3.0,2021,11.0,,,,128.0,,Wi-Fi
Retailer Trade-in,iTworld,iPad,iPad Pro 11-inch (Gen 3) 2021,256GB Cellular,1320,iPad Pro (Gen 3) 2021,2021,iPad,iPad Pro,3.0,2021,11.0,,,,256.0,,Wi-Fi + Cellular
Retailer Trade-in,iTworld,iPad,iPad Pro 11-inch (Gen 3) 2021,256GB Wi-Fi,1200,iPad Pro (Gen 3) 2021,2021,iPad,iPad Pro,3.0,2021,11.0,,,,256.0,,Wi-Fi
Retailer Trade-in,iTworld,iPad,iPad Pro 11-inch (Gen 3) 2021,512GB Cellular,1480,iPad Pro (Gen 3) 2021,2021,iPad,iPad Pro,3.0,2021,11.0,,,,512.0,,Wi-Fi + Cellular
Retailer Trade-in,iTworld,iPad,iPad Pro 11-inch (Gen 3) 2021,512GB Wi-Fi,1330,iPad Pro (Gen 3) 2021,2021,iPad,iPad Pro,3.0,2021,11.0,,,,512.0,,Wi-Fi
Retailer Trade-in,iTworld,iPad,iPad Pro 11-inch (Gen 3) 2021,1TB Cellular,1560,iPad Pro (Gen 3) 2021,2021,iPad,iPad Pro,3.0,2021,11.0,,,,1024.0,,Wi-Fi + Cellular
Retailer Trade-in,iTworld,iPad,iPad Pro 11-inch (Gen 3) 2021,1TB Wi-Fi,1370,iPad Pro (Gen 3) 2021,2021,iPad,iPad Pro,3.0,2021,11.0,,,,1024.0,,Wi-Fi
Retailer Trade-in,iTworld,iPad,iPad Pro 11-inch (Gen 3) 2021,2TB Cellular,1750,iPad Pro (Gen 3) 2021,2021,iPad,iPad Pro,3.0,2021,11.0,,,,2048.0,,Wi-Fi + Cellular
Retailer Trade-in,iTworld,iPad,iPad Pro 11-inch (Gen 3) 2021,2TB Wi-Fi,1560,iPad Pro (Gen 3) 2021,2021,iPad,iPad Pro,3.0,2021,11.0,,,,2048.0,,Wi-Fi
Retailer Trade-in,iTworld,iPad,iPad Pro 11-inch M2 (Gen 4) 2022,128GB Cellular,1400,iPad Pro (Gen 4) 2022,2022,iPad,iPad Pro,4.0,2022,11.0,,,,128.0,,Wi-Fi + Cellular
Retailer Trade-in,iTworld,iPad,iPad Pro 11-inch M2 (Gen 4) 2022,128GB Wi-Fi,1230,iPad Pro (Gen 4) 2022,2022,iPad,iPad Pro,4.0,2022,11.0,,,,128.0,,Wi-Fi
Retailer Trade-in,iTworld,iPad,iPad Pro 11-inch M2 (Gen 4) 2022,256GB Cellular,1530,iPad Pro (Gen 4) 2022,2022,iPad,iPad Pro,4.0,2022,11.0,,,,256.0,,Wi-Fi + Cellular
Retailer Trade-in,iTworld,iPad,iPad Pro 11-inch M2 (Gen 4) 2022,256GB Wi-Fi,1380,iPad Pro (Gen 4) 2022,2022,iPad,iPad Pro,4.0,2022,11.0,,,,256.0,,Wi-Fi
Retailer Trade-in,iTworld,iPad,iPad Pro 11-inch M2 (Gen 4) 2022,512GB Cellular,1650,iPad Pro (Gen 4) 2022,2022,iPad,iPad Pro,4.0,2022,11.0,,,,512.0,,Wi-Fi + Cellular
Retailer Trade-in,iTworld,iPad,iPad Pro 11-inch M2 (Gen 4) 2022,512GB Wi-Fi,1500,iPad Pro (Gen 4) 2022,2022,iPad,iPad Pro,4.0,2022,11.0,,,,512.0,,Wi-Fi
Retailer Trade-in,iTworld,iPad,iPad Pro 11-inch M2 (Gen 4) 2022,1TB Cellular,1750,iPad Pro (Gen 4) 2022,2022,iPad,iPad Pro,4.0,2022,11.0,,,,1024.0,,Wi-Fi + Cellular
Retailer Trade-in,iTworld,iPad,iPad Pro 11-inch M2 (Gen 4) 2022,1TB Wi-Fi,1600,iPad Pro (Gen 4) 2022,2022,iPad,iPad Pro,4.0,2022,11.0,,,,1024.0,,Wi-Fi
Retailer Trade-in,iTworld,iPad,iPad Pro 11-inch M2 (Gen 4) 2022,2TB Cellular,1950,iPad Pro (Gen 4) 2022,2022,iPad,iPad Pro,4.0,2022,11.0,,,,2048.0,,Wi-Fi + Cellular
Retailer Trade-in,iTworld,iPad,iPad Pro 11-inch M2 (Gen 4) 2022,2TB Wi-Fi,1800,iPad Pro (Gen 4) 2022,2022,iPad,iPad Pro,4.0,2022,11.0,,,,2048.0,,Wi-Fi
Retailer Trade-in,iTworld,iPad,iPad Pro 11-inch M4 (Gen 5) 2024 Nano Glass,"1TB, Cellular",3000,iPad Pro (Gen 5) 2024 Nano Glass,2024,iPad,iPad Pro,5.0,2024,11.0,,,,1024.0,,Wi-Fi + Cellular
Retailer Trade-in,iTworld,iPad,iPad Pro 11-inch M4 (Gen 5) 2024 Nano Glass,"2TB, Cellular",3550,iPad Pro (Gen 5) 2024 Nano Glass,2024,iPad,iPad Pro,5.0,2024,11.0,,,,2048.0,,Wi-Fi + Cellular
Retailer Trade-in,iTworld,iPad,iPad Pro 11-inch M4 (Gen 5) 2024 Standard Glass,"256GB, Cellular",2100,iPad Pro (Gen 5) 2024 Standard Glass,2024,iPad,iPad Pro,5.0,2024,11.0,,,,256.0,,Wi-Fi + Cellular
Retailer Trade-in,iTworld,iPad,iPad Pro 11-inch M4 (Gen 5) 2024 Standard Glass,"512GB, Cellular",2430,iPad Pro (Gen 5) 2024 Standard Glass,2024,iPad,iPad Pro,5.0,2024,11.0,,,,512.0,,Wi-Fi + Cellular
Retailer Trade-in,iTworld,iPad,iPad Pro 11-inch M4 (Gen 5) 2024 Standard Glass,"1TB, Cellular",2950,iPad Pro (Gen 5) 2024 Standard Glass,2024,iPad,iPad Pro,5.0,2024,11.0,,,,1024.0,,Wi-Fi + Cellular
Retailer Trade-in,iTworld,iPad,iPad Pro 11-inch M4 (Gen 5) 2024 Standard Glass,"2TB, Cellular",3500,iPad Pro (Gen 5) 2024 Standard Glass,2024,iPad,iPad Pro,5.0,2024,11.0,,,,2048.0,,Wi-Fi + Cellular
Retailer Trade-in,iTworld,iPad,iPad Pro 11-inch M4 (Gen 5) 2024 Nano Glass,"1TB, Wi-Fi",2700,iPad Pro (Gen 5) 2024 Nano Glass,2024,iPad,iPad Pro,5.0,2024,11.0,,,,1024.0,,Wi-Fi
Retailer Trade-in,iTworld,iPad,iPad Pro 11-inch M4 (Gen 5) 2024 Nano Glass,"2TB, Wi-Fi",3250,iPad Pro (Gen 5) 2024 Nano Glass,2024,iPad,iPad Pro,5.0,2024,11.0,,,,2048.0,,Wi-Fi
Retailer Trade-in,iTworld,iPad,iPad Pro 11-inch M4 (Gen 5) 2024 Standard Glass,"256GB, Wi-Fi",1800,iPad Pro (Gen 5) 2024 Standard Glass,2024,iPad,iPad Pro,5.0,2024,11.0,,,,256.0,,Wi-Fi
Retailer Trade-in,iTworld,iPad,iPad Pro 11-inch M4 (Gen 5) 2024 Standard Glass,"512GB, Wi-Fi",2180,iPad Pro (Gen 5) 2024 Standard Glass,2024,iPad,iPad Pro,5.0,2024,11.0,,,,512.0,,Wi-Fi
Retailer Trade-in,iTworld,iPad,iPad Pro 11-inch M4 (Gen 5) 2024 Standard Glass,"1TB, Wi-Fi",2680,iPad Pro (Gen 5) 2024 Standard Glass,2024,iPad,iPad Pro,5.0,2024,11.0,,,,1024.0,,Wi-Fi
Retailer Trade-in,iTworld,iPad,iPad Pro 11-inch M4 (Gen 5) 2024 Standard Glass,"2TB, Wi-Fi",3210,iPad Pro (Gen 5) 2024 Standard Glass,2024,iPad,iPad Pro,5.0,2024,11.0,,,,2048.0,,Wi-Fi
Retailer Trade-in,iTworld,iPad,iPad Pro 11‑inch (Gen 1) 2018,64GB Cellular,650,iPad Pro 11‑inch (Gen 1) 2018,2018,iPad,iPad Pro,1.0,2018,,,,,64.0,,Wi-Fi + Cellular
Retailer Trade-in,iTworld,iPad,iPad Pro 11‑inch (Gen 1) 2018,64GB Wi-Fi,550,iPad Pro 11‑inch (Gen 1) 2018,2018,iPad,iPad Pro,1.0,2018,,,,,64.0,,Wi-Fi
Retailer Trade-in,iTworld,iPad,iPad Pro 11‑inch (Gen 1) 2018,256GB Cellular,750,iPad Pro 11‑inch (Gen 1) 2018,2018,iPad,iPad Pro,1.0,2018,,,,,256.0,,Wi-Fi + Cellular
Retailer Trade-in,iTworld,iPad,iPad Pro 11‑inch (Gen 1) 2018,256GB Wi-Fi,650,iPad Pro 11‑inch (Gen 1) 2018,2018,iPad,iPad Pro,1.0,2018,,,,,256.0,,Wi-Fi
Retailer Trade-in,iTworld,iPad,iPad Pro 11‑inch (Gen 1) 2018,512GB Cellular,850,iPad Pro 11‑inch (Gen 1) 2018,2018,iPad,iPad Pro,1.0,2018,,,,,512.0,,Wi-Fi + Cellular
Retailer Trade-in,iTworld,iPad,iPad Pro 11‑inch (Gen 1) 2018,512GB Wi-Fi,750,iPad Pro 11‑inch (Gen 1) 2018,2018,iPad,iPad Pro,1.0,2018,,,,,512.0,,Wi-Fi
Retailer Trade-in,iTworld,iPad,iPad Pro 11‑inch (Gen 1) 2018,1TB Cellular,950,iPad Pro 11‑inch (Gen 1) 2018,2018,iPad,iPad Pro,1.0,2018,,,,,1024.0,,Wi-Fi + Cellular
Retailer Trade-in,iTworld,iPad,iPad Pro 11‑inch (Gen 1) 2018,1TB Wi-Fi,850,iPad Pro 11‑inch (Gen 1) 2018,2018,iPad,iPad Pro,1.0,2018,,,,,1024.0,,Wi-Fi
Retailer Trade-in,iTworld,iPad,iPad Pro 12.9-inch (Gen 1) 2015,32GB Cellular,190,iPad Pro (Gen 1) 2015,2015,iPad,iPad Pro,1.0,2015,12.9,,,,32.0,,Wi-Fi + Cellular
Retailer Trade-in,iTworld,iPad,iPad Pro 12.9-inch (Gen 1) 2015,32GB Wi-Fi,160,iPad Pro (Gen 1) 2015,2015,iPad,iPad Pro,1.0,2015,12.9,,,,32.0,,Wi-Fi
Retailer Trade-in,iTworld,iPad,iPad Pro 12.9-inch (Gen 5) 2021,128GB Cellular,1280,iPad Pro (Gen 5) 2021,2021,iPad,iPad Pro,5.0,2021,12.9,,,,128.0,,Wi-Fi + Cellular
Retailer Trade-in,iTworld,iPad,iPad Pro 12.9-inch (Gen 5) 2021,128GB Wi-Fi,1180,iPad Pro (Gen 5) 2021,2021,iPad,iPad Pro,5.0,2021,12.9,,,,128.0,,Wi-Fi
Retailer Trade-in,iTworld,iPad,iPad Pro 12.9-inch (Gen 5) 2021,256GB Cellular,1380,iPad Pro (Gen 5) 2021,2021,iPad,iPad Pro,5.0,2021,12.9,,,,256.0,,Wi-Fi + Cellular
Retailer Trade-in,iTworld,iPad,iPad Pro 12.9-inch (Gen 5) 2021,256GB Wi-Fi,1300,iPad Pro (Gen 5) 2021,2021,iPad,iPad Pro,5.0,2021,12.9,,,,256.0,,Wi-Fi
Retailer Trade-in,iTworld,iPad,iPad Pro 12.9-inch (Gen 5) 2021,512GB Cellular,1510,iPad Pro (Gen 5) 2021,2021,iPad,iPad Pro,5.0,2021,12.9,,,,512.0,,Wi-Fi + Cellular
Retailer Trade-in,iTworld,iPad,iPad Pro 12.9-inch (Gen 5) 2021,512GB Wi-Fi,1400,iPad Pro (Gen 5) 2021,2021,iPad,iPad Pro,5.0,2021,12.9,,,,512.0,,Wi-Fi
Retailer Trade-in,iTworld,iPad,iPad Pro 12.9-inch (Gen 5) 2021,1TB Cellular,1660,iPad Pro (Gen 5) 2021,2021,iPad,iPad Pro,5.0,2021,12.9,,,,1024.0,,Wi-Fi + Cellular
Retailer Trade-in,iTworld,iPad,iPad Pro 12.9-inch (Gen 5) 2021,1TB Wi-Fi,1510,iPad Pro (Gen 5) 2021,2021,iPad,iPad Pro,5.0,2021,12.9,,,,1024.0,,Wi-Fi
Retailer Trade-in,iTworld,iPad,iPad Pro 12.9-inch (Gen 5) 2021,2TB Cellular,1810,iPad Pro (Gen 5) 2021,2021,iPad,iPad Pro,5.0,2021,12.9,,,,2048.0,,Wi-Fi + Cellular
Retailer Trade-in,iTworld,iPad,iPad Pro 12.9-inch (Gen 5) 2021,2TB Wi-Fi,1740,iPad Pro (Gen 5) 2021,2021,iPad,iPad Pro,5.0,2021,12.9,,,,2048.0,,Wi-Fi
Retailer Trade-in,iTworld,iPad,iPad Pro 12.9-inch M2 (Gen 6) 2022,128GB Cellular,1580,iPad Pro (Gen 6) 2022,2022,iPad,iPad Pro,6.0,2022,12.9,,,,128.0,,Wi-Fi + Cellular
Retailer Trade-in,iTworld,iPad,iPad Pro 12.9-inch M2 (Gen 6) 2022,128GB Wi-Fi,1430,iPad Pro (Gen 6) 2022,2022,iPad,iPad Pro,6.0,2022,12.9,,,,128.0,,Wi-Fi
Retailer Trade-in,iTworld,iPad,iPad Pro 12.9-inch M2 (Gen 6) 2022,256GB Cellular,1700,iPad Pro (Gen 6) 2022,2022,iPad,iPad Pro,6.0,2022,12.9,,,,256.0,,Wi-Fi + Cellular
Retailer Trade-in,iTworld,iPad,iPad Pro 12.9-inch M2 (Gen 6) 2022,256GB Wi-Fi,1550,iPad Pro (Gen 6) 2022,2022,iPad,iPad Pro,6.0,2022,12.9,,,,256.0,,Wi-Fi
Retailer Trade-in,iTworld,iPad,iPad Pro 12.9-inch M2 (Gen 6) 2022,512GB Cellular,1850,iPad Pro (Gen 6) 2022,2022,iPad,iPad Pro,6.0,2022,12.9,,,,512.0,,Wi-Fi + Cellular
Retailer Trade-in,iTworld,iPad,iPad Pro 12.9-inch M2 (Gen 6) 2022,512GB Wi-Fi,1680,iPad Pro (Gen 6) 2022,2022,iPad,iPad Pro,6.0,2022,12.9,,,,512.0,,Wi-Fi
Retailer Trade-in,iTworld,iPad,iPad Pro 12.9-inch M2 (Gen 6) 2022,1TB Cellular,1930,iPad Pro (Gen 6) 2022,2022,iPad,iPad Pro,6.0,2022,12.9,,,,1024.0,,Wi-Fi + Cellular
Retailer Trade-in,iTworld,iPad,iPad Pro 12.9-inch M2 (Gen 6) 2022,1TB Wi-Fi,1880,iPad Pro (Gen 6) 2022,2022,iPad,iPad Pro,6.0,2022,12.9,,,,1024.0,,Wi-Fi
Retailer Trade-in,iTworld,iPad,iPad Pro 12.9-inch M2 (Gen 6) 2022,2TB Cellular,2130,iPad Pro (Gen 6) 2022,2022,iPad,iPad Pro,6.0,2022,12.9,,,,2048.0,,Wi-Fi + Cellular
Retailer Trade-in,iTworld,iPad,iPad Pro 12.9-inch M2 (Gen 6) 2022,2TB Wi-Fi,2080,iPad Pro (Gen 6) 2022,2022,iPad,iPad Pro,6.0,2022,12.9,,,,2048.0,,Wi-Fi
Retailer Trade-in,iTworld,iPad,iPad Pro 12.9-inch (Gen 1) 2015,128GB Cellular,200,iPad Pro (Gen 1) 2015,2015,iPad,iPad Pro,1.0,2015,12.9,,,,128.0,,Wi-Fi + Cellular
Retailer Trade-in,iTworld,iPad,iPad Pro 12.9-inch (Gen 1) 2015,128GB Wi-Fi,170,iPad Pro (Gen 1) 2015,2015,iPad,iPad Pro,1.0,2015,12.9,,,,128.0,,Wi-Fi
Retailer Trade-in,iTworld,iPad,iPad Pro 12.9-inch (Gen 1) 2015,256GB Cellular,250,iPad Pro (Gen 1) 2015,2015,iPad,iPad Pro,1.0,2015,12.9,,,,256.0,,Wi-Fi + Cellular
Retailer Trade-in,iTworld,iPad,iPad Pro 12.9-inch (Gen 1) 2015,256GB Wi-Fi,200,iPad Pro (Gen 1) 2015,2015,iPad,iPad Pro,1.0,2015,12.9,,,,256.0,,Wi-Fi
Retailer Trade-in,iTworld,iPad,iPad Pro 12.9‑inch (Gen 2) 2017,64GB Cellular,410,iPad Pro 12.9‑inch (Gen 2) 2017,2017,iPad,iPad Pro,2.0,2017,,,,,64.0,,Wi-Fi + Cellular
Retailer Trade-in,iTworld,iPad,iPad Pro 12.9‑inch (Gen 2) 2017,64GB Wi-Fi,380,iPad Pro 12.9‑inch (Gen 2) 2017,2017,iPad,iPad Pro,2.0,2017,,,,,64.0,,Wi-Fi
Retailer Trade-in,iTworld,iPad,iPad Pro 12.9‑inch (Gen 2) 2017,256GB Cellular,480,iPad Pro 12.9‑inch (Gen 2) 2017,2017,iPad,iPad Pro,2.0,2017,,,,,256.0,,Wi-Fi + Cellular
Retailer Trade-in,iTworld,iPad,iPad Pro 12.9‑inch (Gen 2) 2017,256GB Wi-Fi,430,iPad Pro 12.9‑inch (Gen 2) 2017,2017,iPad,iPad Pro,2.0,2017,,,,,256.0,,Wi-Fi
Retailer Trade-in,iTworld,iPad,iPad Pro 12.9‑inch (Gen 2) 2017,512GB Cellular,580,iPad Pro 12.9‑inch (Gen 2) 2017,2017,iPad,iPad Pro,2.0,2017,,,,,512.0,,Wi-Fi + Cellular
Retailer Trade-in,iTworld,iPad,iPad Pro 12.9‑inch (Gen 2) 2017,512GB Wi-Fi,560,iPad Pro 12.9‑inch (Gen 2) 2017,2017,iPad,iPad Pro,2.0,2017,,,,,512.0,,Wi-Fi
Retailer Trade-in,iTworld,iPad,iPad Pro 12.9‑inch (Gen 3) 2018,64GB Cellular,750,iPad Pro 12.9‑inch (Gen 3) 2018,2018,iPad,iPad Pro,3.0,2018,,,,,64.0,,Wi-Fi + Cellular
Retailer Trade-in,iTworld,iPad,iPad Pro 12.9‑inch (Gen 3) 2018,64GB Wi-Fi,650,iPad Pro 12.9‑inch (Gen 3) 2018,2018,iPad,iPad Pro,3.0,2018,,,,,64.0,,Wi-Fi
Retailer Trade-in,iTworld,iPad,iPad Pro 12.9‑inch (Gen 3) 2018,256GB Cellular,850,iPad Pro 12.9‑inch (Gen 3) 2018,2018,iPad,iPad Pro,3.0,2018,,,,,256.0,,Wi-Fi + Cellular
Retailer Trade-in,iTworld,iPad,iPad Pro 12.9‑inch (Gen 3) 2018,256GB Wi-Fi,750,iPad Pro 12.9‑inch (Gen 3) 2018,2018,iPad,iPad Pro,3.0,2018,,,,,256.0,,Wi-Fi
Retailer Trade-in,iTworld,iPad,iPad Pro 12.9‑inch (Gen 3) 2018,512GB Cellular,950,iPad Pro 12.9‑inch (Gen 3) 2018,2018,iPad,iPad Pro,3.0,2018,,,,,512.0,,Wi-Fi + Cellular
Retailer Trade-in,iTworld,iPad,iPad Pro 12.9‑inch (Gen 3) 2018,512GB Wi-Fi,850,iPad Pro 12.9‑inch (Gen 3) 2018,2018,iPad,iPad Pro,3.0,2018,,,,,512.0,,Wi-Fi
Retailer Trade-in,iTworld,iPad,iPad Pro 12.9‑inch (Gen 3) 2018,1TB Cellular,1050,iPad Pro 12.9‑inch (Gen 3) 2018,2018,iPad,iPad Pro,3.0,2018,,,,,1024.0,,Wi-Fi + Cellular
Retailer Trade-in,iTworld,iPad,iPad Pro 12.9‑inch (Gen 3) 2018,1TB Wi-Fi,950,iPad Pro 12.9‑inch (Gen 3) 2018,2018,iPad,iPad Pro,3.0,2018,,,,,1024.0,,Wi-Fi
Retailer Trade-in,iTworld,iPad,iPad Pro 12.9‑inch (Gen 4) 2020,128GB Cellular,1100,iPad Pro 12.9‑inch (Gen 4) 2020,2020,iPad,iPad Pro,4.0,2020,,,,,128.0,,Wi-Fi + Cellular
Retailer Trade-in,iTworld,iPad,iPad Pro 12.9‑inch (Gen 4) 2020,128GB Wi-Fi,930,iPad Pro 12.9‑inch (Gen 4) 2020,2020,iPad,iPad Pro,4.0,2020,,,,,128.0,,Wi-Fi
Retailer Trade-in,iTworld,iPad,iPad Pro 12.9‑inch (Gen 4) 2020,256GB Cellular,1230,iPad Pro 12.9‑inch (Gen 4) 2020,2020,iPad,iPad Pro,4.0,2020,,,,,256.0,,Wi-Fi + Cellular
Retailer Trade-in,iTworld,iPad,iPad Pro 12.9‑inch (Gen 4) 2020,256GB Wi-Fi,1100,iPad Pro 12.9‑inch (Gen 4) 2020,2020,iPad,iPad Pro,4.0,2020,,,,,256.0,,Wi-Fi
Retailer Trade-in,iTworld,iPad,iPad Pro 12.9‑inch (Gen 4) 2020,512GB Cellular,1380,iPad Pro 12.9‑inch (Gen 4) 2020,2020,iPad,iPad Pro,4.0,2020,,,,,512.0,,Wi-Fi + Cellular
Retailer Trade-in,iTworld,iPad,iPad Pro 12.9‑inch (Gen 4) 2020,512GB Wi-Fi,1230,iPad Pro 12.9‑inch (Gen 4) 2020,2020,iPad,iPad Pro,4.0,2020,,,,,512.0,,Wi-Fi
Retailer Trade-in,iTworld,iPad,iPad Pro 12.9‑inch (Gen 4) 2020,1TB Cellular,1450,iPad Pro 12.9‑inch (Gen 4) 2020,2020,iPad,iPad Pro,4.0,2020,,,,,1024.0,,Wi-Fi + Cellular
Retailer Trade-in,iTworld,iPad,iPad Pro 12.9‑inch (Gen 4) 2020,1TB Wi-Fi,1310,iPad Pro 12.9‑inch (Gen 4) 2020,2020,iPad,iPad Pro,4.0,2020,,,,,1024.0,,Wi-Fi
Retailer Trade-in,iTworld,iPad,iPad Pro 13-inch M4 (Gen 7) 2024 Nano Glass,"1TB, Cellular",3650,iPad Pro (Gen 7) 2024 Nano Glass,2024,iPad,iPad Pro,7.0,2024,13.0,,,,1024.0,,Wi-Fi + Cellular
Retailer Trade-in,iTworld,iPad,iPad Pro 13-inch M4 (Gen 7) 2024 Nano Glass,"2TB, Cellular",4200,iPad Pro (Gen 7) 2024 Nano Glass,2024,iPad,iPad Pro,7.0,2024,13.0,,,,2048.0,,Wi-Fi + Cellular
Retailer Trade-in,iTworld,iPad,iPad Pro 13-inch M4 (Gen 7) 2024 Standard Glass,"256GB, Cellular",2620,iPad Pro (Gen 7) 2024 Standard Glass,2024,iPad,iPad Pro,7.0,2024,13.0,,,,256.0,,Wi-Fi + Cellular
Retailer Trade-in,iTworld,iPad,iPad Pro 13-inch M4 (Gen 7) 2024 Standard Glass,"512GB, Cellular",3000,iPad Pro (Gen 7) 2024 Standard Glass,2024,iPad,iPad Pro,7.0,2024,13.0,,,,512.0,,Wi-Fi + Cellular
Retailer Trade-in,iTworld,iPad,iPad Pro 13-inch M4 (Gen 7) 2024 Standard Glass,"1TB, Cellular",3600,iPad Pro (Gen 7) 2024 Standard Glass,2024,iPad,iPad Pro,7.0,2024,13.0,,,,1024.0,,Wi-Fi + Cellular
Retailer Trade-in,iTworld,iPad,iPad Pro 13-inch M4 (Gen 7) 2024 Standard Glass,"2TB, Cellular",4150,iPad Pro (Gen 7) 2024 Standard Glass,2024,iPad,iPad Pro,7.0,2024,13.0,,,,2048.0,,Wi-Fi + Cellular
Retailer Trade-in,iTworld,iPad,iPad Pro 13-inch M4 (Gen 7) 2024 Nano Glass,"1TB, Wi-Fi",3250,iPad Pro (Gen 7) 2024 Nano Glass,2024,iPad,iPad Pro,7.0,2024,13.0,,,,1024.0,,Wi-Fi
Retailer Trade-in,iTworld,iPad,iPad Pro 13-inch M4 (Gen 7) 2024 Nano Glass,"2TB, Wi-Fi",3800,iPad Pro (Gen 7) 2024 Nano Glass,2024,iPad,iPad Pro,7.0,2024,13.0,,,,2048.0,,Wi-Fi
Retailer Trade-in,iTworld,iPad,iPad Pro 13-inch M4 (Gen 7) 2024 Standard Glass,"256GB, Wi-Fi",2230,iPad Pro (Gen 7) 2024 Standard Glass,2024,iPad,iPad Pro,7.0,2024,13.0,,,,256.0,,Wi-Fi
Retailer Trade-in,iTworld,iPad,iPad Pro 13-inch M4 (Gen 7) 2024 Standard Glass,"512GB, Wi-Fi",2650,iPad Pro (Gen 7) 2024 Standard Glass,2024,iPad,iPad Pro,7.0,2024,13.0,,,,512.0,,Wi-Fi
Retailer Trade-in,iTworld,iPad,iPad Pro 13-inch M4 (Gen 7) 2024 Standard Glass,"1TB, Wi-Fi",3210,iPad Pro (Gen 7) 2024 Standard Glass,2024,iPad,iPad Pro,7.0,2024,13.0,,,,1024.0,,Wi-Fi
Retailer Trade-in,iTworld,iPad,iPad Pro 13-inch M4 (Gen 7) 2024 Standard Glass,"2TB, Wi-Fi",3780,iPad Pro (Gen 7) 2024 Standard Glass,2024,iPad,iPad Pro,7.0,2024,13.0,,,,2048.0,,Wi-Fi
Retailer Trade-in,iTworld,iPad,iPad Pro 9.7‑inch 2016,32GB Cellular,160,iPad Pro 9.7‑inch 2016,2016,iPad,iPad Pro,9.0,2016,,,,,32.0,,Wi-Fi + Cellular
Retailer Trade-in,iTworld,iPad,iPad Pro 9.7‑inch 2016,32GB Wi-Fi,150,iPad Pro 9.7‑inch 2016,2016,iPad,iPad Pro,9.0,2016,,,,,32.0,,Wi-Fi
Retailer Trade-in,iTworld,iPad,iPad Pro 9.7‑inch 2016,128GB Cellular,170,iPad Pro 9.7‑inch 2016,2016,iPad,iPad Pro,9.0,2016,,,,,128.0,,Wi-Fi + Cellular
Retailer Trade-in,iTworld,iPad,iPad Pro 9.7‑inch 2016,128GB Wi-Fi,160,iPad Pro 9.7‑inch 2016,2016,iPad,iPad Pro,9.0,2016,,,,,128.0,,Wi-Fi
Retailer Trade-in,iTworld,iPad,iPad Pro 9.7‑inch 2016,256GB Cellular,210,iPad Pro 9.7‑inch 2016,2016,iPad,iPad Pro,9.0,2016,,,,,256.0,,Wi-Fi + Cellular
Retailer Trade-in,iTworld,iPad,iPad Pro 9.7‑inch 2016,256GB Wi-Fi,200,iPad Pro 9.7‑inch 2016,2016,iPad,iPad Pro,9.0,2016,,,,,256.0,,Wi-Fi
Retailer Trade-in,iTworld,Apple Watch,Watch SE (2nd Gen),40mm GPS & Cellular,210,Watch SE (2nd Gen),2022,Apple Watch,Apple Watch SE,,,40.0,,,,,,GPS + Cellular
Retailer Trade-in,iTworld,Apple Watch,Watch SE (2nd Gen),44mm GPS & Cellular,250,Watch SE (2nd Gen),2022,Apple Watch,Apple Watch SE,,,44.0,,,,,,GPS + Cellular
Retailer Trade-in,iTworld,Apple Watch,Watch SE (2nd Gen),40mm GPS,180,Watch SE (2nd Gen),2022,Apple Watch,Apple Watch SE,,,40.0,,,,,,GPS
Retailer Trade-in,iTworld,Apple Watch,Watch SE (2nd Gen),44mm GPS,210,Watch SE (2nd Gen),2022,Apple Watch,Apple Watch SE,,,44.0,,,,,,GPS
Retailer Trade-in,iTworld,Apple Watch,Watch SE,40mm GPS & Cellular,90,Watch SE,2020,Apple Watch,Apple Watch SE,4.0,,40.0,,,,,,GPS + Cellular
Retailer Trade-in,iTworld,Apple Watch,Watch SE,44mm GPS & Cellular,110,Watch SE,2020,Apple Watch,Apple Watch SE,4.0,,44.0,,,,,,GPS + Cellular
Retailer Trade-in,iTworld,Apple Watch,Watch SE,40mm GPS,70,Watch SE,2020,Apple Watch,Apple Watch SE,4.0,,40.0,,,,,,GPS
Retailer Trade-in,iTworld,Apple Watch,Watch SE,44mm GPS,90,Watch SE,2020,Apple Watch,Apple Watch SE,4.0,,44.0,,,,,,GPS
Retailer Trade-in,iTworld,Apple Watch,Watch Series 10,42mm (Aluminium) GPS & Cellular,640,Watch Series 10,2024,Apple Watch,Apple Watch SE,,,42.0,,,,,,GPS + Cellular
Retailer Trade-in,iTworld,Apple Watch,Watch Series 10,46mm (Aluminium) GPS & Cellular,750,Watch Series 10,2024,Apple Watch,Apple Watch SE,,,46.0,,,,,,GPS + Cellular
Retailer Trade-in,iTworld,Apple Watch,Watch Series 10,42mm (Aluminium) GPS,450,Watch Series 10,2024,Apple Watch,Apple Watch SE,,,42.0,,,,,,GPS
Retailer Trade-in,iTworld,Apple Watch,Watch Series 10,46mm (Aluminium) GPS,550,Watch Series 10,2024,Apple Watch,Apple Watch SE,,,46.0,,,,,,GPS
Retailer Trade-in,iTworld,Apple Watch,Watch Series 10,42mm (Titanium) GPS & Cellular,800,Watch Series 10,2024,Apple Watch,Apple Watch SE,,,42.0,,,,,,GPS + Cellular
Retailer Trade-in,iTworld,Apple Watch,Watch Series 10,46mm (Titanium) GPS & Cellular,900,Watch Series 10,2024,Apple Watch,Apple Watch SE,,,46.0,,,,,,GPS + Cellular
Retailer Trade-in,iTworld,Apple Watch,Watch Series 4,40mm GPS & Cellular,50,Watch Series 4,2018,Apple Watch,Apple Watch SE,,,40.0,,,,,,GPS + Cellular
Retailer Trade-in,iTworld,Apple Watch,Watch Series 4,44mm GPS & Cellular,60,Watch Series 4,2018,Apple Watch,Apple Watch SE,,,44.0,,,,,,GPS + Cellular
Retailer Trade-in,iTworld,Apple Watch,Watch Series 4,40mm GPS,40,Watch Series 4,2018,Apple Watch,Apple Watch SE,,,40.0,,,,,,GPS
Retailer Trade-in,iTworld,Apple Watch,Watch Series 4,44mm GPS,50,Watch Series 4,2018,Apple Watch,Apple Watch SE,,,44.0,,,,,,GPS
Retailer Trade-in,iTworld,Apple Watch,Watch Series 5,40mm GPS & Cellular,80,Watch Series 5,2019,Apple Watch,Apple Watch SE,,,40.0,,,,,,GPS + Cellular
Retailer Trade-in,iTworld,Apple Watch,Watch Series 5,44mm GPS & Cellular,90,Watch Series 5,2019,Apple Watch,Apple Watch SE,,,44.0,,,,,,GPS + Cellular
Retailer Trade-in,iTworld,Apple Watch,Watch Series 5,40mm GPS,70,Watch Series 5,2019,Apple Watch,Apple Watch SE,,,40.0,,,,,,GPS
Retailer Trade-in,iTworld,Apple Watch,Watch Series 5,44mm GPS,80,Watch Series 5,2019,Apple Watch,Apple Watch SE,,,44.0,,,,,,GPS
Retailer Trade-in,iTworld,Apple Watch,Watch Series 6,40mm GPS & Cellular,200,Watch Series 6,2020,Apple Watch,Apple Watch SE,,,40.0,,,,,,GPS + Cellular
Retailer Trade-in,iTworld,Apple Watch,Watch Series 6,44mm GPS & Cellular,240,Watch Series 6,2020,Apple Watch,Apple Watch SE,,,44.0,,,,,,GPS + Cellular
Retailer Trade-in,iTworld,Apple Watch,Watch Series 6,40mm GPS,150,Watch Series 6,2020,Apple Watch,Apple Watch SE,,,40.0,,,,,,GPS
Retailer Trade-in,iTworld,Apple Watch,Watch Series 6,44mm GPS,170,Watch Series 6,2020,Apple Watch,Apple Watch SE,,,44.0,,,,,,GPS
Retailer Trade-in,iTworld,Apple Watch,Watch Series 7,41mm GPS & Cellular,280,Watch Series 7,2021,Apple Watch,Apple Watch SE,,,41.0,,,,,,GPS + Cellular
Retailer Trade-in,iTworld,Apple Watch,Watch Series 7,45mm GPS & Cellular,330,Watch Series 7,2021,Apple Watch,Apple Watch SE,,,45.0,,,,,,GPS + Cellular
Retailer Trade-in,iTworld,Apple Watch,Watch Series 7,41mm GPS,210,Watch Series 7,2021,Apple Watch,Apple Watch SE,,,41.0,,,,,,GPS
Retailer Trade-in,iTworld,Apple Watch,Watch Series 7,45mm GPS,250,Watch Series 7,2021,Apple Watch,Apple Watch SE,,,45.0,,,,,,GPS
Retailer Trade-in,iTworld,Apple Watch,Watch Series 8,41mm GPS & Cellular,350,Watch Series 8,2022,Apple Watch,Apple Watch SE,,,41.0,,,,,,GPS + Cellular
Retailer Trade-in,iTworld,Apple Watch,Watch Series 8,45mm GPS & Cellular,380,Watch Series 8,2022,Apple Watch,Apple Watch SE,,,45.0,,,,,,GPS + Cellular
Retailer Trade-in,iTworld,Apple Watch,Watch Series 8,41mm GPS,280,Watch Series 8,2022,Apple Watch,Apple Watch SE,,,41.0,,,,,,GPS
Retailer Trade-in,iTworld,Apple Watch,Watch Series 8,45mm GPS,330,Watch Series 8,2022,Apple Watch,Apple Watch SE,,,45.0,,,,,,GPS
Retailer Trade-in,iTworld,Apple Watch,Watch Series 9,41mm (Aluminium) GPS & Cellular,500,Watch Series 9,2023,Apple Watch,Apple Watch SE,,,41.0,,,,,,GPS + Cellular
Retailer Trade-in,iTworld,Apple Watch,Watch Series 9,45mm (Aluminium) GPS & Cellular,570,Watch Series 9,2023,Apple Watch,Apple Watch SE,,,45.0,,,,,,GPS + Cellular
Retailer Trade-in,iTworld,Apple Watch,Watch Series 9,41mm (Aluminium) GPS,400,Watch Series 9,2023,Apple Watch,Apple Watch SE,,,41.0,,,,,,GPS
Retailer Trade-in,iTworld,Apple Watch,Watch Series 9,45mm (Aluminium) GPS,450,Watch Series 9,2023,Apple Watch,Apple Watch SE,,,45.0,,,,,,GPS
Retailer Trade-in,iTworld,Apple Watch,Watch Series 9,41mm (Stainless Steel) GPS & Cellular,690,Watch Series 9,2023,Apple Watch,Apple Watch SE,,,41.0,,,,,,GPS + Cellular
Retailer Trade-in,iTworld,Apple Watch,Watch Series 9,45mm (Stainless Steel) GPS & Cellular,790,Watch Series 9,2023,Apple Watch,Apple Watch SE,,,45.0,,,,,,GPS + Cellular
Retailer Trade-in,iTworld,Apple Watch,Watch Ultra,49mm GPS & Cellular,830,Watch Ultra,2022,Apple Watch,Apple Watch Ultra,1.0,,49.0,,,,,,GPS + Cellular
Retailer Trade-in,iTworld,Apple Watch,Watch Ultra 2,49mm GPS & Cellular,1180,Watch Ultra 2,2023,Apple Watch,Apple Watch Ultra 2,2.0,,49.0,,,,,,GPS + Cellular
Retailer Trade-in,iTworld,AirPods,AirPods (Gen 2),Wired Charging,30,AirPods (Gen 2),2019,AirPods,AirPods,2.0,,,,,,,,
Retailer Trade-in,iTworld,AirPods,AirPods (Gen 2),Wireless Charging,40,AirPods (Gen 2),2019,AirPods,AirPods,2.0,,,,,,,,
Retailer Trade-in,iTworld,AirPods,AirPods (Gen 3),Lightning Charging,60,AirPods (Gen 3),2021,AirPods,AirPods,3.0,,,,,,,,
Retailer Trade-in,iTworld,AirPods,AirPods (Gen 3),MagSafe Charging,80,AirPods (Gen 3),2021,AirPods,AirPods,3.0,,,,,,,,
Retailer Trade-in,iTworld,AirPods,AirPods (Gen 4),ANC + USB-C,130,AirPods (Gen 4),2024,AirPods,AirPods,4.0,,,,,,,,
Retailer Trade-in,iTworld,AirPods,AirPods (Gen 4),USB-C,110,AirPods (Gen 4),2024,AirPods,AirPods,4.0,,,,,,,,
Retailer Trade-in,iTworld,AirPods,AirPods Max,Lightning Charging,250,AirPods Max,2020,AirPods,AirPods Max,,,,,,,,,
Retailer Trade-in,iTworld,AirPods,AirPods Max,USB-C,320,AirPods Max,2020,AirPods,AirPods Max,,,,,,,,,
Retailer Trade-in,iTworld,AirPods,AirPods Pro (Gen 1),,60,AirPods Pro (Gen 1),2019,AirPods,AirPods Pro,1.0,,,,,,,,
Retailer Trade-in,iTworld,AirPods,AirPods Pro (Gen 2),,110,AirPods Pro (Gen 2),2022,AirPods,AirPods Pro,2.0,,,,,,,,
Retailer Trade-in,iTworld,AirPods,AirPods Pro (Gen 2),USB-C,150,AirPods Pro (Gen 2),2022,AirPods,AirPods Pro,2.0,,,,,,,,
Retailer Trade-in,Machines,iPhone,iPhone SE (2020),3GB/64GB,125,iPhone SE (2020),2020,iPhone,iPhone SE,,2020,,,,,64.0,,
Retailer Trade-in,Machines,iPhone,iPhone SE (2020),3GB/128GB,175,iPhone SE (2020),2020,iPhone,iPhone SE,,2020,,,,,128.0,,
Retailer Trade-in,Machines,iPhone,iPhone SE (2020),3GB/256GB,200,iPhone SE (2020),2020,iPhone,iPhone SE,,2020,,,,,256.0,,
Retailer Trade-in,Machines,iPhone,iPhone SE (2022),4GB/64GB,275,iPhone SE (2022),2022,iPhone,iPhone SE,,2022,,,,,64.0,,
Retailer Trade-in,Machines,iPhone,iPhone SE (2022),4GB/128GB,325,iPhone SE (2022),2022,iPhone,iPhone SE,,2022,,,,,128.0,,
Retailer Trade-in,Machines,iPhone,iPhone SE (2022),4GB/256GB,350,iPhone SE (2022),2022,iPhone,iPhone SE,,2022,,,,,256.0,,
Retailer Trade-in,Machines,iPhone,iPhone 8 Plus,3GB/64GB,120,iPhone 8 Plus,2017,iPhone,iPhone,,,,,,,64.0,,
Retailer Trade-in,Machines,iPhone,iPhone 8 Plus,3GB/128GB,150,iPhone 8 Plus,2017,iPhone,iPhone,,,,,,,128.0,,
Retailer Trade-in,Machines,iPhone,iPhone 8 Plus,3GB/256GB,180,iPhone 8 Plus,2017,iPhone,iPhone,,,,,,,256.0,,
Retailer Trade-in,Machines,iPhone,iPhone X,3GB/64GB,130,iPhone X,2017,iPhone,iPhone,,,,,,,64.0,,
Retailer Trade-in,Machines,iPhone,iPhone X,3GB/256GB,185,iPhone X,2017,iPhone,iPhone,,,,,,,256.0,,
Retailer Trade-in,Machines,iPhone,iPhone Xr,3GB/64GB,155,iPhone XR,2018,iPhone,iPhone,,,,,,,64.0,,
Retailer Trade-in,Machines,iPhone,iPhone Xr,3GB/128GB,220,iPhone XR,2018,iPhone,iPhone,,,,,,,128.0,,
Retailer Trade-in,Machines,iPhone,iPhone Xr,3GB/256GB,270,iPhone XR,2018,iPhone,iPhone,,,,,,,256.0,,
Retailer Trade-in,Machines,iPhone,iPhone Xs,4GB/64GB,205,iPhone XS,2018,iPhone,iPhone,,,,,,,64.0,,
Retailer Trade-in,Machines,iPhone,iPhone Xs,4GB/256GB,255,iPhone XS,2018,iPhone,iPhone,,,,,,,256.0,,
Retailer Trade-in,Machines,iPhone,iPhone Xs,4GB/512GB,305,iPhone XS,2018,iPhone,iPhone,,,,,,,512.0,,
Retailer Trade-in,Machines,iPhone,iPhone Xs Max,4GB/64GB,285,iPhone XS Max,2018,iPhone,iPhone,,,,,,,64.0,,
Retailer Trade-in,Machines,iPhone,iPhone Xs Max,4GB/256GB,365,iPhone XS Max,2018,iPhone,iPhone,,,,,,,256.0,,
Retailer Trade-in,Machines,iPhone,iPhone Xs Max,4GB/512GB,390,iPhone XS Max,2018,iPhone,iPhone,,,,,,,512.0,,
Retailer Trade-in,Machines,iPhone,iPhone 11,4GB/64GB,340,iPhone 11,2019,iPhone,iPhone,,,,,,,64.0,,
Retailer Trade-in,Machines,iPhone,iPhone 11,4GB/128GB,390,iPhone 11,2019,iPhone,iPhone,,,,,,,128.0,,
Retailer Trade-in,Machines,iPhone,iPhone 11,4GB/256GB,450,iPhone 11,2019,iPhone,iPhone,,,,,,,256.0,,
Retailer Trade-in,Machines,iPhone,iPhone 11 Pro,4GB/64GB,415,iPhone 11 Pro,2019,iPhone,iPhone,,,,,,,64.0,,
Retailer Trade-in,Machines,iPhone,iPhone 11 Pro,4GB/256GB,490,iPhone 11 Pro,2019,iPhone,iPhone,,,,,,,256.0,,
Retailer Trade-in,Machines,iPhone,iPhone 11 Pro,4GB/512GB,575,iPhone 11 Pro,2019,iPhone,iPhone,,,,,,,512.0,,
Retailer Trade-in,Machines,iPhone,iPhone 11 Pro Max,4GB/64GB,475,iPhone 11 Pro Max,2019,iPhone,iPhone,,,,,,,64.0,,
Retailer Trade-in,Machines,iPhone,iPhone 11 Pro Max,4GB/256GB,550,iPhone 11 Pro Max,2019,iPhone,iPhone,,,,,,,256.0,,
Retailer Trade-in,Machines,iPhone,iPhone 11 Pro Max,4GB/512GB,625,iPhone 11 Pro Max,2019,iPhone,iPhone,,,,,,,512.0,,
Retailer Trade-in,Machines,iPhone,iPhone 12 mini,4GB/64GB,300,iPhone 12 mini,2020,iPhone,iPhone,,,,,,,64.0,,
Retailer Trade-in,Machines,iPhone,iPhone 12 mini,4GB/128GB,375,iPhone 12 mini,2020,iPhone,iPhone,,,,,,,128.0,,
Retailer Trade-in,Machines,iPhone,iPhone 12 mini,4GB/256GB,400,iPhone 12 mini,2020,iPhone,iPhone,,,,,,,256.0,,
Retailer Trade-in,Machines,iPhone,iPhone 12,4GB/64GB,450,iPhone 12,2020,iPhone,iPhone,,,,,,,64.0,,
Retailer Trade-in,Machines,iPhone,iPhone 12,4GB/128GB,500,iPhone 12,2020,iPhone,iPhone,,,,,,,128.0,,
Retailer Trade-in,Machines,iPhone,iPhone 12,4GB/256GB,575,iPhone 12,2020,iPhone,iPhone,,,,,,,256.0,,
Retailer Trade-in,Machines,iPhone,iPhone 12 Pro,6GB/128GB,625,iPhone 12 Pro,2020,iPhone,iPhone,,,,,,,128.0,,
Retailer Trade-in,Machines,iPhone,iPhone 12 Pro,6GB/256GB,700,iPhone 12 Pro,2020,iPhone,iPhone,,,,,,,256.0,,
Retailer Trade-in,Machines,iPhone,iPhone 12 Pro,6GB/512GB,750,iPhone 12 Pro,2020,iPhone,iPhone,,,,,,,512.0,,
Retailer Trade-in,Machines,iPhone,iPhone 12 Pro Max,6GB/128GB,800,iPhone 12 Pro Max,2020,iPhone,iPhone,,,,,,,128.0,,
Retailer Trade-in,Machines,iPhone,iPhone 12 Pro Max,6GB/256GB,900,iPhone 12 Pro Max,2020,iPhone,iPhone,,,,,,,256.0,,
Retailer Trade-in,Machines,iPhone,iPhone 12 Pro Max,6GB/512GB,975,iPhone 12 Pro Max,2020,iPhone,iPhone,,,,,,,512.0,,
Retailer Trade-in,Machines,iPhone,iPhone 13 mini,4GB/128GB,550,iPhone 13 mini,2021,iPhone,iPhone,,,,,,,128.0,,
Retailer Trade-in,Machines,iPhone,iPhone 13 mini,4GB/256GB,600,iPhone 13 mini,2021,iPhone,iPhone,,,,,,,256.0,,
Retailer Trade-in,Machines,iPhone,iPhone 13 mini,4GB/512GB,675,iPhone 13 mini,2021,iPhone,iPhone,,,,,,,512.0,,
Retailer Trade-in,Machines,iPhone,iPhone 13,4GB/128GB,740,iPhone 13,2021,iPhone,iPhone,,,,,,,128.0,,
Retailer Trade-in,Machines,iPhone,iPhone 13,4GB/256GB,840,iPhone 13,2021,iPhone,iPhone,,,,,,,256.0,,
Retailer Trade-in,Machines,iPhone,iPhone 13,4GB/512GB,900,iPhone 13,2021,iPhone,iPhone,,,,,,,512.0,,
Retailer Trade-in,Machines,iPhone,iPhone 13 Pro,6GB/128GB,975,iPhone 13 Pro,2021,iPhone,iPhone,,,,,,,128.0,,
Retailer Trade-in,Machines,iPhone,iPhone 13 Pro,6GB/256GB,1050,iPhone 13 Pro,2021,iPhone,iPhone,,,,,,,256.0,,
Retailer Trade-in,Machines,iPhone,iPhone 13 Pro,6GB/512GB,1140,iPhone 13 Pro,2021,iPhone,iPhone,,,,,,,512.0,,
Retailer Trade-in,Machines,iPhone,iPhone 13 Pro,6GB/1TB,1250,iPhone 13 Pro,2021,iPhone,iPhone,,,,,,,1024.0,,
Retailer Trade-in,Machines,iPhone,iPhone 13 Pro Max,6GB/128GB,1100,iPhone 13 Pro Max,2021,iPhone,iPhone,,,,,,,128.0,,
Retailer Trade-in,Machines,iPhone,iPhone 13 Pro Max,6GB/256GB,1275,iPhone 13 Pro Max,2021,iPhone,iPhone,,,,,,,256.0,,
Retailer Trade-in,Machines,iPhone,iPhone 13 Pro Max,6GB/512GB,1325,iPhone 13 Pro Max,2021,iPhone,iPhone,,,,,,,512.0,,
Retailer Trade-in,Machines,iPhone,iPhone 13 Pro Max,6GB/1TB,1450,iPhone 13 Pro Max,2021,iPhone,iPhone,,,,,,,1024.0,,
Retailer Trade-in,Machines,iPhone,iPhone 14,6GB/128GB,925,iPhone 14,2022,iPhone,iPhone,,,,,,,128.0,,
Retailer Trade-in,Machines,iPhone,iPhone 14,6GB/256GB,1000,iPhone 14,2022,iPhone,iPhone,,,,,,,256.0,,
Retailer Trade-in,Machines,iPhone,iPhone 14,6GB/512GB,1100,iPhone 14,2022,iPhone,iPhone,,,,,,,512.0,,
Retailer Trade-in,Machines,iPhone,iPhone 14 Plus,6GB/128GB,1000,iPhone 14 Plus,2022,iPhone,iPhone,,,,,,,128.0,,
Retailer Trade-in,Machines,iPhone,iPhone 14 Plus,6GB/256GB,1100,iPhone 14 Plus,2022,iPhone,iPhone,,,,,,,256.0,,
Retailer Trade-in,Machines,iPhone,iPhone 14 Plus,6GB/512GB,1225,iPhone 14 Plus,2022,iPhone,iPhone,,,,,,,512.0,,
Retailer Trade-in,Machines,iPhone,iPhone 14 Pro,6GB/128GB,1325,iPhone 14 Pro,2022,iPhone,iPhone,,,,,,,128.0,,
Retailer Trade-in,Machines,iPhone,iPhone 14 Pro,6GB/256GB,1540,iPhone 14 Pro,2022,iPhone,iPhone,,,,,,,256.0,,
Retailer Trade-in,Machines,iPhone,iPhone 14 Pro,6GB/512GB,1600,iPhone 14 Pro,2022,iPhone,iPhone,,,,,,,512.0,,
Retailer Trade-in,Machines,iPhone,iPhone 14 Pro,6GB/1TB,1675,iPhone 14 Pro,2022,iPhone,iPhone,,,,,,,1024.0,,
Retailer Trade-in,Machines,iPhone,iPhone 14 Pro Max,6GB/128GB,1575,iPhone 14 Pro Max,2022,iPhone,iPhone,,,,,,,128.0,,
Retailer Trade-in,Machines,iPhone,iPhone 14 Pro Max,6GB/256GB,1700,iPhone 14 Pro Max,2022,iPhone,iPhone,,,,,,,256.0,,
Retailer Trade-in,Machines,iPhone,iPhone 14 Pro Max,6GB/512GB,1835,iPhone 14 Pro Max,2022,iPhone,iPhone,,,,,,,512.0,,
Retailer Trade-in,Machines,iPhone,iPhone 14 Pro Max,6GB/1TB,1975,iPhone 14 Pro Max,2022,iPhone,iPhone,,,,,,,1024.0,,
Retailer Trade-in,Machines,iPhone,iPhone 14 (eSIM),6GB/128GB,850,iPhone 14,2022,iPhone,iPhone 14,,,,,,,128.0,,
Retailer Trade-in,Machines,iPhone,iPhone 14 (eSIM),6GB/256GB,935,iPhone 14,2022,iPhone,iPhone 14,,,,,,,256.0,,
Retailer Trade-in,Machines,iPhone,iPhone 14 (eSIM),6GB/512GB,1020,iPhone 14,2022,iPhone,iPhone 14,,,,,,,512.0,,
Retailer Trade-in,Machines,iPhone,iPhone 14 Plus (eSIM),6GB/128GB,895,iPhone 14 Plus,2022,iPhone,iPhone 14 Plus,,,,,,,128.0,,
Retailer Trade-in,Machines,iPhone,iPhone 14 Plus (eSIM),6GB/256GB,985,iPhone 14 Plus,2022,iPhone,iPhone 14 Plus,,,,,,,256.0,,
Retailer Trade-in,Machines,iPhone,iPhone 14 Plus (eSIM),6GB/512GB,1080,iPhone 14 Plus,2022,iPhone,iPhone 14 Plus,,,,,,,512.0,,
Retailer Trade-in,Machines,iPhone,iPhone 14 Pro (eSIM),6GB/128GB,1140,iPhone 14 Pro,2022,iPhone,iPhone 14 Pro,,,,,,,128.0,,
Retailer Trade-in,Machines,iPhone,iPhone 14 Pro (eSIM),6GB/256GB,1310,iPhone 14 Pro,2022,iPhone,iPhone 14 Pro,,,,,,,256.0,,
Retailer Trade-in,Machines,iPhone,iPhone 14 Pro (eSIM),6GB/512GB,1375,iPhone 14 Pro,2022,iPhone,iPhone 14 Pro,,,,,,,512.0,,
Retailer Trade-in,Machines,iPhone,iPhone 14 Pro (eSIM),6GB/1TB,1465,iPhone 14 Pro,2022,iPhone,iPhone 14 Pro,,,,,,,1024.0,,
Retailer Trade-in,Machines,iPhone,iPhone 14 Pro Max (eSIM),6GB/128GB,1350,iPhone 14 Pro Max,2022,iPhone,iPhone 14 Pro Max,,,,,,,128.0,,
Retailer Trade-in,Machines,iPhone,iPhone 14 Pro Max (eSIM),6GB/256GB,1445,iPhone 14 Pro Max,2022,iPhone,iPhone 14 Pro Max,,,,,,,256.0,,
Retailer Trade-in,Machines,iPhone,iPhone 14 Pro Max (eSIM),6GB/512GB,1560,iPhone 14 Pro Max,2022,iPhone,iPhone 14 Pro Max,,,,,,,512.0,,
Retailer Trade-in,Machines,iPhone,iPhone 14 Pro Max (eSIM),6GB/1TB,1700,iPhone 14 Pro Max,2022,iPhone,iPhone 14 Pro Max,,,,,,,1024.0,,
Retailer Trade-in,Machines,iPhone,iPhone 15,6GB/128GB,1460,iPhone 15,2023,iPhone,iPhone,,,,,,,128.0,,
Retailer Trade-in,Machines,iPhone,iPhone 15,6GB/256GB,1625,iPhone 15,2023,iPhone,iPhone,,,,,,,256.0,,
Retailer Trade-in,Machines,iPhone,iPhone 15,6GB/512GB,1775,iPhone 15,2023,iPhone,iPhone,,,,,,,512.0,,
Retailer Trade-in,Machines,iPhone,iPhone 15 Plus,6GB/128GB,1550,iPhone 15 Plus,2023,iPhone,iPhone,,,,,,,128.0,,
Retailer Trade-in,Machines,iPhone,iPhone 15 Plus,6GB/256GB,1775,iPhone 15 Plus,2023,iPhone,iPhone,,,,,,,256.0,,
Retailer Trade-in,Machines,iPhone,iPhone 15 Plus,6GB/512GB,1975,iPhone 15 Plus,2023,iPhone,iPhone,,,,,,,512.0,,
Retailer Trade-in,Machines,iPhone,iPhone 15 Pro,8GB/128GB,1725,iPhone 15 Pro,2023,iPhone,iPhone,,,,,,,128.0,,
Retailer Trade-in,Machines,iPhone,iPhone 15 Pro,8GB/256GB,2000,iPhone 15 Pro,2023,iPhone,iPhone,,,,,,,256.0,,
Retailer Trade-in,Machines,iPhone,iPhone 15 Pro,8GB/512GB,2125,iPhone 15 Pro,2023,iPhone,iPhone,,,,,,,512.0,,
Retailer Trade-in,Machines,iPhone,iPhone 15 Pro,8GB/1TB,2350,iPhone 15 Pro,2023,iPhone,iPhone,,,,,,,1024.0,,
Retailer Trade-in,Machines,iPhone,iPhone 15 Pro Max,8GB/256GB,2200,iPhone 15 Pro Max,2023,iPhone,iPhone,,,,,,,256.0,,
Retailer Trade-in,Machines,iPhone,iPhone 15 Pro Max,8GB/512GB,2425,iPhone 15 Pro Max,2023,iPhone,iPhone,,,,,,,512.0,,
Retailer Trade-in,Machines,iPhone,iPhone 15 Pro Max,8GB/1TB,2650,iPhone 15 Pro Max,2023,iPhone,iPhone,,,,,,,1024.0,,
Retailer Trade-in,Machines,iPhone,iPhone 15 (eSIM),6GB/128GB,1210,iPhone 15,2023,iPhone,iPhone 15,,,,,,,128.0,,
Retailer Trade-in,Machines,iPhone,iPhone 15 (eSIM),6GB/256GB,1320,iPhone 15,2023,iPhone,iPhone 15,,,,,,,256.0,,
Retailer Trade-in,Machines,iPhone,iPhone 15 (eSIM),6GB/512GB,1445,iPhone 15,2023,iPhone,iPhone 15,,,,,,,512.0,,
Retailer Trade-in,Machines,iPhone,iPhone 15 Plus (eSIM),6GB/128GB,1295,iPhone 15 Plus,2023,iPhone,iPhone 15 Plus,,,,,,,128.0,,
Retailer Trade-in,Machines,iPhone,iPhone 15 Plus (eSIM),6GB/256GB,1440,iPhone 15 Plus,2023,iPhone,iPhone 15 Plus,,,,,,,256.0,,
Retailer Trade-in,Machines,iPhone,iPhone 15 Plus (eSIM),6GB/512GB,1640,iPhone 15 Plus,2023,iPhone,iPhone 15 Plus,,,,,,,512.0,,
Retailer Trade-in,Machines,iPhone,iPhone 15 Pro (eSIM),8GB/128GB,1535,iPhone 15 Pro,2023,iPhone,iPhone 15 Pro,,,,,,,128.0,,
Retailer Trade-in,Machines,iPhone,iPhone 15 Pro (eSIM),8GB/256GB,1665,iPhone 15 Pro,2023,iPhone,iPhone 15 Pro,,,,,,,256.0,,
Retailer Trade-in,Machines,iPhone,iPhone 15 Pro (eSIM),8GB/512GB,1830,iPhone 15 Pro,2023,iPhone,iPhone 15 Pro,,,,,,,512.0,,
Retailer Trade-in,Machines,iPhone,iPhone 15 Pro (eSIM),8GB/1TB,2050,iPhone 15 Pro,2023,iPhone,iPhone 15 Pro,,,,,,,1024.0,,
Retailer Trade-in,Machines,iPhone,iPhone 15 Pro Max (eSIM),8GB/256GB,1830,iPhone 15 Pro Max,2023,iPhone,iPhone 15 Pro Max,,,,,,,256.0,,
Retailer Trade-in,Machines,iPhone,iPhone 15 Pro Max (eSIM),8GB/512GB,2090,iPhone 15 Pro Max,2023,iPhone,iPhone 15 Pro Max,,,,,,,512.0,,
Retailer Trade-in,Machines,iPhone,iPhone 15 Pro Max (eSIM),8GB/1TB,2340,iPhone 15 Pro Max,2023,iPhone,iPhone 15 Pro Max,,,,,,,1024.0,,
Retailer Trade-in,Machines,iPhone,iPhone 16e,8GB/128GB,1125,iPhone 16e,2025,iPhone,iPhone,,,,,,,128.0,,
Retailer Trade-in,Machines,iPhone,iPhone 16e,8GB/256GB,1275,iPhone 16e,2025,iPhone,iPhone,,,,,,,256.0,,
Retailer Trade-in,Machines,iPhone,iPhone 16e,8GB/512GB,1675,iPhone 16e,2025,iPhone,iPhone,,,,,,,512.0,,
Retailer Trade-in,Machines,iPhone,iPhone 16,8GB/128GB,1800,iPhone 16,2024,iPhone,iPhone,,,,,,,128.0,,
Retailer Trade-in,Machines,iPhone,iPhone 16,8GB/256GB,2075,iPhone 16,2024,iPhone,iPhone,,,,,,,256.0,,
Retailer Trade-in,Machines,iPhone,iPhone 16,8GB/512GB,2430,iPhone 16,2024,iPhone,iPhone,,,,,,,512.0,,
Retailer Trade-in,Machines,iPhone,iPhone 16 Plus,8GB/128GB,2120,iPhone 16 Plus,2024,iPhone,iPhone,,,,,,,128.0,,
Retailer Trade-in,Machines,iPhone,iPhone 16 Plus,8GB/256GB,2335,iPhone 16 Plus,2024,iPhone,iPhone,,,,,,,256.0,,
Retailer Trade-in,Machines,iPhone,iPhone 16 Plus,8GB/512GB,2690,iPhone 16 Plus,2024,iPhone,iPhone,,,,,,,512.0,,
Retailer Trade-in,Machines,iPhone,iPhone 16 Pro,8GB/128GB,2300,iPhone 16 Pro,2024,iPhone,iPhone,,,,,,,128.0,,
Retailer Trade-in,Machines,iPhone,iPhone 16 Pro,8GB/256GB,2525,iPhone 16 Pro,2024,iPhone,iPhone,,,,,,,256.0,,
Retailer Trade-in,Machines,iPhone,iPhone 16 Pro,8GB/512GB,2925,iPhone 16 Pro,2024,iPhone,iPhone,,,,,,,512.0,,
Retailer Trade-in,Machines,iPhone,iPhone 16 Pro,8GB/1TB,3400,iPhone 16 Pro,2024,iPhone,iPhone,,,,,,,1024.0,,
Retailer Trade-in,Machines,iPhone,iPhone 16 Pro Max,8GB/256GB,3075,iPhone 16 Pro Max,2024,iPhone,iPhone,,,,,,,256.0,,
Retailer Trade-in,Machines,iPhone,iPhone 16 Pro Max,8GB/512GB,3300,iPhone 16 Pro Max,2024,iPhone,iPhone,,,,,,,512.0,,
Retailer Trade-in,Machines,iPhone,iPhone 16 Pro Max,8GB/1TB,3675,iPhone 16 Pro Max,2024,iPhone,iPhone,,,,,,,1024.0,,
Retailer Trade-in,Machines,iPhone,iPhone 16e (eSIM),8GB/128GB,1065,iPhone 16e,2025,iPhone,iPhone 16e,,,,,,,128.0,,
Retailer Trade-in,Machines,iPhone,iPhone 16e (eSIM),8GB/256GB,1225,iPhone 16e,2025,iPhone,iPhone 16e,,,,,,,256.0,,
Retailer Trade-in,Machines,iPhone,iPhone 16e (eSIM),8GB/512GB,1590,iPhone 16e,2025,iPhone,iPhone 16e,,,,,,,512.0,,
Retailer Trade-in,Machines,iPhone,iPhone 16 (eSIM),8GB/128GB,1570,iPhone 16,2024,iPhone,iPhone 16,,,,,,,128.0,,
Retailer Trade-in,Machines,iPhone,iPhone 16 (eSIM),8GB/256GB,1785,iPhone 16,2024,iPhone,iPhone 16,,,,,,,256.0,,
Retailer Trade-in,Machines,iPhone,iPhone 16 (eSIM),8GB/512GB,2065,iPhone 16,2024,iPhone,iPhone 16,,,,,,,512.0,,
Retailer Trade-in,Machines,iPhone,iPhone 16 Plus (eSIM),8GB/128GB,1800,iPhone 16 Plus,2024,iPhone,iPhone 16 Plus,,,,,,,128.0,,
Retailer Trade-in,Machines,iPhone,iPhone 16 Plus (eSIM),8GB/256GB,1985,iPhone 16 Plus,2024,iPhone,iPhone 16 Plus,,,,,,,256.0,,
Retailer Trade-in,Machines,iPhone,iPhone 16 Plus (eSIM),8GB/512GB,2285,iPhone 16 Plus,2024,iPhone,iPhone 16 Plus,,,,,,,512.0,,
Retailer Trade-in,Machines,iPhone,iPhone 16 Pro (eSIM),8GB/128GB,2110,iPhone 16 Pro,2024,iPhone,iPhone 16 Pro,,,,,,,128.0,,
Retailer Trade-in,Machines,iPhone,iPhone 16 Pro (eSIM),8GB/256GB,2295,iPhone 16 Pro,2024,iPhone,iPhone 16 Pro,,,,,,,256.0,,
Retailer Trade-in,Machines,iPhone,iPhone 16 Pro (eSIM),8GB/512GB,2600,iPhone 16 Pro,2024,iPhone,iPhone 16 Pro,,,,,,,512.0,,
Retailer Trade-in,Machines,iPhone,iPhone 16 Pro (eSIM),8GB/1TB,2945,iPhone 16 Pro,2024,iPhone,iPhone 16 Pro,,,,,,,1024.0,,
Retailer Trade-in,Machines,iPhone,iPhone 16 Pro Max (eSIM),8GB/256GB,2665,iPhone 16 Pro Max,2024,iPhone,iPhone 16 Pro Max,,,,,,,256.0,,
Retailer Trade-in,Machines,iPhone,iPhone 16 Pro Max (eSIM),8GB/512GB,2940,iPhone 16 Pro Max,2024,iPhone,iPhone 16 Pro Max,,,,,,,512.0,,
Retailer Trade-in,Machines,iPhone,iPhone 16 Pro Max (eSIM),8GB/1TB,3245,iPhone 16 Pro Max,2024,iPhone,iPhone 16 Pro Max,,,,,,,1024.0,,
Retailer Trade-in,Machines,iPhone,iPhone 17,8GB/256GB,2135,iPhone 17,2025,iPhone,iPhone,,,,,,,256.0,,
Retailer Trade-in,Machines,iPhone,iPhone 17,8GB/512GB,2670,iPhone 17,2025,iPhone,iPhone,,,,,,,512.0,,
Retailer Trade-in,Machines,iPhone,iPhone Air,8GB/256GB,2490,iPhone Air,2025,iPhone,iPhone,,,,,,,256.0,,
Retailer Trade-in,Machines,iPhone,iPhone Air,8GB/512GB,2965,iPhone Air,2025,iPhone,iPhone,,,,,,,512.0,,
Retailer Trade-in,Machines,iPhone,iPhone Air,8GB/1TB,3445,iPhone Air,2025,iPhone,iPhone,,,,,,,1024.0,,
Retailer Trade-in,Machines,iPhone,iPhone 17 Pro,12GB/256GB,3035,iPhone 17 Pro,2025,iPhone,iPhone,,,,,,,256.0,,
Retailer Trade-in,Machines,iPhone,iPhone 17 Pro,12GB/512GB,3570,iPhone 17 Pro,2025,iPhone,iPhone,,,,,,,512.0,,
Retailer Trade-in,Machines,iPhone,iPhone 17 Pro,12GB/1TB,4100,iPhone 17 Pro,2025,iPhone,iPhone,,,,,,,1024.0,,
Retailer Trade-in,Machines,iPhone,iPhone 17 Pro Max,12GB/256GB,3300,iPhone 17 Pro Max,2025,iPhone,iPhone,,,,,,,256.0,,
Retailer Trade-in,Machines,iPhone,iPhone 17 Pro Max,12GB/512GB,3835,iPhone 17 Pro Max,2025,iPhone,iPhone,,,,,,,512.0,,
Retailer Trade-in,Machines,iPhone,iPhone 17 Pro Max,12GB/1TB,4370,iPhone 17 Pro Max,2025,iPhone,iPhone,,,,,,,1024.0,,
Retailer Trade-in,Machines,iPhone,iPhone 17 Pro Max,12GB/2TB,5435,iPhone 17 Pro Max,2025,iPhone,iPhone,,,,,,,2048.0,,
Retailer Trade-in,Machines,iPad,iPad 7,3GB/128GB Wi-Fi,225,iPad 7,2019,iPad,iPad,7.0,,,,,,128.0,,Wi-Fi
Retailer Trade-in,Machines,iPad,iPad 7,3GB/32GB Wi-Fi + Cellular,150,iPad 7,2019,iPad,iPad,7.0,,,,,,32.0,,Wi-Fi + Cellular
Retailer Trade-in,Machines,iPad,iPad 7,3GB/128GB Wi-Fi + Cellular,325,iPad 7,2019,iPad,iPad,7.0,,,,,,128.0,,Wi-Fi + Cellular
Retailer Trade-in,Machines,iPad,iPad 8,3GB/32GB Wi-Fi,225,iPad 8,2020,iPad,iPad,8.0,,,,,,32.0,,Wi-Fi
Retailer Trade-in,Machines,iPad,iPad 8,3GB/128GB Wi-Fi,300,iPad 8,2020,iPad,iPad,8.0,,,,,,128.0,,Wi-Fi
Retailer Trade-in,Machines,iPad,iPad 8,3GB/32GB Wi-Fi + Cellular,300,iPad 8,2020,iPad,iPad,8.0,,,,,,32.0,,Wi-Fi + Cellular
Retailer Trade-in,Machines,iPad,iPad 8,3GB/128GB Wi-Fi + Cellular,400,iPad 8,2020,iPad,iPad,8.0,,,,,,128.0,,Wi-Fi + Cellular
Retailer Trade-in,Machines,iPad,iPad 9,3GB/64GB Wi-Fi,350,iPad 9,2021,iPad,iPad,9.0,,,,,,64.0,,Wi-Fi
Retailer Trade-in,Machines,iPad,iPad 9,3GB/256GB Wi-Fi,525,iPad 9,2021,iPad,iPad,9.0,,,,,,256.0,,Wi-Fi
Retailer Trade-in,Machines,iPad,iPad 9,3GB/64GB Wi-Fi + Cellular,525,iPad 9,2021,iPad,iPad,9.0,,,,,,64.0,,Wi-Fi + Cellular
Retailer Trade-in,Machines,iPad,iPad 9,3GB/256GB Wi-Fi + Cellular,650,iPad 9,2021,iPad,iPad,9.0,,,,,,256.0,,Wi-Fi + Cellular
Retailer Trade-in,Machines,iPad,iPad 10,4GB/64GB Wi-Fi,600,iPad 10,2022,iPad,iPad,10.0,,,,,,64.0,,Wi-Fi
Retailer Trade-in,Machines,iPad,iPad 10,4GB/256GB Wi-Fi,800,iPad 10,2022,iPad,iPad,10.0,,,,,,256.0,,Wi-Fi
Retailer Trade-in,Machines,iPad,iPad 10,4GB/64GB Wi-Fi + Cellular,750,iPad 10,2022,iPad,iPad,10.0,,,,,,64.0,,Wi-Fi + Cellular
Retailer Trade-in,Machines,iPad,iPad 10,4GB/256GB Wi-Fi + Cellular,975,iPad 10,2022,iPad,iPad,10.0,,,,,,256.0,,Wi-Fi + Cellular
Retailer Trade-in,Machines,iPad,iPad 11,4GB/128GB Wi-Fi,600,iPad 11,2025,iPad,iPad,11.0,,,,,,128.0,,Wi-Fi
Retailer Trade-in,Machines,iPad,iPad 11,4GB/256GB Wi-Fi,775,iPad 11,2025,iPad,iPad,11.0,,,,,,256.0,,Wi-Fi
Retailer Trade-in,Machines,iPad,iPad 11,4GB/512GB Wi-Fi,1075,iPad 11,2025,iPad,iPad,11.0,,,,,,512.0,,Wi-Fi
Retailer Trade-in,Machines,iPad,iPad 11,4GB/128GB Wi-Fi + Cellular,800,iPad 11,2025,iPad,iPad,11.0,,,,,,128.0,,Wi-Fi + Cellular
Retailer Trade-in,Machines,iPad,iPad 11,4GB/256GB Wi-Fi + Cellular,1000,iPad 11,2025,iPad,iPad,11.0,,,,,,256.0,,Wi-Fi + Cellular
Retailer Trade-in,Machines,iPad,iPad 11,4GB/512GB Wi-Fi + Cellular,1325,iPad 11,2025,iPad,iPad,11.0,,,,,,512.0,,Wi-Fi + Cellular
Retailer Trade-in,Machines,iPad,iPad Air 4,4GB/64GB Wi-Fi,550,iPad Air 4,2020,iPad,iPad Air,4.0,,,,,,64.0,,Wi-Fi
Retailer Trade-in,Machines,iPad,iPad Air 4,4GB/256GB Wi-Fi,725,iPad Air 4,2020,iPad,iPad Air,4.0,,,,,,256.0,,Wi-Fi
Retailer Trade-in,Machines,iPad,iPad Air 4,4GB/64GB Wi-Fi + Cellular,720,iPad Air 4,2020,iPad,iPad Air,4.0,,,,,,64.0,,Wi-Fi + Cellular
Retailer Trade-in,Machines,iPad,iPad Air 4,4GB/256GB Wi-Fi + Cellular,845,iPad Air 4,2020,iPad,iPad Air,4.0,,,,,,256.0,,Wi-Fi + Cellular
Retailer Trade-in,Machines,iPad,iPad Air 5,8GB/64GB Wi-Fi,835,iPad Air 5,2022,iPad,iPad Air,5.0,,,,,,64.0,,Wi-Fi
Retailer Trade-in,Machines,iPad,iPad Air 5,8GB/256GB Wi-Fi,975,iPad Air 5,2022,iPad,iPad Air,5.0,,,,,,256.0,,Wi-Fi
Retailer Trade-in,Machines,iPad,iPad Air 5,8GB/64GB Wi-Fi + Cellular,975,iPad Air 5,2022,iPad,iPad Air,5.0,,,,,,64.0,,Wi-Fi + Cellular
Retailer Trade-in,Machines,iPad,iPad Air 5,8GB/256GB Wi-Fi + Cellular,1075,iPad Air 5,2022,iPad,iPad Air,5.0,,,,,,256.0,,Wi-Fi + Cellular
Retailer Trade-in,Machines,iPad,iPad Air 6 11-inch M2 (2024),8GB/128GB Wi-Fi,1150,iPad Air 6 (2024),2024,iPad,iPad Air,6.0,2024,11.0,,,,128.0,,Wi-Fi
Retailer Trade-in,Machines,iPad,iPad Air 6 11-inch M2 (2024),8GB/256GB Wi-Fi,1375,iPad Air 6 (2024),2024,iPad,iPad Air,6.0,2024,11.0,,,,256.0,,Wi-Fi
Retailer Trade-in,Machines,iPad,iPad Air 6 11-inch M2 (2024),8GB/512GB Wi-Fi,1575,iPad Air 6 (2024),2024,iPad,iPad Air,6.0,2024,11.0,,,,512.0,,Wi-Fi
Retailer Trade-in,Machines,iPad,iPad Air 6 11-inch M2 (2024),8GB/1TB Wi-Fi,1900,iPad Air 6 (2024),2024,iPad,iPad Air,6.0,2024,11.0,,,,1024.0,,Wi-Fi
Retailer Trade-in,Machines,iPad,iPad Air 6 11-inch M2 (2024),8GB/128GB Wi-Fi + Cellular,1350,iPad Air 6 (2024),2024,iPad,iPad Air,6.0,2024,11.0,,,,128.0,,Wi-Fi + Cellular
Retailer Trade-in,Machines,iPad,iPad Air 6 11-inch M2 (2024),8GB/256GB Wi-Fi + Cellular,1475,iPad Air 6 (2024),2024,iPad,iPad Air,6.0,2024,11.0,,,,256.0,,Wi-Fi + Cellular
Retailer Trade-in,Machines,iPad,iPad Air 6 11-inch M2 (2024),8GB/512GB Wi-Fi + Cellular,1800,iPad Air 6 (2024),2024,iPad,iPad Air,6.0,2024,11.0,,,,512.0,,Wi-Fi + Cellular
Retailer Trade-in,Machines,iPad,iPad Air 6 11-inch M2 (2024),8GB/1TB Wi-Fi + Cellular,2050,iPad Air 6 (2024),2024,iPad,iPad Air,6.0,2024,11.0,,,,1024.0,,Wi-Fi + Cellular
Retailer Trade-in,Machines,iPad,iPad Air 13-inch M2 (2024),8GB/128GB Wi-Fi,1250,iPad Air (2024),2024,iPad,iPad Air,,2024,13.0,,,,128.0,,Wi-Fi
Retailer Trade-in,Machines,iPad,iPad Air 13-inch M2 (2024),8GB/256GB Wi-Fi,1425,iPad Air (2024),2024,iPad,iPad Air,,2024,13.0,,,,256.0,,Wi-Fi
Retailer Trade-in,Machines,iPad,iPad Air 13-inch M2 (2024),8GB/512GB Wi-Fi,1750,iPad Air (2024),2024,iPad,iPad Air,,2024,13.0,,,,512.0,,Wi-Fi
Retailer Trade-in,Machines,iPad,iPad Air 13-inch M2 (2024),8GB/1TB Wi-Fi,2075,iPad Air (2024),2024,iPad,iPad Air,,2024,13.0,,,,1024.0,,Wi-Fi
Retailer Trade-in,Machines,iPad,iPad Air 13-inch M2 (2024),8GB/128GB Wi-Fi + Cellular,1525,iPad Air (2024),2024,iPad,iPad Air,,2024,13.0,,,,128.0,,Wi-Fi + Cellular
Retailer Trade-in,Machines,iPad,iPad Air 13-inch M2 (2024),8GB/256GB Wi-Fi + Cellular,1725,iPad Air (2024),2024,iPad,iPad Air,,2024,13.0,,,,256.0,,Wi-Fi + Cellular
Retailer Trade-in,Machines,iPad,iPad Air 13-inch M2 (2024),8GB/512GB Wi-Fi + Cellular,2075,iPad Air (2024),2024,iPad,iPad Air,,2024,13.0,,,,512.0,,Wi-Fi + Cellular
Retailer Trade-in,Machines,iPad,iPad Air 13-inch M2 (2024),8GB/1TB Wi-Fi + Cellular,2300,iPad Air (2024),2024,iPad,iPad Air,,2024,13.0,,,,1024.0,,Wi-Fi + Cellular
Retailer Trade-in,Machines,iPad,iPad Air 11-inch M3 (2025),8GB/128GB Wi-Fi,1225,iPad Air (2025),2025,iPad,iPad Air,,2025,11.0,,,,128.0,,Wi-Fi
Retailer Trade-in,Machines,iPad,iPad Air 11-inch M3 (2025),8GB/256GB Wi-Fi,1425,iPad Air (2025),2025,iPad,iPad Air,,2025,11.0,,,,256.0,,Wi-Fi
Retailer Trade-in,Machines,iPad,iPad Air 11-inch M3 (2025),8GB/512GB Wi-Fi,1825,iPad Air (2025),2025,iPad,iPad Air,,2025,11.0,,,,512.0,,Wi-Fi
Retailer Trade-in,Machines,iPad,iPad Air 11-inch M3 (2025),8GB/1TB Wi-Fi,2175,iPad Air (2025),2025,iPad,iPad Air,,2025,11.0,,,,1024.0,,Wi-Fi
Retailer Trade-in,Machines,iPad,iPad Air 11-inch M3 (2025),8GB/128GB Wi-Fi + Cellular,1600,iPad Air (2025),2025,iPad,iPad Air,,2025,11.0,,,,128.0,,Wi-Fi + Cellular
Retailer Trade-in,Machines,iPad,iPad Air 11-inch M3 (2025),8GB/256GB Wi-Fi + Cellular,1825,iPad Air (2025),2025,iPad,iPad Air,,2025,11.0,,,,256.0,,Wi-Fi + Cellular
Retailer Trade-in,Machines,iPad,iPad Air 11-inch M3 (2025),8GB/512GB Wi-Fi + Cellular,2200,iPad Air (2025),2025,iPad,iPad Air,,2025,11.0,,,,512.0,,Wi-Fi + Cellular
Retailer Trade-in,Machines,iPad,iPad Air 11-inch M3 (2025),8GB/1TB Wi-Fi + Cellular,2575,iPad Air (2025),2025,iPad,iPad Air,,2025,11.0,,,,1024.0,,Wi-Fi + Cellular
Retailer Trade-in,Machines,iPad,iPad Air 13-inch M3 (2025),8GB/128GB Wi-Fi,1600,iPad Air (2025),2025,iPad,iPad Air,,2025,13.0,,,,128.0,,Wi-Fi
Retailer Trade-in,Machines,iPad,iPad Air 13-inch M3 (2025),8GB/256GB Wi-Fi,1800,iPad Air (2025),2025,iPad,iPad Air,,2025,13.0,,,,256.0,,Wi-Fi
Retailer Trade-in,Machines,iPad,iPad Air 13-inch M3 (2025),8GB/512GB Wi-Fi,2050,iPad Air (2025),2025,iPad,iPad Air,,2025,13.0,,,,512.0,,Wi-Fi
Retailer Trade-in,Machines,iPad,iPad Air 13-inch M3 (2025),8GB/1TB Wi-Fi,2400,iPad Air (2025),2025,iPad,iPad Air,,2025,13.0,,,,1024.0,,Wi-Fi
Retailer Trade-in,Machines,iPad,iPad Air 13-inch M3 (2025),8GB/128GB Wi-Fi + Cellular,1875,iPad Air (2025),2025,iPad,iPad Air,,2025,13.0,,,,128.0,,Wi-Fi + Cellular
Retailer Trade-in,Machines,iPad,iPad Air 13-inch M3 (2025),8GB/256GB Wi-Fi + Cellular,2100,iPad Air (2025),2025,iPad,iPad Air,,2025,13.0,,,,256.0,,Wi-Fi + Cellular
Retailer Trade-in,Machines,iPad,iPad Air 13-inch M3 (2025),8GB/512GB Wi-Fi + Cellular,2400,iPad Air (2025),2025,iPad,iPad Air,,2025,13.0,,,,512.0,,Wi-Fi + Cellular
Retailer Trade-in,Machines,iPad,iPad Air 13-inch M3 (2025),8GB/1TB Wi-Fi + Cellular,2700,iPad Air (2025),2025,iPad,iPad Air,,2025,13.0,,,,1024.0,,Wi-Fi + Cellular
Retailer Trade-in,Machines,iPad,iPad Mini 6,4GB/64GB Wi-Fi,585,iPad mini 6,2021,iPad,iPad mini,6.0,,,,,,64.0,,Wi-Fi
Retailer Trade-in,Machines,iPad,iPad Mini 6,4GB/256GB Wi-Fi,775,iPad mini 6,2021,iPad,iPad mini,6.0,,,,,,256.0,,Wi-Fi
Retailer Trade-in,Machines,iPad,iPad Mini 6,4GB/64GB Wi-Fi + Cellular,775,iPad mini 6,2021,iPad,iPad mini,6.0,,,,,,64.0,,Wi-Fi + Cellular
Retailer Trade-in,Machines,iPad,iPad Mini 6,4GB/256GB Wi-Fi + Cellular,925,iPad mini 6,2021,iPad,iPad mini,6.0,,,,,,256.0,,Wi-Fi + Cellular
Retailer Trade-in,Machines,iPad,iPad Mini 7,8GB/128GB Wi-Fi,850,iPad mini 7,2024,iPad,iPad mini,7.0,,,,,,128.0,,Wi-Fi
Retailer Trade-in,Machines,iPad,iPad Mini 7,8GB/256GB Wi-Fi,1010,iPad mini 7,2024,iPad,iPad mini,7.0,,,,,,256.0,,Wi-Fi
Retailer Trade-in,Machines,iPad,iPad Mini 7,8GB/512GB Wi-Fi,1375,iPad mini 7,2024,iPad,iPad mini,7.0,,,,,,512.0,,Wi-Fi
Retailer Trade-in,Machines,iPad,iPad Mini 7,8GB/128GB Wi-Fi + Cellular,1050,iPad mini 7,2024,iPad,iPad mini,7.0,,,,,,128.0,,Wi-Fi + Cellular
Retailer Trade-in,Machines,iPad,iPad Mini 7,8GB/256GB Wi-Fi + Cellular,1275,iPad mini 7,2024,iPad,iPad mini,7.0,,,,,,256.0,,Wi-Fi + Cellular
Retailer Trade-in,Machines,iPad,iPad Mini 7,8GB/512GB Wi-Fi + Cellular,1475,iPad mini 7,2024,iPad,iPad mini,7.0,,,,,,512.0,,Wi-Fi + Cellular
Retailer Trade-in,Machines,iPad,"iPad Pro 11-inch (2020, 2nd Gen)",6GB/128GB Wi-Fi,700,"iPad Pro (2020, 2nd Gen)",2020,iPad,iPad Pro,2.0,2020,11.0,,,,128.0,,Wi-Fi
Retailer Trade-in,Machines,iPad,"iPad Pro 11-inch (2020, 2nd Gen)",6GB/256GB Wi-Fi,775,"iPad Pro (2020, 2nd Gen)",2020,iPad,iPad Pro,2.0,2020,11.0,,,,256.0,,Wi-Fi
Retailer Trade-in,Machines,iPad,"iPad Pro 11-inch (2020, 2nd Gen)",6GB/512GB Wi-Fi,900,"iPad Pro (2020, 2nd Gen)",2020,iPad,iPad Pro,2.0,2020,11.0,,,,512.0,,Wi-Fi
Retailer Trade-in,Machines,iPad,"iPad Pro 11-inch (2020, 2nd Gen)",6GB/1TB Wi-Fi,950,"iPad Pro (2020, 2nd Gen)",2020,iPad,iPad Pro,2.0,2020,11.0,,,,1024.0,,Wi-Fi
Retailer Trade-in,Machines,iPad,"iPad Pro 11-inch (2020, 2nd Gen)",6GB/128GB Wi-Fi + Cellular,775,"iPad Pro (2020, 2nd Gen)",2020,iPad,iPad Pro,2.0,2020,11.0,,,,128.0,,Wi-Fi + Cellular
Retailer Trade-in,Machines,iPad,"iPad Pro 11-inch (2020, 2nd Gen)",6GB/256GB Wi-Fi + Cellular,875,"iPad Pro (2020, 2nd Gen)",2020,iPad,iPad Pro,2.0,2020,11.0,,,,256.0,,Wi-Fi + Cellular
Retailer Trade-in,Machines,iPad,"iPad Pro 11-inch (2020, 2nd Gen)",6GB/512GB Wi-Fi + Cellular,1050,"iPad Pro (2020, 2nd Gen)",2020,iPad,iPad Pro,2.0,2020,11.0,,,,512.0,,Wi-Fi + Cellular
Retailer Trade-in,Machines,iPad,"iPad Pro 11-inch (2020, 2nd Gen)",6GB/1TB Wi-Fi + Cellular,1075,"iPad Pro (2020, 2nd Gen)",2020,iPad,iPad Pro,2.0,2020,11.0,,,,1024.0,,Wi-Fi + Cellular
Retailer Trade-in,Machines,iPad,iPad Pro 4 (12.9-inch),6GB/128GB Wi-Fi,900,iPad Pro 4,2020,iPad,iPad Pro,4.0,,12.9,,,,128.0,,Wi-Fi
Retailer Trade-in,Machines,iPad,iPad Pro 4 (12.9-inch),6GB/256GB Wi-Fi,1050,iPad Pro 4,2020,iPad,iPad Pro,4.0,,12.9,,,,256.0,,Wi-Fi
Retailer Trade-in,Machines,iPad,iPad Pro 4 (12.9-inch),6GB/512GB Wi-Fi,1175,iPad Pro 4,2020,iPad,iPad Pro,4.0,,12.9,,,,512.0,,Wi-Fi
Retailer Trade-in,Machines,iPad,iPad Pro 4 (12.9-inch),6GB/1TB Wi-Fi,1275,iPad Pro 4,2020,iPad,iPad Pro,4.0,,12.9,,,,1024.0,,Wi-Fi
Retailer Trade-in,Machines,iPad,iPad Pro 4 (12.9-inch),6GB/128GB Wi-Fi + Cellular,1050,iPad Pro 4,2020,iPad,iPad Pro,4.0,,12.9,,,,128.0,,Wi-Fi + Cellular
Retailer Trade-in,Machines,iPad,iPad Pro 4 (12.9-inch),6GB/256GB Wi-Fi + Cellular,1175,iPad Pro 4,2020,iPad,iPad Pro,4.0,,12.9,,,,256.0,,Wi-Fi + Cellular
Retailer Trade-in,Machines,iPad,iPad Pro 4 (12.9-inch),6GB/512GB Wi-Fi + Cellular,1325,iPad Pro 4,2020,iPad,iPad Pro,4.0,,12.9,,,,512.0,,Wi-Fi + Cellular
Retailer Trade-in,Machines,iPad,iPad Pro 4 (12.9-inch),6GB/1TB Wi-Fi + Cellular,1400,iPad Pro 4,2020,iPad,iPad Pro,4.0,,12.9,,,,1024.0,,Wi-Fi + Cellular
Retailer Trade-in,Machines,iPad,"iPad Pro 11-inch M1 (2021, 3rd Gen)",8GB/128GB Wi-Fi,975,"iPad Pro (2021, 3rd Gen)",2021,iPad,iPad Pro,3.0,2021,11.0,,,,128.0,,Wi-Fi
Retailer Trade-in,Machines,iPad,"iPad Pro 11-inch M1 (2021, 3rd Gen)",8GB/256GB Wi-Fi,1150,"iPad Pro (2021, 3rd Gen)",2021,iPad,iPad Pro,3.0,2021,11.0,,,,256.0,,Wi-Fi
Retailer Trade-in,Machines,iPad,"iPad Pro 11-inch M1 (2021, 3rd Gen)",8GB/512GB Wi-Fi,1275,"iPad Pro (2021, 3rd Gen)",2021,iPad,iPad Pro,3.0,2021,11.0,,,,512.0,,Wi-Fi
Retailer Trade-in,Machines,iPad,"iPad Pro 11-inch M1 (2021, 3rd Gen)",16GB/1TB Wi-Fi,1325,"iPad Pro (2021, 3rd Gen)",2021,iPad,iPad Pro,3.0,2021,11.0,,,,1024.0,,Wi-Fi
Retailer Trade-in,Machines,iPad,"iPad Pro 11-inch M1 (2021, 3rd Gen)",16GB/2TB Wi-Fi,1525,"iPad Pro (2021, 3rd Gen)",2021,iPad,iPad Pro,3.0,2021,11.0,,,,2048.0,,Wi-Fi
Retailer Trade-in,Machines,iPad,"iPad Pro 11-inch M1 (2021, 3rd Gen)",8GB/128GB Wi-Fi + Cellular,1075,"iPad Pro (2021, 3rd Gen)",2021,iPad,iPad Pro,3.0,2021,11.0,,,,128.0,,Wi-Fi + Cellular
Retailer Trade-in,Machines,iPad,"iPad Pro 11-inch M1 (2021, 3rd Gen)",8GB/256GB Wi-Fi + Cellular,1275,"iPad Pro (2021, 3rd Gen)",2021,iPad,iPad Pro,3.0,2021,11.0,,,,256.0,,Wi-Fi + Cellular
Retailer Trade-in,Machines,iPad,"iPad Pro 11-inch M1 (2021, 3rd Gen)",8GB/512GB Wi-Fi + Cellular,1425,"iPad Pro (2021, 3rd Gen)",2021,iPad,iPad Pro,3.0,2021,11.0,,,,512.0,,Wi-Fi + Cellular
Retailer Trade-in,Machines,iPad,"iPad Pro 11-inch M1 (2021, 3rd Gen)",16GB/1TB Wi-Fi + Cellular,1525,"iPad Pro (2021, 3rd Gen)",2021,iPad,iPad Pro,3.0,2021,11.0,,,,1024.0,,Wi-Fi + Cellular
Retailer Trade-in,Machines,iPad,"iPad Pro 11-inch M1 (2021, 3rd Gen)",16GB/2TB Wi-Fi + Cellular,1700,"iPad Pro (2021, 3rd Gen)",2021,iPad,iPad Pro,3.0,2021,11.0,,,,2048.0,,Wi-Fi + Cellular
Retailer Trade-in,Machines,iPad,"iPad Pro 5 (12.9-inch, M1)",8GB/128GB Wi-Fi,1150,iPad Pro 5,2021,iPad,iPad Pro,5.0,,12.9,,,,128.0,,Wi-Fi
Retailer Trade-in,Machines,iPad,"iPad Pro 5 (12.9-inch, M1)",8GB/256GB Wi-Fi,1250,iPad Pro 5,2021,iPad,iPad Pro,5.0,,12.9,,,,256.0,,Wi-Fi
Retailer Trade-in,Machines,iPad,"iPad Pro 5 (12.9-inch, M1)",8GB/512GB Wi-Fi,1350,iPad Pro 5,2021,iPad,iPad Pro,5.0,,12.9,,,,512.0,,Wi-Fi
Retailer Trade-in,Machines,iPad,"iPad Pro 5 (12.9-inch, M1)",16GB/1TB Wi-Fi,1475,iPad Pro 5,2021,iPad,iPad Pro,5.0,,12.9,,,,1024.0,,Wi-Fi
Retailer Trade-in,Machines,iPad,"iPad Pro 5 (12.9-inch, M1)",16GB/2TB Wi-Fi,1700,iPad Pro 5,2021,iPad,iPad Pro,5.0,,12.9,,,,2048.0,,Wi-Fi
Retailer Trade-in,Machines,iPad,"iPad Pro 5 (12.9-inch, M1)",8GB/128GB Wi-Fi + Cellular,1225,iPad Pro 5,2021,iPad,iPad Pro,5.0,,12.9,,,,128.0,,Wi-Fi + Cellular
Retailer Trade-in,Machines,iPad,"iPad Pro 5 (12.9-inch, M1)",8GB/256GB Wi-Fi + Cellular,1325,iPad Pro 5,2021,iPad,iPad Pro,5.0,,12.9,,,,256.0,,Wi-Fi + Cellular
Retailer Trade-in,Machines,iPad,"iPad Pro 5 (12.9-inch, M1)",8GB/512GB Wi-Fi + Cellular,1475,iPad Pro 5,2021,iPad,iPad Pro,5.0,,12.9,,,,512.0,,Wi-Fi + Cellular
Retailer Trade-in,Machines,iPad,"iPad Pro 5 (12.9-inch, M1)",16GB/1TB Wi-Fi + Cellular,1625,iPad Pro 5,2021,iPad,iPad Pro,5.0,,12.9,,,,1024.0,,Wi-Fi + Cellular
Retailer Trade-in,Machines,iPad,"iPad Pro 5 (12.9-inch, M1)",16GB/2TB Wi-Fi + Cellular,1775,iPad Pro 5,2021,iPad,iPad Pro,5.0,,12.9,,,,2048.0,,Wi-Fi + Cellular
Retailer Trade-in,Machines,iPad,"iPad Pro 11-inch M2 (2022, 4th Gen)",8GB/128GB Wi-Fi,1175,"iPad Pro (2022, 4th Gen)",2022,iPad,iPad Pro,4.0,2022,11.0,,,,128.0,,Wi-Fi
Retailer Trade-in,Machines,iPad,"iPad Pro 11-inch M2 (2022, 4th Gen)",8GB/256GB Wi-Fi,1325,"iPad Pro (2022, 4th Gen)",2022,iPad,iPad Pro,4.0,2022,11.0,,,,256.0,,Wi-Fi
Retailer Trade-in,Machines,iPad,"iPad Pro 11-inch M2 (2022, 4th Gen)",8GB/512GB Wi-Fi,1525,"iPad Pro (2022, 4th Gen)",2022,iPad,iPad Pro,4.0,2022,11.0,,,,512.0,,Wi-Fi
Retailer Trade-in,Machines,iPad,"iPad Pro 11-inch M2 (2022, 4th Gen)",16GB/1TB Wi-Fi,1650,"iPad Pro (2022, 4th Gen)",2022,iPad,iPad Pro,4.0,2022,11.0,,,,1024.0,,Wi-Fi
Retailer Trade-in,Machines,iPad,"iPad Pro 11-inch M2 (2022, 4th Gen)",16GB/2TB Wi-Fi,1900,"iPad Pro (2022, 4th Gen)",2022,iPad,iPad Pro,4.0,2022,11.0,,,,2048.0,,Wi-Fi
Retailer Trade-in,Machines,iPad,"iPad Pro 11-inch M2 (2022, 4th Gen)",8GB/128GB Wi-Fi + Cellular,1350,"iPad Pro (2022, 4th Gen)",2022,iPad,iPad Pro,4.0,2022,11.0,,,,128.0,,Wi-Fi + Cellular
Retailer Trade-in,Machines,iPad,"iPad Pro 11-inch M2 (2022, 4th Gen)",8GB/256GB Wi-Fi + Cellular,1475,"iPad Pro (2022, 4th Gen)",2022,iPad,iPad Pro,4.0,2022,11.0,,,,256.0,,Wi-Fi + Cellular
Retailer Trade-in,Machines,iPad,"iPad Pro 11-inch M2 (2022, 4th Gen)",8GB/512GB Wi-Fi + Cellular,1650,"iPad Pro (2022, 4th Gen)",2022,iPad,iPad Pro,4.0,2022,11.0,,,,512.0,,Wi-Fi + Cellular
Retailer Trade-in,Machines,iPad,"iPad Pro 11-inch M2 (2022, 4th Gen)",16GB/1TB Wi-Fi + Cellular,1750,"iPad Pro (2022, 4th Gen)",2022,iPad,iPad Pro,4.0,2022,11.0,,,,1024.0,,Wi-Fi + Cellular
Retailer Trade-in,Machines,iPad,"iPad Pro 11-inch M2 (2022, 4th Gen)",16GB/2TB Wi-Fi + Cellular,2025,"iPad Pro (2022, 4th Gen)",2022,iPad,iPad Pro,4.0,2022,11.0,,,,2048.0,,Wi-Fi + Cellular
Retailer Trade-in,Machines,iPad,"iPad Pro 12.9-inch M2 (2022, 6th Gen)",8GB/128GB Wi-Fi,1400,"iPad Pro (2022, 6th Gen)",2022,iPad,iPad Pro,6.0,2022,12.9,,,,128.0,,Wi-Fi
Retailer Trade-in,Machines,iPad,"iPad Pro 12.9-inch M2 (2022, 6th Gen)",8GB/256GB Wi-Fi,1500,"iPad Pro (2022, 6th Gen)",2022,iPad,iPad Pro,6.0,2022,12.9,,,,256.0,,Wi-Fi
Retailer Trade-in,Machines,iPad,"iPad Pro 12.9-inch M2 (2022, 6th Gen)",8GB/512GB Wi-Fi,1625,"iPad Pro (2022, 6th Gen)",2022,iPad,iPad Pro,6.0,2022,12.9,,,,512.0,,Wi-Fi
Retailer Trade-in,Machines,iPad,"iPad Pro 12.9-inch M2 (2022, 6th Gen)",16GB/1TB Wi-Fi,1825,"iPad Pro (2022, 6th Gen)",2022,iPad,iPad Pro,6.0,2022,12.9,,,,1024.0,,Wi-Fi
Retailer Trade-in,Machines,iPad,"iPad Pro 12.9-inch M2 (2022, 6th Gen)",16GB/2TB Wi-Fi,2025,"iPad Pro (2022, 6th Gen)",2022,iPad,iPad Pro,6.0,2022,12.9,,,,2048.0,,Wi-Fi
Retailer Trade-in,Machines,iPad,"iPad Pro 12.9-inch M2 (2022, 6th Gen)",8GB/128GB Wi-Fi + Cellular,1525,"iPad Pro (2022, 6th Gen)",2022,iPad,iPad Pro,6.0,2022,12.9,,,,128.0,,Wi-Fi + Cellular
Retailer Trade-in,Machines,iPad,"iPad Pro 12.9-inch M2 (2022, 6th Gen)",8GB/256GB Wi-Fi + Cellular,1650,"iPad Pro (2022, 6th Gen)",2022,iPad,iPad Pro,6.0,2022,12.9,,,,256.0,,Wi-Fi + Cellular
Retailer Trade-in,Machines,iPad,"iPad Pro 12.9-inch M2 (2022, 6th Gen)",8GB/512GB Wi-Fi + Cellular,1800,"iPad Pro (2022, 6th Gen)",2022,iPad,iPad Pro,6.0,2022,12.9,,,,512.0,,Wi-Fi + Cellular
Retailer Trade-in,Machines,iPad,"iPad Pro 12.9-inch M2 (2022, 6th Gen)",16GB/1TB Wi-Fi + Cellular,1875,"iPad Pro (2022, 6th Gen)",2022,iPad,iPad Pro,6.0,2022,12.9,,,,1024.0,,Wi-Fi + Cellular
Retailer Trade-in,Machines,iPad,"iPad Pro 12.9-inch M2 (2022, 6th Gen)",16GB/2TB Wi-Fi + Cellular,2075,"iPad Pro (2022, 6th Gen)",2022,iPad,iPad Pro,6.0,2022,12.9,,,,2048.0,,Wi-Fi + Cellular
Retailer Trade-in,Machines,iPad,"iPad Pro 11-inch M4 (2024, 5th Gen)",8GB/256GB Wi-Fi,1750,"iPad Pro (2024, 5th Gen)",2024,iPad,iPad Pro,5.0,2024,11.0,,,,256.0,,Wi-Fi
Retailer Trade-in,Machines,iPad,"iPad Pro 11-inch M4 (2024, 5th Gen)",8GB/512GB Wi-Fi,2125,"iPad Pro (2024, 5th Gen)",2024,iPad,iPad Pro,5.0,2024,11.0,,,,512.0,,Wi-Fi
Retailer Trade-in,Machines,iPad,"iPad Pro 11-inch M4 (2024, 5th Gen)",16GB/1TB Wi-Fi,2625,"iPad Pro (2024, 5th Gen)",2024,iPad,iPad Pro,5.0,2024,11.0,,,,1024.0,,Wi-Fi
Retailer Trade-in,Machines,iPad,"iPad Pro 11-inch M4 (2024, 5th Gen)",16GB/2TB Wi-Fi,3150,"iPad Pro (2024, 5th Gen)",2024,iPad,iPad Pro,5.0,2024,11.0,,,,2048.0,,Wi-Fi
Retailer Trade-in,Machines,iPad,"iPad Pro 11-inch M4 (2024, 5th Gen)",8GB/256GB Wi-Fi + Cellular,2050,"iPad Pro (2024, 5th Gen)",2024,iPad,iPad Pro,5.0,2024,11.0,,,,256.0,,Wi-Fi + Cellular
Retailer Trade-in,Machines,iPad,"iPad Pro 11-inch M4 (2024, 5th Gen)",8GB/512GB Wi-Fi + Cellular,2375,"iPad Pro (2024, 5th Gen)",2024,iPad,iPad Pro,5.0,2024,11.0,,,,512.0,,Wi-Fi + Cellular
Retailer Trade-in,Machines,iPad,"iPad Pro 11-inch M4 (2024, 5th Gen)",16GB/1TB Wi-Fi + Cellular,2900,"iPad Pro (2024, 5th Gen)",2024,iPad,iPad Pro,5.0,2024,11.0,,,,1024.0,,Wi-Fi + Cellular
Retailer Trade-in,Machines,iPad,"iPad Pro 11-inch M4 (2024, 5th Gen)",16GB/2TB Wi-Fi + Cellular,3450,"iPad Pro (2024, 5th Gen)",2024,iPad,iPad Pro,5.0,2024,11.0,,,,2048.0,,Wi-Fi + Cellular
Retailer Trade-in,Machines,iPad,"iPad Pro 13-inch M4 (2024, 7th Gen)",8GB/256GB Wi-Fi,2175,"iPad Pro (2024, 7th Gen)",2024,iPad,iPad Pro,7.0,2024,13.0,,,,256.0,,Wi-Fi
Retailer Trade-in,Machines,iPad,"iPad Pro 13-inch M4 (2024, 7th Gen)",8GB/512GB Wi-Fi,2600,"iPad Pro (2024, 7th Gen)",2024,iPad,iPad Pro,7.0,2024,13.0,,,,512.0,,Wi-Fi
Retailer Trade-in,Machines,iPad,"iPad Pro 13-inch M4 (2024, 7th Gen)",16GB/1TB Wi-Fi,3175,"iPad Pro (2024, 7th Gen)",2024,iPad,iPad Pro,7.0,2024,13.0,,,,1024.0,,Wi-Fi
Retailer Trade-in,Machines,iPad,"iPad Pro 13-inch M4 (2024, 7th Gen)",16GB/2TB Wi-Fi,3725,"iPad Pro (2024, 7th Gen)",2024,iPad,iPad Pro,7.0,2024,13.0,,,,2048.0,,Wi-Fi
Retailer Trade-in,Machines,iPad,"iPad Pro 13-inch M4 (2024, 7th Gen)",8GB/256GB Wi-Fi + Cellular,2575,"iPad Pro (2024, 7th Gen)",2024,iPad,iPad Pro,7.0,2024,13.0,,,,256.0,,Wi-Fi + Cellular
Retailer Trade-in,Machines,iPad,"iPad Pro 13-inch M4 (2024, 7th Gen)",8GB/512GB Wi-Fi + Cellular,2950,"iPad Pro (2024, 7th Gen)",2024,iPad,iPad Pro,7.0,2024,13.0,,,,512.0,,Wi-Fi + Cellular
Retailer Trade-in,Machines,iPad,"iPad Pro 13-inch M4 (2024, 7th Gen)",16GB/1TB Wi-Fi + Cellular,3550,"iPad Pro (2024, 7th Gen)",2024,iPad,iPad Pro,7.0,2024,13.0,,,,1024.0,,Wi-Fi + Cellular
Retailer Trade-in,Machines,iPad,"iPad Pro 13-inch M4 (2024, 7th Gen)",16GB/2TB Wi-Fi + Cellular,4100,"iPad Pro (2024, 7th Gen)",2024,iPad,iPad Pro,7.0,2024,13.0,,,,2048.0,,Wi-Fi + Cellular
Retailer Trade-in,Machines,iPad,iPad Pro 11-inch M5 (2025),12GB/256GB Wi-Fi,2550,iPad Pro (2025),2025,iPad,iPad Pro,,2025,11.0,,,,256.0,,Wi-Fi
Retailer Trade-in,Machines,iPad,iPad Pro 11-inch M5 (2025),12GB/512GB Wi-Fi,3100,iPad Pro (2025),2025,iPad,iPad Pro,,2025,11.0,,,,512.0,,Wi-Fi
Retailer Trade-in,Machines,iPad,iPad Pro 11-inch M5 (2025),16GB/1TB Wi-Fi,3950,iPad Pro (2025),2025,iPad,iPad Pro,,2025,11.0,,,,1024.0,,Wi-Fi
Retailer Trade-in,Machines,iPad,iPad Pro 11-inch M5 (2025),16GB/2TB Wi-Fi,4950,iPad Pro (2025),2025,iPad,iPad Pro,,2025,11.0,,,,2048.0,,Wi-Fi
Retailer Trade-in,Machines,iPad,iPad Pro 11-inch M5 (2025),12GB/256GB Wi-Fi + Cellular,3100,iPad Pro (2025),2025,iPad,iPad Pro,,2025,11.0,,,,256.0,,Wi-Fi + Cellular
Retailer Trade-in,Machines,iPad,iPad Pro 11-inch M5 (2025),12GB/512GB Wi-Fi + Cellular,3575,iPad Pro (2025),2025,iPad,iPad Pro,,2025,11.0,,,,512.0,,Wi-Fi + Cellular
Retailer Trade-in,Machines,iPad,iPad Pro 11-inch M5 (2025),16GB/1TB Wi-Fi + Cellular,4425,iPad Pro (2025),2025,iPad,iPad Pro,,2025,11.0,,,,1024.0,,Wi-Fi + Cellular
Retailer Trade-in,Machines,iPad,iPad Pro 11-inch M5 (2025),16GB/2TB Wi-Fi + Cellular,5425,iPad Pro (2025),2025,iPad,iPad Pro,,2025,11.0,,,,2048.0,,Wi-Fi + Cellular
Retailer Trade-in,Machines,iPad,iPad Pro 13-inch M5 (2025),12GB/256GB Wi-Fi,3275,iPad Pro (2025),2025,iPad,iPad Pro,,2025,13.0,,,,256.0,,Wi-Fi
Retailer Trade-in,Machines,iPad,iPad Pro 13-inch M5 (2025),12GB/512GB Wi-Fi,3800,iPad Pro (2025),2025,iPad,iPad Pro,,2025,13.0,,,,512.0,,Wi-Fi
Retailer Trade-in,Machines,iPad,iPad Pro 13-inch M5 (2025),16GB/1TB Wi-Fi,4825,iPad Pro (2025),2025,iPad,iPad Pro,,2025,13.0,,,,1024.0,,Wi-Fi
Retailer Trade-in,Machines,iPad,iPad Pro 13-inch M5 (2025),16GB/2TB Wi-Fi,5825,iPad Pro (2025),2025,iPad,iPad Pro,,2025,13.0,,,,2048.0,,Wi-Fi
Retailer Trade-in,Machines,iPad,iPad Pro 13-inch M5 (2025),12GB/256GB Wi-Fi + Cellular,3800,iPad Pro (2025),2025,iPad,iPad Pro,,2025,13.0,,,,256.0,,Wi-Fi + Cellular
Retailer Trade-in,Machines,iPad,iPad Pro 13-inch M5 (2025),12GB/512GB Wi-Fi + Cellular,4300,iPad Pro (2025),2025,iPad,iPad Pro,,2025,13.0,,,,512.0,,Wi-Fi + Cellular
Retailer Trade-in,Machines,iPad,iPad Pro 13-inch M5 (2025),16GB/1TB Wi-Fi + Cellular,5325,iPad Pro (2025),2025,iPad,iPad Pro,,2025,13.0,,,,1024.0,,Wi-Fi + Cellular
Retailer Trade-in,Machines,iPad,iPad Pro 13-inch M5 (2025),16GB/2TB Wi-Fi + Cellular,6325,iPad Pro (2025),2025,iPad,iPad Pro,,2025,13.0,,,,2048.0,,Wi-Fi + Cellular
Retailer Trade-in,Machines,Mac,Mac Pro M2 Ultra 24-Core CPU and 60-Core GPU (Mid 2023),1TB SSD,10000,Mac Pro,2023,Mac,Mac Pro,,Mid 2023,,,M2 ultra,,1024.0,SSD,
Retailer Trade-in,Machines,Mac,Mac Pro M2 Ultra 24-Core CPU and 60-Core GPU (Mid 2023),2TB SSD,10600,Mac Pro,2023,Mac,Mac Pro,,Mid 2023,,,M2 ultra,,2048.0,SSD,
Retailer Trade-in,Machines,Mac,Mac Pro M2 Ultra 24-Core CPU and 60-Core GPU (Mid 2023),4TB SSD,11400,Mac Pro,2023,Mac,Mac Pro,,Mid 2023,,,M2 ultra,,4096.0,SSD,
Retailer Trade-in,Machines,Mac,Mac Pro M2 Ultra 24-Core CPU and 60-Core GPU (Mid 2023),8TB SSD,12100,Mac Pro,2023,Mac,Mac Pro,,Mid 2023,,,M2 ultra,,8192.0,SSD,
Retailer Trade-in,Machines,Mac,Mac Pro M2 Ultra 24-Core CPU and 60-Core GPU Rack (Mid 2023),1TB SSD,10000,Mac Pro,2023,Mac,Mac Pro,,Mid 2023,,,M2 ultra,,1024.0,SSD,
Retailer Trade-in,Machines,Mac,Mac Pro M2 Ultra 24-Core CPU and 60-Core GPU Rack (Mid 2023),2TB SSD,10600,Mac Pro,2023,Mac,Mac Pro,,Mid 2023,,,M2 ultra,,2048.0,SSD,
Retailer Trade-in,Machines,Mac,Mac Pro M2 Ultra 24-Core CPU and 60-Core GPU Rack (Mid 2023),4TB SSD,11400,Mac Pro,2023,Mac,Mac Pro,,Mid 2023,,,M2 ultra,,4096.0,SSD,
Retailer Trade-in,Machines,Mac,Mac Pro M2 Ultra 24-Core CPU and 60-Core GPU Rack (Mid 2023),8TB SSD,12100,Mac Pro,2023,Mac,Mac Pro,,Mid 2023,,,M2 ultra,,8192.0,SSD,
Retailer Trade-in,Machines,Mac,Mac Pro M2 Ultra 24-Core CPU and 76-Core GPU (Mid 2023),1TB SSD,11400,Mac Pro,2023,Mac,Mac Pro,,Mid 2023,,,M2 ultra,,1024.0,SSD,
Retailer Trade-in,Machines,Mac,Mac Pro M2 Ultra 24-Core CPU and 76-Core GPU (Mid 2023),2TB SSD,12000,Mac Pro,2023,Mac,Mac Pro,,Mid 2023,,,M2 ultra,,2048.0,SSD,
Retailer Trade-in,Machines,Mac,Mac Pro M2 Ultra 24-Core CPU and 76-Core GPU (Mid 2023),4TB SSD,12900,Mac Pro,2023,Mac,Mac Pro,,Mid 2023,,,M2 ultra,,4096.0,SSD,
Retailer Trade-in,Machines,Mac,Mac Pro M2 Ultra 24-Core CPU and 76-Core GPU (Mid 2023),8TB SSD,13700,Mac Pro,2023,Mac,Mac Pro,,Mid 2023,,,M2 ultra,,8192.0,SSD,
Retailer Trade-in,Machines,Mac,Mac Pro M2 Ultra 24-Core CPU and 76-Core GPU Rack (Mid 2023),1TB SSD,11400,Mac Pro,2023,Mac,Mac Pro,,Mid 2023,,,M2 ultra,,1024.0,SSD,
Retailer Trade-in,Machines,Mac,Mac Pro M2 Ultra 24-Core CPU and 76-Core GPU Rack (Mid 2023),2TB SSD,12025,Mac Pro,2023,Mac,Mac Pro,,Mid 2023,,,M2 ultra,,2048.0,SSD,
Retailer Trade-in,Machines,Mac,Mac Pro M2 Ultra 24-Core CPU and 76-Core GPU Rack (Mid 2023),4TB SSD,12900,Mac Pro,2023,Mac,Mac Pro,,Mid 2023,,,M2 ultra,,4096.0,SSD,
Retailer Trade-in,Machines,Mac,Mac Pro M2 Ultra 24-Core CPU and 76-Core GPU Rack (Mid 2023),8TB SSD,13650,Mac Pro,2023,Mac,Mac Pro,,Mid 2023,,,M2 ultra,,8192.0,SSD,
Retailer Trade-in,Machines,Mac,Mac Mini i3 3.6GHz (Late 2018),128GB SSD,175,Mac mini i3 3.6GHz (Late 2018),2018,Mac,Mac mini,,Late 2018,,3.6GHz,i3,,128.0,SSD,
Retailer Trade-in,Machines,Mac,Mac Mini i3 3.6GHz (Late 2018),256GB SSD,200,Mac mini i3 3.6GHz (Late 2018),2018,Mac,Mac mini,,Late 2018,,3.6GHz,i3,,256.0,SSD,
Retailer Trade-in,Machines,Mac,Mac Mini i3 3.6GHz (Late 2018),512GB SSD,275,Mac mini i3 3.6GHz (Late 2018),2018,Mac,Mac mini,,Late 2018,,3.6GHz,i3,,512.0,SSD,
Retailer Trade-in,Machines,Mac,Mac Mini i3 3.6GHz (Late 2018),1TB SSD,350,Mac mini i3 3.6GHz (Late 2018),2018,Mac,Mac mini,,Late 2018,,3.6GHz,i3,,1024.0,SSD,
Retailer Trade-in,Machines,Mac,Mac Mini i3 3.6GHz (Late 2018),2TB SSD,375,Mac mini i3 3.6GHz (Late 2018),2018,Mac,Mac mini,,Late 2018,,3.6GHz,i3,,2048.0,SSD,
Retailer Trade-in,Machines,Mac,Mac Mini i5 3.0GHz (Late 2018),128GB SSD,200,Mac mini i5 3.0GHz (Late 2018),2018,Mac,Mac mini,,Late 2018,,3.0GHz,i5,,128.0,SSD,
Retailer Trade-in,Machines,Mac,Mac Mini i5 3.0GHz (Late 2018),256GB SSD,300,Mac mini i5 3.0GHz (Late 2018),2018,Mac,Mac mini,,Late 2018,,3.0GHz,i5,,256.0,SSD,
Retailer Trade-in,Machines,Mac,Mac Mini i5 3.0GHz (Late 2018),512GB SSD,350,Mac mini i5 3.0GHz (Late 2018),2018,Mac,Mac mini,,Late 2018,,3.0GHz,i5,,512.0,SSD,
Retailer Trade-in,Machines,Mac,Mac Mini i5 3.0GHz (Late 2018),1TB SSD,375,Mac mini i5 3.0GHz (Late 2018),2018,Mac,Mac mini,,Late 2018,,3.0GHz,i5,,1024.0,SSD,
Retailer Trade-in,Machines,Mac,Mac Mini i5 3.0GHz (Late 2018),2TB SSD,425,Mac mini i5 3.0GHz (Late 2018),2018,Mac,Mac mini,,Late 2018,,3.0GHz,i5,,2048.0,SSD,
Retailer Trade-in,Machines,Mac,Mac Mini i7 3.2GHz (Late 2018),128GB SSD,300,Mac mini i7 3.2GHz (Late 2018),2018,Mac,Mac mini,,Late 2018,,3.2GHz,i7,,128.0,SSD,
Retailer Trade-in,Machines,Mac,Mac Mini i7 3.2GHz (Late 2018),256GB SSD,350,Mac mini i7 3.2GHz (Late 2018),2018,Mac,Mac mini,,Late 2018,,3.2GHz,i7,,256.0,SSD,
Retailer Trade-in,Machines,Mac,Mac Mini i7 3.2GHz (Late 2018),512GB SSD,350,Mac mini i7 3.2GHz (Late 2018),2018,Mac,Mac mini,,Late 2018,,3.2GHz,i7,,512.0,SSD,
Retailer Trade-in,Machines,Mac,Mac Mini i7 3.2GHz (Late 2018),1TB SSD,375,Mac mini i7 3.2GHz (Late 2018),2018,Mac,Mac mini,,Late 2018,,3.2GHz,i7,,1024.0,SSD,
Retailer Trade-in,Machines,Mac,Mac Mini i7 3.2GHz (Late 2018),2TB SSD,475,Mac mini i7 3.2GHz (Late 2018),2018,Mac,Mac mini,,Late 2018,,3.2GHz,i7,,2048.0,SSD,
Retailer Trade-in,Machines,Mac,Mac Mini i3 3.6GHz (Early 2020),256GB SSD,200,Mac mini i3 3.6GHz (Early 2020),2020,Mac,Mac mini,,Early 2020,,3.6GHz,i3,,256.0,SSD,
Retailer Trade-in,Machines,Mac,Mac Mini i3 3.6GHz (Early 2020),512GB SSD,275,Mac mini i3 3.6GHz (Early 2020),2020,Mac,Mac mini,,Early 2020,,3.6GHz,i3,,512.0,SSD,
Retailer Trade-in,Machines,Mac,Mac Mini i3 3.6GHz (Early 2020),1TB SSD,340,Mac mini i3 3.6GHz (Early 2020),2020,Mac,Mac mini,,Early 2020,,3.6GHz,i3,,1024.0,SSD,
Retailer Trade-in,Machines,Mac,Mac Mini i3 3.6GHz (Early 2020),2TB SSD,365,Mac mini i3 3.6GHz (Early 2020),2020,Mac,Mac mini,,Early 2020,,3.6GHz,i3,,2048.0,SSD,
Retailer Trade-in,Machines,Mac,Mac Mini i5 3.0GHz (Early 2020),512GB SSD,340,Mac mini i5 3.0GHz (Early 2020),2020,Mac,Mac mini,,Early 2020,,3.0GHz,i5,,512.0,SSD,
Retailer Trade-in,Machines,Mac,Mac Mini i5 3.0GHz (Early 2020),1TB SSD,365,Mac mini i5 3.0GHz (Early 2020),2020,Mac,Mac mini,,Early 2020,,3.0GHz,i5,,1024.0,SSD,
Retailer Trade-in,Machines,Mac,Mac Mini i5 3.0GHz (Early 2020),2TB SSD,415,Mac mini i5 3.0GHz (Early 2020),2020,Mac,Mac mini,,Early 2020,,3.0GHz,i5,,2048.0,SSD,
Retailer Trade-in,Machines,Mac,Mac Mini i7 3.2GHz (Early 2020),256GB SSD,340,Mac mini i7 3.2GHz (Early 2020),2020,Mac,Mac mini,,Early 2020,,3.2GHz,i7,,256.0,SSD,
Retailer Trade-in,Machines,Mac,Mac Mini i7 3.2GHz (Early 2020),512GB SSD,340,Mac mini i7 3.2GHz (Early 2020),2020,Mac,Mac mini,,Early 2020,,3.2GHz,i7,,512.0,SSD,
Retailer Trade-in,Machines,Mac,Mac Mini i7 3.2GHz (Early 2020),1TB SSD,365,Mac mini i7 3.2GHz (Early 2020),2020,Mac,Mac mini,,Early 2020,,3.2GHz,i7,,1024.0,SSD,
Retailer Trade-in,Machines,Mac,Mac Mini i7 3.2GHz (Early 2020),2TB SSD,475,Mac mini i7 3.2GHz (Early 2020),2020,Mac,Mac mini,,Early 2020,,3.2GHz,i7,,2048.0,SSD,
Retailer Trade-in,Machines,Mac,Mac Mini M1 8-Core CPU and 8-Core GPU (Late 2020),256GB SSD,350,Mac mini,2020,Mac,Mac mini,,Late 2020,,,M1,,256.0,SSD,
Retailer Trade-in,Machines,Mac,Mac Mini M1 8-Core CPU and 8-Core GPU (Late 2020),512GB SSD,350,Mac mini,2020,Mac,Mac mini,,Late 2020,,,M1,,512.0,SSD,
Retailer Trade-in,Machines,Mac,Mac Mini M1 8-Core CPU and 8-Core GPU (Late 2020),1TB SSD,375,Mac mini,2020,Mac,Mac mini,,Late 2020,,,M1,,1024.0,SSD,
Retailer Trade-in,Machines,Mac,Mac Mini M1 8-Core CPU and 8-Core GPU (Late 2020),2TB SSD,475,Mac mini,2020,Mac,Mac mini,,Late 2020,,,M1,,2048.0,SSD,
Retailer Trade-in,Machines,Mac,Mac Mini M2 8-Core CPU and 10-Core GPU (Early 2023),256GB SSD,425,Mac mini,2023,Mac,Mac mini,,Early 2023,,,M2,,256.0,SSD,
Retailer Trade-in,Machines,Mac,Mac Mini M2 8-Core CPU and 10-Core GPU (Early 2023),512GB SSD,475,Mac mini,2023,Mac,Mac mini,,Early 2023,,,M2,,512.0,SSD,
Retailer Trade-in,Machines,Mac,Mac Mini M2 8-Core CPU and 10-Core GPU (Early 2023),1TB SSD,525,Mac mini,2023,Mac,Mac mini,,Early 2023,,,M2,,1024.0,SSD,
Retailer Trade-in,Machines,Mac,Mac Mini M2 8-Core CPU and 10-Core GPU (Early 2023),2TB SSD,625,Mac mini,2023,Mac,Mac mini,,Early 2023,,,M2,,2048.0,SSD,
Retailer Trade-in,Machines,Mac,Mac Mini M2 Pro 10-Core CPU and 16-Core GPU (Early 2023),512GB SSD,475,Mac mini,2023,Mac,Mac mini,,Early 2023,,,M2 pro,,512.0,SSD,
Retailer Trade-in,Machines,Mac,Mac Mini M2 Pro 10-Core CPU and 16-Core GPU (Early 2023),1TB SSD,525,Mac mini,2023,Mac,Mac mini,,Early 2023,,,M2 pro,,1024.0,SSD,
Retailer Trade-in,Machines,Mac,Mac Mini M2 Pro 10-Core CPU and 16-Core GPU (Early 2023),2TB SSD,675,Mac mini,2023,Mac,Mac mini,,Early 2023,,,M2 pro,,2048.0,SSD,
Retailer Trade-in,Machines,Mac,Mac Mini M2 Pro 10-Core CPU and 16-Core GPU (Early 2023),4TB SSD,675,Mac mini,2023,Mac,Mac mini,,Early 2023,,,M2 pro,,4096.0,SSD,
Retailer Trade-in,Machines,Mac,Mac Mini M2 Pro 10-Core CPU and 16-Core GPU (Early 2023),8TB SSD,675,Mac mini,2023,Mac,Mac mini,,Early 2023,,,M2 pro,,8192.0,SSD,
Retailer Trade-in,Machines,Mac,Mac Mini M2 Pro 12-Core CPU and 19-Core GPU (Early 2023),512GB SSD,475,Mac mini,2023,Mac,Mac mini,,Early 2023,,,M2 pro,,512.0,SSD,
Retailer Trade-in,Machines,Mac,Mac Mini M2 Pro 12-Core CPU and 19-Core GPU (Early 2023),1TB SSD,525,Mac mini,2023,Mac,Mac mini,,Early 2023,,,M2 pro,,1024.0,SSD,
Retailer Trade-in,Machines,Mac,Mac Mini M2 Pro 12-Core CPU and 19-Core GPU (Early 2023),2TB SSD,660,Mac mini,2023,Mac,Mac mini,,Early 2023,,,M2 pro,,2048.0,SSD,
Retailer Trade-in,Machines,Mac,Mac Mini M2 Pro 12-Core CPU and 19-Core GPU (Early 2023),4TB SSD,675,Mac mini,2023,Mac,Mac mini,,Early 2023,,,M2 pro,,4096.0,SSD,
Retailer Trade-in,Machines,Mac,Mac Mini M2 Pro 12-Core CPU and 19-Core GPU (Early 2023),8TB SSD,675,Mac mini,2023,Mac,Mac mini,,Early 2023,,,M2 pro,,8192.0,SSD,
Retailer Trade-in,Machines,Mac,Mac Mini M4 10-Core CPU and 10-Core GPU (Late 2024),256GB,1025,Mac mini,2024,Mac,Mac mini,,Late 2024,,,M4,,256.0,,
Retailer Trade-in,Machines,Mac,Mac Mini M4 10-Core CPU and 10-Core GPU (Late 2024),512GB,1375,Mac mini,2024,Mac,Mac mini,,Late 2024,,,M4,,512.0,,
Retailer Trade-in,Machines,Mac,Mac Mini M4 10-Core CPU and 10-Core GPU (Late 2024),1TB,1750,Mac mini,2024,Mac,Mac mini,,Late 2024,,,M4,,1024.0,,
Retailer Trade-in,Machines,Mac,Mac Mini M4 10-Core CPU and 10-Core GPU (Late 2024),2TB,2375,Mac mini,2024,Mac,Mac mini,,Late 2024,,,M4,,2048.0,,
Retailer Trade-in,Machines,Mac,Mac Mini M4 Pro 12-Core CPU and 16-Core GPU (Late 2024),512GB,2300,Mac mini,2024,Mac,Mac mini,,Late 2024,,,M4 pro,,512.0,,
Retailer Trade-in,Machines,Mac,Mac Mini M4 Pro 12-Core CPU and 16-Core GPU (Late 2024),1TB,2625,Mac mini,2024,Mac,Mac mini,,Late 2024,,,M4 pro,,1024.0,,
Retailer Trade-in,Machines,Mac,Mac Mini M4 Pro 12-Core CPU and 16-Core GPU (Late 2024),2TB,3175,Mac mini,2024,Mac,Mac mini,,Late 2024,,,M4 pro,,2048.0,,
Retailer Trade-in,Machines,Mac,Mac Mini M4 Pro 12-Core CPU and 16-Core GPU (Late 2024),4TB,4050,Mac mini,2024,Mac,Mac mini,,Late 2024,,,M4 pro,,4096.0,,
Retailer Trade-in,Machines,Mac,Mac Mini M4 Pro 12-Core CPU and 16-Core GPU (Late 2024),8TB,5825,Mac mini,2024,Mac,Mac mini,,Late 2024,,,M4 pro,,8192.0,,
Retailer Trade-in,Machines,Mac,Mac Mini M4 Pro 14-Core CPU and 20-Core GPU (Late 2024),512GB SSD,2625,Mac mini,2024,Mac,Mac mini,,Late 2024,,,M4 pro,,512.0,SSD,
Retailer Trade-in,Machines,Mac,Mac Mini M4 Pro 14-Core CPU and 20-Core GPU (Late 2024),1TB SSD,2975,Mac mini,2024,Mac,Mac mini,,Late 2024,,,M4 pro,,1024.0,SSD,
Retailer Trade-in,Machines,Mac,Mac Mini M4 Pro 14-Core CPU and 20-Core GPU (Late 2024),2TB SSD,3500,Mac mini,2024,Mac,Mac mini,,Late 2024,,,M4 pro,,2048.0,SSD,
Retailer Trade-in,Machines,Mac,Mac Mini M4 Pro 14-Core CPU and 20-Core GPU (Late 2024),4TB SSD,4375,Mac mini,2024,Mac,Mac mini,,Late 2024,,,M4 pro,,4096.0,SSD,
Retailer Trade-in,Machines,Mac,Mac Mini M4 Pro 14-Core CPU and 20-Core GPU (Late 2024),8TB SSD,6175,Mac mini,2024,Mac,Mac mini,,Late 2024,,,M4 pro,,8192.0,SSD,
Retailer Trade-in,Machines,Mac,Mac Studio M1 Max 10-Core CPU and 24-Core GPU (Early 2022),512GB,1825,Mac Studio,2022,Mac,Mac Studio,,Early 2022,,,M1 Max,,512.0,,
Retailer Trade-in,Machines,Mac,Mac Studio M1 Max 10-Core CPU and 24-Core GPU (Early 2022),1TB,1975,Mac Studio,2022,Mac,Mac Studio,,Early 2022,,,M1 Max,,1024.0,,
Retailer Trade-in,Machines,Mac,Mac Studio M1 Max 10-Core CPU and 24-Core GPU (Early 2022),2TB,2375,Mac Studio,2022,Mac,Mac Studio,,Early 2022,,,M1 Max,,2048.0,,
Retailer Trade-in,Machines,Mac,Mac Studio M1 Max 10-Core CPU and 24-Core GPU (Early 2022),4TB,2925,Mac Studio,2022,Mac,Mac Studio,,Early 2022,,,M1 Max,,4096.0,,
Retailer Trade-in,Machines,Mac,Mac Studio M1 Max 10-Core CPU and 24-Core GPU (Early 2022),8TB,3625,Mac Studio,2022,Mac,Mac Studio,,Early 2022,,,M1 Max,,8192.0,,
Retailer Trade-in,Machines,Mac,Mac Studio M1 Max 10-Core CPU and 32-Core GPU (Early 2022),512GB,1975,Mac Studio,2022,Mac,Mac Studio,,Early 2022,,,M1 Max,,512.0,,
Retailer Trade-in,Machines,Mac,Mac Studio M1 Max 10-Core CPU and 32-Core GPU (Early 2022),1TB,2100,Mac Studio,2022,Mac,Mac Studio,,Early 2022,,,M1 Max,,1024.0,,
Retailer Trade-in,Machines,Mac,Mac Studio M1 Max 10-Core CPU and 32-Core GPU (Early 2022),2TB,2450,Mac Studio,2022,Mac,Mac Studio,,Early 2022,,,M1 Max,,2048.0,,
Retailer Trade-in,Machines,Mac,Mac Studio M1 Max 10-Core CPU and 32-Core GPU (Early 2022),4TB,2975,Mac Studio,2022,Mac,Mac Studio,,Early 2022,,,M1 Max,,4096.0,,
Retailer Trade-in,Machines,Mac,Mac Studio M1 Max 10-Core CPU and 32-Core GPU (Early 2022),8TB,3825,Mac Studio,2022,Mac,Mac Studio,,Early 2022,,,M1 Max,,8192.0,,
Retailer Trade-in,Machines,Mac,Mac Studio M1 Ultra 20-core CPU and 48-Core GPU (Early 2022),1TB,3250,Mac Studio,2022,Mac,Mac Studio,,Early 2022,,,M1 ultra,,1024.0,,
Retailer Trade-in,Machines,Mac,Mac Studio M1 Ultra 20-core CPU and 48-Core GPU (Early 2022),2TB,3950,Mac Studio,2022,Mac,Mac Studio,,Early 2022,,,M1 ultra,,2048.0,,
Retailer Trade-in,Machines,Mac,Mac Studio M1 Ultra 20-core CPU and 48-Core GPU (Early 2022),4TB,4200,Mac Studio,2022,Mac,Mac Studio,,Early 2022,,,M1 ultra,,4096.0,,
Retailer Trade-in,Machines,Mac,Mac Studio M1 Ultra 20-core CPU and 48-Core GPU (Early 2022),8TB,5075,Mac Studio,2022,Mac,Mac Studio,,Early 2022,,,M1 ultra,,8192.0,,
Retailer Trade-in,Machines,Mac,Mac Studio M1 Ultra 20-core CPU and 64-Core GPU (Early 2022),1TB,4375,Mac Studio,2022,Mac,Mac Studio,,Early 2022,,,M1 ultra,,1024.0,,
Retailer Trade-in,Machines,Mac,Mac Studio M1 Ultra 20-core CPU and 64-Core GPU (Early 2022),2TB,4775,Mac Studio,2022,Mac,Mac Studio,,Early 2022,,,M1 ultra,,2048.0,,
Retailer Trade-in,Machines,Mac,Mac Studio M1 Ultra 20-core CPU and 64-Core GPU (Early 2022),4TB,5325,Mac Studio,2022,Mac,Mac Studio,,Early 2022,,,M1 ultra,,4096.0,,
Retailer Trade-in,Machines,Mac,Mac Studio M1 Ultra 20-core CPU and 64-Core GPU (Early 2022),8TB,5900,Mac Studio,2022,Mac,Mac Studio,,Early 2022,,,M1 ultra,,8192.0,,
Retailer Trade-in,Machines,Mac,Mac Studio M2 Max 12-Core CPU and 30-Core GPU (Mid 2023),512GB SSD,3000,Mac Studio,2023,Mac,Mac Studio,,Mid 2023,,,M2 Max,,512.0,SSD,
Retailer Trade-in,Machines,Mac,Mac Studio M2 Max 12-Core CPU and 30-Core GPU (Mid 2023),1TB SSD,3225,Mac Studio,2023,Mac,Mac Studio,,Mid 2023,,,M2 Max,,1024.0,SSD,
Retailer Trade-in,Machines,Mac,Mac Studio M2 Max 12-Core CPU and 30-Core GPU (Mid 2023),2TB SSD,3825,Mac Studio,2023,Mac,Mac Studio,,Mid 2023,,,M2 Max,,2048.0,SSD,
Retailer Trade-in,Machines,Mac,Mac Studio M2 Max 12-Core CPU and 30-Core GPU (Mid 2023),4TB SSD,4700,Mac Studio,2023,Mac,Mac Studio,,Mid 2023,,,M2 Max,,4096.0,SSD,
Retailer Trade-in,Machines,Mac,Mac Studio M2 Max 12-Core CPU and 30-Core GPU (Mid 2023),8TB SSD,5900,Mac Studio,2023,Mac,Mac Studio,,Mid 2023,,,M2 Max,,8192.0,SSD,
Retailer Trade-in,Machines,Mac,Mac Studio M2 Max 12-Core CPU and 38-Core GPU (Mid 2023),512GB SSD,3225,Mac Studio,2023,Mac,Mac Studio,,Mid 2023,,,M2 Max,,512.0,SSD,
Retailer Trade-in,Machines,Mac,Mac Studio M2 Max 12-Core CPU and 38-Core GPU (Mid 2023),1TB SSD,3575,Mac Studio,2023,Mac,Mac Studio,,Mid 2023,,,M2 Max,,1024.0,SSD,
Retailer Trade-in,Machines,Mac,Mac Studio M2 Max 12-Core CPU and 38-Core GPU (Mid 2023),2TB SSD,4150,Mac Studio,2023,Mac,Mac Studio,,Mid 2023,,,M2 Max,,2048.0,SSD,
Retailer Trade-in,Machines,Mac,Mac Studio M2 Max 12-Core CPU and 38-Core GPU (Mid 2023),4TB SSD,5000,Mac Studio,2023,Mac,Mac Studio,,Mid 2023,,,M2 Max,,4096.0,SSD,
Retailer Trade-in,Machines,Mac,Mac Studio M2 Max 12-Core CPU and 38-Core GPU (Mid 2023),8TB SSD,6150,Mac Studio,2023,Mac,Mac Studio,,Mid 2023,,,M2 Max,,8192.0,SSD,
Retailer Trade-in,Machines,Mac,Mac Studio M2 Ultra 24-Core CPU and 60-Core GPU (Mid 2023),1TB SSD,5925,Mac Studio,2023,Mac,Mac Studio,,Mid 2023,,,M2 ultra,,1024.0,SSD,
Retailer Trade-in,Machines,Mac,Mac Studio M2 Ultra 24-Core CPU and 60-Core GPU (Mid 2023),2TB SSD,6475,Mac Studio,2023,Mac,Mac Studio,,Mid 2023,,,M2 ultra,,2048.0,SSD,
Retailer Trade-in,Machines,Mac,Mac Studio M2 Ultra 24-Core CPU and 60-Core GPU (Mid 2023),4TB SSD,7150,Mac Studio,2023,Mac,Mac Studio,,Mid 2023,,,M2 ultra,,4096.0,SSD,
Retailer Trade-in,Machines,Mac,Mac Studio M2 Ultra 24-Core CPU and 60-Core GPU (Mid 2023),8TB SSD,8350,Mac Studio,2023,Mac,Mac Studio,,Mid 2023,,,M2 ultra,,8192.0,SSD,
Retailer Trade-in,Machines,Mac,Mac Studio M2 Ultra 24-Core CPU and 76-Core GPU (Mid 2023),1TB SSD,7350,Mac Studio,2023,Mac,Mac Studio,,Mid 2023,,,M2 ultra,,1024.0,SSD,
Retailer Trade-in,Machines,Mac,Mac Studio M2 Ultra 24-Core CPU and 76-Core GPU (Mid 2023),2TB SSD,7950,Mac Studio,2023,Mac,Mac Studio,,Mid 2023,,,M2 ultra,,2048.0,SSD,
Retailer Trade-in,Machines,Mac,Mac Studio M2 Ultra 24-Core CPU and 76-Core GPU (Mid 2023),4TB SSD,8800,Mac Studio,2023,Mac,Mac Studio,,Mid 2023,,,M2 ultra,,4096.0,SSD,
Retailer Trade-in,Machines,Mac,Mac Studio M2 Ultra 24-Core CPU and 76-Core GPU (Mid 2023),8TB SSD,9600,Mac Studio,2023,Mac,Mac Studio,,Mid 2023,,,M2 ultra,,8192.0,SSD,
Retailer Trade-in,Machines,Mac,Mac Studio M3 Ultra 28-core CPU and 60‑core GPU (Early 2025),1TB SSD,8675,Mac Studio,2025,Mac,Mac Studio,,Early 2025,,,M3 ultra,,1024.0,SSD,
Retailer Trade-in,Machines,Mac,Mac Studio M3 Ultra 28-core CPU and 60‑core GPU (Early 2025),2TB SSD,9450,Mac Studio,2025,Mac,Mac Studio,,Early 2025,,,M3 ultra,,2048.0,SSD,
Retailer Trade-in,Machines,Mac,Mac Studio M3 Ultra 28-core CPU and 60‑core GPU (Early 2025),4TB SSD,10025,Mac Studio,2025,Mac,Mac Studio,,Early 2025,,,M3 ultra,,4096.0,SSD,
Retailer Trade-in,Machines,Mac,Mac Studio M3 Ultra 28-core CPU and 60‑core GPU (Early 2025),8TB SSD,11125,Mac Studio,2025,Mac,Mac Studio,,Early 2025,,,M3 ultra,,8192.0,SSD,
Retailer Trade-in,Machines,Mac,Mac Studio M3 Ultra 28-core CPU and 60‑core GPU (Early 2025),16TB SSD,13600,Mac Studio,2025,Mac,Mac Studio,,Early 2025,,,M3 ultra,,16384.0,SSD,
Retailer Trade-in,Machines,Mac,Mac Studio M3 Ultra 32-core CPU and 80‑core GPU (Early 2025),1TB SSD,10525,Mac Studio,2025,Mac,Mac Studio,,Early 2025,,,M3 ultra,,1024.0,SSD,
Retailer Trade-in,Machines,Mac,Mac Studio M3 Ultra 32-core CPU and 80‑core GPU (Early 2025),2TB SSD,11300,Mac Studio,2025,Mac,Mac Studio,,Early 2025,,,M3 ultra,,2048.0,SSD,
Retailer Trade-in,Machines,Mac,Mac Studio M3 Ultra 32-core CPU and 80‑core GPU (Early 2025),4TB SSD,11850,Mac Studio,2025,Mac,Mac Studio,,Early 2025,,,M3 ultra,,4096.0,SSD,
Retailer Trade-in,Machines,Mac,Mac Studio M3 Ultra 32-core CPU and 80‑core GPU (Early 2025),8TB SSD,12950,Mac Studio,2025,Mac,Mac Studio,,Early 2025,,,M3 ultra,,8192.0,SSD,
Retailer Trade-in,Machines,Mac,Mac Studio M3 Ultra 32-core CPU and 80‑core GPU (Early 2025),16TB SSD,15525,Mac Studio,2025,Mac,Mac Studio,,Early 2025,,,M3 ultra,,16384.0,SSD,
Retailer Trade-in,Machines,Mac,Mac Studio M4 Max 14-core CPU and 32‑core GPU (Early 2025),512GB SSD,4325,Mac Studio,2025,Mac,Mac Studio,,Early 2025,,,M4 Max,,512.0,SSD,
Retailer Trade-in,Machines,Mac,Mac Studio M4 Max 14-core CPU and 32‑core GPU (Early 2025),1TB SSD,4800,Mac Studio,2025,Mac,Mac Studio,,Early 2025,,,M4 Max,,1024.0,SSD,
Retailer Trade-in,Machines,Mac,Mac Studio M4 Max 14-core CPU and 32‑core GPU (Early 2025),2TB SSD,5650,Mac Studio,2025,Mac,Mac Studio,,Early 2025,,,M4 Max,,2048.0,SSD,
Retailer Trade-in,Machines,Mac,Mac Studio M4 Max 14-core CPU and 32‑core GPU (Early 2025),4TB SSD,6175,Mac Studio,2025,Mac,Mac Studio,,Early 2025,,,M4 Max,,4096.0,SSD,
Retailer Trade-in,Machines,Mac,Mac Studio M4 Max 14-core CPU and 32‑core GPU (Early 2025),8TB SSD,7575,Mac Studio,2025,Mac,Mac Studio,,Early 2025,,,M4 Max,,8192.0,SSD,
Retailer Trade-in,Machines,Mac,Mac Studio M4 Max 16-core CPU and 40‑core GPU (Early 2025),512GB SSD,5175,Mac Studio,2025,Mac,Mac Studio,,Early 2025,,,M4 Max,,512.0,SSD,
Retailer Trade-in,Machines,Mac,Mac Studio M4 Max 16-core CPU and 40‑core GPU (Early 2025),1TB SSD,5850,Mac Studio,2025,Mac,Mac Studio,,Early 2025,,,M4 Max,,1024.0,SSD,
Retailer Trade-in,Machines,Mac,Mac Studio M4 Max 16-core CPU and 40‑core GPU (Early 2025),2TB SSD,6575,Mac Studio,2025,Mac,Mac Studio,,Early 2025,,,M4 Max,,2048.0,SSD,
Retailer Trade-in,Machines,Mac,Mac Studio M4 Max 16-core CPU and 40‑core GPU (Early 2025),4TB SSD,7050,Mac Studio,2025,Mac,Mac Studio,,Early 2025,,,M4 Max,,4096.0,SSD,
Retailer Trade-in,Machines,Mac,Mac Studio M4 Max 16-core CPU and 40‑core GPU (Early 2025),8TB SSD,8375,Mac Studio,2025,Mac,Mac Studio,,Early 2025,,,M4 Max,,8192.0,SSD,
Retailer Trade-in,Machines,Mac,iMac i5 3.4GHz 27 inch (Mid 2017),256GB SSD,275,iMac i5 3.4GHz 27 inch (Mid 2017),2017,Mac,iMac,,Mid 2017,27.0,3.4GHz,i5,,256.0,SSD,
Retailer Trade-in,Machines,Mac,iMac i5 3.4GHz 27 inch (Mid 2017),512GB SSD,300,iMac i5 3.4GHz 27 inch (Mid 2017),2017,Mac,iMac,,Mid 2017,27.0,3.4GHz,i5,,512.0,SSD,
Retailer Trade-in,Machines,Mac,iMac i5 3.4GHz 27 inch (Mid 2017),1TB Fusion Drive,375,iMac i5 3.4GHz 27 inch (Mid 2017),2017,Mac,iMac,,Mid 2017,27.0,3.4GHz,i5,,1024.0,Fusion Drive,
Retailer Trade-in,Machines,Mac,iMac i5 3.4GHz 27 inch (Mid 2017),1TB SSD,375,iMac i5 3.4GHz 27 inch (Mid 2017),2017,Mac,iMac,,Mid 2017,27.0,3.4GHz,i5,,1024.0,SSD,
Retailer Trade-in,Machines,Mac,iMac i5 3.4GHz 27 inch (Mid 2017),2TB Fusion Drive,425,iMac i5 3.4GHz 27 inch (Mid 2017),2017,Mac,iMac,,Mid 2017,27.0,3.4GHz,i5,,2048.0,Fusion Drive,
Retailer Trade-in,Machines,Mac,iMac i5 3.5GHz 27 inch (Mid 2017),256GB SSD,275,iMac i5 3.5GHz 27 inch (Mid 2017),2017,Mac,iMac,,Mid 2017,27.0,3.5GHz,i5,,256.0,SSD,
Retailer Trade-in,Machines,Mac,iMac i5 3.5GHz 27 inch (Mid 2017),512GB SSD,300,iMac i5 3.5GHz 27 inch (Mid 2017),2017,Mac,iMac,,Mid 2017,27.0,3.5GHz,i5,,512.0,SSD,
Retailer Trade-in,Machines,Mac,iMac i5 3.5GHz 27 inch (Mid 2017),1TB Fusion Drive,375,iMac i5 3.5GHz 27 inch (Mid 2017),2017,Mac,iMac,,Mid 2017,27.0,3.5GHz,i5,,1024.0,Fusion Drive,
Retailer Trade-in,Machines,Mac,iMac i5 3.5GHz 27 inch (Mid 2017),1TB SSD,375,iMac i5 3.5GHz 27 inch (Mid 2017),2017,Mac,iMac,,Mid 2017,27.0,3.5GHz,i5,,1024.0,SSD,
Retailer Trade-in,Machines,Mac,iMac i5 3.5GHz 27 inch (Mid 2017),2TB Fusion Drive,425,iMac i5 3.5GHz 27 inch (Mid 2017),2017,Mac,iMac,,Mid 2017,27.0,3.5GHz,i5,,2048.0,Fusion Drive,
Retailer Trade-in,Machines,Mac,iMac i5 3.5GHz 27 inch (Mid 2017),3TB Fusion Drive,450,iMac i5 3.5GHz 27 inch (Mid 2017),2017,Mac,iMac,,Mid 2017,27.0,3.5GHz,i5,,3072.0,Fusion Drive,
Retailer Trade-in,Machines,Mac,iMac i5 3.8GHz 27 inch (Mid 2017),512GB SSD,300,iMac i5 3.8GHz 27 inch (Mid 2017),2017,Mac,iMac,,Mid 2017,27.0,3.8GHz,i5,,512.0,SSD,
Retailer Trade-in,Machines,Mac,iMac i5 3.8GHz 27 inch (Mid 2017),1TB SSD,375,iMac i5 3.8GHz 27 inch (Mid 2017),2017,Mac,iMac,,Mid 2017,27.0,3.8GHz,i5,,1024.0,SSD,
Retailer Trade-in,Machines,Mac,iMac i5 3.8GHz 27 inch (Mid 2017),2TB Fusion Drive,425,iMac i5 3.8GHz 27 inch (Mid 2017),2017,Mac,iMac,,Mid 2017,27.0,3.8GHz,i5,,2048.0,Fusion Drive,
Retailer Trade-in,Machines,Mac,iMac i5 3.8GHz 27 inch (Mid 2017),2TB SSD,425,iMac i5 3.8GHz 27 inch (Mid 2017),2017,Mac,iMac,,Mid 2017,27.0,3.8GHz,i5,,2048.0,SSD,
Retailer Trade-in,Machines,Mac,iMac i5 3.8GHz 27 inch (Mid 2017),3TB Fusion Drive,450,iMac i5 3.8GHz 27 inch (Mid 2017),2017,Mac,iMac,,Mid 2017,27.0,3.8GHz,i5,,3072.0,Fusion Drive,
Retailer Trade-in,Machines,Mac,iMac i7 4.2GHz 27 inch (Mid 2017),256GB SSD,275,iMac i7 4.2GHz 27 inch (Mid 2017),2017,Mac,iMac,,Mid 2017,27.0,4.2GHz,i7,,256.0,SSD,
Retailer Trade-in,Machines,Mac,iMac i7 4.2GHz 27 inch (Mid 2017),512GB SSD,300,iMac i7 4.2GHz 27 inch (Mid 2017),2017,Mac,iMac,,Mid 2017,27.0,4.2GHz,i7,,512.0,SSD,
Retailer Trade-in,Machines,Mac,iMac i7 4.2GHz 27 inch (Mid 2017),1TB Fusion Drive,400,iMac i7 4.2GHz 27 inch (Mid 2017),2017,Mac,iMac,,Mid 2017,27.0,4.2GHz,i7,,1024.0,Fusion Drive,
Retailer Trade-in,Machines,Mac,iMac i7 4.2GHz 27 inch (Mid 2017),1TB SSD,400,iMac i7 4.2GHz 27 inch (Mid 2017),2017,Mac,iMac,,Mid 2017,27.0,4.2GHz,i7,,1024.0,SSD,
Retailer Trade-in,Machines,Mac,iMac i7 4.2GHz 27 inch (Mid 2017),2TB Fusion Drive,425,iMac i7 4.2GHz 27 inch (Mid 2017),2017,Mac,iMac,,Mid 2017,27.0,4.2GHz,i7,,2048.0,Fusion Drive,
Retailer Trade-in,Machines,Mac,iMac i7 4.2GHz 27 inch (Mid 2017),2TB SSD,425,iMac i7 4.2GHz 27 inch (Mid 2017),2017,Mac,iMac,,Mid 2017,27.0,4.2GHz,i7,,2048.0,SSD,
Retailer Trade-in,Machines,Mac,iMac i7 4.2GHz 27 inch (Mid 2017),3TB Fusion Drive,450,iMac i7 4.2GHz 27 inch (Mid 2017),2017,Mac,iMac,,Mid 2017,27.0,4.2GHz,i7,,3072.0,Fusion Drive,
Retailer Trade-in,Machines,Mac,iMac Pro Xeon W 2.3GHz 27 inch (Late 2017),1TB SSD,750,iMac Pro Xeon W 2.3GHz 27 inch (Late 2017),2017,Mac,iMac Pro,,Late 2017,27.0,2.3GHz,,,1024.0,SSD,
Retailer Trade-in,Machines,Mac,iMac Pro Xeon W 2.3GHz 27 inch (Late 2017),2TB SSD,850,iMac Pro Xeon W 2.3GHz 27 inch (Late 2017),2017,Mac,iMac Pro,,Late 2017,27.0,2.3GHz,,,2048.0,SSD,
Retailer Trade-in,Machines,Mac,iMac Pro Xeon W 2.3GHz 27 inch (Late 2017),4TB SSD,950,iMac Pro Xeon W 2.3GHz 27 inch (Late 2017),2017,Mac,iMac Pro,,Late 2017,27.0,2.3GHz,,,4096.0,SSD,
Retailer Trade-in,Machines,Mac,iMac Pro Xeon W 2.5GHz 27 inch (Late 2017),1TB SSD,900,iMac Pro Xeon W 2.5GHz 27 inch (Late 2017),2017,Mac,iMac Pro,,Late 2017,27.0,2.5GHz,,,1024.0,SSD,
Retailer Trade-in,Machines,Mac,iMac Pro Xeon W 2.5GHz 27 inch (Late 2017),2TB SSD,975,iMac Pro Xeon W 2.5GHz 27 inch (Late 2017),2017,Mac,iMac Pro,,Late 2017,27.0,2.5GHz,,,2048.0,SSD,
Retailer Trade-in,Machines,Mac,iMac Pro Xeon W 2.5GHz 27 inch (Late 2017),4TB SSD,1050,iMac Pro Xeon W 2.5GHz 27 inch (Late 2017),2017,Mac,iMac Pro,,Late 2017,27.0,2.5GHz,,,4096.0,SSD,
Retailer Trade-in,Machines,Mac,iMac Pro Xeon W 3.0GHz 27 inch (Late 2017),1TB SSD,950,iMac Pro Xeon W 3.0GHz 27 inch (Late 2017),2017,Mac,iMac Pro,,Late 2017,27.0,3.0GHz,,,1024.0,SSD,
Retailer Trade-in,Machines,Mac,iMac Pro Xeon W 3.0GHz 27 inch (Late 2017),2TB SSD,975,iMac Pro Xeon W 3.0GHz 27 inch (Late 2017),2017,Mac,iMac Pro,,Late 2017,27.0,3.0GHz,,,2048.0,SSD,
Retailer Trade-in,Machines,Mac,iMac Pro Xeon W 3.0GHz 27 inch (Late 2017),4TB SSD,1000,iMac Pro Xeon W 3.0GHz 27 inch (Late 2017),2017,Mac,iMac Pro,,Late 2017,27.0,3.0GHz,,,4096.0,SSD,
Retailer Trade-in,Machines,Mac,iMac Pro Xeon W 3.2GHz 27 inch (Late 2017),1TB SSD,750,iMac Pro Xeon W 3.2GHz 27 inch (Late 2017),2017,Mac,iMac Pro,,Late 2017,27.0,3.2GHz,,,1024.0,SSD,
Retailer Trade-in,Machines,Mac,iMac Pro Xeon W 3.2GHz 27 inch (Late 2017),2TB SSD,850,iMac Pro Xeon W 3.2GHz 27 inch (Late 2017),2017,Mac,iMac Pro,,Late 2017,27.0,3.2GHz,,,2048.0,SSD,
Retailer Trade-in,Machines,Mac,iMac Pro Xeon W 3.2GHz 27 inch (Late 2017),4TB SSD,950,iMac Pro Xeon W 3.2GHz 27 inch (Late 2017),2017,Mac,iMac Pro,,Late 2017,27.0,3.2GHz,,,4096.0,SSD,
Retailer Trade-in,Machines,Mac,iMac i5 3.0GHz 27 inch (Early 2019),256GB SSD,350,iMac i5 3.0GHz 27 inch (Early 2019),2019,Mac,iMac,,Early 2019,27.0,3.0GHz,i5,,256.0,SSD,
Retailer Trade-in,Machines,Mac,iMac i5 3.0GHz 27 inch (Early 2019),512GB SSD,425,iMac i5 3.0GHz 27 inch (Early 2019),2019,Mac,iMac,,Early 2019,27.0,3.0GHz,i5,,512.0,SSD,
Retailer Trade-in,Machines,Mac,iMac i5 3.0GHz 27 inch (Early 2019),1TB Fusion Drive,425,iMac i5 3.0GHz 27 inch (Early 2019),2019,Mac,iMac,,Early 2019,27.0,3.0GHz,i5,,1024.0,Fusion Drive,
Retailer Trade-in,Machines,Mac,iMac i5 3.0GHz 27 inch (Early 2019),1TB SSD,450,iMac i5 3.0GHz 27 inch (Early 2019),2019,Mac,iMac,,Early 2019,27.0,3.0GHz,i5,,1024.0,SSD,
Retailer Trade-in,Machines,Mac,iMac i5 3.0GHz 27 inch (Early 2019),2TB Fusion Drive,475,iMac i5 3.0GHz 27 inch (Early 2019),2019,Mac,iMac,,Early 2019,27.0,3.0GHz,i5,,2048.0,Fusion Drive,
Retailer Trade-in,Machines,Mac,iMac i5 3.1GHz 27 inch (Early 2019),256GB SSD,450,iMac i5 3.1GHz 27 inch (Early 2019),2019,Mac,iMac,,Early 2019,27.0,3.1GHz,i5,,256.0,SSD,
Retailer Trade-in,Machines,Mac,iMac i5 3.1GHz 27 inch (Early 2019),512GB SSD,500,iMac i5 3.1GHz 27 inch (Early 2019),2019,Mac,iMac,,Early 2019,27.0,3.1GHz,i5,,512.0,SSD,
Retailer Trade-in,Machines,Mac,iMac i5 3.1GHz 27 inch (Early 2019),1TB Fusion Drive,500,iMac i5 3.1GHz 27 inch (Early 2019),2019,Mac,iMac,,Early 2019,27.0,3.1GHz,i5,,1024.0,Fusion Drive,
Retailer Trade-in,Machines,Mac,iMac i5 3.1GHz 27 inch (Early 2019),1TB SSD,550,iMac i5 3.1GHz 27 inch (Early 2019),2019,Mac,iMac,,Early 2019,27.0,3.1GHz,i5,,1024.0,SSD,
Retailer Trade-in,Machines,Mac,iMac i5 3.1GHz 27 inch (Early 2019),2TB Fusion Drive,625,iMac i5 3.1GHz 27 inch (Early 2019),2019,Mac,iMac,,Early 2019,27.0,3.1GHz,i5,,2048.0,Fusion Drive,
Retailer Trade-in,Machines,Mac,iMac i5 3.1GHz 27 inch (Early 2019),3TB Fusion Drive,700,iMac i5 3.1GHz 27 inch (Early 2019),2019,Mac,iMac,,Early 2019,27.0,3.1GHz,i5,,3072.0,Fusion Drive,
Retailer Trade-in,Machines,Mac,iMac i5 3.7GHz 27 inch (Early 2019),512GB SSD,625,iMac i5 3.7GHz 27 inch (Early 2019),2019,Mac,iMac,,Early 2019,27.0,3.7GHz,i5,,512.0,SSD,
Retailer Trade-in,Machines,Mac,iMac i5 3.7GHz 27 inch (Early 2019),1TB SSD,625,iMac i5 3.7GHz 27 inch (Early 2019),2019,Mac,iMac,,Early 2019,27.0,3.7GHz,i5,,1024.0,SSD,
Retailer Trade-in,Machines,Mac,iMac i5 3.7GHz 27 inch (Early 2019),2TB Fusion Drive,625,iMac i5 3.7GHz 27 inch (Early 2019),2019,Mac,iMac,,Early 2019,27.0,3.7GHz,i5,,2048.0,Fusion Drive,
Retailer Trade-in,Machines,Mac,iMac i5 3.7GHz 27 inch (Early 2019),2TB SSD,675,iMac i5 3.7GHz 27 inch (Early 2019),2019,Mac,iMac,,Early 2019,27.0,3.7GHz,i5,,2048.0,SSD,
Retailer Trade-in,Machines,Mac,iMac i5 3.7GHz 27 inch (Early 2019),3TB Fusion Drive,750,iMac i5 3.7GHz 27 inch (Early 2019),2019,Mac,iMac,,Early 2019,27.0,3.7GHz,i5,,3072.0,Fusion Drive,
Retailer Trade-in,Machines,Mac,iMac i9 3.6GHz 27 inch (Early 2019),256GB SSD,850,iMac i9 3.6GHz 27 inch (Early 2019),2019,Mac,iMac,,Early 2019,27.0,3.6GHz,i9,,256.0,SSD,
Retailer Trade-in,Machines,Mac,iMac i9 3.6GHz 27 inch (Early 2019),512GB SSD,975,iMac i9 3.6GHz 27 inch (Early 2019),2019,Mac,iMac,,Early 2019,27.0,3.6GHz,i9,,512.0,SSD,
Retailer Trade-in,Machines,Mac,iMac i9 3.6GHz 27 inch (Early 2019),1TB Fusion Drive,1100,iMac i9 3.6GHz 27 inch (Early 2019),2019,Mac,iMac,,Early 2019,27.0,3.6GHz,i9,,1024.0,Fusion Drive,
Retailer Trade-in,Machines,Mac,iMac i9 3.6GHz 27 inch (Early 2019),1TB SSD,1175,iMac i9 3.6GHz 27 inch (Early 2019),2019,Mac,iMac,,Early 2019,27.0,3.6GHz,i9,,1024.0,SSD,
Retailer Trade-in,Machines,Mac,iMac i9 3.6GHz 27 inch (Early 2019),2TB Fusion Drive,1275,iMac i9 3.6GHz 27 inch (Early 2019),2019,Mac,iMac,,Early 2019,27.0,3.6GHz,i9,,2048.0,Fusion Drive,
Retailer Trade-in,Machines,Mac,iMac i9 3.6GHz 27 inch (Early 2019),2TB SSD,1350,iMac i9 3.6GHz 27 inch (Early 2019),2019,Mac,iMac,,Early 2019,27.0,3.6GHz,i9,,2048.0,SSD,
Retailer Trade-in,Machines,Mac,iMac i9 3.6GHz 27 inch (Early 2019),3TB Fusion Drive,1425,iMac i9 3.6GHz 27 inch (Early 2019),2019,Mac,iMac,,Early 2019,27.0,3.6GHz,i9,,3072.0,Fusion Drive,
Retailer Trade-in,Machines,Mac,iMac i5 3.1GHz 27 inch (Mid 2020),256GB SSD,650,iMac i5 3.1GHz 27 inch (Mid 2020),2020,Mac,iMac,,Mid 2020,27.0,3.1GHz,i5,,256.0,SSD,
Retailer Trade-in,Machines,Mac,iMac i5 3.3GHz 27 inch (Mid 2020),512GB SSD,775,iMac i5 3.3GHz 27 inch (Mid 2020),2020,Mac,iMac,,Mid 2020,27.0,3.3GHz,i5,,512.0,SSD,
Retailer Trade-in,Machines,Mac,iMac i5 3.3GHz 27 inch (Mid 2020),1TB SSD,825,iMac i5 3.3GHz 27 inch (Mid 2020),2020,Mac,iMac,,Mid 2020,27.0,3.3GHz,i5,,1024.0,SSD,
Retailer Trade-in,Machines,Mac,iMac i5 3.3GHz 27 inch (Mid 2020),2TB SSD,950,iMac i5 3.3GHz 27 inch (Mid 2020),2020,Mac,iMac,,Mid 2020,27.0,3.3GHz,i5,,2048.0,SSD,
Retailer Trade-in,Machines,Mac,iMac i7 3.8GHz 27 inch (Mid 2020),512GB SSD,875,iMac i7 3.8GHz 27 inch (Mid 2020),2020,Mac,iMac,,Mid 2020,27.0,3.8GHz,i7,,512.0,SSD,
Retailer Trade-in,Machines,Mac,iMac i7 3.8GHz 27 inch (Mid 2020),1TB SSD,975,iMac i7 3.8GHz 27 inch (Mid 2020),2020,Mac,iMac,,Mid 2020,27.0,3.8GHz,i7,,1024.0,SSD,
Retailer Trade-in,Machines,Mac,iMac i7 3.8GHz 27 inch (Mid 2020),2TB SSD,1025,iMac i7 3.8GHz 27 inch (Mid 2020),2020,Mac,iMac,,Mid 2020,27.0,3.8GHz,i7,,2048.0,SSD,
Retailer Trade-in,Machines,Mac,iMac i7 3.8GHz 27 inch (Mid 2020),4TB SSD,1250,iMac i7 3.8GHz 27 inch (Mid 2020),2020,Mac,iMac,,Mid 2020,27.0,3.8GHz,i7,,4096.0,SSD,
Retailer Trade-in,Machines,Mac,iMac i7 3.8GHz 27 inch (Mid 2020),8TB SSD,1650,iMac i7 3.8GHz 27 inch (Mid 2020),2020,Mac,iMac,,Mid 2020,27.0,3.8GHz,i7,,8192.0,SSD,
Retailer Trade-in,Machines,Mac,iMac i9 3.6GHz 27 inch (Mid 2020),512GB SSD,1175,iMac i9 3.6GHz 27 inch (Mid 2020),2020,Mac,iMac,,Mid 2020,27.0,3.6GHz,i9,,512.0,SSD,
Retailer Trade-in,Machines,Mac,iMac i9 3.6GHz 27 inch (Mid 2020),1TB SSD,1275,iMac i9 3.6GHz 27 inch (Mid 2020),2020,Mac,iMac,,Mid 2020,27.0,3.6GHz,i9,,1024.0,SSD,
Retailer Trade-in,Machines,Mac,iMac i9 3.6GHz 27 inch (Mid 2020),2TB SSD,1475,iMac i9 3.6GHz 27 inch (Mid 2020),2020,Mac,iMac,,Mid 2020,27.0,3.6GHz,i9,,2048.0,SSD,
Retailer Trade-in,Machines,Mac,iMac i9 3.6GHz 27 inch (Mid 2020),4TB SSD,1650,iMac i9 3.6GHz 27 inch (Mid 2020),2020,Mac,iMac,,Mid 2020,27.0,3.6GHz,i9,,4096.0,SSD,
Retailer Trade-in,Machines,Mac,iMac i9 3.6GHz 27 inch (Mid 2020),8TB SSD,1775,iMac i9 3.6GHz 27 inch (Mid 2020),2020,Mac,iMac,,Mid 2020,27.0,3.6GHz,i9,,8192.0,SSD,
Retailer Trade-in,Machines,Mac,iMac M1 8-Core CPU and 7-Core GPU 24 inch (Early 2021),256GB SSD,575,iMac,2021,Mac,iMac,,Early 2021,24.0,,M1,,256.0,SSD,
Retailer Trade-in,Machines,Mac,iMac M1 8-Core CPU and 7-Core GPU 24 inch (Early 2021),512GB SSD,575,iMac,2021,Mac,iMac,,Early 2021,24.0,,M1,,512.0,SSD,
Retailer Trade-in,Machines,Mac,iMac M1 8-Core CPU and 7-Core GPU 24 inch (Early 2021),1TB SSD,675,iMac,2021,Mac,iMac,,Early 2021,24.0,,M1,,1024.0,SSD,
Retailer Trade-in,Machines,Mac,iMac M1 8-Core CPU and 8-Core GPU 24 inch (Early 2021),256GB SSD,650,iMac,2021,Mac,iMac,,Early 2021,24.0,,M1,,256.0,SSD,
Retailer Trade-in,Machines,Mac,iMac M1 8-Core CPU and 8-Core GPU 24 inch (Early 2021),512GB SSD,725,iMac,2021,Mac,iMac,,Early 2021,24.0,,M1,,512.0,SSD,
Retailer Trade-in,Machines,Mac,iMac M1 8-Core CPU and 8-Core GPU 24 inch (Early 2021),1TB SSD,725,iMac,2021,Mac,iMac,,Early 2021,24.0,,M1,,1024.0,SSD,
Retailer Trade-in,Machines,Mac,iMac M1 8-Core CPU and 8-Core GPU 24 inch (Early 2021),2TB SSD,725,iMac,2021,Mac,iMac,,Early 2021,24.0,,M1,,2048.0,SSD,
Retailer Trade-in,Machines,Mac,iMac M3 8-Core CPU and 8-Core GPU 24 inch (Late 2023),256GB SSD,2175,iMac,2023,Mac,iMac,,Late 2023,24.0,,M3,,256.0,SSD,
Retailer Trade-in,Machines,Mac,iMac M3 8-Core CPU and 8-Core GPU 24 inch (Late 2023),512GB SSD,2500,iMac,2023,Mac,iMac,,Late 2023,24.0,,M3,,512.0,SSD,
Retailer Trade-in,Machines,Mac,iMac M3 8-Core CPU and 8-Core GPU 24 inch (Late 2023),1TB SSD,2800,iMac,2023,Mac,iMac,,Late 2023,24.0,,M3,,1024.0,SSD,
Retailer Trade-in,Machines,Mac,iMac M3 8-Core CPU and 10-Core GPU 24 inch (Late 2023),256GB SSD,2650,iMac,2023,Mac,iMac,,Late 2023,24.0,,M3,,256.0,SSD,
Retailer Trade-in,Machines,Mac,iMac M3 8-Core CPU and 10-Core GPU 24 inch (Late 2023),512GB SSD,2950,iMac,2023,Mac,iMac,,Late 2023,24.0,,M3,,512.0,SSD,
Retailer Trade-in,Machines,Mac,iMac M3 8-Core CPU and 10-Core GPU 24 inch (Late 2023),1TB SSD,3250,iMac,2023,Mac,iMac,,Late 2023,24.0,,M3,,1024.0,SSD,
Retailer Trade-in,Machines,Mac,iMac M3 8-Core CPU and 10-Core GPU 24 inch (Late 2023),2TB SSD,3725,iMac,2023,Mac,iMac,,Late 2023,24.0,,M3,,2048.0,SSD,
Retailer Trade-in,Machines,Mac,iMac M4 8-Core CPU and 8 Core GPU 24 inch (Late 2024),256GB SSD,2450,iMac,2024,Mac,iMac,,Late 2024,24.0,,M4,,256.0,SSD,
Retailer Trade-in,Machines,Mac,iMac M4 8-Core CPU and 8 Core GPU 24 inch (Late 2024),512GB SSD,2825,iMac,2024,Mac,iMac,,Late 2024,24.0,,M4,,512.0,SSD,
Retailer Trade-in,Machines,Mac,iMac M4 8-Core CPU and 8 Core GPU 24 inch (Late 2024),1TB SSD,3200,iMac,2024,Mac,iMac,,Late 2024,24.0,,M4,,1024.0,SSD,
Retailer Trade-in,Machines,Mac,iMac M4 10-Core CPU and 10 Core GPU 24 inch (Late 2024),256GB SSD,2725,iMac,2024,Mac,iMac,,Late 2024,24.0,,M4,,256.0,SSD,
Retailer Trade-in,Machines,Mac,iMac M4 10-Core CPU and 10 Core GPU 24 inch (Late 2024),512GB SSD,3200,iMac,2024,Mac,iMac,,Late 2024,24.0,,M4,,512.0,SSD,
Retailer Trade-in,Machines,Mac,iMac M4 10-Core CPU and 10 Core GPU 24 inch (Late 2024),1TB SSD,3575,iMac,2024,Mac,iMac,,Late 2024,24.0,,M4,,1024.0,SSD,
Retailer Trade-in,Machines,Mac,iMac M4 10-Core CPU and 10 Core GPU 24 inch (Late 2024),2TB SSD,3925,iMac,2024,Mac,iMac,,Late 2024,24.0,,M4,,2048.0,SSD,
Retailer Trade-in,Machines,Mac,MacBook i5 1.3GHz 12 inch (Mid 2017),256GB SSD,275,MacBook i5 1.3GHz 12 inch (Mid 2017),2017,Mac,MacBook,,Mid 2017,12.0,1.3GHz,i5,,256.0,SSD,
Retailer Trade-in,Machines,Mac,MacBook i5 1.3GHz 12 inch (Mid 2017),512GB SSD,375,MacBook i5 1.3GHz 12 inch (Mid 2017),2017,Mac,MacBook,,Mid 2017,12.0,1.3GHz,i5,,512.0,SSD,
Retailer Trade-in,Machines,Mac,MacBook i7 1.4GHz 12 inch (Mid 2017),256GB SSD,325,MacBook i7 1.4GHz 12 inch (Mid 2017),2017,Mac,MacBook,,Mid 2017,12.0,1.4GHz,i7,,256.0,SSD,
Retailer Trade-in,Machines,Mac,MacBook i7 1.4GHz 12 inch (Mid 2017),512GB SSD,425,MacBook i7 1.4GHz 12 inch (Mid 2017),2017,Mac,MacBook,,Mid 2017,12.0,1.4GHz,i7,,512.0,SSD,
Retailer Trade-in,Machines,Mac,MacBook m3 1.2GHz 12 inch (Mid 2017),256GB SSD,275,MacBook m3 1.2GHz 12 inch (Mid 2017),2017,Mac,MacBook,,Mid 2017,12.0,1.2GHz,M3,,256.0,SSD,
Retailer Trade-in,Machines,Mac,MacBook Air i5 1.8GHz 13 inch (Mid 2017),128GB SSD,175,MacBook Air i5 1.8GHz 13 inch (Mid 2017),2017,Mac,MacBook Air,,Mid 2017,13.0,1.8GHz,i5,,128.0,SSD,
Retailer Trade-in,Machines,Mac,MacBook Air i5 1.8GHz 13 inch (Mid 2017),256GB SSD,225,MacBook Air i5 1.8GHz 13 inch (Mid 2017),2017,Mac,MacBook Air,,Mid 2017,13.0,1.8GHz,i5,,256.0,SSD,
Retailer Trade-in,Machines,Mac,MacBook Air i5 1.8GHz 13 inch (Mid 2017),512GB SSD,250,MacBook Air i5 1.8GHz 13 inch (Mid 2017),2017,Mac,MacBook Air,,Mid 2017,13.0,1.8GHz,i5,,512.0,SSD,
Retailer Trade-in,Machines,Mac,MacBook Air i7 2.2GHz 13 inch (Mid 2017),128GB SSD,250,MacBook Air i7 2.2GHz 13 inch (Mid 2017),2017,Mac,MacBook Air,,Mid 2017,13.0,2.2GHz,i7,,128.0,SSD,
Retailer Trade-in,Machines,Mac,MacBook Air i7 2.2GHz 13 inch (Mid 2017),256GB SSD,300,MacBook Air i7 2.2GHz 13 inch (Mid 2017),2017,Mac,MacBook Air,,Mid 2017,13.0,2.2GHz,i7,,256.0,SSD,
Retailer Trade-in,Machines,Mac,MacBook Air i7 2.2GHz 13 inch (Mid 2017),512GB SSD,425,MacBook Air i7 2.2GHz 13 inch (Mid 2017),2017,Mac,MacBook Air,,Mid 2017,13.0,2.2GHz,i7,,512.0,SSD,
Retailer Trade-in,Machines,Mac,MacBook Air i5 1.6GHz 13 inch (Late 2018),128GB SSD,400,MacBook Air i5 1.6GHz 13 inch (Late 2018),2018,Mac,MacBook Air,,Late 2018,13.0,1.6GHz,i5,,128.0,SSD,
Retailer Trade-in,Machines,Mac,MacBook Air i5 1.6GHz 13 inch (Late 2018),256GB SSD,400,MacBook Air i5 1.6GHz 13 inch (Late 2018),2018,Mac,MacBook Air,,Late 2018,13.0,1.6GHz,i5,,256.0,SSD,
Retailer Trade-in,Machines,Mac,MacBook Air i5 1.6GHz 13 inch (Late 2018),512GB SSD,475,MacBook Air i5 1.6GHz 13 inch (Late 2018),2018,Mac,MacBook Air,,Late 2018,13.0,1.6GHz,i5,,512.0,SSD,
Retailer Trade-in,Machines,Mac,MacBook Air i5 1.6GHz 13 inch (Late 2018),1.5TB SSD,500,MacBook Air i5 1.6GHz 13 inch (Late 2018),2018,Mac,MacBook Air,,Late 2018,13.0,1.6GHz,i5,,1536.0,SSD,
Retailer Trade-in,Machines,Mac,MacBook Air i5 1.6GHz 13 inch (Mid 2019),128GB SSD,400,MacBook Air i5 1.6GHz 13 inch (Mid 2019),2019,Mac,MacBook Air,,Mid 2019,13.0,1.6GHz,i5,,128.0,SSD,
Retailer Trade-in,Machines,Mac,MacBook Air i5 1.6GHz 13 inch (Mid 2019),256GB SSD,400,MacBook Air i5 1.6GHz 13 inch (Mid 2019),2019,Mac,MacBook Air,,Mid 2019,13.0,1.6GHz,i5,,256.0,SSD,
Retailer Trade-in,Machines,Mac,MacBook Air i5 1.6GHz 13 inch (Mid 2019),512GB SSD,475,MacBook Air i5 1.6GHz 13 inch (Mid 2019),2019,Mac,MacBook Air,,Mid 2019,13.0,1.6GHz,i5,,512.0,SSD,
Retailer Trade-in,Machines,Mac,MacBook Air i5 1.6GHz 13 inch (Mid 2019),1TB SSD,475,MacBook Air i5 1.6GHz 13 inch (Mid 2019),2019,Mac,MacBook Air,,Mid 2019,13.0,1.6GHz,i5,,1024.0,SSD,
Retailer Trade-in,Machines,Mac,MacBook Air i3 1.1GHz 13 inch (Early 2020),256GB SSD,345,MacBook Air i3 1.1GHz 13 inch (Early 2020),2020,Mac,MacBook Air,,Early 2020,13.0,1.1GHz,i3,,256.0,SSD,
Retailer Trade-in,Machines,Mac,MacBook Air i3 1.1GHz 13 inch (Early 2020),512GB SSD,350,MacBook Air i3 1.1GHz 13 inch (Early 2020),2020,Mac,MacBook Air,,Early 2020,13.0,1.1GHz,i3,,512.0,SSD,
Retailer Trade-in,Machines,Mac,MacBook Air i3 1.1GHz 13 inch (Early 2020),1TB SSD,350,MacBook Air i3 1.1GHz 13 inch (Early 2020),2020,Mac,MacBook Air,,Early 2020,13.0,1.1GHz,i3,,1024.0,SSD,
Retailer Trade-in,Machines,Mac,MacBook Air i3 1.1GHz 13 inch (Early 2020),2TB SSD,420,MacBook Air i3 1.1GHz 13 inch (Early 2020),2020,Mac,MacBook Air,,Early 2020,13.0,1.1GHz,i3,,2048.0,SSD,
Retailer Trade-in,Machines,Mac,MacBook Air i5 1.1GHz 13 inch (Early 2020),256GB SSD,450,MacBook Air i5 1.1GHz 13 inch (Early 2020),2020,Mac,MacBook Air,,Early 2020,13.0,1.1GHz,i5,,256.0,SSD,
Retailer Trade-in,Machines,Mac,MacBook Air i5 1.1GHz 13 inch (Early 2020),512GB SSD,475,MacBook Air i5 1.1GHz 13 inch (Early 2020),2020,Mac,MacBook Air,,Early 2020,13.0,1.1GHz,i5,,512.0,SSD,
Retailer Trade-in,Machines,Mac,MacBook Air i5 1.1GHz 13 inch (Early 2020),1TB SSD,475,MacBook Air i5 1.1GHz 13 inch (Early 2020),2020,Mac,MacBook Air,,Early 2020,13.0,1.1GHz,i5,,1024.0,SSD,
Retailer Trade-in,Machines,Mac,MacBook Air i5 1.1GHz 13 inch (Early 2020),2TB SSD,550,MacBook Air i5 1.1GHz 13 inch (Early 2020),2020,Mac,MacBook Air,,Early 2020,13.0,1.1GHz,i5,,2048.0,SSD,
Retailer Trade-in,Machines,Mac,MacBook Air i7 1.2GHz 13 inch (Early 2020),256GB SSD,475,MacBook Air i7 1.2GHz 13 inch (Early 2020),2020,Mac,MacBook Air,,Early 2020,13.0,1.2GHz,i7,,256.0,SSD,
Retailer Trade-in,Machines,Mac,MacBook Air i7 1.2GHz 13 inch (Early 2020),512GB SSD,475,MacBook Air i7 1.2GHz 13 inch (Early 2020),2020,Mac,MacBook Air,,Early 2020,13.0,1.2GHz,i7,,512.0,SSD,
Retailer Trade-in,Machines,Mac,MacBook Air i7 1.2GHz 13 inch (Early 2020),1TB SSD,500,MacBook Air i7 1.2GHz 13 inch (Early 2020),2020,Mac,MacBook Air,,Early 2020,13.0,1.2GHz,i7,,1024.0,SSD,
Retailer Trade-in,Machines,Mac,MacBook Air i7 1.2GHz 13 inch (Early 2020),2TB SSD,575,MacBook Air i7 1.2GHz 13 inch (Early 2020),2020,Mac,MacBook Air,,Early 2020,13.0,1.2GHz,i7,,2048.0,SSD,
Retailer Trade-in,Machines,Mac,MacBook Air M1 8-Core CPU and 7-Core GPU 13 inch (Late 2020),128GB SSD,505,MacBook Air,2020,Mac,MacBook Air,,Late 2020,13.0,,M1,,128.0,SSD,
Retailer Trade-in,Machines,Mac,MacBook Air M1 8-Core CPU and 7-Core GPU 13 inch (Late 2020),256GB SSD,605,MacBook Air,2020,Mac,MacBook Air,,Late 2020,13.0,,M1,,256.0,SSD,
Retailer Trade-in,Machines,Mac,MacBook Air M1 8-Core CPU and 7-Core GPU 13 inch (Late 2020),512GB SSD,605,MacBook Air,2020,Mac,MacBook Air,,Late 2020,13.0,,M1,,512.0,SSD,
Retailer Trade-in,Machines,Mac,MacBook Air M1 8-Core CPU and 7-Core GPU 13 inch (Late 2020),1TB SSD,605,MacBook Air,2020,Mac,MacBook Air,,Late 2020,13.0,,M1,,1024.0,SSD,
Retailer Trade-in,Machines,Mac,MacBook Air M1 8-Core CPU and 7-Core GPU 13 inch (Late 2020),2TB SSD,705,MacBook Air,2020,Mac,MacBook Air,,Late 2020,13.0,,M1,,2048.0,SSD,
Retailer Trade-in,Machines,Mac,MacBook Air M1 8-Core CPU and 8-Core GPU 13 inch (Late 2020),256GB SSD,570,MacBook Air,2020,Mac,MacBook Air,,Late 2020,13.0,,M1,,256.0,SSD,
Retailer Trade-in,Machines,Mac,MacBook Air M1 8-Core CPU and 8-Core GPU 13 inch (Late 2020),512GB SSD,655,MacBook Air,2020,Mac,MacBook Air,,Late 2020,13.0,,M1,,512.0,SSD,
Retailer Trade-in,Machines,Mac,MacBook Air M1 8-Core CPU and 8-Core GPU 13 inch (Late 2020),1TB SSD,705,MacBook Air,2020,Mac,MacBook Air,,Late 2020,13.0,,M1,,1024.0,SSD,
Retailer Trade-in,Machines,Mac,MacBook Air M1 8-Core CPU and 8-Core GPU 13 inch (Late 2020),2TB SSD,755,MacBook Air,2020,Mac,MacBook Air,,Late 2020,13.0,,M1,,2048.0,SSD,
Retailer Trade-in,Machines,Mac,MacBook Air M2 8-Core CPU and 8-Core GPU 13.6 inch (Mid 2022),256GB SSD,1200,MacBook Air,2022,Mac,MacBook Air,,Mid 2022,13.6,,M2,,256.0,SSD,
Retailer Trade-in,Machines,Mac,MacBook Air M2 8-Core CPU and 8-Core GPU 13.6 inch (Mid 2022),512GB SSD,1395,MacBook Air,2022,Mac,MacBook Air,,Mid 2022,13.6,,M2,,512.0,SSD,
Retailer Trade-in,Machines,Mac,MacBook Air M2 8-Core CPU and 8-Core GPU 13.6 inch (Mid 2022),1TB SSD,1550,MacBook Air,2022,Mac,MacBook Air,,Mid 2022,13.6,,M2,,1024.0,SSD,
Retailer Trade-in,Machines,Mac,MacBook Air M2 8-Core CPU and 8-Core GPU 13.6 inch (Mid 2022),2TB SSD,1990,MacBook Air,2022,Mac,MacBook Air,,Mid 2022,13.6,,M2,,2048.0,SSD,
Retailer Trade-in,Machines,Mac,MacBook Air M2 8-Core CPU and 10-Core GPU 13.6 inch (Mid 2022),256GB SSD,1200,MacBook Air,2022,Mac,MacBook Air,,Mid 2022,13.6,,M2,,256.0,SSD,
Retailer Trade-in,Machines,Mac,MacBook Air M2 8-Core CPU and 10-Core GPU 13.6 inch (Mid 2022),512GB SSD,1395,MacBook Air,2022,Mac,MacBook Air,,Mid 2022,13.6,,M2,,512.0,SSD,
Retailer Trade-in,Machines,Mac,MacBook Air M2 8-Core CPU and 10-Core GPU 13.6 inch (Mid 2022),1TB SSD,1550,MacBook Air,2022,Mac,MacBook Air,,Mid 2022,13.6,,M2,,1024.0,SSD,
Retailer Trade-in,Machines,Mac,MacBook Air M2 8-Core CPU and 10-Core GPU 13.6 inch (Mid 2022),2TB SSD,2015,MacBook Air,2022,Mac,MacBook Air,,Mid 2022,13.6,,M2,,2048.0,SSD,
Retailer Trade-in,Machines,Mac,MacBook Air M2 8-Core CPU and 10-Core GPU 15 inch (Mid 2023),256GB SSD,1855,MacBook Air,2023,Mac,MacBook Air,,Mid 2023,15.0,,M2,,256.0,SSD,
Retailer Trade-in,Machines,Mac,MacBook Air M2 8-Core CPU and 10-Core GPU 15 inch (Mid 2023),512GB SSD,2015,MacBook Air,2023,Mac,MacBook Air,,Mid 2023,15.0,,M2,,512.0,SSD,
Retailer Trade-in,Machines,Mac,MacBook Air M2 8-Core CPU and 10-Core GPU 15 inch (Mid 2023),1TB SSD,2245,MacBook Air,2023,Mac,MacBook Air,,Mid 2023,15.0,,M2,,1024.0,SSD,
Retailer Trade-in,Machines,Mac,MacBook Air M2 8-Core CPU and 10-Core GPU 15 inch (Mid 2023),2TB SSD,2815,MacBook Air,2023,Mac,MacBook Air,,Mid 2023,15.0,,M2,,2048.0,SSD,
Retailer Trade-in,Machines,Mac,MacBook Air M3 8-Core CPU and 8-Core GPU 13.6 inch (Early 2024),256GB SSD,1950,MacBook Air,2024,Mac,MacBook Air,,Early 2024,13.6,,M3,,256.0,SSD,
Retailer Trade-in,Machines,Mac,MacBook Air M3 8-Core CPU and 10-Core GPU 13.6 inch (Early 2024),256GB SSD,1950,MacBook Air,2024,Mac,MacBook Air,,Early 2024,13.6,,M3,,256.0,SSD,
Retailer Trade-in,Machines,Mac,MacBook Air M3 8-Core CPU and 10-Core GPU 13.6 inch (Early 2024),512GB SSD,2125,MacBook Air,2024,Mac,MacBook Air,,Early 2024,13.6,,M3,,512.0,SSD,
Retailer Trade-in,Machines,Mac,MacBook Air M3 8-Core CPU and 10-Core GPU 13.6 inch (Early 2024),1TB SSD,2450,MacBook Air,2024,Mac,MacBook Air,,Early 2024,13.6,,M3,,1024.0,SSD,
Retailer Trade-in,Machines,Mac,MacBook Air M3 8-Core CPU and 10-Core GPU 13.6 inch (Early 2024),2TB SSD,3125,MacBook Air,2024,Mac,MacBook Air,,Early 2024,13.6,,M3,,2048.0,SSD,
Retailer Trade-in,Machines,Mac,MacBook Air M3 8-Core CPU and 10-Core GPU 15 inch (Early 2024),256GB SSD,2275,MacBook Air,2024,Mac,MacBook Air,,Early 2024,15.0,,M3,,256.0,SSD,
Retailer Trade-in,Machines,Mac,MacBook Air M3 8-Core CPU and 10-Core GPU 15 inch (Early 2024),512GB SSD,2500,MacBook Air,2024,Mac,MacBook Air,,Early 2024,15.0,,M3,,512.0,SSD,
Retailer Trade-in,Machines,Mac,MacBook Air M3 8-Core CPU and 10-Core GPU 15 inch (Early 2024),1TB SSD,3075,MacBook Air,2024,Mac,MacBook Air,,Early 2024,15.0,,M3,,1024.0,SSD,
Retailer Trade-in,Machines,Mac,MacBook Air M3 8-Core CPU and 10-Core GPU 15 inch (Early 2024),2TB SSD,3475,MacBook Air,2024,Mac,MacBook Air,,Early 2024,15.0,,M3,,2048.0,SSD,
Retailer Trade-in,Machines,Mac,MacBook Air M4 10-Core CPU and 8-Core GPU 13 inch (Early 2025),256GB SSD,2250,MacBook Air,2025,Mac,MacBook Air,,Early 2025,13.0,,M4,,256.0,SSD,
Retailer Trade-in,Machines,Mac,MacBook Air M4 10-Core CPU and 10-Core GPU 13 inch (Early 2025),256GB SSD,2450,MacBook Air,2025,Mac,MacBook Air,,Early 2025,13.0,,M4,,256.0,SSD,
Retailer Trade-in,Machines,Mac,MacBook Air M4 10-Core CPU and 10-Core GPU 13 inch (Early 2025),512GB SSD,2675,MacBook Air,2025,Mac,MacBook Air,,Early 2025,13.0,,M4,,512.0,SSD,
Retailer Trade-in,Machines,Mac,MacBook Air M4 10-Core CPU and 10-Core GPU 13 inch (Early 2025),1TB SSD,3125,MacBook Air,2025,Mac,MacBook Air,,Early 2025,13.0,,M4,,1024.0,SSD,
Retailer Trade-in,Machines,Mac,MacBook Air M4 10-Core CPU and 10-Core GPU 13 inch (Early 2025),2TB SSD,4000,MacBook Air,2025,Mac,MacBook Air,,Early 2025,13.0,,M4,,2048.0,SSD,
Retailer Trade-in,Machines,Mac,MacBook Air M4 10-Core CPU and 10-Core GPU 15 inch (Early 2025),256GB SSD,2750,MacBook Air,2025,Mac,MacBook Air,,Early 2025,15.0,,M4,,256.0,SSD,
Retailer Trade-in,Machines,Mac,MacBook Air M4 10-Core CPU and 10-Core GPU 15 inch (Early 2025),512GB SSD,2975,MacBook Air,2025,Mac,MacBook Air,,Early 2025,15.0,,M4,,512.0,SSD,
Retailer Trade-in,Machines,Mac,MacBook Air M4 10-Core CPU and 10-Core GPU 15 inch (Early 2025),1TB SSD,3600,MacBook Air,2025,Mac,MacBook Air,,Early 2025,15.0,,M4,,1024.0,SSD,
Retailer Trade-in,Machines,Mac,MacBook Air M4 10-Core CPU and 10-Core GPU 15 inch (Early 2025),2TB SSD,4400,MacBook Air,2025,Mac,MacBook Air,,Early 2025,15.0,,M4,,2048.0,SSD,
Retailer Trade-in,Machines,Mac,MacBook Pro i5 2.0GHz 13 inch (Late 2016),256GB SSD,250,MacBook Pro i5 2.0GHz 13 inch (Late 2016),2016,Mac,MacBook Pro,,Late 2016,13.0,2.0GHz,i5,,256.0,SSD,
Retailer Trade-in,Machines,Mac,MacBook Pro i5 2.0GHz 13 inch (Late 2016),512GB SSD,275,MacBook Pro i5 2.0GHz 13 inch (Late 2016),2016,Mac,MacBook Pro,,Late 2016,13.0,2.0GHz,i5,,512.0,SSD,
Retailer Trade-in,Machines,Mac,MacBook Pro i5 2.0GHz 13 inch (Late 2016),1TB SSD,300,MacBook Pro i5 2.0GHz 13 inch (Late 2016),2016,Mac,MacBook Pro,,Late 2016,13.0,2.0GHz,i5,,1024.0,SSD,
Retailer Trade-in,Machines,Mac,MacBook Pro i5 2.9GHz 13 inch (Late 2016),256GB SSD,350,MacBook Pro i5 2.9GHz 13 inch (Late 2016),2016,Mac,MacBook Pro,,Late 2016,13.0,2.9GHz,i5,,256.0,SSD,
Retailer Trade-in,Machines,Mac,MacBook Pro i5 2.9GHz 13 inch (Late 2016),512GB SSD,400,MacBook Pro i5 2.9GHz 13 inch (Late 2016),2016,Mac,MacBook Pro,,Late 2016,13.0,2.9GHz,i5,,512.0,SSD,
Retailer Trade-in,Machines,Mac,MacBook Pro i5 2.9GHz 13 inch (Late 2016),1TB SSD,400,MacBook Pro i5 2.9GHz 13 inch (Late 2016),2016,Mac,MacBook Pro,,Late 2016,13.0,2.9GHz,i5,,1024.0,SSD,
Retailer Trade-in,Machines,Mac,MacBook Pro i5 3.1GHz 13 inch (Late 2016),256GB SSD,400,MacBook Pro i5 3.1GHz 13 inch (Late 2016),2016,Mac,MacBook Pro,,Late 2016,13.0,3.1GHz,i5,,256.0,SSD,
Retailer Trade-in,Machines,Mac,MacBook Pro i5 3.1GHz 13 inch (Late 2016),512GB SSD,400,MacBook Pro i5 3.1GHz 13 inch (Late 2016),2016,Mac,MacBook Pro,,Late 2016,13.0,3.1GHz,i5,,512.0,SSD,
Retailer Trade-in,Machines,Mac,MacBook Pro i5 3.1GHz 13 inch (Late 2016),1TB SSD,400,MacBook Pro i5 3.1GHz 13 inch (Late 2016),2016,Mac,MacBook Pro,,Late 2016,13.0,3.1GHz,i5,,1024.0,SSD,
Retailer Trade-in,Machines,Mac,MacBook Pro i7 2.4GHz 13 inch (Late 2016),256GB SSD,300,MacBook Pro i7 2.4GHz 13 inch (Late 2016),2016,Mac,MacBook Pro,,Late 2016,13.0,2.4GHz,i7,,256.0,SSD,
Retailer Trade-in,Machines,Mac,MacBook Pro i7 2.4GHz 13 inch (Late 2016),512GB SSD,350,MacBook Pro i7 2.4GHz 13 inch (Late 2016),2016,Mac,MacBook Pro,,Late 2016,13.0,2.4GHz,i7,,512.0,SSD,
Retailer Trade-in,Machines,Mac,MacBook Pro i7 2.4GHz 13 inch (Late 2016),1TB SSD,400,MacBook Pro i7 2.4GHz 13 inch (Late 2016),2016,Mac,MacBook Pro,,Late 2016,13.0,2.4GHz,i7,,1024.0,SSD,
Retailer Trade-in,Machines,Mac,MacBook Pro i7 2.6GHz 15 inch (Late 2016),256GB SSD,650,MacBook Pro i7 2.6GHz 15 inch (Late 2016),2016,Mac,MacBook Pro,,Late 2016,15.0,2.6GHz,i7,,256.0,SSD,
Retailer Trade-in,Machines,Mac,MacBook Pro i7 2.6GHz 15 inch (Late 2016),512GB SSD,675,MacBook Pro i7 2.6GHz 15 inch (Late 2016),2016,Mac,MacBook Pro,,Late 2016,15.0,2.6GHz,i7,,512.0,SSD,
Retailer Trade-in,Machines,Mac,MacBook Pro i7 2.6GHz 15 inch (Late 2016),1TB SSD,700,MacBook Pro i7 2.6GHz 15 inch (Late 2016),2016,Mac,MacBook Pro,,Late 2016,15.0,2.6GHz,i7,,1024.0,SSD,
Retailer Trade-in,Machines,Mac,MacBook Pro i7 2.6GHz 15 inch (Late 2016),2TB SSD,750,MacBook Pro i7 2.6GHz 15 inch (Late 2016),2016,Mac,MacBook Pro,,Late 2016,15.0,2.6GHz,i7,,2048.0,SSD,
Retailer Trade-in,Machines,Mac,MacBook Pro i7 2.7GHz 15 inch (Late 2016),256GB SSD,650,MacBook Pro i7 2.7GHz 15 inch (Late 2016),2016,Mac,MacBook Pro,,Late 2016,15.0,2.7GHz,i7,,256.0,SSD,
Retailer Trade-in,Machines,Mac,MacBook Pro i7 2.7GHz 15 inch (Late 2016),512GB SSD,675,MacBook Pro i7 2.7GHz 15 inch (Late 2016),2016,Mac,MacBook Pro,,Late 2016,15.0,2.7GHz,i7,,512.0,SSD,
Retailer Trade-in,Machines,Mac,MacBook Pro i7 2.7GHz 15 inch (Late 2016),1TB SSD,700,MacBook Pro i7 2.7GHz 15 inch (Late 2016),2016,Mac,MacBook Pro,,Late 2016,15.0,2.7GHz,i7,,1024.0,SSD,
Retailer Trade-in,Machines,Mac,MacBook Pro i7 2.7GHz 15 inch (Late 2016),2TB SSD,750,MacBook Pro i7 2.7GHz 15 inch (Late 2016),2016,Mac,MacBook Pro,,Late 2016,15.0,2.7GHz,i7,,2048.0,SSD,
Retailer Trade-in,Machines,Mac,MacBook Pro i7 2.9GHz 15 inch (Late 2016),256GB SSD,650,MacBook Pro i7 2.9GHz 15 inch (Late 2016),2016,Mac,MacBook Pro,,Late 2016,15.0,2.9GHz,i7,,256.0,SSD,
Retailer Trade-in,Machines,Mac,MacBook Pro i7 2.9GHz 15 inch (Late 2016),512GB SSD,675,MacBook Pro i7 2.9GHz 15 inch (Late 2016),2016,Mac,MacBook Pro,,Late 2016,15.0,2.9GHz,i7,,512.0,SSD,
Retailer Trade-in,Machines,Mac,MacBook Pro i7 2.9GHz 15 inch (Late 2016),1TB SSD,700,MacBook Pro i7 2.9GHz 15 inch (Late 2016),2016,Mac,MacBook Pro,,Late 2016,15.0,2.9GHz,i7,,1024.0,SSD,
Retailer Trade-in,Machines,Mac,MacBook Pro i7 2.9GHz 15 inch (Late 2016),2TB SSD,750,MacBook Pro i7 2.9GHz 15 inch (Late 2016),2016,Mac,MacBook Pro,,Late 2016,15.0,2.9GHz,i7,,2048.0,SSD,
Retailer Trade-in,Machines,Mac,MacBook Pro i7 3.3GHz 13 inch (Late 2016),256GB SSD,400,MacBook Pro i7 3.3GHz 13 inch (Late 2016),2016,Mac,MacBook Pro,,Late 2016,13.0,3.3GHz,i7,,256.0,SSD,
Retailer Trade-in,Machines,Mac,MacBook Pro i7 3.3GHz 13 inch (Late 2016),512GB SSD,400,MacBook Pro i7 3.3GHz 13 inch (Late 2016),2016,Mac,MacBook Pro,,Late 2016,13.0,3.3GHz,i7,,512.0,SSD,
Retailer Trade-in,Machines,Mac,MacBook Pro i7 3.3GHz 13 inch (Late 2016),1TB SSD,400,MacBook Pro i7 3.3GHz 13 inch (Late 2016),2016,Mac,MacBook Pro,,Late 2016,13.0,3.3GHz,i7,,1024.0,SSD,
Retailer Trade-in,Machines,Mac,MacBook Pro i5 2.3GHz 13 inch (Mid 2017),128GB SSD,300,MacBook Pro i5 2.3GHz 13 inch (Mid 2017),2017,Mac,MacBook Pro,,Mid 2017,13.0,2.3GHz,i5,,128.0,SSD,
Retailer Trade-in,Machines,Mac,MacBook Pro i5 2.3GHz 13 inch (Mid 2017),256GB SSD,425,MacBook Pro i5 2.3GHz 13 inch (Mid 2017),2017,Mac,MacBook Pro,,Mid 2017,13.0,2.3GHz,i5,,256.0,SSD,
Retailer Trade-in,Machines,Mac,MacBook Pro i5 2.3GHz 13 inch (Mid 2017),512GB SSD,450,MacBook Pro i5 2.3GHz 13 inch (Mid 2017),2017,Mac,MacBook Pro,,Mid 2017,13.0,2.3GHz,i5,,512.0,SSD,
Retailer Trade-in,Machines,Mac,MacBook Pro i5 2.3GHz 13 inch (Mid 2017),1TB SSD,500,MacBook Pro i5 2.3GHz 13 inch (Mid 2017),2017,Mac,MacBook Pro,,Mid 2017,13.0,2.3GHz,i5,,1024.0,SSD,
Retailer Trade-in,Machines,Mac,MacBook Pro i5 3.1GHz 13 inch (Mid 2017),256GB SSD,450,MacBook Pro i5 3.1GHz 13 inch (Mid 2017),2017,Mac,MacBook Pro,,Mid 2017,13.0,3.1GHz,i5,,256.0,SSD,
Retailer Trade-in,Machines,Mac,MacBook Pro i5 3.1GHz 13 inch (Mid 2017),512GB SSD,475,MacBook Pro i5 3.1GHz 13 inch (Mid 2017),2017,Mac,MacBook Pro,,Mid 2017,13.0,3.1GHz,i5,,512.0,SSD,
Retailer Trade-in,Machines,Mac,MacBook Pro i5 3.1GHz 13 inch (Mid 2017),1TB SSD,550,MacBook Pro i5 3.1GHz 13 inch (Mid 2017),2017,Mac,MacBook Pro,,Mid 2017,13.0,3.1GHz,i5,,1024.0,SSD,
Retailer Trade-in,Machines,Mac,MacBook Pro i5 3.3GHz 13 inch (Mid 2017),256GB SSD,450,MacBook Pro i5 3.3GHz 13 inch (Mid 2017),2017,Mac,MacBook Pro,,Mid 2017,13.0,3.3GHz,i5,,256.0,SSD,
Retailer Trade-in,Machines,Mac,MacBook Pro i5 3.3GHz 13 inch (Mid 2017),512GB SSD,475,MacBook Pro i5 3.3GHz 13 inch (Mid 2017),2017,Mac,MacBook Pro,,Mid 2017,13.0,3.3GHz,i5,,512.0,SSD,
Retailer Trade-in,Machines,Mac,MacBook Pro i5 3.3GHz 13 inch (Mid 2017),1TB SSD,550,MacBook Pro i5 3.3GHz 13 inch (Mid 2017),2017,Mac,MacBook Pro,,Mid 2017,13.0,3.3GHz,i5,,1024.0,SSD,
Retailer Trade-in,Machines,Mac,MacBook Pro i7 2.5GHz 13 inch (Mid 2017),128GB SSD,300,MacBook Pro i7 2.5GHz 13 inch (Mid 2017),2017,Mac,MacBook Pro,,Mid 2017,13.0,2.5GHz,i7,,128.0,SSD,
Retailer Trade-in,Machines,Mac,MacBook Pro i7 2.5GHz 13 inch (Mid 2017),256GB SSD,450,MacBook Pro i7 2.5GHz 13 inch (Mid 2017),2017,Mac,MacBook Pro,,Mid 2017,13.0,2.5GHz,i7,,256.0,SSD,
Retailer Trade-in,Machines,Mac,MacBook Pro i7 2.5GHz 13 inch (Mid 2017),512GB SSD,500,MacBook Pro i7 2.5GHz 13 inch (Mid 2017),2017,Mac,MacBook Pro,,Mid 2017,13.0,2.5GHz,i7,,512.0,SSD,
Retailer Trade-in,Machines,Mac,MacBook Pro i7 2.5GHz 13 inch (Mid 2017),1TB SSD,550,MacBook Pro i7 2.5GHz 13 inch (Mid 2017),2017,Mac,MacBook Pro,,Mid 2017,13.0,2.5GHz,i7,,1024.0,SSD,
Retailer Trade-in,Machines,Mac,MacBook Pro i7 2.8GHz 15 inch (Mid 2017),256GB SSD,750,MacBook Pro i7 2.8GHz 15 inch (Mid 2017),2017,Mac,MacBook Pro,,Mid 2017,15.0,2.8GHz,i7,,256.0,SSD,
Retailer Trade-in,Machines,Mac,MacBook Pro i7 2.8GHz 15 inch (Mid 2017),512GB SSD,750,MacBook Pro i7 2.8GHz 15 inch (Mid 2017),2017,Mac,MacBook Pro,,Mid 2017,15.0,2.8GHz,i7,,512.0,SSD,
Retailer Trade-in,Machines,Mac,MacBook Pro i7 2.8GHz 15 inch (Mid 2017),1TB SSD,775,MacBook Pro i7 2.8GHz 15 inch (Mid 2017),2017,Mac,MacBook Pro,,Mid 2017,15.0,2.8GHz,i7,,1024.0,SSD,
Retailer Trade-in,Machines,Mac,MacBook Pro i7 2.8GHz 15 inch (Mid 2017),2TB SSD,825,MacBook Pro i7 2.8GHz 15 inch (Mid 2017),2017,Mac,MacBook Pro,,Mid 2017,15.0,2.8GHz,i7,,2048.0,SSD,
Retailer Trade-in,Machines,Mac,MacBook Pro i7 2.9GHz 15 inch (Mid 2017),256GB SSD,750,MacBook Pro i7 2.9GHz 15 inch (Mid 2017),2017,Mac,MacBook Pro,,Mid 2017,15.0,2.9GHz,i7,,256.0,SSD,
Retailer Trade-in,Machines,Mac,MacBook Pro i7 2.9GHz 15 inch (Mid 2017),512GB SSD,750,MacBook Pro i7 2.9GHz 15 inch (Mid 2017),2017,Mac,MacBook Pro,,Mid 2017,15.0,2.9GHz,i7,,512.0,SSD,
Retailer Trade-in,Machines,Mac,MacBook Pro i7 2.9GHz 15 inch (Mid 2017),1TB SSD,775,MacBook Pro i7 2.9GHz 15 inch (Mid 2017),2017,Mac,MacBook Pro,,Mid 2017,15.0,2.9GHz,i7,,1024.0,SSD,
Retailer Trade-in,Machines,Mac,MacBook Pro i7 2.9GHz 15 inch (Mid 2017),2TB SSD,825,MacBook Pro i7 2.9GHz 15 inch (Mid 2017),2017,Mac,MacBook Pro,,Mid 2017,15.0,2.9GHz,i7,,2048.0,SSD,
Retailer Trade-in,Machines,Mac,MacBook Pro i7 3.1GHz 15 inch (Mid 2017),256GB SSD,750,MacBook Pro i7 3.1GHz 15 inch (Mid 2017),2017,Mac,MacBook Pro,,Mid 2017,15.0,3.1GHz,i7,,256.0,SSD,
Retailer Trade-in,Machines,Mac,MacBook Pro i7 3.1GHz 15 inch (Mid 2017),512GB SSD,750,MacBook Pro i7 3.1GHz 15 inch (Mid 2017),2017,Mac,MacBook Pro,,Mid 2017,15.0,3.1GHz,i7,,512.0,SSD,
Retailer Trade-in,Machines,Mac,MacBook Pro i7 3.1GHz 15 inch (Mid 2017),1TB SSD,775,MacBook Pro i7 3.1GHz 15 inch (Mid 2017),2017,Mac,MacBook Pro,,Mid 2017,15.0,3.1GHz,i7,,1024.0,SSD,
Retailer Trade-in,Machines,Mac,MacBook Pro i7 3.1GHz 15 inch (Mid 2017),2TB SSD,825,MacBook Pro i7 3.1GHz 15 inch (Mid 2017),2017,Mac,MacBook Pro,,Mid 2017,15.0,3.1GHz,i7,,2048.0,SSD,
Retailer Trade-in,Machines,Mac,MacBook Pro i7 3.5GHz 13 inch (Mid 2017),256GB SSD,675,MacBook Pro i7 3.5GHz 13 inch (Mid 2017),2017,Mac,MacBook Pro,,Mid 2017,13.0,3.5GHz,i7,,256.0,SSD,
Retailer Trade-in,Machines,Mac,MacBook Pro i7 3.5GHz 13 inch (Mid 2017),512GB SSD,750,MacBook Pro i7 3.5GHz 13 inch (Mid 2017),2017,Mac,MacBook Pro,,Mid 2017,13.0,3.5GHz,i7,,512.0,SSD,
Retailer Trade-in,Machines,Mac,MacBook Pro i7 3.5GHz 13 inch (Mid 2017),1TB SSD,775,MacBook Pro i7 3.5GHz 13 inch (Mid 2017),2017,Mac,MacBook Pro,,Mid 2017,13.0,3.5GHz,i7,,1024.0,SSD,
Retailer Trade-in,Machines,Mac,MacBook Pro i5 2.3GHz 13 inch (Mid 2018),256GB SSD,600,MacBook Pro i5 2.3GHz 13 inch (Mid 2018),2018,Mac,MacBook Pro,,Mid 2018,13.0,2.3GHz,i5,,256.0,SSD,
Retailer Trade-in,Machines,Mac,MacBook Pro i5 2.3GHz 13 inch (Mid 2018),512GB SSD,650,MacBook Pro i5 2.3GHz 13 inch (Mid 2018),2018,Mac,MacBook Pro,,Mid 2018,13.0,2.3GHz,i5,,512.0,SSD,
Retailer Trade-in,Machines,Mac,MacBook Pro i5 2.3GHz 13 inch (Mid 2018),1TB SSD,675,MacBook Pro i5 2.3GHz 13 inch (Mid 2018),2018,Mac,MacBook Pro,,Mid 2018,13.0,2.3GHz,i5,,1024.0,SSD,
Retailer Trade-in,Machines,Mac,MacBook Pro i5 2.3GHz 13 inch (Mid 2018),2TB SSD,700,MacBook Pro i5 2.3GHz 13 inch (Mid 2018),2018,Mac,MacBook Pro,,Mid 2018,13.0,2.3GHz,i5,,2048.0,SSD,
Retailer Trade-in,Machines,Mac,MacBook Pro i7 2.2GHz 15 inch (Mid 2018),256GB SSD,850,MacBook Pro i7 2.2GHz 15 inch (Mid 2018),2018,Mac,MacBook Pro,,Mid 2018,15.0,2.2GHz,i7,,256.0,SSD,
Retailer Trade-in,Machines,Mac,MacBook Pro i7 2.2GHz 15 inch (Mid 2018),512GB SSD,850,MacBook Pro i7 2.2GHz 15 inch (Mid 2018),2018,Mac,MacBook Pro,,Mid 2018,15.0,2.2GHz,i7,,512.0,SSD,
Retailer Trade-in,Machines,Mac,MacBook Pro i7 2.2GHz 15 inch (Mid 2018),1TB SSD,900,MacBook Pro i7 2.2GHz 15 inch (Mid 2018),2018,Mac,MacBook Pro,,Mid 2018,15.0,2.2GHz,i7,,1024.0,SSD,
Retailer Trade-in,Machines,Mac,MacBook Pro i7 2.2GHz 15 inch (Mid 2018),2TB SSD,1050,MacBook Pro i7 2.2GHz 15 inch (Mid 2018),2018,Mac,MacBook Pro,,Mid 2018,15.0,2.2GHz,i7,,2048.0,SSD,
Retailer Trade-in,Machines,Mac,MacBook Pro i7 2.2GHz 15 inch (Mid 2018),4TB SSD,1125,MacBook Pro i7 2.2GHz 15 inch (Mid 2018),2018,Mac,MacBook Pro,,Mid 2018,15.0,2.2GHz,i7,,4096.0,SSD,
Retailer Trade-in,Machines,Mac,MacBook Pro i7 2.6GHz 15 inch (Mid 2018),256GB SSD,850,MacBook Pro i7 2.6GHz 15 inch (Mid 2018),2018,Mac,MacBook Pro,,Mid 2018,15.0,2.6GHz,i7,,256.0,SSD,
Retailer Trade-in,Machines,Mac,MacBook Pro i7 2.6GHz 15 inch (Mid 2018),512GB SSD,900,MacBook Pro i7 2.6GHz 15 inch (Mid 2018),2018,Mac,MacBook Pro,,Mid 2018,15.0,2.6GHz,i7,,512.0,SSD,
Retailer Trade-in,Machines,Mac,MacBook Pro i7 2.6GHz 15 inch (Mid 2018),1TB SSD,975,MacBook Pro i7 2.6GHz 15 inch (Mid 2018),2018,Mac,MacBook Pro,,Mid 2018,15.0,2.6GHz,i7,,1024.0,SSD,
Retailer Trade-in,Machines,Mac,MacBook Pro i7 2.6GHz 15 inch (Mid 2018),2TB SSD,1075,MacBook Pro i7 2.6GHz 15 inch (Mid 2018),2018,Mac,MacBook Pro,,Mid 2018,15.0,2.6GHz,i7,,2048.0,SSD,
Retailer Trade-in,Machines,Mac,MacBook Pro i7 2.6GHz 15 inch (Mid 2018),4TB SSD,1125,MacBook Pro i7 2.6GHz 15 inch (Mid 2018),2018,Mac,MacBook Pro,,Mid 2018,15.0,2.6GHz,i7,,4096.0,SSD,
Retailer Trade-in,Machines,Mac,MacBook Pro i7 2.7GHz 13 inch (Mid 2018),2TB SSD,750,MacBook Pro i7 2.7GHz 13 inch (Mid 2018),2018,Mac,MacBook Pro,,Mid 2018,13.0,2.7GHz,i7,,2048.0,SSD,
Retailer Trade-in,Machines,Mac,MacBook Pro i9 2.9GHz 15 inch (Mid 2018),256GB SSD,850,MacBook Pro i9 2.9GHz 15 inch (Mid 2018),2018,Mac,MacBook Pro,,Mid 2018,15.0,2.9GHz,i9,,256.0,SSD,
Retailer Trade-in,Machines,Mac,MacBook Pro i9 2.9GHz 15 inch (Mid 2018),512GB SSD,900,MacBook Pro i9 2.9GHz 15 inch (Mid 2018),2018,Mac,MacBook Pro,,Mid 2018,15.0,2.9GHz,i9,,512.0,SSD,
Retailer Trade-in,Machines,Mac,MacBook Pro i9 2.9GHz 15 inch (Mid 2018),1TB SSD,975,MacBook Pro i9 2.9GHz 15 inch (Mid 2018),2018,Mac,MacBook Pro,,Mid 2018,15.0,2.9GHz,i9,,1024.0,SSD,
Retailer Trade-in,Machines,Mac,MacBook Pro i9 2.9GHz 15 inch (Mid 2018),2TB SSD,1075,MacBook Pro i9 2.9GHz 15 inch (Mid 2018),2018,Mac,MacBook Pro,,Mid 2018,15.0,2.9GHz,i9,,2048.0,SSD,
Retailer Trade-in,Machines,Mac,MacBook Pro i9 2.9GHz 15 inch (Mid 2018),4TB SSD,1150,MacBook Pro i9 2.9GHz 15 inch (Mid 2018),2018,Mac,MacBook Pro,,Mid 2018,15.0,2.9GHz,i9,,4096.0,SSD,
Retailer Trade-in,Machines,Mac,MacBook Pro i5 1.4GHz 13 inch (Mid 2019),128GB SSD,400,MacBook Pro i5 1.4GHz 13 inch (Mid 2019),2019,Mac,MacBook Pro,,Mid 2019,13.0,1.4GHz,i5,,128.0,SSD,
Retailer Trade-in,Machines,Mac,MacBook Pro i5 1.4GHz 13 inch (Mid 2019),256GB SSD,475,MacBook Pro i5 1.4GHz 13 inch (Mid 2019),2019,Mac,MacBook Pro,,Mid 2019,13.0,1.4GHz,i5,,256.0,SSD,
Retailer Trade-in,Machines,Mac,MacBook Pro i5 1.4GHz 13 inch (Mid 2019),512GB SSD,525,MacBook Pro i5 1.4GHz 13 inch (Mid 2019),2019,Mac,MacBook Pro,,Mid 2019,13.0,1.4GHz,i5,,512.0,SSD,
Retailer Trade-in,Machines,Mac,MacBook Pro i5 1.4GHz 13 inch (Mid 2019),1TB SSD,600,MacBook Pro i5 1.4GHz 13 inch (Mid 2019),2019,Mac,MacBook Pro,,Mid 2019,13.0,1.4GHz,i5,,1024.0,SSD,
Retailer Trade-in,Machines,Mac,MacBook Pro i5 1.4GHz 13 inch (Mid 2019),2TB SSD,650,MacBook Pro i5 1.4GHz 13 inch (Mid 2019),2019,Mac,MacBook Pro,,Mid 2019,13.0,1.4GHz,i5,,2048.0,SSD,
Retailer Trade-in,Machines,Mac,MacBook Pro i5 2.4GHz 13 inch (Mid 2019),256GB SSD,650,MacBook Pro i5 2.4GHz 13 inch (Mid 2019),2019,Mac,MacBook Pro,,Mid 2019,13.0,2.4GHz,i5,,256.0,SSD,
Retailer Trade-in,Machines,Mac,MacBook Pro i5 2.4GHz 13 inch (Mid 2019),512GB SSD,650,MacBook Pro i5 2.4GHz 13 inch (Mid 2019),2019,Mac,MacBook Pro,,Mid 2019,13.0,2.4GHz,i5,,512.0,SSD,
Retailer Trade-in,Machines,Mac,MacBook Pro i5 2.4GHz 13 inch (Mid 2019),1TB SSD,700,MacBook Pro i5 2.4GHz 13 inch (Mid 2019),2019,Mac,MacBook Pro,,Mid 2019,13.0,2.4GHz,i5,,1024.0,SSD,
Retailer Trade-in,Machines,Mac,MacBook Pro i5 2.4GHz 13 inch (Mid 2019),2TB SSD,725,MacBook Pro i5 2.4GHz 13 inch (Mid 2019),2019,Mac,MacBook Pro,,Mid 2019,13.0,2.4GHz,i5,,2048.0,SSD,
Retailer Trade-in,Machines,Mac,MacBook Pro i7 1.7GHz 13 inch (Mid 2019),128GB SSD,475,MacBook Pro i7 1.7GHz 13 inch (Mid 2019),2019,Mac,MacBook Pro,,Mid 2019,13.0,1.7GHz,i7,,128.0,SSD,
Retailer Trade-in,Machines,Mac,MacBook Pro i7 1.7GHz 13 inch (Mid 2019),256GB SSD,525,MacBook Pro i7 1.7GHz 13 inch (Mid 2019),2019,Mac,MacBook Pro,,Mid 2019,13.0,1.7GHz,i7,,256.0,SSD,
Retailer Trade-in,Machines,Mac,MacBook Pro i7 1.7GHz 13 inch (Mid 2019),512GB SSD,575,MacBook Pro i7 1.7GHz 13 inch (Mid 2019),2019,Mac,MacBook Pro,,Mid 2019,13.0,1.7GHz,i7,,512.0,SSD,
Retailer Trade-in,Machines,Mac,MacBook Pro i7 1.7GHz 13 inch (Mid 2019),1TB SSD,650,MacBook Pro i7 1.7GHz 13 inch (Mid 2019),2019,Mac,MacBook Pro,,Mid 2019,13.0,1.7GHz,i7,,1024.0,SSD,
Retailer Trade-in,Machines,Mac,MacBook Pro i7 1.7GHz 13 inch (Mid 2019),2TB SSD,700,MacBook Pro i7 1.7GHz 13 inch (Mid 2019),2019,Mac,MacBook Pro,,Mid 2019,13.0,1.7GHz,i7,,2048.0,SSD,
Retailer Trade-in,Machines,Mac,MacBook Pro i7 2.6GHz 15 inch (Mid 2019),256GB SSD,1000,MacBook Pro i7 2.6GHz 15 inch (Mid 2019),2019,Mac,MacBook Pro,,Mid 2019,15.0,2.6GHz,i7,,256.0,SSD,
Retailer Trade-in,Machines,Mac,MacBook Pro i7 2.6GHz 15 inch (Mid 2019),512GB SSD,1050,MacBook Pro i7 2.6GHz 15 inch (Mid 2019),2019,Mac,MacBook Pro,,Mid 2019,15.0,2.6GHz,i7,,512.0,SSD,
Retailer Trade-in,Machines,Mac,MacBook Pro i7 2.6GHz 15 inch (Mid 2019),1TB SSD,1125,MacBook Pro i7 2.6GHz 15 inch (Mid 2019),2019,Mac,MacBook Pro,,Mid 2019,15.0,2.6GHz,i7,,1024.0,SSD,
Retailer Trade-in,Machines,Mac,MacBook Pro i7 2.6GHz 15 inch (Mid 2019),2TB SSD,1250,MacBook Pro i7 2.6GHz 15 inch (Mid 2019),2019,Mac,MacBook Pro,,Mid 2019,15.0,2.6GHz,i7,,2048.0,SSD,
Retailer Trade-in,Machines,Mac,MacBook Pro i7 2.6GHz 15 inch (Mid 2019),4TB SSD,1325,MacBook Pro i7 2.6GHz 15 inch (Mid 2019),2019,Mac,MacBook Pro,,Mid 2019,15.0,2.6GHz,i7,,4096.0,SSD,
Retailer Trade-in,Machines,Mac,MacBook Pro i7 2.8GHz 13 inch (Mid 2019),256GB SSD,700,MacBook Pro i7 2.8GHz 13 inch (Mid 2019),2019,Mac,MacBook Pro,,Mid 2019,13.0,2.8GHz,i7,,256.0,SSD,
Retailer Trade-in,Machines,Mac,MacBook Pro i7 2.8GHz 13 inch (Mid 2019),512GB SSD,725,MacBook Pro i7 2.8GHz 13 inch (Mid 2019),2019,Mac,MacBook Pro,,Mid 2019,13.0,2.8GHz,i7,,512.0,SSD,
Retailer Trade-in,Machines,Mac,MacBook Pro i7 2.8GHz 13 inch (Mid 2019),1TB SSD,725,MacBook Pro i7 2.8GHz 13 inch (Mid 2019),2019,Mac,MacBook Pro,,Mid 2019,13.0,2.8GHz,i7,,1024.0,SSD,
Retailer Trade-in,Machines,Mac,MacBook Pro i7 2.8GHz 13 inch (Mid 2019),2TB SSD,800,MacBook Pro i7 2.8GHz 13 inch (Mid 2019),2019,Mac,MacBook Pro,,Mid 2019,13.0,2.8GHz,i7,,2048.0,SSD,
Retailer Trade-in,Machines,Mac,MacBook Pro i9 2.3GHz 15 inch (Mid 2019),256GB SSD,1000,MacBook Pro i9 2.3GHz 15 inch (Mid 2019),2019,Mac,MacBook Pro,,Mid 2019,15.0,2.3GHz,i9,,256.0,SSD,
Retailer Trade-in,Machines,Mac,MacBook Pro i9 2.3GHz 15 inch (Mid 2019),512GB SSD,1075,MacBook Pro i9 2.3GHz 15 inch (Mid 2019),2019,Mac,MacBook Pro,,Mid 2019,15.0,2.3GHz,i9,,512.0,SSD,
Retailer Trade-in,Machines,Mac,MacBook Pro i9 2.3GHz 15 inch (Mid 2019),1TB SSD,1250,MacBook Pro i9 2.3GHz 15 inch (Mid 2019),2019,Mac,MacBook Pro,,Mid 2019,15.0,2.3GHz,i9,,1024.0,SSD,
Retailer Trade-in,Machines,Mac,MacBook Pro i9 2.3GHz 15 inch (Mid 2019),2TB SSD,1350,MacBook Pro i9 2.3GHz 15 inch (Mid 2019),2019,Mac,MacBook Pro,,Mid 2019,15.0,2.3GHz,i9,,2048.0,SSD,
Retailer Trade-in,Machines,Mac,MacBook Pro i9 2.3GHz 15 inch (Mid 2019),4TB SSD,1475,MacBook Pro i9 2.3GHz 15 inch (Mid 2019),2019,Mac,MacBook Pro,,Mid 2019,15.0,2.3GHz,i9,,4096.0,SSD,
Retailer Trade-in,Machines,Mac,MacBook Pro i9 2.4GHz 15 inch (Mid 2019),256GB SSD,1000,MacBook Pro i9 2.4GHz 15 inch (Mid 2019),2019,Mac,MacBook Pro,,Mid 2019,15.0,2.4GHz,i9,,256.0,SSD,
Retailer Trade-in,Machines,Mac,MacBook Pro i9 2.4GHz 15 inch (Mid 2019),512GB SSD,1150,MacBook Pro i9 2.4GHz 15 inch (Mid 2019),2019,Mac,MacBook Pro,,Mid 2019,15.0,2.4GHz,i9,,512.0,SSD,
Retailer Trade-in,Machines,Mac,MacBook Pro i9 2.4GHz 15 inch (Mid 2019),1TB SSD,1250,MacBook Pro i9 2.4GHz 15 inch (Mid 2019),2019,Mac,MacBook Pro,,Mid 2019,15.0,2.4GHz,i9,,1024.0,SSD,
Retailer Trade-in,Machines,Mac,MacBook Pro i9 2.4GHz 15 inch (Mid 2019),2TB SSD,1350,MacBook Pro i9 2.4GHz 15 inch (Mid 2019),2019,Mac,MacBook Pro,,Mid 2019,15.0,2.4GHz,i9,,2048.0,SSD,
Retailer Trade-in,Machines,Mac,MacBook Pro i9 2.4GHz 15 inch (Mid 2019),4TB SSD,1475,MacBook Pro i9 2.4GHz 15 inch (Mid 2019),2019,Mac,MacBook Pro,,Mid 2019,15.0,2.4GHz,i9,,4096.0,SSD,
Retailer Trade-in,Machines,Mac,MacBook Pro i7 2.6GHz 16 inch (Late 2019),512GB SSD,1075,MacBook Pro i7 2.6GHz 16 inch (Late 2019),2019,Mac,MacBook Pro,,Late 2019,16.0,2.6GHz,i7,,512.0,SSD,
Retailer Trade-in,Machines,Mac,MacBook Pro i7 2.6GHz 16 inch (Late 2019),1TB SSD,1150,MacBook Pro i7 2.6GHz 16 inch (Late 2019),2019,Mac,MacBook Pro,,Late 2019,16.0,2.6GHz,i7,,1024.0,SSD,
Retailer Trade-in,Machines,Mac,MacBook Pro i7 2.6GHz 16 inch (Late 2019),2TB SSD,1250,MacBook Pro i7 2.6GHz 16 inch (Late 2019),2019,Mac,MacBook Pro,,Late 2019,16.0,2.6GHz,i7,,2048.0,SSD,
Retailer Trade-in,Machines,Mac,MacBook Pro i7 2.6GHz 16 inch (Late 2019),4TB SSD,1350,MacBook Pro i7 2.6GHz 16 inch (Late 2019),2019,Mac,MacBook Pro,,Late 2019,16.0,2.6GHz,i7,,4096.0,SSD,
Retailer Trade-in,Machines,Mac,MacBook Pro i7 2.6GHz 16 inch (Late 2019),8TB SSD,1475,MacBook Pro i7 2.6GHz 16 inch (Late 2019),2019,Mac,MacBook Pro,,Late 2019,16.0,2.6GHz,i7,,8192.0,SSD,
Retailer Trade-in,Machines,Mac,MacBook Pro i9 2.3GHz 16 inch (Late 2019),1TB SSD,1250,MacBook Pro i9 2.3GHz 16 inch (Late 2019),2019,Mac,MacBook Pro,,Late 2019,16.0,2.3GHz,i9,,1024.0,SSD,
Retailer Trade-in,Machines,Mac,MacBook Pro i9 2.3GHz 16 inch (Late 2019),2TB SSD,1350,MacBook Pro i9 2.3GHz 16 inch (Late 2019),2019,Mac,MacBook Pro,,Late 2019,16.0,2.3GHz,i9,,2048.0,SSD,
Retailer Trade-in,Machines,Mac,MacBook Pro i9 2.3GHz 16 inch (Late 2019),4TB SSD,1475,MacBook Pro i9 2.3GHz 16 inch (Late 2019),2019,Mac,MacBook Pro,,Late 2019,16.0,2.3GHz,i9,,4096.0,SSD,
Retailer Trade-in,Machines,Mac,MacBook Pro i9 2.3GHz 16 inch (Late 2019),8TB SSD,1500,MacBook Pro i9 2.3GHz 16 inch (Late 2019),2019,Mac,MacBook Pro,,Late 2019,16.0,2.3GHz,i9,,8192.0,SSD,
Retailer Trade-in,Machines,Mac,MacBook Pro i9 2.4GHz 16 inch (Late 2019),512GB SSD,1150,MacBook Pro i9 2.4GHz 16 inch (Late 2019),2019,Mac,MacBook Pro,,Late 2019,16.0,2.4GHz,i9,,512.0,SSD,
Retailer Trade-in,Machines,Mac,MacBook Pro i9 2.4GHz 16 inch (Late 2019),1TB SSD,1375,MacBook Pro i9 2.4GHz 16 inch (Late 2019),2019,Mac,MacBook Pro,,Late 2019,16.0,2.4GHz,i9,,1024.0,SSD,
Retailer Trade-in,Machines,Mac,MacBook Pro i9 2.4GHz 16 inch (Late 2019),2TB SSD,1450,MacBook Pro i9 2.4GHz 16 inch (Late 2019),2019,Mac,MacBook Pro,,Late 2019,16.0,2.4GHz,i9,,2048.0,SSD,
Retailer Trade-in,Machines,Mac,MacBook Pro i9 2.4GHz 16 inch (Late 2019),4TB SSD,1575,MacBook Pro i9 2.4GHz 16 inch (Late 2019),2019,Mac,MacBook Pro,,Late 2019,16.0,2.4GHz,i9,,4096.0,SSD,
Retailer Trade-in,Machines,Mac,MacBook Pro i9 2.4GHz 16 inch (Late 2019),8TB SSD,1700,MacBook Pro i9 2.4GHz 16 inch (Late 2019),2019,Mac,MacBook Pro,,Late 2019,16.0,2.4GHz,i9,,8192.0,SSD,
Retailer Trade-in,Machines,Mac,MacBook Pro i5 1.4GHz 13 inch (Mid 2020),256GB SSD,625,MacBook Pro i5 1.4GHz 13 inch (Mid 2020),2020,Mac,MacBook Pro,,Mid 2020,13.0,1.4GHz,i5,,256.0,SSD,
Retailer Trade-in,Machines,Mac,MacBook Pro i5 1.4GHz 13 inch (Mid 2020),512GB SSD,675,MacBook Pro i5 1.4GHz 13 inch (Mid 2020),2020,Mac,MacBook Pro,,Mid 2020,13.0,1.4GHz,i5,,512.0,SSD,
Retailer Trade-in,Machines,Mac,MacBook Pro i5 1.4GHz 13 inch (Mid 2020),1TB SSD,725,MacBook Pro i5 1.4GHz 13 inch (Mid 2020),2020,Mac,MacBook Pro,,Mid 2020,13.0,1.4GHz,i5,,1024.0,SSD,
Retailer Trade-in,Machines,Mac,MacBook Pro i5 1.4GHz 13 inch (Mid 2020),2TB SSD,750,MacBook Pro i5 1.4GHz 13 inch (Mid 2020),2020,Mac,MacBook Pro,,Mid 2020,13.0,1.4GHz,i5,,2048.0,SSD,
Retailer Trade-in,Machines,Mac,MacBook Pro i5 2.0GHz 13 inch (Mid 2020),512GB SSD,725,MacBook Pro i5 2.0GHz 13 inch (Mid 2020),2020,Mac,MacBook Pro,,Mid 2020,13.0,2.0GHz,i5,,512.0,SSD,
Retailer Trade-in,Machines,Mac,MacBook Pro i5 2.0GHz 13 inch (Mid 2020),1TB SSD,800,MacBook Pro i5 2.0GHz 13 inch (Mid 2020),2020,Mac,MacBook Pro,,Mid 2020,13.0,2.0GHz,i5,,1024.0,SSD,
Retailer Trade-in,Machines,Mac,MacBook Pro i5 2.0GHz 13 inch (Mid 2020),2TB SSD,875,MacBook Pro i5 2.0GHz 13 inch (Mid 2020),2020,Mac,MacBook Pro,,Mid 2020,13.0,2.0GHz,i5,,2048.0,SSD,
Retailer Trade-in,Machines,Mac,MacBook Pro i5 2.0GHz 13 inch (Mid 2020),4TB SSD,1025,MacBook Pro i5 2.0GHz 13 inch (Mid 2020),2020,Mac,MacBook Pro,,Mid 2020,13.0,2.0GHz,i5,,4096.0,SSD,
Retailer Trade-in,Machines,Mac,MacBook Pro i7 1.7GHz 13 inch (Mid 2020),256GB SSD,750,MacBook Pro i7 1.7GHz 13 inch (Mid 2020),2020,Mac,MacBook Pro,,Mid 2020,13.0,1.7GHz,i7,,256.0,SSD,
Retailer Trade-in,Machines,Mac,MacBook Pro i7 1.7GHz 13 inch (Mid 2020),512GB SSD,750,MacBook Pro i7 1.7GHz 13 inch (Mid 2020),2020,Mac,MacBook Pro,,Mid 2020,13.0,1.7GHz,i7,,512.0,SSD,
Retailer Trade-in,Machines,Mac,MacBook Pro i7 1.7GHz 13 inch (Mid 2020),1TB SSD,800,MacBook Pro i7 1.7GHz 13 inch (Mid 2020),2020,Mac,MacBook Pro,,Mid 2020,13.0,1.7GHz,i7,,1024.0,SSD,
Retailer Trade-in,Machines,Mac,MacBook Pro i7 1.7GHz 13 inch (Mid 2020),2TB SSD,875,MacBook Pro i7 1.7GHz 13 inch (Mid 2020),2020,Mac,MacBook Pro,,Mid 2020,13.0,1.7GHz,i7,,2048.0,SSD,
Retailer Trade-in,Machines,Mac,MacBook Pro i7 2.3GHz 13 inch (Mid 2020),512GB SSD,750,MacBook Pro i7 2.3GHz 13 inch (Mid 2020),2020,Mac,MacBook Pro,,Mid 2020,13.0,2.3GHz,i7,,512.0,SSD,
Retailer Trade-in,Machines,Mac,MacBook Pro i7 2.3GHz 13 inch (Mid 2020),1TB SSD,850,MacBook Pro i7 2.3GHz 13 inch (Mid 2020),2020,Mac,MacBook Pro,,Mid 2020,13.0,2.3GHz,i7,,1024.0,SSD,
Retailer Trade-in,Machines,Mac,MacBook Pro i7 2.3GHz 13 inch (Mid 2020),2TB SSD,925,MacBook Pro i7 2.3GHz 13 inch (Mid 2020),2020,Mac,MacBook Pro,,Mid 2020,13.0,2.3GHz,i7,,2048.0,SSD,
Retailer Trade-in,Machines,Mac,MacBook Pro i7 2.3GHz 13 inch (Mid 2020),4TB SSD,1075,MacBook Pro i7 2.3GHz 13 inch (Mid 2020),2020,Mac,MacBook Pro,,Mid 2020,13.0,2.3GHz,i7,,4096.0,SSD,
Retailer Trade-in,Machines,Mac,MacBook Pro M1 8-Core CPU and 8-Core GPU 13 inch (Late 2020),256GB SSD,875,MacBook Pro,2020,Mac,MacBook Pro,,Late 2020,13.0,,M1,,256.0,SSD,
Retailer Trade-in,Machines,Mac,MacBook Pro M1 8-Core CPU and 8-Core GPU 13 inch (Late 2020),512GB SSD,925,MacBook Pro,2020,Mac,MacBook Pro,,Late 2020,13.0,,M1,,512.0,SSD,
Retailer Trade-in,Machines,Mac,MacBook Pro M1 8-Core CPU and 8-Core GPU 13 inch (Late 2020),1TB SSD,1000,MacBook Pro,2020,Mac,MacBook Pro,,Late 2020,13.0,,M1,,1024.0,SSD,
Retailer Trade-in,Machines,Mac,MacBook Pro M1 8-Core CPU and 8-Core GPU 13 inch (Late 2020),2TB SSD,1125,MacBook Pro,2020,Mac,MacBook Pro,,Late 2020,13.0,,M1,,2048.0,SSD,
Retailer Trade-in,Machines,Mac,MacBook Pro 14 inch M1 Pro 8-Core CPU & 14-Core GPU (2021),512GB,1800,MacBook Pro 14 inch,2021,Mac,MacBook Pro,,2021,14.0,,M1 pro,,512.0,,
Retailer Trade-in,Machines,Mac,MacBook Pro 14 inch M1 Pro 8-Core CPU & 14-Core GPU (2021),1TB,2025,MacBook Pro 14 inch,2021,Mac,MacBook Pro,,2021,14.0,,M1 pro,,1024.0,,
Retailer Trade-in,Machines,Mac,MacBook Pro 14 inch M1 Pro 8-Core CPU & 14-Core GPU (2021),2TB,2050,MacBook Pro 14 inch,2021,Mac,MacBook Pro,,2021,14.0,,M1 pro,,2048.0,,
Retailer Trade-in,Machines,Mac,MacBook Pro 14 inch M1 Pro 8-Core CPU & 14-Core GPU (2021),4TB,2475,MacBook Pro 14 inch,2021,Mac,MacBook Pro,,2021,14.0,,M1 pro,,4096.0,,
Retailer Trade-in,Machines,Mac,MacBook Pro 14 inch M1 Pro 8-Core CPU & 14-Core GPU (2021),8TB,3325,MacBook Pro 14 inch,2021,Mac,MacBook Pro,,2021,14.0,,M1 pro,,8192.0,,
Retailer Trade-in,Machines,Mac,MacBook Pro 14 inch M1 Pro 10-Core CPU & 14-Core GPU (2021),512GB,1950,MacBook Pro 14 inch,2021,Mac,MacBook Pro,,2021,14.0,,M1 pro,,512.0,,
Retailer Trade-in,Machines,Mac,MacBook Pro 14 inch M1 Pro 10-Core CPU & 14-Core GPU (2021),1TB,2150,MacBook Pro 14 inch,2021,Mac,MacBook Pro,,2021,14.0,,M1 pro,,1024.0,,
Retailer Trade-in,Machines,Mac,MacBook Pro 14 inch M1 Pro 10-Core CPU & 14-Core GPU (2021),2TB,2375,MacBook Pro 14 inch,2021,Mac,MacBook Pro,,2021,14.0,,M1 pro,,2048.0,,
Retailer Trade-in,Machines,Mac,MacBook Pro 14 inch M1 Pro 10-Core CPU & 14-Core GPU (2021),4TB,2850,MacBook Pro 14 inch,2021,Mac,MacBook Pro,,2021,14.0,,M1 pro,,4096.0,,
Retailer Trade-in,Machines,Mac,MacBook Pro 14 inch M1 Pro 10-Core CPU & 14-Core GPU (2021),8TB,3600,MacBook Pro 14 inch,2021,Mac,MacBook Pro,,2021,14.0,,M1 pro,,8192.0,,
Retailer Trade-in,Machines,Mac,MacBook Pro 14 inch M1 Pro 10-Core CPU & 16-Core GPU (2021),512GB,2100,MacBook Pro 14 inch,2021,Mac,MacBook Pro,,2021,14.0,,M1 pro,,512.0,,
Retailer Trade-in,Machines,Mac,MacBook Pro 14 inch M1 Pro 10-Core CPU & 16-Core GPU (2021),1TB,2275,MacBook Pro 14 inch,2021,Mac,MacBook Pro,,2021,14.0,,M1 pro,,1024.0,,
Retailer Trade-in,Machines,Mac,MacBook Pro 14 inch M1 Pro 10-Core CPU & 16-Core GPU (2021),2TB,2525,MacBook Pro 14 inch,2021,Mac,MacBook Pro,,2021,14.0,,M1 pro,,2048.0,,
Retailer Trade-in,Machines,Mac,MacBook Pro 14 inch M1 Pro 10-Core CPU & 16-Core GPU (2021),4TB,3050,MacBook Pro 14 inch,2021,Mac,MacBook Pro,,2021,14.0,,M1 pro,,4096.0,,
Retailer Trade-in,Machines,Mac,MacBook Pro 14 inch M1 Pro 10-Core CPU & 16-Core GPU (2021),8TB,3725,MacBook Pro 14 inch,2021,Mac,MacBook Pro,,2021,14.0,,M1 pro,,8192.0,,
Retailer Trade-in,Machines,Mac,MacBook Pro 14 inch M1 Max 10-Core CPU & 24-Core GPU (2021),512GB,2525,MacBook Pro 14 inch,2021,Mac,MacBook Pro,,2021,14.0,,M1 Max,,512.0,,
Retailer Trade-in,Machines,Mac,MacBook Pro 14 inch M1 Max 10-Core CPU & 24-Core GPU (2021),1TB,2725,MacBook Pro 14 inch,2021,Mac,MacBook Pro,,2021,14.0,,M1 Max,,1024.0,,
Retailer Trade-in,Machines,Mac,MacBook Pro 14 inch M1 Max 10-Core CPU & 24-Core GPU (2021),2TB,2775,MacBook Pro 14 inch,2021,Mac,MacBook Pro,,2021,14.0,,M1 Max,,2048.0,,
Retailer Trade-in,Machines,Mac,MacBook Pro 14 inch M1 Max 10-Core CPU & 24-Core GPU (2021),4TB,3550,MacBook Pro 14 inch,2021,Mac,MacBook Pro,,2021,14.0,,M1 Max,,4096.0,,
Retailer Trade-in,Machines,Mac,MacBook Pro 14 inch M1 Max 10-Core CPU & 24-Core GPU (2021),8TB,4175,MacBook Pro 14 inch,2021,Mac,MacBook Pro,,2021,14.0,,M1 Max,,8192.0,,
Retailer Trade-in,Machines,Mac,"MacBook Pro 14 inch M1 Max 10-Core CPU, 32-Core GPU (2021)",512GB,2725,MacBook Pro 14 inch,2021,Mac,MacBook Pro,,2021,14.0,,M1 Max,,512.0,,
Retailer Trade-in,Machines,Mac,MacBook Pro 14 inch M1 Max 10-Core CPU and 32-Core GPU (2021),1TB,2875,MacBook Pro 14 inch,2021,Mac,MacBook Pro,,2021,14.0,,M1 Max,,1024.0,,
Retailer Trade-in,Machines,Mac,MacBook Pro 14 inch M1 Max 10-Core CPU and 32-Core GPU (2021),2TB,3250,MacBook Pro 14 inch,2021,Mac,MacBook Pro,,2021,14.0,,M1 Max,,2048.0,,
Retailer Trade-in,Machines,Mac,MacBook Pro 14 inch M1 Max 10-Core CPU and 32-Core GPU (2021),4TB,3725,MacBook Pro 14 inch,2021,Mac,MacBook Pro,,2021,14.0,,M1 Max,,4096.0,,
Retailer Trade-in,Machines,Mac,MacBook Pro 14 inch M1 Max 10-Core CPU and 32-Core GPU (2021),8TB,4325,MacBook Pro 14 inch,2021,Mac,MacBook Pro,,2021,14.0,,M1 Max,,8192.0,,
Retailer Trade-in,Machines,Mac,MacBook Pro 16 inch M1 Pro 10-Core CPU & 16-Core GPU (2021),512GB,2125,MacBook Pro 16 inch,2021,Mac,MacBook Pro,,2021,16.0,,M1 pro,,512.0,,
Retailer Trade-in,Machines,Mac,MacBook Pro 16 inch M1 Pro 10-Core CPU & 16-Core GPU (2021),1TB,2275,MacBook Pro 16 inch,2021,Mac,MacBook Pro,,2021,16.0,,M1 pro,,1024.0,,
Retailer Trade-in,Machines,Mac,MacBook Pro 16 inch M1 Pro 10-Core CPU & 16-Core GPU (2021),2TB,2650,MacBook Pro 16 inch,2021,Mac,MacBook Pro,,2021,16.0,,M1 pro,,2048.0,,
Retailer Trade-in,Machines,Mac,MacBook Pro 16 inch M1 Pro 10-Core CPU & 16-Core GPU (2021),4TB,3175,MacBook Pro 16 inch,2021,Mac,MacBook Pro,,2021,16.0,,M1 pro,,4096.0,,
Retailer Trade-in,Machines,Mac,MacBook Pro 16 inch M1 Pro 10-Core CPU & 16-Core GPU (2021),8TB,3800,MacBook Pro 16 inch,2021,Mac,MacBook Pro,,2021,16.0,,M1 pro,,8192.0,,
Retailer Trade-in,Machines,Mac,MacBook Pro 16 inch M1 Max 10-Core CPU & 24-Core GPU (2021),512GB,2675,MacBook Pro 16 inch,2021,Mac,MacBook Pro,,2021,16.0,,M1 Max,,512.0,,
Retailer Trade-in,Machines,Mac,MacBook Pro 16 inch M1 Max 10-Core CPU & 24-Core GPU (2021),1TB,2725,MacBook Pro 16 inch,2021,Mac,MacBook Pro,,2021,16.0,,M1 Max,,1024.0,,
Retailer Trade-in,Machines,Mac,MacBook Pro 16 inch M1 Max 10-Core CPU & 24-Core GPU (2021),2TB,3050,MacBook Pro 16 inch,2021,Mac,MacBook Pro,,2021,16.0,,M1 Max,,2048.0,,
Retailer Trade-in,Machines,Mac,MacBook Pro 16 inch M1 Max 10-Core CPU & 24-Core GPU (2021),4TB,3550,MacBook Pro 16 inch,2021,Mac,MacBook Pro,,2021,16.0,,M1 Max,,4096.0,,
Retailer Trade-in,Machines,Mac,MacBook Pro 16 inch M1 Max 10-Core CPU & 24-Core GPU (2021),8TB,4225,MacBook Pro 16 inch,2021,Mac,MacBook Pro,,2021,16.0,,M1 Max,,8192.0,,
Retailer Trade-in,Machines,Mac,MacBook Pro 16 inch M1 Max 10-Core CPU & 32-Core GPU (2021),512GB,2710,MacBook Pro 16 inch,2021,Mac,MacBook Pro,,2021,16.0,,M1 Max,,512.0,,
Retailer Trade-in,Machines,Mac,MacBook Pro 16 inch M1 Max 10-Core CPU & 32-Core GPU (2021),1TB,2900,MacBook Pro 16 inch,2021,Mac,MacBook Pro,,2021,16.0,,M1 Max,,1024.0,,
Retailer Trade-in,Machines,Mac,MacBook Pro 16 inch M1 Max 10-Core CPU & 32-Core GPU (2021),2TB,3250,MacBook Pro 16 inch,2021,Mac,MacBook Pro,,2021,16.0,,M1 Max,,2048.0,,
Retailer Trade-in,Machines,Mac,MacBook Pro 16 inch M1 Max 10-Core CPU & 32-Core GPU (2021),4TB,3775,MacBook Pro 16 inch,2021,Mac,MacBook Pro,,2021,16.0,,M1 Max,,4096.0,,
Retailer Trade-in,Machines,Mac,MacBook Pro 16 inch M1 Max 10-Core CPU & 32-Core GPU (2021),8TB,4400,MacBook Pro 16 inch,2021,Mac,MacBook Pro,,2021,16.0,,M1 Max,,8192.0,,
Retailer Trade-in,Machines,Mac,MacBook Pro M2 8-Core CPU and 10-Core GPU 13 inch (Mid 2022),256GB SSD,1375,MacBook Pro,2022,Mac,MacBook Pro,,Mid 2022,13.0,,M2,,256.0,SSD,
Retailer Trade-in,Machines,Mac,MacBook Pro M2 8-Core CPU and 10-Core GPU 13 inch (Mid 2022),512GB SSD,1675,MacBook Pro,2022,Mac,MacBook Pro,,Mid 2022,13.0,,M2,,512.0,SSD,
Retailer Trade-in,Machines,Mac,MacBook Pro M2 8-Core CPU and 10-Core GPU 13 inch (Mid 2022),1TB SSD,1875,MacBook Pro,2022,Mac,MacBook Pro,,Mid 2022,13.0,,M2,,1024.0,SSD,
Retailer Trade-in,Machines,Mac,MacBook Pro M2 8-Core CPU and 10-Core GPU 13 inch (Mid 2022),2TB SSD,2225,MacBook Pro,2022,Mac,MacBook Pro,,Mid 2022,13.0,,M2,,2048.0,SSD,
Retailer Trade-in,Machines,Mac,MacBook Pro M2 Pro 10-Core CPU and 16-Core GPU 14 inch (Early 2023),512GB SSD,2450,MacBook Pro,2023,Mac,MacBook Pro,,Early 2023,14.0,,M2 pro,,512.0,SSD,
Retailer Trade-in,Machines,Mac,MacBook Pro M2 Pro 10-Core CPU and 16-Core GPU 14 inch (Early 2023),1TB SSD,2625,MacBook Pro,2023,Mac,MacBook Pro,,Early 2023,14.0,,M2 pro,,1024.0,SSD,
Retailer Trade-in,Machines,Mac,MacBook Pro M2 Pro 10-Core CPU and 16-Core GPU 14 inch (Early 2023),2TB SSD,3075,MacBook Pro,2023,Mac,MacBook Pro,,Early 2023,14.0,,M2 pro,,2048.0,SSD,
Retailer Trade-in,Machines,Mac,MacBook Pro M2 Pro 10-Core CPU and 16-Core GPU 14 inch (Early 2023),4TB SSD,3575,MacBook Pro,2023,Mac,MacBook Pro,,Early 2023,14.0,,M2 pro,,4096.0,SSD,
Retailer Trade-in,Machines,Mac,MacBook Pro M2 Pro 10-Core CPU and 16-Core GPU 14 inch (Early 2023),8TB SSD,4050,MacBook Pro,2023,Mac,MacBook Pro,,Early 2023,14.0,,M2 pro,,8192.0,SSD,
Retailer Trade-in,Machines,Mac,MacBook Pro M2 Pro 12-Core CPU and 19-Core GPU 14 inch (Early 2023),512GB SSD,2500,MacBook Pro,2023,Mac,MacBook Pro,,Early 2023,14.0,,M2 pro,,512.0,SSD,
Retailer Trade-in,Machines,Mac,MacBook Pro M2 Pro 12-Core CPU and 19-Core GPU 14 inch (Early 2023),1TB SSD,2625,MacBook Pro,2023,Mac,MacBook Pro,,Early 2023,14.0,,M2 pro,,1024.0,SSD,
Retailer Trade-in,Machines,Mac,MacBook Pro M2 Pro 12-Core CPU and 19-Core GPU 14 inch (Early 2023),2TB SSD,3275,MacBook Pro,2023,Mac,MacBook Pro,,Early 2023,14.0,,M2 pro,,2048.0,SSD,
Retailer Trade-in,Machines,Mac,MacBook Pro M2 Pro 12-Core CPU and 19-Core GPU 14 inch (Early 2023),4TB SSD,3800,MacBook Pro,2023,Mac,MacBook Pro,,Early 2023,14.0,,M2 pro,,4096.0,SSD,
Retailer Trade-in,Machines,Mac,MacBook Pro M2 Pro 12-Core CPU and 19-Core GPU 14 inch (Early 2023),8TB SSD,4625,MacBook Pro,2023,Mac,MacBook Pro,,Early 2023,14.0,,M2 pro,,8192.0,SSD,
Retailer Trade-in,Machines,Mac,MacBook Pro M2 Max 12-Core CPU and 30-Core GPU 14 inch (Early 2023),512GB SSD,3000,MacBook Pro,2023,Mac,MacBook Pro,,Early 2023,14.0,,M2 Max,,512.0,SSD,
Retailer Trade-in,Machines,Mac,MacBook Pro M2 Max 12-Core CPU and 30-Core GPU 14 inch (Early 2023),1TB SSD,3025,MacBook Pro,2023,Mac,MacBook Pro,,Early 2023,14.0,,M2 Max,,1024.0,SSD,
Retailer Trade-in,Machines,Mac,MacBook Pro M2 Max 12-Core CPU and 30-Core GPU 14 inch (Early 2023),2TB SSD,3800,MacBook Pro,2023,Mac,MacBook Pro,,Early 2023,14.0,,M2 Max,,2048.0,SSD,
Retailer Trade-in,Machines,Mac,MacBook Pro M2 Max 12-Core CPU and 30-Core GPU 14 inch (Early 2023),4TB SSD,4575,MacBook Pro,2023,Mac,MacBook Pro,,Early 2023,14.0,,M2 Max,,4096.0,SSD,
Retailer Trade-in,Machines,Mac,MacBook Pro M2 Max 12-Core CPU and 30-Core GPU 14 inch (Early 2023),8TB SSD,5775,MacBook Pro,2023,Mac,MacBook Pro,,Early 2023,14.0,,M2 Max,,8192.0,SSD,
Retailer Trade-in,Machines,Mac,MacBook Pro M2 Max 12-Core CPU and 38-Core GPU 14 inch (Early 2023),512GB SSD,3475,MacBook Pro,2023,Mac,MacBook Pro,,Early 2023,14.0,,M2 Max,,512.0,SSD,
Retailer Trade-in,Machines,Mac,MacBook Pro M2 Max 12-Core CPU and 38-Core GPU 14 inch (Early 2023),1TB SSD,3725,MacBook Pro,2023,Mac,MacBook Pro,,Early 2023,14.0,,M2 Max,,1024.0,SSD,
Retailer Trade-in,Machines,Mac,MacBook Pro M2 Max 12-Core CPU and 38-Core GPU 14 inch (Early 2023),2TB SSD,4125,MacBook Pro,2023,Mac,MacBook Pro,,Early 2023,14.0,,M2 Max,,2048.0,SSD,
Retailer Trade-in,Machines,Mac,MacBook Pro M2 Max 12-Core CPU and 38-Core GPU 14 inch (Early 2023),4TB SSD,4775,MacBook Pro,2023,Mac,MacBook Pro,,Early 2023,14.0,,M2 Max,,4096.0,SSD,
Retailer Trade-in,Machines,Mac,MacBook Pro M2 Max 12-Core CPU and 38-Core GPU 14 inch (Early 2023),8TB SSD,5825,MacBook Pro,2023,Mac,MacBook Pro,,Early 2023,14.0,,M2 Max,,8192.0,SSD,
Retailer Trade-in,Machines,Mac,MacBook Pro M2 Pro 12-Core CPU and 19-Core GPU 16 inch (Early 2023),512GB SSD,2925,MacBook Pro,2023,Mac,MacBook Pro,,Early 2023,16.0,,M2 pro,,512.0,SSD,
Retailer Trade-in,Machines,Mac,MacBook Pro M2 Pro 12-Core CPU and 19-Core GPU 16 inch (Early 2023),1TB SSD,3125,MacBook Pro,2023,Mac,MacBook Pro,,Early 2023,16.0,,M2 pro,,1024.0,SSD,
Retailer Trade-in,Machines,Mac,MacBook Pro M2 Pro 12-Core CPU and 19-Core GPU 16 inch (Early 2023),2TB SSD,3500,MacBook Pro,2023,Mac,MacBook Pro,,Early 2023,16.0,,M2 pro,,2048.0,SSD,
Retailer Trade-in,Machines,Mac,MacBook Pro M2 Pro 12-Core CPU and 19-Core GPU 16 inch (Early 2023),4TB SSD,4300,MacBook Pro,2023,Mac,MacBook Pro,,Early 2023,16.0,,M2 pro,,4096.0,SSD,
Retailer Trade-in,Machines,Mac,MacBook Pro M2 Pro 12-Core CPU and 19-Core GPU 16 inch (Early 2023),8TB SSD,5250,MacBook Pro,2023,Mac,MacBook Pro,,Early 2023,16.0,,M2 pro,,8192.0,SSD,
Retailer Trade-in,Machines,Mac,MacBook Pro M2 Max 12-Core CPU and 30-Core GPU 16 inch (Early 2023),512GB SSD,3600,MacBook Pro,2023,Mac,MacBook Pro,,Early 2023,16.0,,M2 Max,,512.0,SSD,
Retailer Trade-in,Machines,Mac,MacBook Pro M2 Max 12-Core CPU and 30-Core GPU 16 inch (Early 2023),1TB SSD,3825,MacBook Pro,2023,Mac,MacBook Pro,,Early 2023,16.0,,M2 Max,,1024.0,SSD,
Retailer Trade-in,Machines,Mac,MacBook Pro M2 Max 12-Core CPU and 30-Core GPU 16 inch (Early 2023),2TB SSD,4125,MacBook Pro,2023,Mac,MacBook Pro,,Early 2023,16.0,,M2 Max,,2048.0,SSD,
Retailer Trade-in,Machines,Mac,MacBook Pro M2 Max 12-Core CPU and 30-Core GPU 16 inch (Early 2023),4TB SSD,4725,MacBook Pro,2023,Mac,MacBook Pro,,Early 2023,16.0,,M2 Max,,4096.0,SSD,
Retailer Trade-in,Machines,Mac,MacBook Pro M2 Max 12-Core CPU and 30-Core GPU 16 inch (Early 2023),8TB SSD,5950,MacBook Pro,2023,Mac,MacBook Pro,,Early 2023,16.0,,M2 Max,,8192.0,SSD,
Retailer Trade-in,Machines,Mac,MacBook Pro M2 Max 12-Core CPU and 38-Core GPU 16 inch (Early 2023),512GB SSD,3925,MacBook Pro,2023,Mac,MacBook Pro,,Early 2023,16.0,,M2 Max,,512.0,SSD,
Retailer Trade-in,Machines,Mac,MacBook Pro M2 Max 12-Core CPU and 38-Core GPU 16 inch (Early 2023),1TB SSD,4000,MacBook Pro,2023,Mac,MacBook Pro,,Early 2023,16.0,,M2 Max,,1024.0,SSD,
Retailer Trade-in,Machines,Mac,MacBook Pro M2 Max 12-Core CPU and 38-Core GPU 16 inch (Early 2023),2TB SSD,4500,MacBook Pro,2023,Mac,MacBook Pro,,Early 2023,16.0,,M2 Max,,2048.0,SSD,
Retailer Trade-in,Machines,Mac,MacBook Pro M2 Max 12-Core CPU and 38-Core GPU 16 inch (Early 2023),4TB SSD,4950,MacBook Pro,2023,Mac,MacBook Pro,,Early 2023,16.0,,M2 Max,,4096.0,SSD,
Retailer Trade-in,Machines,Mac,MacBook Pro M2 Max 12-Core CPU and 38-Core GPU 16 inch (Early 2023),8TB SSD,5975,MacBook Pro,2023,Mac,MacBook Pro,,Early 2023,16.0,,M2 Max,,8192.0,SSD,
Retailer Trade-in,Machines,Mac,MacBook Pro M3 8-Core CPU and 10-Core GPU 14 inch (Late 2023),512GB SSD,2525,MacBook Pro,2023,Mac,MacBook Pro,,Late 2023,14.0,,M3,,512.0,SSD,
Retailer Trade-in,Machines,Mac,MacBook Pro M3 8-Core CPU and 10-Core GPU 14 inch (Late 2023),1TB SSD,2800,MacBook Pro,2023,Mac,MacBook Pro,,Late 2023,14.0,,M3,,1024.0,SSD,
Retailer Trade-in,Machines,Mac,MacBook Pro M3 8-Core CPU and 10-Core GPU 14 inch (Late 2023),2TB SSD,3375,MacBook Pro,2023,Mac,MacBook Pro,,Late 2023,14.0,,M3,,2048.0,SSD,
Retailer Trade-in,Machines,Mac,MacBook Pro M3 Pro 11-Core CPU and 14-Core GPU 14 inch (Late 2023),512GB SSD,3000,MacBook Pro,2023,Mac,MacBook Pro,,Late 2023,14.0,,M3 pro,,512.0,SSD,
Retailer Trade-in,Machines,Mac,MacBook Pro M3 Pro 11-Core CPU and 14-Core GPU 14 inch (Late 2023),1TB SSD,3300,MacBook Pro,2023,Mac,MacBook Pro,,Late 2023,14.0,,M3 pro,,1024.0,SSD,
Retailer Trade-in,Machines,Mac,MacBook Pro M3 Pro 11-Core CPU and 14-Core GPU 14 inch (Late 2023),2TB SSD,4075,MacBook Pro,2023,Mac,MacBook Pro,,Late 2023,14.0,,M3 pro,,2048.0,SSD,
Retailer Trade-in,Machines,Mac,MacBook Pro M3 Pro 11-Core CPU and 14-Core GPU 14 inch (Late 2023),4TB SSD,4725,MacBook Pro,2023,Mac,MacBook Pro,,Late 2023,14.0,,M3 pro,,4096.0,SSD,
Retailer Trade-in,Machines,Mac,MacBook Pro M3 Pro 12-Core CPU and 18-Core GPU 14 inch (Late 2023),512GB SSD,3400,MacBook Pro,2023,Mac,MacBook Pro,,Late 2023,14.0,,M3 pro,,512.0,SSD,
Retailer Trade-in,Machines,Mac,MacBook Pro M3 Pro 12-Core CPU and 18-Core GPU 14 inch (Late 2023),1TB SSD,3700,MacBook Pro,2023,Mac,MacBook Pro,,Late 2023,14.0,,M3 pro,,1024.0,SSD,
Retailer Trade-in,Machines,Mac,MacBook Pro M3 Pro 12-Core CPU and 18-Core GPU 14 inch (Late 2023),2TB SSD,4100,MacBook Pro,2023,Mac,MacBook Pro,,Late 2023,14.0,,M3 pro,,2048.0,SSD,
Retailer Trade-in,Machines,Mac,MacBook Pro M3 Pro 12-Core CPU and 18-Core GPU 14 inch (Late 2023),4TB SSD,4725,MacBook Pro,2023,Mac,MacBook Pro,,Late 2023,14.0,,M3 pro,,4096.0,SSD,
Retailer Trade-in,Machines,Mac,MacBook Pro M3 Max 14-Core CPU and 30-Core GPU 14 inch (Late 2023),512GB SSD,4600,MacBook Pro,2023,Mac,MacBook Pro,,Late 2023,14.0,,M3 Max,,512.0,SSD,
Retailer Trade-in,Machines,Mac,MacBook Pro M3 Max 14-Core CPU and 30-Core GPU 14 inch (Late 2023),1TB SSD,4800,MacBook Pro,2023,Mac,MacBook Pro,,Late 2023,14.0,,M3 Max,,1024.0,SSD,
Retailer Trade-in,Machines,Mac,MacBook Pro M3 Max 14-Core CPU and 30-Core GPU 14 inch (Late 2023),2TB SSD,5225,MacBook Pro,2023,Mac,MacBook Pro,,Late 2023,14.0,,M3 Max,,2048.0,SSD,
Retailer Trade-in,Machines,Mac,MacBook Pro M3 Max 14-Core CPU and 30-Core GPU 14 inch (Late 2023),4TB SSD,6200,MacBook Pro,2023,Mac,MacBook Pro,,Late 2023,14.0,,M3 Max,,4096.0,SSD,
Retailer Trade-in,Machines,Mac,MacBook Pro M3 Max 14-Core CPU and 30-Core GPU 14 inch (Late 2023),8TB SSD,7400,MacBook Pro,2023,Mac,MacBook Pro,,Late 2023,14.0,,M3 Max,,8192.0,SSD,
Retailer Trade-in,Machines,Mac,MacBook Pro M3 Max 16-Core CPU and 40-Core GPU 14 inch (Late 2023),512GB SSD,5225,MacBook Pro,2023,Mac,MacBook Pro,,Late 2023,14.0,,M3 Max,,512.0,SSD,
Retailer Trade-in,Machines,Mac,MacBook Pro M3 Max 16-Core CPU and 40-Core GPU 14 inch (Late 2023),1TB SSD,5400,MacBook Pro,2023,Mac,MacBook Pro,,Late 2023,14.0,,M3 Max,,1024.0,SSD,
Retailer Trade-in,Machines,Mac,MacBook Pro M3 Max 16-Core CPU and 40-Core GPU 14 inch (Late 2023),2TB SSD,6075,MacBook Pro,2023,Mac,MacBook Pro,,Late 2023,14.0,,M3 Max,,2048.0,SSD,
Retailer Trade-in,Machines,Mac,MacBook Pro M3 Max 16-Core CPU and 40-Core GPU 14 inch (Late 2023),4TB SSD,6900,MacBook Pro,2023,Mac,MacBook Pro,,Late 2023,14.0,,M3 Max,,4096.0,SSD,
Retailer Trade-in,Machines,Mac,MacBook Pro M3 Max 16-Core CPU and 40-Core GPU 14 inch (Late 2023),8TB SSD,8450,MacBook Pro,2023,Mac,MacBook Pro,,Late 2023,14.0,,M3 Max,,8192.0,SSD,
Retailer Trade-in,Machines,Mac,MacBook Pro M3 Pro 12-Core CPU and 18-Core GPU 16 inch (Late 2023),512GB SSD,3900,MacBook Pro,2023,Mac,MacBook Pro,,Late 2023,16.0,,M3 pro,,512.0,SSD,
Retailer Trade-in,Machines,Mac,MacBook Pro M3 Pro 12-Core CPU and 18-Core GPU 16 inch (Late 2023),1TB SSD,4350,MacBook Pro,2023,Mac,MacBook Pro,,Late 2023,16.0,,M3 pro,,1024.0,SSD,
Retailer Trade-in,Machines,Mac,MacBook Pro M3 Pro 12-Core CPU and 18-Core GPU 16 inch (Late 2023),2TB SSD,5100,MacBook Pro,2023,Mac,MacBook Pro,,Late 2023,16.0,,M3 pro,,2048.0,SSD,
Retailer Trade-in,Machines,Mac,MacBook Pro M3 Pro 12-Core CPU and 18-Core GPU 16 inch (Late 2023),4TB SSD,5875,MacBook Pro,2023,Mac,MacBook Pro,,Late 2023,16.0,,M3 pro,,4096.0,SSD,
Retailer Trade-in,Machines,Mac,MacBook Pro M3 Max 14-Core CPU and 30-Core GPU 16 inch (Late 2023),512GB SSD,5200,MacBook Pro,2023,Mac,MacBook Pro,,Late 2023,16.0,,M3 Max,,512.0,SSD,
Retailer Trade-in,Machines,Mac,MacBook Pro M3 Max 14-Core CPU and 30-Core GPU 16 inch (Late 2023),1TB SSD,5650,MacBook Pro,2023,Mac,MacBook Pro,,Late 2023,16.0,,M3 Max,,1024.0,SSD,
Retailer Trade-in,Machines,Mac,MacBook Pro M3 Max 14-Core CPU and 30-Core GPU 16 inch (Late 2023),2TB SSD,6125,MacBook Pro,2023,Mac,MacBook Pro,,Late 2023,16.0,,M3 Max,,2048.0,SSD,
Retailer Trade-in,Machines,Mac,MacBook Pro M3 Max 14-Core CPU and 30-Core GPU 16 inch (Late 2023),4TB SSD,7000,MacBook Pro,2023,Mac,MacBook Pro,,Late 2023,16.0,,M3 Max,,4096.0,SSD,
Retailer Trade-in,Machines,Mac,MacBook Pro M3 Max 14-Core CPU and 30-Core GPU 16 inch (Late 2023),8TB SSD,8700,MacBook Pro,2023,Mac,MacBook Pro,,Late 2023,16.0,,M3 Max,,8192.0,SSD,
Retailer Trade-in,Machines,Mac,MacBook Pro M3 Max 16-Core CPU and 40-Core GPU 16 inch (Late 2023),512GB SSD,5975,MacBook Pro,2023,Mac,MacBook Pro,,Late 2023,16.0,,M3 Max,,512.0,SSD,
Retailer Trade-in,Machines,Mac,MacBook Pro M3 Max 16-Core CPU and 40-Core GPU 16 inch (Late 2023),1TB SSD,6425,MacBook Pro,2023,Mac,MacBook Pro,,Late 2023,16.0,,M3 Max,,1024.0,SSD,
Retailer Trade-in,Machines,Mac,MacBook Pro M3 Max 16-Core CPU and 40-Core GPU 16 inch (Late 2023),2TB SSD,7000,MacBook Pro,2023,Mac,MacBook Pro,,Late 2023,16.0,,M3 Max,,2048.0,SSD,
Retailer Trade-in,Machines,Mac,MacBook Pro M3 Max 16-Core CPU and 40-Core GPU 16 inch (Late 2023),4TB SSD,7775,MacBook Pro,2023,Mac,MacBook Pro,,Late 2023,16.0,,M3 Max,,4096.0,SSD,
Retailer Trade-in,Machines,Mac,MacBook Pro M3 Max 16-Core CPU and 40-Core GPU 16 inch (Late 2023),8TB SSD,9550,MacBook Pro,2023,Mac,MacBook Pro,,Late 2023,16.0,,M3 Max,,8192.0,SSD,
Retailer Trade-in,Machines,Mac,MacBook Pro M4 10-Core CPU and 10-Core GPU 14 inch (Late 2024),512GB,2925,MacBook Pro,2024,Mac,MacBook Pro,,Late 2024,14.0,,M4,,512.0,,
Retailer Trade-in,Machines,Mac,MacBook Pro M4 10-Core CPU and 10-Core GPU 14 inch (Late 2024),1TB,3300,MacBook Pro,2024,Mac,MacBook Pro,,Late 2024,14.0,,M4,,1024.0,,
Retailer Trade-in,Machines,Mac,MacBook Pro M4 10-Core CPU and 10-Core GPU 14 inch (Late 2024),2TB,4100,MacBook Pro,2024,Mac,MacBook Pro,,Late 2024,14.0,,M4,,2048.0,,
Retailer Trade-in,Machines,Mac,MacBook Pro M4 Pro 12-Core CPU and 16-Core GPU 14 inch (Late 2024),512GB,3475,MacBook Pro,2024,Mac,MacBook Pro,,Late 2024,14.0,,M4 pro,,512.0,,
Retailer Trade-in,Machines,Mac,MacBook Pro M4 Pro 12-Core CPU and 16-Core GPU 14 inch (Late 2024),1TB,3900,MacBook Pro,2024,Mac,MacBook Pro,,Late 2024,14.0,,M4 pro,,1024.0,,
Retailer Trade-in,Machines,Mac,MacBook Pro M4 Pro 12-Core CPU and 16-Core GPU 14 inch (Late 2024),2TB,4575,MacBook Pro,2024,Mac,MacBook Pro,,Late 2024,14.0,,M4 pro,,2048.0,,
Retailer Trade-in,Machines,Mac,MacBook Pro M4 Pro 12-Core CPU and 16-Core GPU 14 inch (Late 2024),4TB,5075,MacBook Pro,2024,Mac,MacBook Pro,,Late 2024,14.0,,M4 pro,,4096.0,,
Retailer Trade-in,Machines,Mac,MacBook Pro M4 Pro 14-Core CPU and 20-Core GPU 14 inch (Late 2024),512GB,4150,MacBook Pro,2024,Mac,MacBook Pro,,Late 2024,14.0,,M4 pro,,512.0,,
Retailer Trade-in,Machines,Mac,MacBook Pro M4 Pro 14-Core CPU and 20-Core GPU 14 inch (Late 2024),1TB,4275,MacBook Pro,2024,Mac,MacBook Pro,,Late 2024,14.0,,M4 pro,,1024.0,,
Retailer Trade-in,Machines,Mac,MacBook Pro M4 Pro 14-Core CPU and 20-Core GPU 14 inch (Late 2024),2TB,4925,MacBook Pro,2024,Mac,MacBook Pro,,Late 2024,14.0,,M4 pro,,2048.0,,
Retailer Trade-in,Machines,Mac,MacBook Pro M4 Pro 14-Core CPU and 20-Core GPU 14 inch (Late 2024),4TB,5800,MacBook Pro,2024,Mac,MacBook Pro,,Late 2024,14.0,,M4 pro,,4096.0,,
Retailer Trade-in,Machines,Mac,MacBook Pro M4 Max 14-Core CPU and 32-Core GPU 14 inch (Late 2024),1TB,5750,MacBook Pro,2024,Mac,MacBook Pro,,Late 2024,14.0,,M4 Max,,1024.0,,
Retailer Trade-in,Machines,Mac,MacBook Pro M4 Max 14-Core CPU and 32-Core GPU 14 inch (Late 2024),2TB,6375,MacBook Pro,2024,Mac,MacBook Pro,,Late 2024,14.0,,M4 Max,,2048.0,,
Retailer Trade-in,Machines,Mac,MacBook Pro M4 Max 14-Core CPU and 32-Core GPU 14 inch (Late 2024),4TB,7425,MacBook Pro,2024,Mac,MacBook Pro,,Late 2024,14.0,,M4 Max,,4096.0,,
Retailer Trade-in,Machines,Mac,MacBook Pro M4 Max 14-Core CPU and 32-Core GPU 14 inch (Late 2024),8TB,8600,MacBook Pro,2024,Mac,MacBook Pro,,Late 2024,14.0,,M4 Max,,8192.0,,
Retailer Trade-in,Machines,Mac,MacBook Pro M4 Pro 14-Core CPU and 20-Core GPU 16 inch (Late 2024),512GB,4375,MacBook Pro,2024,Mac,MacBook Pro,,Late 2024,16.0,,M4 pro,,512.0,,
Retailer Trade-in,Machines,Mac,MacBook Pro M4 Pro 14-Core CPU and 20-Core GPU 16 inch (Late 2024),1TB,4725,MacBook Pro,2024,Mac,MacBook Pro,,Late 2024,16.0,,M4 pro,,1024.0,,
Retailer Trade-in,Machines,Mac,MacBook Pro M4 Pro 14-Core CPU and 20-Core GPU 16 inch (Late 2024),2TB,5400,MacBook Pro,2024,Mac,MacBook Pro,,Late 2024,16.0,,M4 pro,,2048.0,,
Retailer Trade-in,Machines,Mac,MacBook Pro M4 Pro 14-Core CPU and 20-Core GPU 16 inch (Late 2024),4TB,5975,MacBook Pro,2024,Mac,MacBook Pro,,Late 2024,16.0,,M4 pro,,4096.0,,
Retailer Trade-in,Machines,Mac,MacBook Pro M4 Max 14-Core CPU and 32-Core GPU 16 inch (Late 2024),1TB,6100,MacBook Pro,2024,Mac,MacBook Pro,,Late 2024,16.0,,M4 Max,,1024.0,,
Retailer Trade-in,Machines,Mac,MacBook Pro M4 Max 14-Core CPU and 32-Core GPU 16 inch (Late 2024),2TB,6775,MacBook Pro,2024,Mac,MacBook Pro,,Late 2024,16.0,,M4 Max,,2048.0,,
Retailer Trade-in,Machines,Mac,MacBook Pro M4 Max 14-Core CPU and 32-Core GPU 16 inch (Late 2024),4TB,7775,MacBook Pro,2024,Mac,MacBook Pro,,Late 2024,16.0,,M4 Max,,4096.0,,
Retailer Trade-in,Machines,Mac,MacBook Pro M4 Max 14-Core CPU and 32-Core GPU 16 inch (Late 2024),8TB,8875,MacBook Pro,2024,Mac,MacBook Pro,,Late 2024,16.0,,M4 Max,,8192.0,,
Retailer Trade-in,Machines,Mac,MacBook Pro M4 Max 16-Core CPU and 40-Core GPU 14 inch (Late 2024),1TB SSD,6550,MacBook Pro,2024,Mac,MacBook Pro,,Late 2024,14.0,,M4 Max,,1024.0,SSD,
Retailer Trade-in,Machines,Mac,MacBook Pro M4 Max 16-Core CPU and 40-Core GPU 14 inch (Late 2024),2TB SSD,7125,MacBook Pro,2024,Mac,MacBook Pro,,Late 2024,14.0,,M4 Max,,2048.0,SSD,
Retailer Trade-in,Machines,Mac,MacBook Pro M4 Max 16-Core CPU and 40-Core GPU 14 inch (Late 2024),4TB SSD,8125,MacBook Pro,2024,Mac,MacBook Pro,,Late 2024,14.0,,M4 Max,,4096.0,SSD,
Retailer Trade-in,Machines,Mac,MacBook Pro M4 Max 16-Core CPU and 40-Core GPU 14 inch (Late 2024),8TB SSD,9200,MacBook Pro,2024,Mac,MacBook Pro,,Late 2024,14.0,,M4 Max,,8192.0,SSD,
Retailer Trade-in,Machines,Mac,MacBook Pro M4 Max 16-Core CPU and 40-Core GPU 16 inch (Late 2024),1TB,6750,MacBook Pro,2024,Mac,MacBook Pro,,Late 2024,16.0,,M4 Max,,1024.0,,
Retailer Trade-in,Machines,Mac,MacBook Pro M4 Max 16-Core CPU and 40-Core GPU 16 inch (Late 2024),2TB,7375,MacBook Pro,2024,Mac,MacBook Pro,,Late 2024,16.0,,M4 Max,,2048.0,,
Retailer Trade-in,Machines,Mac,MacBook Pro M4 Max 16-Core CPU and 40-Core GPU 16 inch (Late 2024),4TB,8650,MacBook Pro,2024,Mac,MacBook Pro,,Late 2024,16.0,,M4 Max,,4096.0,,
Retailer Trade-in,Machines,Mac,MacBook Pro M4 Max 16-Core CPU and 40-Core GPU 16 inch (Late 2024),8TB,9900,MacBook Pro,2024,Mac,MacBook Pro,,Late 2024,16.0,,M4 Max,,8192.0,,
Retailer Trade-in,Machines,Mac,MacBook Pro M5 10 -Core CPU and 10-Core GPU 14 inch (Late 2025),512GB,3950,MacBook Pro M5 10 -Core CPU and 10-Core GPU 14 inch (Late 2025),2025,Mac,MacBook Pro,,Late 2025,14.0,,,,512.0,,
Retailer Trade-in,Machines,Mac,MacBook Pro M5 10 -Core CPU and 10-Core GPU 14 inch (Late 2025),1TB,4425,MacBook Pro M5 10 -Core CPU and 10-Core GPU 14 inch (Late 2025),2025,Mac,MacBook Pro,,Late 2025,14.0,,,,1024.0,,
Retailer Trade-in,Machines,Mac,MacBook Pro M5 10 -Core CPU and 10-Core GPU 14 inch (Late 2025),2TB,5400,MacBook Pro M5 10 -Core CPU and 10-Core GPU 14 inch (Late 2025),2025,Mac,MacBook Pro,,Late 2025,14.0,,,,2048.0,,
Retailer Trade-in,Machines,Mac,MacBook Pro M5 10 -Core CPU and 10-Core GPU 14 inch (Late 2025),4TB,6350,MacBook Pro M5 10 -Core CPU and 10-Core GPU 14 inch (Late 2025),2025,Mac,MacBook Pro,,Late 2025,14.0,,,,4096.0,,
Retailer Trade-in,Machines,Apple Watch,Watch SE,40mm (Aluminium) GPS,70,Watch SE,2020,Apple Watch,Apple Watch SE,4.0,,40.0,,,,,,GPS
Retailer Trade-in,Machines,Apple Watch,Watch SE,44mm (Aluminium) GPS,85,Watch SE,2020,Apple Watch,Apple Watch SE,4.0,,44.0,,,,,,GPS
Retailer Trade-in,Machines,Apple Watch,Watch SE,40mm (Aluminium) GPS & Cellular,85,Watch SE,2020,Apple Watch,Apple Watch SE,4.0,,40.0,,,,,,GPS + Cellular
Retailer Trade-in,Machines,Apple Watch,Watch SE,44mm (Aluminium) GPS & Cellular,110,Watch SE,2020,Apple Watch,Apple Watch SE,4.0,,44.0,,,,,,GPS + Cellular
Retailer Trade-in,Machines,Apple Watch,Watch SE (2022),40mm (Aluminium) GPS,150,Watch SE (2022),2022,Apple Watch,Apple Watch SE,,2022,40.0,,,,,,GPS
Retailer Trade-in,Machines,Apple Watch,Watch SE (2022),44mm (Aluminium) GPS,175,Watch SE (2022),2022,Apple Watch,Apple Watch SE,,2022,44.0,,,,,,GPS
Retailer Trade-in,Machines,Apple Watch,Watch SE (2022),40mm (Aluminium) GPS & Cellular,175,Watch SE (2022),2022,Apple Watch,Apple Watch SE,,2022,40.0,,,,,,GPS + Cellular
Retailer Trade-in,Machines,Apple Watch,Watch SE (2022),44mm (Aluminium) GPS & Cellular,225,Watch SE (2022),2022,Apple Watch,Apple Watch SE,,2022,44.0,,,,,,GPS + Cellular
Retailer Trade-in,Machines,Apple Watch,Watch SE 3 (2025),40mm (Aluminium) GPS,575,Watch SE 3 (2025),2025,Apple Watch,Apple Watch SE,3.0,2025,40.0,,,,,,GPS
Retailer Trade-in,Machines,Apple Watch,Watch SE 3 (2025),44mm (Aluminium) GPS,675,Watch SE 3 (2025),2025,Apple Watch,Apple Watch SE,3.0,2025,44.0,,,,,,GPS
Retailer Trade-in,Machines,Apple Watch,Watch SE 3 (2025),40mm (Aluminium) GPS & Cellular,700,Watch SE 3 (2025),2025,Apple Watch,Apple Watch SE,3.0,2025,40.0,,,,,,GPS + Cellular
Retailer Trade-in,Machines,Apple Watch,Watch SE 3 (2025),44mm (Aluminium) GPS & Cellular,775,Watch SE 3 (2025),2025,Apple Watch,Apple Watch SE,3.0,2025,44.0,,,,,,GPS + Cellular
Retailer Trade-in,Machines,Apple Watch,Watch Series 5,40 mm (Aluminium) GPS,50,Watch Series 5,2019,Apple Watch,Apple Watch SE,,,40.0,,,,,,GPS
Retailer Trade-in,Machines,Apple Watch,Watch Series 5,44 mm (Aluminium) GPS,75,Watch Series 5,2019,Apple Watch,Apple Watch SE,,,44.0,,,,,,GPS
Retailer Trade-in,Machines,Apple Watch,Watch Series 5,40 mm (Aluminium) GPS & Cellular,50,Watch Series 5,2019,Apple Watch,Apple Watch SE,,,40.0,,,,,,GPS + Cellular
Retailer Trade-in,Machines,Apple Watch,Watch Series 5,44 mm (Aluminium) GPS & Cellular,75,Watch Series 5,2019,Apple Watch,Apple Watch SE,,,44.0,,,,,,GPS + Cellular
Retailer Trade-in,Machines,Apple Watch,Watch Series 5,40 mm (Stainless Steel) GPS & Cellular,50,Watch Series 5,2019,Apple Watch,Apple Watch SE,,,40.0,,,,,,GPS + Cellular
Retailer Trade-in,Machines,Apple Watch,Watch Series 5,44 mm (Stainless Steel) GPS & Cellular,75,Watch Series 5,2019,Apple Watch,Apple Watch SE,,,44.0,,,,,,GPS + Cellular
Retailer Trade-in,Machines,Apple Watch,Watch Series 6,40mm (Aluminium) GPS,125,Watch Series 6,2020,Apple Watch,Apple Watch SE,,,40.0,,,,,,GPS
Retailer Trade-in,Machines,Apple Watch,Watch Series 6,44mm (Aluminium) GPS,150,Watch Series 6,2020,Apple Watch,Apple Watch SE,,,44.0,,,,,,GPS
Retailer Trade-in,Machines,Apple Watch,Watch Series 6,40mm (Aluminium) GPS & Cellular,175,Watch Series 6,2020,Apple Watch,Apple Watch SE,,,40.0,,,,,,GPS + Cellular
Retailer Trade-in,Machines,Apple Watch,Watch Series 6,44mm (Aluminium) GPS & Cellular,225,Watch Series 6,2020,Apple Watch,Apple Watch SE,,,44.0,,,,,,GPS + Cellular
Retailer Trade-in,Machines,Apple Watch,Watch Series 6,40mm (Stainless Steel) GPS & Cellular,175,Watch Series 6,2020,Apple Watch,Apple Watch SE,,,40.0,,,,,,GPS + Cellular
Retailer Trade-in,Machines,Apple Watch,Watch Series 6,44mm (Stainless Steel) GPS & Cellular,225,Watch Series 6,2020,Apple Watch,Apple Watch SE,,,44.0,,,,,,GPS + Cellular
Retailer Trade-in,Machines,Apple Watch,Watch Series 7,41mm (Aluminium) GPS,175,Watch Series 7,2021,Apple Watch,Apple Watch SE,,,41.0,,,,,,GPS
Retailer Trade-in,Machines,Apple Watch,Watch Series 7,45mm (Aluminium) GPS,250,Watch Series 7,2021,Apple Watch,Apple Watch SE,,,45.0,,,,,,GPS
Retailer Trade-in,Machines,Apple Watch,Watch Series 7,41mm (Aluminium) GPS & Cellular,250,Watch Series 7,2021,Apple Watch,Apple Watch SE,,,41.0,,,,,,GPS + Cellular
Retailer Trade-in,Machines,Apple Watch,Watch Series 7,45mm (Aluminium) GPS & Cellular,300,Watch Series 7,2021,Apple Watch,Apple Watch SE,,,45.0,,,,,,GPS + Cellular
Retailer Trade-in,Machines,Apple Watch,Watch Series 7,41mm (Stainless Steel) GPS & Cellular,250,Watch Series 7,2021,Apple Watch,Apple Watch SE,,,41.0,,,,,,GPS + Cellular
Retailer Trade-in,Machines,Apple Watch,Watch Series 7,45mm (Stainless Steel) GPS & Cellular,300,Watch Series 7,2021,Apple Watch,Apple Watch SE,,,45.0,,,,,,GPS + Cellular
Retailer Trade-in,Machines,Apple Watch,Watch Series 7,41mm (Titanium) GPS,215,Watch Series 7,2021,Apple Watch,Apple Watch SE,,,41.0,,,,,,GPS
Retailer Trade-in,Machines,Apple Watch,Watch Series 7,45mm (Titanium) GPS,285,Watch Series 7,2021,Apple Watch,Apple Watch SE,,,45.0,,,,,,GPS
Retailer Trade-in,Machines,Apple Watch,Watch Series 7,41mm (Titanium) GPS & Cellular,285,Watch Series 7,2021,Apple Watch,Apple Watch SE,,,41.0,,,,,,GPS + Cellular
Retailer Trade-in,Machines,Apple Watch,Watch Series 7,45mm (Titanium) GPS & Cellular,335,Watch Series 7,2021,Apple Watch,Apple Watch SE,,,45.0,,,,,,GPS + Cellular
Retailer Trade-in,Machines,Apple Watch,Watch Series 8,41mm (Aluminium) GPS,250,Watch Series 8,2022,Apple Watch,Apple Watch SE,,,41.0,,,,,,GPS
Retailer Trade-in,Machines,Apple Watch,Watch Series 8,45mm (Aluminium) GPS,300,Watch Series 8,2022,Apple Watch,Apple Watch SE,,,45.0,,,,,,GPS
Retailer Trade-in,Machines,Apple Watch,Watch Series 8,41mm (Aluminium) GPS & Cellular,325,Watch Series 8,2022,Apple Watch,Apple Watch SE,,,41.0,,,,,,GPS + Cellular
Retailer Trade-in,Machines,Apple Watch,Watch Series 8,45mm (Aluminium) GPS & Cellular,350,Watch Series 8,2022,Apple Watch,Apple Watch SE,,,45.0,,,,,,GPS + Cellular
Retailer Trade-in,Machines,Apple Watch,Watch Series 8,41mm (Stainless Steel) GPS & Cellular,425,Watch Series 8,2022,Apple Watch,Apple Watch SE,,,41.0,,,,,,GPS + Cellular
Retailer Trade-in,Machines,Apple Watch,Watch Series 8,45mm (Stainless Steel) GPS & Cellular,525,Watch Series 8,2022,Apple Watch,Apple Watch SE,,,45.0,,,,,,GPS + Cellular
Retailer Trade-in,Machines,Apple Watch,Watch Series 9,41mm (Aluminium) GPS,425,Watch Series 9,2023,Apple Watch,Apple Watch SE,,,41.0,,,,,,GPS
Retailer Trade-in,Machines,Apple Watch,Watch Series 9,45mm (Aluminium) GPS,500,Watch Series 9,2023,Apple Watch,Apple Watch SE,,,45.0,,,,,,GPS
Retailer Trade-in,Machines,Apple Watch,Watch Series 9,41mm (Aluminium) GPS & Cellular,550,Watch Series 9,2023,Apple Watch,Apple Watch SE,,,41.0,,,,,,GPS + Cellular
Retailer Trade-in,Machines,Apple Watch,Watch Series 9,45mm (Aluminium) GPS & Cellular,575,Watch Series 9,2023,Apple Watch,Apple Watch SE,,,45.0,,,,,,GPS + Cellular
Retailer Trade-in,Machines,Apple Watch,Watch Series 9,41mm (Stainless Steel) GPS & Cellular,675,Watch Series 9,2023,Apple Watch,Apple Watch SE,,,41.0,,,,,,GPS + Cellular
Retailer Trade-in,Machines,Apple Watch,Watch Series 9,45mm (Stainless Steel) GPS & Cellular,775,Watch Series 9,2023,Apple Watch,Apple Watch SE,,,45.0,,,,,,GPS + Cellular
Retailer Trade-in,Machines,Apple Watch,Watch Series 10,42mm (Aluminium) GPS,550,Watch Series 10,2024,Apple Watch,Apple Watch SE,,,42.0,,,,,,GPS
Retailer Trade-in,Machines,Apple Watch,Watch Series 10,46mm (Aluminium) GPS,575,Watch Series 10,2024,Apple Watch,Apple Watch SE,,,46.0,,,,,,GPS
Retailer Trade-in,Machines,Apple Watch,Watch Series 10,42mm (Aluminium) GPS & Cellular,625,Watch Series 10,2024,Apple Watch,Apple Watch SE,,,42.0,,,,,,GPS + Cellular
Retailer Trade-in,Machines,Apple Watch,Watch Series 10,46mm (Aluminium) GPS & Cellular,750,Watch Series 10,2024,Apple Watch,Apple Watch SE,,,46.0,,,,,,GPS + Cellular
Retailer Trade-in,Machines,Apple Watch,Watch Series 10,42mm (Titanium) GPS & Cellular,1000,Watch Series 10,2024,Apple Watch,Apple Watch SE,,,42.0,,,,,,GPS + Cellular
Retailer Trade-in,Machines,Apple Watch,Watch Series 10,46mm (Titanium) GPS & Cellular,1050,Watch Series 10,2024,Apple Watch,Apple Watch SE,,,46.0,,,,,,GPS + Cellular
Retailer Trade-in,Machines,Apple Watch,Watch Series 10 Hermes,42mm (Titanium) GPS & Cellular,1000,Watch Series 10,2024,Apple Watch,Apple Watch SE,,,42.0,,,,,,GPS + Cellular
Retailer Trade-in,Machines,Apple Watch,Watch Series 10 Hermes,46mm (Titanium) GPS & Cellular,1095,Watch Series 10,2024,Apple Watch,Apple Watch SE,,,46.0,,,,,,GPS + Cellular
Retailer Trade-in,Machines,Apple Watch,Watch Series 11,42mm (Aluminium) GPS,950,Watch Series 11,2025,Apple Watch,Apple Watch SE,,,42.0,,,,,,GPS
Retailer Trade-in,Machines,Apple Watch,Watch Series 11,46mm (Aluminium) GPS,1050,Watch Series 11,2025,Apple Watch,Apple Watch SE,,,46.0,,,,,,GPS
Retailer Trade-in,Machines,Apple Watch,Watch Series 11,42mm (Aluminium) GPS & Cellular,1225,Watch Series 11,2025,Apple Watch,Apple Watch SE,,,42.0,,,,,,GPS + Cellular
Retailer Trade-in,Machines,Apple Watch,Watch Series 11,46mm (Aluminium) GPS & Cellular,1325,Watch Series 11,2025,Apple Watch,Apple Watch SE,,,46.0,,,,,,GPS + Cellular
Retailer Trade-in,Machines,Apple Watch,Watch Series 11,42mm (Titanium) GPS & Cellular,1700,Watch Series 11,2025,Apple Watch,Apple Watch SE,,,42.0,,,,,,GPS + Cellular
Retailer Trade-in,Machines,Apple Watch,Watch Series 11,46mm (Titanium) GPS & Cellular,1825,Watch Series 11,2025,Apple Watch,Apple Watch SE,,,46.0,,,,,,GPS + Cellular
Retailer Trade-in,Machines,Apple Watch,Watch Series 11 Hermes,42mm (Titanium) GPS & Cellular,2050,Watch Series 11,2025,Apple Watch,Apple Watch SE,,,42.0,,,,,,GPS + Cellular
Retailer Trade-in,Machines,Apple Watch,Watch Series 11 Hermes,46mm (Titanium) GPS & Cellular,2150,Watch Series 11,2025,Apple Watch,Apple Watch SE,,,46.0,,,,,,GPS + Cellular
Retailer Trade-in,Machines,Apple Watch,Watch Ultra,49mm (Stainless Steel) GPS & Cellular,800,Watch Ultra,2022,Apple Watch,Apple Watch Ultra,1.0,,49.0,,,,,,GPS + Cellular
Retailer Trade-in,Machines,Apple Watch,Watch Ultra 2,49mm (Titanium) GPS & Cellular,1150,Watch Ultra 2,2023,Apple Watch,Apple Watch Ultra 2,2.0,,49.0,,,,,,GPS + Cellular
Retailer Trade-in,Machines,Apple Watch,Watch Ultra 2 (2024),49mm (Titanium) GPS & Cellular,1170,Watch Ultra 2 (2024),2024,Apple Watch,Apple Watch Ultra 2,2.0,2024,49.0,,,,,,GPS + Cellular
Retailer Trade-in,Machines,Apple Watch,Watch Ultra 2 Hermes,49mm (Titanium) GPS & Cellular,1170,Watch Ultra 2,2023,Apple Watch,Apple Watch Ultra 2,2.0,,49.0,,,,,,GPS + Cellular
Retailer Trade-in,Machines,Apple Watch,Watch Ultra 3,49mm (Titanium) GPS & Cellular,1900,Watch Ultra 3,2025,Apple Watch,Apple Watch Ultra,1.0,,49.0,,,,,,GPS + Cellular
Retailer Trade-in,Machines,Apple Watch,Watch Ultra 3 Hermes,49mm (Titanium) GPS & Cellular,2550,Watch Ultra 3,2025,Apple Watch,Apple Watch Ultra,1.0,,49.0,,,,,,GPS + Cellular
Retailer Trade-in,Machines,AirPods,AirPods (2nd Gen),Wired Charging,20,AirPods (2nd Gen),2019,AirPods,AirPods,2.0,,,,,,,,
Retailer Trade-in,Machines,AirPods,AirPods (2nd Gen),Wireless Charging,35,AirPods (2nd Gen),2019,AirPods,AirPods,2.0,,,,,,,,
Retailer Trade-in,Machines,AirPods,AirPods (3rd Gen),Lightning Charging,50,AirPods (3rd Gen),2021,AirPods,AirPods,3.0,,,,,,,,
Retailer Trade-in,Machines,AirPods,AirPods (3rd Gen),MagSafe Charging,65,AirPods (3rd Gen),2021,AirPods,AirPods,3.0,,,,,,,,
Retailer Trade-in,Machines,AirPods,AirPods (4th Gen),USB-C,90,AirPods (4th Gen),2024,AirPods,AirPods,4.0,,,,,,,,
Retailer Trade-in,Machines,AirPods,AirPods (4th Gen with Active Noise Cancellation),USB-C,110,AirPods (4th Gen with Active Noise Cancellation),2024,AirPods,AirPods,4.0,,,,,,,,
Retailer Trade-in,Machines,AirPods,AirPods Pro (1st Gen),,50,AirPods Pro (1st Gen),2019,AirPods,AirPods Pro,1.0,,,,,,,,
Retailer Trade-in,Machines,AirPods,AirPods Pro (1st Gen),MagSafe Charging,65,AirPods Pro (1st Gen),2019,AirPods,AirPods Pro,1.0,,,,,,,,
Retailer Trade-in,Machines,AirPods,AirPods Pro (2nd Gen),,95,AirPods Pro (2nd Gen),2022,AirPods,AirPods Pro,2.0,,,,,,,,
Retailer Trade-in,Machines,AirPods,AirPods Pro (2nd Gen),USB-C,125,AirPods Pro (2nd Gen),2022,AirPods,AirPods Pro,2.0,,,,,,,,
Retailer Trade-in,Machines,AirPods,AirPods Pro (3rd Gen),,475,AirPods Pro (3rd Gen),2025,AirPods,AirPods Pro,3.0,,,,,,,,
Retailer Trade-in,Machines,AirPods,AirPods Max,,275,AirPods Max,2020,AirPods,AirPods Max,,,,,,,,,
Retailer Trade-in,Switch,iPhone,iPhone 17 Pro Max,2TB,6010,iPhone 17 Pro Max,2025,iPhone,iPhone 17 Pro Max,,,,,,,2048.0,,
Retailer Trade-in,Switch,iPhone,iPhone 17 Pro Max,1TB,4800,iPhone 17 Pro Max,2025,iPhone,iPhone 17 Pro Max,,,,,,,1024.0,,
Retailer Trade-in,Switch,iPhone,iPhone 17 Pro Max,512GB,4130,iPhone 17 Pro Max,2025,iPhone,iPhone 17 Pro Max,,,,,,,512.0,,
Retailer Trade-in,Switch,iPhone,iPhone 17 Pro Max,256GB,3500,iPhone 17 Pro Max,2025,iPhone,iPhone 17 Pro Max,,,,,,,256.0,,
Retailer Trade-in,Switch,iPhone,iPhone 17 Pro,1TB,4150,iPhone 17 Pro,2025,iPhone,iPhone 17 Pro,,,,,,,1024.0,,
Retailer Trade-in,Switch,iPhone,iPhone 17 Pro,512GB,3600,iPhone 17 Pro,2025,iPhone,iPhone 17 Pro,,,,,,,512.0,,
Retailer Trade-in,Switch,iPhone,iPhone 17 Pro,256GB,3190,iPhone 17 Pro,2025,iPhone,iPhone 17 Pro,,,,,,,256.0,,
Retailer Trade-in,Switch,iPhone,iPhone 17,512GB,2700,iPhone 17,2025,iPhone,iPhone 17,,,,,,,512.0,,
Retailer Trade-in,Switch,iPhone,iPhone 17,256GB,2290,iPhone 17,2025,iPhone,iPhone 17,,,,,,,256.0,,
Retailer Trade-in,Switch,iPhone,iPhone Air,256GB,2200,iPhone Air,2025,iPhone,iPhone Air,,,,,,,256.0,,
Retailer Trade-in,Switch,iPhone,iPhone Air,512GB,2400,iPhone Air,2025,iPhone,iPhone Air,,,,,,,512.0,,
Retailer Trade-in,Switch,iPhone,iPhone Air,1TB,2800,iPhone Air,2025,iPhone,iPhone Air,,,,,,,1024.0,,
Retailer Trade-in,Switch,iPhone,iPhone 16 Pro Max,1TB,3500,iPhone 16 Pro Max,2024,iPhone,iPhone 16 Pro Max,,,,,,,1024.0,,
Retailer Trade-in,Switch,iPhone,iPhone 16 Pro Max,512GB,3200,iPhone 16 Pro Max,2024,iPhone,iPhone 16 Pro Max,,,,,,,512.0,,
Retailer Trade-in,Switch,iPhone,iPhone 16 Pro Max,256GB,3010,iPhone 16 Pro Max,2024,iPhone,iPhone 16 Pro Max,,,,,,,256.0,,
Retailer Trade-in,Switch,iPhone,iPhone 16 Pro,1TB,2900,iPhone 16 Pro,2024,iPhone,iPhone 16 Pro,,,,,,,1024.0,,
Retailer Trade-in,Switch,iPhone,iPhone 16 Pro,512GB,2700,iPhone 16 Pro,2024,iPhone,iPhone 16 Pro,,,,,,,512.0,,
Retailer Trade-in,Switch,iPhone,iPhone 16 Pro,256GB,2540,iPhone 16 Pro,2024,iPhone,iPhone 16 Pro,,,,,,,256.0,,
Retailer Trade-in,Switch,iPhone,iPhone 16 Pro,128GB,2310,iPhone 16 Pro,2024,iPhone,iPhone 16 Pro,,,,,,,128.0,,
Retailer Trade-in,Switch,iPhone,iPhone 16 Plus,512GB,2500,iPhone 16 Plus,2024,iPhone,iPhone 16 Plus,,,,,,,512.0,,
Retailer Trade-in,Switch,iPhone,iPhone 16 Plus,256GB,2250,iPhone 16 Plus,2024,iPhone,iPhone 16 Plus,,,,,,,256.0,,
Retailer Trade-in,Switch,iPhone,iPhone 16 Plus,128GB,2090,iPhone 16 Plus,2024,iPhone,iPhone 16 Plus,,,,,,,128.0,,
Retailer Trade-in,Switch,iPhone,iPhone 16,512GB,2180,iPhone 16,2024,iPhone,iPhone 16,,,,,,,512.0,,
Retailer Trade-in,Switch,iPhone,iPhone 16,256GB,1980,iPhone 16,2024,iPhone,iPhone 16,,,,,,,256.0,,
Retailer Trade-in,Switch,iPhone,iPhone 16,128GB,1800,iPhone 16,2024,iPhone,iPhone 16,,,,,,,128.0,,
Retailer Trade-in,Switch,iPhone,iPhone 16e,512GB,1500,iPhone 16e,2025,iPhone,iPhone 16e,,,,,,,512.0,,
Retailer Trade-in,Switch,iPhone,iPhone 16e,256GB,1200,iPhone 16e,2025,iPhone,iPhone 16e,,,,,,,256.0,,
Retailer Trade-in,Switch,iPhone,iPhone 16e,128GB,1050,iPhone 16e,2025,iPhone,iPhone 16e,,,,,,,128.0,,
Retailer Trade-in,Switch,iPhone,iPhone 15 Pro Max,1TB,2660,iPhone 15 Pro Max,2023,iPhone,iPhone 15 Pro Max,,,,,,,1024.0,,
Retailer Trade-in,Switch,iPhone,iPhone 15 Pro Max,512GB,2440,iPhone 15 Pro Max,2023,iPhone,iPhone 15 Pro Max,,,,,,,512.0,,
Retailer Trade-in,Switch,iPhone,iPhone 15 Pro Max,256GB,2210,iPhone 15 Pro Max,2023,iPhone,iPhone 15 Pro Max,,,,,,,256.0,,
Retailer Trade-in,Switch,iPhone,iPhone 15 Pro,1TB,2360,iPhone 15 Pro,2023,iPhone,iPhone 15 Pro,,,,,,,1024.0,,
Retailer Trade-in,Switch,iPhone,iPhone 15 Pro,512GB,2140,iPhone 15 Pro,2023,iPhone,iPhone 15 Pro,,,,,,,512.0,,
Retailer Trade-in,Switch,iPhone,iPhone 15 Pro,256GB,2010,iPhone 15 Pro,2023,iPhone,iPhone 15 Pro,,,,,,,256.0,,
Retailer Trade-in,Switch,iPhone,iPhone 15 Pro,128GB,1740,iPhone 15 Pro,2023,iPhone,iPhone 15 Pro,,,,,,,128.0,,
Retailer Trade-in,Switch,iPhone,iPhone 15 Plus,512GB,1800,iPhone 15 Plus,2023,iPhone,iPhone 15 Plus,,,,,,,512.0,,
Retailer Trade-in,Switch,iPhone,iPhone 15 Plus,256GB,1600,iPhone 15 Plus,2023,iPhone,iPhone 15 Plus,,,,,,,256.0,,
Retailer Trade-in,Switch,iPhone,iPhone 15 Plus,128GB,1450,iPhone 15 Plus,2023,iPhone,iPhone 15 Plus,,,,,,,128.0,,
Retailer Trade-in,Switch,iPhone,iPhone 15,512GB,1600,iPhone 15,2023,iPhone,iPhone 15,,,,,,,512.0,,
Retailer Trade-in,Switch,iPhone,iPhone 15,256GB,1450,iPhone 15,2023,iPhone,iPhone 15,,,,,,,256.0,,
Retailer Trade-in,Switch,iPhone,iPhone 15,128GB,1300,iPhone 15,2023,iPhone,iPhone 15,,,,,,,128.0,,
Retailer Trade-in,Switch,iPhone,iPhone 14 Pro Max,1TB,1990,iPhone 14 Pro Max,2022,iPhone,iPhone 14 Pro Max,,,,,,,1024.0,,
Retailer Trade-in,Switch,iPhone,iPhone 14 Pro Max,512GB,1850,iPhone 14 Pro Max,2022,iPhone,iPhone 14 Pro Max,,,,,,,512.0,,
Retailer Trade-in,Switch,iPhone,iPhone 14 Pro Max,256GB,1710,iPhone 14 Pro Max,2022,iPhone,iPhone 14 Pro Max,,,,,,,256.0,,
Retailer Trade-in,Switch,iPhone,iPhone 14 Pro Max,128GB,1590,iPhone 14 Pro Max,2022,iPhone,iPhone 14 Pro Max,,,,,,,128.0,,
Retailer Trade-in,Switch,iPhone,iPhone 14 Pro,1TB,1690,iPhone 14 Pro,2022,iPhone,iPhone 14 Pro,,,,,,,1024.0,,
Retailer Trade-in,Switch,iPhone,iPhone 14 Pro,512GB,1610,iPhone 14 Pro,2022,iPhone,iPhone 14 Pro,,,,,,,512.0,,
Retailer Trade-in,Switch,iPhone,iPhone 14 Pro,256GB,1540,iPhone 14 Pro,2022,iPhone,iPhone 14 Pro,,,,,,,256.0,,
Retailer Trade-in,Switch,iPhone,iPhone 14 Pro,128GB,1340,iPhone 14 Pro,2022,iPhone,iPhone 14 Pro,,,,,,,128.0,,
Retailer Trade-in,Switch,iPhone,iPhone 14 Plus,512GB,1240,iPhone 14 Plus,2022,iPhone,iPhone 14 Plus,,,,,,,512.0,,
Retailer Trade-in,Switch,iPhone,iPhone 14 Plus,256GB,1050,iPhone 14 Plus,2022,iPhone,iPhone 14 Plus,,,,,,,256.0,,
Retailer Trade-in,Switch,iPhone,iPhone 14 Plus,128GB,950,iPhone 14 Plus,2022,iPhone,iPhone 14 Plus,,,,,,,128.0,,
Retailer Trade-in,Switch,iPhone,iPhone 14,512GB,1110,iPhone 14,2022,iPhone,iPhone 14,,,,,,,512.0,,
Retailer Trade-in,Switch,iPhone,iPhone 14,256GB,950,iPhone 14,2022,iPhone,iPhone 14,,,,,,,256.0,,
Retailer Trade-in,Switch,iPhone,iPhone 14,128GB,850,iPhone 14,2022,iPhone,iPhone 14,,,,,,,128.0,,
Retailer Trade-in,Switch,iPhone,iPhone 13 Pro Max,1TB,1460,iPhone 13 Pro Max,2021,iPhone,iPhone 13 Pro Max,,,,,,,1024.0,,
Retailer Trade-in,Switch,iPhone,iPhone 13 Pro Max,512GB,1340,iPhone 13 Pro Max,2021,iPhone,iPhone 13 Pro Max,,,,,,,512.0,,
Retailer Trade-in,Switch,iPhone,iPhone 13 Pro Max,256GB,1290,iPhone 13 Pro Max,2021,iPhone,iPhone 13 Pro Max,,,,,,,256.0,,
Retailer Trade-in,Switch,iPhone,iPhone 13 Pro Max,128GB,1110,iPhone 13 Pro Max,2021,iPhone,iPhone 13 Pro Max,,,,,,,128.0,,
Retailer Trade-in,Switch,iPhone,iPhone 13 Pro,1TB,1260,iPhone 13 Pro,2021,iPhone,iPhone 13 Pro,,,,,,,1024.0,,
Retailer Trade-in,Switch,iPhone,iPhone 13 Pro,512GB,1150,iPhone 13 Pro,2021,iPhone,iPhone 13 Pro,,,,,,,512.0,,
Retailer Trade-in,Switch,iPhone,iPhone 13 Pro,256GB,1060,iPhone 13 Pro,2021,iPhone,iPhone 13 Pro,,,,,,,256.0,,
Retailer Trade-in,Switch,iPhone,iPhone 13 Pro,128GB,990,iPhone 13 Pro,2021,iPhone,iPhone 13 Pro,,,,,,,128.0,,
Retailer Trade-in,Switch,iPhone,iPhone 13 mini,512GB,600,iPhone 13 mini,2021,iPhone,iPhone 13 mini,,,,,,,512.0,,
Retailer Trade-in,Switch,iPhone,iPhone 13 mini,256GB,550,iPhone 13 mini,2021,iPhone,iPhone 13 mini,,,,,,,256.0,,
Retailer Trade-in,Switch,iPhone,iPhone 13 mini,128GB,500,iPhone 13 mini,2021,iPhone,iPhone 13 mini,,,,,,,128.0,,
Retailer Trade-in,Switch,iPhone,iPhone 13,512GB,910,iPhone 13,2021,iPhone,iPhone 13,,,,,,,512.0,,
Retailer Trade-in,Switch,iPhone,iPhone 13,256GB,850,iPhone 13,2021,iPhone,iPhone 13,,,,,,,256.0,,
Retailer Trade-in,Switch,iPhone,iPhone 13,128GB,750,iPhone 13,2021,iPhone,iPhone 13,,,,,,,128.0,,
Retailer Trade-in,Switch,iPhone,iPhone 12 Pro Max,512GB,990,iPhone 12 Pro Max,2020,iPhone,iPhone 12 Pro Max,,,,,,,512.0,,
Retailer Trade-in,Switch,iPhone,iPhone 12 Pro Max,256GB,910,iPhone 12 Pro Max,2020,iPhone,iPhone 12 Pro Max,,,,,,,256.0,,
Retailer Trade-in,Switch,iPhone,iPhone 12 Pro Max,128GB,810,iPhone 12 Pro Max,2020,iPhone,iPhone 12 Pro Max,,,,,,,128.0,,
Retailer Trade-in,Switch,iPhone,iPhone 12 Pro,512GB,760,iPhone 12 Pro,2020,iPhone,iPhone 12 Pro,,,,,,,512.0,,
Retailer Trade-in,Switch,iPhone,iPhone 12 Pro,256GB,710,iPhone 12 Pro,2020,iPhone,iPhone 12 Pro,,,,,,,256.0,,
Retailer Trade-in,Switch,iPhone,iPhone 12 Pro,128GB,640,iPhone 12 Pro,2020,iPhone,iPhone 12 Pro,,,,,,,128.0,,
Retailer Trade-in,Switch,iPhone,iPhone 12 mini,256GB,450,iPhone 12 mini,2020,iPhone,iPhone 12 mini,,,,,,,256.0,,
Retailer Trade-in,Switch,iPhone,iPhone 12 mini,128GB,400,iPhone 12 mini,2020,iPhone,iPhone 12 mini,,,,,,,128.0,,
Retailer Trade-in,Switch,iPhone,iPhone 12 mini,64GB,300,iPhone 12 mini,2020,iPhone,iPhone 12 mini,,,,,,,64.0,,
Retailer Trade-in,Switch,iPhone,iPhone 12,256GB,590,iPhone 12,2020,iPhone,iPhone 12,,,,,,,256.0,,
Retailer Trade-in,Switch,iPhone,iPhone 12,128GB,510,iPhone 12,2020,iPhone,iPhone 12,,,,,,,128.0,,
Retailer Trade-in,Switch,iPhone,iPhone 12,64GB,460,iPhone 12,2020,iPhone,iPhone 12,,,,,,,64.0,,
Retailer Trade-in,Switch,iPhone,iPhone 11 Pro Max,512GB,650,iPhone 11 Pro Max,2019,iPhone,iPhone 11 Pro Max,,,,,,,512.0,,
Retailer Trade-in,Switch,iPhone,iPhone 11 Pro Max,256GB,560,iPhone 11 Pro Max,2019,iPhone,iPhone 11 Pro Max,,,,,,,256.0,,
Retailer Trade-in,Switch,iPhone,iPhone 11 Pro Max,64GB,490,iPhone 11 Pro Max,2019,iPhone,iPhone 11 Pro Max,,,,,,,64.0,,
Retailer Trade-in,Switch,iPhone,iPhone 11 Pro,512GB,590,iPhone 11 Pro,2019,iPhone,iPhone 11 Pro,,,,,,,512.0,,
Retailer Trade-in,Switch,iPhone,iPhone 11 Pro,256GB,450,iPhone 11 Pro,2019,iPhone,iPhone 11 Pro,,,,,,,256.0,,
Retailer Trade-in,Switch,iPhone,iPhone 11 Pro,64GB,400,iPhone 11 Pro,2019,iPhone,iPhone 11 Pro,,,,,,,64.0,,
Retailer Trade-in,Switch,iPhone,iPhone 11,256GB,460,iPhone 11,2019,iPhone,iPhone 11,,,,,,,256.0,,
Retailer Trade-in,Switch,iPhone,iPhone 11,128GB,350,iPhone 11,2019,iPhone,iPhone 11,,,,,,,128.0,,
Retailer Trade-in,Switch,iPhone,iPhone 11,64GB,300,iPhone 11,2019,iPhone,iPhone 11,,,,,,,64.0,,
Retailer Trade-in,Switch,iPhone,iPhone Xs Max,512GB,400,iPhone XS Max,2018,iPhone,iPhone Xs Max,,,,,,,512.0,,
Retailer Trade-in,Switch,iPhone,iPhone Xs Max,256GB,370,iPhone XS Max,2018,iPhone,iPhone Xs Max,,,,,,,256.0,,
Retailer Trade-in,Switch,iPhone,iPhone Xs Max,64GB,290,iPhone XS Max,2018,iPhone,iPhone Xs Max,,,,,,,64.0,,
Retailer Trade-in,Switch,iPhone,iPhone Xs,512GB,310,iPhone XS,2018,iPhone,iPhone Xs,,,,,,,512.0,,
Retailer Trade-in,Switch,iPhone,iPhone Xs,256GB,260,iPhone XS,2018,iPhone,iPhone Xs,,,,,,,256.0,,
Retailer Trade-in,Switch,iPhone,iPhone Xs,64GB,210,iPhone XS,2018,iPhone,iPhone Xs,,,,,,,64.0,,
Retailer Trade-in,Switch,iPhone,iPhone Xr,256GB,280,iPhone XR,2018,iPhone,iPhone Xr,,,,,,,256.0,,
Retailer Trade-in,Switch,iPhone,iPhone Xr,128GB,230,iPhone XR,2018,iPhone,iPhone Xr,,,,,,,128.0,,
Retailer Trade-in,Switch,iPhone,iPhone Xr,64GB,160,iPhone XR,2018,iPhone,iPhone Xr,,,,,,,64.0,,
Retailer Trade-in,Switch,iPhone,iPhone X,256GB,190,iPhone X,2017,iPhone,iPhone X,,,,,,,256.0,,
Retailer Trade-in,Switch,iPhone,iPhone X,64GB,140,iPhone X,2017,iPhone,iPhone X,,,,,,,64.0,,
Retailer Trade-in,Switch,iPhone,iPhone SE (2022),256GB,270,iPhone SE (2022),2022,iPhone,iPhone SE,,2022,,,,,256.0,,
Retailer Trade-in,Switch,iPhone,iPhone SE (2022),128GB,220,iPhone SE (2022),2022,iPhone,iPhone SE,,2022,,,,,128.0,,
Retailer Trade-in,Switch,iPhone,iPhone SE (2022),64GB,170,iPhone SE (2022),2022,iPhone,iPhone SE,,2022,,,,,64.0,,
Retailer Trade-in,Switch,iPhone,iPhone SE (2020),256GB,220,iPhone SE (2020),2020,iPhone,iPhone SE,,2020,,,,,256.0,,
Retailer Trade-in,Switch,iPhone,iPhone SE (2020),128GB,170,iPhone SE (2020),2020,iPhone,iPhone SE,,2020,,,,,128.0,,
Retailer Trade-in,Switch,iPhone,iPhone SE (2020),64GB,120,iPhone SE (2020),2020,iPhone,iPhone SE,,2020,,,,,64.0,,
Retailer Trade-in,Switch,iPhone,iPhone SE,128GB,5,iPhone SE,2016,iPhone,iPhone SE,,,,,,,128.0,,
Retailer Trade-in,Switch,iPhone,iPhone SE,64GB,5,iPhone SE,2016,iPhone,iPhone SE,,,,,,,64.0,,
Retailer Trade-in,Switch,iPhone,iPhone SE,32GB,5,iPhone SE,2016,iPhone,iPhone SE,,,,,,,32.0,,
Retailer Trade-in,Switch,iPhone,iPhone SE,16GB,5,iPhone SE,2016,iPhone,iPhone SE,,,,,,,16.0,,
Retailer Trade-in,Switch,iPhone,iPhone 8 Plus,256GB,190,iPhone 8 Plus,2017,iPhone,iPhone 8 Plus,,,,,,,256.0,,
Retailer Trade-in,Switch,iPhone,iPhone 8 Plus,128GB,160,iPhone 8 Plus,2017,iPhone,iPhone 8 Plus,,,,,,,128.0,,
Retailer Trade-in,Switch,iPhone,iPhone 8 Plus,64GB,130,iPhone 8 Plus,2017,iPhone,iPhone 8 Plus,,,,,,,64.0,,
Retailer Trade-in,Switch,iPhone,iPhone 8,256GB,180,iPhone 8,2017,iPhone,iPhone 8,,,,,,,256.0,,
Retailer Trade-in,Switch,iPhone,iPhone 8,128GB,140,iPhone 8,2017,iPhone,iPhone 8,,,,,,,128.0,,
Retailer Trade-in,Switch,iPhone,iPhone 8,64GB,120,iPhone 8,2017,iPhone,iPhone 8,,,,,,,64.0,,
Retailer Trade-in,Switch,iPhone,iPhone 7 Plus,256GB,140,iPhone 7 Plus,2016,iPhone,iPhone 7 Plus,,,,,,,256.0,,
Retailer Trade-in,Switch,iPhone,iPhone 7 Plus,128GB,110,iPhone 7 Plus,2016,iPhone,iPhone 7 Plus,,,,,,,128.0,,
Retailer Trade-in,Switch,iPhone,iPhone 7 Plus,32GB,80,iPhone 7 Plus,2016,iPhone,iPhone 7 Plus,,,,,,,32.0,,
Retailer Trade-in,Switch,iPhone,iPhone 7,256GB,90,iPhone 7,2016,iPhone,iPhone 7,,,,,,,256.0,,
Retailer Trade-in,Switch,iPhone,iPhone 7,128GB,70,iPhone 7,2016,iPhone,iPhone 7,,,,,,,128.0,,
Retailer Trade-in,Switch,iPhone,iPhone 7,32GB,50,iPhone 7,2016,iPhone,iPhone 7,,,,,,,32.0,,
Retailer Trade-in,Switch,iPhone,iPhone 6s Plus,128GB,20,iPhone 6s Plus,2015,iPhone,iPhone 6s Plus,,,,,,,128.0,,
Retailer Trade-in,Switch,iPhone,iPhone 6s Plus,64GB,20,iPhone 6s Plus,2015,iPhone,iPhone 6s Plus,,,,,,,64.0,,
Retailer Trade-in,Switch,iPhone,iPhone 6s Plus,32GB,20,iPhone 6s Plus,2015,iPhone,iPhone 6s Plus,,,,,,,32.0,,
Retailer Trade-in,Switch,iPhone,iPhone 6s Plus,16GB,20,iPhone 6s Plus,2015,iPhone,iPhone 6s Plus,,,,,,,16.0,,
Retailer Trade-in,Switch,iPhone,iPhone 6s,128GB,10,iPhone 6s,2015,iPhone,iPhone 6s,,,,,,,128.0,,
Retailer Trade-in,Switch,iPhone,iPhone 6s,64GB,10,iPhone 6s,2015,iPhone,iPhone 6s,,,,,,,64.0,,
Retailer Trade-in,Switch,iPhone,iPhone 6s,32GB,10,iPhone 6s,2015,iPhone,iPhone 6s,,,,,,,32.0,,
Retailer Trade-in,Switch,iPhone,iPhone 6s,16GB,10,iPhone 6s,2015,iPhone,iPhone 6s,,,,,,,16.0,,
Retailer Trade-in,Switch,iPhone,iPhone 6 Plus,128GB,10,iPhone 6 Plus,2014,iPhone,iPhone 6 Plus,,,,,,,128.0,,
Retailer Trade-in,Switch,iPhone,iPhone 6 Plus,64GB,10,iPhone 6 Plus,2014,iPhone,iPhone 6 Plus,,,,,,,64.0,,
Retailer Trade-in,Switch,iPhone,iPhone 6 Plus,16GB,10,iPhone 6 Plus,2014,iPhone,iPhone 6 Plus,,,,,,,16.0,,
Retailer Trade-in,Switch,iPhone,iPhone 6,128GB,5,iPhone 6,2014,iPhone,iPhone 6,,,,,,,128.0,,
Retailer Trade-in,Switch,iPhone,iPhone 6,64GB,5,iPhone 6,2014,iPhone,iPhone 6,,,,,,,64.0,,
Retailer Trade-in,Switch,iPhone,iPhone 6,32GB,5,iPhone 6,2014,iPhone,iPhone 6,,,,,,,32.0,,
Retailer Trade-in,Switch,iPhone,iPhone 6,16GB,5,iPhone 6,2014,iPhone,iPhone 6,,,,,,,16.0,,
Retailer Trade-in,Switch,iPhone,iPhone 5s,64GB,5,iPhone 5s,2013,iPhone,iPhone 5s,,,,,,,64.0,,
Retailer Trade-in,Switch,iPhone,iPhone 5s,32GB,5,iPhone 5s,2013,iPhone,iPhone 5s,,,,,,,32.0,,
Retailer Trade-in,Switch,iPhone,iPhone 5s,16GB,5,iPhone 5s,2013,iPhone,iPhone 5s,,,,,,,16.0,,
Retailer Trade-in,Switch,iPad,iPad 10 10.9-inch,"64GB, Cellular",690,iPad 10,2022,iPad,iPad,10.0,,10.9,,,,64.0,,Wi-Fi + Cellular
Retailer Trade-in,Switch,iPad,iPad 10 10.9-inch,"256GB, Cellular",800,iPad 10,2022,iPad,iPad,10.0,,10.9,,,,256.0,,Wi-Fi + Cellular
Retailer Trade-in,Switch,iPad,iPad 10 10.9-inch,"64GB, Wi-Fi",610,iPad 10,2022,iPad,iPad,10.0,,10.9,,,,64.0,,Wi-Fi
Retailer Trade-in,Switch,iPad,iPad 10 10.9-inch,"256GB, Wi-Fi",690,iPad 10,2022,iPad,iPad,10.0,,10.9,,,,256.0,,Wi-Fi
Retailer Trade-in,Switch,iPad,iPad 11 11-inch A16,"128GB, Cellular",840,iPad 11 A16,2025,iPad,iPad,11.0,,11.0,,,,128.0,,Wi-Fi + Cellular
Retailer Trade-in,Switch,iPad,iPad 11 11-inch A16,"256GB, Cellular",1040,iPad 11 A16,2025,iPad,iPad,11.0,,11.0,,,,256.0,,Wi-Fi + Cellular
Retailer Trade-in,Switch,iPad,iPad 11 11-inch A16,"512GB, Cellular",1370,iPad 11 A16,2025,iPad,iPad,11.0,,11.0,,,,512.0,,Wi-Fi + Cellular
Retailer Trade-in,Switch,iPad,iPad 11 11-inch A16,"128GB, Wi-Fi",640,iPad 11 A16,2025,iPad,iPad,11.0,,11.0,,,,128.0,,Wi-Fi
Retailer Trade-in,Switch,iPad,iPad 11 11-inch A16,"256GB, Wi-Fi",820,iPad 11 A16,2025,iPad,iPad,11.0,,11.0,,,,256.0,,Wi-Fi
Retailer Trade-in,Switch,iPad,iPad 11 11-inch A16,"512GB, Wi-Fi",1110,iPad 11 A16,2025,iPad,iPad,11.0,,11.0,,,,512.0,,Wi-Fi
Retailer Trade-in,Switch,iPad,iPad 4 9.7-inch,16GB Cellular,60,iPad 4,2012,iPad,iPad,4.0,,9.7,,,,16.0,,Wi-Fi + Cellular
Retailer Trade-in,Switch,iPad,iPad 4 9.7-inch,16GB Wi-Fi,50,iPad 4,2012,iPad,iPad,4.0,,9.7,,,,16.0,,Wi-Fi
Retailer Trade-in,Switch,iPad,iPad 4 9.7-inch,32GB Cellular,60,iPad 4,2012,iPad,iPad,4.0,,9.7,,,,32.0,,Wi-Fi + Cellular
Retailer Trade-in,Switch,iPad,iPad 4 9.7-inch,32GB Wi-Fi,50,iPad 4,2012,iPad,iPad,4.0,,9.7,,,,32.0,,Wi-Fi
Retailer Trade-in,Switch,iPad,iPad 4 9.7-inch,64GB Cellular,60,iPad 4,2012,iPad,iPad,4.0,,9.7,,,,64.0,,Wi-Fi + Cellular
Retailer Trade-in,Switch,iPad,iPad 4 9.7-inch,64GB Wi-Fi,50,iPad 4,2012,iPad,iPad,4.0,,9.7,,,,64.0,,Wi-Fi
Retailer Trade-in,Switch,iPad,iPad 4 9.7-inch,128GB Cellular,60,iPad 4,2012,iPad,iPad,4.0,,9.7,,,,128.0,,Wi-Fi + Cellular
Retailer Trade-in,Switch,iPad,iPad 4 9.7-inch,128GB Wi-Fi,50,iPad 4,2012,iPad,iPad,4.0,,9.7,,,,128.0,,Wi-Fi
Retailer Trade-in,Switch,iPad,iPad 5 9.7-inch,32GB Cellular,100,iPad 5,2017,iPad,iPad,5.0,,9.7,,,,32.0,,Wi-Fi + Cellular
Retailer Trade-in,Switch,iPad,iPad 5 9.7-inch,32GB Wi-Fi,80,iPad 5,2017,iPad,iPad,5.0,,9.7,,,,32.0,,Wi-Fi
Retailer Trade-in,Switch,iPad,iPad 5 9.7-inch,128GB Cellular,130,iPad 5,2017,iPad,iPad,5.0,,9.7,,,,128.0,,Wi-Fi + Cellular
Retailer Trade-in,Switch,iPad,iPad 5 9.7-inch,128GB Wi-Fi,100,iPad 5,2017,iPad,iPad,5.0,,9.7,,,,128.0,,Wi-Fi
Retailer Trade-in,Switch,iPad,iPad 6 9.7-inch,32GB Cellular,130,iPad 6,2018,iPad,iPad,6.0,,9.7,,,,32.0,,Wi-Fi + Cellular
Retailer Trade-in,Switch,iPad,iPad 6 9.7-inch,32GB Wi-Fi,100,iPad 6,2018,iPad,iPad,6.0,,9.7,,,,32.0,,Wi-Fi
Retailer Trade-in,Switch,iPad,iPad 6 9.7-inch,128GB Cellular,170,iPad 6,2018,iPad,iPad,6.0,,9.7,,,,128.0,,Wi-Fi + Cellular
Retailer Trade-in,Switch,iPad,iPad 6 9.7-inch,128GB Wi-Fi,130,iPad 6,2018,iPad,iPad,6.0,,9.7,,,,128.0,,Wi-Fi
Retailer Trade-in,Switch,iPad,iPad 7 10.2‑inch,32GB Cellular,170,iPad 7 10.2‑inch,2019,iPad,iPad,7.0,,,,,,32.0,,Wi-Fi + Cellular
Retailer Trade-in,Switch,iPad,iPad 7 10.2‑inch,32GB Wi-Fi,150,iPad 7 10.2‑inch,2019,iPad,iPad,7.0,,,,,,32.0,,Wi-Fi
Retailer Trade-in,Switch,iPad,iPad 7 10.2‑inch,128GB Cellular,340,iPad 7 10.2‑inch,2019,iPad,iPad,7.0,,,,,,128.0,,Wi-Fi + Cellular
Retailer Trade-in,Switch,iPad,iPad 7 10.2‑inch,128GB Wi-Fi,240,iPad 7 10.2‑inch,2019,iPad,iPad,7.0,,,,,,128.0,,Wi-Fi
Retailer Trade-in,Switch,iPad,iPad 8 10.2-inch,32GB Cellular,310,iPad 8,2020,iPad,iPad,8.0,,10.2,,,,32.0,,Wi-Fi + Cellular
Retailer Trade-in,Switch,iPad,iPad 8 10.2-inch,32GB Wi-Fi,200,iPad 8,2020,iPad,iPad,8.0,,10.2,,,,32.0,,Wi-Fi
Retailer Trade-in,Switch,iPad,iPad 8 10.2-inch,128GB Cellular,360,iPad 8,2020,iPad,iPad,8.0,,10.2,,,,128.0,,Wi-Fi + Cellular
Retailer Trade-in,Switch,iPad,iPad 8 10.2-inch,128GB Wi-Fi,260,iPad 8,2020,iPad,iPad,8.0,,10.2,,,,128.0,,Wi-Fi
Retailer Trade-in,Switch,iPad,iPad 9 10.2-inch,64GB Cellular,350,iPad 9,2021,iPad,iPad,9.0,,10.2,,,,64.0,,Wi-Fi + Cellular
Retailer Trade-in,Switch,iPad,iPad 9 10.2-inch,64GB Wi-Fi,300,iPad 9,2021,iPad,iPad,9.0,,10.2,,,,64.0,,Wi-Fi
Retailer Trade-in,Switch,iPad,iPad 9 10.2-inch,256GB Cellular,450,iPad 9,2021,iPad,iPad,9.0,,10.2,,,,256.0,,Wi-Fi + Cellular
Retailer Trade-in,Switch,iPad,iPad 9 10.2-inch,256GB Wi-Fi,400,iPad 9,2021,iPad,iPad,9.0,,10.2,,,,256.0,,Wi-Fi
Retailer Trade-in,Switch,iPad,iPad Air 1,16GB Cellular,60,iPad Air 1,2013,iPad,iPad Air,1.0,,,,,,16.0,,Wi-Fi + Cellular
Retailer Trade-in,Switch,iPad,iPad Air 1,16GB Wi-Fi,40,iPad Air 1,2013,iPad,iPad Air,1.0,,,,,,16.0,,Wi-Fi
Retailer Trade-in,Switch,iPad,iPad Air 1,32GB Cellular,80,iPad Air 1,2013,iPad,iPad Air,1.0,,,,,,32.0,,Wi-Fi + Cellular
Retailer Trade-in,Switch,iPad,iPad Air 1,32GB Wi-Fi,60,iPad Air 1,2013,iPad,iPad Air,1.0,,,,,,32.0,,Wi-Fi
Retailer Trade-in,Switch,iPad,iPad Air 1,64GB Cellular,90,iPad Air 1,2013,iPad,iPad Air,1.0,,,,,,64.0,,Wi-Fi + Cellular
Retailer Trade-in,Switch,iPad,iPad Air 1,64GB Wi-Fi,70,iPad Air 1,2013,iPad,iPad Air,1.0,,,,,,64.0,,Wi-Fi
Retailer Trade-in,Switch,iPad,iPad Air 1,128GB Cellular,100,iPad Air 1,2013,iPad,iPad Air,1.0,,,,,,128.0,,Wi-Fi + Cellular
Retailer Trade-in,Switch,iPad,iPad Air 1,128GB Wi-Fi,80,iPad Air 1,2013,iPad,iPad Air,1.0,,,,,,128.0,,Wi-Fi
Retailer Trade-in,Switch,iPad,iPad Air 2,16GB Cellular,100,iPad Air 2,2014,iPad,iPad Air,2.0,,,,,,16.0,,Wi-Fi + Cellular
Retailer Trade-in,Switch,iPad,iPad Air 2,16GB Wi-Fi,80,iPad Air 2,2014,iPad,iPad Air,2.0,,,,,,16.0,,Wi-Fi
Retailer Trade-in,Switch,iPad,iPad Air 2,32GB Cellular,120,iPad Air 2,2014,iPad,iPad Air,2.0,,,,,,32.0,,Wi-Fi + Cellular
Retailer Trade-in,Switch,iPad,iPad Air 2,32GB Wi-Fi,90,iPad Air 2,2014,iPad,iPad Air,2.0,,,,,,32.0,,Wi-Fi
Retailer Trade-in,Switch,iPad,iPad Air 2,64GB Cellular,130,iPad Air 2,2014,iPad,iPad Air,2.0,,,,,,64.0,,Wi-Fi + Cellular
Retailer Trade-in,Switch,iPad,iPad Air 2,64GB Wi-Fi,100,iPad Air 2,2014,iPad,iPad Air,2.0,,,,,,64.0,,Wi-Fi
Retailer Trade-in,Switch,iPad,iPad Air 2,128GB Cellular,150,iPad Air 2,2014,iPad,iPad Air,2.0,,,,,,128.0,,Wi-Fi + Cellular
Retailer Trade-in,Switch,iPad,iPad Air 2,128GB Wi-Fi,120,iPad Air 2,2014,iPad,iPad Air,2.0,,,,,,128.0,,Wi-Fi
Retailer Trade-in,Switch,iPad,iPad Air 3,64GB Cellular,350,iPad Air 3,2019,iPad,iPad Air,3.0,,,,,,64.0,,Wi-Fi + Cellular
Retailer Trade-in,Switch,iPad,iPad Air 3,64GB Wi-Fi,250,iPad Air 3,2019,iPad,iPad Air,3.0,,,,,,64.0,,Wi-Fi
Retailer Trade-in,Switch,iPad,iPad Air 3,256GB Cellular,500,iPad Air 3,2019,iPad,iPad Air,3.0,,,,,,256.0,,Wi-Fi + Cellular
Retailer Trade-in,Switch,iPad,iPad Air 3,256GB Wi-Fi,400,iPad Air 3,2019,iPad,iPad Air,3.0,,,,,,256.0,,Wi-Fi
Retailer Trade-in,Switch,iPad,iPad Air 4,64GB Cellular,730,iPad Air 4,2020,iPad,iPad Air,4.0,,,,,,64.0,,Wi-Fi + Cellular
Retailer Trade-in,Switch,iPad,iPad Air 4,64GB Wi-Fi,560,iPad Air 4,2020,iPad,iPad Air,4.0,,,,,,64.0,,Wi-Fi
Retailer Trade-in,Switch,iPad,iPad Air 4,256GB Cellular,850,iPad Air 4,2020,iPad,iPad Air,4.0,,,,,,256.0,,Wi-Fi + Cellular
Retailer Trade-in,Switch,iPad,iPad Air 4,256GB Wi-Fi,700,iPad Air 4,2020,iPad,iPad Air,4.0,,,,,,256.0,,Wi-Fi
Retailer Trade-in,Switch,iPad,iPad Air 5,64GB Cellular,950,iPad Air 5,2022,iPad,iPad Air,5.0,,,,,,64.0,,Wi-Fi + Cellular
Retailer Trade-in,Switch,iPad,iPad Air 5,64GB Wi-Fi,840,iPad Air 5,2022,iPad,iPad Air,5.0,,,,,,64.0,,Wi-Fi
Retailer Trade-in,Switch,iPad,iPad Air 5,256GB Cellular,1050,iPad Air 5,2022,iPad,iPad Air,5.0,,,,,,256.0,,Wi-Fi + Cellular
Retailer Trade-in,Switch,iPad,iPad Air 5,256GB Wi-Fi,950,iPad Air 5,2022,iPad,iPad Air,5.0,,,,,,256.0,,Wi-Fi
Retailer Trade-in,Switch,iPad,iPad Air 6 M2 11-inch,"128GB, Cellular",1400,iPad Air 6,2024,iPad,iPad Air,6.0,,11.0,,,,128.0,,Wi-Fi + Cellular
Retailer Trade-in,Switch,iPad,iPad Air 6 M2 11-inch,"256GB, Cellular",1530,iPad Air 6,2024,iPad,iPad Air,6.0,,11.0,,,,256.0,,Wi-Fi + Cellular
Retailer Trade-in,Switch,iPad,iPad Air 6 M2 11-inch,"512GB, Cellular",1650,iPad Air 6,2024,iPad,iPad Air,6.0,,11.0,,,,512.0,,Wi-Fi + Cellular
Retailer Trade-in,Switch,iPad,iPad Air 6 M2 11-inch,"1TB, Cellular",1850,iPad Air 6,2024,iPad,iPad Air,6.0,,11.0,,,,1024.0,,Wi-Fi + Cellular
Retailer Trade-in,Switch,iPad,iPad Air 6 M2 11-inch,"128GB, Wi-Fi",1050,iPad Air 6,2024,iPad,iPad Air,6.0,,11.0,,,,128.0,,Wi-Fi
Retailer Trade-in,Switch,iPad,iPad Air 6 M2 11-inch,"256GB, Wi-Fi",1150,iPad Air 6,2024,iPad,iPad Air,6.0,,11.0,,,,256.0,,Wi-Fi
Retailer Trade-in,Switch,iPad,iPad Air 6 M2 11-inch,"512GB, Wi-Fi",1300,iPad Air 6,2024,iPad,iPad Air,6.0,,11.0,,,,512.0,,Wi-Fi
Retailer Trade-in,Switch,iPad,iPad Air 6 M2 11-inch,"1TB, Wi-Fi",1450,iPad Air 6,2024,iPad,iPad Air,6.0,,11.0,,,,1024.0,,Wi-Fi
Retailer Trade-in,Switch,iPad,iPad Air 6 M2 13-inch,"128GB, Cellular",1580,iPad Air 6,2024,iPad,iPad Air,6.0,,13.0,,,,128.0,,Wi-Fi + Cellular
Retailer Trade-in,Switch,iPad,iPad Air 6 M2 13-inch,"256GB, Cellular",1780,iPad Air 6,2024,iPad,iPad Air,6.0,,13.0,,,,256.0,,Wi-Fi + Cellular
Retailer Trade-in,Switch,iPad,iPad Air 6 M2 13-inch,"512GB, Cellular",1900,iPad Air 6,2024,iPad,iPad Air,6.0,,13.0,,,,512.0,,Wi-Fi + Cellular
Retailer Trade-in,Switch,iPad,iPad Air 6 M2 13-inch,"1TB, Cellular",2100,iPad Air 6,2024,iPad,iPad Air,6.0,,13.0,,,,1024.0,,Wi-Fi + Cellular
Retailer Trade-in,Switch,iPad,iPad Air 6 M2 13-inch,"128GB, Wi-Fi",1300,iPad Air 6,2024,iPad,iPad Air,6.0,,13.0,,,,128.0,,Wi-Fi
Retailer Trade-in,Switch,iPad,iPad Air 6 M2 13-inch,"256GB, Wi-Fi",1480,iPad Air 6,2024,iPad,iPad Air,6.0,,13.0,,,,256.0,,Wi-Fi
Retailer Trade-in,Switch,iPad,iPad Air 6 M2 13-inch,"512GB, Wi-Fi",1700,iPad Air 6,2024,iPad,iPad Air,6.0,,13.0,,,,512.0,,Wi-Fi
Retailer Trade-in,Switch,iPad,iPad Air 6 M2 13-inch,"1TB, Wi-Fi",1850,iPad Air 6,2024,iPad,iPad Air,6.0,,13.0,,,,1024.0,,Wi-Fi
Retailer Trade-in,Switch,iPad,iPad Air 7 M3 11-inch,"128GB, Cellular",1660,iPad Air 7,2025,iPad,iPad Air,7.0,,11.0,,,,128.0,,Wi-Fi + Cellular
Retailer Trade-in,Switch,iPad,iPad Air 7 M3 11-inch,"256GB, Cellular",1850,iPad Air 7,2025,iPad,iPad Air,7.0,,11.0,,,,256.0,,Wi-Fi + Cellular
Retailer Trade-in,Switch,iPad,iPad Air 7 M3 11-inch,"512GB, Cellular",2100,iPad Air 7,2025,iPad,iPad Air,7.0,,11.0,,,,512.0,,Wi-Fi + Cellular
Retailer Trade-in,Switch,iPad,iPad Air 7 M3 11-inch,"1TB, Cellular",2350,iPad Air 7,2025,iPad,iPad Air,7.0,,11.0,,,,1024.0,,Wi-Fi + Cellular
Retailer Trade-in,Switch,iPad,iPad Air 7 M3 11-inch,"128GB, Wi-Fi",1280,iPad Air 7,2025,iPad,iPad Air,7.0,,11.0,,,,128.0,,Wi-Fi
Retailer Trade-in,Switch,iPad,iPad Air 7 M3 11-inch,"256GB, Wi-Fi",1480,iPad Air 7,2025,iPad,iPad Air,7.0,,11.0,,,,256.0,,Wi-Fi
Retailer Trade-in,Switch,iPad,iPad Air 7 M3 11-inch,"512GB, Wi-Fi",1700,iPad Air 7,2025,iPad,iPad Air,7.0,,11.0,,,,512.0,,Wi-Fi
Retailer Trade-in,Switch,iPad,iPad Air 7 M3 11-inch,"1TB, Wi-Fi",1900,iPad Air 7,2025,iPad,iPad Air,7.0,,11.0,,,,1024.0,,Wi-Fi
Retailer Trade-in,Switch,iPad,iPad Air 7 M3 13-inch,"128GB, Cellular",1930,iPad Air 7,2025,iPad,iPad Air,7.0,,13.0,,,,128.0,,Wi-Fi + Cellular
Retailer Trade-in,Switch,iPad,iPad Air 7 M3 13-inch,"256GB, Cellular",2150,iPad Air 7,2025,iPad,iPad Air,7.0,,13.0,,,,256.0,,Wi-Fi + Cellular
Retailer Trade-in,Switch,iPad,iPad Air 7 M3 13-inch,"512GB, Cellular",2400,iPad Air 7,2025,iPad,iPad Air,7.0,,13.0,,,,512.0,,Wi-Fi + Cellular
Retailer Trade-in,Switch,iPad,iPad Air 7 M3 13-inch,"1TB, Cellular",2700,iPad Air 7,2025,iPad,iPad Air,7.0,,13.0,,,,1024.0,,Wi-Fi + Cellular
Retailer Trade-in,Switch,iPad,iPad Air 7 M3 13-inch,"128GB, Wi-Fi",1680,iPad Air 7,2025,iPad,iPad Air,7.0,,13.0,,,,128.0,,Wi-Fi
Retailer Trade-in,Switch,iPad,iPad Air 7 M3 13-inch,"256GB, Wi-Fi",1870,iPad Air 7,2025,iPad,iPad Air,7.0,,13.0,,,,256.0,,Wi-Fi
Retailer Trade-in,Switch,iPad,iPad Air 7 M3 13-inch,"512GB, Wi-Fi",2100,iPad Air 7,2025,iPad,iPad Air,7.0,,13.0,,,,512.0,,Wi-Fi
Retailer Trade-in,Switch,iPad,iPad Air 7 M3 13-inch,"1TB, Wi-Fi",2450,iPad Air 7,2025,iPad,iPad Air,7.0,,13.0,,,,1024.0,,Wi-Fi
Retailer Trade-in,Switch,iPad,iPad Mini,16GB Cellular,40,iPad mini,NaN,iPad,iPad mini,,,,,,,16.0,,Wi-Fi + Cellular
Retailer Trade-in,Switch,iPad,iPad Mini,16GB Wi-Fi,40,iPad mini,NaN,iPad,iPad mini,,,,,,,16.0,,Wi-Fi
Retailer Trade-in,Switch,iPad,iPad Mini,32GB Cellular,40,iPad mini,NaN,iPad,iPad mini,,,,,,,32.0,,Wi-Fi + Cellular
Retailer Trade-in,Switch,iPad,iPad Mini,32GB Wi-Fi,40,iPad mini,NaN,iPad,iPad mini,,,,,,,32.0,,Wi-Fi
Retailer Trade-in,Switch,iPad,iPad Mini,64GB Cellular,40,iPad mini,NaN,iPad,iPad mini,,,,,,,64.0,,Wi-Fi + Cellular
Retailer Trade-in,Switch,iPad,iPad Mini,64GB Wi-Fi,40,iPad mini,NaN,iPad,iPad mini,,,,,,,64.0,,Wi-Fi
Retailer Trade-in,Switch,iPad,iPad Mini 2,16GB Cellular,60,iPad mini 2,2013,iPad,iPad mini,2.0,,,,,,16.0,,Wi-Fi + Cellular
Retailer Trade-in,Switch,iPad,iPad Mini 2,16GB Wi-Fi,40,iPad mini 2,2013,iPad,iPad mini,2.0,,,,,,16.0,,Wi-Fi
Retailer Trade-in,Switch,iPad,iPad Mini 2,32GB Cellular,60,iPad mini 2,2013,iPad,iPad mini,2.0,,,,,,32.0,,Wi-Fi + Cellular
Retailer Trade-in,Switch,iPad,iPad Mini 2,32GB Wi-Fi,40,iPad mini 2,2013,iPad,iPad mini,2.0,,,,,,32.0,,Wi-Fi
Retailer Trade-in,Switch,iPad,iPad Mini 2,64GB Cellular,60,iPad mini 2,2013,iPad,iPad mini,2.0,,,,,,64.0,,Wi-Fi + Cellular
Retailer Trade-in,Switch,iPad,iPad Mini 2,64GB Wi-Fi,40,iPad mini 2,2013,iPad,iPad mini,2.0,,,,,,64.0,,Wi-Fi
Retailer Trade-in,Switch,iPad,iPad Mini 2,128GB Cellular,60,iPad mini 2,2013,iPad,iPad mini,2.0,,,,,,128.0,,Wi-Fi + Cellular
Retailer Trade-in,Switch,iPad,iPad Mini 2,128GB Wi-Fi,40,iPad mini 2,2013,iPad,iPad mini,2.0,,,,,,128.0,,Wi-Fi
Retailer Trade-in,Switch,iPad,iPad Mini 3,16GB Cellular,90,iPad mini 3,2014,iPad,iPad mini,3.0,,,,,,16.0,,Wi-Fi + Cellular
Retailer Trade-in,Switch,iPad,iPad Mini 3,16GB Wi-Fi,80,iPad mini 3,2014,iPad,iPad mini,3.0,,,,,,16.0,,Wi-Fi
Retailer Trade-in,Switch,iPad,iPad Mini 3,64GB Cellular,120,iPad mini 3,2014,iPad,iPad mini,3.0,,,,,,64.0,,Wi-Fi + Cellular
Retailer Trade-in,Switch,iPad,iPad Mini 3,64GB Wi-Fi,100,iPad mini 3,2014,iPad,iPad mini,3.0,,,,,,64.0,,Wi-Fi
Retailer Trade-in,Switch,iPad,iPad Mini 3,128GB Cellular,150,iPad mini 3,2014,iPad,iPad mini,3.0,,,,,,128.0,,Wi-Fi + Cellular
Retailer Trade-in,Switch,iPad,iPad Mini 3,128GB Wi-Fi,130,iPad mini 3,2014,iPad,iPad mini,3.0,,,,,,128.0,,Wi-Fi
Retailer Trade-in,Switch,iPad,iPad Mini 4,16GB Cellular,120,iPad mini 4,2015,iPad,iPad mini,4.0,,,,,,16.0,,Wi-Fi + Cellular
Retailer Trade-in,Switch,iPad,iPad Mini 4,16GB Wi-Fi,100,iPad mini 4,2015,iPad,iPad mini,4.0,,,,,,16.0,,Wi-Fi
Retailer Trade-in,Switch,iPad,iPad Mini 4,32GB Cellular,170,iPad mini 4,2015,iPad,iPad mini,4.0,,,,,,32.0,,Wi-Fi + Cellular
Retailer Trade-in,Switch,iPad,iPad Mini 4,32GB Wi-Fi,140,iPad mini 4,2015,iPad,iPad mini,4.0,,,,,,32.0,,Wi-Fi
Retailer Trade-in,Switch,iPad,iPad Mini 4,64GB Cellular,200,iPad mini 4,2015,iPad,iPad mini,4.0,,,,,,64.0,,Wi-Fi + Cellular
Retailer Trade-in,Switch,iPad,iPad Mini 4,64GB Wi-Fi,170,iPad mini 4,2015,iPad,iPad mini,4.0,,,,,,64.0,,Wi-Fi
Retailer Trade-in,Switch,iPad,iPad Mini 4,128GB Cellular,250,iPad mini 4,2015,iPad,iPad mini,4.0,,,,,,128.0,,Wi-Fi + Cellular
Retailer Trade-in,Switch,iPad,iPad Mini 4,128GB Wi-Fi,200,iPad mini 4,2015,iPad,iPad mini,4.0,,,,,,128.0,,Wi-Fi
Retailer Trade-in,Switch,iPad,iPad Mini 5,64GB Cellular,350,iPad mini 5,2019,iPad,iPad mini,5.0,,,,,,64.0,,Wi-Fi + Cellular
Retailer Trade-in,Switch,iPad,iPad Mini 5,64GB Wi-Fi,300,iPad mini 5,2019,iPad,iPad mini,5.0,,,,,,64.0,,Wi-Fi
Retailer Trade-in,Switch,iPad,iPad Mini 5,256GB Cellular,400,iPad mini 5,2019,iPad,iPad mini,5.0,,,,,,256.0,,Wi-Fi + Cellular
Retailer Trade-in,Switch,iPad,iPad Mini 5,256GB Wi-Fi,350,iPad mini 5,2019,iPad,iPad mini,5.0,,,,,,256.0,,Wi-Fi
Retailer Trade-in,Switch,iPad,iPad Mini 6,64GB Cellular,800,iPad mini 6,2021,iPad,iPad mini,6.0,,,,,,64.0,,Wi-Fi + Cellular
Retailer Trade-in,Switch,iPad,iPad Mini 6,64GB Wi-Fi,590,iPad mini 6,2021,iPad,iPad mini,6.0,,,,,,64.0,,Wi-Fi
Retailer Trade-in,Switch,iPad,iPad Mini 6,256GB Cellular,900,iPad mini 6,2021,iPad,iPad mini,6.0,,,,,,256.0,,Wi-Fi + Cellular
Retailer Trade-in,Switch,iPad,iPad Mini 6,256GB Wi-Fi,700,iPad mini 6,2021,iPad,iPad mini,6.0,,,,,,256.0,,Wi-Fi
Retailer Trade-in,Switch,iPad,iPad Mini 7,"128GB, Cellular",1070,iPad mini 7,2024,iPad,iPad mini,7.0,,,,,,128.0,,Wi-Fi + Cellular
Retailer Trade-in,Switch,iPad,iPad Mini 7,"256GB, Cellular",1290,iPad mini 7,2024,iPad,iPad mini,7.0,,,,,,256.0,,Wi-Fi + Cellular
Retailer Trade-in,Switch,iPad,iPad Mini 7,"512GB, Cellular",1520,iPad mini 7,2024,iPad,iPad mini,7.0,,,,,,512.0,,Wi-Fi + Cellular
Retailer Trade-in,Switch,iPad,iPad Mini 7,"128GB, Wi-Fi",890,iPad mini 7,2024,iPad,iPad mini,7.0,,,,,,128.0,,Wi-Fi
Retailer Trade-in,Switch,iPad,iPad Mini 7,"256GB, Wi-Fi",1010,iPad mini 7,2024,iPad,iPad mini,7.0,,,,,,256.0,,Wi-Fi
Retailer Trade-in,Switch,iPad,iPad Mini 7,"512GB, Wi-Fi",1350,iPad mini 7,2024,iPad,iPad mini,7.0,,,,,,512.0,,Wi-Fi
Retailer Trade-in,Switch,iPad,iPad Pro 10.5‑inch 2017,64GB Cellular,200,iPad Pro 10.5‑inch 2017,2017,iPad,iPad Pro,10.0,2017,,,,,64.0,,Wi-Fi + Cellular
Retailer Trade-in,Switch,iPad,iPad Pro 10.5‑inch 2017,64GB Wi-Fi,150,iPad Pro 10.5‑inch 2017,2017,iPad,iPad Pro,10.0,2017,,,,,64.0,,Wi-Fi
Retailer Trade-in,Switch,iPad,iPad Pro 10.5‑inch 2017,256GB Cellular,300,iPad Pro 10.5‑inch 2017,2017,iPad,iPad Pro,10.0,2017,,,,,256.0,,Wi-Fi + Cellular
Retailer Trade-in,Switch,iPad,iPad Pro 10.5‑inch 2017,256GB Wi-Fi,250,iPad Pro 10.5‑inch 2017,2017,iPad,iPad Pro,10.0,2017,,,,,256.0,,Wi-Fi
Retailer Trade-in,Switch,iPad,iPad Pro 10.5‑inch 2017,512GB Cellular,350,iPad Pro 10.5‑inch 2017,2017,iPad,iPad Pro,10.0,2017,,,,,512.0,,Wi-Fi + Cellular
Retailer Trade-in,Switch,iPad,iPad Pro 10.5‑inch 2017,512GB Wi-Fi,300,iPad Pro 10.5‑inch 2017,2017,iPad,iPad Pro,10.0,2017,,,,,512.0,,Wi-Fi
Retailer Trade-in,Switch,iPad,iPad Pro 11-inch (Gen 2) 2020,128GB Cellular,830,iPad Pro (Gen 2) 2020,2020,iPad,iPad Pro,2.0,2020,11.0,,,,128.0,,Wi-Fi + Cellular
Retailer Trade-in,Switch,iPad,iPad Pro 11-inch (Gen 2) 2020,128GB Wi-Fi,750,iPad Pro (Gen 2) 2020,2020,iPad,iPad Pro,2.0,2020,11.0,,,,128.0,,Wi-Fi
Retailer Trade-in,Switch,iPad,iPad Pro 11-inch (Gen 2) 2020,256GB Cellular,930,iPad Pro (Gen 2) 2020,2020,iPad,iPad Pro,2.0,2020,11.0,,,,256.0,,Wi-Fi + Cellular
Retailer Trade-in,Switch,iPad,iPad Pro 11-inch (Gen 2) 2020,256GB Wi-Fi,830,iPad Pro (Gen 2) 2020,2020,iPad,iPad Pro,2.0,2020,11.0,,,,256.0,,Wi-Fi
Retailer Trade-in,Switch,iPad,iPad Pro 11-inch (Gen 2) 2020,512GB Cellular,1100,iPad Pro (Gen 2) 2020,2020,iPad,iPad Pro,2.0,2020,11.0,,,,512.0,,Wi-Fi + Cellular
Retailer Trade-in,Switch,iPad,iPad Pro 11-inch (Gen 2) 2020,512GB Wi-Fi,950,iPad Pro (Gen 2) 2020,2020,iPad,iPad Pro,2.0,2020,11.0,,,,512.0,,Wi-Fi
Retailer Trade-in,Switch,iPad,iPad Pro 11-inch (Gen 2) 2020,1TB Cellular,1130,iPad Pro (Gen 2) 2020,2020,iPad,iPad Pro,2.0,2020,11.0,,,,1024.0,,Wi-Fi + Cellular
Retailer Trade-in,Switch,iPad,iPad Pro 11-inch (Gen 2) 2020,1TB Wi-Fi,1000,iPad Pro (Gen 2) 2020,2020,iPad,iPad Pro,2.0,2020,11.0,,,,1024.0,,Wi-Fi
Retailer Trade-in,Switch,iPad,iPad Pro 11-inch (Gen 3) 2021,128GB Cellular,1130,iPad Pro (Gen 3) 2021,2021,iPad,iPad Pro,3.0,2021,11.0,,,,128.0,,Wi-Fi + Cellular
Retailer Trade-in,Switch,iPad,iPad Pro 11-inch (Gen 3) 2021,128GB Wi-Fi,1030,iPad Pro (Gen 3) 2021,2021,iPad,iPad Pro,3.0,2021,11.0,,,,128.0,,Wi-Fi
Retailer Trade-in,Switch,iPad,iPad Pro 11-inch (Gen 3) 2021,256GB Cellular,1320,iPad Pro (Gen 3) 2021,2021,iPad,iPad Pro,3.0,2021,11.0,,,,256.0,,Wi-Fi + Cellular
Retailer Trade-in,Switch,iPad,iPad Pro 11-inch (Gen 3) 2021,256GB Wi-Fi,1200,iPad Pro (Gen 3) 2021,2021,iPad,iPad Pro,3.0,2021,11.0,,,,256.0,,Wi-Fi
Retailer Trade-in,Switch,iPad,iPad Pro 11-inch (Gen 3) 2021,512GB Cellular,1480,iPad Pro (Gen 3) 2021,2021,iPad,iPad Pro,3.0,2021,11.0,,,,512.0,,Wi-Fi + Cellular
Retailer Trade-in,Switch,iPad,iPad Pro 11-inch (Gen 3) 2021,512GB Wi-Fi,1330,iPad Pro (Gen 3) 2021,2021,iPad,iPad Pro,3.0,2021,11.0,,,,512.0,,Wi-Fi
Retailer Trade-in,Switch,iPad,iPad Pro 11-inch (Gen 3) 2021,1TB Cellular,1560,iPad Pro (Gen 3) 2021,2021,iPad,iPad Pro,3.0,2021,11.0,,,,1024.0,,Wi-Fi + Cellular
Retailer Trade-in,Switch,iPad,iPad Pro 11-inch (Gen 3) 2021,1TB Wi-Fi,1370,iPad Pro (Gen 3) 2021,2021,iPad,iPad Pro,3.0,2021,11.0,,,,1024.0,,Wi-Fi
Retailer Trade-in,Switch,iPad,iPad Pro 11-inch (Gen 3) 2021,2TB Cellular,1750,iPad Pro (Gen 3) 2021,2021,iPad,iPad Pro,3.0,2021,11.0,,,,2048.0,,Wi-Fi + Cellular
Retailer Trade-in,Switch,iPad,iPad Pro 11-inch (Gen 3) 2021,2TB Wi-Fi,1560,iPad Pro (Gen 3) 2021,2021,iPad,iPad Pro,3.0,2021,11.0,,,,2048.0,,Wi-Fi
Retailer Trade-in,Switch,iPad,iPad Pro 11-inch M2 (Gen 4) 2022,128GB Cellular,1400,iPad Pro (Gen 4) 2022,2022,iPad,iPad Pro,4.0,2022,11.0,,,,128.0,,Wi-Fi + Cellular
Retailer Trade-in,Switch,iPad,iPad Pro 11-inch M2 (Gen 4) 2022,128GB Wi-Fi,1230,iPad Pro (Gen 4) 2022,2022,iPad,iPad Pro,4.0,2022,11.0,,,,128.0,,Wi-Fi
Retailer Trade-in,Switch,iPad,iPad Pro 11-inch M2 (Gen 4) 2022,256GB Cellular,1530,iPad Pro (Gen 4) 2022,2022,iPad,iPad Pro,4.0,2022,11.0,,,,256.0,,Wi-Fi + Cellular
Retailer Trade-in,Switch,iPad,iPad Pro 11-inch M2 (Gen 4) 2022,256GB Wi-Fi,1380,iPad Pro (Gen 4) 2022,2022,iPad,iPad Pro,4.0,2022,11.0,,,,256.0,,Wi-Fi
Retailer Trade-in,Switch,iPad,iPad Pro 11-inch M2 (Gen 4) 2022,512GB Cellular,1650,iPad Pro (Gen 4) 2022,2022,iPad,iPad Pro,4.0,2022,11.0,,,,512.0,,Wi-Fi + Cellular
Retailer Trade-in,Switch,iPad,iPad Pro 11-inch M2 (Gen 4) 2022,512GB Wi-Fi,1500,iPad Pro (Gen 4) 2022,2022,iPad,iPad Pro,4.0,2022,11.0,,,,512.0,,Wi-Fi
Retailer Trade-in,Switch,iPad,iPad Pro 11-inch M2 (Gen 4) 2022,1TB Cellular,1750,iPad Pro (Gen 4) 2022,2022,iPad,iPad Pro,4.0,2022,11.0,,,,1024.0,,Wi-Fi + Cellular
Retailer Trade-in,Switch,iPad,iPad Pro 11-inch M2 (Gen 4) 2022,1TB Wi-Fi,1600,iPad Pro (Gen 4) 2022,2022,iPad,iPad Pro,4.0,2022,11.0,,,,1024.0,,Wi-Fi
Retailer Trade-in,Switch,iPad,iPad Pro 11-inch M2 (Gen 4) 2022,2TB Cellular,1950,iPad Pro (Gen 4) 2022,2022,iPad,iPad Pro,4.0,2022,11.0,,,,2048.0,,Wi-Fi + Cellular
Retailer Trade-in,Switch,iPad,iPad Pro 11-inch M2 (Gen 4) 2022,2TB Wi-Fi,1800,iPad Pro (Gen 4) 2022,2022,iPad,iPad Pro,4.0,2022,11.0,,,,2048.0,,Wi-Fi
Retailer Trade-in,Switch,iPad,iPad Pro 11-inch M4 (Gen 5) 2024 Nano Glass,"1TB, Cellular",3000,iPad Pro (Gen 5) 2024 Nano Glass,2024,iPad,iPad Pro,5.0,2024,11.0,,,,1024.0,,Wi-Fi + Cellular
Retailer Trade-in,Switch,iPad,iPad Pro 11-inch M4 (Gen 5) 2024 Nano Glass,"2TB, Cellular",3550,iPad Pro (Gen 5) 2024 Nano Glass,2024,iPad,iPad Pro,5.0,2024,11.0,,,,2048.0,,Wi-Fi + Cellular
Retailer Trade-in,Switch,iPad,iPad Pro 11-inch M4 (Gen 5) 2024 Standard Glass,"256GB, Cellular",2100,iPad Pro (Gen 5) 2024 Standard Glass,2024,iPad,iPad Pro,5.0,2024,11.0,,,,256.0,,Wi-Fi + Cellular
Retailer Trade-in,Switch,iPad,iPad Pro 11-inch M4 (Gen 5) 2024 Standard Glass,"512GB, Cellular",2430,iPad Pro (Gen 5) 2024 Standard Glass,2024,iPad,iPad Pro,5.0,2024,11.0,,,,512.0,,Wi-Fi + Cellular
Retailer Trade-in,Switch,iPad,iPad Pro 11-inch M4 (Gen 5) 2024 Standard Glass,"1TB, Cellular",2950,iPad Pro (Gen 5) 2024 Standard Glass,2024,iPad,iPad Pro,5.0,2024,11.0,,,,1024.0,,Wi-Fi + Cellular
Retailer Trade-in,Switch,iPad,iPad Pro 11-inch M4 (Gen 5) 2024 Standard Glass,"2TB, Cellular",3500,iPad Pro (Gen 5) 2024 Standard Glass,2024,iPad,iPad Pro,5.0,2024,11.0,,,,2048.0,,Wi-Fi + Cellular
Retailer Trade-in,Switch,iPad,iPad Pro 11-inch M4 (Gen 5) 2024 Nano Glass,"1TB, Wi-Fi",2700,iPad Pro (Gen 5) 2024 Nano Glass,2024,iPad,iPad Pro,5.0,2024,11.0,,,,1024.0,,Wi-Fi
Retailer Trade-in,Switch,iPad,iPad Pro 11-inch M4 (Gen 5) 2024 Nano Glass,"2TB, Wi-Fi",3250,iPad Pro (Gen 5) 2024 Nano Glass,2024,iPad,iPad Pro,5.0,2024,11.0,,,,2048.0,,Wi-Fi
Retailer Trade-in,Switch,iPad,iPad Pro 11-inch M4 (Gen 5) 2024 Standard Glass,"256GB, Wi-Fi",1800,iPad Pro (Gen 5) 2024 Standard Glass,2024,iPad,iPad Pro,5.0,2024,11.0,,,,256.0,,Wi-Fi
Retailer Trade-in,Switch,iPad,iPad Pro 11-inch M4 (Gen 5) 2024 Standard Glass,"512GB, Wi-Fi",2180,iPad Pro (Gen 5) 2024 Standard Glass,2024,iPad,iPad Pro,5.0,2024,11.0,,,,512.0,,Wi-Fi
Retailer Trade-in,Switch,iPad,iPad Pro 11-inch M4 (Gen 5) 2024 Standard Glass,"1TB, Wi-Fi",2680,iPad Pro (Gen 5) 2024 Standard Glass,2024,iPad,iPad Pro,5.0,2024,11.0,,,,1024.0,,Wi-Fi
Retailer Trade-in,Switch,iPad,iPad Pro 11-inch M4 (Gen 5) 2024 Standard Glass,"2TB, Wi-Fi",3210,iPad Pro (Gen 5) 2024 Standard Glass,2024,iPad,iPad Pro,5.0,2024,11.0,,,,2048.0,,Wi-Fi
Retailer Trade-in,Switch,iPad,iPad Pro 11‑inch (Gen 1) 2018,64GB Cellular,650,iPad Pro 11‑inch (Gen 1) 2018,2018,iPad,iPad Pro,1.0,2018,,,,,64.0,,Wi-Fi + Cellular
Retailer Trade-in,Switch,iPad,iPad Pro 11‑inch (Gen 1) 2018,64GB Wi-Fi,550,iPad Pro 11‑inch (Gen 1) 2018,2018,iPad,iPad Pro,1.0,2018,,,,,64.0,,Wi-Fi
Retailer Trade-in,Switch,iPad,iPad Pro 11‑inch (Gen 1) 2018,256GB Cellular,750,iPad Pro 11‑inch (Gen 1) 2018,2018,iPad,iPad Pro,1.0,2018,,,,,256.0,,Wi-Fi + Cellular
Retailer Trade-in,Switch,iPad,iPad Pro 11‑inch (Gen 1) 2018,256GB Wi-Fi,650,iPad Pro 11‑inch (Gen 1) 2018,2018,iPad,iPad Pro,1.0,2018,,,,,256.0,,Wi-Fi
Retailer Trade-in,Switch,iPad,iPad Pro 11‑inch (Gen 1) 2018,512GB Cellular,850,iPad Pro 11‑inch (Gen 1) 2018,2018,iPad,iPad Pro,1.0,2018,,,,,512.0,,Wi-Fi + Cellular
Retailer Trade-in,Switch,iPad,iPad Pro 11‑inch (Gen 1) 2018,512GB Wi-Fi,750,iPad Pro 11‑inch (Gen 1) 2018,2018,iPad,iPad Pro,1.0,2018,,,,,512.0,,Wi-Fi
Retailer Trade-in,Switch,iPad,iPad Pro 11‑inch (Gen 1) 2018,1TB Cellular,950,iPad Pro 11‑inch (Gen 1) 2018,2018,iPad,iPad Pro,1.0,2018,,,,,1024.0,,Wi-Fi + Cellular
Retailer Trade-in,Switch,iPad,iPad Pro 11‑inch (Gen 1) 2018,1TB Wi-Fi,850,iPad Pro 11‑inch (Gen 1) 2018,2018,iPad,iPad Pro,1.0,2018,,,,,1024.0,,Wi-Fi
Retailer Trade-in,Switch,iPad,iPad Pro 12.9-inch (Gen 1) 2015,32GB Cellular,190,iPad Pro (Gen 1) 2015,2015,iPad,iPad Pro,1.0,2015,12.9,,,,32.0,,Wi-Fi + Cellular
Retailer Trade-in,Switch,iPad,iPad Pro 12.9-inch (Gen 1) 2015,32GB Wi-Fi,160,iPad Pro (Gen 1) 2015,2015,iPad,iPad Pro,1.0,2015,12.9,,,,32.0,,Wi-Fi
Retailer Trade-in,Switch,iPad,iPad Pro 12.9-inch (Gen 5) 2021,128GB Cellular,1280,iPad Pro (Gen 5) 2021,2021,iPad,iPad Pro,5.0,2021,12.9,,,,128.0,,Wi-Fi + Cellular
Retailer Trade-in,Switch,iPad,iPad Pro 12.9-inch (Gen 5) 2021,128GB Wi-Fi,1180,iPad Pro (Gen 5) 2021,2021,iPad,iPad Pro,5.0,2021,12.9,,,,128.0,,Wi-Fi
Retailer Trade-in,Switch,iPad,iPad Pro 12.9-inch (Gen 5) 2021,256GB Cellular,1380,iPad Pro (Gen 5) 2021,2021,iPad,iPad Pro,5.0,2021,12.9,,,,256.0,,Wi-Fi + Cellular
Retailer Trade-in,Switch,iPad,iPad Pro 12.9-inch (Gen 5) 2021,256GB Wi-Fi,1300,iPad Pro (Gen 5) 2021,2021,iPad,iPad Pro,5.0,2021,12.9,,,,256.0,,Wi-Fi
Retailer Trade-in,Switch,iPad,iPad Pro 12.9-inch (Gen 5) 2021,512GB Cellular,1510,iPad Pro (Gen 5) 2021,2021,iPad,iPad Pro,5.0,2021,12.9,,,,512.0,,Wi-Fi + Cellular
Retailer Trade-in,Switch,iPad,iPad Pro 12.9-inch (Gen 5) 2021,512GB Wi-Fi,1400,iPad Pro (Gen 5) 2021,2021,iPad,iPad Pro,5.0,2021,12.9,,,,512.0,,Wi-Fi
Retailer Trade-in,Switch,iPad,iPad Pro 12.9-inch (Gen 5) 2021,1TB Cellular,1660,iPad Pro (Gen 5) 2021,2021,iPad,iPad Pro,5.0,2021,12.9,,,,1024.0,,Wi-Fi + Cellular
Retailer Trade-in,Switch,iPad,iPad Pro 12.9-inch (Gen 5) 2021,1TB Wi-Fi,1510,iPad Pro (Gen 5) 2021,2021,iPad,iPad Pro,5.0,2021,12.9,,,,1024.0,,Wi-Fi
Retailer Trade-in,Switch,iPad,iPad Pro 12.9-inch (Gen 5) 2021,2TB Cellular,1810,iPad Pro (Gen 5) 2021,2021,iPad,iPad Pro,5.0,2021,12.9,,,,2048.0,,Wi-Fi + Cellular
Retailer Trade-in,Switch,iPad,iPad Pro 12.9-inch (Gen 5) 2021,2TB Wi-Fi,1740,iPad Pro (Gen 5) 2021,2021,iPad,iPad Pro,5.0,2021,12.9,,,,2048.0,,Wi-Fi
Retailer Trade-in,Switch,iPad,iPad Pro 12.9-inch M2 (Gen 6) 2022,128GB Cellular,1580,iPad Pro (Gen 6) 2022,2022,iPad,iPad Pro,6.0,2022,12.9,,,,128.0,,Wi-Fi + Cellular
Retailer Trade-in,Switch,iPad,iPad Pro 12.9-inch M2 (Gen 6) 2022,128GB Wi-Fi,1430,iPad Pro (Gen 6) 2022,2022,iPad,iPad Pro,6.0,2022,12.9,,,,128.0,,Wi-Fi
Retailer Trade-in,Switch,iPad,iPad Pro 12.9-inch M2 (Gen 6) 2022,256GB Cellular,1700,iPad Pro (Gen 6) 2022,2022,iPad,iPad Pro,6.0,2022,12.9,,,,256.0,,Wi-Fi + Cellular
Retailer Trade-in,Switch,iPad,iPad Pro 12.9-inch M2 (Gen 6) 2022,256GB Wi-Fi,1550,iPad Pro (Gen 6) 2022,2022,iPad,iPad Pro,6.0,2022,12.9,,,,256.0,,Wi-Fi
Retailer Trade-in,Switch,iPad,iPad Pro 12.9-inch M2 (Gen 6) 2022,512GB Cellular,1850,iPad Pro (Gen 6) 2022,2022,iPad,iPad Pro,6.0,2022,12.9,,,,512.0,,Wi-Fi + Cellular
Retailer Trade-in,Switch,iPad,iPad Pro 12.9-inch M2 (Gen 6) 2022,512GB Wi-Fi,1680,iPad Pro (Gen 6) 2022,2022,iPad,iPad Pro,6.0,2022,12.9,,,,512.0,,Wi-Fi
Retailer Trade-in,Switch,iPad,iPad Pro 12.9-inch M2 (Gen 6) 2022,1TB Cellular,1930,iPad Pro (Gen 6) 2022,2022,iPad,iPad Pro,6.0,2022,12.9,,,,1024.0,,Wi-Fi + Cellular
Retailer Trade-in,Switch,iPad,iPad Pro 12.9-inch M2 (Gen 6) 2022,1TB Wi-Fi,1880,iPad Pro (Gen 6) 2022,2022,iPad,iPad Pro,6.0,2022,12.9,,,,1024.0,,Wi-Fi
Retailer Trade-in,Switch,iPad,iPad Pro 12.9-inch M2 (Gen 6) 2022,2TB Cellular,2130,iPad Pro (Gen 6) 2022,2022,iPad,iPad Pro,6.0,2022,12.9,,,,2048.0,,Wi-Fi + Cellular
Retailer Trade-in,Switch,iPad,iPad Pro 12.9-inch M2 (Gen 6) 2022,2TB Wi-Fi,2080,iPad Pro (Gen 6) 2022,2022,iPad,iPad Pro,6.0,2022,12.9,,,,2048.0,,Wi-Fi
Retailer Trade-in,Switch,iPad,iPad Pro 12.9-inch (Gen 1) 2015,128GB Cellular,200,iPad Pro (Gen 1) 2015,2015,iPad,iPad Pro,1.0,2015,12.9,,,,128.0,,Wi-Fi + Cellular
Retailer Trade-in,Switch,iPad,iPad Pro 12.9-inch (Gen 1) 2015,128GB Wi-Fi,170,iPad Pro (Gen 1) 2015,2015,iPad,iPad Pro,1.0,2015,12.9,,,,128.0,,Wi-Fi
Retailer Trade-in,Switch,iPad,iPad Pro 12.9-inch (Gen 1) 2015,256GB Cellular,250,iPad Pro (Gen 1) 2015,2015,iPad,iPad Pro,1.0,2015,12.9,,,,256.0,,Wi-Fi + Cellular
Retailer Trade-in,Switch,iPad,iPad Pro 12.9-inch (Gen 1) 2015,256GB Wi-Fi,200,iPad Pro (Gen 1) 2015,2015,iPad,iPad Pro,1.0,2015,12.9,,,,256.0,,Wi-Fi
Retailer Trade-in,Switch,iPad,iPad Pro 12.9‑inch (Gen 2) 2017,64GB Cellular,410,iPad Pro 12.9‑inch (Gen 2) 2017,2017,iPad,iPad Pro,2.0,2017,,,,,64.0,,Wi-Fi + Cellular
Retailer Trade-in,Switch,iPad,iPad Pro 12.9‑inch (Gen 2) 2017,64GB Wi-Fi,380,iPad Pro 12.9‑inch (Gen 2) 2017,2017,iPad,iPad Pro,2.0,2017,,,,,64.0,,Wi-Fi
Retailer Trade-in,Switch,iPad,iPad Pro 12.9‑inch (Gen 2) 2017,256GB Cellular,480,iPad Pro 12.9‑inch (Gen 2) 2017,2017,iPad,iPad Pro,2.0,2017,,,,,256.0,,Wi-Fi + Cellular
Retailer Trade-in,Switch,iPad,iPad Pro 12.9‑inch (Gen 2) 2017,256GB Wi-Fi,430,iPad Pro 12.9‑inch (Gen 2) 2017,2017,iPad,iPad Pro,2.0,2017,,,,,256.0,,Wi-Fi
Retailer Trade-in,Switch,iPad,iPad Pro 12.9‑inch (Gen 2) 2017,512GB Cellular,580,iPad Pro 12.9‑inch (Gen 2) 2017,2017,iPad,iPad Pro,2.0,2017,,,,,512.0,,Wi-Fi + Cellular
Retailer Trade-in,Switch,iPad,iPad Pro 12.9‑inch (Gen 2) 2017,512GB Wi-Fi,560,iPad Pro 12.9‑inch (Gen 2) 2017,2017,iPad,iPad Pro,2.0,2017,,,,,512.0,,Wi-Fi
Retailer Trade-in,Switch,iPad,iPad Pro 12.9‑inch (Gen 3) 2018,64GB Cellular,750,iPad Pro 12.9‑inch (Gen 3) 2018,2018,iPad,iPad Pro,3.0,2018,,,,,64.0,,Wi-Fi + Cellular
Retailer Trade-in,Switch,iPad,iPad Pro 12.9‑inch (Gen 3) 2018,64GB Wi-Fi,650,iPad Pro 12.9‑inch (Gen 3) 2018,2018,iPad,iPad Pro,3.0,2018,,,,,64.0,,Wi-Fi
Retailer Trade-in,Switch,iPad,iPad Pro 12.9‑inch (Gen 3) 2018,256GB Cellular,850,iPad Pro 12.9‑inch (Gen 3) 2018,2018,iPad,iPad Pro,3.0,2018,,,,,256.0,,Wi-Fi + Cellular
Retailer Trade-in,Switch,iPad,iPad Pro 12.9‑inch (Gen 3) 2018,256GB Wi-Fi,750,iPad Pro 12.9‑inch (Gen 3) 2018,2018,iPad,iPad Pro,3.0,2018,,,,,256.0,,Wi-Fi
Retailer Trade-in,Switch,iPad,iPad Pro 12.9‑inch (Gen 3) 2018,512GB Cellular,950,iPad Pro 12.9‑inch (Gen 3) 2018,2018,iPad,iPad Pro,3.0,2018,,,,,512.0,,Wi-Fi + Cellular
Retailer Trade-in,Switch,iPad,iPad Pro 12.9‑inch (Gen 3) 2018,512GB Wi-Fi,850,iPad Pro 12.9‑inch (Gen 3) 2018,2018,iPad,iPad Pro,3.0,2018,,,,,512.0,,Wi-Fi
Retailer Trade-in,Switch,iPad,iPad Pro 12.9‑inch (Gen 3) 2018,1TB Cellular,1050,iPad Pro 12.9‑inch (Gen 3) 2018,2018,iPad,iPad Pro,3.0,2018,,,,,1024.0,,Wi-Fi + Cellular
Retailer Trade-in,Switch,iPad,iPad Pro 12.9‑inch (Gen 3) 2018,1TB Wi-Fi,950,iPad Pro 12.9‑inch (Gen 3) 2018,2018,iPad,iPad Pro,3.0,2018,,,,,1024.0,,Wi-Fi
Retailer Trade-in,Switch,iPad,iPad Pro 12.9‑inch (Gen 4) 2020,128GB Cellular,1100,iPad Pro 12.9‑inch (Gen 4) 2020,2020,iPad,iPad Pro,4.0,2020,,,,,128.0,,Wi-Fi + Cellular
Retailer Trade-in,Switch,iPad,iPad Pro 12.9‑inch (Gen 4) 2020,128GB Wi-Fi,930,iPad Pro 12.9‑inch (Gen 4) 2020,2020,iPad,iPad Pro,4.0,2020,,,,,128.0,,Wi-Fi
Retailer Trade-in,Switch,iPad,iPad Pro 12.9‑inch (Gen 4) 2020,256GB Cellular,1230,iPad Pro 12.9‑inch (Gen 4) 2020,2020,iPad,iPad Pro,4.0,2020,,,,,256.0,,Wi-Fi + Cellular
Retailer Trade-in,Switch,iPad,iPad Pro 12.9‑inch (Gen 4) 2020,256GB Wi-Fi,1100,iPad Pro 12.9‑inch (Gen 4) 2020,2020,iPad,iPad Pro,4.0,2020,,,,,256.0,,Wi-Fi
Retailer Trade-in,Switch,iPad,iPad Pro 12.9‑inch (Gen 4) 2020,512GB Cellular,1380,iPad Pro 12.9‑inch (Gen 4) 2020,2020,iPad,iPad Pro,4.0,2020,,,,,512.0,,Wi-Fi + Cellular
Retailer Trade-in,Switch,iPad,iPad Pro 12.9‑inch (Gen 4) 2020,512GB Wi-Fi,1230,iPad Pro 12.9‑inch (Gen 4) 2020,2020,iPad,iPad Pro,4.0,2020,,,,,512.0,,Wi-Fi
Retailer Trade-in,Switch,iPad,iPad Pro 12.9‑inch (Gen 4) 2020,1TB Cellular,1450,iPad Pro 12.9‑inch (Gen 4) 2020,2020,iPad,iPad Pro,4.0,2020,,,,,1024.0,,Wi-Fi + Cellular
Retailer Trade-in,Switch,iPad,iPad Pro 12.9‑inch (Gen 4) 2020,1TB Wi-Fi,1310,iPad Pro 12.9‑inch (Gen 4) 2020,2020,iPad,iPad Pro,4.0,2020,,,,,1024.0,,Wi-Fi
Retailer Trade-in,Switch,iPad,iPad Pro 13-inch M4 (Gen 7) 2024 Nano Glass,"1TB, Cellular",3650,iPad Pro (Gen 7) 2024 Nano Glass,2024,iPad,iPad Pro,7.0,2024,13.0,,,,1024.0,,Wi-Fi + Cellular
Retailer Trade-in,Switch,iPad,iPad Pro 13-inch M4 (Gen 7) 2024 Nano Glass,"2TB, Cellular",4200,iPad Pro (Gen 7) 2024 Nano Glass,2024,iPad,iPad Pro,7.0,2024,13.0,,,,2048.0,,Wi-Fi + Cellular
Retailer Trade-in,Switch,iPad,iPad Pro 13-inch M4 (Gen 7) 2024 Standard Glass,"256GB, Cellular",2620,iPad Pro (Gen 7) 2024 Standard Glass,2024,iPad,iPad Pro,7.0,2024,13.0,,,,256.0,,Wi-Fi + Cellular
Retailer Trade-in,Switch,iPad,iPad Pro 13-inch M4 (Gen 7) 2024 Standard Glass,"512GB, Cellular",3000,iPad Pro (Gen 7) 2024 Standard Glass,2024,iPad,iPad Pro,7.0,2024,13.0,,,,512.0,,Wi-Fi + Cellular
Retailer Trade-in,Switch,iPad,iPad Pro 13-inch M4 (Gen 7) 2024 Standard Glass,"1TB, Cellular",3600,iPad Pro (Gen 7) 2024 Standard Glass,2024,iPad,iPad Pro,7.0,2024,13.0,,,,1024.0,,Wi-Fi + Cellular
Retailer Trade-in,Switch,iPad,iPad Pro 13-inch M4 (Gen 7) 2024 Standard Glass,"2TB, Cellular",4150,iPad Pro (Gen 7) 2024 Standard Glass,2024,iPad,iPad Pro,7.0,2024,13.0,,,,2048.0,,Wi-Fi + Cellular
Retailer Trade-in,Switch,iPad,iPad Pro 13-inch M4 (Gen 7) 2024 Nano Glass,"1TB, Wi-Fi",3250,iPad Pro (Gen 7) 2024 Nano Glass,2024,iPad,iPad Pro,7.0,2024,13.0,,,,1024.0,,Wi-Fi
Retailer Trade-in,Switch,iPad,iPad Pro 13-inch M4 (Gen 7) 2024 Nano Glass,"2TB, Wi-Fi",3800,iPad Pro (Gen 7) 2024 Nano Glass,2024,iPad,iPad Pro,7.0,2024,13.0,,,,2048.0,,Wi-Fi
Retailer Trade-in,Switch,iPad,iPad Pro 13-inch M4 (Gen 7) 2024 Standard Glass,"256GB, Wi-Fi",2230,iPad Pro (Gen 7) 2024 Standard Glass,2024,iPad,iPad Pro,7.0,2024,13.0,,,,256.0,,Wi-Fi
Retailer Trade-in,Switch,iPad,iPad Pro 13-inch M4 (Gen 7) 2024 Standard Glass,"512GB, Wi-Fi",2650,iPad Pro (Gen 7) 2024 Standard Glass,2024,iPad,iPad Pro,7.0,2024,13.0,,,,512.0,,Wi-Fi
Retailer Trade-in,Switch,iPad,iPad Pro 13-inch M4 (Gen 7) 2024 Standard Glass,"1TB, Wi-Fi",3210,iPad Pro (Gen 7) 2024 Standard Glass,2024,iPad,iPad Pro,7.0,2024,13.0,,,,1024.0,,Wi-Fi
Retailer Trade-in,Switch,iPad,iPad Pro 13-inch M4 (Gen 7) 2024 Standard Glass,"2TB, Wi-Fi",3780,iPad Pro (Gen 7) 2024 Standard Glass,2024,iPad,iPad Pro,7.0,2024,13.0,,,,2048.0,,Wi-Fi
Retailer Trade-in,Switch,iPad,iPad Pro 9.7‑inch 2016,32GB Cellular,160,iPad Pro 9.7‑inch 2016,2016,iPad,iPad Pro,9.0,2016,,,,,32.0,,Wi-Fi + Cellular
Retailer Trade-in,Switch,iPad,iPad Pro 9.7‑inch 2016,32GB Wi-Fi,150,iPad Pro 9.7‑inch 2016,2016,iPad,iPad Pro,9.0,2016,,,,,32.0,,Wi-Fi
Retailer Trade-in,Switch,iPad,iPad Pro 9.7‑inch 2016,128GB Cellular,170,iPad Pro 9.7‑inch 2016,2016,iPad,iPad Pro,9.0,2016,,,,,128.0,,Wi-Fi + Cellular
Retailer Trade-in,Switch,iPad,iPad Pro 9.7‑inch 2016,128GB Wi-Fi,160,iPad Pro 9.7‑inch 2016,2016,iPad,iPad Pro,9.0,2016,,,,,128.0,,Wi-Fi
Retailer Trade-in,Switch,iPad,iPad Pro 9.7‑inch 2016,256GB Cellular,210,iPad Pro 9.7‑inch 2016,2016,iPad,iPad Pro,9.0,2016,,,,,256.0,,Wi-Fi + Cellular
Retailer Trade-in,Switch,iPad,iPad Pro 9.7‑inch 2016,256GB Wi-Fi,200,iPad Pro 9.7‑inch 2016,2016,iPad,iPad Pro,9.0,2016,,,,,256.0,,Wi-Fi
Retailer Trade-in,Switch,Apple Watch,Watch SE (2nd Gen),40mm GPS + Cellular,210,Watch SE (2nd Gen),2022,Apple Watch,Apple Watch SE,,,40.0,,,,,,GPS + Cellular
Retailer Trade-in,Switch,Apple Watch,Watch SE (2nd Gen),44mm GPS + Cellular,250,Watch SE (2nd Gen),2022,Apple Watch,Apple Watch SE,,,44.0,,,,,,GPS + Cellular
Retailer Trade-in,Switch,Apple Watch,Watch SE (2nd Gen),40mm GPS,180,Watch SE (2nd Gen),2022,Apple Watch,Apple Watch SE,,,40.0,,,,,,GPS
Retailer Trade-in,Switch,Apple Watch,Watch SE (2nd Gen),44mm GPS,210,Watch SE (2nd Gen),2022,Apple Watch,Apple Watch SE,,,44.0,,,,,,GPS
Retailer Trade-in,Switch,Apple Watch,Watch SE,40mm GPS + Cellular,90,Watch SE,2020,Apple Watch,Apple Watch SE,4.0,,40.0,,,,,,GPS + Cellular
Retailer Trade-in,Switch,Apple Watch,Watch SE,44mm GPS + Cellular,110,Watch SE,2020,Apple Watch,Apple Watch SE,4.0,,44.0,,,,,,GPS + Cellular
Retailer Trade-in,Switch,Apple Watch,Watch SE,40mm GPS,70,Watch SE,2020,Apple Watch,Apple Watch SE,4.0,,40.0,,,,,,GPS
Retailer Trade-in,Switch,Apple Watch,Watch SE,44mm GPS,90,Watch SE,2020,Apple Watch,Apple Watch SE,4.0,,44.0,,,,,,GPS
Retailer Trade-in,Switch,Apple Watch,Watch Series 10,42mm (Aluminium) GPS + Cellular,640,Watch Series 10,2024,Apple Watch,Apple Watch SE,,,42.0,,,,,,GPS + Cellular
Retailer Trade-in,Switch,Apple Watch,Watch Series 10,46mm (Aluminium) GPS + Cellular,750,Watch Series 10,2024,Apple Watch,Apple Watch SE,,,46.0,,,,,,GPS + Cellular
Retailer Trade-in,Switch,Apple Watch,Watch Series 10,42mm (Aluminium) GPS,450,Watch Series 10,2024,Apple Watch,Apple Watch SE,,,42.0,,,,,,GPS
Retailer Trade-in,Switch,Apple Watch,Watch Series 10,46mm (Aluminium) GPS,550,Watch Series 10,2024,Apple Watch,Apple Watch SE,,,46.0,,,,,,GPS
Retailer Trade-in,Switch,Apple Watch,Watch Series 10,42mm (Titanium) GPS + Cellular,800,Watch Series 10,2024,Apple Watch,Apple Watch SE,,,42.0,,,,,,GPS + Cellular
Retailer Trade-in,Switch,Apple Watch,Watch Series 10,46mm (Titanium) GPS + Cellular,900,Watch Series 10,2024,Apple Watch,Apple Watch SE,,,46.0,,,,,,GPS + Cellular
Retailer Trade-in,Switch,Apple Watch,Watch Series 4,40mm GPS + Cellular,50,Watch Series 4,2018,Apple Watch,Apple Watch SE,,,40.0,,,,,,GPS + Cellular
Retailer Trade-in,Switch,Apple Watch,Watch Series 4,44mm GPS + Cellular,60,Watch Series 4,2018,Apple Watch,Apple Watch SE,,,44.0,,,,,,GPS + Cellular
Retailer Trade-in,Switch,Apple Watch,Watch Series 4,40mm GPS,40,Watch Series 4,2018,Apple Watch,Apple Watch SE,,,40.0,,,,,,GPS
Retailer Trade-in,Switch,Apple Watch,Watch Series 4,44mm GPS,50,Watch Series 4,2018,Apple Watch,Apple Watch SE,,,44.0,,,,,,GPS
Retailer Trade-in,Switch,Apple Watch,Watch Series 5,40mm GPS + Cellular,80,Watch Series 5,2019,Apple Watch,Apple Watch SE,,,40.0,,,,,,GPS + Cellular
Retailer Trade-in,Switch,Apple Watch,Watch Series 5,44mm GPS + Cellular,90,Watch Series 5,2019,Apple Watch,Apple Watch SE,,,44.0,,,,,,GPS + Cellular
Retailer Trade-in,Switch,Apple Watch,Watch Series 5,40mm GPS,70,Watch Series 5,2019,Apple Watch,Apple Watch SE,,,40.0,,,,,,GPS
Retailer Trade-in,Switch,Apple Watch,Watch Series 5,44mm GPS,80,Watch Series 5,2019,Apple Watch,Apple Watch SE,,,44.0,,,,,,GPS
Retailer Trade-in,Switch,Apple Watch,Watch Series 6,40mm GPS + Cellular,200,Watch Series 6,2020,Apple Watch,Apple Watch SE,,,40.0,,,,,,GPS + Cellular
Retailer Trade-in,Switch,Apple Watch,Watch Series 6,44mm GPS + Cellular,240,Watch Series 6,2020,Apple Watch,Apple Watch SE,,,44.0,,,,,,GPS + Cellular
Retailer Trade-in,Switch,Apple Watch,Watch Series 6,40mm GPS,150,Watch Series 6,2020,Apple Watch,Apple Watch SE,,,40.0,,,,,,GPS
Retailer Trade-in,Switch,Apple Watch,Watch Series 6,44mm GPS,170,Watch Series 6,2020,Apple Watch,Apple Watch SE,,,44.0,,,,,,GPS
Retailer Trade-in,Switch,Apple Watch,Watch Series 7,41mm GPS + Cellular,280,Watch Series 7,2021,Apple Watch,Apple Watch SE,,,41.0,,,,,,GPS + Cellular
Retailer Trade-in,Switch,Apple Watch,Watch Series 7,45mm GPS + Cellular,330,Watch Series 7,2021,Apple Watch,Apple Watch SE,,,45.0,,,,,,GPS + Cellular
Retailer Trade-in,Switch,Apple Watch,Watch Series 7,41mm GPS,210,Watch Series 7,2021,Apple Watch,Apple Watch SE,,,41.0,,,,,,GPS
Retailer Trade-in,Switch,Apple Watch,Watch Series 7,45mm GPS,250,Watch Series 7,2021,Apple Watch,Apple Watch SE,,,45.0,,,,,,GPS
Retailer Trade-in,Switch,Apple Watch,Watch Series 8,41mm GPS + Cellular,350,Watch Series 8,2022,Apple Watch,Apple Watch SE,,,41.0,,,,,,GPS + Cellular
Retailer Trade-in,Switch,Apple Watch,Watch Series 8,45mm GPS + Cellular,380,Watch Series 8,2022,Apple Watch,Apple Watch SE,,,45.0,,,,,,GPS + Cellular
Retailer Trade-in,Switch,Apple Watch,Watch Series 8,41mm GPS,280,Watch Series 8,2022,Apple Watch,Apple Watch SE,,,41.0,,,,,,GPS
Retailer Trade-in,Switch,Apple Watch,Watch Series 8,45mm GPS,330,Watch Series 8,2022,Apple Watch,Apple Watch SE,,,45.0,,,,,,GPS
Retailer Trade-in,Switch,Apple Watch,Watch Series 9,41mm (Aluminium) GPS + Cellular,500,Watch Series 9,2023,Apple Watch,Apple Watch SE,,,41.0,,,,,,GPS + Cellular
Retailer Trade-in,Switch,Apple Watch,Watch Series 9,45mm (Aluminium) GPS + Cellular,570,Watch Series 9,2023,Apple Watch,Apple Watch SE,,,45.0,,,,,,GPS + Cellular
Retailer Trade-in,Switch,Apple Watch,Watch Series 9,41mm (Aluminium) GPS,400,Watch Series 9,2023,Apple Watch,Apple Watch SE,,,41.0,,,,,,GPS
Retailer Trade-in,Switch,Apple Watch,Watch Series 9,45mm (Aluminium) GPS,450,Watch Series 9,2023,Apple Watch,Apple Watch SE,,,45.0,,,,,,GPS
Retailer Trade-in,Switch,Apple Watch,Watch Series 9,41mm (Stainless Steel) GPS + Cellular,690,Watch Series 9,2023,Apple Watch,Apple Watch SE,,,41.0,,,,,,GPS + Cellular
Retailer Trade-in,Switch,Apple Watch,Watch Series 9,45mm (Stainless Steel) GPS + Cellular,790,Watch Series 9,2023,Apple Watch,Apple Watch SE,,,45.0,,,,,,GPS + Cellular
Retailer Trade-in,Switch,Apple Watch,Watch Ultra,49mm GPS + Cellular,830,Watch Ultra,2022,Apple Watch,Apple Watch Ultra,1.0,,49.0,,,,,,GPS + Cellular
Retailer Trade-in,Switch,Apple Watch,Watch Ultra 2,49mm GPS + Cellular,1180,Watch Ultra 2,2023,Apple Watch,Apple Watch Ultra 2,2.0,,49.0,,,,,,GPS + Cellular
Retailer Trade-in,Switch,AirPods,AirPods (Gen 2),Wired Charging,30,AirPods (Gen 2),2019,AirPods,AirPods,2.0,,,,,,,,
Retailer Trade-in,Switch,AirPods,AirPods (Gen 2),Wireless Charging,40,AirPods (Gen 2),2019,AirPods,AirPods,2.0,,,,,,,,
Retailer Trade-in,Switch,AirPods,AirPods (Gen 3),Lightning Charging,60,AirPods (Gen 3),2021,AirPods,AirPods,3.0,,,,,,,,
Retailer Trade-in,Switch,AirPods,AirPods (Gen 3),MagSafe Charging,80,AirPods (Gen 3),2021,AirPods,AirPods,3.0,,,,,,,,
Retailer Trade-in,Switch,AirPods,AirPods (Gen 4),"Active Noise Cancellation, USB-C",130,AirPods (Gen 4),2024,AirPods,AirPods,4.0,,,,,,,,
Retailer Trade-in,Switch,AirPods,AirPods (Gen 4),USB-C,110,AirPods (Gen 4),2024,AirPods,AirPods,4.0,,,,,,,,
Retailer Trade-in,Switch,AirPods,AirPods Max,Lightning Charging,250,AirPods Max,2020,AirPods,AirPods Max,,,,,,,,,
Retailer Trade-in,Switch,AirPods,AirPods Max,USB-C,320,AirPods Max,2020,AirPods,AirPods Max,,,,,,,,,
Retailer Trade-in,Switch,AirPods,AirPods Pro (Gen 1),,60,AirPods Pro (Gen 1),2019,AirPods,AirPods Pro,1.0,,,,,,,,
Retailer Trade-in,Switch,AirPods,AirPods Pro (Gen 2),,110,AirPods Pro (Gen 2),2022,AirPods,AirPods Pro,2.0,,,,,,,,
Retailer Trade-in,Switch,AirPods,AirPods Pro (Gen 2),USB-C,150,AirPods Pro (Gen 2),2022,AirPods,AirPods Pro,2.0,,,,,,,,
Retailer Trade-in,Switch,Mac,MacBook Air i3 1.1GHz 13 inch (Early 2020),256GB SSD,350,MacBook Air i3 1.1GHz 13 inch (Early 2020),2020,Mac,MacBook Air,,Early 2020,13.0,1.1GHz,i3,,256.0,SSD,
Retailer Trade-in,Switch,Mac,MacBook Air i3 1.1GHz 13 inch (Early 2020),512GB SSD,360,MacBook Air i3 1.1GHz 13 inch (Early 2020),2020,Mac,MacBook Air,,Early 2020,13.0,1.1GHz,i3,,512.0,SSD,
Retailer Trade-in,Switch,Mac,MacBook Air i3 1.1GHz 13 inch (Early 2020),1TB SSD,370,MacBook Air i3 1.1GHz 13 inch (Early 2020),2020,Mac,MacBook Air,,Early 2020,13.0,1.1GHz,i3,,1024.0,SSD,
Retailer Trade-in,Switch,Mac,MacBook Air i3 1.1GHz 13 inch (Early 2020),2TB SSD,430,MacBook Air i3 1.1GHz 13 inch (Early 2020),2020,Mac,MacBook Air,,Early 2020,13.0,1.1GHz,i3,,2048.0,SSD,
Retailer Trade-in,Switch,Mac,MacBook Air i5 1.1GHz 13 inch (Early 2020),256GB SSD,460,MacBook Air i5 1.1GHz 13 inch (Early 2020),2020,Mac,MacBook Air,,Early 2020,13.0,1.1GHz,i5,,256.0,SSD,
Retailer Trade-in,Switch,Mac,MacBook Air i5 1.1GHz 13 inch (Early 2020),512GB SSD,500,MacBook Air i5 1.1GHz 13 inch (Early 2020),2020,Mac,MacBook Air,,Early 2020,13.0,1.1GHz,i5,,512.0,SSD,
Retailer Trade-in,Switch,Mac,MacBook Air i5 1.1GHz 13 inch (Early 2020),1TB SSD,510,MacBook Air i5 1.1GHz 13 inch (Early 2020),2020,Mac,MacBook Air,,Early 2020,13.0,1.1GHz,i5,,1024.0,SSD,
Retailer Trade-in,Switch,Mac,MacBook Air i5 1.1GHz 13 inch (Early 2020),2TB SSD,580,MacBook Air i5 1.1GHz 13 inch (Early 2020),2020,Mac,MacBook Air,,Early 2020,13.0,1.1GHz,i5,,2048.0,SSD,
Retailer Trade-in,Switch,Mac,MacBook Air i5 1.6GHz 13 inch (Early 2015),128GB SSD,50,MacBook Air i5 1.6GHz 13 inch (Early 2015),2015,Mac,MacBook Air,,Early 2015,13.0,1.6GHz,i5,,128.0,SSD,
Retailer Trade-in,Switch,Mac,MacBook Air i5 1.6GHz 13 inch (Early 2015),256GB SSD,50,MacBook Air i5 1.6GHz 13 inch (Early 2015),2015,Mac,MacBook Air,,Early 2015,13.0,1.6GHz,i5,,256.0,SSD,
Retailer Trade-in,Switch,Mac,MacBook Air i5 1.6GHz 13 inch (Early 2015),512GB SSD,50,MacBook Air i5 1.6GHz 13 inch (Early 2015),2015,Mac,MacBook Air,,Early 2015,13.0,1.6GHz,i5,,512.0,SSD,
Retailer Trade-in,Switch,Mac,MacBook Air i5 1.6GHz 13 inch (Late 2018),128GB SSD,250,MacBook Air i5 1.6GHz 13 inch (Late 2018),2018,Mac,MacBook Air,,Late 2018,13.0,1.6GHz,i5,,128.0,SSD,
Retailer Trade-in,Switch,Mac,MacBook Air i5 1.6GHz 13 inch (Late 2018),256GB SSD,350,MacBook Air i5 1.6GHz 13 inch (Late 2018),2018,Mac,MacBook Air,,Late 2018,13.0,1.6GHz,i5,,256.0,SSD,
Retailer Trade-in,Switch,Mac,MacBook Air i5 1.6GHz 13 inch (Late 2018),512GB SSD,400,MacBook Air i5 1.6GHz 13 inch (Late 2018),2018,Mac,MacBook Air,,Late 2018,13.0,1.6GHz,i5,,512.0,SSD,
Retailer Trade-in,Switch,Mac,MacBook Air i5 1.6GHz 13 inch (Late 2018),1.5TB SSD,450,MacBook Air i5 1.6GHz 13 inch (Late 2018),2018,Mac,MacBook Air,,Late 2018,13.0,1.6GHz,i5,,1536.0,SSD,
Retailer Trade-in,Switch,Mac,MacBook Air i5 1.6GHz 13 inch (Mid 2019),128GB SSD,410,MacBook Air i5 1.6GHz 13 inch (Mid 2019),2019,Mac,MacBook Air,,Mid 2019,13.0,1.6GHz,i5,,128.0,SSD,
Retailer Trade-in,Switch,Mac,MacBook Air i5 1.6GHz 13 inch (Mid 2019),256GB SSD,420,MacBook Air i5 1.6GHz 13 inch (Mid 2019),2019,Mac,MacBook Air,,Mid 2019,13.0,1.6GHz,i5,,256.0,SSD,
Retailer Trade-in,Switch,Mac,MacBook Air i5 1.6GHz 13 inch (Mid 2019),512GB SSD,490,MacBook Air i5 1.6GHz 13 inch (Mid 2019),2019,Mac,MacBook Air,,Mid 2019,13.0,1.6GHz,i5,,512.0,SSD,
Retailer Trade-in,Switch,Mac,MacBook Air i5 1.6GHz 13 inch (Mid 2019),1TB SSD,500,MacBook Air i5 1.6GHz 13 inch (Mid 2019),2019,Mac,MacBook Air,,Mid 2019,13.0,1.6GHz,i5,,1024.0,SSD,
Retailer Trade-in,Switch,Mac,MacBook Air i5 1.8GHz 13 inch (Mid 2017),128GB SSD,180,MacBook Air i5 1.8GHz 13 inch (Mid 2017),2017,Mac,MacBook Air,,Mid 2017,13.0,1.8GHz,i5,,128.0,SSD,
Retailer Trade-in,Switch,Mac,MacBook Air i5 1.8GHz 13 inch (Mid 2017),256GB SSD,230,MacBook Air i5 1.8GHz 13 inch (Mid 2017),2017,Mac,MacBook Air,,Mid 2017,13.0,1.8GHz,i5,,256.0,SSD,
Retailer Trade-in,Switch,Mac,MacBook Air i5 1.8GHz 13 inch (Mid 2017),512GB SSD,260,MacBook Air i5 1.8GHz 13 inch (Mid 2017),2017,Mac,MacBook Air,,Mid 2017,13.0,1.8GHz,i5,,512.0,SSD,
Retailer Trade-in,Switch,Mac,MacBook Air i7 1.2GHz 13 inch (Early 2020),256GB SSD,490,MacBook Air i7 1.2GHz 13 inch (Early 2020),2020,Mac,MacBook Air,,Early 2020,13.0,1.2GHz,i7,,256.0,SSD,
Retailer Trade-in,Switch,Mac,MacBook Air i7 1.2GHz 13 inch (Early 2020),512GB SSD,500,MacBook Air i7 1.2GHz 13 inch (Early 2020),2020,Mac,MacBook Air,,Early 2020,13.0,1.2GHz,i7,,512.0,SSD,
Retailer Trade-in,Switch,Mac,MacBook Air i7 1.2GHz 13 inch (Early 2020),1TB SSD,530,MacBook Air i7 1.2GHz 13 inch (Early 2020),2020,Mac,MacBook Air,,Early 2020,13.0,1.2GHz,i7,,1024.0,SSD,
Retailer Trade-in,Switch,Mac,MacBook Air i7 1.2GHz 13 inch (Early 2020),2TB SSD,600,MacBook Air i7 1.2GHz 13 inch (Early 2020),2020,Mac,MacBook Air,,Early 2020,13.0,1.2GHz,i7,,2048.0,SSD,
Retailer Trade-in,Switch,Mac,MacBook Air i7 2.2GHz 13 inch (Early 2015),128GB SSD,80,MacBook Air i7 2.2GHz 13 inch (Early 2015),2015,Mac,MacBook Air,,Early 2015,13.0,2.2GHz,i7,,128.0,SSD,
Retailer Trade-in,Switch,Mac,MacBook Air i7 2.2GHz 13 inch (Early 2015),256GB SSD,80,MacBook Air i7 2.2GHz 13 inch (Early 2015),2015,Mac,MacBook Air,,Early 2015,13.0,2.2GHz,i7,,256.0,SSD,
Retailer Trade-in,Switch,Mac,MacBook Air i7 2.2GHz 13 inch (Early 2015),512GB SSD,80,MacBook Air i7 2.2GHz 13 inch (Early 2015),2015,Mac,MacBook Air,,Early 2015,13.0,2.2GHz,i7,,512.0,SSD,
Retailer Trade-in,Switch,Mac,MacBook Air i7 2.2GHz 13 inch (Mid 2017),128GB SSD,260,MacBook Air i7 2.2GHz 13 inch (Mid 2017),2017,Mac,MacBook Air,,Mid 2017,13.0,2.2GHz,i7,,128.0,SSD,
Retailer Trade-in,Switch,Mac,MacBook Air i7 2.2GHz 13 inch (Mid 2017),256GB SSD,310,MacBook Air i7 2.2GHz 13 inch (Mid 2017),2017,Mac,MacBook Air,,Mid 2017,13.0,2.2GHz,i7,,256.0,SSD,
Retailer Trade-in,Switch,Mac,MacBook Air i7 2.2GHz 13 inch (Mid 2017),512GB SSD,430,MacBook Air i7 2.2GHz 13 inch (Mid 2017),2017,Mac,MacBook Air,,Mid 2017,13.0,2.2GHz,i7,,512.0,SSD,
Retailer Trade-in,Switch,Mac,MacBook Air M1 8-Core CPU and 7-Core GPU 13 inch (Late 2020),128GB SSD,460,MacBook Air,2020,Mac,MacBook Air,,Late 2020,13.0,,M1,,128.0,SSD,
Retailer Trade-in,Switch,Mac,MacBook Air M1 8-Core CPU and 7-Core GPU 13 inch (Late 2020),256GB SSD,560,MacBook Air,2020,Mac,MacBook Air,,Late 2020,13.0,,M1,,256.0,SSD,
Retailer Trade-in,Switch,Mac,MacBook Air M1 8-Core CPU and 7-Core GPU 13 inch (Late 2020),512GB SSD,570,MacBook Air,2020,Mac,MacBook Air,,Late 2020,13.0,,M1,,512.0,SSD,
Retailer Trade-in,Switch,Mac,MacBook Air M1 8-Core CPU and 7-Core GPU 13 inch (Late 2020),1TB SSD,580,MacBook Air,2020,Mac,MacBook Air,,Late 2020,13.0,,M1,,1024.0,SSD,
Retailer Trade-in,Switch,Mac,MacBook Air M1 8-Core CPU and 7-Core GPU 13 inch (Late 2020),2TB SSD,660,MacBook Air,2020,Mac,MacBook Air,,Late 2020,13.0,,M1,,2048.0,SSD,
Retailer Trade-in,Switch,Mac,MacBook Air M1 8-Core CPU and 8-Core GPU 13 inch (Late 2020),256GB SSD,580,MacBook Air,2020,Mac,MacBook Air,,Late 2020,13.0,,M1,,256.0,SSD,
Retailer Trade-in,Switch,Mac,MacBook Air M1 8-Core CPU and 8-Core GPU 13 inch (Late 2020),512GB SSD,610,MacBook Air,2020,Mac,MacBook Air,,Late 2020,13.0,,M1,,512.0,SSD,
Retailer Trade-in,Switch,Mac,MacBook Air M1 8-Core CPU and 8-Core GPU 13 inch (Late 2020),1TB SSD,680,MacBook Air,2020,Mac,MacBook Air,,Late 2020,13.0,,M1,,1024.0,SSD,
Retailer Trade-in,Switch,Mac,MacBook Air M1 8-Core CPU and 8-Core GPU 13 inch (Late 2020),2TB SSD,710,MacBook Air,2020,Mac,MacBook Air,,Late 2020,13.0,,M1,,2048.0,SSD,
Retailer Trade-in,Switch,Mac,MacBook Air M2 8-Core CPU and 10-Core GPU 13.6 inch (Mid 2022),256GB SSD,1210,MacBook Air,2022,Mac,MacBook Air,,Mid 2022,13.6,,M2,,256.0,SSD,
Retailer Trade-in,Switch,Mac,MacBook Air M2 8-Core CPU and 10-Core GPU 13.6 inch (Mid 2022),512GB SSD,1400,MacBook Air,2022,Mac,MacBook Air,,Mid 2022,13.6,,M2,,512.0,SSD,
Retailer Trade-in,Switch,Mac,MacBook Air M2 8-Core CPU and 10-Core GPU 13.6 inch (Mid 2022),1TB SSD,1560,MacBook Air,2022,Mac,MacBook Air,,Mid 2022,13.6,,M2,,1024.0,SSD,
Retailer Trade-in,Switch,Mac,MacBook Air M2 8-Core CPU and 10-Core GPU 13.6 inch (Mid 2022),2TB SSD,2020,MacBook Air,2022,Mac,MacBook Air,,Mid 2022,13.6,,M2,,2048.0,SSD,
Retailer Trade-in,Switch,Mac,MacBook Air M2 8-Core CPU and 10-Core GPU 15 inch (Mid 2023),256GB SSD,1860,MacBook Air,2023,Mac,MacBook Air,,Mid 2023,15.0,,M2,,256.0,SSD,
Retailer Trade-in,Switch,Mac,MacBook Air M2 8-Core CPU and 10-Core GPU 15 inch (Mid 2023),512GB SSD,2020,MacBook Air,2023,Mac,MacBook Air,,Mid 2023,15.0,,M2,,512.0,SSD,
Retailer Trade-in,Switch,Mac,MacBook Air M2 8-Core CPU and 10-Core GPU 15 inch (Mid 2023),1TB SSD,2250,MacBook Air,2023,Mac,MacBook Air,,Mid 2023,15.0,,M2,,1024.0,SSD,
Retailer Trade-in,Switch,Mac,MacBook Air M2 8-Core CPU and 10-Core GPU 15 inch (Mid 2023),2TB SSD,2820,MacBook Air,2023,Mac,MacBook Air,,Mid 2023,15.0,,M2,,2048.0,SSD,
Retailer Trade-in,Switch,Mac,MacBook Air M2 8-Core CPU and 8-Core GPU 13.6 inch (Mid 2022),256GB SSD,1210,MacBook Air,2022,Mac,MacBook Air,,Mid 2022,13.6,,M2,,256.0,SSD,
Retailer Trade-in,Switch,Mac,MacBook Air M2 8-Core CPU and 8-Core GPU 13.6 inch (Mid 2022),512GB SSD,1400,MacBook Air,2022,Mac,MacBook Air,,Mid 2022,13.6,,M2,,512.0,SSD,
Retailer Trade-in,Switch,Mac,MacBook Air M2 8-Core CPU and 8-Core GPU 13.6 inch (Mid 2022),1TB SSD,1560,MacBook Air,2022,Mac,MacBook Air,,Mid 2022,13.6,,M2,,1024.0,SSD,
Retailer Trade-in,Switch,Mac,MacBook Air M2 8-Core CPU and 8-Core GPU 13.6 inch (Mid 2022),2TB SSD,1900,MacBook Air,2022,Mac,MacBook Air,,Mid 2022,13.6,,M2,,2048.0,SSD,
Retailer Trade-in,Switch,Mac,MacBook Air M3 8-Core CPU and 10-Core GPU 13.6 inch (Early 2024),256GB SSD,1980,MacBook Air,2024,Mac,MacBook Air,,Early 2024,13.6,,M3,,256.0,SSD,
Retailer Trade-in,Switch,Mac,MacBook Air M3 8-Core CPU and 10-Core GPU 13.6 inch (Early 2024),512GB SSD,2160,MacBook Air,2024,Mac,MacBook Air,,Early 2024,13.6,,M3,,512.0,SSD,
Retailer Trade-in,Switch,Mac,MacBook Air M3 8-Core CPU and 10-Core GPU 13.6 inch (Early 2024),1TB SSD,2480,MacBook Air,2024,Mac,MacBook Air,,Early 2024,13.6,,M3,,1024.0,SSD,
Retailer Trade-in,Switch,Mac,MacBook Air M3 8-Core CPU and 10-Core GPU 13.6 inch (Early 2024),2TB SSD,3100,MacBook Air,2024,Mac,MacBook Air,,Early 2024,13.6,,M3,,2048.0,SSD,
Retailer Trade-in,Switch,Mac,MacBook Air M3 8-Core CPU and 10-Core GPU 15 inch (Early 2024),256GB SSD,2300,MacBook Air,2024,Mac,MacBook Air,,Early 2024,15.0,,M3,,256.0,SSD,
Retailer Trade-in,Switch,Mac,MacBook Air M3 8-Core CPU and 10-Core GPU 15 inch (Early 2024),512GB SSD,2540,MacBook Air,2024,Mac,MacBook Air,,Early 2024,15.0,,M3,,512.0,SSD,
Retailer Trade-in,Switch,Mac,MacBook Air M3 8-Core CPU and 10-Core GPU 15 inch (Early 2024),1TB SSD,3170,MacBook Air,2024,Mac,MacBook Air,,Early 2024,15.0,,M3,,1024.0,SSD,
Retailer Trade-in,Switch,Mac,MacBook Air M3 8-Core CPU and 10-Core GPU 15 inch (Early 2024),2TB SSD,3450,MacBook Air,2024,Mac,MacBook Air,,Early 2024,15.0,,M3,,2048.0,SSD,
Retailer Trade-in,Switch,Mac,MacBook Air M3 8-Core CPU and 8-Core GPU 13.6 inch (Early 2024),256GB SSD,1970,MacBook Air,2024,Mac,MacBook Air,,Early 2024,13.6,,M3,,256.0,SSD,
Retailer Trade-in,Switch,Mac,MacBook i5 1.3GHz 12 inch (Mid 2017),256GB SSD,280,MacBook i5 1.3GHz 12 inch (Mid 2017),2017,Mac,MacBook,,Mid 2017,12.0,1.3GHz,i5,,256.0,SSD,
Retailer Trade-in,Switch,Mac,MacBook i5 1.3GHz 12 inch (Mid 2017),512GB SSD,330,MacBook i5 1.3GHz 12 inch (Mid 2017),2017,Mac,MacBook,,Mid 2017,12.0,1.3GHz,i5,,512.0,SSD,
Retailer Trade-in,Switch,Mac,MacBook i7 1.4GHz 12 inch (Mid 2017),256GB SSD,330,MacBook i7 1.4GHz 12 inch (Mid 2017),2017,Mac,MacBook,,Mid 2017,12.0,1.4GHz,i7,,256.0,SSD,
Retailer Trade-in,Switch,Mac,MacBook i7 1.4GHz 12 inch (Mid 2017),512GB SSD,380,MacBook i7 1.4GHz 12 inch (Mid 2017),2017,Mac,MacBook,,Mid 2017,12.0,1.4GHz,i7,,512.0,SSD,
Retailer Trade-in,Switch,Mac,MacBook m3 1.1GHz 12 inch (Early 2016),256GB SSD,120,MacBook m3 1.1GHz 12 inch (Early 2016),2016,Mac,MacBook,,Early 2016,12.0,1.1GHz,M3,,256.0,SSD,
Retailer Trade-in,Switch,Mac,MacBook m3 1.2GHz 12 inch (Mid 2017),256GB SSD,280,MacBook m3 1.2GHz 12 inch (Mid 2017),2017,Mac,MacBook,,Mid 2017,12.0,1.2GHz,M3,,256.0,SSD,
Retailer Trade-in,Switch,Mac,MacBook m5 1.2GHz 12 inch (Early 2016),512GB SSD,250,MacBook m5 1.2GHz 12 inch (Early 2016),2016,Mac,MacBook,,Early 2016,12.0,1.2GHz,,,512.0,SSD,
Retailer Trade-in,Switch,Mac,MacBook m7 1.3GHz 12 inch (Early 2016),256GB SSD,190,MacBook m7 1.3GHz 12 inch (Early 2016),2016,Mac,MacBook,,Early 2016,12.0,1.3GHz,,,256.0,SSD,
Retailer Trade-in,Switch,Mac,MacBook m7 1.3GHz 12 inch (Early 2016),512GB SSD,250,MacBook m7 1.3GHz 12 inch (Early 2016),2016,Mac,MacBook,,Early 2016,12.0,1.3GHz,,,512.0,SSD,
Retailer Trade-in,Switch,Mac,MacBook Pro 14 inch M1 Max 10-Core CPU & 24-Core GPU (2021),512GB SSD,2520,MacBook Pro 14 inch,2021,Mac,MacBook Pro,,2021,14.0,,M1 Max,,512.0,SSD,
Retailer Trade-in,Switch,Mac,MacBook Pro 14 inch M1 Max 10-Core CPU & 24-Core GPU (2021),1TB SSD,2680,MacBook Pro 14 inch,2021,Mac,MacBook Pro,,2021,14.0,,M1 Max,,1024.0,SSD,
Retailer Trade-in,Switch,Mac,MacBook Pro 14 inch M1 Max 10-Core CPU & 24-Core GPU (2021),2TB SSD,2680,MacBook Pro 14 inch,2021,Mac,MacBook Pro,,2021,14.0,,M1 Max,,2048.0,SSD,
Retailer Trade-in,Switch,Mac,MacBook Pro 14 inch M1 Max 10-Core CPU & 24-Core GPU (2021),4TB SSD,3510,MacBook Pro 14 inch,2021,Mac,MacBook Pro,,2021,14.0,,M1 Max,,4096.0,SSD,
Retailer Trade-in,Switch,Mac,MacBook Pro 14 inch M1 Max 10-Core CPU & 24-Core GPU (2021),8TB SSD,4380,MacBook Pro 14 inch,2021,Mac,MacBook Pro,,2021,14.0,,M1 Max,,8192.0,SSD,
Retailer Trade-in,Switch,Mac,MacBook Pro 14 inch M1 Max 10-Core CPU and 32-Core GPU (2021),512GB SSD,2690,MacBook Pro 14 inch,2021,Mac,MacBook Pro,,2021,14.0,,M1 Max,,512.0,SSD,
Retailer Trade-in,Switch,Mac,MacBook Pro 14 inch M1 Max 10-Core CPU and 32-Core GPU (2021),1TB SSD,2780,MacBook Pro 14 inch,2021,Mac,MacBook Pro,,2021,14.0,,M1 Max,,1024.0,SSD,
Retailer Trade-in,Switch,Mac,MacBook Pro 14 inch M1 Max 10-Core CPU and 32-Core GPU (2021),2TB SSD,3130,MacBook Pro 14 inch,2021,Mac,MacBook Pro,,2021,14.0,,M1 Max,,2048.0,SSD,
Retailer Trade-in,Switch,Mac,MacBook Pro 14 inch M1 Max 10-Core CPU and 32-Core GPU (2021),4TB SSD,3580,MacBook Pro 14 inch,2021,Mac,MacBook Pro,,2021,14.0,,M1 Max,,4096.0,SSD,
Retailer Trade-in,Switch,Mac,MacBook Pro 14 inch M1 Max 10-Core CPU and 32-Core GPU (2021),8TB SSD,4550,MacBook Pro 14 inch,2021,Mac,MacBook Pro,,2021,14.0,,M1 Max,,8192.0,SSD,
Retailer Trade-in,Switch,Mac,MacBook Pro 14 inch M1 Pro 10-Core CPU & 14-Core GPU (2021),512GB SSD,1980,MacBook Pro 14 inch,2021,Mac,MacBook Pro,,2021,14.0,,M1 pro,,512.0,SSD,
Retailer Trade-in,Switch,Mac,MacBook Pro 14 inch M1 Pro 10-Core CPU & 14-Core GPU (2021),1TB SSD,2170,MacBook Pro 14 inch,2021,Mac,MacBook Pro,,2021,14.0,,M1 pro,,1024.0,SSD,
Retailer Trade-in,Switch,Mac,MacBook Pro 14 inch M1 Pro 10-Core CPU & 14-Core GPU (2021),2TB SSD,2410,MacBook Pro 14 inch,2021,Mac,MacBook Pro,,2021,14.0,,M1 pro,,2048.0,SSD,
Retailer Trade-in,Switch,Mac,MacBook Pro 14 inch M1 Pro 10-Core CPU & 14-Core GPU (2021),4TB SSD,2890,MacBook Pro 14 inch,2021,Mac,MacBook Pro,,2021,14.0,,M1 pro,,4096.0,SSD,
Retailer Trade-in,Switch,Mac,MacBook Pro 14 inch M1 Pro 10-Core CPU & 14-Core GPU (2021),8TB SSD,3970,MacBook Pro 14 inch,2021,Mac,MacBook Pro,,2021,14.0,,M1 pro,,8192.0,SSD,
Retailer Trade-in,Switch,Mac,MacBook Pro 14 inch M1 Pro 10-Core CPU & 16-Core GPU (2021),512GB SSD,2120,MacBook Pro 14 inch,2021,Mac,MacBook Pro,,2021,14.0,,M1 pro,,512.0,SSD,
Retailer Trade-in,Switch,Mac,MacBook Pro 14 inch M1 Pro 10-Core CPU & 16-Core GPU (2021),1TB SSD,2300,MacBook Pro 14 inch,2021,Mac,MacBook Pro,,2021,14.0,,M1 pro,,1024.0,SSD,
Retailer Trade-in,Switch,Mac,MacBook Pro 14 inch M1 Pro 10-Core CPU & 16-Core GPU (2021),2TB SSD,2560,MacBook Pro 14 inch,2021,Mac,MacBook Pro,,2021,14.0,,M1 pro,,2048.0,SSD,
Retailer Trade-in,Switch,Mac,MacBook Pro 14 inch M1 Pro 10-Core CPU & 16-Core GPU (2021),4TB SSD,3070,MacBook Pro 14 inch,2021,Mac,MacBook Pro,,2021,14.0,,M1 pro,,4096.0,SSD,
Retailer Trade-in,Switch,Mac,MacBook Pro 14 inch M1 Pro 10-Core CPU & 16-Core GPU (2021),8TB SSD,4090,MacBook Pro 14 inch,2021,Mac,MacBook Pro,,2021,14.0,,M1 pro,,8192.0,SSD,
Retailer Trade-in,Switch,Mac,MacBook Pro 14 inch M1 Pro 8-Core CPU & 14-Core GPU (2021),512GB SSD,1840,MacBook Pro 14 inch,2021,Mac,MacBook Pro,,2021,14.0,,M1 pro,,512.0,SSD,
Retailer Trade-in,Switch,Mac,MacBook Pro 14 inch M1 Pro 8-Core CPU & 14-Core GPU (2021),1TB SSD,2050,MacBook Pro 14 inch,2021,Mac,MacBook Pro,,2021,14.0,,M1 pro,,1024.0,SSD,
Retailer Trade-in,Switch,Mac,MacBook Pro 14 inch M1 Pro 8-Core CPU & 14-Core GPU (2021),2TB SSD,2070,MacBook Pro 14 inch,2021,Mac,MacBook Pro,,2021,14.0,,M1 pro,,2048.0,SSD,
Retailer Trade-in,Switch,Mac,MacBook Pro 14 inch M1 Pro 8-Core CPU & 14-Core GPU (2021),4TB SSD,2510,MacBook Pro 14 inch,2021,Mac,MacBook Pro,,2021,14.0,,M1 pro,,4096.0,SSD,
Retailer Trade-in,Switch,Mac,MacBook Pro 14 inch M1 Pro 8-Core CPU & 14-Core GPU (2021),8TB SSD,3700,MacBook Pro 14 inch,2021,Mac,MacBook Pro,,2021,14.0,,M1 pro,,8192.0,SSD,
Retailer Trade-in,Switch,Mac,MacBook Pro 16 inch M1 Max 10-Core CPU & 24-Core GPU (2021),512GB SSD,2700,MacBook Pro 16 inch,2021,Mac,MacBook Pro,,2021,16.0,,M1 Max,,512.0,SSD,
Retailer Trade-in,Switch,Mac,MacBook Pro 16 inch M1 Max 10-Core CPU & 24-Core GPU (2021),1TB SSD,2750,MacBook Pro 16 inch,2021,Mac,MacBook Pro,,2021,16.0,,M1 Max,,1024.0,SSD,
Retailer Trade-in,Switch,Mac,MacBook Pro 16 inch M1 Max 10-Core CPU & 24-Core GPU (2021),2TB SSD,3090,MacBook Pro 16 inch,2021,Mac,MacBook Pro,,2021,16.0,,M1 Max,,2048.0,SSD,
Retailer Trade-in,Switch,Mac,MacBook Pro 16 inch M1 Max 10-Core CPU & 24-Core GPU (2021),4TB SSD,3590,MacBook Pro 16 inch,2021,Mac,MacBook Pro,,2021,16.0,,M1 Max,,4096.0,SSD,
Retailer Trade-in,Switch,Mac,MacBook Pro 16 inch M1 Max 10-Core CPU & 24-Core GPU (2021),8TB SSD,4610,MacBook Pro 16 inch,2021,Mac,MacBook Pro,,2021,16.0,,M1 Max,,8192.0,SSD,
Retailer Trade-in,Switch,Mac,MacBook Pro 16 inch M1 Max 10-Core CPU & 32-Core GPU (2021),512GB SSD,2720,MacBook Pro 16 inch,2021,Mac,MacBook Pro,,2021,16.0,,M1 Max,,512.0,SSD,
Retailer Trade-in,Switch,Mac,MacBook Pro 16 inch M1 Max 10-Core CPU & 32-Core GPU (2021),1TB SSD,2920,MacBook Pro 16 inch,2021,Mac,MacBook Pro,,2021,16.0,,M1 Max,,1024.0,SSD,
Retailer Trade-in,Switch,Mac,MacBook Pro 16 inch M1 Max 10-Core CPU & 32-Core GPU (2021),2TB SSD,3260,MacBook Pro 16 inch,2021,Mac,MacBook Pro,,2021,16.0,,M1 Max,,2048.0,SSD,
Retailer Trade-in,Switch,Mac,MacBook Pro 16 inch M1 Max 10-Core CPU & 32-Core GPU (2021),4TB SSD,3800,MacBook Pro 16 inch,2021,Mac,MacBook Pro,,2021,16.0,,M1 Max,,4096.0,SSD,
Retailer Trade-in,Switch,Mac,MacBook Pro 16 inch M1 Max 10-Core CPU & 32-Core GPU (2021),8TB SSD,4770,MacBook Pro 16 inch,2021,Mac,MacBook Pro,,2021,16.0,,M1 Max,,8192.0,SSD,
Retailer Trade-in,Switch,Mac,MacBook Pro 16 inch M1 Pro 10-Core CPU & 16-Core GPU (2021),512GB SSD,2150,MacBook Pro 16 inch,2021,Mac,MacBook Pro,,2021,16.0,,M1 pro,,512.0,SSD,
Retailer Trade-in,Switch,Mac,MacBook Pro 16 inch M1 Pro 10-Core CPU & 16-Core GPU (2021),1TB SSD,2320,MacBook Pro 16 inch,2021,Mac,MacBook Pro,,2021,16.0,,M1 pro,,1024.0,SSD,
Retailer Trade-in,Switch,Mac,MacBook Pro 16 inch M1 Pro 10-Core CPU & 16-Core GPU (2021),2TB SSD,2680,MacBook Pro 16 inch,2021,Mac,MacBook Pro,,2021,16.0,,M1 pro,,2048.0,SSD,
Retailer Trade-in,Switch,Mac,MacBook Pro 16 inch M1 Pro 10-Core CPU & 16-Core GPU (2021),4TB SSD,3100,MacBook Pro 16 inch,2021,Mac,MacBook Pro,,2021,16.0,,M1 pro,,4096.0,SSD,
Retailer Trade-in,Switch,Mac,MacBook Pro 16 inch M1 Pro 10-Core CPU & 16-Core GPU (2021),8TB SSD,3400,MacBook Pro 16 inch,2021,Mac,MacBook Pro,,2021,16.0,,M1 pro,,8192.0,SSD,
Retailer Trade-in,Switch,Mac,MacBook Pro i5 1.4GHz 13 inch (Mid 2019),128GB SSD,420,MacBook Pro i5 1.4GHz 13 inch (Mid 2019),2019,Mac,MacBook Pro,,Mid 2019,13.0,1.4GHz,i5,,128.0,SSD,
Retailer Trade-in,Switch,Mac,MacBook Pro i5 1.4GHz 13 inch (Mid 2019),256GB SSD,520,MacBook Pro i5 1.4GHz 13 inch (Mid 2019),2019,Mac,MacBook Pro,,Mid 2019,13.0,1.4GHz,i5,,256.0,SSD,
Retailer Trade-in,Switch,Mac,MacBook Pro i5 1.4GHz 13 inch (Mid 2019),512GB SSD,570,MacBook Pro i5 1.4GHz 13 inch (Mid 2019),2019,Mac,MacBook Pro,,Mid 2019,13.0,1.4GHz,i5,,512.0,SSD,
Retailer Trade-in,Switch,Mac,MacBook Pro i5 1.4GHz 13 inch (Mid 2019),1TB SSD,640,MacBook Pro i5 1.4GHz 13 inch (Mid 2019),2019,Mac,MacBook Pro,,Mid 2019,13.0,1.4GHz,i5,,1024.0,SSD,
Retailer Trade-in,Switch,Mac,MacBook Pro i5 1.4GHz 13 inch (Mid 2019),2TB SSD,690,MacBook Pro i5 1.4GHz 13 inch (Mid 2019),2019,Mac,MacBook Pro,,Mid 2019,13.0,1.4GHz,i5,,2048.0,SSD,
Retailer Trade-in,Switch,Mac,MacBook Pro i5 1.4GHz 13 inch (Mid 2020),256GB SSD,660,MacBook Pro i5 1.4GHz 13 inch (Mid 2020),2020,Mac,MacBook Pro,,Mid 2020,13.0,1.4GHz,i5,,256.0,SSD,
Retailer Trade-in,Switch,Mac,MacBook Pro i5 1.4GHz 13 inch (Mid 2020),512GB SSD,710,MacBook Pro i5 1.4GHz 13 inch (Mid 2020),2020,Mac,MacBook Pro,,Mid 2020,13.0,1.4GHz,i5,,512.0,SSD,
Retailer Trade-in,Switch,Mac,MacBook Pro i5 1.4GHz 13 inch (Mid 2020),1TB SSD,760,MacBook Pro i5 1.4GHz 13 inch (Mid 2020),2020,Mac,MacBook Pro,,Mid 2020,13.0,1.4GHz,i5,,1024.0,SSD,
Retailer Trade-in,Switch,Mac,MacBook Pro i5 1.4GHz 13 inch (Mid 2020),2TB SSD,780,MacBook Pro i5 1.4GHz 13 inch (Mid 2020),2020,Mac,MacBook Pro,,Mid 2020,13.0,1.4GHz,i5,,2048.0,SSD,
Retailer Trade-in,Switch,Mac,MacBook Pro i5 2.0GHz 13 inch (Late 2016),256GB SSD,250,MacBook Pro i5 2.0GHz 13 inch (Late 2016),2016,Mac,MacBook Pro,,Late 2016,13.0,2.0GHz,i5,,256.0,SSD,
Retailer Trade-in,Switch,Mac,MacBook Pro i5 2.0GHz 13 inch (Late 2016),512GB SSD,300,MacBook Pro i5 2.0GHz 13 inch (Late 2016),2016,Mac,MacBook Pro,,Late 2016,13.0,2.0GHz,i5,,512.0,SSD,
Retailer Trade-in,Switch,Mac,MacBook Pro i5 2.0GHz 13 inch (Late 2016),1TB SSD,350,MacBook Pro i5 2.0GHz 13 inch (Late 2016),2016,Mac,MacBook Pro,,Late 2016,13.0,2.0GHz,i5,,1024.0,SSD,
Retailer Trade-in,Switch,Mac,MacBook Pro i5 2.0GHz 13 inch (Mid 2020),512GB SSD,760,MacBook Pro i5 2.0GHz 13 inch (Mid 2020),2020,Mac,MacBook Pro,,Mid 2020,13.0,2.0GHz,i5,,512.0,SSD,
Retailer Trade-in,Switch,Mac,MacBook Pro i5 2.0GHz 13 inch (Mid 2020),1TB SSD,830,MacBook Pro i5 2.0GHz 13 inch (Mid 2020),2020,Mac,MacBook Pro,,Mid 2020,13.0,2.0GHz,i5,,1024.0,SSD,
Retailer Trade-in,Switch,Mac,MacBook Pro i5 2.0GHz 13 inch (Mid 2020),2TB SSD,920,MacBook Pro i5 2.0GHz 13 inch (Mid 2020),2020,Mac,MacBook Pro,,Mid 2020,13.0,2.0GHz,i5,,2048.0,SSD,
Retailer Trade-in,Switch,Mac,MacBook Pro i5 2.0GHz 13 inch (Mid 2020),4TB SSD,1050,MacBook Pro i5 2.0GHz 13 inch (Mid 2020),2020,Mac,MacBook Pro,,Mid 2020,13.0,2.0GHz,i5,,4096.0,SSD,
Retailer Trade-in,Switch,Mac,MacBook Pro i5 2.3GHz 13 inch (Mid 2017),128GB SSD,350,MacBook Pro i5 2.3GHz 13 inch (Mid 2017),2017,Mac,MacBook Pro,,Mid 2017,13.0,2.3GHz,i5,,128.0,SSD,
Retailer Trade-in,Switch,Mac,MacBook Pro i5 2.3GHz 13 inch (Mid 2017),256GB SSD,450,MacBook Pro i5 2.3GHz 13 inch (Mid 2017),2017,Mac,MacBook Pro,,Mid 2017,13.0,2.3GHz,i5,,256.0,SSD,
Retailer Trade-in,Switch,Mac,MacBook Pro i5 2.3GHz 13 inch (Mid 2017),512GB SSD,500,MacBook Pro i5 2.3GHz 13 inch (Mid 2017),2017,Mac,MacBook Pro,,Mid 2017,13.0,2.3GHz,i5,,512.0,SSD,
Retailer Trade-in,Switch,Mac,MacBook Pro i5 2.3GHz 13 inch (Mid 2017),1TB SSD,550,MacBook Pro i5 2.3GHz 13 inch (Mid 2017),2017,Mac,MacBook Pro,,Mid 2017,13.0,2.3GHz,i5,,1024.0,SSD,
Retailer Trade-in,Switch,Mac,MacBook Pro i5 2.3GHz 13 inch (Mid 2018),256GB SSD,500,MacBook Pro i5 2.3GHz 13 inch (Mid 2018),2018,Mac,MacBook Pro,,Mid 2018,13.0,2.3GHz,i5,,256.0,SSD,
Retailer Trade-in,Switch,Mac,MacBook Pro i5 2.3GHz 13 inch (Mid 2018),512GB SSD,600,MacBook Pro i5 2.3GHz 13 inch (Mid 2018),2018,Mac,MacBook Pro,,Mid 2018,13.0,2.3GHz,i5,,512.0,SSD,
Retailer Trade-in,Switch,Mac,MacBook Pro i5 2.3GHz 13 inch (Mid 2018),1TB SSD,700,MacBook Pro i5 2.3GHz 13 inch (Mid 2018),2018,Mac,MacBook Pro,,Mid 2018,13.0,2.3GHz,i5,,1024.0,SSD,
Retailer Trade-in,Switch,Mac,MacBook Pro i5 2.3GHz 13 inch (Mid 2018),2TB SSD,770,MacBook Pro i5 2.3GHz 13 inch (Mid 2018),2018,Mac,MacBook Pro,,Mid 2018,13.0,2.3GHz,i5,,2048.0,SSD,
Retailer Trade-in,Switch,Mac,MacBook Pro i5 2.4GHz 13 inch (Mid 2019),256GB SSD,690,MacBook Pro i5 2.4GHz 13 inch (Mid 2019),2019,Mac,MacBook Pro,,Mid 2019,13.0,2.4GHz,i5,,256.0,SSD,
Retailer Trade-in,Switch,Mac,MacBook Pro i5 2.4GHz 13 inch (Mid 2019),512GB SSD,700,MacBook Pro i5 2.4GHz 13 inch (Mid 2019),2019,Mac,MacBook Pro,,Mid 2019,13.0,2.4GHz,i5,,512.0,SSD,
Retailer Trade-in,Switch,Mac,MacBook Pro i5 2.4GHz 13 inch (Mid 2019),1TB SSD,730,MacBook Pro i5 2.4GHz 13 inch (Mid 2019),2019,Mac,MacBook Pro,,Mid 2019,13.0,2.4GHz,i5,,1024.0,SSD,
Retailer Trade-in,Switch,Mac,MacBook Pro i5 2.4GHz 13 inch (Mid 2019),2TB SSD,760,MacBook Pro i5 2.4GHz 13 inch (Mid 2019),2019,Mac,MacBook Pro,,Mid 2019,13.0,2.4GHz,i5,,2048.0,SSD,
Retailer Trade-in,Switch,Mac,MacBook Pro i5 2.7GHz 13 inch (Early 2015),128GB SSD,80,MacBook Pro i5 2.7GHz 13 inch (Early 2015),2015,Mac,MacBook Pro,,Early 2015,13.0,2.7GHz,i5,,128.0,SSD,
Retailer Trade-in,Switch,Mac,MacBook Pro i5 2.7GHz 13 inch (Early 2015),256GB SSD,80,MacBook Pro i5 2.7GHz 13 inch (Early 2015),2015,Mac,MacBook Pro,,Early 2015,13.0,2.7GHz,i5,,256.0,SSD,
Retailer Trade-in,Switch,Mac,MacBook Pro i5 2.7GHz 13 inch (Early 2015),512GB SSD,120,MacBook Pro i5 2.7GHz 13 inch (Early 2015),2015,Mac,MacBook Pro,,Early 2015,13.0,2.7GHz,i5,,512.0,SSD,
Retailer Trade-in,Switch,Mac,MacBook Pro i5 2.7GHz 13 inch (Early 2015),1TB SSD,120,MacBook Pro i5 2.7GHz 13 inch (Early 2015),2015,Mac,MacBook Pro,,Early 2015,13.0,2.7GHz,i5,,1024.0,SSD,
Retailer Trade-in,Switch,Mac,MacBook Pro i5 2.9GHz 13 inch (Early 2015),128GB SSD,120,MacBook Pro i5 2.9GHz 13 inch (Early 2015),2015,Mac,MacBook Pro,,Early 2015,13.0,2.9GHz,i5,,128.0,SSD,
Retailer Trade-in,Switch,Mac,MacBook Pro i5 2.9GHz 13 inch (Early 2015),256GB SSD,120,MacBook Pro i5 2.9GHz 13 inch (Early 2015),2015,Mac,MacBook Pro,,Early 2015,13.0,2.9GHz,i5,,256.0,SSD,
Retailer Trade-in,Switch,Mac,MacBook Pro i5 2.9GHz 13 inch (Early 2015),512GB SSD,120,MacBook Pro i5 2.9GHz 13 inch (Early 2015),2015,Mac,MacBook Pro,,Early 2015,13.0,2.9GHz,i5,,512.0,SSD,
Retailer Trade-in,Switch,Mac,MacBook Pro i5 2.9GHz 13 inch (Early 2015),1TB SSD,120,MacBook Pro i5 2.9GHz 13 inch (Early 2015),2015,Mac,MacBook Pro,,Early 2015,13.0,2.9GHz,i5,,1024.0,SSD,
Retailer Trade-in,Switch,Mac,MacBook Pro i5 2.9GHz 13 inch (Late 2016),256GB SSD,400,MacBook Pro i5 2.9GHz 13 inch (Late 2016),2016,Mac,MacBook Pro,,Late 2016,13.0,2.9GHz,i5,,256.0,SSD,
Retailer Trade-in,Switch,Mac,MacBook Pro i5 2.9GHz 13 inch (Late 2016),512GB SSD,450,MacBook Pro i5 2.9GHz 13 inch (Late 2016),2016,Mac,MacBook Pro,,Late 2016,13.0,2.9GHz,i5,,512.0,SSD,
Retailer Trade-in,Switch,Mac,MacBook Pro i5 2.9GHz 13 inch (Late 2016),1TB SSD,460,MacBook Pro i5 2.9GHz 13 inch (Late 2016),2016,Mac,MacBook Pro,,Late 2016,13.0,2.9GHz,i5,,1024.0,SSD,
Retailer Trade-in,Switch,Mac,MacBook Pro i5 3.1GHz 13 inch (Late 2016),256GB SSD,470,MacBook Pro i5 3.1GHz 13 inch (Late 2016),2016,Mac,MacBook Pro,,Late 2016,13.0,3.1GHz,i5,,256.0,SSD,
Retailer Trade-in,Switch,Mac,MacBook Pro i5 3.1GHz 13 inch (Late 2016),512GB SSD,480,MacBook Pro i5 3.1GHz 13 inch (Late 2016),2016,Mac,MacBook Pro,,Late 2016,13.0,3.1GHz,i5,,512.0,SSD,
Retailer Trade-in,Switch,Mac,MacBook Pro i5 3.1GHz 13 inch (Late 2016),1TB SSD,490,MacBook Pro i5 3.1GHz 13 inch (Late 2016),2016,Mac,MacBook Pro,,Late 2016,13.0,3.1GHz,i5,,1024.0,SSD,
Retailer Trade-in,Switch,Mac,MacBook Pro i5 3.1GHz 13 inch (Mid 2017),256GB SSD,500,MacBook Pro i5 3.1GHz 13 inch (Mid 2017),2017,Mac,MacBook Pro,,Mid 2017,13.0,3.1GHz,i5,,256.0,SSD,
Retailer Trade-in,Switch,Mac,MacBook Pro i5 3.1GHz 13 inch (Mid 2017),512GB SSD,530,MacBook Pro i5 3.1GHz 13 inch (Mid 2017),2017,Mac,MacBook Pro,,Mid 2017,13.0,3.1GHz,i5,,512.0,SSD,
Retailer Trade-in,Switch,Mac,MacBook Pro i5 3.1GHz 13 inch (Mid 2017),1TB SSD,600,MacBook Pro i5 3.1GHz 13 inch (Mid 2017),2017,Mac,MacBook Pro,,Mid 2017,13.0,3.1GHz,i5,,1024.0,SSD,
Retailer Trade-in,Switch,Mac,MacBook Pro i5 3.3GHz 13 inch (Mid 2017),256GB SSD,500,MacBook Pro i5 3.3GHz 13 inch (Mid 2017),2017,Mac,MacBook Pro,,Mid 2017,13.0,3.3GHz,i5,,256.0,SSD,
Retailer Trade-in,Switch,Mac,MacBook Pro i5 3.3GHz 13 inch (Mid 2017),512GB SSD,530,MacBook Pro i5 3.3GHz 13 inch (Mid 2017),2017,Mac,MacBook Pro,,Mid 2017,13.0,3.3GHz,i5,,512.0,SSD,
Retailer Trade-in,Switch,Mac,MacBook Pro i5 3.3GHz 13 inch (Mid 2017),1TB SSD,600,MacBook Pro i5 3.3GHz 13 inch (Mid 2017),2017,Mac,MacBook Pro,,Mid 2017,13.0,3.3GHz,i5,,1024.0,SSD,
Retailer Trade-in,Switch,Mac,MacBook Pro i7 1.7GHz 13 inch (Mid 2019),128GB SSD,500,MacBook Pro i7 1.7GHz 13 inch (Mid 2019),2019,Mac,MacBook Pro,,Mid 2019,13.0,1.7GHz,i7,,128.0,SSD,
Retailer Trade-in,Switch,Mac,MacBook Pro i7 1.7GHz 13 inch (Mid 2019),256GB SSD,570,MacBook Pro i7 1.7GHz 13 inch (Mid 2019),2019,Mac,MacBook Pro,,Mid 2019,13.0,1.7GHz,i7,,256.0,SSD,
Retailer Trade-in,Switch,Mac,MacBook Pro i7 1.7GHz 13 inch (Mid 2019),512GB SSD,610,MacBook Pro i7 1.7GHz 13 inch (Mid 2019),2019,Mac,MacBook Pro,,Mid 2019,13.0,1.7GHz,i7,,512.0,SSD,
Retailer Trade-in,Switch,Mac,MacBook Pro i7 1.7GHz 13 inch (Mid 2019),1TB SSD,690,MacBook Pro i7 1.7GHz 13 inch (Mid 2019),2019,Mac,MacBook Pro,,Mid 2019,13.0,1.7GHz,i7,,1024.0,SSD,
Retailer Trade-in,Switch,Mac,MacBook Pro i7 1.7GHz 13 inch (Mid 2019),2TB SSD,730,MacBook Pro i7 1.7GHz 13 inch (Mid 2019),2019,Mac,MacBook Pro,,Mid 2019,13.0,1.7GHz,i7,,2048.0,SSD,
Retailer Trade-in,Switch,Mac,MacBook Pro i7 1.7GHz 13 inch (Mid 2020),256GB SSD,780,MacBook Pro i7 1.7GHz 13 inch (Mid 2020),2020,Mac,MacBook Pro,,Mid 2020,13.0,1.7GHz,i7,,256.0,SSD,
Retailer Trade-in,Switch,Mac,MacBook Pro i7 1.7GHz 13 inch (Mid 2020),512GB SSD,790,MacBook Pro i7 1.7GHz 13 inch (Mid 2020),2020,Mac,MacBook Pro,,Mid 2020,13.0,1.7GHz,i7,,512.0,SSD,
Retailer Trade-in,Switch,Mac,MacBook Pro i7 1.7GHz 13 inch (Mid 2020),1TB SSD,830,MacBook Pro i7 1.7GHz 13 inch (Mid 2020),2020,Mac,MacBook Pro,,Mid 2020,13.0,1.7GHz,i7,,1024.0,SSD,
Retailer Trade-in,Switch,Mac,MacBook Pro i7 1.7GHz 13 inch (Mid 2020),2TB SSD,920,MacBook Pro i7 1.7GHz 13 inch (Mid 2020),2020,Mac,MacBook Pro,,Mid 2020,13.0,1.7GHz,i7,,2048.0,SSD,
Retailer Trade-in,Switch,Mac,MacBook Pro i7 2.2GHz 15 inch (Mid 2015),256GB SSD,200,MacBook Pro i7 2.2GHz 15 inch (Mid 2015),2015,Mac,MacBook Pro,,Mid 2015,15.0,2.2GHz,i7,,256.0,SSD,
Retailer Trade-in,Switch,Mac,MacBook Pro i7 2.2GHz 15 inch (Mid 2015),512GB SSD,200,MacBook Pro i7 2.2GHz 15 inch (Mid 2015),2015,Mac,MacBook Pro,,Mid 2015,15.0,2.2GHz,i7,,512.0,SSD,
Retailer Trade-in,Switch,Mac,MacBook Pro i7 2.2GHz 15 inch (Mid 2015),1TB SSD,200,MacBook Pro i7 2.2GHz 15 inch (Mid 2015),2015,Mac,MacBook Pro,,Mid 2015,15.0,2.2GHz,i7,,1024.0,SSD,
Retailer Trade-in,Switch,Mac,MacBook Pro i7 2.2GHz 15 inch (Mid 2018),256GB SSD,910,MacBook Pro i7 2.2GHz 15 inch (Mid 2018),2018,Mac,MacBook Pro,,Mid 2018,15.0,2.2GHz,i7,,256.0,SSD,
Retailer Trade-in,Switch,Mac,MacBook Pro i7 2.2GHz 15 inch (Mid 2018),512GB SSD,920,MacBook Pro i7 2.2GHz 15 inch (Mid 2018),2018,Mac,MacBook Pro,,Mid 2018,15.0,2.2GHz,i7,,512.0,SSD,
Retailer Trade-in,Switch,Mac,MacBook Pro i7 2.2GHz 15 inch (Mid 2018),1TB SSD,960,MacBook Pro i7 2.2GHz 15 inch (Mid 2018),2018,Mac,MacBook Pro,,Mid 2018,15.0,2.2GHz,i7,,1024.0,SSD,
Retailer Trade-in,Switch,Mac,MacBook Pro i7 2.2GHz 15 inch (Mid 2018),2TB SSD,1110,MacBook Pro i7 2.2GHz 15 inch (Mid 2018),2018,Mac,MacBook Pro,,Mid 2018,15.0,2.2GHz,i7,,2048.0,SSD,
Retailer Trade-in,Switch,Mac,MacBook Pro i7 2.2GHz 15 inch (Mid 2018),4TB SSD,1210,MacBook Pro i7 2.2GHz 15 inch (Mid 2018),2018,Mac,MacBook Pro,,Mid 2018,15.0,2.2GHz,i7,,4096.0,SSD,
Retailer Trade-in,Switch,Mac,MacBook Pro i7 2.3GHz 13 inch (Mid 2020),512GB SSD,780,MacBook Pro i7 2.3GHz 13 inch (Mid 2020),2020,Mac,MacBook Pro,,Mid 2020,13.0,2.3GHz,i7,,512.0,SSD,
Retailer Trade-in,Switch,Mac,MacBook Pro i7 2.3GHz 13 inch (Mid 2020),1TB SSD,880,MacBook Pro i7 2.3GHz 13 inch (Mid 2020),2020,Mac,MacBook Pro,,Mid 2020,13.0,2.3GHz,i7,,1024.0,SSD,
Retailer Trade-in,Switch,Mac,MacBook Pro i7 2.3GHz 13 inch (Mid 2020),2TB SSD,960,MacBook Pro i7 2.3GHz 13 inch (Mid 2020),2020,Mac,MacBook Pro,,Mid 2020,13.0,2.3GHz,i7,,2048.0,SSD,
Retailer Trade-in,Switch,Mac,MacBook Pro i7 2.3GHz 13 inch (Mid 2020),4TB SSD,1100,MacBook Pro i7 2.3GHz 13 inch (Mid 2020),2020,Mac,MacBook Pro,,Mid 2020,13.0,2.3GHz,i7,,4096.0,SSD,
Retailer Trade-in,Switch,Mac,MacBook Pro i7 2.4GHz 13 inch (Late 2016),256GB SSD,360,MacBook Pro i7 2.4GHz 13 inch (Late 2016),2016,Mac,MacBook Pro,,Late 2016,13.0,2.4GHz,i7,,256.0,SSD,
Retailer Trade-in,Switch,Mac,MacBook Pro i7 2.4GHz 13 inch (Late 2016),512GB SSD,400,MacBook Pro i7 2.4GHz 13 inch (Late 2016),2016,Mac,MacBook Pro,,Late 2016,13.0,2.4GHz,i7,,512.0,SSD,
Retailer Trade-in,Switch,Mac,MacBook Pro i7 2.4GHz 13 inch (Late 2016),1TB SSD,450,MacBook Pro i7 2.4GHz 13 inch (Late 2016),2016,Mac,MacBook Pro,,Late 2016,13.0,2.4GHz,i7,,1024.0,SSD,
Retailer Trade-in,Switch,Mac,MacBook Pro i7 2.5GHz 13 inch (Mid 2017),128GB SSD,360,MacBook Pro i7 2.5GHz 13 inch (Mid 2017),2017,Mac,MacBook Pro,,Mid 2017,13.0,2.5GHz,i7,,128.0,SSD,
Retailer Trade-in,Switch,Mac,MacBook Pro i7 2.5GHz 13 inch (Mid 2017),256GB SSD,500,MacBook Pro i7 2.5GHz 13 inch (Mid 2017),2017,Mac,MacBook Pro,,Mid 2017,13.0,2.5GHz,i7,,256.0,SSD,
Retailer Trade-in,Switch,Mac,MacBook Pro i7 2.5GHz 13 inch (Mid 2017),512GB SSD,550,MacBook Pro i7 2.5GHz 13 inch (Mid 2017),2017,Mac,MacBook Pro,,Mid 2017,13.0,2.5GHz,i7,,512.0,SSD,
Retailer Trade-in,Switch,Mac,MacBook Pro i7 2.5GHz 13 inch (Mid 2017),1TB SSD,600,MacBook Pro i7 2.5GHz 13 inch (Mid 2017),2017,Mac,MacBook Pro,,Mid 2017,13.0,2.5GHz,i7,,1024.0,SSD,
Retailer Trade-in,Switch,Mac,MacBook Pro i7 2.5GHz 15 inch (Mid 2015),256GB SSD,200,MacBook Pro i7 2.5GHz 15 inch (Mid 2015),2015,Mac,MacBook Pro,,Mid 2015,15.0,2.5GHz,i7,,256.0,SSD,
Retailer Trade-in,Switch,Mac,MacBook Pro i7 2.5GHz 15 inch (Mid 2015),512GB SSD,240,MacBook Pro i7 2.5GHz 15 inch (Mid 2015),2015,Mac,MacBook Pro,,Mid 2015,15.0,2.5GHz,i7,,512.0,SSD,
Retailer Trade-in,Switch,Mac,MacBook Pro i7 2.5GHz 15 inch (Mid 2015),1TB SSD,250,MacBook Pro i7 2.5GHz 15 inch (Mid 2015),2015,Mac,MacBook Pro,,Mid 2015,15.0,2.5GHz,i7,,1024.0,SSD,
Retailer Trade-in,Switch,Mac,MacBook Pro i7 2.6GHz 15 inch (Late 2016),256GB SSD,600,MacBook Pro i7 2.6GHz 15 inch (Late 2016),2016,Mac,MacBook Pro,,Late 2016,15.0,2.6GHz,i7,,256.0,SSD,
Retailer Trade-in,Switch,Mac,MacBook Pro i7 2.6GHz 15 inch (Late 2016),512GB SSD,700,MacBook Pro i7 2.6GHz 15 inch (Late 2016),2016,Mac,MacBook Pro,,Late 2016,15.0,2.6GHz,i7,,512.0,SSD,
Retailer Trade-in,Switch,Mac,MacBook Pro i7 2.6GHz 15 inch (Late 2016),1TB SSD,770,MacBook Pro i7 2.6GHz 15 inch (Late 2016),2016,Mac,MacBook Pro,,Late 2016,15.0,2.6GHz,i7,,1024.0,SSD,
Retailer Trade-in,Switch,Mac,MacBook Pro i7 2.6GHz 15 inch (Late 2016),2TB SSD,820,MacBook Pro i7 2.6GHz 15 inch (Late 2016),2016,Mac,MacBook Pro,,Late 2016,15.0,2.6GHz,i7,,2048.0,SSD,
Retailer Trade-in,Switch,Mac,MacBook Pro i7 2.6GHz 15 inch (Mid 2018),256GB SSD,800,MacBook Pro i7 2.6GHz 15 inch (Mid 2018),2018,Mac,MacBook Pro,,Mid 2018,15.0,2.6GHz,i7,,256.0,SSD,
Retailer Trade-in,Switch,Mac,MacBook Pro i7 2.6GHz 15 inch (Mid 2018),512GB SSD,900,MacBook Pro i7 2.6GHz 15 inch (Mid 2018),2018,Mac,MacBook Pro,,Mid 2018,15.0,2.6GHz,i7,,512.0,SSD,
Retailer Trade-in,Switch,Mac,MacBook Pro i7 2.6GHz 15 inch (Mid 2018),1TB SSD,950,MacBook Pro i7 2.6GHz 15 inch (Mid 2018),2018,Mac,MacBook Pro,,Mid 2018,15.0,2.6GHz,i7,,1024.0,SSD,
Retailer Trade-in,Switch,Mac,MacBook Pro i7 2.6GHz 15 inch (Mid 2018),2TB SSD,1050,MacBook Pro i7 2.6GHz 15 inch (Mid 2018),2018,Mac,MacBook Pro,,Mid 2018,15.0,2.6GHz,i7,,2048.0,SSD,
Retailer Trade-in,Switch,Mac,MacBook Pro i7 2.6GHz 15 inch (Mid 2018),4TB SSD,1150,MacBook Pro i7 2.6GHz 15 inch (Mid 2018),2018,Mac,MacBook Pro,,Mid 2018,15.0,2.6GHz,i7,,4096.0,SSD,
Retailer Trade-in,Switch,Mac,MacBook Pro i7 2.6GHz 15 inch (Mid 2019),256GB SSD,1030,MacBook Pro i7 2.6GHz 15 inch (Mid 2019),2019,Mac,MacBook Pro,,Mid 2019,15.0,2.6GHz,i7,,256.0,SSD,
Retailer Trade-in,Switch,Mac,MacBook Pro i7 2.6GHz 15 inch (Mid 2019),512GB SSD,1070,MacBook Pro i7 2.6GHz 15 inch (Mid 2019),2019,Mac,MacBook Pro,,Mid 2019,15.0,2.6GHz,i7,,512.0,SSD,
Retailer Trade-in,Switch,Mac,MacBook Pro i7 2.6GHz 15 inch (Mid 2019),1TB SSD,1150,MacBook Pro i7 2.6GHz 15 inch (Mid 2019),2019,Mac,MacBook Pro,,Mid 2019,15.0,2.6GHz,i7,,1024.0,SSD,
Retailer Trade-in,Switch,Mac,MacBook Pro i7 2.6GHz 15 inch (Mid 2019),2TB SSD,1270,MacBook Pro i7 2.6GHz 15 inch (Mid 2019),2019,Mac,MacBook Pro,,Mid 2019,15.0,2.6GHz,i7,,2048.0,SSD,
Retailer Trade-in,Switch,Mac,MacBook Pro i7 2.6GHz 15 inch (Mid 2019),4TB SSD,1370,MacBook Pro i7 2.6GHz 15 inch (Mid 2019),2019,Mac,MacBook Pro,,Mid 2019,15.0,2.6GHz,i7,,4096.0,SSD,
Retailer Trade-in,Switch,Mac,MacBook Pro i7 2.6GHz 16 inch (Late 2019),512GB SSD,1100,MacBook Pro i7 2.6GHz 16 inch (Late 2019),2019,Mac,MacBook Pro,,Late 2019,16.0,2.6GHz,i7,,512.0,SSD,
Retailer Trade-in,Switch,Mac,MacBook Pro i7 2.6GHz 16 inch (Late 2019),1TB SSD,1190,MacBook Pro i7 2.6GHz 16 inch (Late 2019),2019,Mac,MacBook Pro,,Late 2019,16.0,2.6GHz,i7,,1024.0,SSD,
Retailer Trade-in,Switch,Mac,MacBook Pro i7 2.6GHz 16 inch (Late 2019),2TB SSD,1290,MacBook Pro i7 2.6GHz 16 inch (Late 2019),2019,Mac,MacBook Pro,,Late 2019,16.0,2.6GHz,i7,,2048.0,SSD,
Retailer Trade-in,Switch,Mac,MacBook Pro i7 2.6GHz 16 inch (Late 2019),4TB SSD,1380,MacBook Pro i7 2.6GHz 16 inch (Late 2019),2019,Mac,MacBook Pro,,Late 2019,16.0,2.6GHz,i7,,4096.0,SSD,
Retailer Trade-in,Switch,Mac,MacBook Pro i7 2.6GHz 16 inch (Late 2019),8TB SSD,1500,MacBook Pro i7 2.6GHz 16 inch (Late 2019),2019,Mac,MacBook Pro,,Late 2019,16.0,2.6GHz,i7,,8192.0,SSD,
Retailer Trade-in,Switch,Mac,MacBook Pro i7 2.7GHz 13 inch (Mid 2018),256GB SSD,700,MacBook Pro i7 2.7GHz 13 inch (Mid 2018),2018,Mac,MacBook Pro,,Mid 2018,13.0,2.7GHz,i7,,256.0,SSD,
Retailer Trade-in,Switch,Mac,MacBook Pro i7 2.7GHz 13 inch (Mid 2018),512GB SSD,720,MacBook Pro i7 2.7GHz 13 inch (Mid 2018),2018,Mac,MacBook Pro,,Mid 2018,13.0,2.7GHz,i7,,512.0,SSD,
Retailer Trade-in,Switch,Mac,MacBook Pro i7 2.7GHz 13 inch (Mid 2018),1TB SSD,770,MacBook Pro i7 2.7GHz 13 inch (Mid 2018),2018,Mac,MacBook Pro,,Mid 2018,13.0,2.7GHz,i7,,1024.0,SSD,
Retailer Trade-in,Switch,Mac,MacBook Pro i7 2.7GHz 13 inch (Mid 2018),2TB SSD,820,MacBook Pro i7 2.7GHz 13 inch (Mid 2018),2018,Mac,MacBook Pro,,Mid 2018,13.0,2.7GHz,i7,,2048.0,SSD,
Retailer Trade-in,Switch,Mac,MacBook Pro i7 2.7GHz 15 inch (Late 2016),256GB SSD,700,MacBook Pro i7 2.7GHz 15 inch (Late 2016),2016,Mac,MacBook Pro,,Late 2016,15.0,2.7GHz,i7,,256.0,SSD,
Retailer Trade-in,Switch,Mac,MacBook Pro i7 2.7GHz 15 inch (Late 2016),512GB SSD,720,MacBook Pro i7 2.7GHz 15 inch (Late 2016),2016,Mac,MacBook Pro,,Late 2016,15.0,2.7GHz,i7,,512.0,SSD,
Retailer Trade-in,Switch,Mac,MacBook Pro i7 2.7GHz 15 inch (Late 2016),1TB SSD,770,MacBook Pro i7 2.7GHz 15 inch (Late 2016),2016,Mac,MacBook Pro,,Late 2016,15.0,2.7GHz,i7,,1024.0,SSD,
Retailer Trade-in,Switch,Mac,MacBook Pro i7 2.7GHz 15 inch (Late 2016),2TB SSD,820,MacBook Pro i7 2.7GHz 15 inch (Late 2016),2016,Mac,MacBook Pro,,Late 2016,15.0,2.7GHz,i7,,2048.0,SSD,
Retailer Trade-in,Switch,Mac,MacBook Pro i7 2.8GHz 13 inch (Mid 2019),256GB SSD,730,MacBook Pro i7 2.8GHz 13 inch (Mid 2019),2019,Mac,MacBook Pro,,Mid 2019,13.0,2.8GHz,i7,,256.0,SSD,
Retailer Trade-in,Switch,Mac,MacBook Pro i7 2.8GHz 13 inch (Mid 2019),512GB SSD,760,MacBook Pro i7 2.8GHz 13 inch (Mid 2019),2019,Mac,MacBook Pro,,Mid 2019,13.0,2.8GHz,i7,,512.0,SSD,
Retailer Trade-in,Switch,Mac,MacBook Pro i7 2.8GHz 13 inch (Mid 2019),1TB SSD,770,MacBook Pro i7 2.8GHz 13 inch (Mid 2019),2019,Mac,MacBook Pro,,Mid 2019,13.0,2.8GHz,i7,,1024.0,SSD,
Retailer Trade-in,Switch,Mac,MacBook Pro i7 2.8GHz 13 inch (Mid 2019),2TB SSD,830,MacBook Pro i7 2.8GHz 13 inch (Mid 2019),2019,Mac,MacBook Pro,,Mid 2019,13.0,2.8GHz,i7,,2048.0,SSD,
Retailer Trade-in,Switch,Mac,MacBook Pro i7 2.8GHz 15 inch (Mid 2015),256GB SSD,240,MacBook Pro i7 2.8GHz 15 inch (Mid 2015),2015,Mac,MacBook Pro,,Mid 2015,15.0,2.8GHz,i7,,256.0,SSD,
Retailer Trade-in,Switch,Mac,MacBook Pro i7 2.8GHz 15 inch (Mid 2015),512GB SSD,250,MacBook Pro i7 2.8GHz 15 inch (Mid 2015),2015,Mac,MacBook Pro,,Mid 2015,15.0,2.8GHz,i7,,512.0,SSD,
Retailer Trade-in,Switch,Mac,MacBook Pro i7 2.8GHz 15 inch (Mid 2015),1TB SSD,290,MacBook Pro i7 2.8GHz 15 inch (Mid 2015),2015,Mac,MacBook Pro,,Mid 2015,15.0,2.8GHz,i7,,1024.0,SSD,
Retailer Trade-in,Switch,Mac,MacBook Pro i7 2.8GHz 15 inch (Mid 2017),256GB SSD,790,MacBook Pro i7 2.8GHz 15 inch (Mid 2017),2017,Mac,MacBook Pro,,Mid 2017,15.0,2.8GHz,i7,,256.0,SSD,
Retailer Trade-in,Switch,Mac,MacBook Pro i7 2.8GHz 15 inch (Mid 2017),512GB SSD,820,MacBook Pro i7 2.8GHz 15 inch (Mid 2017),2017,Mac,MacBook Pro,,Mid 2017,15.0,2.8GHz,i7,,512.0,SSD,
Retailer Trade-in,Switch,Mac,MacBook Pro i7 2.8GHz 15 inch (Mid 2017),1TB SSD,840,MacBook Pro i7 2.8GHz 15 inch (Mid 2017),2017,Mac,MacBook Pro,,Mid 2017,15.0,2.8GHz,i7,,1024.0,SSD,
Retailer Trade-in,Switch,Mac,MacBook Pro i7 2.8GHz 15 inch (Mid 2017),2TB SSD,890,MacBook Pro i7 2.8GHz 15 inch (Mid 2017),2017,Mac,MacBook Pro,,Mid 2017,15.0,2.8GHz,i7,,2048.0,SSD,
Retailer Trade-in,Switch,Mac,MacBook Pro i7 2.9GHz 15 inch (Late 2016),256GB SSD,700,MacBook Pro i7 2.9GHz 15 inch (Late 2016),2016,Mac,MacBook Pro,,Late 2016,15.0,2.9GHz,i7,,256.0,SSD,
Retailer Trade-in,Switch,Mac,MacBook Pro i7 2.9GHz 15 inch (Late 2016),512GB SSD,720,MacBook Pro i7 2.9GHz 15 inch (Late 2016),2016,Mac,MacBook Pro,,Late 2016,15.0,2.9GHz,i7,,512.0,SSD,
Retailer Trade-in,Switch,Mac,MacBook Pro i7 2.9GHz 15 inch (Late 2016),1TB SSD,770,MacBook Pro i7 2.9GHz 15 inch (Late 2016),2016,Mac,MacBook Pro,,Late 2016,15.0,2.9GHz,i7,,1024.0,SSD,
Retailer Trade-in,Switch,Mac,MacBook Pro i7 2.9GHz 15 inch (Late 2016),2TB SSD,820,MacBook Pro i7 2.9GHz 15 inch (Late 2016),2016,Mac,MacBook Pro,,Late 2016,15.0,2.9GHz,i7,,2048.0,SSD,
Retailer Trade-in,Switch,Mac,MacBook Pro i7 2.9GHz 15 inch (Mid 2017),256GB SSD,800,MacBook Pro i7 2.9GHz 15 inch (Mid 2017),2017,Mac,MacBook Pro,,Mid 2017,15.0,2.9GHz,i7,,256.0,SSD,
Retailer Trade-in,Switch,Mac,MacBook Pro i7 2.9GHz 15 inch (Mid 2017),512GB SSD,820,MacBook Pro i7 2.9GHz 15 inch (Mid 2017),2017,Mac,MacBook Pro,,Mid 2017,15.0,2.9GHz,i7,,512.0,SSD,
Retailer Trade-in,Switch,Mac,MacBook Pro i7 2.9GHz 15 inch (Mid 2017),1TB SSD,840,MacBook Pro i7 2.9GHz 15 inch (Mid 2017),2017,Mac,MacBook Pro,,Mid 2017,15.0,2.9GHz,i7,,1024.0,SSD,
Retailer Trade-in,Switch,Mac,MacBook Pro i7 2.9GHz 15 inch (Mid 2017),2TB SSD,900,MacBook Pro i7 2.9GHz 15 inch (Mid 2017),2017,Mac,MacBook Pro,,Mid 2017,15.0,2.9GHz,i7,,2048.0,SSD,
Retailer Trade-in,Switch,Mac,MacBook Pro i7 3.1GHz 13 inch (Early 2015),128GB SSD,120,MacBook Pro i7 3.1GHz 13 inch (Early 2015),2015,Mac,MacBook Pro,,Early 2015,13.0,3.1GHz,i7,,128.0,SSD,
Retailer Trade-in,Switch,Mac,MacBook Pro i7 3.1GHz 13 inch (Early 2015),256GB SSD,120,MacBook Pro i7 3.1GHz 13 inch (Early 2015),2015,Mac,MacBook Pro,,Early 2015,13.0,3.1GHz,i7,,256.0,SSD,
Retailer Trade-in,Switch,Mac,MacBook Pro i7 3.1GHz 13 inch (Early 2015),512GB SSD,150,MacBook Pro i7 3.1GHz 13 inch (Early 2015),2015,Mac,MacBook Pro,,Early 2015,13.0,3.1GHz,i7,,512.0,SSD,
Retailer Trade-in,Switch,Mac,MacBook Pro i7 3.1GHz 13 inch (Early 2015),1TB SSD,150,MacBook Pro i7 3.1GHz 13 inch (Early 2015),2015,Mac,MacBook Pro,,Early 2015,13.0,3.1GHz,i7,,1024.0,SSD,
Retailer Trade-in,Switch,Mac,MacBook Pro i7 3.1GHz 15 inch (Mid 2017),256GB SSD,800,MacBook Pro i7 3.1GHz 15 inch (Mid 2017),2017,Mac,MacBook Pro,,Mid 2017,15.0,3.1GHz,i7,,256.0,SSD,
Retailer Trade-in,Switch,Mac,MacBook Pro i7 3.1GHz 15 inch (Mid 2017),512GB SSD,820,MacBook Pro i7 3.1GHz 15 inch (Mid 2017),2017,Mac,MacBook Pro,,Mid 2017,15.0,3.1GHz,i7,,512.0,SSD,
Retailer Trade-in,Switch,Mac,MacBook Pro i7 3.1GHz 15 inch (Mid 2017),1TB SSD,840,MacBook Pro i7 3.1GHz 15 inch (Mid 2017),2017,Mac,MacBook Pro,,Mid 2017,15.0,3.1GHz,i7,,1024.0,SSD,
Retailer Trade-in,Switch,Mac,MacBook Pro i7 3.1GHz 15 inch (Mid 2017),2TB SSD,890,MacBook Pro i7 3.1GHz 15 inch (Mid 2017),2017,Mac,MacBook Pro,,Mid 2017,15.0,3.1GHz,i7,,2048.0,SSD,
Retailer Trade-in,Switch,Mac,MacBook Pro i7 3.3GHz 13 inch (Late 2016),256GB SSD,450,MacBook Pro i7 3.3GHz 13 inch (Late 2016),2016,Mac,MacBook Pro,,Late 2016,13.0,3.3GHz,i7,,256.0,SSD,
Retailer Trade-in,Switch,Mac,MacBook Pro i7 3.3GHz 13 inch (Late 2016),512GB SSD,460,MacBook Pro i7 3.3GHz 13 inch (Late 2016),2016,Mac,MacBook Pro,,Late 2016,13.0,3.3GHz,i7,,512.0,SSD,
Retailer Trade-in,Switch,Mac,MacBook Pro i7 3.3GHz 13 inch (Late 2016),1TB SSD,470,MacBook Pro i7 3.3GHz 13 inch (Late 2016),2016,Mac,MacBook Pro,,Late 2016,13.0,3.3GHz,i7,,1024.0,SSD,
Retailer Trade-in,Switch,Mac,MacBook Pro i7 3.5GHz 13 inch (Mid 2017),256GB SSD,720,MacBook Pro i7 3.5GHz 13 inch (Mid 2017),2017,Mac,MacBook Pro,,Mid 2017,13.0,3.5GHz,i7,,256.0,SSD,
Retailer Trade-in,Switch,Mac,MacBook Pro i7 3.5GHz 13 inch (Mid 2017),512GB SSD,800,MacBook Pro i7 3.5GHz 13 inch (Mid 2017),2017,Mac,MacBook Pro,,Mid 2017,13.0,3.5GHz,i7,,512.0,SSD,
Retailer Trade-in,Switch,Mac,MacBook Pro i7 3.5GHz 13 inch (Mid 2017),1TB SSD,840,MacBook Pro i7 3.5GHz 13 inch (Mid 2017),2017,Mac,MacBook Pro,,Mid 2017,13.0,3.5GHz,i7,,1024.0,SSD,
Retailer Trade-in,Switch,Mac,MacBook Pro i9 2.3GHz 15 inch (Mid 2019),256GB SSD,1030,MacBook Pro i9 2.3GHz 15 inch (Mid 2019),2019,Mac,MacBook Pro,,Mid 2019,15.0,2.3GHz,i9,,256.0,SSD,
Retailer Trade-in,Switch,Mac,MacBook Pro i9 2.3GHz 15 inch (Mid 2019),512GB SSD,1100,MacBook Pro i9 2.3GHz 15 inch (Mid 2019),2019,Mac,MacBook Pro,,Mid 2019,15.0,2.3GHz,i9,,512.0,SSD,
Retailer Trade-in,Switch,Mac,MacBook Pro i9 2.3GHz 15 inch (Mid 2019),1TB SSD,1290,MacBook Pro i9 2.3GHz 15 inch (Mid 2019),2019,Mac,MacBook Pro,,Mid 2019,15.0,2.3GHz,i9,,1024.0,SSD,
Retailer Trade-in,Switch,Mac,MacBook Pro i9 2.3GHz 15 inch (Mid 2019),2TB SSD,1390,MacBook Pro i9 2.3GHz 15 inch (Mid 2019),2019,Mac,MacBook Pro,,Mid 2019,15.0,2.3GHz,i9,,2048.0,SSD,
Retailer Trade-in,Switch,Mac,MacBook Pro i9 2.3GHz 15 inch (Mid 2019),4TB SSD,1510,MacBook Pro i9 2.3GHz 15 inch (Mid 2019),2019,Mac,MacBook Pro,,Mid 2019,15.0,2.3GHz,i9,,4096.0,SSD,
Retailer Trade-in,Switch,Mac,MacBook Pro i9 2.3GHz 16 inch (Late 2019),1TB SSD,1280,MacBook Pro i9 2.3GHz 16 inch (Late 2019),2019,Mac,MacBook Pro,,Late 2019,16.0,2.3GHz,i9,,1024.0,SSD,
Retailer Trade-in,Switch,Mac,MacBook Pro i9 2.3GHz 16 inch (Late 2019),2TB SSD,1380,MacBook Pro i9 2.3GHz 16 inch (Late 2019),2019,Mac,MacBook Pro,,Late 2019,16.0,2.3GHz,i9,,2048.0,SSD,
Retailer Trade-in,Switch,Mac,MacBook Pro i9 2.3GHz 16 inch (Late 2019),4TB SSD,1560,MacBook Pro i9 2.3GHz 16 inch (Late 2019),2019,Mac,MacBook Pro,,Late 2019,16.0,2.3GHz,i9,,4096.0,SSD,
Retailer Trade-in,Switch,Mac,MacBook Pro i9 2.3GHz 16 inch (Late 2019),8TB SSD,1570,MacBook Pro i9 2.3GHz 16 inch (Late 2019),2019,Mac,MacBook Pro,,Late 2019,16.0,2.3GHz,i9,,8192.0,SSD,
Retailer Trade-in,Switch,Mac,MacBook Pro i9 2.4GHz 15 inch (Mid 2019),256GB SSD,1030,MacBook Pro i9 2.4GHz 15 inch (Mid 2019),2019,Mac,MacBook Pro,,Mid 2019,15.0,2.4GHz,i9,,256.0,SSD,
Retailer Trade-in,Switch,Mac,MacBook Pro i9 2.4GHz 15 inch (Mid 2019),512GB SSD,1180,MacBook Pro i9 2.4GHz 15 inch (Mid 2019),2019,Mac,MacBook Pro,,Mid 2019,15.0,2.4GHz,i9,,512.0,SSD,
Retailer Trade-in,Switch,Mac,MacBook Pro i9 2.4GHz 15 inch (Mid 2019),1TB SSD,1290,MacBook Pro i9 2.4GHz 15 inch (Mid 2019),2019,Mac,MacBook Pro,,Mid 2019,15.0,2.4GHz,i9,,1024.0,SSD,
Retailer Trade-in,Switch,Mac,MacBook Pro i9 2.4GHz 15 inch (Mid 2019),2TB SSD,1390,MacBook Pro i9 2.4GHz 15 inch (Mid 2019),2019,Mac,MacBook Pro,,Mid 2019,15.0,2.4GHz,i9,,2048.0,SSD,
Retailer Trade-in,Switch,Mac,MacBook Pro i9 2.4GHz 15 inch (Mid 2019),4TB SSD,1510,MacBook Pro i9 2.4GHz 15 inch (Mid 2019),2019,Mac,MacBook Pro,,Mid 2019,15.0,2.4GHz,i9,,4096.0,SSD,
Retailer Trade-in,Switch,Mac,MacBook Pro i9 2.4GHz 16 inch (Late 2019),512GB SSD,1190,MacBook Pro i9 2.4GHz 16 inch (Late 2019),2019,Mac,MacBook Pro,,Late 2019,16.0,2.4GHz,i9,,512.0,SSD,
Retailer Trade-in,Switch,Mac,MacBook Pro i9 2.4GHz 16 inch (Late 2019),1TB SSD,1410,MacBook Pro i9 2.4GHz 16 inch (Late 2019),2019,Mac,MacBook Pro,,Late 2019,16.0,2.4GHz,i9,,1024.0,SSD,
Retailer Trade-in,Switch,Mac,MacBook Pro i9 2.4GHz 16 inch (Late 2019),2TB SSD,1480,MacBook Pro i9 2.4GHz 16 inch (Late 2019),2019,Mac,MacBook Pro,,Late 2019,16.0,2.4GHz,i9,,2048.0,SSD,
Retailer Trade-in,Switch,Mac,MacBook Pro i9 2.4GHz 16 inch (Late 2019),4TB SSD,1600,MacBook Pro i9 2.4GHz 16 inch (Late 2019),2019,Mac,MacBook Pro,,Late 2019,16.0,2.4GHz,i9,,4096.0,SSD,
Retailer Trade-in,Switch,Mac,MacBook Pro i9 2.4GHz 16 inch (Late 2019),8TB SSD,1740,MacBook Pro i9 2.4GHz 16 inch (Late 2019),2019,Mac,MacBook Pro,,Late 2019,16.0,2.4GHz,i9,,8192.0,SSD,
Retailer Trade-in,Switch,Mac,MacBook Pro i9 2.9GHz 15 inch (Mid 2018),256GB SSD,910,MacBook Pro i9 2.9GHz 15 inch (Mid 2018),2018,Mac,MacBook Pro,,Mid 2018,15.0,2.9GHz,i9,,256.0,SSD,
Retailer Trade-in,Switch,Mac,MacBook Pro i9 2.9GHz 15 inch (Mid 2018),512GB SSD,960,MacBook Pro i9 2.9GHz 15 inch (Mid 2018),2018,Mac,MacBook Pro,,Mid 2018,15.0,2.9GHz,i9,,512.0,SSD,
Retailer Trade-in,Switch,Mac,MacBook Pro i9 2.9GHz 15 inch (Mid 2018),1TB SSD,1040,MacBook Pro i9 2.9GHz 15 inch (Mid 2018),2018,Mac,MacBook Pro,,Mid 2018,15.0,2.9GHz,i9,,1024.0,SSD,
Retailer Trade-in,Switch,Mac,MacBook Pro i9 2.9GHz 15 inch (Mid 2018),2TB SSD,1130,MacBook Pro i9 2.9GHz 15 inch (Mid 2018),2018,Mac,MacBook Pro,,Mid 2018,15.0,2.9GHz,i9,,2048.0,SSD,
Retailer Trade-in,Switch,Mac,MacBook Pro i9 2.9GHz 15 inch (Mid 2018),4TB SSD,1230,MacBook Pro i9 2.9GHz 15 inch (Mid 2018),2018,Mac,MacBook Pro,,Mid 2018,15.0,2.9GHz,i9,,4096.0,SSD,
Retailer Trade-in,Switch,Mac,MacBook Pro M1 8-Core CPU and 8-Core GPU 13 inch (Late 2020),256GB SSD,910,MacBook Pro,2020,Mac,MacBook Pro,,Late 2020,13.0,,M1,,256.0,SSD,
Retailer Trade-in,Switch,Mac,MacBook Pro M1 8-Core CPU and 8-Core GPU 13 inch (Late 2020),512GB SSD,960,MacBook Pro,2020,Mac,MacBook Pro,,Late 2020,13.0,,M1,,512.0,SSD,
Retailer Trade-in,Switch,Mac,MacBook Pro M1 8-Core CPU and 8-Core GPU 13 inch (Late 2020),1TB SSD,1030,MacBook Pro,2020,Mac,MacBook Pro,,Late 2020,13.0,,M1,,1024.0,SSD,
Retailer Trade-in,Switch,Mac,MacBook Pro M1 8-Core CPU and 8-Core GPU 13 inch (Late 2020),2TB SSD,1150,MacBook Pro,2020,Mac,MacBook Pro,,Late 2020,13.0,,M1,,2048.0,SSD,
Retailer Trade-in,Switch,Mac,MacBook Pro M2 8-Core CPU and 10-Core GPU 13 inch (Mid 2022),256GB SSD,1400,MacBook Pro,2022,Mac,MacBook Pro,,Mid 2022,13.0,,M2,,256.0,SSD,
Retailer Trade-in,Switch,Mac,MacBook Pro M2 8-Core CPU and 10-Core GPU 13 inch (Mid 2022),512GB SSD,1680,MacBook Pro,2022,Mac,MacBook Pro,,Mid 2022,13.0,,M2,,512.0,SSD,
Retailer Trade-in,Switch,Mac,MacBook Pro M2 8-Core CPU and 10-Core GPU 13 inch (Mid 2022),1TB SSD,1900,MacBook Pro,2022,Mac,MacBook Pro,,Mid 2022,13.0,,M2,,1024.0,SSD,
Retailer Trade-in,Switch,Mac,MacBook Pro M2 8-Core CPU and 10-Core GPU 13 inch (Mid 2022),2TB SSD,2260,MacBook Pro,2022,Mac,MacBook Pro,,Mid 2022,13.0,,M2,,2048.0,SSD,
Retailer Trade-in,Switch,Mac,MacBook Pro M2 Max 12-Core CPU and 30-Core GPU 14 inch (Early 2023),512GB SSD,2910,MacBook Pro,2023,Mac,MacBook Pro,,Early 2023,14.0,,M2 Max,,512.0,SSD,
Retailer Trade-in,Switch,Mac,MacBook Pro M2 Max 12-Core CPU and 30-Core GPU 14 inch (Early 2023),1TB SSD,2940,MacBook Pro,2023,Mac,MacBook Pro,,Early 2023,14.0,,M2 Max,,1024.0,SSD,
Retailer Trade-in,Switch,Mac,MacBook Pro M2 Max 12-Core CPU and 30-Core GPU 14 inch (Early 2023),2TB SSD,3950,MacBook Pro,2023,Mac,MacBook Pro,,Early 2023,14.0,,M2 Max,,2048.0,SSD,
Retailer Trade-in,Switch,Mac,MacBook Pro M2 Max 12-Core CPU and 30-Core GPU 14 inch (Early 2023),4TB SSD,4460,MacBook Pro,2023,Mac,MacBook Pro,,Early 2023,14.0,,M2 Max,,4096.0,SSD,
Retailer Trade-in,Switch,Mac,MacBook Pro M2 Max 12-Core CPU and 30-Core GPU 14 inch (Early 2023),8TB SSD,5630,MacBook Pro,2023,Mac,MacBook Pro,,Early 2023,14.0,,M2 Max,,8192.0,SSD,
Retailer Trade-in,Switch,Mac,MacBook Pro M2 Max 12-Core CPU and 30-Core GPU 16 inch (Early 2023),512GB SSD,3540,MacBook Pro,2023,Mac,MacBook Pro,,Early 2023,16.0,,M2 Max,,512.0,SSD,
Retailer Trade-in,Switch,Mac,MacBook Pro M2 Max 12-Core CPU and 30-Core GPU 16 inch (Early 2023),1TB SSD,3720,MacBook Pro,2023,Mac,MacBook Pro,,Early 2023,16.0,,M2 Max,,1024.0,SSD,
Retailer Trade-in,Switch,Mac,MacBook Pro M2 Max 12-Core CPU and 30-Core GPU 16 inch (Early 2023),2TB SSD,4040,MacBook Pro,2023,Mac,MacBook Pro,,Early 2023,16.0,,M2 Max,,2048.0,SSD,
Retailer Trade-in,Switch,Mac,MacBook Pro M2 Max 12-Core CPU and 30-Core GPU 16 inch (Early 2023),4TB SSD,4670,MacBook Pro,2023,Mac,MacBook Pro,,Early 2023,16.0,,M2 Max,,4096.0,SSD,
Retailer Trade-in,Switch,Mac,MacBook Pro M2 Max 12-Core CPU and 30-Core GPU 16 inch (Early 2023),8TB SSD,5920,MacBook Pro,2023,Mac,MacBook Pro,,Early 2023,16.0,,M2 Max,,8192.0,SSD,
Retailer Trade-in,Switch,Mac,MacBook Pro M2 Max 12-Core CPU and 38-Core GPU 14 inch (Early 2023),512GB SSD,3360,MacBook Pro,2023,Mac,MacBook Pro,,Early 2023,14.0,,M2 Max,,512.0,SSD,
Retailer Trade-in,Switch,Mac,MacBook Pro M2 Max 12-Core CPU and 38-Core GPU 14 inch (Early 2023),1TB SSD,3640,MacBook Pro,2023,Mac,MacBook Pro,,Early 2023,14.0,,M2 Max,,1024.0,SSD,
Retailer Trade-in,Switch,Mac,MacBook Pro M2 Max 12-Core CPU and 38-Core GPU 14 inch (Early 2023),2TB SSD,4120,MacBook Pro,2023,Mac,MacBook Pro,,Early 2023,14.0,,M2 Max,,2048.0,SSD,
Retailer Trade-in,Switch,Mac,MacBook Pro M2 Max 12-Core CPU and 38-Core GPU 14 inch (Early 2023),4TB SSD,4800,MacBook Pro,2023,Mac,MacBook Pro,,Early 2023,14.0,,M2 Max,,4096.0,SSD,
Retailer Trade-in,Switch,Mac,MacBook Pro M2 Max 12-Core CPU and 38-Core GPU 14 inch (Early 2023),8TB SSD,6030,MacBook Pro,2023,Mac,MacBook Pro,,Early 2023,14.0,,M2 Max,,8192.0,SSD,
Retailer Trade-in,Switch,Mac,MacBook Pro M2 Max 12-Core CPU and 38-Core GPU 16 inch (Early 2023),512GB SSD,3700,MacBook Pro,2023,Mac,MacBook Pro,,Early 2023,16.0,,M2 Max,,512.0,SSD,
Retailer Trade-in,Switch,Mac,MacBook Pro M2 Max 12-Core CPU and 38-Core GPU 16 inch (Early 2023),1TB SSD,3800,MacBook Pro,2023,Mac,MacBook Pro,,Early 2023,16.0,,M2 Max,,1024.0,SSD,
Retailer Trade-in,Switch,Mac,MacBook Pro M2 Max 12-Core CPU and 38-Core GPU 16 inch (Early 2023),2TB SSD,4460,MacBook Pro,2023,Mac,MacBook Pro,,Early 2023,16.0,,M2 Max,,2048.0,SSD,
Retailer Trade-in,Switch,Mac,MacBook Pro M2 Max 12-Core CPU and 38-Core GPU 16 inch (Early 2023),4TB SSD,4870,MacBook Pro,2023,Mac,MacBook Pro,,Early 2023,16.0,,M2 Max,,4096.0,SSD,
Retailer Trade-in,Switch,Mac,MacBook Pro M2 Max 12-Core CPU and 38-Core GPU 16 inch (Early 2023),8TB SSD,6330,MacBook Pro,2023,Mac,MacBook Pro,,Early 2023,16.0,,M2 Max,,8192.0,SSD,
Retailer Trade-in,Switch,Mac,MacBook Pro M2 Pro 10-Core CPU and 16-Core GPU 14 inch (Early 2023),512GB SSD,2490,MacBook Pro,2023,Mac,MacBook Pro,,Early 2023,14.0,,M2 pro,,512.0,SSD,
Retailer Trade-in,Switch,Mac,MacBook Pro M2 Pro 10-Core CPU and 16-Core GPU 14 inch (Early 2023),1TB SSD,2650,MacBook Pro,2023,Mac,MacBook Pro,,Early 2023,14.0,,M2 pro,,1024.0,SSD,
Retailer Trade-in,Switch,Mac,MacBook Pro M2 Pro 10-Core CPU and 16-Core GPU 14 inch (Early 2023),2TB SSD,2930,MacBook Pro,2023,Mac,MacBook Pro,,Early 2023,14.0,,M2 pro,,2048.0,SSD,
Retailer Trade-in,Switch,Mac,MacBook Pro M2 Pro 10-Core CPU and 16-Core GPU 14 inch (Early 2023),4TB SSD,3370,MacBook Pro,2023,Mac,MacBook Pro,,Early 2023,14.0,,M2 pro,,4096.0,SSD,
Retailer Trade-in,Switch,Mac,MacBook Pro M2 Pro 10-Core CPU and 16-Core GPU 14 inch (Early 2023),8TB SSD,4290,MacBook Pro,2023,Mac,MacBook Pro,,Early 2023,14.0,,M2 pro,,8192.0,SSD,
Retailer Trade-in,Switch,Mac,MacBook Pro M2 Pro 12-Core CPU and 19-Core GPU 14 inch (Early 2023),512GB SSD,2530,MacBook Pro,2023,Mac,MacBook Pro,,Early 2023,14.0,,M2 pro,,512.0,SSD,
Retailer Trade-in,Switch,Mac,MacBook Pro M2 Pro 12-Core CPU and 19-Core GPU 14 inch (Early 2023),1TB SSD,2650,MacBook Pro,2023,Mac,MacBook Pro,,Early 2023,14.0,,M2 pro,,1024.0,SSD,
Retailer Trade-in,Switch,Mac,MacBook Pro M2 Pro 12-Core CPU and 19-Core GPU 14 inch (Early 2023),2TB SSD,3250,MacBook Pro,2023,Mac,MacBook Pro,,Early 2023,14.0,,M2 pro,,2048.0,SSD,
Retailer Trade-in,Switch,Mac,MacBook Pro M2 Pro 12-Core CPU and 19-Core GPU 14 inch (Early 2023),4TB SSD,3840,MacBook Pro,2023,Mac,MacBook Pro,,Early 2023,14.0,,M2 pro,,4096.0,SSD,
Retailer Trade-in,Switch,Mac,MacBook Pro M2 Pro 12-Core CPU and 19-Core GPU 14 inch (Early 2023),8TB SSD,4780,MacBook Pro,2023,Mac,MacBook Pro,,Early 2023,14.0,,M2 pro,,8192.0,SSD,
Retailer Trade-in,Switch,Mac,MacBook Pro M2 Pro 12-Core CPU and 19-Core GPU 16 inch (Early 2023),512GB SSD,2950,MacBook Pro,2023,Mac,MacBook Pro,,Early 2023,16.0,,M2 pro,,512.0,SSD,
Retailer Trade-in,Switch,Mac,MacBook Pro M2 Pro 12-Core CPU and 19-Core GPU 16 inch (Early 2023),1TB SSD,3160,MacBook Pro,2023,Mac,MacBook Pro,,Early 2023,16.0,,M2 pro,,1024.0,SSD,
Retailer Trade-in,Switch,Mac,MacBook Pro M2 Pro 12-Core CPU and 19-Core GPU 16 inch (Early 2023),2TB SSD,3540,MacBook Pro,2023,Mac,MacBook Pro,,Early 2023,16.0,,M2 pro,,2048.0,SSD,
Retailer Trade-in,Switch,Mac,MacBook Pro M2 Pro 12-Core CPU and 19-Core GPU 16 inch (Early 2023),4TB SSD,4330,MacBook Pro,2023,Mac,MacBook Pro,,Early 2023,16.0,,M2 pro,,4096.0,SSD,
Retailer Trade-in,Switch,Mac,MacBook Pro M2 Pro 12-Core CPU and 19-Core GPU 16 inch (Early 2023),8TB SSD,5570,MacBook Pro,2023,Mac,MacBook Pro,,Early 2023,16.0,,M2 pro,,8192.0,SSD,
Retailer Trade-in,Switch,Mac,MacBook Pro M3 8-Core CPU and 10-Core GPU 14 inch (Late 2023),512GB SSD,2560,MacBook Pro,2023,Mac,MacBook Pro,,Late 2023,14.0,,M3,,512.0,SSD,
Retailer Trade-in,Switch,Mac,MacBook Pro M3 8-Core CPU and 10-Core GPU 14 inch (Late 2023),1TB SSD,2820,MacBook Pro,2023,Mac,MacBook Pro,,Late 2023,14.0,,M3,,1024.0,SSD,
Retailer Trade-in,Switch,Mac,MacBook Pro M3 8-Core CPU and 10-Core GPU 14 inch (Late 2023),2TB SSD,3550,MacBook Pro,2023,Mac,MacBook Pro,,Late 2023,14.0,,M3,,2048.0,SSD,
Retailer Trade-in,Switch,Mac,MacBook Pro M3 Max 14-Core CPU and 30-Core GPU 14 inch (Late 2023),512GB SSD,4640,MacBook Pro,2023,Mac,MacBook Pro,,Late 2023,14.0,,M3 Max,,512.0,SSD,
Retailer Trade-in,Switch,Mac,MacBook Pro M3 Max 14-Core CPU and 30-Core GPU 14 inch (Late 2023),1TB SSD,4830,MacBook Pro,2023,Mac,MacBook Pro,,Late 2023,14.0,,M3 Max,,1024.0,SSD,
Retailer Trade-in,Switch,Mac,MacBook Pro M3 Max 14-Core CPU and 30-Core GPU 14 inch (Late 2023),2TB SSD,5260,MacBook Pro,2023,Mac,MacBook Pro,,Late 2023,14.0,,M3 Max,,2048.0,SSD,
Retailer Trade-in,Switch,Mac,MacBook Pro M3 Max 14-Core CPU and 30-Core GPU 14 inch (Late 2023),4TB SSD,6450,MacBook Pro,2023,Mac,MacBook Pro,,Late 2023,14.0,,M3 Max,,4096.0,SSD,
Retailer Trade-in,Switch,Mac,MacBook Pro M3 Max 14-Core CPU and 30-Core GPU 14 inch (Late 2023),8TB SSD,7450,MacBook Pro,2023,Mac,MacBook Pro,,Late 2023,14.0,,M3 Max,,8192.0,SSD,
Retailer Trade-in,Switch,Mac,MacBook Pro M3 Max 14-Core CPU and 30-Core GPU 16 inch (Late 2023),512GB SSD,5240,MacBook Pro,2023,Mac,MacBook Pro,,Late 2023,16.0,,M3 Max,,512.0,SSD,
Retailer Trade-in,Switch,Mac,MacBook Pro M3 Max 14-Core CPU and 30-Core GPU 16 inch (Late 2023),1TB SSD,5680,MacBook Pro,2023,Mac,MacBook Pro,,Late 2023,16.0,,M3 Max,,1024.0,SSD,
Retailer Trade-in,Switch,Mac,MacBook Pro M3 Max 14-Core CPU and 30-Core GPU 16 inch (Late 2023),2TB SSD,6150,MacBook Pro,2023,Mac,MacBook Pro,,Late 2023,16.0,,M3 Max,,2048.0,SSD,
Retailer Trade-in,Switch,Mac,MacBook Pro M3 Max 14-Core CPU and 30-Core GPU 16 inch (Late 2023),4TB SSD,7200,MacBook Pro,2023,Mac,MacBook Pro,,Late 2023,16.0,,M3 Max,,4096.0,SSD,
Retailer Trade-in,Switch,Mac,MacBook Pro M3 Max 14-Core CPU and 30-Core GPU 16 inch (Late 2023),8TB SSD,8710,MacBook Pro,2023,Mac,MacBook Pro,,Late 2023,16.0,,M3 Max,,8192.0,SSD,
Retailer Trade-in,Switch,Mac,MacBook Pro M3 Max 16-Core CPU and 40-Core GPU 14 inch (Late 2023),512GB SSD,5260,MacBook Pro,2023,Mac,MacBook Pro,,Late 2023,14.0,,M3 Max,,512.0,SSD,
Retailer Trade-in,Switch,Mac,MacBook Pro M3 Max 16-Core CPU and 40-Core GPU 14 inch (Late 2023),1TB SSD,5420,MacBook Pro,2023,Mac,MacBook Pro,,Late 2023,14.0,,M3 Max,,1024.0,SSD,
Retailer Trade-in,Switch,Mac,MacBook Pro M3 Max 16-Core CPU and 40-Core GPU 14 inch (Late 2023),2TB SSD,6100,MacBook Pro,2023,Mac,MacBook Pro,,Late 2023,14.0,,M3 Max,,2048.0,SSD,
Retailer Trade-in,Switch,Mac,MacBook Pro M3 Max 16-Core CPU and 40-Core GPU 14 inch (Late 2023),4TB SSD,6940,MacBook Pro,2023,Mac,MacBook Pro,,Late 2023,14.0,,M3 Max,,4096.0,SSD,
Retailer Trade-in,Switch,Mac,MacBook Pro M3 Max 16-Core CPU and 40-Core GPU 14 inch (Late 2023),8TB SSD,8600,MacBook Pro,2023,Mac,MacBook Pro,,Late 2023,14.0,,M3 Max,,8192.0,SSD,
Retailer Trade-in,Switch,Mac,MacBook Pro M3 Max 16-Core CPU and 40-Core GPU 16 inch (Late 2023),512GB SSD,6000,MacBook Pro,2023,Mac,MacBook Pro,,Late 2023,16.0,,M3 Max,,512.0,SSD,
Retailer Trade-in,Switch,Mac,MacBook Pro M3 Max 16-Core CPU and 40-Core GPU 16 inch (Late 2023),1TB SSD,6450,MacBook Pro,2023,Mac,MacBook Pro,,Late 2023,16.0,,M3 Max,,1024.0,SSD,
Retailer Trade-in,Switch,Mac,MacBook Pro M3 Max 16-Core CPU and 40-Core GPU 16 inch (Late 2023),2TB SSD,7030,MacBook Pro,2023,Mac,MacBook Pro,,Late 2023,16.0,,M3 Max,,2048.0,SSD,
Retailer Trade-in,Switch,Mac,MacBook Pro M3 Max 16-Core CPU and 40-Core GPU 16 inch (Late 2023),4TB SSD,7660,MacBook Pro,2023,Mac,MacBook Pro,,Late 2023,16.0,,M3 Max,,4096.0,SSD,
Retailer Trade-in,Switch,Mac,MacBook Pro M3 Max 16-Core CPU and 40-Core GPU 16 inch (Late 2023),8TB SSD,9570,MacBook Pro,2023,Mac,MacBook Pro,,Late 2023,16.0,,M3 Max,,8192.0,SSD,
Retailer Trade-in,Switch,Mac,MacBook Pro M3 Pro 11-Core CPU and 14-Core GPU 14 inch (Late 2023),512GB SSD,3040,MacBook Pro,2023,Mac,MacBook Pro,,Late 2023,14.0,,M3 pro,,512.0,SSD,
Retailer Trade-in,Switch,Mac,MacBook Pro M3 Pro 11-Core CPU and 14-Core GPU 14 inch (Late 2023),1TB SSD,3320,MacBook Pro,2023,Mac,MacBook Pro,,Late 2023,14.0,,M3 pro,,1024.0,SSD,
Retailer Trade-in,Switch,Mac,MacBook Pro M3 Pro 11-Core CPU and 14-Core GPU 14 inch (Late 2023),2TB SSD,4100,MacBook Pro,2023,Mac,MacBook Pro,,Late 2023,14.0,,M3 pro,,2048.0,SSD,
Retailer Trade-in,Switch,Mac,MacBook Pro M3 Pro 11-Core CPU and 14-Core GPU 14 inch (Late 2023),4TB SSD,4950,MacBook Pro,2023,Mac,MacBook Pro,,Late 2023,14.0,,M3 pro,,4096.0,SSD,
Retailer Trade-in,Switch,Mac,MacBook Pro M3 Pro 12-Core CPU and 18-Core GPU 14 inch (Late 2023),512GB SSD,3440,MacBook Pro,2023,Mac,MacBook Pro,,Late 2023,14.0,,M3 pro,,512.0,SSD,
Retailer Trade-in,Switch,Mac,MacBook Pro M3 Pro 12-Core CPU and 18-Core GPU 14 inch (Late 2023),1TB SSD,3720,MacBook Pro,2023,Mac,MacBook Pro,,Late 2023,14.0,,M3 pro,,1024.0,SSD,
Retailer Trade-in,Switch,Mac,MacBook Pro M3 Pro 12-Core CPU and 18-Core GPU 14 inch (Late 2023),2TB SSD,4130,MacBook Pro,2023,Mac,MacBook Pro,,Late 2023,14.0,,M3 pro,,2048.0,SSD,
Retailer Trade-in,Switch,Mac,MacBook Pro M3 Pro 12-Core CPU and 18-Core GPU 14 inch (Late 2023),4TB SSD,4800,MacBook Pro,2023,Mac,MacBook Pro,,Late 2023,14.0,,M3 pro,,4096.0,SSD,
Retailer Trade-in,Switch,Mac,MacBook Pro M3 Pro 12-Core CPU and 18-Core GPU 16 inch (Late 2023),512GB SSD,3940,MacBook Pro,2023,Mac,MacBook Pro,,Late 2023,16.0,,M3 pro,,512.0,SSD,
Retailer Trade-in,Switch,Mac,MacBook Pro M3 Pro 12-Core CPU and 18-Core GPU 16 inch (Late 2023),1TB SSD,4380,MacBook Pro,2023,Mac,MacBook Pro,,Late 2023,16.0,,M3 pro,,1024.0,SSD,
Retailer Trade-in,Switch,Mac,MacBook Pro M3 Pro 12-Core CPU and 18-Core GPU 16 inch (Late 2023),2TB SSD,5130,MacBook Pro,2023,Mac,MacBook Pro,,Late 2023,16.0,,M3 pro,,2048.0,SSD,
Retailer Trade-in,Switch,Mac,MacBook Pro M3 Pro 12-Core CPU and 18-Core GPU 16 inch (Late 2023),4TB SSD,5910,MacBook Pro,2023,Mac,MacBook Pro,,Late 2023,16.0,,M3 pro,,4096.0,SSD,
Retailer Trade-in,UR,iPhone,iPhone 17 Pro Max,2TB,6010,iPhone 17 Pro Max,2025,iPhone,iPhone 17 Pro Max,,,,,,,2048.0,,
Retailer Trade-in,UR,iPhone,iPhone 17 Pro Max,1TB,4800,iPhone 17 Pro Max,2025,iPhone,iPhone 17 Pro Max,,,,,,,1024.0,,
Retailer Trade-in,UR,iPhone,iPhone 17 Pro Max,512GB,4130,iPhone 17 Pro Max,2025,iPhone,iPhone 17 Pro Max,,,,,,,512.0,,
Retailer Trade-in,UR,iPhone,iPhone 17 Pro Max,256GB,3500,iPhone 17 Pro Max,2025,iPhone,iPhone 17 Pro Max,,,,,,,256.0,,
Retailer Trade-in,UR,iPhone,iPhone 17 Pro,1TB,4150,iPhone 17 Pro,2025,iPhone,iPhone 17 Pro,,,,,,,1024.0,,
Retailer Trade-in,UR,iPhone,iPhone 17 Pro,512GB,3600,iPhone 17 Pro,2025,iPhone,iPhone 17 Pro,,,,,,,512.0,,
Retailer Trade-in,UR,iPhone,iPhone 17 Pro,256GB,3190,iPhone 17 Pro,2025,iPhone,iPhone 17 Pro,,,,,,,256.0,,
Retailer Trade-in,UR,iPhone,iPhone 17,512GB,2700,iPhone 17,2025,iPhone,iPhone 17,,,,,,,512.0,,
Retailer Trade-in,UR,iPhone,iPhone 17,256GB,2290,iPhone 17,2025,iPhone,iPhone 17,,,,,,,256.0,,
Retailer Trade-in,UR,iPhone,iPhone Air,256GB,2200,iPhone Air,2025,iPhone,iPhone Air,,,,,,,256.0,,
Retailer Trade-in,UR,iPhone,iPhone Air,512GB,2400,iPhone Air,2025,iPhone,iPhone Air,,,,,,,512.0,,
Retailer Trade-in,UR,iPhone,iPhone Air,1TB,2800,iPhone Air,2025,iPhone,iPhone Air,,,,,,,1024.0,,
Retailer Trade-in,UR,iPhone,iPhone 16 Pro Max,1TB,3500,iPhone 16 Pro Max,2024,iPhone,iPhone 16 Pro Max,,,,,,,1024.0,,
Retailer Trade-in,UR,iPhone,iPhone 16 Pro Max,512GB,3200,iPhone 16 Pro Max,2024,iPhone,iPhone 16 Pro Max,,,,,,,512.0,,
Retailer Trade-in,UR,iPhone,iPhone 16 Pro Max,256GB,3010,iPhone 16 Pro Max,2024,iPhone,iPhone 16 Pro Max,,,,,,,256.0,,
Retailer Trade-in,UR,iPhone,iPhone 16 Pro,1TB,2900,iPhone 16 Pro,2024,iPhone,iPhone 16 Pro,,,,,,,1024.0,,
Retailer Trade-in,UR,iPhone,iPhone 16 Pro,512GB,2700,iPhone 16 Pro,2024,iPhone,iPhone 16 Pro,,,,,,,512.0,,
Retailer Trade-in,UR,iPhone,iPhone 16 Pro,256GB,2540,iPhone 16 Pro,2024,iPhone,iPhone 16 Pro,,,,,,,256.0,,
Retailer Trade-in,UR,iPhone,iPhone 16 Pro,128GB,2310,iPhone 16 Pro,2024,iPhone,iPhone 16 Pro,,,,,,,128.0,,
Retailer Trade-in,UR,iPhone,iPhone 16 Plus,512GB,2500,iPhone 16 Plus,2024,iPhone,iPhone 16 Plus,,,,,,,512.0,,
Retailer Trade-in,UR,iPhone,iPhone 16 Plus,256GB,2250,iPhone 16 Plus,2024,iPhone,iPhone 16 Plus,,,,,,,256.0,,
Retailer Trade-in,UR,iPhone,iPhone 16 Plus,128GB,2090,iPhone 16 Plus,2024,iPhone,iPhone 16 Plus,,,,,,,128.0,,
Retailer Trade-in,UR,iPhone,iPhone 16,512GB,2180,iPhone 16,2024,iPhone,iPhone 16,,,,,,,512.0,,
Retailer Trade-in,UR,iPhone,iPhone 16,256GB,1980,iPhone 16,2024,iPhone,iPhone 16,,,,,,,256.0,,
Retailer Trade-in,UR,iPhone,iPhone 16,128GB,1800,iPhone 16,2024,iPhone,iPhone 16,,,,,,,128.0,,
Retailer Trade-in,UR,iPhone,iPhone 16e,512GB,1500,iPhone 16e,2025,iPhone,iPhone 16e,,,,,,,512.0,,
Retailer Trade-in,UR,iPhone,iPhone 16e,256GB,1200,iPhone 16e,2025,iPhone,iPhone 16e,,,,,,,256.0,,
Retailer Trade-in,UR,iPhone,iPhone 16e,128GB,1050,iPhone 16e,2025,iPhone,iPhone 16e,,,,,,,128.0,,
Retailer Trade-in,UR,iPhone,iPhone 15 Pro Max,1TB,2660,iPhone 15 Pro Max,2023,iPhone,iPhone 15 Pro Max,,,,,,,1024.0,,
Retailer Trade-in,UR,iPhone,iPhone 15 Pro Max,512GB,2440,iPhone 15 Pro Max,2023,iPhone,iPhone 15 Pro Max,,,,,,,512.0,,
Retailer Trade-in,UR,iPhone,iPhone 15 Pro Max,256GB,2210,iPhone 15 Pro Max,2023,iPhone,iPhone 15 Pro Max,,,,,,,256.0,,
Retailer Trade-in,UR,iPhone,iPhone 15 Pro,1TB,2360,iPhone 15 Pro,2023,iPhone,iPhone 15 Pro,,,,,,,1024.0,,
Retailer Trade-in,UR,iPhone,iPhone 15 Pro,512GB,2140,iPhone 15 Pro,2023,iPhone,iPhone 15 Pro,,,,,,,512.0,,
Retailer Trade-in,UR,iPhone,iPhone 15 Pro,256GB,2010,iPhone 15 Pro,2023,iPhone,iPhone 15 Pro,,,,,,,256.0,,
Retailer Trade-in,UR,iPhone,iPhone 15 Pro,128GB,1740,iPhone 15 Pro,2023,iPhone,iPhone 15 Pro,,,,,,,128.0,,
Retailer Trade-in,UR,iPhone,iPhone 15 Plus,512GB,1800,iPhone 15 Plus,2023,iPhone,iPhone 15 Plus,,,,,,,512.0,,
Retailer Trade-in,UR,iPhone,iPhone 15 Plus,256GB,1600,iPhone 15 Plus,2023,iPhone,iPhone 15 Plus,,,,,,,256.0,,
Retailer Trade-in,UR,iPhone,iPhone 15 Plus,128GB,1450,iPhone 15 Plus,2023,iPhone,iPhone 15 Plus,,,,,,,128.0,,
Retailer Trade-in,UR,iPhone,iPhone 15,512GB,1600,iPhone 15,2023,iPhone,iPhone 15,,,,,,,512.0,,
Retailer Trade-in,UR,iPhone,iPhone 15,256GB,1450,iPhone 15,2023,iPhone,iPhone 15,,,,,,,256.0,,
Retailer Trade-in,UR,iPhone,iPhone 15,128GB,1300,iPhone 15,2023,iPhone,iPhone 15,,,,,,,128.0,,
Retailer Trade-in,UR,iPhone,iPhone 14 Pro Max,1TB,1990,iPhone 14 Pro Max,2022,iPhone,iPhone 14 Pro Max,,,,,,,1024.0,,
Retailer Trade-in,UR,iPhone,iPhone 14 Pro Max,512GB,1850,iPhone 14 Pro Max,2022,iPhone,iPhone 14 Pro Max,,,,,,,512.0,,
Retailer Trade-in,UR,iPhone,iPhone 14 Pro Max,256GB,1710,iPhone 14 Pro Max,2022,iPhone,iPhone 14 Pro Max,,,,,,,256.0,,
Retailer Trade-in,UR,iPhone,iPhone 14 Pro Max,128GB,1590,iPhone 14 Pro Max,2022,iPhone,iPhone 14 Pro Max,,,,,,,128.0,,
Retailer Trade-in,UR,iPhone,iPhone 14 Pro,1TB,1690,iPhone 14 Pro,2022,iPhone,iPhone 14 Pro,,,,,,,1024.0,,
Retailer Trade-in,UR,iPhone,iPhone 14 Pro,512GB,1610,iPhone 14 Pro,2022,iPhone,iPhone 14 Pro,,,,,,,512.0,,
Retailer Trade-in,UR,iPhone,iPhone 14 Pro,256GB,1540,iPhone 14 Pro,2022,iPhone,iPhone 14 Pro,,,,,,,256.0,,
Retailer Trade-in,UR,iPhone,iPhone 14 Pro,128GB,1340,iPhone 14 Pro,2022,iPhone,iPhone 14 Pro,,,,,,,128.0,,
Retailer Trade-in,UR,iPhone,iPhone 14 Plus,512GB,1240,iPhone 14 Plus,2022,iPhone,iPhone 14 Plus,,,,,,,512.0,,
Retailer Trade-in,UR,iPhone,iPhone 14 Plus,256GB,1050,iPhone 14 Plus,2022,iPhone,iPhone 14 Plus,,,,,,,256.0,,
Retailer Trade-in,UR,iPhone,iPhone 14 Plus,128GB,950,iPhone 14 Plus,2022,iPhone,iPhone 14 Plus,,,,,,,128.0,,
Retailer Trade-in,UR,iPhone,iPhone 14,512GB,1110,iPhone 14,2022,iPhone,iPhone 14,,,,,,,512.0,,
Retailer Trade-in,UR,iPhone,iPhone 14,256GB,950,iPhone 14,2022,iPhone,iPhone 14,,,,,,,256.0,,
Retailer Trade-in,UR,iPhone,iPhone 14,128GB,850,iPhone 14,2022,iPhone,iPhone 14,,,,,,,128.0,,
Retailer Trade-in,UR,iPhone,iPhone 13 Pro Max,1TB,1460,iPhone 13 Pro Max,2021,iPhone,iPhone 13 Pro Max,,,,,,,1024.0,,
Retailer Trade-in,UR,iPhone,iPhone 13 Pro Max,512GB,1340,iPhone 13 Pro Max,2021,iPhone,iPhone 13 Pro Max,,,,,,,512.0,,
Retailer Trade-in,UR,iPhone,iPhone 13 Pro Max,256GB,1290,iPhone 13 Pro Max,2021,iPhone,iPhone 13 Pro Max,,,,,,,256.0,,
Retailer Trade-in,UR,iPhone,iPhone 13 Pro Max,128GB,1110,iPhone 13 Pro Max,2021,iPhone,iPhone 13 Pro Max,,,,,,,128.0,,
Retailer Trade-in,UR,iPhone,iPhone 13 Pro,1TB,1260,iPhone 13 Pro,2021,iPhone,iPhone 13 Pro,,,,,,,1024.0,,
Retailer Trade-in,UR,iPhone,iPhone 13 Pro,512GB,1150,iPhone 13 Pro,2021,iPhone,iPhone 13 Pro,,,,,,,512.0,,
Retailer Trade-in,UR,iPhone,iPhone 13 Pro,256GB,1060,iPhone 13 Pro,2021,iPhone,iPhone 13 Pro,,,,,,,256.0,,
Retailer Trade-in,UR,iPhone,iPhone 13 Pro,128GB,990,iPhone 13 Pro,2021,iPhone,iPhone 13 Pro,,,,,,,128.0,,
Retailer Trade-in,UR,iPhone,iPhone 13 mini,512GB,600,iPhone 13 mini,2021,iPhone,iPhone 13 mini,,,,,,,512.0,,
Retailer Trade-in,UR,iPhone,iPhone 13 mini,256GB,550,iPhone 13 mini,2021,iPhone,iPhone 13 mini,,,,,,,256.0,,
Retailer Trade-in,UR,iPhone,iPhone 13 mini,128GB,500,iPhone 13 mini,2021,iPhone,iPhone 13 mini,,,,,,,128.0,,
Retailer Trade-in,UR,iPhone,iPhone 13,512GB,910,iPhone 13,2021,iPhone,iPhone 13,,,,,,,512.0,,
Retailer Trade-in,UR,iPhone,iPhone 13,256GB,850,iPhone 13,2021,iPhone,iPhone 13,,,,,,,256.0,,
Retailer Trade-in,UR,iPhone,iPhone 13,128GB,750,iPhone 13,2021,iPhone,iPhone 13,,,,,,,128.0,,
Retailer Trade-in,UR,iPhone,iPhone 12 Pro Max,512GB,990,iPhone 12 Pro Max,2020,iPhone,iPhone 12 Pro Max,,,,,,,512.0,,
Retailer Trade-in,UR,iPhone,iPhone 12 Pro Max,256GB,910,iPhone 12 Pro Max,2020,iPhone,iPhone 12 Pro Max,,,,,,,256.0,,
Retailer Trade-in,UR,iPhone,iPhone 12 Pro Max,128GB,810,iPhone 12 Pro Max,2020,iPhone,iPhone 12 Pro Max,,,,,,,128.0,,
Retailer Trade-in,UR,iPhone,iPhone 12 Pro,512GB,760,iPhone 12 Pro,2020,iPhone,iPhone 12 Pro,,,,,,,512.0,,
Retailer Trade-in,UR,iPhone,iPhone 12 Pro,256GB,710,iPhone 12 Pro,2020,iPhone,iPhone 12 Pro,,,,,,,256.0,,
Retailer Trade-in,UR,iPhone,iPhone 12 Pro,128GB,640,iPhone 12 Pro,2020,iPhone,iPhone 12 Pro,,,,,,,128.0,,
Retailer Trade-in,UR,iPhone,iPhone 12 mini,256GB,450,iPhone 12 mini,2020,iPhone,iPhone 12 mini,,,,,,,256.0,,
Retailer Trade-in,UR,iPhone,iPhone 12 mini,128GB,400,iPhone 12 mini,2020,iPhone,iPhone 12 mini,,,,,,,128.0,,
Retailer Trade-in,UR,iPhone,iPhone 12 mini,64GB,300,iPhone 12 mini,2020,iPhone,iPhone 12 mini,,,,,,,64.0,,
Retailer Trade-in,UR,iPhone,iPhone 12,256GB,590,iPhone 12,2020,iPhone,iPhone 12,,,,,,,256.0,,
Retailer Trade-in,UR,iPhone,iPhone 12,128GB,510,iPhone 12,2020,iPhone,iPhone 12,,,,,,,128.0,,
Retailer Trade-in,UR,iPhone,iPhone 12,64GB,460,iPhone 12,2020,iPhone,iPhone 12,,,,,,,64.0,,
Retailer Trade-in,UR,iPhone,iPhone 11 Pro Max,512GB,650,iPhone 11 Pro Max,2019,iPhone,iPhone 11 Pro Max,,,,,,,512.0,,
Retailer Trade-in,UR,iPhone,iPhone 11 Pro Max,256GB,560,iPhone 11 Pro Max,2019,iPhone,iPhone 11 Pro Max,,,,,,,256.0,,
Retailer Trade-in,UR,iPhone,iPhone 11 Pro Max,64GB,490,iPhone 11 Pro Max,2019,iPhone,iPhone 11 Pro Max,,,,,,,64.0,,
Retailer Trade-in,UR,iPhone,iPhone 11 Pro,512GB,590,iPhone 11 Pro,2019,iPhone,iPhone 11 Pro,,,,,,,512.0,,
Retailer Trade-in,UR,iPhone,iPhone 11 Pro,256GB,450,iPhone 11 Pro,2019,iPhone,iPhone 11 Pro,,,,,,,256.0,,
Retailer Trade-in,UR,iPhone,iPhone 11 Pro,64GB,400,iPhone 11 Pro,2019,iPhone,iPhone 11 Pro,,,,,,,64.0,,
Retailer Trade-in,UR,iPhone,iPhone 11,256GB,460,iPhone 11,2019,iPhone,iPhone 11,,,,,,,256.0,,
Retailer Trade-in,UR,iPhone,iPhone 11,128GB,350,iPhone 11,2019,iPhone,iPhone 11,,,,,,,128.0,,
Retailer Trade-in,UR,iPhone,iPhone 11,64GB,300,iPhone 11,2019,iPhone,iPhone 11,,,,,,,64.0,,
Retailer Trade-in,UR,iPhone,iPhone Xs Max,512GB,400,iPhone XS Max,2018,iPhone,iPhone Xs Max,,,,,,,512.0,,
Retailer Trade-in,UR,iPhone,iPhone Xs Max,256GB,370,iPhone XS Max,2018,iPhone,iPhone Xs Max,,,,,,,256.0,,
Retailer Trade-in,UR,iPhone,iPhone Xs Max,64GB,290,iPhone XS Max,2018,iPhone,iPhone Xs Max,,,,,,,64.0,,
Retailer Trade-in,UR,iPhone,iPhone Xs,512GB,310,iPhone XS,2018,iPhone,iPhone Xs,,,,,,,512.0,,
Retailer Trade-in,UR,iPhone,iPhone Xs,256GB,260,iPhone XS,2018,iPhone,iPhone Xs,,,,,,,256.0,,
Retailer Trade-in,UR,iPhone,iPhone Xs,64GB,210,iPhone XS,2018,iPhone,iPhone Xs,,,,,,,64.0,,
Retailer Trade-in,UR,iPhone,iPhone Xr,256GB,280,iPhone XR,2018,iPhone,iPhone Xr,,,,,,,256.0,,
Retailer Trade-in,UR,iPhone,iPhone Xr,128GB,230,iPhone XR,2018,iPhone,iPhone Xr,,,,,,,128.0,,
Retailer Trade-in,UR,iPhone,iPhone Xr,64GB,160,iPhone XR,2018,iPhone,iPhone Xr,,,,,,,64.0,,
Retailer Trade-in,UR,iPhone,iPhone X,256GB,190,iPhone X,2017,iPhone,iPhone X,,,,,,,256.0,,
Retailer Trade-in,UR,iPhone,iPhone X,64GB,140,iPhone X,2017,iPhone,iPhone X,,,,,,,64.0,,
Retailer Trade-in,UR,iPhone,iPhone SE (2022),256GB,270,iPhone SE (2022),2022,iPhone,iPhone SE,,2022,,,,,256.0,,
Retailer Trade-in,UR,iPhone,iPhone SE (2022),128GB,220,iPhone SE (2022),2022,iPhone,iPhone SE,,2022,,,,,128.0,,
Retailer Trade-in,UR,iPhone,iPhone SE (2022),64GB,170,iPhone SE (2022),2022,iPhone,iPhone SE,,2022,,,,,64.0,,
Retailer Trade-in,UR,iPhone,iPhone SE (2020),256GB,220,iPhone SE (2020),2020,iPhone,iPhone SE,,2020,,,,,256.0,,
Retailer Trade-in,UR,iPhone,iPhone SE (2020),128GB,170,iPhone SE (2020),2020,iPhone,iPhone SE,,2020,,,,,128.0,,
Retailer Trade-in,UR,iPhone,iPhone SE (2020),64GB,120,iPhone SE (2020),2020,iPhone,iPhone SE,,2020,,,,,64.0,,
Retailer Trade-in,UR,iPhone,iPhone SE,128GB,5,iPhone SE,2016,iPhone,iPhone SE,,,,,,,128.0,,
Retailer Trade-in,UR,iPhone,iPhone SE,64GB,5,iPhone SE,2016,iPhone,iPhone SE,,,,,,,64.0,,
Retailer Trade-in,UR,iPhone,iPhone SE,32GB,5,iPhone SE,2016,iPhone,iPhone SE,,,,,,,32.0,,
Retailer Trade-in,UR,iPhone,iPhone SE,16GB,5,iPhone SE,2016,iPhone,iPhone SE,,,,,,,16.0,,
Retailer Trade-in,UR,iPhone,iPhone 8 Plus,256GB,190,iPhone 8 Plus,2017,iPhone,iPhone 8 Plus,,,,,,,256.0,,
Retailer Trade-in,UR,iPhone,iPhone 8 Plus,128GB,160,iPhone 8 Plus,2017,iPhone,iPhone 8 Plus,,,,,,,128.0,,
Retailer Trade-in,UR,iPhone,iPhone 8 Plus,64GB,130,iPhone 8 Plus,2017,iPhone,iPhone 8 Plus,,,,,,,64.0,,
Retailer Trade-in,UR,iPhone,iPhone 8,256GB,180,iPhone 8,2017,iPhone,iPhone 8,,,,,,,256.0,,
Retailer Trade-in,UR,iPhone,iPhone 8,128GB,140,iPhone 8,2017,iPhone,iPhone 8,,,,,,,128.0,,
Retailer Trade-in,UR,iPhone,iPhone 8,64GB,120,iPhone 8,2017,iPhone,iPhone 8,,,,,,,64.0,,
Retailer Trade-in,UR,iPhone,iPhone 7 Plus,256GB,140,iPhone 7 Plus,2016,iPhone,iPhone 7 Plus,,,,,,,256.0,,
Retailer Trade-in,UR,iPhone,iPhone 7 Plus,128GB,110,iPhone 7 Plus,2016,iPhone,iPhone 7 Plus,,,,,,,128.0,,
Retailer Trade-in,UR,iPhone,iPhone 7 Plus,32GB,80,iPhone 7 Plus,2016,iPhone,iPhone 7 Plus,,,,,,,32.0,,
Retailer Trade-in,UR,iPhone,iPhone 7,256GB,90,iPhone 7,2016,iPhone,iPhone 7,,,,,,,256.0,,
Retailer Trade-in,UR,iPhone,iPhone 7,128GB,70,iPhone 7,2016,iPhone,iPhone 7,,,,,,,128.0,,
Retailer Trade-in,UR,iPhone,iPhone 7,32GB,50,iPhone 7,2016,iPhone,iPhone 7,,,,,,,32.0,,
Retailer Trade-in,UR,iPhone,iPhone 6s Plus,128GB,20,iPhone 6s Plus,2015,iPhone,iPhone 6s Plus,,,,,,,128.0,,
Retailer Trade-in,UR,iPhone,iPhone 6s Plus,64GB,20,iPhone 6s Plus,2015,iPhone,iPhone 6s Plus,,,,,,,64.0,,
Retailer Trade-in,UR,iPhone,iPhone 6s Plus,32GB,20,iPhone 6s Plus,2015,iPhone,iPhone 6s Plus,,,,,,,32.0,,
Retailer Trade-in,UR,iPhone,iPhone 6s Plus,16GB,20,iPhone 6s Plus,2015,iPhone,iPhone 6s Plus,,,,,,,16.0,,
Retailer Trade-in,UR,iPhone,iPhone 6s,128GB,10,iPhone 6s,2015,iPhone,iPhone 6s,,,,,,,128.0,,
Retailer Trade-in,UR,iPhone,iPhone 6s,64GB,10,iPhone 6s,2015,iPhone,iPhone 6s,,,,,,,64.0,,
Retailer Trade-in,UR,iPhone,iPhone 6s,32GB,10,iPhone 6s,2015,iPhone,iPhone 6s,,,,,,,32.0,,
Retailer Trade-in,UR,iPhone,iPhone 6s,16GB,10,iPhone 6s,2015,iPhone,iPhone 6s,,,,,,,16.0,,
Retailer Trade-in,UR,iPhone,iPhone 6 Plus,128GB,10,iPhone 6 Plus,2014,iPhone,iPhone 6 Plus,,,,,,,128.0,,
Retailer Trade-in,UR,iPhone,iPhone 6 Plus,64GB,10,iPhone 6 Plus,2014,iPhone,iPhone 6 Plus,,,,,,,64.0,,
Retailer Trade-in,UR,iPhone,iPhone 6 Plus,16GB,10,iPhone 6 Plus,2014,iPhone,iPhone 6 Plus,,,,,,,16.0,,
Retailer Trade-in,UR,iPhone,iPhone 6,128GB,5,iPhone 6,2014,iPhone,iPhone 6,,,,,,,128.0,,
Retailer Trade-in,UR,iPhone,iPhone 6,64GB,5,iPhone 6,2014,iPhone,iPhone 6,,,,,,,64.0,,
Retailer Trade-in,UR,iPhone,iPhone 6,32GB,5,iPhone 6,2014,iPhone,iPhone 6,,,,,,,32.0,,
Retailer Trade-in,UR,iPhone,iPhone 6,16GB,5,iPhone 6,2014,iPhone,iPhone 6,,,,,,,16.0,,
Retailer Trade-in,UR,iPhone,iPhone 5s,64GB,5,iPhone 5s,2013,iPhone,iPhone 5s,,,,,,,64.0,,
Retailer Trade-in,UR,iPhone,iPhone 5s,32GB,5,iPhone 5s,2013,iPhone,iPhone 5s,,,,,,,32.0,,
Retailer Trade-in,UR,iPhone,iPhone 5s,16GB,5,iPhone 5s,2013,iPhone,iPhone 5s,,,,,,,16.0,,
Retailer Trade-in,UR,iPad,iPad 10 10.9-inch,"64GB, Cellular",690,iPad 10,2022,iPad,iPad,10.0,,10.9,,,,64.0,,Wi-Fi + Cellular
Retailer Trade-in,UR,iPad,iPad 10 10.9-inch,"256GB, Cellular",800,iPad 10,2022,iPad,iPad,10.0,,10.9,,,,256.0,,Wi-Fi + Cellular
Retailer Trade-in,UR,iPad,iPad 10 10.9-inch,"64GB, Wi-Fi",610,iPad 10,2022,iPad,iPad,10.0,,10.9,,,,64.0,,Wi-Fi
Retailer Trade-in,UR,iPad,iPad 10 10.9-inch,"256GB, Wi-Fi",690,iPad 10,2022,iPad,iPad,10.0,,10.9,,,,256.0,,Wi-Fi
Retailer Trade-in,UR,iPad,iPad 11 11-inch A16,"128GB, Cellular",840,iPad 11 A16,2025,iPad,iPad,11.0,,11.0,,,,128.0,,Wi-Fi + Cellular
Retailer Trade-in,UR,iPad,iPad 11 11-inch A16,"256GB, Cellular",1040,iPad 11 A16,2025,iPad,iPad,11.0,,11.0,,,,256.0,,Wi-Fi + Cellular
Retailer Trade-in,UR,iPad,iPad 11 11-inch A16,"512GB, Cellular",1370,iPad 11 A16,2025,iPad,iPad,11.0,,11.0,,,,512.0,,Wi-Fi + Cellular
Retailer Trade-in,UR,iPad,iPad 11 11-inch A16,"128GB, Wi-Fi",640,iPad 11 A16,2025,iPad,iPad,11.0,,11.0,,,,128.0,,Wi-Fi
Retailer Trade-in,UR,iPad,iPad 11 11-inch A16,"256GB, Wi-Fi",820,iPad 11 A16,2025,iPad,iPad,11.0,,11.0,,,,256.0,,Wi-Fi
Retailer Trade-in,UR,iPad,iPad 11 11-inch A16,"512GB, Wi-Fi",1110,iPad 11 A16,2025,iPad,iPad,11.0,,11.0,,,,512.0,,Wi-Fi
Retailer Trade-in,UR,iPad,iPad 4 9.7-inch,16GB Cellular,60,iPad 4,2012,iPad,iPad,4.0,,9.7,,,,16.0,,Wi-Fi + Cellular
Retailer Trade-in,UR,iPad,iPad 4 9.7-inch,16GB Wi-Fi,50,iPad 4,2012,iPad,iPad,4.0,,9.7,,,,16.0,,Wi-Fi
Retailer Trade-in,UR,iPad,iPad 4 9.7-inch,32GB Cellular,60,iPad 4,2012,iPad,iPad,4.0,,9.7,,,,32.0,,Wi-Fi + Cellular
Retailer Trade-in,UR,iPad,iPad 4 9.7-inch,32GB Wi-Fi,50,iPad 4,2012,iPad,iPad,4.0,,9.7,,,,32.0,,Wi-Fi
Retailer Trade-in,UR,iPad,iPad 4 9.7-inch,64GB Cellular,60,iPad 4,2012,iPad,iPad,4.0,,9.7,,,,64.0,,Wi-Fi + Cellular
Retailer Trade-in,UR,iPad,iPad 4 9.7-inch,64GB Wi-Fi,50,iPad 4,2012,iPad,iPad,4.0,,9.7,,,,64.0,,Wi-Fi
Retailer Trade-in,UR,iPad,iPad 4 9.7-inch,128GB Cellular,60,iPad 4,2012,iPad,iPad,4.0,,9.7,,,,128.0,,Wi-Fi + Cellular
Retailer Trade-in,UR,iPad,iPad 4 9.7-inch,128GB Wi-Fi,50,iPad 4,2012,iPad,iPad,4.0,,9.7,,,,128.0,,Wi-Fi
Retailer Trade-in,UR,iPad,iPad 5 9.7-inch,32GB Cellular,100,iPad 5,2017,iPad,iPad,5.0,,9.7,,,,32.0,,Wi-Fi + Cellular
Retailer Trade-in,UR,iPad,iPad 5 9.7-inch,32GB Wi-Fi,80,iPad 5,2017,iPad,iPad,5.0,,9.7,,,,32.0,,Wi-Fi
Retailer Trade-in,UR,iPad,iPad 5 9.7-inch,128GB Cellular,130,iPad 5,2017,iPad,iPad,5.0,,9.7,,,,128.0,,Wi-Fi + Cellular
Retailer Trade-in,UR,iPad,iPad 5 9.7-inch,128GB Wi-Fi,100,iPad 5,2017,iPad,iPad,5.0,,9.7,,,,128.0,,Wi-Fi
Retailer Trade-in,UR,iPad,iPad 6 9.7-inch,32GB Cellular,130,iPad 6,2018,iPad,iPad,6.0,,9.7,,,,32.0,,Wi-Fi + Cellular
Retailer Trade-in,UR,iPad,iPad 6 9.7-inch,32GB Wi-Fi,100,iPad 6,2018,iPad,iPad,6.0,,9.7,,,,32.0,,Wi-Fi
Retailer Trade-in,UR,iPad,iPad 6 9.7-inch,128GB Cellular,170,iPad 6,2018,iPad,iPad,6.0,,9.7,,,,128.0,,Wi-Fi + Cellular
Retailer Trade-in,UR,iPad,iPad 6 9.7-inch,128GB Wi-Fi,130,iPad 6,2018,iPad,iPad,6.0,,9.7,,,,128.0,,Wi-Fi
Retailer Trade-in,UR,iPad,iPad 7 10.2‑inch,32GB Cellular,170,iPad 7 10.2‑inch,2019,iPad,iPad,7.0,,,,,,32.0,,Wi-Fi + Cellular
Retailer Trade-in,UR,iPad,iPad 7 10.2‑inch,32GB Wi-Fi,150,iPad 7 10.2‑inch,2019,iPad,iPad,7.0,,,,,,32.0,,Wi-Fi
Retailer Trade-in,UR,iPad,iPad 7 10.2‑inch,128GB Cellular,340,iPad 7 10.2‑inch,2019,iPad,iPad,7.0,,,,,,128.0,,Wi-Fi + Cellular
Retailer Trade-in,UR,iPad,iPad 7 10.2‑inch,128GB Wi-Fi,240,iPad 7 10.2‑inch,2019,iPad,iPad,7.0,,,,,,128.0,,Wi-Fi
Retailer Trade-in,UR,iPad,iPad 8 10.2-inch,32GB Cellular,310,iPad 8,2020,iPad,iPad,8.0,,10.2,,,,32.0,,Wi-Fi + Cellular
Retailer Trade-in,UR,iPad,iPad 8 10.2-inch,32GB Wi-Fi,200,iPad 8,2020,iPad,iPad,8.0,,10.2,,,,32.0,,Wi-Fi
Retailer Trade-in,UR,iPad,iPad 8 10.2-inch,128GB Cellular,360,iPad 8,2020,iPad,iPad,8.0,,10.2,,,,128.0,,Wi-Fi + Cellular
Retailer Trade-in,UR,iPad,iPad 8 10.2-inch,128GB Wi-Fi,260,iPad 8,2020,iPad,iPad,8.0,,10.2,,,,128.0,,Wi-Fi
Retailer Trade-in,UR,iPad,iPad 9 10.2-inch,64GB Cellular,350,iPad 9,2021,iPad,iPad,9.0,,10.2,,,,64.0,,Wi-Fi + Cellular
Retailer Trade-in,UR,iPad,iPad 9 10.2-inch,64GB Wi-Fi,300,iPad 9,2021,iPad,iPad,9.0,,10.2,,,,64.0,,Wi-Fi
Retailer Trade-in,UR,iPad,iPad 9 10.2-inch,256GB Cellular,450,iPad 9,2021,iPad,iPad,9.0,,10.2,,,,256.0,,Wi-Fi + Cellular
Retailer Trade-in,UR,iPad,iPad 9 10.2-inch,256GB Wi-Fi,400,iPad 9,2021,iPad,iPad,9.0,,10.2,,,,256.0,,Wi-Fi
Retailer Trade-in,UR,iPad,iPad Air 1,16GB Cellular,60,iPad Air 1,2013,iPad,iPad Air,1.0,,,,,,16.0,,Wi-Fi + Cellular
Retailer Trade-in,UR,iPad,iPad Air 1,16GB Wi-Fi,40,iPad Air 1,2013,iPad,iPad Air,1.0,,,,,,16.0,,Wi-Fi
Retailer Trade-in,UR,iPad,iPad Air 1,32GB Cellular,80,iPad Air 1,2013,iPad,iPad Air,1.0,,,,,,32.0,,Wi-Fi + Cellular
Retailer Trade-in,UR,iPad,iPad Air 1,32GB Wi-Fi,60,iPad Air 1,2013,iPad,iPad Air,1.0,,,,,,32.0,,Wi-Fi
Retailer Trade-in,UR,iPad,iPad Air 1,64GB Cellular,90,iPad Air 1,2013,iPad,iPad Air,1.0,,,,,,64.0,,Wi-Fi + Cellular
Retailer Trade-in,UR,iPad,iPad Air 1,64GB Wi-Fi,70,iPad Air 1,2013,iPad,iPad Air,1.0,,,,,,64.0,,Wi-Fi
Retailer Trade-in,UR,iPad,iPad Air 1,128GB Cellular,100,iPad Air 1,2013,iPad,iPad Air,1.0,,,,,,128.0,,Wi-Fi + Cellular
Retailer Trade-in,UR,iPad,iPad Air 1,128GB Wi-Fi,80,iPad Air 1,2013,iPad,iPad Air,1.0,,,,,,128.0,,Wi-Fi
Retailer Trade-in,UR,iPad,iPad Air 2,16GB Cellular,100,iPad Air 2,2014,iPad,iPad Air,2.0,,,,,,16.0,,Wi-Fi + Cellular
Retailer Trade-in,UR,iPad,iPad Air 2,16GB Wi-Fi,80,iPad Air 2,2014,iPad,iPad Air,2.0,,,,,,16.0,,Wi-Fi
Retailer Trade-in,UR,iPad,iPad Air 2,32GB Cellular,120,iPad Air 2,2014,iPad,iPad Air,2.0,,,,,,32.0,,Wi-Fi + Cellular
Retailer Trade-in,UR,iPad,iPad Air 2,32GB Wi-Fi,90,iPad Air 2,2014,iPad,iPad Air,2.0,,,,,,32.0,,Wi-Fi
Retailer Trade-in,UR,iPad,iPad Air 2,64GB Cellular,130,iPad Air 2,2014,iPad,iPad Air,2.0,,,,,,64.0,,Wi-Fi + Cellular
Retailer Trade-in,UR,iPad,iPad Air 2,64GB Wi-Fi,100,iPad Air 2,2014,iPad,iPad Air,2.0,,,,,,64.0,,Wi-Fi
Retailer Trade-in,UR,iPad,iPad Air 2,128GB Cellular,150,iPad Air 2,2014,iPad,iPad Air,2.0,,,,,,128.0,,Wi-Fi + Cellular
Retailer Trade-in,UR,iPad,iPad Air 2,128GB Wi-Fi,120,iPad Air 2,2014,iPad,iPad Air,2.0,,,,,,128.0,,Wi-Fi
Retailer Trade-in,UR,iPad,iPad Air 3,64GB Cellular,350,iPad Air 3,2019,iPad,iPad Air,3.0,,,,,,64.0,,Wi-Fi + Cellular
Retailer Trade-in,UR,iPad,iPad Air 3,64GB Wi-Fi,250,iPad Air 3,2019,iPad,iPad Air,3.0,,,,,,64.0,,Wi-Fi
Retailer Trade-in,UR,iPad,iPad Air 3,256GB Cellular,500,iPad Air 3,2019,iPad,iPad Air,3.0,,,,,,256.0,,Wi-Fi + Cellular
Retailer Trade-in,UR,iPad,iPad Air 3,256GB Wi-Fi,400,iPad Air 3,2019,iPad,iPad Air,3.0,,,,,,256.0,,Wi-Fi
Retailer Trade-in,UR,iPad,iPad Air 4,64GB Cellular,730,iPad Air 4,2020,iPad,iPad Air,4.0,,,,,,64.0,,Wi-Fi + Cellular
Retailer Trade-in,UR,iPad,iPad Air 4,64GB Wi-Fi,560,iPad Air 4,2020,iPad,iPad Air,4.0,,,,,,64.0,,Wi-Fi
Retailer Trade-in,UR,iPad,iPad Air 4,256GB Cellular,850,iPad Air 4,2020,iPad,iPad Air,4.0,,,,,,256.0,,Wi-Fi + Cellular
Retailer Trade-in,UR,iPad,iPad Air 4,256GB Wi-Fi,700,iPad Air 4,2020,iPad,iPad Air,4.0,,,,,,256.0,,Wi-Fi
Retailer Trade-in,UR,iPad,iPad Air 5,64GB Cellular,950,iPad Air 5,2022,iPad,iPad Air,5.0,,,,,,64.0,,Wi-Fi + Cellular
Retailer Trade-in,UR,iPad,iPad Air 5,64GB Wi-Fi,840,iPad Air 5,2022,iPad,iPad Air,5.0,,,,,,64.0,,Wi-Fi
Retailer Trade-in,UR,iPad,iPad Air 5,256GB Cellular,1050,iPad Air 5,2022,iPad,iPad Air,5.0,,,,,,256.0,,Wi-Fi + Cellular
Retailer Trade-in,UR,iPad,iPad Air 5,256GB Wi-Fi,950,iPad Air 5,2022,iPad,iPad Air,5.0,,,,,,256.0,,Wi-Fi
Retailer Trade-in,UR,iPad,iPad Air 6 M2 11-inch,"128GB, Cellular",1400,iPad Air 6,2024,iPad,iPad Air,6.0,,11.0,,,,128.0,,Wi-Fi + Cellular
Retailer Trade-in,UR,iPad,iPad Air 6 M2 11-inch,"256GB, Cellular",1530,iPad Air 6,2024,iPad,iPad Air,6.0,,11.0,,,,256.0,,Wi-Fi + Cellular
Retailer Trade-in,UR,iPad,iPad Air 6 M2 11-inch,"512GB, Cellular",1650,iPad Air 6,2024,iPad,iPad Air,6.0,,11.0,,,,512.0,,Wi-Fi + Cellular
Retailer Trade-in,UR,iPad,iPad Air 6 M2 11-inch,"1TB, Cellular",1850,iPad Air 6,2024,iPad,iPad Air,6.0,,11.0,,,,1024.0,,Wi-Fi + Cellular
Retailer Trade-in,UR,iPad,iPad Air 6 M2 11-inch,"128GB, Wi-Fi",1050,iPad Air 6,2024,iPad,iPad Air,6.0,,11.0,,,,128.0,,Wi-Fi
Retailer Trade-in,UR,iPad,iPad Air 6 M2 11-inch,"256GB, Wi-Fi",1150,iPad Air 6,2024,iPad,iPad Air,6.0,,11.0,,,,256.0,,Wi-Fi
Retailer Trade-in,UR,iPad,iPad Air 6 M2 11-inch,"512GB, Wi-Fi",1300,iPad Air 6,2024,iPad,iPad Air,6.0,,11.0,,,,512.0,,Wi-Fi
Retailer Trade-in,UR,iPad,iPad Air 6 M2 11-inch,"1TB, Wi-Fi",1450,iPad Air 6,2024,iPad,iPad Air,6.0,,11.0,,,,1024.0,,Wi-Fi
Retailer Trade-in,UR,iPad,iPad Air 6 M2 13-inch,"128GB, Cellular",1580,iPad Air 6,2024,iPad,iPad Air,6.0,,13.0,,,,128.0,,Wi-Fi + Cellular
Retailer Trade-in,UR,iPad,iPad Air 6 M2 13-inch,"256GB, Cellular",1780,iPad Air 6,2024,iPad,iPad Air,6.0,,13.0,,,,256.0,,Wi-Fi + Cellular
Retailer Trade-in,UR,iPad,iPad Air 6 M2 13-inch,"512GB, Cellular",1900,iPad Air 6,2024,iPad,iPad Air,6.0,,13.0,,,,512.0,,Wi-Fi + Cellular
Retailer Trade-in,UR,iPad,iPad Air 6 M2 13-inch,"1TB, Cellular",2100,iPad Air 6,2024,iPad,iPad Air,6.0,,13.0,,,,1024.0,,Wi-Fi + Cellular
Retailer Trade-in,UR,iPad,iPad Air 6 M2 13-inch,"128GB, Wi-Fi",1300,iPad Air 6,2024,iPad,iPad Air,6.0,,13.0,,,,128.0,,Wi-Fi
Retailer Trade-in,UR,iPad,iPad Air 6 M2 13-inch,"256GB, Wi-Fi",1480,iPad Air 6,2024,iPad,iPad Air,6.0,,13.0,,,,256.0,,Wi-Fi
Retailer Trade-in,UR,iPad,iPad Air 6 M2 13-inch,"512GB, Wi-Fi",1700,iPad Air 6,2024,iPad,iPad Air,6.0,,13.0,,,,512.0,,Wi-Fi
Retailer Trade-in,UR,iPad,iPad Air 6 M2 13-inch,"1TB, Wi-Fi",1850,iPad Air 6,2024,iPad,iPad Air,6.0,,13.0,,,,1024.0,,Wi-Fi
Retailer Trade-in,UR,iPad,iPad Air 7 M3 11-inch,"128GB, Cellular",1660,iPad Air 7,2025,iPad,iPad Air,7.0,,11.0,,,,128.0,,Wi-Fi + Cellular
Retailer Trade-in,UR,iPad,iPad Air 7 M3 11-inch,"256GB, Cellular",1850,iPad Air 7,2025,iPad,iPad Air,7.0,,11.0,,,,256.0,,Wi-Fi + Cellular
Retailer Trade-in,UR,iPad,iPad Air 7 M3 11-inch,"512GB, Cellular",2100,iPad Air 7,2025,iPad,iPad Air,7.0,,11.0,,,,512.0,,Wi-Fi + Cellular
Retailer Trade-in,UR,iPad,iPad Air 7 M3 11-inch,"1TB, Cellular",2350,iPad Air 7,2025,iPad,iPad Air,7.0,,11.0,,,,1024.0,,Wi-Fi + Cellular
Retailer Trade-in,UR,iPad,iPad Air 7 M3 11-inch,"128GB, Wi-Fi",1280,iPad Air 7,2025,iPad,iPad Air,7.0,,11.0,,,,128.0,,Wi-Fi
Retailer Trade-in,UR,iPad,iPad Air 7 M3 11-inch,"256GB, Wi-Fi",1480,iPad Air 7,2025,iPad,iPad Air,7.0,,11.0,,,,256.0,,Wi-Fi
Retailer Trade-in,UR,iPad,iPad Air 7 M3 11-inch,"512GB, Wi-Fi",1700,iPad Air 7,2025,iPad,iPad Air,7.0,,11.0,,,,512.0,,Wi-Fi
Retailer Trade-in,UR,iPad,iPad Air 7 M3 11-inch,"1TB, Wi-Fi",1900,iPad Air 7,2025,iPad,iPad Air,7.0,,11.0,,,,1024.0,,Wi-Fi
Retailer Trade-in,UR,iPad,iPad Air 7 M3 13-inch,"128GB, Cellular",1930,iPad Air 7,2025,iPad,iPad Air,7.0,,13.0,,,,128.0,,Wi-Fi + Cellular
Retailer Trade-in,UR,iPad,iPad Air 7 M3 13-inch,"256GB, Cellular",2150,iPad Air 7,2025,iPad,iPad Air,7.0,,13.0,,,,256.0,,Wi-Fi + Cellular
Retailer Trade-in,UR,iPad,iPad Air 7 M3 13-inch,"512GB, Cellular",2400,iPad Air 7,2025,iPad,iPad Air,7.0,,13.0,,,,512.0,,Wi-Fi + Cellular
Retailer Trade-in,UR,iPad,iPad Air 7 M3 13-inch,"1TB, Cellular",2700,iPad Air 7,2025,iPad,iPad Air,7.0,,13.0,,,,1024.0,,Wi-Fi + Cellular
Retailer Trade-in,UR,iPad,iPad Air 7 M3 13-inch,"128GB, Wi-Fi",1680,iPad Air 7,2025,iPad,iPad Air,7.0,,13.0,,,,128.0,,Wi-Fi
Retailer Trade-in,UR,iPad,iPad Air 7 M3 13-inch,"256GB, Wi-Fi",1870,iPad Air 7,2025,iPad,iPad Air,7.0,,13.0,,,,256.0,,Wi-Fi
Retailer Trade-in,UR,iPad,iPad Air 7 M3 13-inch,"512GB, Wi-Fi",2100,iPad Air 7,2025,iPad,iPad Air,7.0,,13.0,,,,512.0,,Wi-Fi
Retailer Trade-in,UR,iPad,iPad Air 7 M3 13-inch,"1TB, Wi-Fi",2450,iPad Air 7,2025,iPad,iPad Air,7.0,,13.0,,,,1024.0,,Wi-Fi
Retailer Trade-in,UR,iPad,iPad Mini,16GB Cellular,40,iPad mini,NaN,iPad,iPad mini,,,,,,,16.0,,Wi-Fi + Cellular
Retailer Trade-in,UR,iPad,iPad Mini,16GB Wi-Fi,40,iPad mini,NaN,iPad,iPad mini,,,,,,,16.0,,Wi-Fi
Retailer Trade-in,UR,iPad,iPad Mini,32GB Cellular,40,iPad mini,NaN,iPad,iPad mini,,,,,,,32.0,,Wi-Fi + Cellular
Retailer Trade-in,UR,iPad,iPad Mini,32GB Wi-Fi,40,iPad mini,NaN,iPad,iPad mini,,,,,,,32.0,,Wi-Fi
Retailer Trade-in,UR,iPad,iPad Mini,64GB Cellular,40,iPad mini,NaN,iPad,iPad mini,,,,,,,64.0,,Wi-Fi + Cellular
Retailer Trade-in,UR,iPad,iPad Mini,64GB Wi-Fi,40,iPad mini,NaN,iPad,iPad mini,,,,,,,64.0,,Wi-Fi
Retailer Trade-in,UR,iPad,iPad Mini 2,16GB Cellular,60,iPad mini 2,2013,iPad,iPad mini,2.0,,,,,,16.0,,Wi-Fi + Cellular
Retailer Trade-in,UR,iPad,iPad Mini 2,16GB Wi-Fi,40,iPad mini 2,2013,iPad,iPad mini,2.0,,,,,,16.0,,Wi-Fi
Retailer Trade-in,UR,iPad,iPad Mini 2,32GB Cellular,60,iPad mini 2,2013,iPad,iPad mini,2.0,,,,,,32.0,,Wi-Fi + Cellular
Retailer Trade-in,UR,iPad,iPad Mini 2,32GB Wi-Fi,40,iPad mini 2,2013,iPad,iPad mini,2.0,,,,,,32.0,,Wi-Fi
Retailer Trade-in,UR,iPad,iPad Mini 2,64GB Cellular,60,iPad mini 2,2013,iPad,iPad mini,2.0,,,,,,64.0,,Wi-Fi + Cellular
Retailer Trade-in,UR,iPad,iPad Mini 2,64GB Wi-Fi,40,iPad mini 2,2013,iPad,iPad mini,2.0,,,,,,64.0,,Wi-Fi
Retailer Trade-in,UR,iPad,iPad Mini 2,128GB Cellular,60,iPad mini 2,2013,iPad,iPad mini,2.0,,,,,,128.0,,Wi-Fi + Cellular
Retailer Trade-in,UR,iPad,iPad Mini 2,128GB Wi-Fi,40,iPad mini 2,2013,iPad,iPad mini,2.0,,,,,,128.0,,Wi-Fi
Retailer Trade-in,UR,iPad,iPad Mini 3,16GB Cellular,90,iPad mini 3,2014,iPad,iPad mini,3.0,,,,,,16.0,,Wi-Fi + Cellular
Retailer Trade-in,UR,iPad,iPad Mini 3,16GB Wi-Fi,80,iPad mini 3,2014,iPad,iPad mini,3.0,,,,,,16.0,,Wi-Fi
Retailer Trade-in,UR,iPad,iPad Mini 3,64GB Cellular,120,iPad mini 3,2014,iPad,iPad mini,3.0,,,,,,64.0,,Wi-Fi + Cellular
Retailer Trade-in,UR,iPad,iPad Mini 3,64GB Wi-Fi,100,iPad mini 3,2014,iPad,iPad mini,3.0,,,,,,64.0,,Wi-Fi
Retailer Trade-in,UR,iPad,iPad Mini 3,128GB Cellular,150,iPad mini 3,2014,iPad,iPad mini,3.0,,,,,,128.0,,Wi-Fi + Cellular
Retailer Trade-in,UR,iPad,iPad Mini 3,128GB Wi-Fi,130,iPad mini 3,2014,iPad,iPad mini,3.0,,,,,,128.0,,Wi-Fi
Retailer Trade-in,UR,iPad,iPad Mini 4,16GB Cellular,120,iPad mini 4,2015,iPad,iPad mini,4.0,,,,,,16.0,,Wi-Fi + Cellular
Retailer Trade-in,UR,iPad,iPad Mini 4,16GB Wi-Fi,100,iPad mini 4,2015,iPad,iPad mini,4.0,,,,,,16.0,,Wi-Fi
Retailer Trade-in,UR,iPad,iPad Mini 4,32GB Cellular,170,iPad mini 4,2015,iPad,iPad mini,4.0,,,,,,32.0,,Wi-Fi + Cellular
Retailer Trade-in,UR,iPad,iPad Mini 4,32GB Wi-Fi,140,iPad mini 4,2015,iPad,iPad mini,4.0,,,,,,32.0,,Wi-Fi
Retailer Trade-in,UR,iPad,iPad Mini 4,64GB Cellular,200,iPad mini 4,2015,iPad,iPad mini,4.0,,,,,,64.0,,Wi-Fi + Cellular
Retailer Trade-in,UR,iPad,iPad Mini 4,64GB Wi-Fi,170,iPad mini 4,2015,iPad,iPad mini,4.0,,,,,,64.0,,Wi-Fi
Retailer Trade-in,UR,iPad,iPad Mini 4,128GB Cellular,250,iPad mini 4,2015,iPad,iPad mini,4.0,,,,,,128.0,,Wi-Fi + Cellular
Retailer Trade-in,UR,iPad,iPad Mini 4,128GB Wi-Fi,200,iPad mini 4,2015,iPad,iPad mini,4.0,,,,,,128.0,,Wi-Fi
Retailer Trade-in,UR,iPad,iPad Mini 5,64GB Cellular,350,iPad mini 5,2019,iPad,iPad mini,5.0,,,,,,64.0,,Wi-Fi + Cellular
Retailer Trade-in,UR,iPad,iPad Mini 5,64GB Wi-Fi,300,iPad mini 5,2019,iPad,iPad mini,5.0,,,,,,64.0,,Wi-Fi
Retailer Trade-in,UR,iPad,iPad Mini 5,256GB Cellular,400,iPad mini 5,2019,iPad,iPad mini,5.0,,,,,,256.0,,Wi-Fi + Cellular
Retailer Trade-in,UR,iPad,iPad Mini 5,256GB Wi-Fi,350,iPad mini 5,2019,iPad,iPad mini,5.0,,,,,,256.0,,Wi-Fi
Retailer Trade-in,UR,iPad,iPad Mini 6,64GB Cellular,800,iPad mini 6,2021,iPad,iPad mini,6.0,,,,,,64.0,,Wi-Fi + Cellular
Retailer Trade-in,UR,iPad,iPad Mini 6,64GB Wi-Fi,590,iPad mini 6,2021,iPad,iPad mini,6.0,,,,,,64.0,,Wi-Fi
Retailer Trade-in,UR,iPad,iPad Mini 6,256GB Cellular,900,iPad mini 6,2021,iPad,iPad mini,6.0,,,,,,256.0,,Wi-Fi + Cellular
Retailer Trade-in,UR,iPad,iPad Mini 6,256GB Wi-Fi,700,iPad mini 6,2021,iPad,iPad mini,6.0,,,,,,256.0,,Wi-Fi
Retailer Trade-in,UR,iPad,iPad Mini 7,"128GB, Cellular",1070,iPad mini 7,2024,iPad,iPad mini,7.0,,,,,,128.0,,Wi-Fi + Cellular
Retailer Trade-in,UR,iPad,iPad Mini 7,"256GB, Cellular",1290,iPad mini 7,2024,iPad,iPad mini,7.0,,,,,,256.0,,Wi-Fi + Cellular
Retailer Trade-in,UR,iPad,iPad Mini 7,"512GB, Cellular",1520,iPad mini 7,2024,iPad,iPad mini,7.0,,,,,,512.0,,Wi-Fi + Cellular
Retailer Trade-in,UR,iPad,iPad Mini 7,"128GB, Wi-Fi",890,iPad mini 7,2024,iPad,iPad mini,7.0,,,,,,128.0,,Wi-Fi
Retailer Trade-in,UR,iPad,iPad Mini 7,"256GB, Wi-Fi",1010,iPad mini 7,2024,iPad,iPad mini,7.0,,,,,,256.0,,Wi-Fi
Retailer Trade-in,UR,iPad,iPad Mini 7,"512GB, Wi-Fi",1350,iPad mini 7,2024,iPad,iPad mini,7.0,,,,,,512.0,,Wi-Fi
Retailer Trade-in,UR,iPad,iPad Pro 10.5‑inch 2017,64GB Cellular,200,iPad Pro 10.5‑inch 2017,2017,iPad,iPad Pro,10.0,2017,,,,,64.0,,Wi-Fi + Cellular
Retailer Trade-in,UR,iPad,iPad Pro 10.5‑inch 2017,64GB Wi-Fi,150,iPad Pro 10.5‑inch 2017,2017,iPad,iPad Pro,10.0,2017,,,,,64.0,,Wi-Fi
Retailer Trade-in,UR,iPad,iPad Pro 10.5‑inch 2017,256GB Cellular,300,iPad Pro 10.5‑inch 2017,2017,iPad,iPad Pro,10.0,2017,,,,,256.0,,Wi-Fi + Cellular
Retailer Trade-in,UR,iPad,iPad Pro 10.5‑inch 2017,256GB Wi-Fi,250,iPad Pro 10.5‑inch 2017,2017,iPad,iPad Pro,10.0,2017,,,,,256.0,,Wi-Fi
Retailer Trade-in,UR,iPad,iPad Pro 10.5‑inch 2017,512GB Cellular,350,iPad Pro 10.5‑inch 2017,2017,iPad,iPad Pro,10.0,2017,,,,,512.0,,Wi-Fi + Cellular
Retailer Trade-in,UR,iPad,iPad Pro 10.5‑inch 2017,512GB Wi-Fi,300,iPad Pro 10.5‑inch 2017,2017,iPad,iPad Pro,10.0,2017,,,,,512.0,,Wi-Fi
Retailer Trade-in,UR,iPad,iPad Pro 11-inch (Gen 2) 2020,128GB Cellular,830,iPad Pro (Gen 2) 2020,2020,iPad,iPad Pro,2.0,2020,11.0,,,,128.0,,Wi-Fi + Cellular
Retailer Trade-in,UR,iPad,iPad Pro 11-inch (Gen 2) 2020,128GB Wi-Fi,750,iPad Pro (Gen 2) 2020,2020,iPad,iPad Pro,2.0,2020,11.0,,,,128.0,,Wi-Fi
Retailer Trade-in,UR,iPad,iPad Pro 11-inch (Gen 2) 2020,256GB Cellular,930,iPad Pro (Gen 2) 2020,2020,iPad,iPad Pro,2.0,2020,11.0,,,,256.0,,Wi-Fi + Cellular
Retailer Trade-in,UR,iPad,iPad Pro 11-inch (Gen 2) 2020,256GB Wi-Fi,830,iPad Pro (Gen 2) 2020,2020,iPad,iPad Pro,2.0,2020,11.0,,,,256.0,,Wi-Fi
Retailer Trade-in,UR,iPad,iPad Pro 11-inch (Gen 2) 2020,512GB Cellular,1100,iPad Pro (Gen 2) 2020,2020,iPad,iPad Pro,2.0,2020,11.0,,,,512.0,,Wi-Fi + Cellular
Retailer Trade-in,UR,iPad,iPad Pro 11-inch (Gen 2) 2020,512GB Wi-Fi,950,iPad Pro (Gen 2) 2020,2020,iPad,iPad Pro,2.0,2020,11.0,,,,512.0,,Wi-Fi
Retailer Trade-in,UR,iPad,iPad Pro 11-inch (Gen 2) 2020,1TB Cellular,1130,iPad Pro (Gen 2) 2020,2020,iPad,iPad Pro,2.0,2020,11.0,,,,1024.0,,Wi-Fi + Cellular
Retailer Trade-in,UR,iPad,iPad Pro 11-inch (Gen 2) 2020,1TB Wi-Fi,1000,iPad Pro (Gen 2) 2020,2020,iPad,iPad Pro,2.0,2020,11.0,,,,1024.0,,Wi-Fi
Retailer Trade-in,UR,iPad,iPad Pro 11-inch (Gen 3) 2021,128GB Cellular,1130,iPad Pro (Gen 3) 2021,2021,iPad,iPad Pro,3.0,2021,11.0,,,,128.0,,Wi-Fi + Cellular
Retailer Trade-in,UR,iPad,iPad Pro 11-inch (Gen 3) 2021,128GB Wi-Fi,1030,iPad Pro (Gen 3) 2021,2021,iPad,iPad Pro,3.0,2021,11.0,,,,128.0,,Wi-Fi
Retailer Trade-in,UR,iPad,iPad Pro 11-inch (Gen 3) 2021,256GB Cellular,1320,iPad Pro (Gen 3) 2021,2021,iPad,iPad Pro,3.0,2021,11.0,,,,256.0,,Wi-Fi + Cellular
Retailer Trade-in,UR,iPad,iPad Pro 11-inch (Gen 3) 2021,256GB Wi-Fi,1200,iPad Pro (Gen 3) 2021,2021,iPad,iPad Pro,3.0,2021,11.0,,,,256.0,,Wi-Fi
Retailer Trade-in,UR,iPad,iPad Pro 11-inch (Gen 3) 2021,512GB Cellular,1480,iPad Pro (Gen 3) 2021,2021,iPad,iPad Pro,3.0,2021,11.0,,,,512.0,,Wi-Fi + Cellular
Retailer Trade-in,UR,iPad,iPad Pro 11-inch (Gen 3) 2021,512GB Wi-Fi,1330,iPad Pro (Gen 3) 2021,2021,iPad,iPad Pro,3.0,2021,11.0,,,,512.0,,Wi-Fi
Retailer Trade-in,UR,iPad,iPad Pro 11-inch (Gen 3) 2021,1TB Cellular,1560,iPad Pro (Gen 3) 2021,2021,iPad,iPad Pro,3.0,2021,11.0,,,,1024.0,,Wi-Fi + Cellular
Retailer Trade-in,UR,iPad,iPad Pro 11-inch (Gen 3) 2021,1TB Wi-Fi,1370,iPad Pro (Gen 3) 2021,2021,iPad,iPad Pro,3.0,2021,11.0,,,,1024.0,,Wi-Fi
Retailer Trade-in,UR,iPad,iPad Pro 11-inch (Gen 3) 2021,2TB Cellular,1750,iPad Pro (Gen 3) 2021,2021,iPad,iPad Pro,3.0,2021,11.0,,,,2048.0,,Wi-Fi + Cellular
Retailer Trade-in,UR,iPad,iPad Pro 11-inch (Gen 3) 2021,2TB Wi-Fi,1560,iPad Pro (Gen 3) 2021,2021,iPad,iPad Pro,3.0,2021,11.0,,,,2048.0,,Wi-Fi
Retailer Trade-in,UR,iPad,iPad Pro 11-inch M2 (Gen 4) 2022,128GB Cellular,1400,iPad Pro (Gen 4) 2022,2022,iPad,iPad Pro,4.0,2022,11.0,,,,128.0,,Wi-Fi + Cellular
Retailer Trade-in,UR,iPad,iPad Pro 11-inch M2 (Gen 4) 2022,128GB Wi-Fi,1230,iPad Pro (Gen 4) 2022,2022,iPad,iPad Pro,4.0,2022,11.0,,,,128.0,,Wi-Fi
Retailer Trade-in,UR,iPad,iPad Pro 11-inch M2 (Gen 4) 2022,256GB Cellular,1530,iPad Pro (Gen 4) 2022,2022,iPad,iPad Pro,4.0,2022,11.0,,,,256.0,,Wi-Fi + Cellular
Retailer Trade-in,UR,iPad,iPad Pro 11-inch M2 (Gen 4) 2022,256GB Wi-Fi,1380,iPad Pro (Gen 4) 2022,2022,iPad,iPad Pro,4.0,2022,11.0,,,,256.0,,Wi-Fi
Retailer Trade-in,UR,iPad,iPad Pro 11-inch M2 (Gen 4) 2022,512GB Cellular,1650,iPad Pro (Gen 4) 2022,2022,iPad,iPad Pro,4.0,2022,11.0,,,,512.0,,Wi-Fi + Cellular
Retailer Trade-in,UR,iPad,iPad Pro 11-inch M2 (Gen 4) 2022,512GB Wi-Fi,1500,iPad Pro (Gen 4) 2022,2022,iPad,iPad Pro,4.0,2022,11.0,,,,512.0,,Wi-Fi
Retailer Trade-in,UR,iPad,iPad Pro 11-inch M2 (Gen 4) 2022,1TB Cellular,1750,iPad Pro (Gen 4) 2022,2022,iPad,iPad Pro,4.0,2022,11.0,,,,1024.0,,Wi-Fi + Cellular
Retailer Trade-in,UR,iPad,iPad Pro 11-inch M2 (Gen 4) 2022,1TB Wi-Fi,1600,iPad Pro (Gen 4) 2022,2022,iPad,iPad Pro,4.0,2022,11.0,,,,1024.0,,Wi-Fi
Retailer Trade-in,UR,iPad,iPad Pro 11-inch M2 (Gen 4) 2022,2TB Cellular,1950,iPad Pro (Gen 4) 2022,2022,iPad,iPad Pro,4.0,2022,11.0,,,,2048.0,,Wi-Fi + Cellular
Retailer Trade-in,UR,iPad,iPad Pro 11-inch M2 (Gen 4) 2022,2TB Wi-Fi,1800,iPad Pro (Gen 4) 2022,2022,iPad,iPad Pro,4.0,2022,11.0,,,,2048.0,,Wi-Fi
Retailer Trade-in,UR,iPad,iPad Pro 11-inch M4 (Gen 5) 2024 Nano Glass,"1TB, Cellular",3000,iPad Pro (Gen 5) 2024 Nano Glass,2024,iPad,iPad Pro,5.0,2024,11.0,,,,1024.0,,Wi-Fi + Cellular
Retailer Trade-in,UR,iPad,iPad Pro 11-inch M4 (Gen 5) 2024 Nano Glass,"2TB, Cellular",3550,iPad Pro (Gen 5) 2024 Nano Glass,2024,iPad,iPad Pro,5.0,2024,11.0,,,,2048.0,,Wi-Fi + Cellular
Retailer Trade-in,UR,iPad,iPad Pro 11-inch M4 (Gen 5) 2024 Standard Glass,"256GB, Cellular",2100,iPad Pro (Gen 5) 2024 Standard Glass,2024,iPad,iPad Pro,5.0,2024,11.0,,,,256.0,,Wi-Fi + Cellular
Retailer Trade-in,UR,iPad,iPad Pro 11-inch M4 (Gen 5) 2024 Standard Glass,"512GB, Cellular",2430,iPad Pro (Gen 5) 2024 Standard Glass,2024,iPad,iPad Pro,5.0,2024,11.0,,,,512.0,,Wi-Fi + Cellular
Retailer Trade-in,UR,iPad,iPad Pro 11-inch M4 (Gen 5) 2024 Standard Glass,"1TB, Cellular",2950,iPad Pro (Gen 5) 2024 Standard Glass,2024,iPad,iPad Pro,5.0,2024,11.0,,,,1024.0,,Wi-Fi + Cellular
Retailer Trade-in,UR,iPad,iPad Pro 11-inch M4 (Gen 5) 2024 Standard Glass,"2TB, Cellular",3500,iPad Pro (Gen 5) 2024 Standard Glass,2024,iPad,iPad Pro,5.0,2024,11.0,,,,2048.0,,Wi-Fi + Cellular
Retailer Trade-in,UR,iPad,iPad Pro 11-inch M4 (Gen 5) 2024 Nano Glass,"1TB, Wi-Fi",2700,iPad Pro (Gen 5) 2024 Nano Glass,2024,iPad,iPad Pro,5.0,2024,11.0,,,,1024.0,,Wi-Fi
Retailer Trade-in,UR,iPad,iPad Pro 11-inch M4 (Gen 5) 2024 Nano Glass,"2TB, Wi-Fi",3250,iPad Pro (Gen 5) 2024 Nano Glass,2024,iPad,iPad Pro,5.0,2024,11.0,,,,2048.0,,Wi-Fi
Retailer Trade-in,UR,iPad,iPad Pro 11-inch M4 (Gen 5) 2024 Standard Glass,"256GB, Wi-Fi",1800,iPad Pro (Gen 5) 2024 Standard Glass,2024,iPad,iPad Pro,5.0,2024,11.0,,,,256.0,,Wi-Fi
Retailer Trade-in,UR,iPad,iPad Pro 11-inch M4 (Gen 5) 2024 Standard Glass,"512GB, Wi-Fi",2180,iPad Pro (Gen 5) 2024 Standard Glass,2024,iPad,iPad Pro,5.0,2024,11.0,,,,512.0,,Wi-Fi
Retailer Trade-in,UR,iPad,iPad Pro 11-inch M4 (Gen 5) 2024 Standard Glass,"1TB, Wi-Fi",2680,iPad Pro (Gen 5) 2024 Standard Glass,2024,iPad,iPad Pro,5.0,2024,11.0,,,,1024.0,,Wi-Fi
Retailer Trade-in,UR,iPad,iPad Pro 11-inch M4 (Gen 5) 2024 Standard Glass,"2TB, Wi-Fi",3210,iPad Pro (Gen 5) 2024 Standard Glass,2024,iPad,iPad Pro,5.0,2024,11.0,,,,2048.0,,Wi-Fi
Retailer Trade-in,UR,iPad,iPad Pro 11‑inch (Gen 1) 2018,64GB Cellular,650,iPad Pro 11‑inch (Gen 1) 2018,2018,iPad,iPad Pro,1.0,2018,,,,,64.0,,Wi-Fi + Cellular
Retailer Trade-in,UR,iPad,iPad Pro 11‑inch (Gen 1) 2018,64GB Wi-Fi,550,iPad Pro 11‑inch (Gen 1) 2018,2018,iPad,iPad Pro,1.0,2018,,,,,64.0,,Wi-Fi
Retailer Trade-in,UR,iPad,iPad Pro 11‑inch (Gen 1) 2018,256GB Cellular,750,iPad Pro 11‑inch (Gen 1) 2018,2018,iPad,iPad Pro,1.0,2018,,,,,256.0,,Wi-Fi + Cellular
Retailer Trade-in,UR,iPad,iPad Pro 11‑inch (Gen 1) 2018,256GB Wi-Fi,650,iPad Pro 11‑inch (Gen 1) 2018,2018,iPad,iPad Pro,1.0,2018,,,,,256.0,,Wi-Fi
Retailer Trade-in,UR,iPad,iPad Pro 11‑inch (Gen 1) 2018,512GB Cellular,850,iPad Pro 11‑inch (Gen 1) 2018,2018,iPad,iPad Pro,1.0,2018,,,,,512.0,,Wi-Fi + Cellular
Retailer Trade-in,UR,iPad,iPad Pro 11‑inch (Gen 1) 2018,512GB Wi-Fi,750,iPad Pro 11‑inch (Gen 1) 2018,2018,iPad,iPad Pro,1.0,2018,,,,,512.0,,Wi-Fi
Retailer Trade-in,UR,iPad,iPad Pro 11‑inch (Gen 1) 2018,1TB Cellular,950,iPad Pro 11‑inch (Gen 1) 2018,2018,iPad,iPad Pro,1.0,2018,,,,,1024.0,,Wi-Fi + Cellular
Retailer Trade-in,UR,iPad,iPad Pro 11‑inch (Gen 1) 2018,1TB Wi-Fi,850,iPad Pro 11‑inch (Gen 1) 2018,2018,iPad,iPad Pro,1.0,2018,,,,,1024.0,,Wi-Fi
Retailer Trade-in,UR,iPad,iPad Pro 12.9-inch (Gen 1) 2015,32GB Cellular,190,iPad Pro (Gen 1) 2015,2015,iPad,iPad Pro,1.0,2015,12.9,,,,32.0,,Wi-Fi + Cellular
Retailer Trade-in,UR,iPad,iPad Pro 12.9-inch (Gen 1) 2015,32GB Wi-Fi,160,iPad Pro (Gen 1) 2015,2015,iPad,iPad Pro,1.0,2015,12.9,,,,32.0,,Wi-Fi
Retailer Trade-in,UR,iPad,iPad Pro 12.9-inch (Gen 5) 2021,128GB Cellular,1280,iPad Pro (Gen 5) 2021,2021,iPad,iPad Pro,5.0,2021,12.9,,,,128.0,,Wi-Fi + Cellular
Retailer Trade-in,UR,iPad,iPad Pro 12.9-inch (Gen 5) 2021,128GB Wi-Fi,1180,iPad Pro (Gen 5) 2021,2021,iPad,iPad Pro,5.0,2021,12.9,,,,128.0,,Wi-Fi
Retailer Trade-in,UR,iPad,iPad Pro 12.9-inch (Gen 5) 2021,256GB Cellular,1380,iPad Pro (Gen 5) 2021,2021,iPad,iPad Pro,5.0,2021,12.9,,,,256.0,,Wi-Fi + Cellular
Retailer Trade-in,UR,iPad,iPad Pro 12.9-inch (Gen 5) 2021,256GB Wi-Fi,1300,iPad Pro (Gen 5) 2021,2021,iPad,iPad Pro,5.0,2021,12.9,,,,256.0,,Wi-Fi
Retailer Trade-in,UR,iPad,iPad Pro 12.9-inch (Gen 5) 2021,512GB Cellular,1510,iPad Pro (Gen 5) 2021,2021,iPad,iPad Pro,5.0,2021,12.9,,,,512.0,,Wi-Fi + Cellular
Retailer Trade-in,UR,iPad,iPad Pro 12.9-inch (Gen 5) 2021,512GB Wi-Fi,1400,iPad Pro (Gen 5) 2021,2021,iPad,iPad Pro,5.0,2021,12.9,,,,512.0,,Wi-Fi
Retailer Trade-in,UR,iPad,iPad Pro 12.9-inch (Gen 5) 2021,1TB Cellular,1660,iPad Pro (Gen 5) 2021,2021,iPad,iPad Pro,5.0,2021,12.9,,,,1024.0,,Wi-Fi + Cellular
Retailer Trade-in,UR,iPad,iPad Pro 12.9-inch (Gen 5) 2021,1TB Wi-Fi,1510,iPad Pro (Gen 5) 2021,2021,iPad,iPad Pro,5.0,2021,12.9,,,,1024.0,,Wi-Fi
Retailer Trade-in,UR,iPad,iPad Pro 12.9-inch (Gen 5) 2021,2TB Cellular,1810,iPad Pro (Gen 5) 2021,2021,iPad,iPad Pro,5.0,2021,12.9,,,,2048.0,,Wi-Fi + Cellular
Retailer Trade-in,UR,iPad,iPad Pro 12.9-inch (Gen 5) 2021,2TB Wi-Fi,1740,iPad Pro (Gen 5) 2021,2021,iPad,iPad Pro,5.0,2021,12.9,,,,2048.0,,Wi-Fi
Retailer Trade-in,UR,iPad,iPad Pro 12.9-inch M2 (Gen 6) 2022,128GB Cellular,1580,iPad Pro (Gen 6) 2022,2022,iPad,iPad Pro,6.0,2022,12.9,,,,128.0,,Wi-Fi + Cellular
Retailer Trade-in,UR,iPad,iPad Pro 12.9-inch M2 (Gen 6) 2022,128GB Wi-Fi,1430,iPad Pro (Gen 6) 2022,2022,iPad,iPad Pro,6.0,2022,12.9,,,,128.0,,Wi-Fi
Retailer Trade-in,UR,iPad,iPad Pro 12.9-inch M2 (Gen 6) 2022,256GB Cellular,1700,iPad Pro (Gen 6) 2022,2022,iPad,iPad Pro,6.0,2022,12.9,,,,256.0,,Wi-Fi + Cellular
Retailer Trade-in,UR,iPad,iPad Pro 12.9-inch M2 (Gen 6) 2022,256GB Wi-Fi,1550,iPad Pro (Gen 6) 2022,2022,iPad,iPad Pro,6.0,2022,12.9,,,,256.0,,Wi-Fi
Retailer Trade-in,UR,iPad,iPad Pro 12.9-inch M2 (Gen 6) 2022,512GB Cellular,1850,iPad Pro (Gen 6) 2022,2022,iPad,iPad Pro,6.0,2022,12.9,,,,512.0,,Wi-Fi + Cellular
Retailer Trade-in,UR,iPad,iPad Pro 12.9-inch M2 (Gen 6) 2022,512GB Wi-Fi,1680,iPad Pro (Gen 6) 2022,2022,iPad,iPad Pro,6.0,2022,12.9,,,,512.0,,Wi-Fi
Retailer Trade-in,UR,iPad,iPad Pro 12.9-inch M2 (Gen 6) 2022,1TB Cellular,1930,iPad Pro (Gen 6) 2022,2022,iPad,iPad Pro,6.0,2022,12.9,,,,1024.0,,Wi-Fi + Cellular
Retailer Trade-in,UR,iPad,iPad Pro 12.9-inch M2 (Gen 6) 2022,1TB Wi-Fi,1880,iPad Pro (Gen 6) 2022,2022,iPad,iPad Pro,6.0,2022,12.9,,,,1024.0,,Wi-Fi
Retailer Trade-in,UR,iPad,iPad Pro 12.9-inch M2 (Gen 6) 2022,2TB Cellular,2130,iPad Pro (Gen 6) 2022,2022,iPad,iPad Pro,6.0,2022,12.9,,,,2048.0,,Wi-Fi + Cellular
Retailer Trade-in,UR,iPad,iPad Pro 12.9-inch M2 (Gen 6) 2022,2TB Wi-Fi,2080,iPad Pro (Gen 6) 2022,2022,iPad,iPad Pro,6.0,2022,12.9,,,,2048.0,,Wi-Fi
Retailer Trade-in,UR,iPad,iPad Pro 12.9-inch (Gen 1) 2015,128GB Cellular,200,iPad Pro (Gen 1) 2015,2015,iPad,iPad Pro,1.0,2015,12.9,,,,128.0,,Wi-Fi + Cellular
Retailer Trade-in,UR,iPad,iPad Pro 12.9-inch (Gen 1) 2015,128GB Wi-Fi,170,iPad Pro (Gen 1) 2015,2015,iPad,iPad Pro,1.0,2015,12.9,,,,128.0,,Wi-Fi
Retailer Trade-in,UR,iPad,iPad Pro 12.9-inch (Gen 1) 2015,256GB Cellular,250,iPad Pro (Gen 1) 2015,2015,iPad,iPad Pro,1.0,2015,12.9,,,,256.0,,Wi-Fi + Cellular
Retailer Trade-in,UR,iPad,iPad Pro 12.9-inch (Gen 1) 2015,256GB Wi-Fi,200,iPad Pro (Gen 1) 2015,2015,iPad,iPad Pro,1.0,2015,12.9,,,,256.0,,Wi-Fi
Retailer Trade-in,UR,iPad,iPad Pro 12.9‑inch (Gen 2) 2017,64GB Cellular,410,iPad Pro 12.9‑inch (Gen 2) 2017,2017,iPad,iPad Pro,2.0,2017,,,,,64.0,,Wi-Fi + Cellular
Retailer Trade-in,UR,iPad,iPad Pro 12.9‑inch (Gen 2) 2017,64GB Wi-Fi,380,iPad Pro 12.9‑inch (Gen 2) 2017,2017,iPad,iPad Pro,2.0,2017,,,,,64.0,,Wi-Fi
Retailer Trade-in,UR,iPad,iPad Pro 12.9‑inch (Gen 2) 2017,256GB Cellular,480,iPad Pro 12.9‑inch (Gen 2) 2017,2017,iPad,iPad Pro,2.0,2017,,,,,256.0,,Wi-Fi + Cellular
Retailer Trade-in,UR,iPad,iPad Pro 12.9‑inch (Gen 2) 2017,256GB Wi-Fi,430,iPad Pro 12.9‑inch (Gen 2) 2017,2017,iPad,iPad Pro,2.0,2017,,,,,256.0,,Wi-Fi
Retailer Trade-in,UR,iPad,iPad Pro 12.9‑inch (Gen 2) 2017,512GB Cellular,580,iPad Pro 12.9‑inch (Gen 2) 2017,2017,iPad,iPad Pro,2.0,2017,,,,,512.0,,Wi-Fi + Cellular
Retailer Trade-in,UR,iPad,iPad Pro 12.9‑inch (Gen 2) 2017,512GB Wi-Fi,560,iPad Pro 12.9‑inch (Gen 2) 2017,2017,iPad,iPad Pro,2.0,2017,,,,,512.0,,Wi-Fi
Retailer Trade-in,UR,iPad,iPad Pro 12.9‑inch (Gen 3) 2018,64GB Cellular,750,iPad Pro 12.9‑inch (Gen 3) 2018,2018,iPad,iPad Pro,3.0,2018,,,,,64.0,,Wi-Fi + Cellular
Retailer Trade-in,UR,iPad,iPad Pro 12.9‑inch (Gen 3) 2018,64GB Wi-Fi,650,iPad Pro 12.9‑inch (Gen 3) 2018,2018,iPad,iPad Pro,3.0,2018,,,,,64.0,,Wi-Fi
Retailer Trade-in,UR,iPad,iPad Pro 12.9‑inch (Gen 3) 2018,256GB Cellular,850,iPad Pro 12.9‑inch (Gen 3) 2018,2018,iPad,iPad Pro,3.0,2018,,,,,256.0,,Wi-Fi + Cellular
Retailer Trade-in,UR,iPad,iPad Pro 12.9‑inch (Gen 3) 2018,256GB Wi-Fi,750,iPad Pro 12.9‑inch (Gen 3) 2018,2018,iPad,iPad Pro,3.0,2018,,,,,256.0,,Wi-Fi
Retailer Trade-in,UR,iPad,iPad Pro 12.9‑inch (Gen 3) 2018,512GB Cellular,950,iPad Pro 12.9‑inch (Gen 3) 2018,2018,iPad,iPad Pro,3.0,2018,,,,,512.0,,Wi-Fi + Cellular
Retailer Trade-in,UR,iPad,iPad Pro 12.9‑inch (Gen 3) 2018,512GB Wi-Fi,850,iPad Pro 12.9‑inch (Gen 3) 2018,2018,iPad,iPad Pro,3.0,2018,,,,,512.0,,Wi-Fi
Retailer Trade-in,UR,iPad,iPad Pro 12.9‑inch (Gen 3) 2018,1TB Cellular,1050,iPad Pro 12.9‑inch (Gen 3) 2018,2018,iPad,iPad Pro,3.0,2018,,,,,1024.0,,Wi-Fi + Cellular
Retailer Trade-in,UR,iPad,iPad Pro 12.9‑inch (Gen 3) 2018,1TB Wi-Fi,950,iPad Pro 12.9‑inch (Gen 3) 2018,2018,iPad,iPad Pro,3.0,2018,,,,,1024.0,,Wi-Fi
Retailer Trade-in,UR,iPad,iPad Pro 12.9‑inch (Gen 4) 2020,128GB Cellular,1100,iPad Pro 12.9‑inch (Gen 4) 2020,2020,iPad,iPad Pro,4.0,2020,,,,,128.0,,Wi-Fi + Cellular
Retailer Trade-in,UR,iPad,iPad Pro 12.9‑inch (Gen 4) 2020,128GB Wi-Fi,930,iPad Pro 12.9‑inch (Gen 4) 2020,2020,iPad,iPad Pro,4.0,2020,,,,,128.0,,Wi-Fi
Retailer Trade-in,UR,iPad,iPad Pro 12.9‑inch (Gen 4) 2020,256GB Cellular,1230,iPad Pro 12.9‑inch (Gen 4) 2020,2020,iPad,iPad Pro,4.0,2020,,,,,256.0,,Wi-Fi + Cellular
Retailer Trade-in,UR,iPad,iPad Pro 12.9‑inch (Gen 4) 2020,256GB Wi-Fi,1100,iPad Pro 12.9‑inch (Gen 4) 2020,2020,iPad,iPad Pro,4.0,2020,,,,,256.0,,Wi-Fi
Retailer Trade-in,UR,iPad,iPad Pro 12.9‑inch (Gen 4) 2020,512GB Cellular,1380,iPad Pro 12.9‑inch (Gen 4) 2020,2020,iPad,iPad Pro,4.0,2020,,,,,512.0,,Wi-Fi + Cellular
Retailer Trade-in,UR,iPad,iPad Pro 12.9‑inch (Gen 4) 2020,512GB Wi-Fi,1230,iPad Pro 12.9‑inch (Gen 4) 2020,2020,iPad,iPad Pro,4.0,2020,,,,,512.0,,Wi-Fi
Retailer Trade-in,UR,iPad,iPad Pro 12.9‑inch (Gen 4) 2020,1TB Cellular,1450,iPad Pro 12.9‑inch (Gen 4) 2020,2020,iPad,iPad Pro,4.0,2020,,,,,1024.0,,Wi-Fi + Cellular
Retailer Trade-in,UR,iPad,iPad Pro 12.9‑inch (Gen 4) 2020,1TB Wi-Fi,1310,iPad Pro 12.9‑inch (Gen 4) 2020,2020,iPad,iPad Pro,4.0,2020,,,,,1024.0,,Wi-Fi
Retailer Trade-in,UR,iPad,iPad Pro 13-inch M4 (Gen 7) 2024 Nano Glass,"1TB, Cellular",3650,iPad Pro (Gen 7) 2024 Nano Glass,2024,iPad,iPad Pro,7.0,2024,13.0,,,,1024.0,,Wi-Fi + Cellular
Retailer Trade-in,UR,iPad,iPad Pro 13-inch M4 (Gen 7) 2024 Nano Glass,"2TB, Cellular",4200,iPad Pro (Gen 7) 2024 Nano Glass,2024,iPad,iPad Pro,7.0,2024,13.0,,,,2048.0,,Wi-Fi + Cellular
Retailer Trade-in,UR,iPad,iPad Pro 13-inch M4 (Gen 7) 2024 Standard Glass,"256GB, Cellular",2620,iPad Pro (Gen 7) 2024 Standard Glass,2024,iPad,iPad Pro,7.0,2024,13.0,,,,256.0,,Wi-Fi + Cellular
Retailer Trade-in,UR,iPad,iPad Pro 13-inch M4 (Gen 7) 2024 Standard Glass,"512GB, Cellular",3000,iPad Pro (Gen 7) 2024 Standard Glass,2024,iPad,iPad Pro,7.0,2024,13.0,,,,512.0,,Wi-Fi + Cellular
Retailer Trade-in,UR,iPad,iPad Pro 13-inch M4 (Gen 7) 2024 Standard Glass,"1TB, Cellular",3600,iPad Pro (Gen 7) 2024 Standard Glass,2024,iPad,iPad Pro,7.0,2024,13.0,,,,1024.0,,Wi-Fi + Cellular
Retailer Trade-in,UR,iPad,iPad Pro 13-inch M4 (Gen 7) 2024 Standard Glass,"2TB, Cellular",4150,iPad Pro (Gen 7) 2024 Standard Glass,2024,iPad,iPad Pro,7.0,2024,13.0,,,,2048.0,,Wi-Fi + Cellular
Retailer Trade-in,UR,iPad,iPad Pro 13-inch M4 (Gen 7) 2024 Nano Glass,"1TB, Wi-Fi",3250,iPad Pro (Gen 7) 2024 Nano Glass,2024,iPad,iPad Pro,7.0,2024,13.0,,,,1024.0,,Wi-Fi
Retailer Trade-in,UR,iPad,iPad Pro 13-inch M4 (Gen 7) 2024 Nano Glass,"2TB, Wi-Fi",3800,iPad Pro (Gen 7) 2024 Nano Glass,2024,iPad,iPad Pro,7.0,2024,13.0,,,,2048.0,,Wi-Fi
Retailer Trade-in,UR,iPad,iPad Pro 13-inch M4 (Gen 7) 2024 Standard Glass,"256GB, Wi-Fi",2230,iPad Pro (Gen 7) 2024 Standard Glass,2024,iPad,iPad Pro,7.0,2024,13.0,,,,256.0,,Wi-Fi
Retailer Trade-in,UR,iPad,iPad Pro 13-inch M4 (Gen 7) 2024 Standard Glass,"512GB, Wi-Fi",2650,iPad Pro (Gen 7) 2024 Standard Glass,2024,iPad,iPad Pro,7.0,2024,13.0,,,,512.0,,Wi-Fi
Retailer Trade-in,UR,iPad,iPad Pro 13-inch M4 (Gen 7) 2024 Standard Glass,"1TB, Wi-Fi",3210,iPad Pro (Gen 7) 2024 Standard Glass,2024,iPad,iPad Pro,7.0,2024,13.0,,,,1024.0,,Wi-Fi
Retailer Trade-in,UR,iPad,iPad Pro 13-inch M4 (Gen 7) 2024 Standard Glass,"2TB, Wi-Fi",3780,iPad Pro (Gen 7) 2024 Standard Glass,2024,iPad,iPad Pro,7.0,2024,13.0,,,,2048.0,,Wi-Fi
Retailer Trade-in,UR,iPad,iPad Pro 9.7‑inch 2016,32GB Cellular,160,iPad Pro 9.7‑inch 2016,2016,iPad,iPad Pro,9.0,2016,,,,,32.0,,Wi-Fi + Cellular
Retailer Trade-in,UR,iPad,iPad Pro 9.7‑inch 2016,32GB Wi-Fi,150,iPad Pro 9.7‑inch 2016,2016,iPad,iPad Pro,9.0,2016,,,,,32.0,,Wi-Fi
Retailer Trade-in,UR,iPad,iPad Pro 9.7‑inch 2016,128GB Cellular,170,iPad Pro 9.7‑inch 2016,2016,iPad,iPad Pro,9.0,2016,,,,,128.0,,Wi-Fi + Cellular
Retailer Trade-in,UR,iPad,iPad Pro 9.7‑inch 2016,128GB Wi-Fi,160,iPad Pro 9.7‑inch 2016,2016,iPad,iPad Pro,9.0,2016,,,,,128.0,,Wi-Fi
Retailer Trade-in,UR,iPad,iPad Pro 9.7‑inch 2016,256GB Cellular,210,iPad Pro 9.7‑inch 2016,2016,iPad,iPad Pro,9.0,2016,,,,,256.0,,Wi-Fi + Cellular
Retailer Trade-in,UR,iPad,iPad Pro 9.7‑inch 2016,256GB Wi-Fi,200,iPad Pro 9.7‑inch 2016,2016,iPad,iPad Pro,9.0,2016,,,,,256.0,,Wi-Fi
Retailer Trade-in,UR,Apple Watch,Watch SE (2nd Gen),40mm GPS + Cellular,210,Watch SE (2nd Gen),2022,Apple Watch,Apple Watch SE,,,40.0,,,,,,GPS + Cellular
Retailer Trade-in,UR,Apple Watch,Watch SE (2nd Gen),44mm GPS + Cellular,250,Watch SE (2nd Gen),2022,Apple Watch,Apple Watch SE,,,44.0,,,,,,GPS + Cellular
Retailer Trade-in,UR,Apple Watch,Watch SE (2nd Gen),40mm GPS,180,Watch SE (2nd Gen),2022,Apple Watch,Apple Watch SE,,,40.0,,,,,,GPS
Retailer Trade-in,UR,Apple Watch,Watch SE (2nd Gen),44mm GPS,210,Watch SE (2nd Gen),2022,Apple Watch,Apple Watch SE,,,44.0,,,,,,GPS
Retailer Trade-in,UR,Apple Watch,Watch SE,40mm GPS + Cellular,90,Watch SE,2020,Apple Watch,Apple Watch SE,4.0,,40.0,,,,,,GPS + Cellular
Retailer Trade-in,UR,Apple Watch,Watch SE,44mm GPS + Cellular,110,Watch SE,2020,Apple Watch,Apple Watch SE,4.0,,44.0,,,,,,GPS + Cellular
Retailer Trade-in,UR,Apple Watch,Watch SE,40mm GPS,70,Watch SE,2020,Apple Watch,Apple Watch SE,4.0,,40.0,,,,,,GPS
Retailer Trade-in,UR,Apple Watch,Watch SE,44mm GPS,90,Watch SE,2020,Apple Watch,Apple Watch SE,4.0,,44.0,,,,,,GPS
Retailer Trade-in,UR,Apple Watch,Watch Series 10,42mm (Aluminium) GPS + Cellular,640,Watch Series 10,2024,Apple Watch,Apple Watch SE,,,42.0,,,,,,GPS + Cellular
Retailer Trade-in,UR,Apple Watch,Watch Series 10,46mm (Aluminium) GPS + Cellular,750,Watch Series 10,2024,Apple Watch,Apple Watch SE,,,46.0,,,,,,GPS + Cellular
Retailer Trade-in,UR,Apple Watch,Watch Series 10,42mm (Aluminium) GPS,450,Watch Series 10,2024,Apple Watch,Apple Watch SE,,,42.0,,,,,,GPS
Retailer Trade-in,UR,Apple Watch,Watch Series 10,46mm (Aluminium) GPS,550,Watch Series 10,2024,Apple Watch,Apple Watch SE,,,46.0,,,,,,GPS
Retailer Trade-in,UR,Apple Watch,Watch Series 10,42mm (Titanium) GPS + Cellular,800,Watch Series 10,2024,Apple Watch,Apple Watch SE,,,42.0,,,,,,GPS + Cellular
Retailer Trade-in,UR,Apple Watch,Watch Series 10,46mm (Titanium) GPS + Cellular,900,Watch Series 10,2024,Apple Watch,Apple Watch SE,,,46.0,,,,,,GPS + Cellular
Retailer Trade-in,UR,Apple Watch,Watch Series 4,40mm GPS + Cellular,50,Watch Series 4,2018,Apple Watch,Apple Watch SE,,,40.0,,,,,,GPS + Cellular
Retailer Trade-in,UR,Apple Watch,Watch Series 4,44mm GPS + Cellular,60,Watch Series 4,2018,Apple Watch,Apple Watch SE,,,44.0,,,,,,GPS + Cellular
Retailer Trade-in,UR,Apple Watch,Watch Series 4,40mm GPS,40,Watch Series 4,2018,Apple Watch,Apple Watch SE,,,40.0,,,,,,GPS
Retailer Trade-in,UR,Apple Watch,Watch Series 4,44mm GPS,50,Watch Series 4,2018,Apple Watch,Apple Watch SE,,,44.0,,,,,,GPS
Retailer Trade-in,UR,Apple Watch,Watch Series 5,40mm GPS + Cellular,80,Watch Series 5,2019,Apple Watch,Apple Watch SE,,,40.0,,,,,,GPS + Cellular
Retailer Trade-in,UR,Apple Watch,Watch Series 5,44mm GPS + Cellular,90,Watch Series 5,2019,Apple Watch,Apple Watch SE,,,44.0,,,,,,GPS + Cellular
Retailer Trade-in,UR,Apple Watch,Watch Series 5,40mm GPS,70,Watch Series 5,2019,Apple Watch,Apple Watch SE,,,40.0,,,,,,GPS
Retailer Trade-in,UR,Apple Watch,Watch Series 5,44mm GPS,80,Watch Series 5,2019,Apple Watch,Apple Watch SE,,,44.0,,,,,,GPS
Retailer Trade-in,UR,Apple Watch,Watch Series 6,40mm GPS + Cellular,200,Watch Series 6,2020,Apple Watch,Apple Watch SE,,,40.0,,,,,,GPS + Cellular
Retailer Trade-in,UR,Apple Watch,Watch Series 6,44mm GPS + Cellular,240,Watch Series 6,2020,Apple Watch,Apple Watch SE,,,44.0,,,,,,GPS + Cellular
Retailer Trade-in,UR,Apple Watch,Watch Series 6,40mm GPS,150,Watch Series 6,2020,Apple Watch,Apple Watch SE,,,40.0,,,,,,GPS
Retailer Trade-in,UR,Apple Watch,Watch Series 6,44mm GPS,170,Watch Series 6,2020,Apple Watch,Apple Watch SE,,,44.0,,,,,,GPS
Retailer Trade-in,UR,Apple Watch,Watch Series 7,41mm GPS + Cellular,280,Watch Series 7,2021,Apple Watch,Apple Watch SE,,,41.0,,,,,,GPS + Cellular
Retailer Trade-in,UR,Apple Watch,Watch Series 7,45mm GPS + Cellular,330,Watch Series 7,2021,Apple Watch,Apple Watch SE,,,45.0,,,,,,GPS + Cellular
Retailer Trade-in,UR,Apple Watch,Watch Series 7,41mm GPS,210,Watch Series 7,2021,Apple Watch,Apple Watch SE,,,41.0,,,,,,GPS
Retailer Trade-in,UR,Apple Watch,Watch Series 7,45mm GPS,250,Watch Series 7,2021,Apple Watch,Apple Watch SE,,,45.0,,,,,,GPS
Retailer Trade-in,UR,Apple Watch,Watch Series 8,41mm GPS + Cellular,350,Watch Series 8,2022,Apple Watch,Apple Watch SE,,,41.0,,,,,,GPS + Cellular
Retailer Trade-in,UR,Apple Watch,Watch Series 8,45mm GPS + Cellular,380,Watch Series 8,2022,Apple Watch,Apple Watch SE,,,45.0,,,,,,GPS + Cellular
Retailer Trade-in,UR,Apple Watch,Watch Series 8,41mm GPS,280,Watch Series 8,2022,Apple Watch,Apple Watch SE,,,41.0,,,,,,GPS
Retailer Trade-in,UR,Apple Watch,Watch Series 8,45mm GPS,330,Watch Series 8,2022,Apple Watch,Apple Watch SE,,,45.0,,,,,,GPS
Retailer Trade-in,UR,Apple Watch,Watch Series 9,41mm (Aluminium) GPS + Cellular,500,Watch Series 9,2023,Apple Watch,Apple Watch SE,,,41.0,,,,,,GPS + Cellular
Retailer Trade-in,UR,Apple Watch,Watch Series 9,45mm (Aluminium) GPS + Cellular,570,Watch Series 9,2023,Apple Watch,Apple Watch SE,,,45.0,,,,,,GPS + Cellular
Retailer Trade-in,UR,Apple Watch,Watch Series 9,41mm (Aluminium) GPS,400,Watch Series 9,2023,Apple Watch,Apple Watch SE,,,41.0,,,,,,GPS
Retailer Trade-in,UR,Apple Watch,Watch Series 9,45mm (Aluminium) GPS,450,Watch Series 9,2023,Apple Watch,Apple Watch SE,,,45.0,,,,,,GPS
Retailer Trade-in,UR,Apple Watch,Watch Series 9,41mm (Stainless Steel) GPS + Cellular,690,Watch Series 9,2023,Apple Watch,Apple Watch SE,,,41.0,,,,,,GPS + Cellular
Retailer Trade-in,UR,Apple Watch,Watch Series 9,45mm (Stainless Steel) GPS + Cellular,790,Watch Series 9,2023,Apple Watch,Apple Watch SE,,,45.0,,,,,,GPS + Cellular
Retailer Trade-in,UR,Apple Watch,Watch Ultra,49mm GPS + Cellular,830,Watch Ultra,2022,Apple Watch,Apple Watch Ultra,1.0,,49.0,,,,,,GPS + Cellular
Retailer Trade-in,UR,Apple Watch,Watch Ultra 2,49mm GPS + Cellular,1180,Watch Ultra 2,2023,Apple Watch,Apple Watch Ultra 2,2.0,,49.0,,,,,,GPS + Cellular
Retailer Trade-in,UR,AirPods,AirPods (Gen 2),Wired Charging,30,AirPods (Gen 2),2019,AirPods,AirPods,2.0,,,,,,,,
Retailer Trade-in,UR,AirPods,AirPods (Gen 2),Wireless Charging,40,AirPods (Gen 2),2019,AirPods,AirPods,2.0,,,,,,,,
Retailer Trade-in,UR,AirPods,AirPods (Gen 3),Lightning Charging,60,AirPods (Gen 3),2021,AirPods,AirPods,3.0,,,,,,,,
Retailer Trade-in,UR,AirPods,AirPods (Gen 3),MagSafe Charging,80,AirPods (Gen 3),2021,AirPods,AirPods,3.0,,,,,,,,
Retailer Trade-in,UR,AirPods,AirPods (Gen 4),"Active Noise Cancellation, USB-C",130,AirPods (Gen 4),2024,AirPods,AirPods,4.0,,,,,,,,
Retailer Trade-in,UR,AirPods,AirPods (Gen 4),USB-C,110,AirPods (Gen 4),2024,AirPods,AirPods,4.0,,,,,,,,
Retailer Trade-in,UR,AirPods,AirPods Max,Lightning Charging,250,AirPods Max,2020,AirPods,AirPods Max,,,,,,,,,
Retailer Trade-in,UR,AirPods,AirPods Max,USB-C,320,AirPods Max,2020,AirPods,AirPods Max,,,,,,,,,
Retailer Trade-in,UR,AirPods,AirPods Pro (Gen 1),,60,AirPods Pro (Gen 1),2019,AirPods,AirPods Pro,1.0,,,,,,,,
Retailer Trade-in,UR,AirPods,AirPods Pro (Gen 2),,110,AirPods Pro (Gen 2),2022,AirPods,AirPods Pro,2.0,,,,,,,,
Retailer Trade-in,UR,AirPods,AirPods Pro (Gen 2),USB-C,150,AirPods Pro (Gen 2),2022,AirPods,AirPods Pro,2.0,,,,,,,,
Retailer Trade-in,UR,Mac,MacBook Air i3 1.1GHz 13 inch (Early 2020),256GB SSD,350,MacBook Air i3 1.1GHz 13 inch (Early 2020),2020,Mac,MacBook Air,,Early 2020,13.0,1.1GHz,i3,,256.0,SSD,
Retailer Trade-in,UR,Mac,MacBook Air i3 1.1GHz 13 inch (Early 2020),512GB SSD,360,MacBook Air i3 1.1GHz 13 inch (Early 2020),2020,Mac,MacBook Air,,Early 2020,13.0,1.1GHz,i3,,512.0,SSD,
Retailer Trade-in,UR,Mac,MacBook Air i3 1.1GHz 13 inch (Early 2020),1TB SSD,370,MacBook Air i3 1.1GHz 13 inch (Early 2020),2020,Mac,MacBook Air,,Early 2020,13.0,1.1GHz,i3,,1024.0,SSD,
Retailer Trade-in,UR,Mac,MacBook Air i3 1.1GHz 13 inch (Early 2020),2TB SSD,430,MacBook Air i3 1.1GHz 13 inch (Early 2020),2020,Mac,MacBook Air,,Early 2020,13.0,1.1GHz,i3,,2048.0,SSD,
Retailer Trade-in,UR,Mac,MacBook Air i5 1.1GHz 13 inch (Early 2020),256GB SSD,460,MacBook Air i5 1.1GHz 13 inch (Early 2020),2020,Mac,MacBook Air,,Early 2020,13.0,1.1GHz,i5,,256.0,SSD,
Retailer Trade-in,UR,Mac,MacBook Air i5 1.1GHz 13 inch (Early 2020),512GB SSD,500,MacBook Air i5 1.1GHz 13 inch (Early 2020),2020,Mac,MacBook Air,,Early 2020,13.0,1.1GHz,i5,,512.0,SSD,
Retailer Trade-in,UR,Mac,MacBook Air i5 1.1GHz 13 inch (Early 2020),1TB SSD,510,MacBook Air i5 1.1GHz 13 inch (Early 2020),2020,Mac,MacBook Air,,Early 2020,13.0,1.1GHz,i5,,1024.0,SSD,
Retailer Trade-in,UR,Mac,MacBook Air i5 1.1GHz 13 inch (Early 2020),2TB SSD,580,MacBook Air i5 1.1GHz 13 inch (Early 2020),2020,Mac,MacBook Air,,Early 2020,13.0,1.1GHz,i5,,2048.0,SSD,
Retailer Trade-in,UR,Mac,MacBook Air i5 1.6GHz 13 inch (Early 2015),128GB SSD,50,MacBook Air i5 1.6GHz 13 inch (Early 2015),2015,Mac,MacBook Air,,Early 2015,13.0,1.6GHz,i5,,128.0,SSD,
Retailer Trade-in,UR,Mac,MacBook Air i5 1.6GHz 13 inch (Early 2015),256GB SSD,50,MacBook Air i5 1.6GHz 13 inch (Early 2015),2015,Mac,MacBook Air,,Early 2015,13.0,1.6GHz,i5,,256.0,SSD,
Retailer Trade-in,UR,Mac,MacBook Air i5 1.6GHz 13 inch (Early 2015),512GB SSD,50,MacBook Air i5 1.6GHz 13 inch (Early 2015),2015,Mac,MacBook Air,,Early 2015,13.0,1.6GHz,i5,,512.0,SSD,
Retailer Trade-in,UR,Mac,MacBook Air i5 1.6GHz 13 inch (Late 2018),128GB SSD,250,MacBook Air i5 1.6GHz 13 inch (Late 2018),2018,Mac,MacBook Air,,Late 2018,13.0,1.6GHz,i5,,128.0,SSD,
Retailer Trade-in,UR,Mac,MacBook Air i5 1.6GHz 13 inch (Late 2018),256GB SSD,350,MacBook Air i5 1.6GHz 13 inch (Late 2018),2018,Mac,MacBook Air,,Late 2018,13.0,1.6GHz,i5,,256.0,SSD,
Retailer Trade-in,UR,Mac,MacBook Air i5 1.6GHz 13 inch (Late 2018),512GB SSD,400,MacBook Air i5 1.6GHz 13 inch (Late 2018),2018,Mac,MacBook Air,,Late 2018,13.0,1.6GHz,i5,,512.0,SSD,
Retailer Trade-in,UR,Mac,MacBook Air i5 1.6GHz 13 inch (Late 2018),1.5TB SSD,450,MacBook Air i5 1.6GHz 13 inch (Late 2018),2018,Mac,MacBook Air,,Late 2018,13.0,1.6GHz,i5,,1536.0,SSD,
Retailer Trade-in,UR,Mac,MacBook Air i5 1.6GHz 13 inch (Mid 2019),128GB SSD,410,MacBook Air i5 1.6GHz 13 inch (Mid 2019),2019,Mac,MacBook Air,,Mid 2019,13.0,1.6GHz,i5,,128.0,SSD,
Retailer Trade-in,UR,Mac,MacBook Air i5 1.6GHz 13 inch (Mid 2019),256GB SSD,420,MacBook Air i5 1.6GHz 13 inch (Mid 2019),2019,Mac,MacBook Air,,Mid 2019,13.0,1.6GHz,i5,,256.0,SSD,
Retailer Trade-in,UR,Mac,MacBook Air i5 1.6GHz 13 inch (Mid 2019),512GB SSD,490,MacBook Air i5 1.6GHz 13 inch (Mid 2019),2019,Mac,MacBook Air,,Mid 2019,13.0,1.6GHz,i5,,512.0,SSD,
Retailer Trade-in,UR,Mac,MacBook Air i5 1.6GHz 13 inch (Mid 2019),1TB SSD,500,MacBook Air i5 1.6GHz 13 inch (Mid 2019),2019,Mac,MacBook Air,,Mid 2019,13.0,1.6GHz,i5,,1024.0,SSD,
Retailer Trade-in,UR,Mac,MacBook Air i5 1.8GHz 13 inch (Mid 2017),128GB SSD,180,MacBook Air i5 1.8GHz 13 inch (Mid 2017),2017,Mac,MacBook Air,,Mid 2017,13.0,1.8GHz,i5,,128.0,SSD,
Retailer Trade-in,UR,Mac,MacBook Air i5 1.8GHz 13 inch (Mid 2017),256GB SSD,230,MacBook Air i5 1.8GHz 13 inch (Mid 2017),2017,Mac,MacBook Air,,Mid 2017,13.0,1.8GHz,i5,,256.0,SSD,
Retailer Trade-in,UR,Mac,MacBook Air i5 1.8GHz 13 inch (Mid 2017),512GB SSD,260,MacBook Air i5 1.8GHz 13 inch (Mid 2017),2017,Mac,MacBook Air,,Mid 2017,13.0,1.8GHz,i5,,512.0,SSD,
Retailer Trade-in,UR,Mac,MacBook Air i7 1.2GHz 13 inch (Early 2020),256GB SSD,490,MacBook Air i7 1.2GHz 13 inch (Early 2020),2020,Mac,MacBook Air,,Early 2020,13.0,1.2GHz,i7,,256.0,SSD,
Retailer Trade-in,UR,Mac,MacBook Air i7 1.2GHz 13 inch (Early 2020),512GB SSD,500,MacBook Air i7 1.2GHz 13 inch (Early 2020),2020,Mac,MacBook Air,,Early 2020,13.0,1.2GHz,i7,,512.0,SSD,
Retailer Trade-in,UR,Mac,MacBook Air i7 1.2GHz 13 inch (Early 2020),1TB SSD,530,MacBook Air i7 1.2GHz 13 inch (Early 2020),2020,Mac,MacBook Air,,Early 2020,13.0,1.2GHz,i7,,1024.0,SSD,
Retailer Trade-in,UR,Mac,MacBook Air i7 1.2GHz 13 inch (Early 2020),2TB SSD,600,MacBook Air i7 1.2GHz 13 inch (Early 2020),2020,Mac,MacBook Air,,Early 2020,13.0,1.2GHz,i7,,2048.0,SSD,
Retailer Trade-in,UR,Mac,MacBook Air i7 2.2GHz 13 inch (Early 2015),128GB SSD,80,MacBook Air i7 2.2GHz 13 inch (Early 2015),2015,Mac,MacBook Air,,Early 2015,13.0,2.2GHz,i7,,128.0,SSD,
Retailer Trade-in,UR,Mac,MacBook Air i7 2.2GHz 13 inch (Early 2015),256GB SSD,80,MacBook Air i7 2.2GHz 13 inch (Early 2015),2015,Mac,MacBook Air,,Early 2015,13.0,2.2GHz,i7,,256.0,SSD,
Retailer Trade-in,UR,Mac,MacBook Air i7 2.2GHz 13 inch (Early 2015),512GB SSD,80,MacBook Air i7 2.2GHz 13 inch (Early 2015),2015,Mac,MacBook Air,,Early 2015,13.0,2.2GHz,i7,,512.0,SSD,
Retailer Trade-in,UR,Mac,MacBook Air i7 2.2GHz 13 inch (Mid 2017),128GB SSD,260,MacBook Air i7 2.2GHz 13 inch (Mid 2017),2017,Mac,MacBook Air,,Mid 2017,13.0,2.2GHz,i7,,128.0,SSD,
Retailer Trade-in,UR,Mac,MacBook Air i7 2.2GHz 13 inch (Mid 2017),256GB SSD,310,MacBook Air i7 2.2GHz 13 inch (Mid 2017),2017,Mac,MacBook Air,,Mid 2017,13.0,2.2GHz,i7,,256.0,SSD,
Retailer Trade-in,UR,Mac,MacBook Air i7 2.2GHz 13 inch (Mid 2017),512GB SSD,430,MacBook Air i7 2.2GHz 13 inch (Mid 2017),2017,Mac,MacBook Air,,Mid 2017,13.0,2.2GHz,i7,,512.0,SSD,
Retailer Trade-in,UR,Mac,MacBook Air M1 8-Core CPU and 7-Core GPU 13 inch (Late 2020),128GB SSD,460,MacBook Air,2020,Mac,MacBook Air,,Late 2020,13.0,,M1,,128.0,SSD,
Retailer Trade-in,UR,Mac,MacBook Air M1 8-Core CPU and 7-Core GPU 13 inch (Late 2020),256GB SSD,560,MacBook Air,2020,Mac,MacBook Air,,Late 2020,13.0,,M1,,256.0,SSD,
Retailer Trade-in,UR,Mac,MacBook Air M1 8-Core CPU and 7-Core GPU 13 inch (Late 2020),512GB SSD,570,MacBook Air,2020,Mac,MacBook Air,,Late 2020,13.0,,M1,,512.0,SSD,
Retailer Trade-in,UR,Mac,MacBook Air M1 8-Core CPU and 7-Core GPU 13 inch (Late 2020),1TB SSD,580,MacBook Air,2020,Mac,MacBook Air,,Late 2020,13.0,,M1,,1024.0,SSD,
Retailer Trade-in,UR,Mac,MacBook Air M1 8-Core CPU and 7-Core GPU 13 inch (Late 2020),2TB SSD,660,MacBook Air,2020,Mac,MacBook Air,,Late 2020,13.0,,M1,,2048.0,SSD,
Retailer Trade-in,UR,Mac,MacBook Air M1 8-Core CPU and 8-Core GPU 13 inch (Late 2020),256GB SSD,580,MacBook Air,2020,Mac,MacBook Air,,Late 2020,13.0,,M1,,256.0,SSD,
Retailer Trade-in,UR,Mac,MacBook Air M1 8-Core CPU and 8-Core GPU 13 inch (Late 2020),512GB SSD,610,MacBook Air,2020,Mac,MacBook Air,,Late 2020,13.0,,M1,,512.0,SSD,
Retailer Trade-in,UR,Mac,MacBook Air M1 8-Core CPU and 8-Core GPU 13 inch (Late 2020),1TB SSD,680,MacBook Air,2020,Mac,MacBook Air,,Late 2020,13.0,,M1,,1024.0,SSD,
Retailer Trade-in,UR,Mac,MacBook Air M1 8-Core CPU and 8-Core GPU 13 inch (Late 2020),2TB SSD,710,MacBook Air,2020,Mac,MacBook Air,,Late 2020,13.0,,M1,,2048.0,SSD,
Retailer Trade-in,UR,Mac,MacBook Air M2 8-Core CPU and 10-Core GPU 13.6 inch (Mid 2022),256GB SSD,1210,MacBook Air,2022,Mac,MacBook Air,,Mid 2022,13.6,,M2,,256.0,SSD,
Retailer Trade-in,UR,Mac,MacBook Air M2 8-Core CPU and 10-Core GPU 13.6 inch (Mid 2022),512GB SSD,1400,MacBook Air,2022,Mac,MacBook Air,,Mid 2022,13.6,,M2,,512.0,SSD,
Retailer Trade-in,UR,Mac,MacBook Air M2 8-Core CPU and 10-Core GPU 13.6 inch (Mid 2022),1TB SSD,1560,MacBook Air,2022,Mac,MacBook Air,,Mid 2022,13.6,,M2,,1024.0,SSD,
Retailer Trade-in,UR,Mac,MacBook Air M2 8-Core CPU and 10-Core GPU 13.6 inch (Mid 2022),2TB SSD,2020,MacBook Air,2022,Mac,MacBook Air,,Mid 2022,13.6,,M2,,2048.0,SSD,
Retailer Trade-in,UR,Mac,MacBook Air M2 8-Core CPU and 10-Core GPU 15 inch (Mid 2023),256GB SSD,1860,MacBook Air,2023,Mac,MacBook Air,,Mid 2023,15.0,,M2,,256.0,SSD,
Retailer Trade-in,UR,Mac,MacBook Air M2 8-Core CPU and 10-Core GPU 15 inch (Mid 2023),512GB SSD,2020,MacBook Air,2023,Mac,MacBook Air,,Mid 2023,15.0,,M2,,512.0,SSD,
Retailer Trade-in,UR,Mac,MacBook Air M2 8-Core CPU and 10-Core GPU 15 inch (Mid 2023),1TB SSD,2250,MacBook Air,2023,Mac,MacBook Air,,Mid 2023,15.0,,M2,,1024.0,SSD,
Retailer Trade-in,UR,Mac,MacBook Air M2 8-Core CPU and 10-Core GPU 15 inch (Mid 2023),2TB SSD,2820,MacBook Air,2023,Mac,MacBook Air,,Mid 2023,15.0,,M2,,2048.0,SSD,
Retailer Trade-in,UR,Mac,MacBook Air M2 8-Core CPU and 8-Core GPU 13.6 inch (Mid 2022),256GB SSD,1210,MacBook Air,2022,Mac,MacBook Air,,Mid 2022,13.6,,M2,,256.0,SSD,
Retailer Trade-in,UR,Mac,MacBook Air M2 8-Core CPU and 8-Core GPU 13.6 inch (Mid 2022),512GB SSD,1400,MacBook Air,2022,Mac,MacBook Air,,Mid 2022,13.6,,M2,,512.0,SSD,
Retailer Trade-in,UR,Mac,MacBook Air M2 8-Core CPU and 8-Core GPU 13.6 inch (Mid 2022),1TB SSD,1560,MacBook Air,2022,Mac,MacBook Air,,Mid 2022,13.6,,M2,,1024.0,SSD,
Retailer Trade-in,UR,Mac,MacBook Air M2 8-Core CPU and 8-Core GPU 13.6 inch (Mid 2022),2TB SSD,1900,MacBook Air,2022,Mac,MacBook Air,,Mid 2022,13.6,,M2,,2048.0,SSD,
Retailer Trade-in,UR,Mac,MacBook Air M3 8-Core CPU and 10-Core GPU 13.6 inch (Early 2024),256GB SSD,1980,MacBook Air,2024,Mac,MacBook Air,,Early 2024,13.6,,M3,,256.0,SSD,
Retailer Trade-in,UR,Mac,MacBook Air M3 8-Core CPU and 10-Core GPU 13.6 inch (Early 2024),512GB SSD,2160,MacBook Air,2024,Mac,MacBook Air,,Early 2024,13.6,,M3,,512.0,SSD,
Retailer Trade-in,UR,Mac,MacBook Air M3 8-Core CPU and 10-Core GPU 13.6 inch (Early 2024),1TB SSD,2480,MacBook Air,2024,Mac,MacBook Air,,Early 2024,13.6,,M3,,1024.0,SSD,
Retailer Trade-in,UR,Mac,MacBook Air M3 8-Core CPU and 10-Core GPU 13.6 inch (Early 2024),2TB SSD,3100,MacBook Air,2024,Mac,MacBook Air,,Early 2024,13.6,,M3,,2048.0,SSD,
Retailer Trade-in,UR,Mac,MacBook Air M3 8-Core CPU and 10-Core GPU 15 inch (Early 2024),256GB SSD,2300,MacBook Air,2024,Mac,MacBook Air,,Early 2024,15.0,,M3,,256.0,SSD,
Retailer Trade-in,UR,Mac,MacBook Air M3 8-Core CPU and 10-Core GPU 15 inch (Early 2024),512GB SSD,2540,MacBook Air,2024,Mac,MacBook Air,,Early 2024,15.0,,M3,,512.0,SSD,
Retailer Trade-in,UR,Mac,MacBook Air M3 8-Core CPU and 10-Core GPU 15 inch (Early 2024),1TB SSD,3170,MacBook Air,2024,Mac,MacBook Air,,Early 2024,15.0,,M3,,1024.0,SSD,
Retailer Trade-in,UR,Mac,MacBook Air M3 8-Core CPU and 10-Core GPU 15 inch (Early 2024),2TB SSD,3450,MacBook Air,2024,Mac,MacBook Air,,Early 2024,15.0,,M3,,2048.0,SSD,
Retailer Trade-in,UR,Mac,MacBook Air M3 8-Core CPU and 8-Core GPU 13.6 inch (Early 2024),256GB SSD,1970,MacBook Air,2024,Mac,MacBook Air,,Early 2024,13.6,,M3,,256.0,SSD,
Retailer Trade-in,UR,Mac,MacBook i5 1.3GHz 12 inch (Mid 2017),256GB SSD,280,MacBook i5 1.3GHz 12 inch (Mid 2017),2017,Mac,MacBook,,Mid 2017,12.0,1.3GHz,i5,,256.0,SSD,
Retailer Trade-in,UR,Mac,MacBook i5 1.3GHz 12 inch (Mid 2017),512GB SSD,330,MacBook i5 1.3GHz 12 inch (Mid 2017),2017,Mac,MacBook,,Mid 2017,12.0,1.3GHz,i5,,512.0,SSD,
Retailer Trade-in,UR,Mac,MacBook i7 1.4GHz 12 inch (Mid 2017),256GB SSD,330,MacBook i7 1.4GHz 12 inch (Mid 2017),2017,Mac,MacBook,,Mid 2017,12.0,1.4GHz,i7,,256.0,SSD,
Retailer Trade-in,UR,Mac,MacBook i7 1.4GHz 12 inch (Mid 2017),512GB SSD,380,MacBook i7 1.4GHz 12 inch (Mid 2017),2017,Mac,MacBook,,Mid 2017,12.0,1.4GHz,i7,,512.0,SSD,
Retailer Trade-in,UR,Mac,MacBook m3 1.1GHz 12 inch (Early 2016),256GB SSD,120,MacBook m3 1.1GHz 12 inch (Early 2016),2016,Mac,MacBook,,Early 2016,12.0,1.1GHz,M3,,256.0,SSD,
Retailer Trade-in,UR,Mac,MacBook m3 1.2GHz 12 inch (Mid 2017),256GB SSD,280,MacBook m3 1.2GHz 12 inch (Mid 2017),2017,Mac,MacBook,,Mid 2017,12.0,1.2GHz,M3,,256.0,SSD,
Retailer Trade-in,UR,Mac,MacBook m5 1.2GHz 12 inch (Early 2016),512GB SSD,250,MacBook m5 1.2GHz 12 inch (Early 2016),2016,Mac,MacBook,,Early 2016,12.0,1.2GHz,,,512.0,SSD,
Retailer Trade-in,UR,Mac,MacBook m7 1.3GHz 12 inch (Early 2016),256GB SSD,190,MacBook m7 1.3GHz 12 inch (Early 2016),2016,Mac,MacBook,,Early 2016,12.0,1.3GHz,,,256.0,SSD,
Retailer Trade-in,UR,Mac,MacBook m7 1.3GHz 12 inch (Early 2016),512GB SSD,250,MacBook m7 1.3GHz 12 inch (Early 2016),2016,Mac,MacBook,,Early 2016,12.0,1.3GHz,,,512.0,SSD,
Retailer Trade-in,UR,Mac,MacBook Pro 14 inch M1 Max 10-Core CPU & 24-Core GPU (2021),512GB SSD,2520,MacBook Pro 14 inch,2021,Mac,MacBook Pro,,2021,14.0,,M1 Max,,512.0,SSD,
Retailer Trade-in,UR,Mac,MacBook Pro 14 inch M1 Max 10-Core CPU & 24-Core GPU (2021),1TB SSD,2680,MacBook Pro 14 inch,2021,Mac,MacBook Pro,,2021,14.0,,M1 Max,,1024.0,SSD,
Retailer Trade-in,UR,Mac,MacBook Pro 14 inch M1 Max 10-Core CPU & 24-Core GPU (2021),2TB SSD,2680,MacBook Pro 14 inch,2021,Mac,MacBook Pro,,2021,14.0,,M1 Max,,2048.0,SSD,
Retailer Trade-in,UR,Mac,MacBook Pro 14 inch M1 Max 10-Core CPU & 24-Core GPU (2021),4TB SSD,3510,MacBook Pro 14 inch,2021,Mac,MacBook Pro,,2021,14.0,,M1 Max,,4096.0,SSD,
Retailer Trade-in,UR,Mac,MacBook Pro 14 inch M1 Max 10-Core CPU & 24-Core GPU (2021),8TB SSD,4380,MacBook Pro 14 inch,2021,Mac,MacBook Pro,,2021,14.0,,M1 Max,,8192.0,SSD,
Retailer Trade-in,UR,Mac,MacBook Pro 14 inch M1 Max 10-Core CPU and 32-Core GPU (2021),512GB SSD,2690,MacBook Pro 14 inch,2021,Mac,MacBook Pro,,2021,14.0,,M1 Max,,512.0,SSD,
Retailer Trade-in,UR,Mac,MacBook Pro 14 inch M1 Max 10-Core CPU and 32-Core GPU (2021),1TB SSD,2780,MacBook Pro 14 inch,2021,Mac,MacBook Pro,,2021,14.0,,M1 Max,,1024.0,SSD,
Retailer Trade-in,UR,Mac,MacBook Pro 14 inch M1 Max 10-Core CPU and 32-Core GPU (2021),2TB SSD,3130,MacBook Pro 14 inch,2021,Mac,MacBook Pro,,2021,14.0,,M1 Max,,2048.0,SSD,
Retailer Trade-in,UR,Mac,MacBook Pro 14 inch M1 Max 10-Core CPU and 32-Core GPU (2021),4TB SSD,3580,MacBook Pro 14 inch,2021,Mac,MacBook Pro,,2021,14.0,,M1 Max,,4096.0,SSD,
Retailer Trade-in,UR,Mac,MacBook Pro 14 inch M1 Max 10-Core CPU and 32-Core GPU (2021),8TB SSD,4550,MacBook Pro 14 inch,2021,Mac,MacBook Pro,,2021,14.0,,M1 Max,,8192.0,SSD,
Retailer Trade-in,UR,Mac,MacBook Pro 14 inch M1 Pro 10-Core CPU & 14-Core GPU (2021),512GB SSD,1980,MacBook Pro 14 inch,2021,Mac,MacBook Pro,,2021,14.0,,M1 pro,,512.0,SSD,
Retailer Trade-in,UR,Mac,MacBook Pro 14 inch M1 Pro 10-Core CPU & 14-Core GPU (2021),1TB SSD,2170,MacBook Pro 14 inch,2021,Mac,MacBook Pro,,2021,14.0,,M1 pro,,1024.0,SSD,
Retailer Trade-in,UR,Mac,MacBook Pro 14 inch M1 Pro 10-Core CPU & 14-Core GPU (2021),2TB SSD,2410,MacBook Pro 14 inch,2021,Mac,MacBook Pro,,2021,14.0,,M1 pro,,2048.0,SSD,
Retailer Trade-in,UR,Mac,MacBook Pro 14 inch M1 Pro 10-Core CPU & 14-Core GPU (2021),4TB SSD,2890,MacBook Pro 14 inch,2021,Mac,MacBook Pro,,2021,14.0,,M1 pro,,4096.0,SSD,
Retailer Trade-in,UR,Mac,MacBook Pro 14 inch M1 Pro 10-Core CPU & 14-Core GPU (2021),8TB SSD,3970,MacBook Pro 14 inch,2021,Mac,MacBook Pro,,2021,14.0,,M1 pro,,8192.0,SSD,
Retailer Trade-in,UR,Mac,MacBook Pro 14 inch M1 Pro 10-Core CPU & 16-Core GPU (2021),512GB SSD,2120,MacBook Pro 14 inch,2021,Mac,MacBook Pro,,2021,14.0,,M1 pro,,512.0,SSD,
Retailer Trade-in,UR,Mac,MacBook Pro 14 inch M1 Pro 10-Core CPU & 16-Core GPU (2021),1TB SSD,2300,MacBook Pro 14 inch,2021,Mac,MacBook Pro,,2021,14.0,,M1 pro,,1024.0,SSD,
Retailer Trade-in,UR,Mac,MacBook Pro 14 inch M1 Pro 10-Core CPU & 16-Core GPU (2021),2TB SSD,2560,MacBook Pro 14 inch,2021,Mac,MacBook Pro,,2021,14.0,,M1 pro,,2048.0,SSD,
Retailer Trade-in,UR,Mac,MacBook Pro 14 inch M1 Pro 10-Core CPU & 16-Core GPU (2021),4TB SSD,3070,MacBook Pro 14 inch,2021,Mac,MacBook Pro,,2021,14.0,,M1 pro,,4096.0,SSD,
Retailer Trade-in,UR,Mac,MacBook Pro 14 inch M1 Pro 10-Core CPU & 16-Core GPU (2021),8TB SSD,4090,MacBook Pro 14 inch,2021,Mac,MacBook Pro,,2021,14.0,,M1 pro,,8192.0,SSD,
Retailer Trade-in,UR,Mac,MacBook Pro 14 inch M1 Pro 8-Core CPU & 14-Core GPU (2021),512GB SSD,1840,MacBook Pro 14 inch,2021,Mac,MacBook Pro,,2021,14.0,,M1 pro,,512.0,SSD,
Retailer Trade-in,UR,Mac,MacBook Pro 14 inch M1 Pro 8-Core CPU & 14-Core GPU (2021),1TB SSD,2050,MacBook Pro 14 inch,2021,Mac,MacBook Pro,,2021,14.0,,M1 pro,,1024.0,SSD,
Retailer Trade-in,UR,Mac,MacBook Pro 14 inch M1 Pro 8-Core CPU & 14-Core GPU (2021),2TB SSD,2070,MacBook Pro 14 inch,2021,Mac,MacBook Pro,,2021,14.0,,M1 pro,,2048.0,SSD,
Retailer Trade-in,UR,Mac,MacBook Pro 14 inch M1 Pro 8-Core CPU & 14-Core GPU (2021),4TB SSD,2510,MacBook Pro 14 inch,2021,Mac,MacBook Pro,,2021,14.0,,M1 pro,,4096.0,SSD,
Retailer Trade-in,UR,Mac,MacBook Pro 14 inch M1 Pro 8-Core CPU & 14-Core GPU (2021),8TB SSD,3700,MacBook Pro 14 inch,2021,Mac,MacBook Pro,,2021,14.0,,M1 pro,,8192.0,SSD,
Retailer Trade-in,UR,Mac,MacBook Pro 16 inch M1 Max 10-Core CPU & 24-Core GPU (2021),512GB SSD,2700,MacBook Pro 16 inch,2021,Mac,MacBook Pro,,2021,16.0,,M1 Max,,512.0,SSD,
Retailer Trade-in,UR,Mac,MacBook Pro 16 inch M1 Max 10-Core CPU & 24-Core GPU (2021),1TB SSD,2750,MacBook Pro 16 inch,2021,Mac,MacBook Pro,,2021,16.0,,M1 Max,,1024.0,SSD,
Retailer Trade-in,UR,Mac,MacBook Pro 16 inch M1 Max 10-Core CPU & 24-Core GPU (2021),2TB SSD,3090,MacBook Pro 16 inch,2021,Mac,MacBook Pro,,2021,16.0,,M1 Max,,2048.0,SSD,
Retailer Trade-in,UR,Mac,MacBook Pro 16 inch M1 Max 10-Core CPU & 24-Core GPU (2021),4TB SSD,3590,MacBook Pro 16 inch,2021,Mac,MacBook Pro,,2021,16.0,,M1 Max,,4096.0,SSD,
Retailer Trade-in,UR,Mac,MacBook Pro 16 inch M1 Max 10-Core CPU & 24-Core GPU (2021),8TB SSD,4610,MacBook Pro 16 inch,2021,Mac,MacBook Pro,,2021,16.0,,M1 Max,,8192.0,SSD,
Retailer Trade-in,UR,Mac,MacBook Pro 16 inch M1 Max 10-Core CPU & 32-Core GPU (2021),512GB SSD,2720,MacBook Pro 16 inch,2021,Mac,MacBook Pro,,2021,16.0,,M1 Max,,512.0,SSD,
Retailer Trade-in,UR,Mac,MacBook Pro 16 inch M1 Max 10-Core CPU & 32-Core GPU (2021),1TB SSD,2920,MacBook Pro 16 inch,2021,Mac,MacBook Pro,,2021,16.0,,M1 Max,,1024.0,SSD,
Retailer Trade-in,UR,Mac,MacBook Pro 16 inch M1 Max 10-Core CPU & 32-Core GPU (2021),2TB SSD,3260,MacBook Pro 16 inch,2021,Mac,MacBook Pro,,2021,16.0,,M1 Max,,2048.0,SSD,
Retailer Trade-in,UR,Mac,MacBook Pro 16 inch M1 Max 10-Core CPU & 32-Core GPU (2021),4TB SSD,3800,MacBook Pro 16 inch,2021,Mac,MacBook Pro,,2021,16.0,,M1 Max,,4096.0,SSD,
Retailer Trade-in,UR,Mac,MacBook Pro 16 inch M1 Max 10-Core CPU & 32-Core GPU (2021),8TB SSD,4770,MacBook Pro 16 inch,2021,Mac,MacBook Pro,,2021,16.0,,M1 Max,,8192.0,SSD,
Retailer Trade-in,UR,Mac,MacBook Pro 16 inch M1 Pro 10-Core CPU & 16-Core GPU (2021),512GB SSD,2150,MacBook Pro 16 inch,2021,Mac,MacBook Pro,,2021,16.0,,M1 pro,,512.0,SSD,
Retailer Trade-in,UR,Mac,MacBook Pro 16 inch M1 Pro 10-Core CPU & 16-Core GPU (2021),1TB SSD,2320,MacBook Pro 16 inch,2021,Mac,MacBook Pro,,2021,16.0,,M1 pro,,1024.0,SSD,
Retailer Trade-in,UR,Mac,MacBook Pro 16 inch M1 Pro 10-Core CPU & 16-Core GPU (2021),2TB SSD,2680,MacBook Pro 16 inch,2021,Mac,MacBook Pro,,2021,16.0,,M1 pro,,2048.0,SSD,
Retailer Trade-in,UR,Mac,MacBook Pro 16 inch M1 Pro 10-Core CPU & 16-Core GPU (2021),4TB SSD,3100,MacBook Pro 16 inch,2021,Mac,MacBook Pro,,2021,16.0,,M1 pro,,4096.0,SSD,
Retailer Trade-in,UR,Mac,MacBook Pro 16 inch M1 Pro 10-Core CPU & 16-Core GPU (2021),8TB SSD,3400,MacBook Pro 16 inch,2021,Mac,MacBook Pro,,2021,16.0,,M1 pro,,8192.0,SSD,
Retailer Trade-in,UR,Mac,MacBook Pro i5 1.4GHz 13 inch (Mid 2019),128GB SSD,420,MacBook Pro i5 1.4GHz 13 inch (Mid 2019),2019,Mac,MacBook Pro,,Mid 2019,13.0,1.4GHz,i5,,128.0,SSD,
Retailer Trade-in,UR,Mac,MacBook Pro i5 1.4GHz 13 inch (Mid 2019),256GB SSD,520,MacBook Pro i5 1.4GHz 13 inch (Mid 2019),2019,Mac,MacBook Pro,,Mid 2019,13.0,1.4GHz,i5,,256.0,SSD,
Retailer Trade-in,UR,Mac,MacBook Pro i5 1.4GHz 13 inch (Mid 2019),512GB SSD,570,MacBook Pro i5 1.4GHz 13 inch (Mid 2019),2019,Mac,MacBook Pro,,Mid 2019,13.0,1.4GHz,i5,,512.0,SSD,
Retailer Trade-in,UR,Mac,MacBook Pro i5 1.4GHz 13 inch (Mid 2019),1TB SSD,640,MacBook Pro i5 1.4GHz 13 inch (Mid 2019),2019,Mac,MacBook Pro,,Mid 2019,13.0,1.4GHz,i5,,1024.0,SSD,
Retailer Trade-in,UR,Mac,MacBook Pro i5 1.4GHz 13 inch (Mid 2019),2TB SSD,690,MacBook Pro i5 1.4GHz 13 inch (Mid 2019),2019,Mac,MacBook Pro,,Mid 2019,13.0,1.4GHz,i5,,2048.0,SSD,
Retailer Trade-in,UR,Mac,MacBook Pro i5 1.4GHz 13 inch (Mid 2020),256GB SSD,660,MacBook Pro i5 1.4GHz 13 inch (Mid 2020),2020,Mac,MacBook Pro,,Mid 2020,13.0,1.4GHz,i5,,256.0,SSD,
Retailer Trade-in,UR,Mac,MacBook Pro i5 1.4GHz 13 inch (Mid 2020),512GB SSD,710,MacBook Pro i5 1.4GHz 13 inch (Mid 2020),2020,Mac,MacBook Pro,,Mid 2020,13.0,1.4GHz,i5,,512.0,SSD,
Retailer Trade-in,UR,Mac,MacBook Pro i5 1.4GHz 13 inch (Mid 2020),1TB SSD,760,MacBook Pro i5 1.4GHz 13 inch (Mid 2020),2020,Mac,MacBook Pro,,Mid 2020,13.0,1.4GHz,i5,,1024.0,SSD,
Retailer Trade-in,UR,Mac,MacBook Pro i5 1.4GHz 13 inch (Mid 2020),2TB SSD,780,MacBook Pro i5 1.4GHz 13 inch (Mid 2020),2020,Mac,MacBook Pro,,Mid 2020,13.0,1.4GHz,i5,,2048.0,SSD,
Retailer Trade-in,UR,Mac,MacBook Pro i5 2.0GHz 13 inch (Late 2016),256GB SSD,250,MacBook Pro i5 2.0GHz 13 inch (Late 2016),2016,Mac,MacBook Pro,,Late 2016,13.0,2.0GHz,i5,,256.0,SSD,
Retailer Trade-in,UR,Mac,MacBook Pro i5 2.0GHz 13 inch (Late 2016),512GB SSD,300,MacBook Pro i5 2.0GHz 13 inch (Late 2016),2016,Mac,MacBook Pro,,Late 2016,13.0,2.0GHz,i5,,512.0,SSD,
Retailer Trade-in,UR,Mac,MacBook Pro i5 2.0GHz 13 inch (Late 2016),1TB SSD,350,MacBook Pro i5 2.0GHz 13 inch (Late 2016),2016,Mac,MacBook Pro,,Late 2016,13.0,2.0GHz,i5,,1024.0,SSD,
Retailer Trade-in,UR,Mac,MacBook Pro i5 2.0GHz 13 inch (Mid 2020),512GB SSD,760,MacBook Pro i5 2.0GHz 13 inch (Mid 2020),2020,Mac,MacBook Pro,,Mid 2020,13.0,2.0GHz,i5,,512.0,SSD,
Retailer Trade-in,UR,Mac,MacBook Pro i5 2.0GHz 13 inch (Mid 2020),1TB SSD,830,MacBook Pro i5 2.0GHz 13 inch (Mid 2020),2020,Mac,MacBook Pro,,Mid 2020,13.0,2.0GHz,i5,,1024.0,SSD,
Retailer Trade-in,UR,Mac,MacBook Pro i5 2.0GHz 13 inch (Mid 2020),2TB SSD,920,MacBook Pro i5 2.0GHz 13 inch (Mid 2020),2020,Mac,MacBook Pro,,Mid 2020,13.0,2.0GHz,i5,,2048.0,SSD,
Retailer Trade-in,UR,Mac,MacBook Pro i5 2.0GHz 13 inch (Mid 2020),4TB SSD,1050,MacBook Pro i5 2.0GHz 13 inch (Mid 2020),2020,Mac,MacBook Pro,,Mid 2020,13.0,2.0GHz,i5,,4096.0,SSD,
Retailer Trade-in,UR,Mac,MacBook Pro i5 2.3GHz 13 inch (Mid 2017),128GB SSD,350,MacBook Pro i5 2.3GHz 13 inch (Mid 2017),2017,Mac,MacBook Pro,,Mid 2017,13.0,2.3GHz,i5,,128.0,SSD,
Retailer Trade-in,UR,Mac,MacBook Pro i5 2.3GHz 13 inch (Mid 2017),256GB SSD,450,MacBook Pro i5 2.3GHz 13 inch (Mid 2017),2017,Mac,MacBook Pro,,Mid 2017,13.0,2.3GHz,i5,,256.0,SSD,
Retailer Trade-in,UR,Mac,MacBook Pro i5 2.3GHz 13 inch (Mid 2017),512GB SSD,500,MacBook Pro i5 2.3GHz 13 inch (Mid 2017),2017,Mac,MacBook Pro,,Mid 2017,13.0,2.3GHz,i5,,512.0,SSD,
Retailer Trade-in,UR,Mac,MacBook Pro i5 2.3GHz 13 inch (Mid 2017),1TB SSD,550,MacBook Pro i5 2.3GHz 13 inch (Mid 2017),2017,Mac,MacBook Pro,,Mid 2017,13.0,2.3GHz,i5,,1024.0,SSD,
Retailer Trade-in,UR,Mac,MacBook Pro i5 2.3GHz 13 inch (Mid 2018),256GB SSD,500,MacBook Pro i5 2.3GHz 13 inch (Mid 2018),2018,Mac,MacBook Pro,,Mid 2018,13.0,2.3GHz,i5,,256.0,SSD,
Retailer Trade-in,UR,Mac,MacBook Pro i5 2.3GHz 13 inch (Mid 2018),512GB SSD,600,MacBook Pro i5 2.3GHz 13 inch (Mid 2018),2018,Mac,MacBook Pro,,Mid 2018,13.0,2.3GHz,i5,,512.0,SSD,
Retailer Trade-in,UR,Mac,MacBook Pro i5 2.3GHz 13 inch (Mid 2018),1TB SSD,700,MacBook Pro i5 2.3GHz 13 inch (Mid 2018),2018,Mac,MacBook Pro,,Mid 2018,13.0,2.3GHz,i5,,1024.0,SSD,
Retailer Trade-in,UR,Mac,MacBook Pro i5 2.3GHz 13 inch (Mid 2018),2TB SSD,770,MacBook Pro i5 2.3GHz 13 inch (Mid 2018),2018,Mac,MacBook Pro,,Mid 2018,13.0,2.3GHz,i5,,2048.0,SSD,
Retailer Trade-in,UR,Mac,MacBook Pro i5 2.4GHz 13 inch (Mid 2019),256GB SSD,690,MacBook Pro i5 2.4GHz 13 inch (Mid 2019),2019,Mac,MacBook Pro,,Mid 2019,13.0,2.4GHz,i5,,256.0,SSD,
Retailer Trade-in,UR,Mac,MacBook Pro i5 2.4GHz 13 inch (Mid 2019),512GB SSD,700,MacBook Pro i5 2.4GHz 13 inch (Mid 2019),2019,Mac,MacBook Pro,,Mid 2019,13.0,2.4GHz,i5,,512.0,SSD,
Retailer Trade-in,UR,Mac,MacBook Pro i5 2.4GHz 13 inch (Mid 2019),1TB SSD,730,MacBook Pro i5 2.4GHz 13 inch (Mid 2019),2019,Mac,MacBook Pro,,Mid 2019,13.0,2.4GHz,i5,,1024.0,SSD,
Retailer Trade-in,UR,Mac,MacBook Pro i5 2.4GHz 13 inch (Mid 2019),2TB SSD,760,MacBook Pro i5 2.4GHz 13 inch (Mid 2019),2019,Mac,MacBook Pro,,Mid 2019,13.0,2.4GHz,i5,,2048.0,SSD,
Retailer Trade-in,UR,Mac,MacBook Pro i5 2.7GHz 13 inch (Early 2015),128GB SSD,80,MacBook Pro i5 2.7GHz 13 inch (Early 2015),2015,Mac,MacBook Pro,,Early 2015,13.0,2.7GHz,i5,,128.0,SSD,
Retailer Trade-in,UR,Mac,MacBook Pro i5 2.7GHz 13 inch (Early 2015),256GB SSD,80,MacBook Pro i5 2.7GHz 13 inch (Early 2015),2015,Mac,MacBook Pro,,Early 2015,13.0,2.7GHz,i5,,256.0,SSD,
Retailer Trade-in,UR,Mac,MacBook Pro i5 2.7GHz 13 inch (Early 2015),512GB SSD,120,MacBook Pro i5 2.7GHz 13 inch (Early 2015),2015,Mac,MacBook Pro,,Early 2015,13.0,2.7GHz,i5,,512.0,SSD,
Retailer Trade-in,UR,Mac,MacBook Pro i5 2.7GHz 13 inch (Early 2015),1TB SSD,120,MacBook Pro i5 2.7GHz 13 inch (Early 2015),2015,Mac,MacBook Pro,,Early 2015,13.0,2.7GHz,i5,,1024.0,SSD,
Retailer Trade-in,UR,Mac,MacBook Pro i5 2.9GHz 13 inch (Early 2015),128GB SSD,120,MacBook Pro i5 2.9GHz 13 inch (Early 2015),2015,Mac,MacBook Pro,,Early 2015,13.0,2.9GHz,i5,,128.0,SSD,
Retailer Trade-in,UR,Mac,MacBook Pro i5 2.9GHz 13 inch (Early 2015),256GB SSD,120,MacBook Pro i5 2.9GHz 13 inch (Early 2015),2015,Mac,MacBook Pro,,Early 2015,13.0,2.9GHz,i5,,256.0,SSD,
Retailer Trade-in,UR,Mac,MacBook Pro i5 2.9GHz 13 inch (Early 2015),512GB SSD,120,MacBook Pro i5 2.9GHz 13 inch (Early 2015),2015,Mac,MacBook Pro,,Early 2015,13.0,2.9GHz,i5,,512.0,SSD,
Retailer Trade-in,UR,Mac,MacBook Pro i5 2.9GHz 13 inch (Early 2015),1TB SSD,120,MacBook Pro i5 2.9GHz 13 inch (Early 2015),2015,Mac,MacBook Pro,,Early 2015,13.0,2.9GHz,i5,,1024.0,SSD,
Retailer Trade-in,UR,Mac,MacBook Pro i5 2.9GHz 13 inch (Late 2016),256GB SSD,400,MacBook Pro i5 2.9GHz 13 inch (Late 2016),2016,Mac,MacBook Pro,,Late 2016,13.0,2.9GHz,i5,,256.0,SSD,
Retailer Trade-in,UR,Mac,MacBook Pro i5 2.9GHz 13 inch (Late 2016),512GB SSD,450,MacBook Pro i5 2.9GHz 13 inch (Late 2016),2016,Mac,MacBook Pro,,Late 2016,13.0,2.9GHz,i5,,512.0,SSD,
Retailer Trade-in,UR,Mac,MacBook Pro i5 2.9GHz 13 inch (Late 2016),1TB SSD,460,MacBook Pro i5 2.9GHz 13 inch (Late 2016),2016,Mac,MacBook Pro,,Late 2016,13.0,2.9GHz,i5,,1024.0,SSD,
Retailer Trade-in,UR,Mac,MacBook Pro i5 3.1GHz 13 inch (Late 2016),256GB SSD,470,MacBook Pro i5 3.1GHz 13 inch (Late 2016),2016,Mac,MacBook Pro,,Late 2016,13.0,3.1GHz,i5,,256.0,SSD,
Retailer Trade-in,UR,Mac,MacBook Pro i5 3.1GHz 13 inch (Late 2016),512GB SSD,480,MacBook Pro i5 3.1GHz 13 inch (Late 2016),2016,Mac,MacBook Pro,,Late 2016,13.0,3.1GHz,i5,,512.0,SSD,
Retailer Trade-in,UR,Mac,MacBook Pro i5 3.1GHz 13 inch (Late 2016),1TB SSD,490,MacBook Pro i5 3.1GHz 13 inch (Late 2016),2016,Mac,MacBook Pro,,Late 2016,13.0,3.1GHz,i5,,1024.0,SSD,
Retailer Trade-in,UR,Mac,MacBook Pro i5 3.1GHz 13 inch (Mid 2017),256GB SSD,500,MacBook Pro i5 3.1GHz 13 inch (Mid 2017),2017,Mac,MacBook Pro,,Mid 2017,13.0,3.1GHz,i5,,256.0,SSD,
Retailer Trade-in,UR,Mac,MacBook Pro i5 3.1GHz 13 inch (Mid 2017),512GB SSD,530,MacBook Pro i5 3.1GHz 13 inch (Mid 2017),2017,Mac,MacBook Pro,,Mid 2017,13.0,3.1GHz,i5,,512.0,SSD,
Retailer Trade-in,UR,Mac,MacBook Pro i5 3.1GHz 13 inch (Mid 2017),1TB SSD,600,MacBook Pro i5 3.1GHz 13 inch (Mid 2017),2017,Mac,MacBook Pro,,Mid 2017,13.0,3.1GHz,i5,,1024.0,SSD,
Retailer Trade-in,UR,Mac,MacBook Pro i5 3.3GHz 13 inch (Mid 2017),256GB SSD,500,MacBook Pro i5 3.3GHz 13 inch (Mid 2017),2017,Mac,MacBook Pro,,Mid 2017,13.0,3.3GHz,i5,,256.0,SSD,
Retailer Trade-in,UR,Mac,MacBook Pro i5 3.3GHz 13 inch (Mid 2017),512GB SSD,530,MacBook Pro i5 3.3GHz 13 inch (Mid 2017),2017,Mac,MacBook Pro,,Mid 2017,13.0,3.3GHz,i5,,512.0,SSD,
Retailer Trade-in,UR,Mac,MacBook Pro i5 3.3GHz 13 inch (Mid 2017),1TB SSD,600,MacBook Pro i5 3.3GHz 13 inch (Mid 2017),2017,Mac,MacBook Pro,,Mid 2017,13.0,3.3GHz,i5,,1024.0,SSD,
Retailer Trade-in,UR,Mac,MacBook Pro i7 1.7GHz 13 inch (Mid 2019),128GB SSD,500,MacBook Pro i7 1.7GHz 13 inch (Mid 2019),2019,Mac,MacBook Pro,,Mid 2019,13.0,1.7GHz,i7,,128.0,SSD,
Retailer Trade-in,UR,Mac,MacBook Pro i7 1.7GHz 13 inch (Mid 2019),256GB SSD,570,MacBook Pro i7 1.7GHz 13 inch (Mid 2019),2019,Mac,MacBook Pro,,Mid 2019,13.0,1.7GHz,i7,,256.0,SSD,
Retailer Trade-in,UR,Mac,MacBook Pro i7 1.7GHz 13 inch (Mid 2019),512GB SSD,610,MacBook Pro i7 1.7GHz 13 inch (Mid 2019),2019,Mac,MacBook Pro,,Mid 2019,13.0,1.7GHz,i7,,512.0,SSD,
Retailer Trade-in,UR,Mac,MacBook Pro i7 1.7GHz 13 inch (Mid 2019),1TB SSD,690,MacBook Pro i7 1.7GHz 13 inch (Mid 2019),2019,Mac,MacBook Pro,,Mid 2019,13.0,1.7GHz,i7,,1024.0,SSD,
Retailer Trade-in,UR,Mac,MacBook Pro i7 1.7GHz 13 inch (Mid 2019),2TB SSD,730,MacBook Pro i7 1.7GHz 13 inch (Mid 2019),2019,Mac,MacBook Pro,,Mid 2019,13.0,1.7GHz,i7,,2048.0,SSD,
Retailer Trade-in,UR,Mac,MacBook Pro i7 1.7GHz 13 inch (Mid 2020),256GB SSD,780,MacBook Pro i7 1.7GHz 13 inch (Mid 2020),2020,Mac,MacBook Pro,,Mid 2020,13.0,1.7GHz,i7,,256.0,SSD,
Retailer Trade-in,UR,Mac,MacBook Pro i7 1.7GHz 13 inch (Mid 2020),512GB SSD,790,MacBook Pro i7 1.7GHz 13 inch (Mid 2020),2020,Mac,MacBook Pro,,Mid 2020,13.0,1.7GHz,i7,,512.0,SSD,
Retailer Trade-in,UR,Mac,MacBook Pro i7 1.7GHz 13 inch (Mid 2020),1TB SSD,830,MacBook Pro i7 1.7GHz 13 inch (Mid 2020),2020,Mac,MacBook Pro,,Mid 2020,13.0,1.7GHz,i7,,1024.0,SSD,
Retailer Trade-in,UR,Mac,MacBook Pro i7 1.7GHz 13 inch (Mid 2020),2TB SSD,920,MacBook Pro i7 1.7GHz 13 inch (Mid 2020),2020,Mac,MacBook Pro,,Mid 2020,13.0,1.7GHz,i7,,2048.0,SSD,
Retailer Trade-in,UR,Mac,MacBook Pro i7 2.2GHz 15 inch (Mid 2015),256GB SSD,200,MacBook Pro i7 2.2GHz 15 inch (Mid 2015),2015,Mac,MacBook Pro,,Mid 2015,15.0,2.2GHz,i7,,256.0,SSD,
Retailer Trade-in,UR,Mac,MacBook Pro i7 2.2GHz 15 inch (Mid 2015),512GB SSD,200,MacBook Pro i7 2.2GHz 15 inch (Mid 2015),2015,Mac,MacBook Pro,,Mid 2015,15.0,2.2GHz,i7,,512.0,SSD,
Retailer Trade-in,UR,Mac,MacBook Pro i7 2.2GHz 15 inch (Mid 2015),1TB SSD,200,MacBook Pro i7 2.2GHz 15 inch (Mid 2015),2015,Mac,MacBook Pro,,Mid 2015,15.0,2.2GHz,i7,,1024.0,SSD,
Retailer Trade-in,UR,Mac,MacBook Pro i7 2.2GHz 15 inch (Mid 2018),256GB SSD,910,MacBook Pro i7 2.2GHz 15 inch (Mid 2018),2018,Mac,MacBook Pro,,Mid 2018,15.0,2.2GHz,i7,,256.0,SSD,
Retailer Trade-in,UR,Mac,MacBook Pro i7 2.2GHz 15 inch (Mid 2018),512GB SSD,920,MacBook Pro i7 2.2GHz 15 inch (Mid 2018),2018,Mac,MacBook Pro,,Mid 2018,15.0,2.2GHz,i7,,512.0,SSD,
Retailer Trade-in,UR,Mac,MacBook Pro i7 2.2GHz 15 inch (Mid 2018),1TB SSD,960,MacBook Pro i7 2.2GHz 15 inch (Mid 2018),2018,Mac,MacBook Pro,,Mid 2018,15.0,2.2GHz,i7,,1024.0,SSD,
Retailer Trade-in,UR,Mac,MacBook Pro i7 2.2GHz 15 inch (Mid 2018),2TB SSD,1110,MacBook Pro i7 2.2GHz 15 inch (Mid 2018),2018,Mac,MacBook Pro,,Mid 2018,15.0,2.2GHz,i7,,2048.0,SSD,
Retailer Trade-in,UR,Mac,MacBook Pro i7 2.2GHz 15 inch (Mid 2018),4TB SSD,1210,MacBook Pro i7 2.2GHz 15 inch (Mid 2018),2018,Mac,MacBook Pro,,Mid 2018,15.0,2.2GHz,i7,,4096.0,SSD,
Retailer Trade-in,UR,Mac,MacBook Pro i7 2.3GHz 13 inch (Mid 2020),512GB SSD,780,MacBook Pro i7 2.3GHz 13 inch (Mid 2020),2020,Mac,MacBook Pro,,Mid 2020,13.0,2.3GHz,i7,,512.0,SSD,
Retailer Trade-in,UR,Mac,MacBook Pro i7 2.3GHz 13 inch (Mid 2020),1TB SSD,880,MacBook Pro i7 2.3GHz 13 inch (Mid 2020),2020,Mac,MacBook Pro,,Mid 2020,13.0,2.3GHz,i7,,1024.0,SSD,
Retailer Trade-in,UR,Mac,MacBook Pro i7 2.3GHz 13 inch (Mid 2020),2TB SSD,960,MacBook Pro i7 2.3GHz 13 inch (Mid 2020),2020,Mac,MacBook Pro,,Mid 2020,13.0,2.3GHz,i7,,2048.0,SSD,
Retailer Trade-in,UR,Mac,MacBook Pro i7 2.3GHz 13 inch (Mid 2020),4TB SSD,1100,MacBook Pro i7 2.3GHz 13 inch (Mid 2020),2020,Mac,MacBook Pro,,Mid 2020,13.0,2.3GHz,i7,,4096.0,SSD,
Retailer Trade-in,UR,Mac,MacBook Pro i7 2.4GHz 13 inch (Late 2016),256GB SSD,360,MacBook Pro i7 2.4GHz 13 inch (Late 2016),2016,Mac,MacBook Pro,,Late 2016,13.0,2.4GHz,i7,,256.0,SSD,
Retailer Trade-in,UR,Mac,MacBook Pro i7 2.4GHz 13 inch (Late 2016),512GB SSD,400,MacBook Pro i7 2.4GHz 13 inch (Late 2016),2016,Mac,MacBook Pro,,Late 2016,13.0,2.4GHz,i7,,512.0,SSD,
Retailer Trade-in,UR,Mac,MacBook Pro i7 2.4GHz 13 inch (Late 2016),1TB SSD,450,MacBook Pro i7 2.4GHz 13 inch (Late 2016),2016,Mac,MacBook Pro,,Late 2016,13.0,2.4GHz,i7,,1024.0,SSD,
Retailer Trade-in,UR,Mac,MacBook Pro i7 2.5GHz 13 inch (Mid 2017),128GB SSD,360,MacBook Pro i7 2.5GHz 13 inch (Mid 2017),2017,Mac,MacBook Pro,,Mid 2017,13.0,2.5GHz,i7,,128.0,SSD,
Retailer Trade-in,UR,Mac,MacBook Pro i7 2.5GHz 13 inch (Mid 2017),256GB SSD,500,MacBook Pro i7 2.5GHz 13 inch (Mid 2017),2017,Mac,MacBook Pro,,Mid 2017,13.0,2.5GHz,i7,,256.0,SSD,
Retailer Trade-in,UR,Mac,MacBook Pro i7 2.5GHz 13 inch (Mid 2017),512GB SSD,550,MacBook Pro i7 2.5GHz 13 inch (Mid 2017),2017,Mac,MacBook Pro,,Mid 2017,13.0,2.5GHz,i7,,512.0,SSD,
Retailer Trade-in,UR,Mac,MacBook Pro i7 2.5GHz 13 inch (Mid 2017),1TB SSD,600,MacBook Pro i7 2.5GHz 13 inch (Mid 2017),2017,Mac,MacBook Pro,,Mid 2017,13.0,2.5GHz,i7,,1024.0,SSD,
Retailer Trade-in,UR,Mac,MacBook Pro i7 2.5GHz 15 inch (Mid 2015),256GB SSD,200,MacBook Pro i7 2.5GHz 15 inch (Mid 2015),2015,Mac,MacBook Pro,,Mid 2015,15.0,2.5GHz,i7,,256.0,SSD,
Retailer Trade-in,UR,Mac,MacBook Pro i7 2.5GHz 15 inch (Mid 2015),512GB SSD,240,MacBook Pro i7 2.5GHz 15 inch (Mid 2015),2015,Mac,MacBook Pro,,Mid 2015,15.0,2.5GHz,i7,,512.0,SSD,
Retailer Trade-in,UR,Mac,MacBook Pro i7 2.5GHz 15 inch (Mid 2015),1TB SSD,250,MacBook Pro i7 2.5GHz 15 inch (Mid 2015),2015,Mac,MacBook Pro,,Mid 2015,15.0,2.5GHz,i7,,1024.0,SSD,
Retailer Trade-in,UR,Mac,MacBook Pro i7 2.6GHz 15 inch (Late 2016),256GB SSD,600,MacBook Pro i7 2.6GHz 15 inch (Late 2016),2016,Mac,MacBook Pro,,Late 2016,15.0,2.6GHz,i7,,256.0,SSD,
Retailer Trade-in,UR,Mac,MacBook Pro i7 2.6GHz 15 inch (Late 2016),512GB SSD,700,MacBook Pro i7 2.6GHz 15 inch (Late 2016),2016,Mac,MacBook Pro,,Late 2016,15.0,2.6GHz,i7,,512.0,SSD,
Retailer Trade-in,UR,Mac,MacBook Pro i7 2.6GHz 15 inch (Late 2016),1TB SSD,770,MacBook Pro i7 2.6GHz 15 inch (Late 2016),2016,Mac,MacBook Pro,,Late 2016,15.0,2.6GHz,i7,,1024.0,SSD,
Retailer Trade-in,UR,Mac,MacBook Pro i7 2.6GHz 15 inch (Late 2016),2TB SSD,820,MacBook Pro i7 2.6GHz 15 inch (Late 2016),2016,Mac,MacBook Pro,,Late 2016,15.0,2.6GHz,i7,,2048.0,SSD,
Retailer Trade-in,UR,Mac,MacBook Pro i7 2.6GHz 15 inch (Mid 2018),256GB SSD,800,MacBook Pro i7 2.6GHz 15 inch (Mid 2018),2018,Mac,MacBook Pro,,Mid 2018,15.0,2.6GHz,i7,,256.0,SSD,
Retailer Trade-in,UR,Mac,MacBook Pro i7 2.6GHz 15 inch (Mid 2018),512GB SSD,900,MacBook Pro i7 2.6GHz 15 inch (Mid 2018),2018,Mac,MacBook Pro,,Mid 2018,15.0,2.6GHz,i7,,512.0,SSD,
Retailer Trade-in,UR,Mac,MacBook Pro i7 2.6GHz 15 inch (Mid 2018),1TB SSD,950,MacBook Pro i7 2.6GHz 15 inch (Mid 2018),2018,Mac,MacBook Pro,,Mid 2018,15.0,2.6GHz,i7,,1024.0,SSD,
Retailer Trade-in,UR,Mac,MacBook Pro i7 2.6GHz 15 inch (Mid 2018),2TB SSD,1050,MacBook Pro i7 2.6GHz 15 inch (Mid 2018),2018,Mac,MacBook Pro,,Mid 2018,15.0,2.6GHz,i7,,2048.0,SSD,
Retailer Trade-in,UR,Mac,MacBook Pro i7 2.6GHz 15 inch (Mid 2018),4TB SSD,1150,MacBook Pro i7 2.6GHz 15 inch (Mid 2018),2018,Mac,MacBook Pro,,Mid 2018,15.0,2.6GHz,i7,,4096.0,SSD,
Retailer Trade-in,UR,Mac,MacBook Pro i7 2.6GHz 15 inch (Mid 2019),256GB SSD,1030,MacBook Pro i7 2.6GHz 15 inch (Mid 2019),2019,Mac,MacBook Pro,,Mid 2019,15.0,2.6GHz,i7,,256.0,SSD,
Retailer Trade-in,UR,Mac,MacBook Pro i7 2.6GHz 15 inch (Mid 2019),512GB SSD,1070,MacBook Pro i7 2.6GHz 15 inch (Mid 2019),2019,Mac,MacBook Pro,,Mid 2019,15.0,2.6GHz,i7,,512.0,SSD,
Retailer Trade-in,UR,Mac,MacBook Pro i7 2.6GHz 15 inch (Mid 2019),1TB SSD,1150,MacBook Pro i7 2.6GHz 15 inch (Mid 2019),2019,Mac,MacBook Pro,,Mid 2019,15.0,2.6GHz,i7,,1024.0,SSD,
Retailer Trade-in,UR,Mac,MacBook Pro i7 2.6GHz 15 inch (Mid 2019),2TB SSD,1270,MacBook Pro i7 2.6GHz 15 inch (Mid 2019),2019,Mac,MacBook Pro,,Mid 2019,15.0,2.6GHz,i7,,2048.0,SSD,
Retailer Trade-in,UR,Mac,MacBook Pro i7 2.6GHz 15 inch (Mid 2019),4TB SSD,1370,MacBook Pro i7 2.6GHz 15 inch (Mid 2019),2019,Mac,MacBook Pro,,Mid 2019,15.0,2.6GHz,i7,,4096.0,SSD,
Retailer Trade-in,UR,Mac,MacBook Pro i7 2.6GHz 16 inch (Late 2019),512GB SSD,1100,MacBook Pro i7 2.6GHz 16 inch (Late 2019),2019,Mac,MacBook Pro,,Late 2019,16.0,2.6GHz,i7,,512.0,SSD,
Retailer Trade-in,UR,Mac,MacBook Pro i7 2.6GHz 16 inch (Late 2019),1TB SSD,1190,MacBook Pro i7 2.6GHz 16 inch (Late 2019),2019,Mac,MacBook Pro,,Late 2019,16.0,2.6GHz,i7,,1024.0,SSD,
Retailer Trade-in,UR,Mac,MacBook Pro i7 2.6GHz 16 inch (Late 2019),2TB SSD,1290,MacBook Pro i7 2.6GHz 16 inch (Late 2019),2019,Mac,MacBook Pro,,Late 2019,16.0,2.6GHz,i7,,2048.0,SSD,
Retailer Trade-in,UR,Mac,MacBook Pro i7 2.6GHz 16 inch (Late 2019),4TB SSD,1380,MacBook Pro i7 2.6GHz 16 inch (Late 2019),2019,Mac,MacBook Pro,,Late 2019,16.0,2.6GHz,i7,,4096.0,SSD,
Retailer Trade-in,UR,Mac,MacBook Pro i7 2.6GHz 16 inch (Late 2019),8TB SSD,1500,MacBook Pro i7 2.6GHz 16 inch (Late 2019),2019,Mac,MacBook Pro,,Late 2019,16.0,2.6GHz,i7,,8192.0,SSD,
Retailer Trade-in,UR,Mac,MacBook Pro i7 2.7GHz 13 inch (Mid 2018),256GB SSD,700,MacBook Pro i7 2.7GHz 13 inch (Mid 2018),2018,Mac,MacBook Pro,,Mid 2018,13.0,2.7GHz,i7,,256.0,SSD,
Retailer Trade-in,UR,Mac,MacBook Pro i7 2.7GHz 13 inch (Mid 2018),512GB SSD,720,MacBook Pro i7 2.7GHz 13 inch (Mid 2018),2018,Mac,MacBook Pro,,Mid 2018,13.0,2.7GHz,i7,,512.0,SSD,
Retailer Trade-in,UR,Mac,MacBook Pro i7 2.7GHz 13 inch (Mid 2018),1TB SSD,770,MacBook Pro i7 2.7GHz 13 inch (Mid 2018),2018,Mac,MacBook Pro,,Mid 2018,13.0,2.7GHz,i7,,1024.0,SSD,
Retailer Trade-in,UR,Mac,MacBook Pro i7 2.7GHz 13 inch (Mid 2018),2TB SSD,820,MacBook Pro i7 2.7GHz 13 inch (Mid 2018),2018,Mac,MacBook Pro,,Mid 2018,13.0,2.7GHz,i7,,2048.0,SSD,
Retailer Trade-in,UR,Mac,MacBook Pro i7 2.7GHz 15 inch (Late 2016),256GB SSD,700,MacBook Pro i7 2.7GHz 15 inch (Late 2016),2016,Mac,MacBook Pro,,Late 2016,15.0,2.7GHz,i7,,256.0,SSD,
Retailer Trade-in,UR,Mac,MacBook Pro i7 2.7GHz 15 inch (Late 2016),512GB SSD,720,MacBook Pro i7 2.7GHz 15 inch (Late 2016),2016,Mac,MacBook Pro,,Late 2016,15.0,2.7GHz,i7,,512.0,SSD,
Retailer Trade-in,UR,Mac,MacBook Pro i7 2.7GHz 15 inch (Late 2016),1TB SSD,770,MacBook Pro i7 2.7GHz 15 inch (Late 2016),2016,Mac,MacBook Pro,,Late 2016,15.0,2.7GHz,i7,,1024.0,SSD,
Retailer Trade-in,UR,Mac,MacBook Pro i7 2.7GHz 15 inch (Late 2016),2TB SSD,820,MacBook Pro i7 2.7GHz 15 inch (Late 2016),2016,Mac,MacBook Pro,,Late 2016,15.0,2.7GHz,i7,,2048.0,SSD,
Retailer Trade-in,UR,Mac,MacBook Pro i7 2.8GHz 13 inch (Mid 2019),256GB SSD,730,MacBook Pro i7 2.8GHz 13 inch (Mid 2019),2019,Mac,MacBook Pro,,Mid 2019,13.0,2.8GHz,i7,,256.0,SSD,
Retailer Trade-in,UR,Mac,MacBook Pro i7 2.8GHz 13 inch (Mid 2019),512GB SSD,760,MacBook Pro i7 2.8GHz 13 inch (Mid 2019),2019,Mac,MacBook Pro,,Mid 2019,13.0,2.8GHz,i7,,512.0,SSD,
Retailer Trade-in,UR,Mac,MacBook Pro i7 2.8GHz 13 inch (Mid 2019),1TB SSD,770,MacBook Pro i7 2.8GHz 13 inch (Mid 2019),2019,Mac,MacBook Pro,,Mid 2019,13.0,2.8GHz,i7,,1024.0,SSD,
Retailer Trade-in,UR,Mac,MacBook Pro i7 2.8GHz 13 inch (Mid 2019),2TB SSD,830,MacBook Pro i7 2.8GHz 13 inch (Mid 2019),2019,Mac,MacBook Pro,,Mid 2019,13.0,2.8GHz,i7,,2048.0,SSD,
Retailer Trade-in,UR,Mac,MacBook Pro i7 2.8GHz 15 inch (Mid 2015),256GB SSD,240,MacBook Pro i7 2.8GHz 15 inch (Mid 2015),2015,Mac,MacBook Pro,,Mid 2015,15.0,2.8GHz,i7,,256.0,SSD,
Retailer Trade-in,UR,Mac,MacBook Pro i7 2.8GHz 15 inch (Mid 2015),512GB SSD,250,MacBook Pro i7 2.8GHz 15 inch (Mid 2015),2015,Mac,MacBook Pro,,Mid 2015,15.0,2.8GHz,i7,,512.0,SSD,
Retailer Trade-in,UR,Mac,MacBook Pro i7 2.8GHz 15 inch (Mid 2015),1TB SSD,290,MacBook Pro i7 2.8GHz 15 inch (Mid 2015),2015,Mac,MacBook Pro,,Mid 2015,15.0,2.8GHz,i7,,1024.0,SSD,
Retailer Trade-in,UR,Mac,MacBook Pro i7 2.8GHz 15 inch (Mid 2017),256GB SSD,790,MacBook Pro i7 2.8GHz 15 inch (Mid 2017),2017,Mac,MacBook Pro,,Mid 2017,15.0,2.8GHz,i7,,256.0,SSD,
Retailer Trade-in,UR,Mac,MacBook Pro i7 2.8GHz 15 inch (Mid 2017),512GB SSD,820,MacBook Pro i7 2.8GHz 15 inch (Mid 2017),2017,Mac,MacBook Pro,,Mid 2017,15.0,2.8GHz,i7,,512.0,SSD,
Retailer Trade-in,UR,Mac,MacBook Pro i7 2.8GHz 15 inch (Mid 2017),1TB SSD,840,MacBook Pro i7 2.8GHz 15 inch (Mid 2017),2017,Mac,MacBook Pro,,Mid 2017,15.0,2.8GHz,i7,,1024.0,SSD,
Retailer Trade-in,UR,Mac,MacBook Pro i7 2.8GHz 15 inch (Mid 2017),2TB SSD,890,MacBook Pro i7 2.8GHz 15 inch (Mid 2017),2017,Mac,MacBook Pro,,Mid 2017,15.0,2.8GHz,i7,,2048.0,SSD,
Retailer Trade-in,UR,Mac,MacBook Pro i7 2.9GHz 15 inch (Late 2016),256GB SSD,700,MacBook Pro i7 2.9GHz 15 inch (Late 2016),2016,Mac,MacBook Pro,,Late 2016,15.0,2.9GHz,i7,,256.0,SSD,
Retailer Trade-in,UR,Mac,MacBook Pro i7 2.9GHz 15 inch (Late 2016),512GB SSD,720,MacBook Pro i7 2.9GHz 15 inch (Late 2016),2016,Mac,MacBook Pro,,Late 2016,15.0,2.9GHz,i7,,512.0,SSD,
Retailer Trade-in,UR,Mac,MacBook Pro i7 2.9GHz 15 inch (Late 2016),1TB SSD,770,MacBook Pro i7 2.9GHz 15 inch (Late 2016),2016,Mac,MacBook Pro,,Late 2016,15.0,2.9GHz,i7,,1024.0,SSD,
Retailer Trade-in,UR,Mac,MacBook Pro i7 2.9GHz 15 inch (Late 2016),2TB SSD,820,MacBook Pro i7 2.9GHz 15 inch (Late 2016),2016,Mac,MacBook Pro,,Late 2016,15.0,2.9GHz,i7,,2048.0,SSD,
Retailer Trade-in,UR,Mac,MacBook Pro i7 2.9GHz 15 inch (Mid 2017),256GB SSD,800,MacBook Pro i7 2.9GHz 15 inch (Mid 2017),2017,Mac,MacBook Pro,,Mid 2017,15.0,2.9GHz,i7,,256.0,SSD,
Retailer Trade-in,UR,Mac,MacBook Pro i7 2.9GHz 15 inch (Mid 2017),512GB SSD,820,MacBook Pro i7 2.9GHz 15 inch (Mid 2017),2017,Mac,MacBook Pro,,Mid 2017,15.0,2.9GHz,i7,,512.0,SSD,
Retailer Trade-in,UR,Mac,MacBook Pro i7 2.9GHz 15 inch (Mid 2017),1TB SSD,840,MacBook Pro i7 2.9GHz 15 inch (Mid 2017),2017,Mac,MacBook Pro,,Mid 2017,15.0,2.9GHz,i7,,1024.0,SSD,
Retailer Trade-in,UR,Mac,MacBook Pro i7 2.9GHz 15 inch (Mid 2017),2TB SSD,900,MacBook Pro i7 2.9GHz 15 inch (Mid 2017),2017,Mac,MacBook Pro,,Mid 2017,15.0,2.9GHz,i7,,2048.0,SSD,
Retailer Trade-in,UR,Mac,MacBook Pro i7 3.1GHz 13 inch (Early 2015),128GB SSD,120,MacBook Pro i7 3.1GHz 13 inch (Early 2015),2015,Mac,MacBook Pro,,Early 2015,13.0,3.1GHz,i7,,128.0,SSD,
Retailer Trade-in,UR,Mac,MacBook Pro i7 3.1GHz 13 inch (Early 2015),256GB SSD,120,MacBook Pro i7 3.1GHz 13 inch (Early 2015),2015,Mac,MacBook Pro,,Early 2015,13.0,3.1GHz,i7,,256.0,SSD,
Retailer Trade-in,UR,Mac,MacBook Pro i7 3.1GHz 13 inch (Early 2015),512GB SSD,150,MacBook Pro i7 3.1GHz 13 inch (Early 2015),2015,Mac,MacBook Pro,,Early 2015,13.0,3.1GHz,i7,,512.0,SSD,
Retailer Trade-in,UR,Mac,MacBook Pro i7 3.1GHz 13 inch (Early 2015),1TB SSD,150,MacBook Pro i7 3.1GHz 13 inch (Early 2015),2015,Mac,MacBook Pro,,Early 2015,13.0,3.1GHz,i7,,1024.0,SSD,
Retailer Trade-in,UR,Mac,MacBook Pro i7 3.1GHz 15 inch (Mid 2017),256GB SSD,800,MacBook Pro i7 3.1GHz 15 inch (Mid 2017),2017,Mac,MacBook Pro,,Mid 2017,15.0,3.1GHz,i7,,256.0,SSD,
Retailer Trade-in,UR,Mac,MacBook Pro i7 3.1GHz 15 inch (Mid 2017),512GB SSD,820,MacBook Pro i7 3.1GHz 15 inch (Mid 2017),2017,Mac,MacBook Pro,,Mid 2017,15.0,3.1GHz,i7,,512.0,SSD,
Retailer Trade-in,UR,Mac,MacBook Pro i7 3.1GHz 15 inch (Mid 2017),1TB SSD,840,MacBook Pro i7 3.1GHz 15 inch (Mid 2017),2017,Mac,MacBook Pro,,Mid 2017,15.0,3.1GHz,i7,,1024.0,SSD,
Retailer Trade-in,UR,Mac,MacBook Pro i7 3.1GHz 15 inch (Mid 2017),2TB SSD,890,MacBook Pro i7 3.1GHz 15 inch (Mid 2017),2017,Mac,MacBook Pro,,Mid 2017,15.0,3.1GHz,i7,,2048.0,SSD,
Retailer Trade-in,UR,Mac,MacBook Pro i7 3.3GHz 13 inch (Late 2016),256GB SSD,450,MacBook Pro i7 3.3GHz 13 inch (Late 2016),2016,Mac,MacBook Pro,,Late 2016,13.0,3.3GHz,i7,,256.0,SSD,
Retailer Trade-in,UR,Mac,MacBook Pro i7 3.3GHz 13 inch (Late 2016),512GB SSD,460,MacBook Pro i7 3.3GHz 13 inch (Late 2016),2016,Mac,MacBook Pro,,Late 2016,13.0,3.3GHz,i7,,512.0,SSD,
Retailer Trade-in,UR,Mac,MacBook Pro i7 3.3GHz 13 inch (Late 2016),1TB SSD,470,MacBook Pro i7 3.3GHz 13 inch (Late 2016),2016,Mac,MacBook Pro,,Late 2016,13.0,3.3GHz,i7,,1024.0,SSD,
Retailer Trade-in,UR,Mac,MacBook Pro i7 3.5GHz 13 inch (Mid 2017),256GB SSD,720,MacBook Pro i7 3.5GHz 13 inch (Mid 2017),2017,Mac,MacBook Pro,,Mid 2017,13.0,3.5GHz,i7,,256.0,SSD,
Retailer Trade-in,UR,Mac,MacBook Pro i7 3.5GHz 13 inch (Mid 2017),512GB SSD,800,MacBook Pro i7 3.5GHz 13 inch (Mid 2017),2017,Mac,MacBook Pro,,Mid 2017,13.0,3.5GHz,i7,,512.0,SSD,
Retailer Trade-in,UR,Mac,MacBook Pro i7 3.5GHz 13 inch (Mid 2017),1TB SSD,840,MacBook Pro i7 3.5GHz 13 inch (Mid 2017),2017,Mac,MacBook Pro,,Mid 2017,13.0,3.5GHz,i7,,1024.0,SSD,
Retailer Trade-in,UR,Mac,MacBook Pro i9 2.3GHz 15 inch (Mid 2019),256GB SSD,1030,MacBook Pro i9 2.3GHz 15 inch (Mid 2019),2019,Mac,MacBook Pro,,Mid 2019,15.0,2.3GHz,i9,,256.0,SSD,
Retailer Trade-in,UR,Mac,MacBook Pro i9 2.3GHz 15 inch (Mid 2019),512GB SSD,1100,MacBook Pro i9 2.3GHz 15 inch (Mid 2019),2019,Mac,MacBook Pro,,Mid 2019,15.0,2.3GHz,i9,,512.0,SSD,
Retailer Trade-in,UR,Mac,MacBook Pro i9 2.3GHz 15 inch (Mid 2019),1TB SSD,1290,MacBook Pro i9 2.3GHz 15 inch (Mid 2019),2019,Mac,MacBook Pro,,Mid 2019,15.0,2.3GHz,i9,,1024.0,SSD,
Retailer Trade-in,UR,Mac,MacBook Pro i9 2.3GHz 15 inch (Mid 2019),2TB SSD,1390,MacBook Pro i9 2.3GHz 15 inch (Mid 2019),2019,Mac,MacBook Pro,,Mid 2019,15.0,2.3GHz,i9,,2048.0,SSD,
Retailer Trade-in,UR,Mac,MacBook Pro i9 2.3GHz 15 inch (Mid 2019),4TB SSD,1510,MacBook Pro i9 2.3GHz 15 inch (Mid 2019),2019,Mac,MacBook Pro,,Mid 2019,15.0,2.3GHz,i9,,4096.0,SSD,
Retailer Trade-in,UR,Mac,MacBook Pro i9 2.3GHz 16 inch (Late 2019),1TB SSD,1280,MacBook Pro i9 2.3GHz 16 inch (Late 2019),2019,Mac,MacBook Pro,,Late 2019,16.0,2.3GHz,i9,,1024.0,SSD,
Retailer Trade-in,UR,Mac,MacBook Pro i9 2.3GHz 16 inch (Late 2019),2TB SSD,1380,MacBook Pro i9 2.3GHz 16 inch (Late 2019),2019,Mac,MacBook Pro,,Late 2019,16.0,2.3GHz,i9,,2048.0,SSD,
Retailer Trade-in,UR,Mac,MacBook Pro i9 2.3GHz 16 inch (Late 2019),4TB SSD,1560,MacBook Pro i9 2.3GHz 16 inch (Late 2019),2019,Mac,MacBook Pro,,Late 2019,16.0,2.3GHz,i9,,4096.0,SSD,
Retailer Trade-in,UR,Mac,MacBook Pro i9 2.3GHz 16 inch (Late 2019),8TB SSD,1570,MacBook Pro i9 2.3GHz 16 inch (Late 2019),2019,Mac,MacBook Pro,,Late 2019,16.0,2.3GHz,i9,,8192.0,SSD,
Retailer Trade-in,UR,Mac,MacBook Pro i9 2.4GHz 15 inch (Mid 2019),256GB SSD,1030,MacBook Pro i9 2.4GHz 15 inch (Mid 2019),2019,Mac,MacBook Pro,,Mid 2019,15.0,2.4GHz,i9,,256.0,SSD,
Retailer Trade-in,UR,Mac,MacBook Pro i9 2.4GHz 15 inch (Mid 2019),512GB SSD,1180,MacBook Pro i9 2.4GHz 15 inch (Mid 2019),2019,Mac,MacBook Pro,,Mid 2019,15.0,2.4GHz,i9,,512.0,SSD,
Retailer Trade-in,UR,Mac,MacBook Pro i9 2.4GHz 15 inch (Mid 2019),1TB SSD,1290,MacBook Pro i9 2.4GHz 15 inch (Mid 2019),2019,Mac,MacBook Pro,,Mid 2019,15.0,2.4GHz,i9,,1024.0,SSD,
Retailer Trade-in,UR,Mac,MacBook Pro i9 2.4GHz 15 inch (Mid 2019),2TB SSD,1390,MacBook Pro i9 2.4GHz 15 inch (Mid 2019),2019,Mac,MacBook Pro,,Mid 2019,15.0,2.4GHz,i9,,2048.0,SSD,
Retailer Trade-in,UR,Mac,MacBook Pro i9 2.4GHz 15 inch (Mid 2019),4TB SSD,1510,MacBook Pro i9 2.4GHz 15 inch (Mid 2019),2019,Mac,MacBook Pro,,Mid 2019,15.0,2.4GHz,i9,,4096.0,SSD,
Retailer Trade-in,UR,Mac,MacBook Pro i9 2.4GHz 16 inch (Late 2019),512GB SSD,1190,MacBook Pro i9 2.4GHz 16 inch (Late 2019),2019,Mac,MacBook Pro,,Late 2019,16.0,2.4GHz,i9,,512.0,SSD,
Retailer Trade-in,UR,Mac,MacBook Pro i9 2.4GHz 16 inch (Late 2019),1TB SSD,1410,MacBook Pro i9 2.4GHz 16 inch (Late 2019),2019,Mac,MacBook Pro,,Late 2019,16.0,2.4GHz,i9,,1024.0,SSD,
Retailer Trade-in,UR,Mac,MacBook Pro i9 2.4GHz 16 inch (Late 2019),2TB SSD,1480,MacBook Pro i9 2.4GHz 16 inch (Late 2019),2019,Mac,MacBook Pro,,Late 2019,16.0,2.4GHz,i9,,2048.0,SSD,
Retailer Trade-in,UR,Mac,MacBook Pro i9 2.4GHz 16 inch (Late 2019),4TB SSD,1600,MacBook Pro i9 2.4GHz 16 inch (Late 2019),2019,Mac,MacBook Pro,,Late 2019,16.0,2.4GHz,i9,,4096.0,SSD,
Retailer Trade-in,UR,Mac,MacBook Pro i9 2.4GHz 16 inch (Late 2019),8TB SSD,1740,MacBook Pro i9 2.4GHz 16 inch (Late 2019),2019,Mac,MacBook Pro,,Late 2019,16.0,2.4GHz,i9,,8192.0,SSD,
Retailer Trade-in,UR,Mac,MacBook Pro i9 2.9GHz 15 inch (Mid 2018),256GB SSD,910,MacBook Pro i9 2.9GHz 15 inch (Mid 2018),2018,Mac,MacBook Pro,,Mid 2018,15.0,2.9GHz,i9,,256.0,SSD,
Retailer Trade-in,UR,Mac,MacBook Pro i9 2.9GHz 15 inch (Mid 2018),512GB SSD,960,MacBook Pro i9 2.9GHz 15 inch (Mid 2018),2018,Mac,MacBook Pro,,Mid 2018,15.0,2.9GHz,i9,,512.0,SSD,
Retailer Trade-in,UR,Mac,MacBook Pro i9 2.9GHz 15 inch (Mid 2018),1TB SSD,1040,MacBook Pro i9 2.9GHz 15 inch (Mid 2018),2018,Mac,MacBook Pro,,Mid 2018,15.0,2.9GHz,i9,,1024.0,SSD,
Retailer Trade-in,UR,Mac,MacBook Pro i9 2.9GHz 15 inch (Mid 2018),2TB SSD,1130,MacBook Pro i9 2.9GHz 15 inch (Mid 2018),2018,Mac,MacBook Pro,,Mid 2018,15.0,2.9GHz,i9,,2048.0,SSD,
Retailer Trade-in,UR,Mac,MacBook Pro i9 2.9GHz 15 inch (Mid 2018),4TB SSD,1230,MacBook Pro i9 2.9GHz 15 inch (Mid 2018),2018,Mac,MacBook Pro,,Mid 2018,15.0,2.9GHz,i9,,4096.0,SSD,
Retailer Trade-in,UR,Mac,MacBook Pro M1 8-Core CPU and 8-Core GPU 13 inch (Late 2020),256GB SSD,910,MacBook Pro,2020,Mac,MacBook Pro,,Late 2020,13.0,,M1,,256.0,SSD,
Retailer Trade-in,UR,Mac,MacBook Pro M1 8-Core CPU and 8-Core GPU 13 inch (Late 2020),512GB SSD,960,MacBook Pro,2020,Mac,MacBook Pro,,Late 2020,13.0,,M1,,512.0,SSD,
Retailer Trade-in,UR,Mac,MacBook Pro M1 8-Core CPU and 8-Core GPU 13 inch (Late 2020),1TB SSD,1030,MacBook Pro,2020,Mac,MacBook Pro,,Late 2020,13.0,,M1,,1024.0,SSD,
Retailer Trade-in,UR,Mac,MacBook Pro M1 8-Core CPU and 8-Core GPU 13 inch (Late 2020),2TB SSD,1150,MacBook Pro,2020,Mac,MacBook Pro,,Late 2020,13.0,,M1,,2048.0,SSD,
Retailer Trade-in,UR,Mac,MacBook Pro M2 8-Core CPU and 10-Core GPU 13 inch (Mid 2022),256GB SSD,1400,MacBook Pro,2022,Mac,MacBook Pro,,Mid 2022,13.0,,M2,,256.0,SSD,
Retailer Trade-in,UR,Mac,MacBook Pro M2 8-Core CPU and 10-Core GPU 13 inch (Mid 2022),512GB SSD,1680,MacBook Pro,2022,Mac,MacBook Pro,,Mid 2022,13.0,,M2,,512.0,SSD,
Retailer Trade-in,UR,Mac,MacBook Pro M2 8-Core CPU and 10-Core GPU 13 inch (Mid 2022),1TB SSD,1900,MacBook Pro,2022,Mac,MacBook Pro,,Mid 2022,13.0,,M2,,1024.0,SSD,
Retailer Trade-in,UR,Mac,MacBook Pro M2 8-Core CPU and 10-Core GPU 13 inch (Mid 2022),2TB SSD,2260,MacBook Pro,2022,Mac,MacBook Pro,,Mid 2022,13.0,,M2,,2048.0,SSD,
Retailer Trade-in,UR,Mac,MacBook Pro M2 Max 12-Core CPU and 30-Core GPU 14 inch (Early 2023),512GB SSD,2910,MacBook Pro,2023,Mac,MacBook Pro,,Early 2023,14.0,,M2 Max,,512.0,SSD,
Retailer Trade-in,UR,Mac,MacBook Pro M2 Max 12-Core CPU and 30-Core GPU 14 inch (Early 2023),1TB SSD,2940,MacBook Pro,2023,Mac,MacBook Pro,,Early 2023,14.0,,M2 Max,,1024.0,SSD,
Retailer Trade-in,UR,Mac,MacBook Pro M2 Max 12-Core CPU and 30-Core GPU 14 inch (Early 2023),2TB SSD,3950,MacBook Pro,2023,Mac,MacBook Pro,,Early 2023,14.0,,M2 Max,,2048.0,SSD,
Retailer Trade-in,UR,Mac,MacBook Pro M2 Max 12-Core CPU and 30-Core GPU 14 inch (Early 2023),4TB SSD,4460,MacBook Pro,2023,Mac,MacBook Pro,,Early 2023,14.0,,M2 Max,,4096.0,SSD,
Retailer Trade-in,UR,Mac,MacBook Pro M2 Max 12-Core CPU and 30-Core GPU 14 inch (Early 2023),8TB SSD,5630,MacBook Pro,2023,Mac,MacBook Pro,,Early 2023,14.0,,M2 Max,,8192.0,SSD,
Retailer Trade-in,UR,Mac,MacBook Pro M2 Max 12-Core CPU and 30-Core GPU 16 inch (Early 2023),512GB SSD,3540,MacBook Pro,2023,Mac,MacBook Pro,,Early 2023,16.0,,M2 Max,,512.0,SSD,
Retailer Trade-in,UR,Mac,MacBook Pro M2 Max 12-Core CPU and 30-Core GPU 16 inch (Early 2023),1TB SSD,3720,MacBook Pro,2023,Mac,MacBook Pro,,Early 2023,16.0,,M2 Max,,1024.0,SSD,
Retailer Trade-in,UR,Mac,MacBook Pro M2 Max 12-Core CPU and 30-Core GPU 16 inch (Early 2023),2TB SSD,4040,MacBook Pro,2023,Mac,MacBook Pro,,Early 2023,16.0,,M2 Max,,2048.0,SSD,
Retailer Trade-in,UR,Mac,MacBook Pro M2 Max 12-Core CPU and 30-Core GPU 16 inch (Early 2023),4TB SSD,4670,MacBook Pro,2023,Mac,MacBook Pro,,Early 2023,16.0,,M2 Max,,4096.0,SSD,
Retailer Trade-in,UR,Mac,MacBook Pro M2 Max 12-Core CPU and 30-Core GPU 16 inch (Early 2023),8TB SSD,5920,MacBook Pro,2023,Mac,MacBook Pro,,Early 2023,16.0,,M2 Max,,8192.0,SSD,
Retailer Trade-in,UR,Mac,MacBook Pro M2 Max 12-Core CPU and 38-Core GPU 14 inch (Early 2023),512GB SSD,3360,MacBook Pro,2023,Mac,MacBook Pro,,Early 2023,14.0,,M2 Max,,512.0,SSD,
Retailer Trade-in,UR,Mac,MacBook Pro M2 Max 12-Core CPU and 38-Core GPU 14 inch (Early 2023),1TB SSD,3640,MacBook Pro,2023,Mac,MacBook Pro,,Early 2023,14.0,,M2 Max,,1024.0,SSD,
Retailer Trade-in,UR,Mac,MacBook Pro M2 Max 12-Core CPU and 38-Core GPU 14 inch (Early 2023),2TB SSD,4120,MacBook Pro,2023,Mac,MacBook Pro,,Early 2023,14.0,,M2 Max,,2048.0,SSD,
Retailer Trade-in,UR,Mac,MacBook Pro M2 Max 12-Core CPU and 38-Core GPU 14 inch (Early 2023),4TB SSD,4800,MacBook Pro,2023,Mac,MacBook Pro,,Early 2023,14.0,,M2 Max,,4096.0,SSD,
Retailer Trade-in,UR,Mac,MacBook Pro M2 Max 12-Core CPU and 38-Core GPU 14 inch (Early 2023),8TB SSD,6030,MacBook Pro,2023,Mac,MacBook Pro,,Early 2023,14.0,,M2 Max,,8192.0,SSD,
Retailer Trade-in,UR,Mac,MacBook Pro M2 Max 12-Core CPU and 38-Core GPU 16 inch (Early 2023),512GB SSD,3700,MacBook Pro,2023,Mac,MacBook Pro,,Early 2023,16.0,,M2 Max,,512.0,SSD,
Retailer Trade-in,UR,Mac,MacBook Pro M2 Max 12-Core CPU and 38-Core GPU 16 inch (Early 2023),1TB SSD,3800,MacBook Pro,2023,Mac,MacBook Pro,,Early 2023,16.0,,M2 Max,,1024.0,SSD,
Retailer Trade-in,UR,Mac,MacBook Pro M2 Max 12-Core CPU and 38-Core GPU 16 inch (Early 2023),2TB SSD,4460,MacBook Pro,2023,Mac,MacBook Pro,,Early 2023,16.0,,M2 Max,,2048.0,SSD,
Retailer Trade-in,UR,Mac,MacBook Pro M2 Max 12-Core CPU and 38-Core GPU 16 inch (Early 2023),4TB SSD,4870,MacBook Pro,2023,Mac,MacBook Pro,,Early 2023,16.0,,M2 Max,,4096.0,SSD,
Retailer Trade-in,UR,Mac,MacBook Pro M2 Max 12-Core CPU and 38-Core GPU 16 inch (Early 2023),8TB SSD,6330,MacBook Pro,2023,Mac,MacBook Pro,,Early 2023,16.0,,M2 Max,,8192.0,SSD,
Retailer Trade-in,UR,Mac,MacBook Pro M2 Pro 10-Core CPU and 16-Core GPU 14 inch (Early 2023),512GB SSD,2490,MacBook Pro,2023,Mac,MacBook Pro,,Early 2023,14.0,,M2 pro,,512.0,SSD,
Retailer Trade-in,UR,Mac,MacBook Pro M2 Pro 10-Core CPU and 16-Core GPU 14 inch (Early 2023),1TB SSD,2650,MacBook Pro,2023,Mac,MacBook Pro,,Early 2023,14.0,,M2 pro,,1024.0,SSD,
Retailer Trade-in,UR,Mac,MacBook Pro M2 Pro 10-Core CPU and 16-Core GPU 14 inch (Early 2023),2TB SSD,2930,MacBook Pro,2023,Mac,MacBook Pro,,Early 2023,14.0,,M2 pro,,2048.0,SSD,
Retailer Trade-in,UR,Mac,MacBook Pro M2 Pro 10-Core CPU and 16-Core GPU 14 inch (Early 2023),4TB SSD,3370,MacBook Pro,2023,Mac,MacBook Pro,,Early 2023,14.0,,M2 pro,,4096.0,SSD,
Retailer Trade-in,UR,Mac,MacBook Pro M2 Pro 10-Core CPU and 16-Core GPU 14 inch (Early 2023),8TB SSD,4290,MacBook Pro,2023,Mac,MacBook Pro,,Early 2023,14.0,,M2 pro,,8192.0,SSD,
Retailer Trade-in,UR,Mac,MacBook Pro M2 Pro 12-Core CPU and 19-Core GPU 14 inch (Early 2023),512GB SSD,2530,MacBook Pro,2023,Mac,MacBook Pro,,Early 2023,14.0,,M2 pro,,512.0,SSD,
Retailer Trade-in,UR,Mac,MacBook Pro M2 Pro 12-Core CPU and 19-Core GPU 14 inch (Early 2023),1TB SSD,2650,MacBook Pro,2023,Mac,MacBook Pro,,Early 2023,14.0,,M2 pro,,1024.0,SSD,
Retailer Trade-in,UR,Mac,MacBook Pro M2 Pro 12-Core CPU and 19-Core GPU 14 inch (Early 2023),2TB SSD,3250,MacBook Pro,2023,Mac,MacBook Pro,,Early 2023,14.0,,M2 pro,,2048.0,SSD,
Retailer Trade-in,UR,Mac,MacBook Pro M2 Pro 12-Core CPU and 19-Core GPU 14 inch (Early 2023),4TB SSD,3840,MacBook Pro,2023,Mac,MacBook Pro,,Early 2023,14.0,,M2 pro,,4096.0,SSD,
Retailer Trade-in,UR,Mac,MacBook Pro M2 Pro 12-Core CPU and 19-Core GPU 14 inch (Early 2023),8TB SSD,4780,MacBook Pro,2023,Mac,MacBook Pro,,Early 2023,14.0,,M2 pro,,8192.0,SSD,
Retailer Trade-in,UR,Mac,MacBook Pro M2 Pro 12-Core CPU and 19-Core GPU 16 inch (Early 2023),512GB SSD,2950,MacBook Pro,2023,Mac,MacBook Pro,,Early 2023,16.0,,M2 pro,,512.0,SSD,
Retailer Trade-in,UR,Mac,MacBook Pro M2 Pro 12-Core CPU and 19-Core GPU 16 inch (Early 2023),1TB SSD,3160,MacBook Pro,2023,Mac,MacBook Pro,,Early 2023,16.0,,M2 pro,,1024.0,SSD,
Retailer Trade-in,UR,Mac,MacBook Pro M2 Pro 12-Core CPU and 19-Core GPU 16 inch (Early 2023),2TB SSD,3540,MacBook Pro,2023,Mac,MacBook Pro,,Early 2023,16.0,,M2 pro,,2048.0,SSD,
Retailer Trade-in,UR,Mac,MacBook Pro M2 Pro 12-Core CPU and 19-Core GPU 16 inch (Early 2023),4TB SSD,4330,MacBook Pro,2023,Mac,MacBook Pro,,Early 2023,16.0,,M2 pro,,4096.0,SSD,
Retailer Trade-in,UR,Mac,MacBook Pro M2 Pro 12-Core CPU and 19-Core GPU 16 inch (Early 2023),8TB SSD,5570,MacBook Pro,2023,Mac,MacBook Pro,,Early 2023,16.0,,M2 pro,,8192.0,SSD,
Retailer Trade-in,UR,Mac,MacBook Pro M3 8-Core CPU and 10-Core GPU 14 inch (Late 2023),512GB SSD,2560,MacBook Pro,2023,Mac,MacBook Pro,,Late 2023,14.0,,M3,,512.0,SSD,
Retailer Trade-in,UR,Mac,MacBook Pro M3 8-Core CPU and 10-Core GPU 14 inch (Late 2023),1TB SSD,2820,MacBook Pro,2023,Mac,MacBook Pro,,Late 2023,14.0,,M3,,1024.0,SSD,
Retailer Trade-in,UR,Mac,MacBook Pro M3 8-Core CPU and 10-Core GPU 14 inch (Late 2023),2TB SSD,3550,MacBook Pro,2023,Mac,MacBook Pro,,Late 2023,14.0,,M3,,2048.0,SSD,
Retailer Trade-in,UR,Mac,MacBook Pro M3 Max 14-Core CPU and 30-Core GPU 14 inch (Late 2023),512GB SSD,4640,MacBook Pro,2023,Mac,MacBook Pro,,Late 2023,14.0,,M3 Max,,512.0,SSD,
Retailer Trade-in,UR,Mac,MacBook Pro M3 Max 14-Core CPU and 30-Core GPU 14 inch (Late 2023),1TB SSD,4830,MacBook Pro,2023,Mac,MacBook Pro,,Late 2023,14.0,,M3 Max,,1024.0,SSD,
Retailer Trade-in,UR,Mac,MacBook Pro M3 Max 14-Core CPU and 30-Core GPU 14 inch (Late 2023),2TB SSD,5260,MacBook Pro,2023,Mac,MacBook Pro,,Late 2023,14.0,,M3 Max,,2048.0,SSD,
Retailer Trade-in,UR,Mac,MacBook Pro M3 Max 14-Core CPU and 30-Core GPU 14 inch (Late 2023),4TB SSD,6450,MacBook Pro,2023,Mac,MacBook Pro,,Late 2023,14.0,,M3 Max,,4096.0,SSD,
Retailer Trade-in,UR,Mac,MacBook Pro M3 Max 14-Core CPU and 30-Core GPU 14 inch (Late 2023),8TB SSD,7450,MacBook Pro,2023,Mac,MacBook Pro,,Late 2023,14.0,,M3 Max,,8192.0,SSD,
Retailer Trade-in,UR,Mac,MacBook Pro M3 Max 14-Core CPU and 30-Core GPU 16 inch (Late 2023),512GB SSD,5240,MacBook Pro,2023,Mac,MacBook Pro,,Late 2023,16.0,,M3 Max,,512.0,SSD,
Retailer Trade-in,UR,Mac,MacBook Pro M3 Max 14-Core CPU and 30-Core GPU 16 inch (Late 2023),1TB SSD,5680,MacBook Pro,2023,Mac,MacBook Pro,,Late 2023,16.0,,M3 Max,,1024.0,SSD,
Retailer Trade-in,UR,Mac,MacBook Pro M3 Max 14-Core CPU and 30-Core GPU 16 inch (Late 2023),2TB SSD,6150,MacBook Pro,2023,Mac,MacBook Pro,,Late 2023,16.0,,M3 Max,,2048.0,SSD,
Retailer Trade-in,UR,Mac,MacBook Pro M3 Max 14-Core CPU and 30-Core GPU 16 inch (Late 2023),4TB SSD,7200,MacBook Pro,2023,Mac,MacBook Pro,,Late 2023,16.0,,M3 Max,,4096.0,SSD,
Retailer Trade-in,UR,Mac,MacBook Pro M3 Max 14-Core CPU and 30-Core GPU 16 inch (Late 2023),8TB SSD,8710,MacBook Pro,2023,Mac,MacBook Pro,,Late 2023,16.0,,M3 Max,,8192.0,SSD,
Retailer Trade-in,UR,Mac,MacBook Pro M3 Max 16-Core CPU and 40-Core GPU 14 inch (Late 2023),512GB SSD,5260,MacBook Pro,2023,Mac,MacBook Pro,,Late 2023,14.0,,M3 Max,,512.0,SSD,
Retailer Trade-in,UR,Mac,MacBook Pro M3 Max 16-Core CPU and 40-Core GPU 14 inch (Late 2023),1TB SSD,5420,MacBook Pro,2023,Mac,MacBook Pro,,Late 2023,14.0,,M3 Max,,1024.0,SSD,
Retailer Trade-in,UR,Mac,MacBook Pro M3 Max 16-Core CPU and 40-Core GPU 14 inch (Late 2023),2TB SSD,6100,MacBook Pro,2023,Mac,MacBook Pro,,Late 2023,14.0,,M3 Max,,2048.0,SSD,
Retailer Trade-in,UR,Mac,MacBook Pro M3 Max 16-Core CPU and 40-Core GPU 14 inch (Late 2023),4TB SSD,6940,MacBook Pro,2023,Mac,MacBook Pro,,Late 2023,14.0,,M3 Max,,4096.0,SSD,
Retailer Trade-in,UR,Mac,MacBook Pro M3 Max 16-Core CPU and 40-Core GPU 14 inch (Late 2023),8TB SSD,8600,MacBook Pro,2023,Mac,MacBook Pro,,Late 2023,14.0,,M3 Max,,8192.0,SSD,
Retailer Trade-in,UR,Mac,MacBook Pro M3 Max 16-Core CPU and 40-Core GPU 16 inch (Late 2023),512GB SSD,6000,MacBook Pro,2023,Mac,MacBook Pro,,Late 2023,16.0,,M3 Max,,512.0,SSD,
Retailer Trade-in,UR,Mac,MacBook Pro M3 Max 16-Core CPU and 40-Core GPU 16 inch (Late 2023),1TB SSD,6450,MacBook Pro,2023,Mac,MacBook Pro,,Late 2023,16.0,,M3 Max,,1024.0,SSD,
Retailer Trade-in,UR,Mac,MacBook Pro M3 Max 16-Core CPU and 40-Core GPU 16 inch (Late 2023),2TB SSD,7030,MacBook Pro,2023,Mac,MacBook Pro,,Late 2023,16.0,,M3 Max,,2048.0,SSD,
Retailer Trade-in,UR,Mac,MacBook Pro M3 Max 16-Core CPU and 40-Core GPU 16 inch (Late 2023),4TB SSD,7660,MacBook Pro,2023,Mac,MacBook Pro,,Late 2023,16.0,,M3 Max,,4096.0,SSD,
Retailer Trade-in,UR,Mac,MacBook Pro M3 Max 16-Core CPU and 40-Core GPU 16 inch (Late 2023),8TB SSD,9570,MacBook Pro,2023,Mac,MacBook Pro,,Late 2023,16.0,,M3 Max,,8192.0,SSD,
Retailer Trade-in,UR,Mac,MacBook Pro M3 Pro 11-Core CPU and 14-Core GPU 14 inch (Late 2023),512GB SSD,3040,MacBook Pro,2023,Mac,MacBook Pro,,Late 2023,14.0,,M3 pro,,512.0,SSD,
Retailer Trade-in,UR,Mac,MacBook Pro M3 Pro 11-Core CPU and 14-Core GPU 14 inch (Late 2023),1TB SSD,3320,MacBook Pro,2023,Mac,MacBook Pro,,Late 2023,14.0,,M3 pro,,1024.0,SSD,
Retailer Trade-in,UR,Mac,MacBook Pro M3 Pro 11-Core CPU and 14-Core GPU 14 inch (Late 2023),2TB SSD,4100,MacBook Pro,2023,Mac,MacBook Pro,,Late 2023,14.0,,M3 pro,,2048.0,SSD,
Retailer Trade-in,UR,Mac,MacBook Pro M3 Pro 11-Core CPU and 14-Core GPU 14 inch (Late 2023),4TB SSD,4950,MacBook Pro,2023,Mac,MacBook Pro,,Late 2023,14.0,,M3 pro,,4096.0,SSD,
Retailer Trade-in,UR,Mac,MacBook Pro M3 Pro 12-Core CPU and 18-Core GPU 14 inch (Late 2023),512GB SSD,3440,MacBook Pro,2023,Mac,MacBook Pro,,Late 2023,14.0,,M3 pro,,512.0,SSD,
Retailer Trade-in,UR,Mac,MacBook Pro M3 Pro 12-Core CPU and 18-Core GPU 14 inch (Late 2023),1TB SSD,3720,MacBook Pro,2023,Mac,MacBook Pro,,Late 2023,14.0,,M3 pro,,1024.0,SSD,
Retailer Trade-in,UR,Mac,MacBook Pro M3 Pro 12-Core CPU and 18-Core GPU 14 inch (Late 2023),2TB SSD,4130,MacBook Pro,2023,Mac,MacBook Pro,,Late 2023,14.0,,M3 pro,,2048.0,SSD,
Retailer Trade-in,UR,Mac,MacBook Pro M3 Pro 12-Core CPU and 18-Core GPU 14 inch (Late 2023),4TB SSD,4800,MacBook Pro,2023,Mac,MacBook Pro,,Late 2023,14.0,,M3 pro,,4096.0,SSD,
Retailer Trade-in,UR,Mac,MacBook Pro M3 Pro 12-Core CPU and 18-Core GPU 16 inch (Late 2023),512GB SSD,3940,MacBook Pro,2023,Mac,MacBook Pro,,Late 2023,16.0,,M3 pro,,512.0,SSD,
Retailer Trade-in,UR,Mac,MacBook Pro M3 Pro 12-Core CPU and 18-Core GPU 16 inch (Late 2023),1TB SSD,4380,MacBook Pro,2023,Mac,MacBook Pro,,Late 2023,16.0,,M3 pro,,1024.0,SSD,
Retailer Trade-in,UR,Mac,MacBook Pro M3 Pro 12-Core CPU and 18-Core GPU 16 inch (Late 2023),2TB SSD,5130,MacBook Pro,2023,Mac,MacBook Pro,,Late 2023,16.0,,M3 pro,,2048.0,SSD,
Retailer Trade-in,UR,Mac,MacBook Pro M3 Pro 12-Core CPU and 18-Core GPU 16 inch (Late 2023),4TB SSD,5910,MacBook Pro,2023,Mac,MacBook Pro,,Late 2023,16.0,,M3 pro,,4096.0,SSD,
Retailer Trade-in,U Mobile,iPhone,Apple Iphone 15 5G,128GB,1425,iPhone 15,2023,iPhone,iPhone 15,,,,,,,128.0,,
Retailer Trade-in,U Mobile,iPhone,Apple Iphone 15 5G,256GB,1550,iPhone 15,2023,iPhone,iPhone 15,,,,,,,256.0,,
Retailer Trade-in,U Mobile,iPhone,Apple Iphone 15 5G,512GB,1700,iPhone 15,2023,iPhone,iPhone 15,,,,,,,512.0,,
Retailer Trade-in,U Mobile,iPhone,Apple Iphone 15 Plus 5G,128GB,1525,iPhone 15 Plus,2023,iPhone,iPhone 15 Plus,,,,,,,128.0,,
Retailer Trade-in,U Mobile,iPhone,Apple Iphone 15 Plus 5G,256GB,1695,iPhone 15 Plus,2023,iPhone,iPhone 15 Plus,,,,,,,256.0,,
Retailer Trade-in,U Mobile,iPhone,Apple Iphone 15 Plus 5G,512GB,1930,iPhone 15 Plus,2023,iPhone,iPhone 15 Plus,,,,,,,512.0,,
Retailer Trade-in,U Mobile,iPhone,Apple Iphone 15 Pro 5G,128GB,1840,iPhone 15 Pro,2023,iPhone,iPhone 15 Pro,,,,,,,128.0,,
Retailer Trade-in,U Mobile,iPhone,Apple Iphone 15 Pro 5G,256GB,2000,iPhone 15 Pro,2023,iPhone,iPhone 15 Pro,,,,,,,256.0,,
Retailer Trade-in,U Mobile,iPhone,Apple Iphone 15 Pro 5G,512GB,2200,iPhone 15 Pro,2023,iPhone,iPhone 15 Pro,,,,,,,512.0,,
Retailer Trade-in,U Mobile,iPhone,Apple Iphone 15 Pro max 5G,1TB,2810,iPhone 15 Pro max,2023,iPhone,iPhone 15 Pro Max,,,,,,,1024.0,,
Retailer Trade-in,U Mobile,iPhone,Apple Iphone 15 Pro max 5G,256GB,2200,iPhone 15 Pro max,2023,iPhone,iPhone 15 Pro Max,,,,,,,256.0,,
Retailer Trade-in,U Mobile,iPhone,Apple Iphone 15 Pro max 5G,512GB,2510,iPhone 15 Pro max,2023,iPhone,iPhone 15 Pro Max,,,,,,,512.0,,
Retailer Trade-in,U Mobile,iPad,Apple iPad 8th,"128GB, Cellular",400,iPad 8th,2020,iPad,iPad,,,,,,,128.0,,Wi-Fi + Cellular
Retailer Trade-in,U Mobile,iPad,Apple iPad 8th,"32GB, Cellular",300,iPad 8th,2020,iPad,iPad,,,,,,,32.0,,Wi-Fi + Cellular
Retailer Trade-in,U Mobile,iPad,Apple iPad 9th,"256GB, Cellular",650,iPad 9th,2021,iPad,iPad,,,,,,,256.0,,Wi-Fi + Cellular
Retailer Trade-in,U Mobile,iPad,Apple iPad 9th,"64GB, Cellular",525,iPad 9th,2021,iPad,iPad,,,,,,,64.0,,Wi-Fi + Cellular
Retailer Trade-in,U Mobile,iPad,Apple iPad Air 4,"256GB, Cellular",845,iPad Air 4,2020,iPad,iPad Air,4.0,,,,,,256.0,,Wi-Fi + Cellular
Retailer Trade-in,U Mobile,iPad,Apple iPad Air 4,"64GB, Cellular",720,iPad Air 4,2020,iPad,iPad Air,4.0,,,,,,64.0,,Wi-Fi + Cellular
Retailer Trade-in,U Mobile,iPad,Apple iPad Air 5,"256GB, Cellular",1095,iPad Air 5,2022,iPad,iPad Air,5.0,,,,,,256.0,,Wi-Fi + Cellular
Retailer Trade-in,U Mobile,iPad,Apple iPad Air 5,"64GB, Cellular",975,iPad Air 5,2022,iPad,iPad Air,5.0,,,,,,64.0,,Wi-Fi + Cellular
Retailer Trade-in,U Mobile,iPad,Apple iPad Mini 5,"256GB, Cellular",415,iPad mini 5,2019,iPad,iPad mini,5.0,,,,,,256.0,,Wi-Fi + Cellular
Retailer Trade-in,U Mobile,iPad,Apple iPad Mini 5,"64GB, Cellular",380,iPad mini 5,2019,iPad,iPad mini,5.0,,,,,,64.0,,Wi-Fi + Cellular
Retailer Trade-in,U Mobile,iPad,Apple iPad Mini 6,"256GB, Cellular",930,iPad mini 6,2021,iPad,iPad mini,6.0,,,,,,256.0,,Wi-Fi + Cellular
Retailer Trade-in,U Mobile,iPad,Apple iPad Mini 6,"64GB, Cellular",785,iPad mini 6,2021,iPad,iPad mini,6.0,,,,,,64.0,,Wi-Fi + Cellular
Retailer Trade-in,U Mobile,iPad,Apple iPad Pro 11 2nd,"128GB, Cellular",820,iPad Pro 11 2nd,2020,iPad,iPad Pro,11.0,,,,,,128.0,,Wi-Fi + Cellular
Retailer Trade-in,U Mobile,iPad,Apple iPad Pro 11 2nd,"1TB, Cellular",1120,iPad Pro 11 2nd,2020,iPad,iPad Pro,11.0,,,,,,1024.0,,Wi-Fi + Cellular
Retailer Trade-in,U Mobile,iPad,Apple iPad Pro 11 2nd,"256GB, Cellular",920,iPad Pro 11 2nd,2020,iPad,iPad Pro,11.0,,,,,,256.0,,Wi-Fi + Cellular
Retailer Trade-in,U Mobile,iPad,Apple iPad Pro 11 2nd,"512GB, Cellular",1095,iPad Pro 11 2nd,2020,iPad,iPad Pro,11.0,,,,,,512.0,,Wi-Fi + Cellular
Retailer Trade-in,U Mobile,iPad,Apple iPad Pro 12.9 3rd,"256GB, Cellular",875,iPad Pro 12.9 3rd,2018,iPad,iPad Pro,12.0,,,,,,256.0,,Wi-Fi + Cellular
Retailer Trade-in,U Mobile,iPad,Apple iPad Pro 12.9 3rd,"64GB, Cellular",775,iPad Pro 12.9 3rd,2018,iPad,iPad Pro,12.0,,,,,,64.0,,Wi-Fi + Cellular
Retailer Trade-in,U Mobile,iPad,Apple iPad Pro 12.9 6th 5G,"128GB, Cellular",1570,iPad Pro 12.9 6th,2022,iPad,iPad Pro,12.0,,,,,,128.0,,Wi-Fi + Cellular
Retailer Trade-in,U Mobile,iPad,Apple iPad Pro 12.9 6th 5G,"256GB, Cellular",1695,iPad Pro 12.9 6th,2022,iPad,iPad Pro,12.0,,,,,,256.0,,Wi-Fi + Cellular
Retailer Trade-in,U Mobile,iPhone,Apple iPhone 11,128GB,390,iPhone 11,2019,iPhone,iPhone 11,,,,,,,128.0,,
Retailer Trade-in,U Mobile,iPhone,Apple iPhone 11,256GB,470,iPhone 11,2019,iPhone,iPhone 11,,,,,,,256.0,,
Retailer Trade-in,U Mobile,iPhone,Apple iPhone 11,64GB,340,iPhone 11,2019,iPhone,iPhone 11,,,,,,,64.0,,
Retailer Trade-in,U Mobile,iPhone,Apple iPhone 11 Pro,256GB,490,iPhone 11 Pro,2019,iPhone,iPhone 11 Pro,,,,,,,256.0,,
Retailer Trade-in,U Mobile,iPhone,Apple iPhone 11 Pro,512GB,580,iPhone 11 Pro,2019,iPhone,iPhone 11 Pro,,,,,,,512.0,,
Retailer Trade-in,U Mobile,iPhone,Apple iPhone 11 Pro,64GB,415,iPhone 11 Pro,2019,iPhone,iPhone 11 Pro,,,,,,,64.0,,
Retailer Trade-in,U Mobile,iPhone,Apple iPhone 11 Pro Max,256GB,600,iPhone 11 Pro Max,2019,iPhone,iPhone 11 Pro Max,,,,,,,256.0,,
Retailer Trade-in,U Mobile,iPhone,Apple iPhone 11 Pro Max,512GB,680,iPhone 11 Pro Max,2019,iPhone,iPhone 11 Pro Max,,,,,,,512.0,,
Retailer Trade-in,U Mobile,iPhone,Apple iPhone 11 Pro Max,64GB,495,iPhone 11 Pro Max,2019,iPhone,iPhone 11 Pro Max,,,,,,,64.0,,
Retailer Trade-in,U Mobile,iPhone,Apple iPhone 12 5G,128GB,520,iPhone 12,2020,iPhone,iPhone 12,,,,,,,128.0,,
Retailer Trade-in,U Mobile,iPhone,Apple iPhone 12 5G,256GB,600,iPhone 12,2020,iPhone,iPhone 12,,,,,,,256.0,,
Retailer Trade-in,U Mobile,iPhone,Apple iPhone 12 5G,64GB,470,iPhone 12,2020,iPhone,iPhone 12,,,,,,,64.0,,
Retailer Trade-in,U Mobile,iPhone,Apple iPhone 12 Pro 5G,128GB,670,iPhone 12 Pro,2020,iPhone,iPhone 12 Pro,,,,,,,128.0,,
Retailer Trade-in,U Mobile,iPhone,Apple iPhone 12 Pro 5G,256GB,710,iPhone 12 Pro,2020,iPhone,iPhone 12 Pro,,,,,,,256.0,,
Retailer Trade-in,U Mobile,iPhone,Apple iPhone 12 Pro 5G,512GB,800,iPhone 12 Pro,2020,iPhone,iPhone 12 Pro,,,,,,,512.0,,
Retailer Trade-in,U Mobile,iPhone,Apple iPhone 12 Pro Max 5G,128GB,830,iPhone 12 Pro Max,2020,iPhone,iPhone 12 Pro Max,,,,,,,128.0,,
Retailer Trade-in,U Mobile,iPhone,Apple iPhone 12 Pro Max 5G,256GB,910,iPhone 12 Pro Max,2020,iPhone,iPhone 12 Pro Max,,,,,,,256.0,,
Retailer Trade-in,U Mobile,iPhone,Apple iPhone 12 Pro Max 5G,512GB,1000,iPhone 12 Pro Max,2020,iPhone,iPhone 12 Pro Max,,,,,,,512.0,,
Retailer Trade-in,U Mobile,iPhone,Apple iPhone 12 mini 5G,128GB,400,iPhone 12 mini,2020,iPhone,iPhone 12 mini,,,,,,,128.0,,
Retailer Trade-in,U Mobile,iPhone,Apple iPhone 12 mini 5G,256GB,450,iPhone 12 mini,2020,iPhone,iPhone 12 mini,,,,,,,256.0,,
Retailer Trade-in,U Mobile,iPhone,Apple iPhone 12 mini 5G,64GB,320,iPhone 12 mini,2020,iPhone,iPhone 12 mini,,,,,,,64.0,,
Retailer Trade-in,U Mobile,iPhone,Apple iPhone 13 5G,128GB,740,iPhone 13,2021,iPhone,iPhone 13,,,,,,,128.0,,
Retailer Trade-in,U Mobile,iPhone,Apple iPhone 13 5G,256GB,840,iPhone 13,2021,iPhone,iPhone 13,,,,,,,256.0,,
Retailer Trade-in,U Mobile,iPhone,Apple iPhone 13 5G,512GB,900,iPhone 13,2021,iPhone,iPhone 13,,,,,,,512.0,,
Retailer Trade-in,U Mobile,iPhone,Apple iPhone 13 Pro 5G,128GB,975,iPhone 13 Pro,2021,iPhone,iPhone 13 Pro,,,,,,,128.0,,
Retailer Trade-in,U Mobile,iPhone,Apple iPhone 13 Pro 5G,1TB,1305,iPhone 13 Pro,2021,iPhone,iPhone 13 Pro,,,,,,,1024.0,,
Retailer Trade-in,U Mobile,iPhone,Apple iPhone 13 Pro 5G,256GB,1080,iPhone 13 Pro,2021,iPhone,iPhone 13 Pro,,,,,,,256.0,,
Retailer Trade-in,U Mobile,iPhone,Apple iPhone 13 Pro 5G,512GB,1140,iPhone 13 Pro,2021,iPhone,iPhone 13 Pro,,,,,,,512.0,,
Retailer Trade-in,U Mobile,iPhone,Apple iPhone 13 Pro Max,128GB,1140,iPhone 13 Pro Max,2021,iPhone,iPhone 13 Pro Max,,,,,,,128.0,,
Retailer Trade-in,U Mobile,iPhone,Apple iPhone 13 Pro Max,1TB,1560,iPhone 13 Pro Max,2021,iPhone,iPhone 13 Pro Max,,,,,,,1024.0,,
Retailer Trade-in,U Mobile,iPhone,Apple iPhone 13 Pro Max,256GB,1310,iPhone 13 Pro Max,2021,iPhone,iPhone 13 Pro Max,,,,,,,256.0,,
Retailer Trade-in,U Mobile,iPhone,Apple iPhone 13 Pro Max,512GB,1370,iPhone 13 Pro Max,2021,iPhone,iPhone 13 Pro Max,,,,,,,512.0,,
Retailer Trade-in,U Mobile,iPhone,Apple iPhone 13 mini 5G,128GB,580,iPhone 13 mini,2021,iPhone,iPhone 13 mini,,,,,,,128.0,,
Retailer Trade-in,U Mobile,iPhone,Apple iPhone 13 mini 5G,256GB,640,iPhone 13 mini,2021,iPhone,iPhone 13 mini,,,,,,,256.0,,
Retailer Trade-in,U Mobile,iPhone,Apple iPhone 13 mini 5G,512GB,700,iPhone 13 mini,2021,iPhone,iPhone 13 mini,,,,,,,512.0,,
Retailer Trade-in,U Mobile,iPhone,Apple iPhone 14 5G,128GB,935,iPhone 14,2022,iPhone,iPhone 14,,,,,,,128.0,,
Retailer Trade-in,U Mobile,iPhone,Apple iPhone 14 5G,256GB,1040,iPhone 14,2022,iPhone,iPhone 14,,,,,,,256.0,,
Retailer Trade-in,U Mobile,iPhone,Apple iPhone 14 5G,512GB,1160,iPhone 14,2022,iPhone,iPhone 14,,,,,,,512.0,,
Retailer Trade-in,U Mobile,iPhone,Apple iPhone 14 Plus 5G,128GB,1055,iPhone 14 Plus,2022,iPhone,iPhone 14 Plus,,,,,,,128.0,,
Retailer Trade-in,U Mobile,iPhone,Apple iPhone 14 Plus 5G,256GB,1160,iPhone 14 Plus,2022,iPhone,iPhone 14 Plus,,,,,,,256.0,,
Retailer Trade-in,U Mobile,iPhone,Apple iPhone 14 Plus 5G,512GB,1270,iPhone 14 Plus,2022,iPhone,iPhone 14 Plus,,,,,,,512.0,,
Retailer Trade-in,U Mobile,iPhone,Apple iPhone 14 Pro 5G,128GB,1340,iPhone 14 Pro,2022,iPhone,iPhone 14 Pro,,,,,,,128.0,,
Retailer Trade-in,U Mobile,iPhone,Apple iPhone 14 Pro 5G,1TB,1725,iPhone 14 Pro,2022,iPhone,iPhone 14 Pro,,,,,,,1024.0,,
Retailer Trade-in,U Mobile,iPhone,Apple iPhone 14 Pro 5G,256GB,1540,iPhone 14 Pro,2022,iPhone,iPhone 14 Pro,,,,,,,256.0,,
Retailer Trade-in,U Mobile,iPhone,Apple iPhone 14 Pro 5G,512GB,1620,iPhone 14 Pro,2022,iPhone,iPhone 14 Pro,,,,,,,512.0,,
Retailer Trade-in,U Mobile,iPhone,Apple iPhone 14 Pro Max 5G,128GB,1590,iPhone 14 Pro Max,2022,iPhone,iPhone 14 Pro Max,,,,,,,128.0,,
Retailer Trade-in,U Mobile,iPhone,Apple iPhone 14 Pro Max 5G,1TB,2000,iPhone 14 Pro Max,2022,iPhone,iPhone 14 Pro Max,,,,,,,1024.0,,
Retailer Trade-in,U Mobile,iPhone,Apple iPhone 14 Pro Max 5G,256GB,1700,iPhone 14 Pro Max,2022,iPhone,iPhone 14 Pro Max,,,,,,,256.0,,
Retailer Trade-in,U Mobile,iPhone,Apple iPhone 14 Pro Max 5G,512GB,1835,iPhone 14 Pro Max,2022,iPhone,iPhone 14 Pro Max,,,,,,,512.0,,
Retailer Trade-in,U Mobile,iPhone,Apple iPhone 16 5G,128GB,1845,iPhone 16,2024,iPhone,iPhone 16,,,,,,,128.0,,
Retailer Trade-in,U Mobile,iPhone,Apple iPhone 16 5G,256GB,2100,iPhone 16,2024,iPhone,iPhone 16,,,,,,,256.0,,
Retailer Trade-in,U Mobile,iPhone,Apple iPhone 16 5G,512GB,2430,iPhone 16,2024,iPhone,iPhone 16,,,,,,,512.0,,
Retailer Trade-in,U Mobile,iPhone,Apple iPhone 16 Plus 5G,128GB,2120,iPhone 16 Plus,2024,iPhone,iPhone 16 Plus,,,,,,,128.0,,
Retailer Trade-in,U Mobile,iPhone,Apple iPhone 16 Plus 5G,256GB,2335,iPhone 16 Plus,2024,iPhone,iPhone 16 Plus,,,,,,,256.0,,
Retailer Trade-in,U Mobile,iPhone,Apple iPhone 16 Plus 5G,512GB,2690,iPhone 16 Plus,2024,iPhone,iPhone 16 Plus,,,,,,,512.0,,
Retailer Trade-in,U Mobile,iPhone,Apple iPhone 16 Pro 5G,128GB,2485,iPhone 16 Pro,2024,iPhone,iPhone 16 Pro,,,,,,,128.0,,
Retailer Trade-in,U Mobile,iPhone,Apple iPhone 16 Pro 5G,1TB,3465,iPhone 16 Pro,2024,iPhone,iPhone 16 Pro,,,,,,,1024.0,,
Retailer Trade-in,U Mobile,iPhone,Apple iPhone 16 Pro 5G,256GB,2700,iPhone 16 Pro,2024,iPhone,iPhone 16 Pro,,,,,,,256.0,,
Retailer Trade-in,U Mobile,iPhone,Apple iPhone 16 Pro 5G,512GB,3060,iPhone 16 Pro,2024,iPhone,iPhone 16 Pro,,,,,,,512.0,,
Retailer Trade-in,U Mobile,iPhone,Apple iPhone 16 Pro Max 5G,1TB,3820,iPhone 16 Pro Max,2024,iPhone,iPhone 16 Pro Max,,,,,,,1024.0,,
Retailer Trade-in,U Mobile,iPhone,Apple iPhone 16 Pro Max 5G,256GB,3135,iPhone 16 Pro Max,2024,iPhone,iPhone 16 Pro Max,,,,,,,256.0,,
Retailer Trade-in,U Mobile,iPhone,Apple iPhone 16 Pro Max 5G,512GB,3460,iPhone 16 Pro Max,2024,iPhone,iPhone 16 Pro Max,,,,,,,512.0,,
Retailer Trade-in,U Mobile,iPhone,Apple iPhone 16e 5G,128GB,1250,iPhone 16e,2025,iPhone,iPhone 16e,,,,,,,128.0,,
Retailer Trade-in,U Mobile,iPhone,Apple iPhone 16e 5G,256GB,1440,iPhone 16e,2025,iPhone,iPhone 16e,,,,,,,256.0,,
Retailer Trade-in,U Mobile,iPhone,Apple iPhone 16e 5G,512GB,1870,iPhone 16e,2025,iPhone,iPhone 16e,,,,,,,512.0,,
Retailer Trade-in,U Mobile,iPhone,Apple iPhone 17 5G,256GB,2200,iPhone 17,2025,iPhone,iPhone 17,,,,,,,256.0,,
Retailer Trade-in,U Mobile,iPhone,Apple iPhone 17 5G,512GB,2750,iPhone 17,2025,iPhone,iPhone 17,,,,,,,512.0,,
Retailer Trade-in,U Mobile,iPhone,Apple iPhone 17 Pro 5G,1TB,4125,iPhone 17 Pro,2025,iPhone,iPhone 17 Pro,,,,,,,1024.0,,
Retailer Trade-in,U Mobile,iPhone,Apple iPhone 17 Pro 5G,256GB,3025,iPhone 17 Pro,2025,iPhone,iPhone 17 Pro,,,,,,,256.0,,
Retailer Trade-in,U Mobile,iPhone,Apple iPhone 17 Pro 5G,512GB,3575,iPhone 17 Pro,2025,iPhone,iPhone 17 Pro,,,,,,,512.0,,
Retailer Trade-in,U Mobile,iPhone,Apple iPhone 17 Pro Max 5G,1TB,4400,iPhone 17 Pro Max,2025,iPhone,iPhone 17 Pro Max,,,,,,,1024.0,,
Retailer Trade-in,U Mobile,iPhone,Apple iPhone 17 Pro Max 5G,256GB,3300,iPhone 17 Pro Max,2025,iPhone,iPhone 17 Pro Max,,,,,,,256.0,,
Retailer Trade-in,U Mobile,iPhone,Apple iPhone 17 Pro Max 5G,2TB,5500,iPhone 17 Pro Max,2025,iPhone,iPhone 17 Pro Max,,,,,,,2048.0,,
Retailer Trade-in,U Mobile,iPhone,Apple iPhone 17 Pro Max 5G,512GB,3850,iPhone 17 Pro Max,2025,iPhone,iPhone 17 Pro Max,,,,,,,512.0,,
Retailer Trade-in,U Mobile,iPhone,Apple iPhone 17e 5G,256GB,1095,iPhone 17e,2026,iPhone,iPhone 17e,,,,,,,256.0,,
Retailer Trade-in,U Mobile,iPhone,Apple iPhone 17e 5G,512GB,1440,iPhone 17e,2026,iPhone,iPhone 17e,,,,,,,512.0,,
Retailer Trade-in,U Mobile,iPhone,Apple iPhone 8,128GB,145,iPhone 8,2017,iPhone,iPhone 8,,,,,,,128.0,,
Retailer Trade-in,U Mobile,iPhone,Apple iPhone 8,256GB,185,iPhone 8,2017,iPhone,iPhone 8,,,,,,,256.0,,
Retailer Trade-in,U Mobile,iPhone,Apple iPhone 8,64GB,140,iPhone 8,2017,iPhone,iPhone 8,,,,,,,64.0,,
Retailer Trade-in,U Mobile,iPhone,Apple iPhone 8 Plus,128GB,225,iPhone 8 Plus,2017,iPhone,iPhone 8 Plus,,,,,,,128.0,,
Retailer Trade-in,U Mobile,iPhone,Apple iPhone 8 Plus,256GB,260,iPhone 8 Plus,2017,iPhone,iPhone 8 Plus,,,,,,,256.0,,
Retailer Trade-in,U Mobile,iPhone,Apple iPhone 8 Plus,64GB,190,iPhone 8 Plus,2017,iPhone,iPhone 8 Plus,,,,,,,64.0,,
Retailer Trade-in,U Mobile,iPhone,Apple iPhone SE 2020,128GB,210,iPhone SE 2020,2020,iPhone,iPhone SE,,2020,,,,,128.0,,
Retailer Trade-in,U Mobile,iPhone,Apple iPhone SE 2020,256GB,245,iPhone SE 2020,2020,iPhone,iPhone SE,,2020,,,,,256.0,,
Retailer Trade-in,U Mobile,iPhone,Apple iPhone SE 2020,64GB,160,iPhone SE 2020,2020,iPhone,iPhone SE,,2020,,,,,64.0,,
Retailer Trade-in,U Mobile,iPhone,Apple iPhone SE 2022 5G,128GB,350,iPhone SE 2022,2022,iPhone,iPhone SE,,2022,,,,,128.0,,
Retailer Trade-in,U Mobile,iPhone,Apple iPhone SE 2022 5G,256GB,380,iPhone SE 2022,2022,iPhone,iPhone SE,,2022,,,,,256.0,,
Retailer Trade-in,U Mobile,iPhone,Apple iPhone SE 2022 5G,64GB,300,iPhone SE 2022,2022,iPhone,iPhone SE,,2022,,,,,64.0,,
Retailer Trade-in,U Mobile,iPhone,Apple iPhone X,256GB,130,iPhone X,2017,iPhone,iPhone X,,,,,,,256.0,,
Retailer Trade-in,U Mobile,iPhone,Apple iPhone X,64GB,185,iPhone X,2017,iPhone,iPhone X,,,,,,,64.0,,
Retailer Trade-in,U Mobile,iPhone,Apple iPhone XR,128GB,220,iPhone XR,2018,iPhone,iPhone Xr,,,,,,,128.0,,
Retailer Trade-in,U Mobile,iPhone,Apple iPhone XR,256GB,270,iPhone XR,2018,iPhone,iPhone Xr,,,,,,,256.0,,
Retailer Trade-in,U Mobile,iPhone,Apple iPhone XR,64GB,155,iPhone XR,2018,iPhone,iPhone Xr,,,,,,,64.0,,
Retailer Trade-in,U Mobile,iPhone,Apple iPhone XS,256GB,255,iPhone XS,2018,iPhone,iPhone Xs,,,,,,,256.0,,
Retailer Trade-in,U Mobile,iPhone,Apple iPhone XS,512GB,305,iPhone XS,2018,iPhone,iPhone Xs,,,,,,,512.0,,
Retailer Trade-in,U Mobile,iPhone,Apple iPhone XS,64GB,205,iPhone XS,2018,iPhone,iPhone Xs,,,,,,,64.0,,
Retailer Trade-in,U Mobile,iPhone,Apple iPhone XS Max,256GB,365,iPhone XS Max,2018,iPhone,iPhone Xs Max,,,,,,,256.0,,
Retailer Trade-in,U Mobile,iPhone,Apple iPhone XS Max,512GB,390,iPhone XS Max,2018,iPhone,iPhone Xs Max,,,,,,,512.0,,
Retailer Trade-in,U Mobile,iPhone,Apple iPhone XS Max,64GB,285,iPhone XS Max,2018,iPhone,iPhone Xs Max,,,,,,,64.0,,
Official Trade-in,Apple,iPhone,iPhone 16 Pro Max,,3675,iPhone 16 Pro Max,2024,iPhone,iPhone 16 Pro Max Nan,,,,,,,,,
Official Trade-in,Apple,iPhone,iPhone 16 Pro,,3400,iPhone 16 Pro,2024,iPhone,iPhone 16 Pro Nan,,,,,,,,,
Official Trade-in,Apple,iPhone,iPhone 16 Plus,,2800,iPhone 16 Plus,2024,iPhone,iPhone 16 Plus Nan,,,,,,,,,
Official Trade-in,Apple,iPhone,iPhone 16,,2475,iPhone 16,2024,iPhone,iPhone 16 Nan,,,,,,,,,
Official Trade-in,Apple,iPhone,iPhone 16e,,1675,iPhone 16e,2025,iPhone,iPhone 16e Nan,,,,,,,,,
Official Trade-in,Apple,iPhone,iPhone 15 Pro Max,,2650,iPhone 15 Pro Max,2023,iPhone,iPhone 15 Pro Max Nan,,,,,,,,,
Official Trade-in,Apple,iPhone,iPhone 15 Pro,,2350,iPhone 15 Pro,2023,iPhone,iPhone 15 Pro Nan,,,,,,,,,
Official Trade-in,Apple,iPhone,iPhone 15 Plus,,1975,iPhone 15 Plus,2023,iPhone,iPhone 15 Plus Nan,,,,,,,,,
Official Trade-in,Apple,iPhone,iPhone 15,,1775,iPhone 15,2023,iPhone,iPhone 15 Nan,,,,,,,,,
Official Trade-in,Apple,iPhone,iPhone 14 Pro Max,,1975,iPhone 14 Pro Max,2022,iPhone,iPhone 14 Pro Max Nan,,,,,,,,,
Official Trade-in,Apple,iPhone,iPhone 14 Pro,,1675,iPhone 14 Pro,2022,iPhone,iPhone 14 Pro Nan,,,,,,,,,
Official Trade-in,Apple,iPhone,iPhone 14 Plus,,1300,iPhone 14 Plus,2022,iPhone,iPhone 14 Plus Nan,,,,,,,,,
Official Trade-in,Apple,iPhone,iPhone 14,,1150,iPhone 14,2022,iPhone,iPhone 14 Nan,,,,,,,,,
Official Trade-in,Apple,iPhone,iPhone SE (3rd generation),,350,iPhone SE (3rd generation),2022,iPhone,iPhone SE,,,,,,,,,
Official Trade-in,Apple,iPhone,iPhone 13 Pro Max,,1500,iPhone 13 Pro Max,2021,iPhone,iPhone 13 Pro Max Nan,,,,,,,,,
Official Trade-in,Apple,iPhone,iPhone 13 Pro,,1250,iPhone 13 Pro,2021,iPhone,iPhone 13 Pro Nan,,,,,,,,,
Official Trade-in,Apple,iPhone,iPhone 13,,950,iPhone 13,2021,iPhone,iPhone 13 Nan,,,,,,,,,
Official Trade-in,Apple,iPhone,iPhone 13 mini,,675,iPhone 13 mini,2021,iPhone,iPhone 13 mini Nan,,,,,,,,,
Official Trade-in,Apple,iPhone,iPhone 12 Pro Max,,975,iPhone 12 Pro Max,2020,iPhone,iPhone 12 Pro Max Nan,,,,,,,,,
Official Trade-in,Apple,iPhone,iPhone 12 Pro,,750,iPhone 12 Pro,2020,iPhone,iPhone 12 Pro Nan,,,,,,,,,
Official Trade-in,Apple,iPhone,iPhone 12,,575,iPhone 12,2020,iPhone,iPhone 12 Nan,,,,,,,,,
Official Trade-in,Apple,iPhone,iPhone 12 mini,,400,iPhone 12 mini,2020,iPhone,iPhone 12 mini Nan,,,,,,,,,
Official Trade-in,Apple,iPhone,iPhone 11 Pro Max,,675,iPhone 11 Pro Max,2019,iPhone,iPhone 11 Pro Max Nan,,,,,,,,,
Official Trade-in,Apple,iPhone,iPhone 11 Pro,,575,iPhone 11 Pro,2019,iPhone,iPhone 11 Pro Nan,,,,,,,,,
Official Trade-in,Apple,iPhone,iPhone 11,,550,iPhone 11,2019,iPhone,iPhone 11 Nan,,,,,,,,,
Official Trade-in,Apple,iPhone,iPhone Xs Max,,400,iPhone XS Max,2018,iPhone,iPhone Xs Max Nan,,,,,,,,,
Official Trade-in,Apple,iPhone,iPhone Xs,,325,iPhone XS,2018,iPhone,iPhone Xs Nan,,,,,,,,,
Official Trade-in,Apple,iPhone,iPhone Xr,,275,iPhone XR,2018,iPhone,iPhone Xr Nan,,,,,,,,,
Official Trade-in,Apple,iPhone,iPhone X,,200,iPhone X,2017,iPhone,iPhone X Nan,,,,,,,,,
Official Trade-in,Apple,iPad,iPad Pro,,4100,iPad Pro,NaN,iPad,iPad Pro,,,,,,,,,
Official Trade-in,Apple,iPad,iPad,,1450,iPad,NaN,iPad,iPad,,,,,,,,,
Official Trade-in,Apple,iPad,iPad Air,,2450,iPad Air,NaN,iPad,iPad Air,,,,,,,,,
Official Trade-in,Apple,iPad,iPad Mini,,1600,iPad mini,NaN,iPad,iPad mini,,,,,,,,,
Official Trade-in,Apple,Apple Watch,Apple Watch Series 10,,1050,Watch Series 10,2024,Apple Watch,Apple Watch SE,,,,,,,,,
Official Trade-in,Apple,Apple Watch,Apple Watch Ultra 2,,1175,Watch Ultra 2,2023,Apple Watch,Apple Watch Ultra 2,2.0,,,,,,,,
Official Trade-in,Apple,Apple Watch,Apple Watch Series 9,,775,Watch Series 9,2023,Apple Watch,Apple Watch SE,,,,,,,,,
Official Trade-in,Apple,Apple Watch,Apple Watch Ultra,,800,Watch Ultra,2022,Apple Watch,Apple Watch Ultra,1.0,,,,,,,,
Official Trade-in,Apple,Apple Watch,Apple Watch Series 8,,525,Watch Series 8,2022,Apple Watch,Apple Watch SE,,,,,,,,,
Official Trade-in,Apple,Apple Watch,Apple Watch SE (2nd generation),,225,Watch SE (2nd generation),2022,Apple Watch,Apple Watch SE,,,,,,,,,
Official Trade-in,Apple,Apple Watch,Apple Watch Series 7,,300,Watch Series 7,2021,Apple Watch,Apple Watch SE,,,,,,,,,
Retailer Trade-in,Apple,Mac,MacBook Pro,,3125,MacBook Pro,NaN,Mac,MacBook Pro,,,,,,,,,
Retailer Trade-in,Apple,Mac,MacBook Air,,1550,MacBook Air,NaN,Mac,MacBook Air,,,,,,,,,
Retailer Trade-in,Apple,Mac,MacBook,,375,MacBook,NaN,Mac,MacBook,,,,,,,,,
Retailer Trade-in,Apple,Mac,iMac,,2800,iMac,NaN,Mac,iMac,,,,,,,,,
Retailer Trade-in,Apple,Mac,iMac Pro,,1050,iMac Pro,NaN,Mac,iMac Pro,,,,,,,,,
Retailer Trade-in,Apple,Mac,Mac mini,,750,Mac mini,NaN,Mac,Mac mini,,,,,,,,,
Retailer Trade-in,Apple,Mac,Mac Studio,,5925,Mac Studio,NaN,Mac,Mac Studio,,,,,,,,,
Retailer Trade-in,Apple,Mac,Mac Pro,,9950,Mac Pro,NaN,Mac,Mac Pro,,,,,,,,,
