Collection Date,Pricing Category,Provider,Device,Model,Specification,Max. Trade-In Value (RM),Standardized Model,Model_Year,Device Type,Model.1,Generation,Year,Screen Size (inch),Clock Speed,Chipset,RAM (GB),Storage (GB),Storage Type,Connectivity,Model Number
,Trade-in Platform,CompAsia,iPad,iPad 10,"4GB/256GB, Wi-Fi",800,iPad 10,2022.0,iPad,iPad,10.0,,,,,4.0,256.0,,Wi-Fi,
,Trade-in Platform,CompAsia,iPad,iPad 10,"4GB/64GB, Wi-Fi",600,iPad 10,2022.0,iPad,iPad,10.0,,,,,4.0,64.0,,Wi-Fi,
,Trade-in Platform,CompAsia,iPad,iPad 10,"4GB/256GB, Cellular",975,iPad 10,2022.0,iPad,iPad,10.0,,,,,4.0,256.0,,Cellular,
,Trade-in Platform,CompAsia,iPad,iPad 10,"4GB/64GB, Cellular",750,iPad 10,2022.0,iPad,iPad,10.0,,,,,4.0,64.0,,Cellular,
,Trade-in Platform,CompAsia,iPad,iPad 11,"4GB/128GB, Wi-Fi",600,iPad 11,2025.0,iPad,iPad,11.0,,,,,4.0,128.0,,Wi-Fi,
,Trade-in Platform,CompAsia,iPad,iPad 11,"4GB/256GB, Wi-Fi",775,iPad 11,2025.0,iPad,iPad,11.0,,,,,4.0,256.0,,Wi-Fi,
,Trade-in Platform,CompAsia,iPad,iPad 11,"4GB/512GB, Wi-Fi",1075,iPad 11,2025.0,iPad,iPad,11.0,,,,,4.0,512.0,,Wi-Fi,
,Trade-in Platform,CompAsia,iPad,iPad 11,"4GB/128GB, Cellular",800,iPad 11,2025.0,iPad,iPad,11.0,,,,,4.0,128.0,,Cellular,
,Trade-in Platform,CompAsia,iPad,iPad 11,"4GB/256GB, Cellular",1000,iPad 11,2025.0,iPad,iPad,11.0,,,,,4.0,256.0,,Cellular,
,Trade-in Platform,CompAsia,iPad,iPad 11,"4GB/512GB, Cellular",1325,iPad 11,2025.0,iPad,iPad,11.0,,,,,4.0,512.0,,Cellular,
,Trade-in Platform,CompAsia,iPad,iPad 7,"3GB/128GB, Wi-Fi",225,iPad 7,2019.0,iPad,iPad,7.0,,,,,3.0,128.0,,Wi-Fi,
,Trade-in Platform,CompAsia,iPad,iPad 7,"3GB/32GB, Wi-Fi",125,iPad 7,2019.0,iPad,iPad,7.0,,,,,3.0,32.0,,Wi-Fi,
,Trade-in Platform,CompAsia,iPad,iPad 7,"3GB/128GB, Cellular",325,iPad 7,2019.0,iPad,iPad,7.0,,,,,3.0,128.0,,Cellular,
,Trade-in Platform,CompAsia,iPad,iPad 7,"3GB/32GB, Cellular",150,iPad 7,2019.0,iPad,iPad,7.0,,,,,3.0,32.0,,Cellular,
,Trade-in Platform,CompAsia,iPad,iPad 8,"3GB/128GB, Wi-Fi",300,iPad 8,2020.0,iPad,iPad,8.0,,,,,3.0,128.0,,Wi-Fi,
,Trade-in Platform,CompAsia,iPad,iPad 8,"3GB/32GB, Wi-Fi",225,iPad 8,2020.0,iPad,iPad,8.0,,,,,3.0,32.0,,Wi-Fi,
,Trade-in Platform,CompAsia,iPad,iPad 8,"3GB/128GB, Cellular",400,iPad 8,2020.0,iPad,iPad,8.0,,,,,3.0,128.0,,Cellular,
,Trade-in Platform,CompAsia,iPad,iPad 8,"3GB/32GB, Cellular",300,iPad 8,2020.0,iPad,iPad,8.0,,,,,3.0,32.0,,Cellular,
,Trade-in Platform,CompAsia,iPad,iPad 9,"3GB/256GB, Wi-Fi",525,iPad 9,2021.0,iPad,iPad,9.0,,,,,3.0,256.0,,Wi-Fi,
,Trade-in Platform,CompAsia,iPad,iPad 9,"3GB/64GB, Wi-Fi",350,iPad 9,2021.0,iPad,iPad,9.0,,,,,3.0,64.0,,Wi-Fi,
,Trade-in Platform,CompAsia,iPad,iPad 9,"3GB/256GB, Cellular",650,iPad 9,2021.0,iPad,iPad,9.0,,,,,3.0,256.0,,Cellular,
,Trade-in Platform,CompAsia,iPad,iPad 9,"3GB/64GB, Cellular",525,iPad 9,2021.0,iPad,iPad,9.0,,,,,3.0,64.0,,Cellular,
,Trade-in Platform,CompAsia,iPad,"iPad Air 11-inch (M3, 2025)","8GB/128GB, Wi-Fi",1225,"iPad Air 11-inch (M3, 2025)",2025.0,iPad,iPad Air,,2025,11.0,,M3,8.0,128.0,,Wi-Fi,
,Trade-in Platform,CompAsia,iPad,"iPad Air 11-inch (M3, 2025)","8GB/1TB, Wi-Fi",2175,"iPad Air 11-inch (M3, 2025)",2025.0,iPad,iPad Air,,2025,11.0,,M3,8.0,1024.0,,Wi-Fi,
,Trade-in Platform,CompAsia,iPad,"iPad Air 11-inch (M3, 2025)","8GB/256GB, Wi-Fi",1425,"iPad Air 11-inch (M3, 2025)",2025.0,iPad,iPad Air,,2025,11.0,,M3,8.0,256.0,,Wi-Fi,
,Trade-in Platform,CompAsia,iPad,"iPad Air 11-inch (M3, 2025)","8GB/512GB, Wi-Fi",1825,"iPad Air 11-inch (M3, 2025)",2025.0,iPad,iPad Air,,2025,11.0,,M3,8.0,512.0,,Wi-Fi,
,Trade-in Platform,CompAsia,iPad,"iPad Air 11-inch (M3, 2025)","8GB/128GB, Cellular",1600,"iPad Air 11-inch (M3, 2025)",2025.0,iPad,iPad Air,,2025,11.0,,M3,8.0,128.0,,Cellular,
,Trade-in Platform,CompAsia,iPad,"iPad Air 11-inch (M3, 2025)","8GB/1TB, Cellular",2575,"iPad Air 11-inch (M3, 2025)",2025.0,iPad,iPad Air,,2025,11.0,,M3,8.0,1024.0,,Cellular,
,Trade-in Platform,CompAsia,iPad,"iPad Air 11-inch (M3, 2025)","8GB/256GB, Cellular",1825,"iPad Air 11-inch (M3, 2025)",2025.0,iPad,iPad Air,,2025,11.0,,M3,8.0,256.0,,Cellular,
,Trade-in Platform,CompAsia,iPad,"iPad Air 11-inch (M3, 2025)","8GB/512GB, Cellular",2200,"iPad Air 11-inch (M3, 2025)",2025.0,iPad,iPad Air,,2025,11.0,,M3,8.0,512.0,,Cellular,
,Trade-in Platform,CompAsia,iPad,"iPad Air 13-inch (M3, 2025)","8GB/128GB, Wi-Fi",1600,"iPad Air 13-inch (M3, 2025)",2025.0,iPad,iPad Air,,2025,13.0,,M3,8.0,128.0,,Wi-Fi,
,Trade-in Platform,CompAsia,iPad,"iPad Air 13-inch (M3, 2025)","8GB/1TB, Wi-Fi",2400,"iPad Air 13-inch (M3, 2025)",2025.0,iPad,iPad Air,,2025,13.0,,M3,8.0,1024.0,,Wi-Fi,
,Trade-in Platform,CompAsia,iPad,"iPad Air 13-inch (M3, 2025)","8GB/256GB, Wi-Fi",1800,"iPad Air 13-inch (M3, 2025)",2025.0,iPad,iPad Air,,2025,13.0,,M3,8.0,256.0,,Wi-Fi,
,Trade-in Platform,CompAsia,iPad,"iPad Air 13-inch (M3, 2025)","8GB/512GB, Wi-Fi",2050,"iPad Air 13-inch (M3, 2025)",2025.0,iPad,iPad Air,,2025,13.0,,M3,8.0,512.0,,Wi-Fi,
,Trade-in Platform,CompAsia,iPad,"iPad Air 13-inch (M3, 2025)","8GB/128GB, Cellular",1875,"iPad Air 13-inch (M3, 2025)",2025.0,iPad,iPad Air,,2025,13.0,,M3,8.0,128.0,,Cellular,
,Trade-in Platform,CompAsia,iPad,"iPad Air 13-inch (M3, 2025)","8GB/1TB, Cellular",2700,"iPad Air 13-inch (M3, 2025)",2025.0,iPad,iPad Air,,2025,13.0,,M3,8.0,1024.0,,Cellular,
,Trade-in Platform,CompAsia,iPad,"iPad Air 13-inch (M3, 2025)","8GB/256GB, Cellular",2100,"iPad Air 13-inch (M3, 2025)",2025.0,iPad,iPad Air,,2025,13.0,,M3,8.0,256.0,,Cellular,
,Trade-in Platform,CompAsia,iPad,"iPad Air 13-inch (M3, 2025)","8GB/512GB, Cellular",2400,"iPad Air 13-inch (M3, 2025)",2025.0,iPad,iPad Air,,2025,13.0,,M3,8.0,512.0,,Cellular,
,Trade-in Platform,CompAsia,iPad,iPad Air 13-inch,"8GB/128GB, Wi-Fi",1250,iPad Air 13-inch,2024.0,iPad,iPad Air,,,13.0,,,8.0,128.0,,Wi-Fi,
,Trade-in Platform,CompAsia,iPad,iPad Air 13-inch,"8GB/1TB, Wi-Fi",2075,iPad Air 13-inch,2024.0,iPad,iPad Air,,,13.0,,,8.0,1024.0,,Wi-Fi,
,Trade-in Platform,CompAsia,iPad,iPad Air 13-inch,"8GB/256GB, Wi-Fi",1425,iPad Air 13-inch,2024.0,iPad,iPad Air,,,13.0,,,8.0,256.0,,Wi-Fi,
,Trade-in Platform,CompAsia,iPad,iPad Air 13-inch,"8GB/512GB, Wi-Fi",1750,iPad Air 13-inch,2024.0,iPad,iPad Air,,,13.0,,,8.0,512.0,,Wi-Fi,
,Trade-in Platform,CompAsia,iPad,iPad Air 13-inch,"8GB/128GB, Cellular",1525,iPad Air 13-inch,2024.0,iPad,iPad Air,,,13.0,,,8.0,128.0,,Cellular,
,Trade-in Platform,CompAsia,iPad,iPad Air 13-inch,"8GB/1TB, Cellular",2300,iPad Air 13-inch,2024.0,iPad,iPad Air,,,13.0,,,8.0,1024.0,,Cellular,
,Trade-in Platform,CompAsia,iPad,iPad Air 13-inch,"8GB/256GB, Cellular",1725,iPad Air 13-inch,2024.0,iPad,iPad Air,,,13.0,,,8.0,256.0,,Cellular,
,Trade-in Platform,CompAsia,iPad,iPad Air 13-inch,"8GB/512GB, Cellular",2075,iPad Air 13-inch,2024.0,iPad,iPad Air,,,13.0,,,8.0,512.0,,Cellular,
,Trade-in Platform,CompAsia,iPad,iPad Air 4,"4GB/256GB, Wi-Fi",725,iPad Air 4,2020.0,iPad,iPad Air,4.0,,,,,4.0,256.0,,Wi-Fi,
,Trade-in Platform,CompAsia,iPad,iPad Air 4,"4GB/64GB, Wi-Fi",550,iPad Air 4,2020.0,iPad,iPad Air,4.0,,,,,4.0,64.0,,Wi-Fi,
,Trade-in Platform,CompAsia,iPad,iPad Air 4,"4GB/256GB, Cellular",845,iPad Air 4,2020.0,iPad,iPad Air,4.0,,,,,4.0,256.0,,Cellular,
,Trade-in Platform,CompAsia,iPad,iPad Air 4,"4GB/64GB, Cellular",720,iPad Air 4,2020.0,iPad,iPad Air,4.0,,,,,4.0,64.0,,Cellular,
,Trade-in Platform,CompAsia,iPad,iPad Air 5,"8GB/256GB, Wi-Fi",975,iPad Air 5,2022.0,iPad,iPad Air,5.0,,,,,8.0,256.0,,Wi-Fi,
,Trade-in Platform,CompAsia,iPad,iPad Air 5,"8GB/64GB, Wi-Fi",835,iPad Air 5,2022.0,iPad,iPad Air,5.0,,,,,8.0,64.0,,Wi-Fi,
,Trade-in Platform,CompAsia,iPad,iPad Air 5,"8GB/256GB, Cellular",1075,iPad Air 5,2022.0,iPad,iPad Air,5.0,,,,,8.0,256.0,,Cellular,
,Trade-in Platform,CompAsia,iPad,iPad Air 5,"8GB/64GB, Cellular",975,iPad Air 5,2022.0,iPad,iPad Air,5.0,,,,,8.0,64.0,,Cellular,
,Trade-in Platform,CompAsia,iPad,iPad Air 6,"8GB/128GB, Wi-Fi",1150,iPad Air 6,2024.0,iPad,iPad Air,6.0,,,,,8.0,128.0,,Wi-Fi,
,Trade-in Platform,CompAsia,iPad,iPad Air 6,"8GB/1TB, Wi-Fi",1900,iPad Air 6,2024.0,iPad,iPad Air,6.0,,,,,8.0,1024.0,,Wi-Fi,
,Trade-in Platform,CompAsia,iPad,iPad Air 6,"8GB/256GB, Wi-Fi",1375,iPad Air 6,2024.0,iPad,iPad Air,6.0,,,,,8.0,256.0,,Wi-Fi,
,Trade-in Platform,CompAsia,iPad,iPad Air 6,"8GB/512GB, Wi-Fi",1575,iPad Air 6,2024.0,iPad,iPad Air,6.0,,,,,8.0,512.0,,Wi-Fi,
,Trade-in Platform,CompAsia,iPad,iPad Air 6,"8GB/128GB, Cellular",1350,iPad Air 6,2024.0,iPad,iPad Air,6.0,,,,,8.0,128.0,,Cellular,
,Trade-in Platform,CompAsia,iPad,iPad Air 6,"8GB/1TB, Cellular",2050,iPad Air 6,2024.0,iPad,iPad Air,6.0,,,,,8.0,1024.0,,Cellular,
,Trade-in Platform,CompAsia,iPad,iPad Air 6,"8GB/256GB, Cellular",1475,iPad Air 6,2024.0,iPad,iPad Air,6.0,,,,,8.0,256.0,,Cellular,
,Trade-in Platform,CompAsia,iPad,iPad Air 6,"8GB/512GB, Cellular",1800,iPad Air 6,2024.0,iPad,iPad Air,6.0,,,,,8.0,512.0,,Cellular,
,Trade-in Platform,CompAsia,iPad,iPad Mini 6,"4GB/256GB, Wi-Fi",775,iPad Mini 6,2021.0,iPad,iPad mini,6.0,,,,,4.0,256.0,,Wi-Fi,
,Trade-in Platform,CompAsia,iPad,iPad Mini 6,"4GB/64GB, Wi-Fi",585,iPad Mini 6,2021.0,iPad,iPad mini,6.0,,,,,4.0,64.0,,Wi-Fi,
,Trade-in Platform,CompAsia,iPad,iPad Mini 6,"4GB/256GB, Cellular",925,iPad Mini 6,2021.0,iPad,iPad mini,6.0,,,,,4.0,256.0,,Cellular,
,Trade-in Platform,CompAsia,iPad,iPad Mini 6,"4GB/64GB, Cellular",775,iPad Mini 6,2021.0,iPad,iPad mini,6.0,,,,,4.0,64.0,,Cellular,
,Trade-in Platform,CompAsia,iPad,iPad Mini 7,"8GB/128GB, Wi-Fi",850,iPad Mini 7,2024.0,iPad,iPad mini,7.0,,,,,8.0,128.0,,Wi-Fi,
,Trade-in Platform,CompAsia,iPad,iPad Mini 7,"8GB/256GB, Wi-Fi",1010,iPad Mini 7,2024.0,iPad,iPad mini,7.0,,,,,8.0,256.0,,Wi-Fi,
,Trade-in Platform,CompAsia,iPad,iPad Mini 7,"8GB/512GB, Wi-Fi",1375,iPad Mini 7,2024.0,iPad,iPad mini,7.0,,,,,8.0,512.0,,Wi-Fi,
,Trade-in Platform,CompAsia,iPad,iPad Mini 7,"8GB/128GB, Cellular",1050,iPad Mini 7,2024.0,iPad,iPad mini,7.0,,,,,8.0,128.0,,Cellular,
,Trade-in Platform,CompAsia,iPad,iPad Mini 7,"8GB/256GB, Cellular",1275,iPad Mini 7,2024.0,iPad,iPad mini,7.0,,,,,8.0,256.0,,Cellular,
,Trade-in Platform,CompAsia,iPad,iPad Mini 7,"8GB/512GB, Cellular",1475,iPad Mini 7,2024.0,iPad,iPad mini,7.0,,,,,8.0,512.0,,Cellular,
,Trade-in Platform,CompAsia,iPad,"iPad Pro 11-inch (2020, 2nd Gen)","6GB/128GB, Wi-Fi",700,"iPad Pro 11-inch (2020, 2nd Gen)",2020.0,iPad,iPad Pro,2.0,2020,11.0,,,6.0,128.0,,Wi-Fi,
,Trade-in Platform,CompAsia,iPad,"iPad Pro 11-inch (2020, 2nd Gen)","6GB/1TB, Wi-Fi",950,"iPad Pro 11-inch (2020, 2nd Gen)",2020.0,iPad,iPad Pro,2.0,2020,11.0,,,6.0,1024.0,,Wi-Fi,
,Trade-in Platform,CompAsia,iPad,"iPad Pro 11-inch (2020, 2nd Gen)","6GB/256GB, Wi-Fi",775,"iPad Pro 11-inch (2020, 2nd Gen)",2020.0,iPad,iPad Pro,2.0,2020,11.0,,,6.0,256.0,,Wi-Fi,
,Trade-in Platform,CompAsia,iPad,"iPad Pro 11-inch (2020, 2nd Gen)","6GB/512GB, Wi-Fi",900,"iPad Pro 11-inch (2020, 2nd Gen)",2020.0,iPad,iPad Pro,2.0,2020,11.0,,,6.0,512.0,,Wi-Fi,
,Trade-in Platform,CompAsia,iPad,"iPad Pro 11-inch (2020, 2nd Gen)","6GB/128GB, Cellular",775,"iPad Pro 11-inch (2020, 2nd Gen)",2020.0,iPad,iPad Pro,2.0,2020,11.0,,,6.0,128.0,,Cellular,
,Trade-in Platform,CompAsia,iPad,"iPad Pro 11-inch (2020, 2nd Gen)","6GB/1TB, Cellular",1075,"iPad Pro 11-inch (2020, 2nd Gen)",2020.0,iPad,iPad Pro,2.0,2020,11.0,,,6.0,1024.0,,Cellular,
,Trade-in Platform,CompAsia,iPad,"iPad Pro 11-inch (2020, 2nd Gen)","6GB/256GB, Cellular",875,"iPad Pro 11-inch (2020, 2nd Gen)",2020.0,iPad,iPad Pro,2.0,2020,11.0,,,6.0,256.0,,Cellular,
,Trade-in Platform,CompAsia,iPad,"iPad Pro 11-inch (2020, 2nd Gen)","6GB/512GB, Cellular",1050,"iPad Pro 11-inch (2020, 2nd Gen)",2020.0,iPad,iPad Pro,2.0,2020,11.0,,,6.0,512.0,,Cellular,
,Trade-in Platform,CompAsia,iPad,"iPad Pro 11-inch (2021, 3rd Gen)","1TB, Wi-Fi",1325,"iPad Pro 11-inch (2021, 3rd Gen)",2021.0,iPad,iPad Pro,3.0,2021,11.0,,,,1024.0,,Wi-Fi,
,Trade-in Platform,CompAsia,iPad,"iPad Pro 11-inch (2021, 3rd Gen)","2TB, Wi-Fi",1525,"iPad Pro 11-inch (2021, 3rd Gen)",2021.0,iPad,iPad Pro,3.0,2021,11.0,,,,2048.0,,Wi-Fi,
,Trade-in Platform,CompAsia,iPad,"iPad Pro 11-inch (2021, 3rd Gen)","8GB/128GB, Wi-Fi",975,"iPad Pro 11-inch (2021, 3rd Gen)",2021.0,iPad,iPad Pro,3.0,2021,11.0,,,8.0,128.0,,Wi-Fi,
,Trade-in Platform,CompAsia,iPad,"iPad Pro 11-inch (2021, 3rd Gen)","8GB/256GB, Wi-Fi",1150,"iPad Pro 11-inch (2021, 3rd Gen)",2021.0,iPad,iPad Pro,3.0,2021,11.0,,,8.0,256.0,,Wi-Fi,
,Trade-in Platform,CompAsia,iPad,"iPad Pro 11-inch (2021, 3rd Gen)","8GB/512GB, Wi-Fi",1275,"iPad Pro 11-inch (2021, 3rd Gen)",2021.0,iPad,iPad Pro,3.0,2021,11.0,,,8.0,512.0,,Wi-Fi,
,Trade-in Platform,CompAsia,iPad,"iPad Pro 11-inch (2021, 3rd Gen)","1TB, Cellular",1525,"iPad Pro 11-inch (2021, 3rd Gen)",2021.0,iPad,iPad Pro,3.0,2021,11.0,,,,1024.0,,Cellular,
,Trade-in Platform,CompAsia,iPad,"iPad Pro 11-inch (2021, 3rd Gen)","2TB, Cellular",1700,"iPad Pro 11-inch (2021, 3rd Gen)",2021.0,iPad,iPad Pro,3.0,2021,11.0,,,,2048.0,,Cellular,
,Trade-in Platform,CompAsia,iPad,"iPad Pro 11-inch (2021, 3rd Gen)","8GB/128GB, Cellular",1075,"iPad Pro 11-inch (2021, 3rd Gen)",2021.0,iPad,iPad Pro,3.0,2021,11.0,,,8.0,128.0,,Cellular,
,Trade-in Platform,CompAsia,iPad,"iPad Pro 11-inch (2021, 3rd Gen)","8GB/256GB, Cellular",1275,"iPad Pro 11-inch (2021, 3rd Gen)",2021.0,iPad,iPad Pro,3.0,2021,11.0,,,8.0,256.0,,Cellular,
,Trade-in Platform,CompAsia,iPad,"iPad Pro 11-inch (2021, 3rd Gen)","8GB/512GB, Cellular",1425,"iPad Pro 11-inch (2021, 3rd Gen)",2021.0,iPad,iPad Pro,3.0,2021,11.0,,,8.0,512.0,,Cellular,
,Trade-in Platform,CompAsia,iPad,"iPad Pro 11-inch (2022, 4th Gen)","1TB, Wi-Fi",1650,"iPad Pro 11-inch (2022, 4th Gen)",2022.0,iPad,iPad Pro,4.0,2022,11.0,,,,1024.0,,Wi-Fi,
,Trade-in Platform,CompAsia,iPad,"iPad Pro 11-inch (2022, 4th Gen)","2TB, Wi-Fi",1900,"iPad Pro 11-inch (2022, 4th Gen)",2022.0,iPad,iPad Pro,4.0,2022,11.0,,,,2048.0,,Wi-Fi,
,Trade-in Platform,CompAsia,iPad,"iPad Pro 11-inch (2022, 4th Gen)","8GB/128GB, Wi-Fi",1175,"iPad Pro 11-inch (2022, 4th Gen)",2022.0,iPad,iPad Pro,4.0,2022,11.0,,,8.0,128.0,,Wi-Fi,
,Trade-in Platform,CompAsia,iPad,"iPad Pro 11-inch (2022, 4th Gen)","8GB/256GB, Wi-Fi",1325,"iPad Pro 11-inch (2022, 4th Gen)",2022.0,iPad,iPad Pro,4.0,2022,11.0,,,8.0,256.0,,Wi-Fi,
,Trade-in Platform,CompAsia,iPad,"iPad Pro 11-inch (2022, 4th Gen)","8GB/512GB, Wi-Fi",1525,"iPad Pro 11-inch (2022, 4th Gen)",2022.0,iPad,iPad Pro,4.0,2022,11.0,,,8.0,512.0,,Wi-Fi,
,Trade-in Platform,CompAsia,iPad,"iPad Pro 11-inch (2022, 4th Gen)","1TB, Cellular",1750,"iPad Pro 11-inch (2022, 4th Gen)",2022.0,iPad,iPad Pro,4.0,2022,11.0,,,,1024.0,,Cellular,
,Trade-in Platform,CompAsia,iPad,"iPad Pro 11-inch (2022, 4th Gen)","2TB, Cellular",2025,"iPad Pro 11-inch (2022, 4th Gen)",2022.0,iPad,iPad Pro,4.0,2022,11.0,,,,2048.0,,Cellular,
,Trade-in Platform,CompAsia,iPad,"iPad Pro 11-inch (2022, 4th Gen)","8GB/128GB, Cellular",1350,"iPad Pro 11-inch (2022, 4th Gen)",2022.0,iPad,iPad Pro,4.0,2022,11.0,,,8.0,128.0,,Cellular,
,Trade-in Platform,CompAsia,iPad,"iPad Pro 11-inch (2022, 4th Gen)","8GB/256GB, Cellular",1475,"iPad Pro 11-inch (2022, 4th Gen)",2022.0,iPad,iPad Pro,4.0,2022,11.0,,,8.0,256.0,,Cellular,
,Trade-in Platform,CompAsia,iPad,"iPad Pro 11-inch (2022, 4th Gen)","8GB/512GB, Cellular",1650,"iPad Pro 11-inch (2022, 4th Gen)",2022.0,iPad,iPad Pro,4.0,2022,11.0,,,8.0,512.0,,Cellular,
,Trade-in Platform,CompAsia,iPad,"iPad Pro 11-inch (2024, 5th Gen)","1TB, Wi-Fi",2625,"iPad Pro 11-inch (2024, 5th Gen)",2024.0,iPad,iPad Pro,5.0,2024,11.0,,,,1024.0,,Wi-Fi,
,Trade-in Platform,CompAsia,iPad,"iPad Pro 11-inch (2024, 5th Gen)","2TB, Wi-Fi",3150,"iPad Pro 11-inch (2024, 5th Gen)",2024.0,iPad,iPad Pro,5.0,2024,11.0,,,,2048.0,,Wi-Fi,
,Trade-in Platform,CompAsia,iPad,"iPad Pro 11-inch (2024, 5th Gen)","8GB/256GB, Wi-Fi",1750,"iPad Pro 11-inch (2024, 5th Gen)",2024.0,iPad,iPad Pro,5.0,2024,11.0,,,8.0,256.0,,Wi-Fi,
,Trade-in Platform,CompAsia,iPad,"iPad Pro 11-inch (2024, 5th Gen)","8GB/512GB, Wi-Fi",2125,"iPad Pro 11-inch (2024, 5th Gen)",2024.0,iPad,iPad Pro,5.0,2024,11.0,,,8.0,512.0,,Wi-Fi,
,Trade-in Platform,CompAsia,iPad,"iPad Pro 11-inch (2024, 5th Gen)","1TB, Cellular",2900,"iPad Pro 11-inch (2024, 5th Gen)",2024.0,iPad,iPad Pro,5.0,2024,11.0,,,,1024.0,,Cellular,
,Trade-in Platform,CompAsia,iPad,"iPad Pro 11-inch (2024, 5th Gen)","2TB, Cellular",3450,"iPad Pro 11-inch (2024, 5th Gen)",2024.0,iPad,iPad Pro,5.0,2024,11.0,,,,2048.0,,Cellular,
,Trade-in Platform,CompAsia,iPad,"iPad Pro 11-inch (2024, 5th Gen)","8GB/256GB, Cellular",2050,"iPad Pro 11-inch (2024, 5th Gen)",2024.0,iPad,iPad Pro,5.0,2024,11.0,,,8.0,256.0,,Cellular,
,Trade-in Platform,CompAsia,iPad,"iPad Pro 11-inch (2024, 5th Gen)","8GB/512GB, Cellular",2375,"iPad Pro 11-inch (2024, 5th Gen)",2024.0,iPad,iPad Pro,5.0,2024,11.0,,,8.0,512.0,,Cellular,
,Trade-in Platform,CompAsia,iPad,iPad Pro 11-inch M5 (2025),"256GB, Wi-Fi",2550,iPad Pro 11-inch M5 (2025),2025.0,iPad,iPad Pro,,2025,11.0,,,,256.0,,Wi-Fi,
,Trade-in Platform,CompAsia,iPad,iPad Pro 11-inch M5 (2025),"512GB, Wi-Fi",3100,iPad Pro 11-inch M5 (2025),2025.0,iPad,iPad Pro,,2025,11.0,,,,512.0,,Wi-Fi,
,Trade-in Platform,CompAsia,iPad,iPad Pro 11-inch M5 (2025),"1TB, Wi-Fi",3950,iPad Pro 11-inch M5 (2025),2025.0,iPad,iPad Pro,,2025,11.0,,,,1024.0,,Wi-Fi,
,Trade-in Platform,CompAsia,iPad,iPad Pro 11-inch M5 (2025),"2TB, Wi-Fi",4950,iPad Pro 11-inch M5 (2025),2025.0,iPad,iPad Pro,,2025,11.0,,,,2048.0,,Wi-Fi,
,Trade-in Platform,CompAsia,iPad,iPad Pro 11-inch M5 (2025),"256GB, Cellular",3100,iPad Pro 11-inch M5 (2025),2025.0,iPad,iPad Pro,,2025,11.0,,,,256.0,,Cellular,
,Trade-in Platform,CompAsia,iPad,iPad Pro 11-inch M5 (2025),"512GB, Cellular",3575,iPad Pro 11-inch M5 (2025),2025.0,iPad,iPad Pro,,2025,11.0,,,,512.0,,Cellular,
,Trade-in Platform,CompAsia,iPad,iPad Pro 11-inch M5 (2025),"1TB, Cellular",4425,iPad Pro 11-inch M5 (2025),2025.0,iPad,iPad Pro,,2025,11.0,,,,1024.0,,Cellular,
,Trade-in Platform,CompAsia,iPad,iPad Pro 11-inch M5 (2025),"2TB, Cellular",5425,iPad Pro 11-inch M5 (2025),2025.0,iPad,iPad Pro,,2025,11.0,,,,2048.0,,Cellular,
,Trade-in Platform,CompAsia,iPad,"iPad Pro 12.9-inch (2022, 6th Gen)","1TB, Wi-Fi",1825,"iPad Pro 12.9-inch (2022, 6th Gen)",2022.0,iPad,iPad Pro,6.0,2022,12.9,,,,1024.0,,Wi-Fi,
,Trade-in Platform,CompAsia,iPad,"iPad Pro 12.9-inch (2022, 6th Gen)","2TB, Wi-Fi",2025,"iPad Pro 12.9-inch (2022, 6th Gen)",2022.0,iPad,iPad Pro,6.0,2022,12.9,,,,2048.0,,Wi-Fi,
,Trade-in Platform,CompAsia,iPad,"iPad Pro 12.9-inch (2022, 6th Gen)","8GB/128GB, Wi-Fi",1400,"iPad Pro 12.9-inch (2022, 6th Gen)",2022.0,iPad,iPad Pro,6.0,2022,12.9,,,8.0,128.0,,Wi-Fi,
,Trade-in Platform,CompAsia,iPad,"iPad Pro 12.9-inch (2022, 6th Gen)","8GB/256GB, Wi-Fi",1500,"iPad Pro 12.9-inch (2022, 6th Gen)",2022.0,iPad,iPad Pro,6.0,2022,12.9,,,8.0,256.0,,Wi-Fi,
,Trade-in Platform,CompAsia,iPad,"iPad Pro 12.9-inch (2022, 6th Gen)","8GB/512GB, Wi-Fi",1625,"iPad Pro 12.9-inch (2022, 6th Gen)",2022.0,iPad,iPad Pro,6.0,2022,12.9,,,8.0,512.0,,Wi-Fi,
,Trade-in Platform,CompAsia,iPad,"iPad Pro 12.9-inch (2022, 6th Gen)","1TB, Cellular",1875,"iPad Pro 12.9-inch (2022, 6th Gen)",2022.0,iPad,iPad Pro,6.0,2022,12.9,,,,1024.0,,Cellular,
,Trade-in Platform,CompAsia,iPad,"iPad Pro 12.9-inch (2022, 6th Gen)","2TB, Cellular",2075,"iPad Pro 12.9-inch (2022, 6th Gen)",2022.0,iPad,iPad Pro,6.0,2022,12.9,,,,2048.0,,Cellular,
,Trade-in Platform,CompAsia,iPad,"iPad Pro 12.9-inch (2022, 6th Gen)","8GB/128GB, Cellular",1525,"iPad Pro 12.9-inch (2022, 6th Gen)",2022.0,iPad,iPad Pro,6.0,2022,12.9,,,8.0,128.0,,Cellular,
,Trade-in Platform,CompAsia,iPad,"iPad Pro 12.9-inch (2022, 6th Gen)","8GB/256GB, Cellular",1650,"iPad Pro 12.9-inch (2022, 6th Gen)",2022.0,iPad,iPad Pro,6.0,2022,12.9,,,8.0,256.0,,Cellular,
,Trade-in Platform,CompAsia,iPad,"iPad Pro 12.9-inch (2022, 6th Gen)","8GB/512GB, Cellular",1800,"iPad Pro 12.9-inch (2022, 6th Gen)",2022.0,iPad,iPad Pro,6.0,2022,12.9,,,8.0,512.0,,Cellular,
,Trade-in Platform,CompAsia,iPad,"iPad Pro 13-inch (2024, 7th Gen)","1TB, Wi-Fi",3175,"iPad Pro 13-inch (2024, 7th Gen)",2024.0,iPad,iPad Pro,7.0,2024,13.0,,,,1024.0,,Wi-Fi,
,Trade-in Platform,CompAsia,iPad,"iPad Pro 13-inch (2024, 7th Gen)","2TB, Wi-Fi",3725,"iPad Pro 13-inch (2024, 7th Gen)",2024.0,iPad,iPad Pro,7.0,2024,13.0,,,,2048.0,,Wi-Fi,
,Trade-in Platform,CompAsia,iPad,"iPad Pro 13-inch (2024, 7th Gen)","8GB/256GB, Wi-Fi",2175,"iPad Pro 13-inch (2024, 7th Gen)",2024.0,iPad,iPad Pro,7.0,2024,13.0,,,8.0,256.0,,Wi-Fi,
,Trade-in Platform,CompAsia,iPad,"iPad Pro 13-inch (2024, 7th Gen)","8GB/512GB, Wi-Fi",2600,"iPad Pro 13-inch (2024, 7th Gen)",2024.0,iPad,iPad Pro,7.0,2024,13.0,,,8.0,512.0,,Wi-Fi,
,Trade-in Platform,CompAsia,iPad,"iPad Pro 13-inch (2024, 7th Gen)","1TB, Cellular",3550,"iPad Pro 13-inch (2024, 7th Gen)",2024.0,iPad,iPad Pro,7.0,2024,13.0,,,,1024.0,,Cellular,
,Trade-in Platform,CompAsia,iPad,"iPad Pro 13-inch (2024, 7th Gen)","2TB, Cellular",4100,"iPad Pro 13-inch (2024, 7th Gen)",2024.0,iPad,iPad Pro,7.0,2024,13.0,,,,2048.0,,Cellular,
,Trade-in Platform,CompAsia,iPad,"iPad Pro 13-inch (2024, 7th Gen)","8GB/256GB, Cellular",2575,"iPad Pro 13-inch (2024, 7th Gen)",2024.0,iPad,iPad Pro,7.0,2024,13.0,,,8.0,256.0,,Cellular,
,Trade-in Platform,CompAsia,iPad,"iPad Pro 13-inch (2024, 7th Gen)","8GB/512GB, Cellular",2950,"iPad Pro 13-inch (2024, 7th Gen)",2024.0,iPad,iPad Pro,7.0,2024,13.0,,,8.0,512.0,,Cellular,
,Trade-in Platform,CompAsia,iPad,iPad Pro 13-inch M5 (2025),"256GB, Wi-Fi",3275,iPad Pro 13-inch M5 (2025),2025.0,iPad,iPad Pro,,2025,13.0,,,,256.0,,Wi-Fi,
,Trade-in Platform,CompAsia,iPad,iPad Pro 13-inch M5 (2025),"512GB, Wi-Fi",3800,iPad Pro 13-inch M5 (2025),2025.0,iPad,iPad Pro,,2025,13.0,,,,512.0,,Wi-Fi,
,Trade-in Platform,CompAsia,iPad,iPad Pro 13-inch M5 (2025),"1TB, Wi-Fi",4825,iPad Pro 13-inch M5 (2025),2025.0,iPad,iPad Pro,,2025,13.0,,,,1024.0,,Wi-Fi,
,Trade-in Platform,CompAsia,iPad,iPad Pro 13-inch M5 (2025),"2TB, Wi-Fi",5825,iPad Pro 13-inch M5 (2025),2025.0,iPad,iPad Pro,,2025,13.0,,,,2048.0,,Wi-Fi,
,Trade-in Platform,CompAsia,iPad,iPad Pro 13-inch M5 (2025),"256GB, Cellular",3800,iPad Pro 13-inch M5 (2025),2025.0,iPad,iPad Pro,,2025,13.0,,,,256.0,,Cellular,
,Trade-in Platform,CompAsia,iPad,iPad Pro 13-inch M5 (2025),"512GB, Cellular",4300,iPad Pro 13-inch M5 (2025),2025.0,iPad,iPad Pro,,2025,13.0,,,,512.0,,Cellular,
,Trade-in Platform,CompAsia,iPad,iPad Pro 13-inch M5 (2025),"1TB, Cellular",5325,iPad Pro 13-inch M5 (2025),2025.0,iPad,iPad Pro,,2025,13.0,,,,1024.0,,Cellular,
,Trade-in Platform,CompAsia,iPad,iPad Pro 13-inch M5 (2025),"2TB, Cellular",6325,iPad Pro 13-inch M5 (2025),2025.0,iPad,iPad Pro,,2025,13.0,,,,2048.0,,Cellular,
,Trade-in Platform,CompAsia,iPad,iPad Pro 4 (12.9-inch),"6GB/128GB, Wi-Fi",900,iPad Pro 4 (12.9-inch),2020.0,iPad,iPad Pro,4.0,,12.9,,,6.0,128.0,,Wi-Fi,
,Trade-in Platform,CompAsia,iPad,iPad Pro 4 (12.9-inch),"6GB/1TB, Wi-Fi",1275,iPad Pro 4 (12.9-inch),2020.0,iPad,iPad Pro,4.0,,12.9,,,6.0,1024.0,,Wi-Fi,
,Trade-in Platform,CompAsia,iPad,iPad Pro 4 (12.9-inch),"6GB/256GB, Wi-Fi",1050,iPad Pro 4 (12.9-inch),2020.0,iPad,iPad Pro,4.0,,12.9,,,6.0,256.0,,Wi-Fi,
,Trade-in Platform,CompAsia,iPad,iPad Pro 4 (12.9-inch),"6GB/512GB, Wi-Fi",1175,iPad Pro 4 (12.9-inch),2020.0,iPad,iPad Pro,4.0,,12.9,,,6.0,512.0,,Wi-Fi,
,Trade-in Platform,CompAsia,iPad,iPad Pro 4 (12.9-inch),"6GB/128GB, Cellular",1050,iPad Pro 4 (12.9-inch),2020.0,iPad,iPad Pro,4.0,,12.9,,,6.0,128.0,,Cellular,
,Trade-in Platform,CompAsia,iPad,iPad Pro 4 (12.9-inch),"6GB/1TB, Cellular",1400,iPad Pro 4 (12.9-inch),2020.0,iPad,iPad Pro,4.0,,12.9,,,6.0,1024.0,,Cellular,
,Trade-in Platform,CompAsia,iPad,iPad Pro 4 (12.9-inch),"6GB/256GB, Cellular",1175,iPad Pro 4 (12.9-inch),2020.0,iPad,iPad Pro,4.0,,12.9,,,6.0,256.0,,Cellular,
,Trade-in Platform,CompAsia,iPad,iPad Pro 4 (12.9-inch),"6GB/512GB, Cellular",1325,iPad Pro 4 (12.9-inch),2020.0,iPad,iPad Pro,4.0,,12.9,,,6.0,512.0,,Cellular,
,Trade-in Platform,CompAsia,iPad,iPad Pro 5 (12.9-inch),"1TB, Wi-Fi",1475,iPad Pro 5 (12.9-inch),2021.0,iPad,iPad Pro,5.0,,12.9,,,,1024.0,,Wi-Fi,
,Trade-in Platform,CompAsia,iPad,iPad Pro 5 (12.9-inch),"2TB, Wi-Fi",1700,iPad Pro 5 (12.9-inch),2021.0,iPad,iPad Pro,5.0,,12.9,,,,2048.0,,Wi-Fi,
,Trade-in Platform,CompAsia,iPad,iPad Pro 5 (12.9-inch),"8GB/128GB, Wi-Fi",1150,iPad Pro 5 (12.9-inch),2021.0,iPad,iPad Pro,5.0,,12.9,,,8.0,128.0,,Wi-Fi,
,Trade-in Platform,CompAsia,iPad,iPad Pro 5 (12.9-inch),"8GB/256GB, Wi-Fi",1250,iPad Pro 5 (12.9-inch),2021.0,iPad,iPad Pro,5.0,,12.9,,,8.0,256.0,,Wi-Fi,
,Trade-in Platform,CompAsia,iPad,iPad Pro 5 (12.9-inch),"8GB/512GB, Wi-Fi",1350,iPad Pro 5 (12.9-inch),2021.0,iPad,iPad Pro,5.0,,12.9,,,8.0,512.0,,Wi-Fi,
,Trade-in Platform,CompAsia,iPad,iPad Pro 5 (12.9-inch),"1TB, Cellular",1625,iPad Pro 5 (12.9-inch),2021.0,iPad,iPad Pro,5.0,,12.9,,,,1024.0,,Cellular,
,Trade-in Platform,CompAsia,iPad,iPad Pro 5 (12.9-inch),"2TB, Cellular",1775,iPad Pro 5 (12.9-inch),2021.0,iPad,iPad Pro,5.0,,12.9,,,,2048.0,,Cellular,
,Trade-in Platform,CompAsia,iPad,iPad Pro 5 (12.9-inch),"8GB/128GB, Cellular",1225,iPad Pro 5 (12.9-inch),2021.0,iPad,iPad Pro,5.0,,12.9,,,8.0,128.0,,Cellular,
,Trade-in Platform,CompAsia,iPad,iPad Pro 5 (12.9-inch),"8GB/256GB, Cellular",1325,iPad Pro 5 (12.9-inch),2021.0,iPad,iPad Pro,5.0,,12.9,,,8.0,256.0,,Cellular,
,Trade-in Platform,CompAsia,iPad,iPad Pro 5 (12.9-inch),"8GB/512GB, Cellular",1475,iPad Pro 5 (12.9-inch),2021.0,iPad,iPad Pro,5.0,,12.9,,,8.0,512.0,,Cellular,
,Retailer Trade-in,iTworld,iPad,iPad 10 10.9-inch,"64GB, Cellular",690,iPad 10 10.9-inch,2022.0,iPad,iPad,10.0,,10.9,,,,64.0,,Cellular,
,Retailer Trade-in,iTworld,iPad,iPad 10 10.9-inch,"256GB, Cellular",800,iPad 10 10.9-inch,2022.0,iPad,iPad,10.0,,10.9,,,,256.0,,Cellular,
,Retailer Trade-in,iTworld,iPad,iPad 10 10.9-inch,"64GB, Wi-Fi",610,iPad 10 10.9-inch,2022.0,iPad,iPad,10.0,,10.9,,,,64.0,,Wi-Fi,
,Retailer Trade-in,iTworld,iPad,iPad 10 10.9-inch,"256GB, Wi-Fi",690,iPad 10 10.9-inch,2022.0,iPad,iPad,10.0,,10.9,,,,256.0,,Wi-Fi,
,Retailer Trade-in,iTworld,iPad,iPad 11 11-inch A16,"128GB, Cellular",840,iPad 11 11-inch A16,2025.0,iPad,iPad,11.0,,11.0,,A16,,128.0,,Cellular,
,Retailer Trade-in,iTworld,iPad,iPad 11 11-inch A16,"256GB, Cellular",1040,iPad 11 11-inch A16,2025.0,iPad,iPad,11.0,,11.0,,A16,,256.0,,Cellular,
,Retailer Trade-in,iTworld,iPad,iPad 11 11-inch A16,"512GB, Cellular",1370,iPad 11 11-inch A16,2025.0,iPad,iPad,11.0,,11.0,,A16,,512.0,,Cellular,
,Retailer Trade-in,iTworld,iPad,iPad 11 11-inch A16,"128GB, Wi-Fi",640,iPad 11 11-inch A16,2025.0,iPad,iPad,11.0,,11.0,,A16,,128.0,,Wi-Fi,
,Retailer Trade-in,iTworld,iPad,iPad 11 11-inch A16,"256GB, Wi-Fi",820,iPad 11 11-inch A16,2025.0,iPad,iPad,11.0,,11.0,,A16,,256.0,,Wi-Fi,
,Retailer Trade-in,iTworld,iPad,iPad 11 11-inch A16,"512GB, Wi-Fi",1110,iPad 11 11-inch A16,2025.0,iPad,iPad,11.0,,11.0,,A16,,512.0,,Wi-Fi,
,Retailer Trade-in,iTworld,iPad,iPad 4 9.7-inch,16GB Cellular,60,iPad 4 9.7-inch,2012.0,iPad,iPad,4.0,,9.7,,,,16.0,,Cellular,
,Retailer Trade-in,iTworld,iPad,iPad 4 9.7-inch,16GB Wi-Fi,50,iPad 4 9.7-inch,2012.0,iPad,iPad,4.0,,9.7,,,,16.0,,Wi-Fi,
,Retailer Trade-in,iTworld,iPad,iPad 4 9.7-inch,32GB Cellular,60,iPad 4 9.7-inch,2012.0,iPad,iPad,4.0,,9.7,,,,32.0,,Cellular,
,Retailer Trade-in,iTworld,iPad,iPad 4 9.7-inch,32GB Wi-Fi,50,iPad 4 9.7-inch,2012.0,iPad,iPad,4.0,,9.7,,,,32.0,,Wi-Fi,
,Retailer Trade-in,iTworld,iPad,iPad 4 9.7-inch,64GB Cellular,60,iPad 4 9.7-inch,2012.0,iPad,iPad,4.0,,9.7,,,,64.0,,Cellular,
,Retailer Trade-in,iTworld,iPad,iPad 4 9.7-inch,64GB Wi-Fi,50,iPad 4 9.7-inch,2012.0,iPad,iPad,4.0,,9.7,,,,64.0,,Wi-Fi,
,Retailer Trade-in,iTworld,iPad,iPad 4 9.7-inch,128GB Cellular,60,iPad 4 9.7-inch,2012.0,iPad,iPad,4.0,,9.7,,,,128.0,,Cellular,
,Retailer Trade-in,iTworld,iPad,iPad 4 9.7-inch,128GB Wi-Fi,50,iPad 4 9.7-inch,2012.0,iPad,iPad,4.0,,9.7,,,,128.0,,Wi-Fi,
,Retailer Trade-in,iTworld,iPad,iPad 5 9.7-inch,32GB Cellular,100,iPad 5 9.7-inch,2017.0,iPad,iPad,5.0,,9.7,,,,32.0,,Cellular,
,Retailer Trade-in,iTworld,iPad,iPad 5 9.7-inch,32GB Wi-Fi,80,iPad 5 9.7-inch,2017.0,iPad,iPad,5.0,,9.7,,,,32.0,,Wi-Fi,
,Retailer Trade-in,iTworld,iPad,iPad 5 9.7-inch,128GB Cellular,130,iPad 5 9.7-inch,2017.0,iPad,iPad,5.0,,9.7,,,,128.0,,Cellular,
,Retailer Trade-in,iTworld,iPad,iPad 5 9.7-inch,128GB Wi-Fi,100,iPad 5 9.7-inch,2017.0,iPad,iPad,5.0,,9.7,,,,128.0,,Wi-Fi,
,Retailer Trade-in,iTworld,iPad,iPad 6 9.7-inch,32GB Cellular,130,iPad 6 9.7-inch,2018.0,iPad,iPad,6.0,,9.7,,,,32.0,,Cellular,
,Retailer Trade-in,iTworld,iPad,iPad 6 9.7-inch,32GB Wi-Fi,100,iPad 6 9.7-inch,2018.0,iPad,iPad,6.0,,9.7,,,,32.0,,Wi-Fi,
,Retailer Trade-in,iTworld,iPad,iPad 6 9.7-inch,128GB Cellular,170,iPad 6 9.7-inch,2018.0,iPad,iPad,6.0,,9.7,,,,128.0,,Cellular,
,Retailer Trade-in,iTworld,iPad,iPad 6 9.7-inch,128GB Wi-Fi,130,iPad 6 9.7-inch,2018.0,iPad,iPad,6.0,,9.7,,,,128.0,,Wi-Fi,
,Retailer Trade-in,iTworld,iPad,iPad 7 10.2‑inch,32GB Cellular,170,iPad 7 10.2‑inch,2019.0,iPad,iPad,7.0,,,,,,32.0,,Cellular,
,Retailer Trade-in,iTworld,iPad,iPad 7 10.2‑inch,32GB Wi-Fi,150,iPad 7 10.2‑inch,2019.0,iPad,iPad,7.0,,,,,,32.0,,Wi-Fi,
,Retailer Trade-in,iTworld,iPad,iPad 7 10.2‑inch,128GB Cellular,340,iPad 7 10.2‑inch,2019.0,iPad,iPad,7.0,,,,,,128.0,,Cellular,
,Retailer Trade-in,iTworld,iPad,iPad 7 10.2‑inch,128GB Wi-Fi,240,iPad 7 10.2‑inch,2019.0,iPad,iPad,7.0,,,,,,128.0,,Wi-Fi,
,Retailer Trade-in,iTworld,iPad,iPad 8 10.2-inch,32GB Cellular,310,iPad 8 10.2-inch,2020.0,iPad,iPad,8.0,,10.2,,,,32.0,,Cellular,
,Retailer Trade-in,iTworld,iPad,iPad 8 10.2-inch,32GB Wi-Fi,200,iPad 8 10.2-inch,2020.0,iPad,iPad,8.0,,10.2,,,,32.0,,Wi-Fi,
,Retailer Trade-in,iTworld,iPad,iPad 8 10.2-inch,128GB Cellular,360,iPad 8 10.2-inch,2020.0,iPad,iPad,8.0,,10.2,,,,128.0,,Cellular,
,Retailer Trade-in,iTworld,iPad,iPad 8 10.2-inch,128GB Wi-Fi,260,iPad 8 10.2-inch,2020.0,iPad,iPad,8.0,,10.2,,,,128.0,,Wi-Fi,
,Retailer Trade-in,iTworld,iPad,iPad 9 10.2-inch,64GB Cellular,350,iPad 9 10.2-inch,2021.0,iPad,iPad,9.0,,10.2,,,,64.0,,Cellular,
,Retailer Trade-in,iTworld,iPad,iPad 9 10.2-inch,64GB Wi-Fi,300,iPad 9 10.2-inch,2021.0,iPad,iPad,9.0,,10.2,,,,64.0,,Wi-Fi,
,Retailer Trade-in,iTworld,iPad,iPad 9 10.2-inch,256GB Cellular,450,iPad 9 10.2-inch,2021.0,iPad,iPad,9.0,,10.2,,,,256.0,,Cellular,
,Retailer Trade-in,iTworld,iPad,iPad 9 10.2-inch,256GB Wi-Fi,400,iPad 9 10.2-inch,2021.0,iPad,iPad,9.0,,10.2,,,,256.0,,Wi-Fi,
,Retailer Trade-in,iTworld,iPad,iPad Air 1,16GB Cellular,60,iPad Air 1,2013.0,iPad,iPad Air,1.0,,,,,,16.0,,Cellular,
,Retailer Trade-in,iTworld,iPad,iPad Air 1,16GB Wi-Fi,40,iPad Air 1,2013.0,iPad,iPad Air,1.0,,,,,,16.0,,Wi-Fi,
,Retailer Trade-in,iTworld,iPad,iPad Air 1,32GB Cellular,80,iPad Air 1,2013.0,iPad,iPad Air,1.0,,,,,,32.0,,Cellular,
,Retailer Trade-in,iTworld,iPad,iPad Air 1,32GB Wi-Fi,60,iPad Air 1,2013.0,iPad,iPad Air,1.0,,,,,,32.0,,Wi-Fi,
,Retailer Trade-in,iTworld,iPad,iPad Air 1,64GB Cellular,90,iPad Air 1,2013.0,iPad,iPad Air,1.0,,,,,,64.0,,Cellular,
,Retailer Trade-in,iTworld,iPad,iPad Air 1,64GB Wi-Fi,70,iPad Air 1,2013.0,iPad,iPad Air,1.0,,,,,,64.0,,Wi-Fi,
,Retailer Trade-in,iTworld,iPad,iPad Air 1,128GB Cellular,100,iPad Air 1,2013.0,iPad,iPad Air,1.0,,,,,,128.0,,Cellular,
,Retailer Trade-in,iTworld,iPad,iPad Air 1,128GB Wi-Fi,80,iPad Air 1,2013.0,iPad,iPad Air,1.0,,,,,,128.0,,Wi-Fi,
,Retailer Trade-in,iTworld,iPad,iPad Air 2,16GB Cellular,100,iPad Air 2,2014.0,iPad,iPad Air,2.0,,,,,,16.0,,Cellular,
,Retailer Trade-in,iTworld,iPad,iPad Air 2,16GB Wi-Fi,80,iPad Air 2,2014.0,iPad,iPad Air,2.0,,,,,,16.0,,Wi-Fi,
,Retailer Trade-in,iTworld,iPad,iPad Air 2,32GB Cellular,120,iPad Air 2,2014.0,iPad,iPad Air,2.0,,,,,,32.0,,Cellular,
,Retailer Trade-in,iTworld,iPad,iPad Air 2,32GB Wi-Fi,90,iPad Air 2,2014.0,iPad,iPad Air,2.0,,,,,,32.0,,Wi-Fi,
,Retailer Trade-in,iTworld,iPad,iPad Air 2,64GB Cellular,130,iPad Air 2,2014.0,iPad,iPad Air,2.0,,,,,,64.0,,Cellular,
,Retailer Trade-in,iTworld,iPad,iPad Air 2,64GB Wi-Fi,100,iPad Air 2,2014.0,iPad,iPad Air,2.0,,,,,,64.0,,Wi-Fi,
,Retailer Trade-in,iTworld,iPad,iPad Air 2,128GB Cellular,150,iPad Air 2,2014.0,iPad,iPad Air,2.0,,,,,,128.0,,Cellular,
,Retailer Trade-in,iTworld,iPad,iPad Air 2,128GB Wi-Fi,120,iPad Air 2,2014.0,iPad,iPad Air,2.0,,,,,,128.0,,Wi-Fi,
,Retailer Trade-in,iTworld,iPad,iPad Air 3,64GB Cellular,350,iPad Air 3,2019.0,iPad,iPad Air,3.0,,,,,,64.0,,Cellular,
,Retailer Trade-in,iTworld,iPad,iPad Air 3,64GB Wi-Fi,250,iPad Air 3,2019.0,iPad,iPad Air,3.0,,,,,,64.0,,Wi-Fi,
,Retailer Trade-in,iTworld,iPad,iPad Air 3,256GB Cellular,500,iPad Air 3,2019.0,iPad,iPad Air,3.0,,,,,,256.0,,Cellular,
,Retailer Trade-in,iTworld,iPad,iPad Air 3,256GB Wi-Fi,400,iPad Air 3,2019.0,iPad,iPad Air,3.0,,,,,,256.0,,Wi-Fi,
,Retailer Trade-in,iTworld,iPad,iPad Air 4,64GB Cellular,730,iPad Air 4,2020.0,iPad,iPad Air,4.0,,,,,,64.0,,Cellular,
,Retailer Trade-in,iTworld,iPad,iPad Air 4,64GB Wi-Fi,560,iPad Air 4,2020.0,iPad,iPad Air,4.0,,,,,,64.0,,Wi-Fi,
,Retailer Trade-in,iTworld,iPad,iPad Air 4,256GB Cellular,850,iPad Air 4,2020.0,iPad,iPad Air,4.0,,,,,,256.0,,Cellular,
,Retailer Trade-in,iTworld,iPad,iPad Air 4,256GB Wi-Fi,700,iPad Air 4,2020.0,iPad,iPad Air,4.0,,,,,,256.0,,Wi-Fi,
,Retailer Trade-in,iTworld,iPad,iPad Air 5,64GB Cellular,950,iPad Air 5,2022.0,iPad,iPad Air,5.0,,,,,,64.0,,Cellular,
,Retailer Trade-in,iTworld,iPad,iPad Air 5,64GB Wi-Fi,840,iPad Air 5,2022.0,iPad,iPad Air,5.0,,,,,,64.0,,Wi-Fi,
,Retailer Trade-in,iTworld,iPad,iPad Air 5,256GB Cellular,1050,iPad Air 5,2022.0,iPad,iPad Air,5.0,,,,,,256.0,,Cellular,
,Retailer Trade-in,iTworld,iPad,iPad Air 5,256GB Wi-Fi,950,iPad Air 5,2022.0,iPad,iPad Air,5.0,,,,,,256.0,,Wi-Fi,
,Retailer Trade-in,iTworld,iPad,iPad Air 6 M2 11-inch,"128GB, Cellular",1400,iPad Air 6 M2 11-inch,2024.0,iPad,iPad Air,6.0,,11.0,,M2 ,,128.0,,Cellular,
,Retailer Trade-in,iTworld,iPad,iPad Air 6 M2 11-inch,"256GB, Cellular",1530,iPad Air 6 M2 11-inch,2024.0,iPad,iPad Air,6.0,,11.0,,M2 ,,256.0,,Cellular,
,Retailer Trade-in,iTworld,iPad,iPad Air 6 M2 11-inch,"512GB, Cellular",1650,iPad Air 6 M2 11-inch,2024.0,iPad,iPad Air,6.0,,11.0,,M2 ,,512.0,,Cellular,
,Retailer Trade-in,iTworld,iPad,iPad Air 6 M2 11-inch,"1TB, Cellular",1850,iPad Air 6 M2 11-inch,2024.0,iPad,iPad Air,6.0,,11.0,,M2 ,,1024.0,,Cellular,
,Retailer Trade-in,iTworld,iPad,iPad Air 6 M2 11-inch,"128GB, Wi-Fi",1050,iPad Air 6 M2 11-inch,2024.0,iPad,iPad Air,6.0,,11.0,,M2 ,,128.0,,Wi-Fi,
,Retailer Trade-in,iTworld,iPad,iPad Air 6 M2 11-inch,"256GB, Wi-Fi",1150,iPad Air 6 M2 11-inch,2024.0,iPad,iPad Air,6.0,,11.0,,M2 ,,256.0,,Wi-Fi,
,Retailer Trade-in,iTworld,iPad,iPad Air 6 M2 11-inch,"512GB, Wi-Fi",1300,iPad Air 6 M2 11-inch,2024.0,iPad,iPad Air,6.0,,11.0,,M2 ,,512.0,,Wi-Fi,
,Retailer Trade-in,iTworld,iPad,iPad Air 6 M2 11-inch,"1TB, Wi-Fi",1450,iPad Air 6 M2 11-inch,2024.0,iPad,iPad Air,6.0,,11.0,,M2 ,,1024.0,,Wi-Fi,
,Retailer Trade-in,iTworld,iPad,iPad Air 6 M2 13-inch,"128GB, Cellular",1580,iPad Air 6 M2 13-inch,2024.0,iPad,iPad Air,6.0,,13.0,,M2 ,,128.0,,Cellular,
,Retailer Trade-in,iTworld,iPad,iPad Air 6 M2 13-inch,"256GB, Cellular",1780,iPad Air 6 M2 13-inch,2024.0,iPad,iPad Air,6.0,,13.0,,M2 ,,256.0,,Cellular,
,Retailer Trade-in,iTworld,iPad,iPad Air 6 M2 13-inch,"512GB, Cellular",1900,iPad Air 6 M2 13-inch,2024.0,iPad,iPad Air,6.0,,13.0,,M2 ,,512.0,,Cellular,
,Retailer Trade-in,iTworld,iPad,iPad Air 6 M2 13-inch,"1TB, Cellular",2100,iPad Air 6 M2 13-inch,2024.0,iPad,iPad Air,6.0,,13.0,,M2 ,,1024.0,,Cellular,
,Retailer Trade-in,iTworld,iPad,iPad Air 6 M2 13-inch,"128GB, Wi-Fi",1300,iPad Air 6 M2 13-inch,2024.0,iPad,iPad Air,6.0,,13.0,,M2 ,,128.0,,Wi-Fi,
,Retailer Trade-in,iTworld,iPad,iPad Air 6 M2 13-inch,"256GB, Wi-Fi",1480,iPad Air 6 M2 13-inch,2024.0,iPad,iPad Air,6.0,,13.0,,M2 ,,256.0,,Wi-Fi,
,Retailer Trade-in,iTworld,iPad,iPad Air 6 M2 13-inch,"512GB, Wi-Fi",1700,iPad Air 6 M2 13-inch,2024.0,iPad,iPad Air,6.0,,13.0,,M2 ,,512.0,,Wi-Fi,
,Retailer Trade-in,iTworld,iPad,iPad Air 6 M2 13-inch,"1TB, Wi-Fi",1850,iPad Air 6 M2 13-inch,2024.0,iPad,iPad Air,6.0,,13.0,,M2 ,,1024.0,,Wi-Fi,
,Retailer Trade-in,iTworld,iPad,iPad Air 7 M3 11-inch,"128GB, Cellular",1660,iPad Air 7 M3 11-inch,2025.0,iPad,iPad Air,7.0,,11.0,,M3 ,,128.0,,Cellular,
,Retailer Trade-in,iTworld,iPad,iPad Air 7 M3 11-inch,"256GB, Cellular",1850,iPad Air 7 M3 11-inch,2025.0,iPad,iPad Air,7.0,,11.0,,M3 ,,256.0,,Cellular,
,Retailer Trade-in,iTworld,iPad,iPad Air 7 M3 11-inch,"512GB, Cellular",2100,iPad Air 7 M3 11-inch,2025.0,iPad,iPad Air,7.0,,11.0,,M3 ,,512.0,,Cellular,
,Retailer Trade-in,iTworld,iPad,iPad Air 7 M3 11-inch,"1TB, Cellular",2350,iPad Air 7 M3 11-inch,2025.0,iPad,iPad Air,7.0,,11.0,,M3 ,,1024.0,,Cellular,
,Retailer Trade-in,iTworld,iPad,iPad Air 7 M3 11-inch,"128GB, Wi-Fi",1280,iPad Air 7 M3 11-inch,2025.0,iPad,iPad Air,7.0,,11.0,,M3 ,,128.0,,Wi-Fi,
,Retailer Trade-in,iTworld,iPad,iPad Air 7 M3 11-inch,"256GB, Wi-Fi",1480,iPad Air 7 M3 11-inch,2025.0,iPad,iPad Air,7.0,,11.0,,M3 ,,256.0,,Wi-Fi,
,Retailer Trade-in,iTworld,iPad,iPad Air 7 M3 11-inch,"512GB, Wi-Fi",1700,iPad Air 7 M3 11-inch,2025.0,iPad,iPad Air,7.0,,11.0,,M3 ,,512.0,,Wi-Fi,
,Retailer Trade-in,iTworld,iPad,iPad Air 7 M3 11-inch,"1TB, Wi-Fi",1900,iPad Air 7 M3 11-inch,2025.0,iPad,iPad Air,7.0,,11.0,,M3 ,,1024.0,,Wi-Fi,
,Retailer Trade-in,iTworld,iPad,iPad Air 7 M3 13-inch,"128GB, Cellular",1930,iPad Air 7 M3 13-inch,2025.0,iPad,iPad Air,7.0,,13.0,,M3 ,,128.0,,Cellular,
,Retailer Trade-in,iTworld,iPad,iPad Air 7 M3 13-inch,"256GB, Cellular",2150,iPad Air 7 M3 13-inch,2025.0,iPad,iPad Air,7.0,,13.0,,M3 ,,256.0,,Cellular,
,Retailer Trade-in,iTworld,iPad,iPad Air 7 M3 13-inch,"512GB, Cellular",2400,iPad Air 7 M3 13-inch,2025.0,iPad,iPad Air,7.0,,13.0,,M3 ,,512.0,,Cellular,
,Retailer Trade-in,iTworld,iPad,iPad Air 7 M3 13-inch,"1TB, Cellular",2700,iPad Air 7 M3 13-inch,2025.0,iPad,iPad Air,7.0,,13.0,,M3 ,,1024.0,,Cellular,
,Retailer Trade-in,iTworld,iPad,iPad Air 7 M3 13-inch,"128GB, Wi-Fi",1680,iPad Air 7 M3 13-inch,2025.0,iPad,iPad Air,7.0,,13.0,,M3 ,,128.0,,Wi-Fi,
,Retailer Trade-in,iTworld,iPad,iPad Air 7 M3 13-inch,"256GB, Wi-Fi",1870,iPad Air 7 M3 13-inch,2025.0,iPad,iPad Air,7.0,,13.0,,M3 ,,256.0,,Wi-Fi,
,Retailer Trade-in,iTworld,iPad,iPad Air 7 M3 13-inch,"512GB, Wi-Fi",2100,iPad Air 7 M3 13-inch,2025.0,iPad,iPad Air,7.0,,13.0,,M3 ,,512.0,,Wi-Fi,
,Retailer Trade-in,iTworld,iPad,iPad Air 7 M3 13-inch,"1TB, Wi-Fi",2450,iPad Air 7 M3 13-inch,2025.0,iPad,iPad Air,7.0,,13.0,,M3 ,,1024.0,,Wi-Fi,
,Retailer Trade-in,iTworld,iPad,iPad Mini,16GB Cellular,40,iPad Mini,,iPad,iPad mini,,,,,,,16.0,,Cellular,
,Retailer Trade-in,iTworld,iPad,iPad Mini,16GB Wi-Fi,40,iPad Mini,,iPad,iPad mini,,,,,,,16.0,,Wi-Fi,
,Retailer Trade-in,iTworld,iPad,iPad Mini,32GB Cellular,40,iPad Mini,,iPad,iPad mini,,,,,,,32.0,,Cellular,
,Retailer Trade-in,iTworld,iPad,iPad Mini,32GB Wi-Fi,40,iPad Mini,,iPad,iPad mini,,,,,,,32.0,,Wi-Fi,
,Retailer Trade-in,iTworld,iPad,iPad Mini,64GB Cellular,40,iPad Mini,,iPad,iPad mini,,,,,,,64.0,,Cellular,
,Retailer Trade-in,iTworld,iPad,iPad Mini,64GB Wi-Fi,40,iPad Mini,,iPad,iPad mini,,,,,,,64.0,,Wi-Fi,
,Retailer Trade-in,iTworld,iPad,iPad Mini 2,16GB Cellular,60,iPad Mini 2,2013.0,iPad,iPad mini,2.0,,,,,,16.0,,Cellular,
,Retailer Trade-in,iTworld,iPad,iPad Mini 2,16GB Wi-Fi,40,iPad Mini 2,2013.0,iPad,iPad mini,2.0,,,,,,16.0,,Wi-Fi,
,Retailer Trade-in,iTworld,iPad,iPad Mini 2,32GB Cellular,60,iPad Mini 2,2013.0,iPad,iPad mini,2.0,,,,,,32.0,,Cellular,
,Retailer Trade-in,iTworld,iPad,iPad Mini 2,32GB Wi-Fi,40,iPad Mini 2,2013.0,iPad,iPad mini,2.0,,,,,,32.0,,Wi-Fi,
,Retailer Trade-in,iTworld,iPad,iPad Mini 2,64GB Cellular,60,iPad Mini 2,2013.0,iPad,iPad mini,2.0,,,,,,64.0,,Cellular,
,Retailer Trade-in,iTworld,iPad,iPad Mini 2,64GB Wi-Fi,40,iPad Mini 2,2013.0,iPad,iPad mini,2.0,,,,,,64.0,,Wi-Fi,
,Retailer Trade-in,iTworld,iPad,iPad Mini 2,128GB Cellular,60,iPad Mini 2,2013.0,iPad,iPad mini,2.0,,,,,,128.0,,Cellular,
,Retailer Trade-in,iTworld,iPad,iPad Mini 2,128GB Wi-Fi,40,iPad Mini 2,2013.0,iPad,iPad mini,2.0,,,,,,128.0,,Wi-Fi,
,Retailer Trade-in,iTworld,iPad,iPad Mini 3,16GB Cellular,90,iPad Mini 3,2014.0,iPad,iPad mini,3.0,,,,,,16.0,,Cellular,
,Retailer Trade-in,iTworld,iPad,iPad Mini 3,16GB Wi-Fi,80,iPad Mini 3,2014.0,iPad,iPad mini,3.0,,,,,,16.0,,Wi-Fi,
,Retailer Trade-in,iTworld,iPad,iPad Mini 3,64GB Cellular,120,iPad Mini 3,2014.0,iPad,iPad mini,3.0,,,,,,64.0,,Cellular,
,Retailer Trade-in,iTworld,iPad,iPad Mini 3,64GB Wi-Fi,100,iPad Mini 3,2014.0,iPad,iPad mini,3.0,,,,,,64.0,,Wi-Fi,
,Retailer Trade-in,iTworld,iPad,iPad Mini 3,128GB Cellular,150,iPad Mini 3,2014.0,iPad,iPad mini,3.0,,,,,,128.0,,Cellular,
,Retailer Trade-in,iTworld,iPad,iPad Mini 3,128GB Wi-Fi,130,iPad Mini 3,2014.0,iPad,iPad mini,3.0,,,,,,128.0,,Wi-Fi,
,Retailer Trade-in,iTworld,iPad,iPad Mini 4,16GB Cellular,120,iPad Mini 4,2015.0,iPad,iPad mini,4.0,,,,,,16.0,,Cellular,
,Retailer Trade-in,iTworld,iPad,iPad Mini 4,16GB Wi-Fi,100,iPad Mini 4,2015.0,iPad,iPad mini,4.0,,,,,,16.0,,Wi-Fi,
,Retailer Trade-in,iTworld,iPad,iPad Mini 4,32GB Cellular,170,iPad Mini 4,2015.0,iPad,iPad mini,4.0,,,,,,32.0,,Cellular,
,Retailer Trade-in,iTworld,iPad,iPad Mini 4,32GB Wi-Fi,140,iPad Mini 4,2015.0,iPad,iPad mini,4.0,,,,,,32.0,,Wi-Fi,
,Retailer Trade-in,iTworld,iPad,iPad Mini 4,64GB Cellular,200,iPad Mini 4,2015.0,iPad,iPad mini,4.0,,,,,,64.0,,Cellular,
,Retailer Trade-in,iTworld,iPad,iPad Mini 4,64GB Wi-Fi,170,iPad Mini 4,2015.0,iPad,iPad mini,4.0,,,,,,64.0,,Wi-Fi,
,Retailer Trade-in,iTworld,iPad,iPad Mini 4,128GB Cellular,250,iPad Mini 4,2015.0,iPad,iPad mini,4.0,,,,,,128.0,,Cellular,
,Retailer Trade-in,iTworld,iPad,iPad Mini 4,128GB Wi-Fi,200,iPad Mini 4,2015.0,iPad,iPad mini,4.0,,,,,,128.0,,Wi-Fi,
,Retailer Trade-in,iTworld,iPad,iPad Mini 5,64GB Cellular,350,iPad Mini 5,2019.0,iPad,iPad mini,5.0,,,,,,64.0,,Cellular,
,Retailer Trade-in,iTworld,iPad,iPad Mini 5,64GB Wi-Fi,300,iPad Mini 5,2019.0,iPad,iPad mini,5.0,,,,,,64.0,,Wi-Fi,
,Retailer Trade-in,iTworld,iPad,iPad Mini 5,256GB Cellular,400,iPad Mini 5,2019.0,iPad,iPad mini,5.0,,,,,,256.0,,Cellular,
,Retailer Trade-in,iTworld,iPad,iPad Mini 5,256GB Wi-Fi,350,iPad Mini 5,2019.0,iPad,iPad mini,5.0,,,,,,256.0,,Wi-Fi,
,Retailer Trade-in,iTworld,iPad,iPad Mini 6,64GB Cellular,800,iPad Mini 6,2021.0,iPad,iPad mini,6.0,,,,,,64.0,,Cellular,
,Retailer Trade-in,iTworld,iPad,iPad Mini 6,64GB Wi-Fi,590,iPad Mini 6,2021.0,iPad,iPad mini,6.0,,,,,,64.0,,Wi-Fi,
,Retailer Trade-in,iTworld,iPad,iPad Mini 6,256GB Cellular,900,iPad Mini 6,2021.0,iPad,iPad mini,6.0,,,,,,256.0,,Cellular,
,Retailer Trade-in,iTworld,iPad,iPad Mini 6,256GB Wi-Fi,700,iPad Mini 6,2021.0,iPad,iPad mini,6.0,,,,,,256.0,,Wi-Fi,
,Retailer Trade-in,iTworld,iPad,iPad Mini 7,"128GB, Cellular",1070,iPad Mini 7,2024.0,iPad,iPad mini,7.0,,,,,,128.0,,Cellular,
,Retailer Trade-in,iTworld,iPad,iPad Mini 7,"256GB, Cellular",1290,iPad Mini 7,2024.0,iPad,iPad mini,7.0,,,,,,256.0,,Cellular,
,Retailer Trade-in,iTworld,iPad,iPad Mini 7,"512GB, Cellular",1520,iPad Mini 7,2024.0,iPad,iPad mini,7.0,,,,,,512.0,,Cellular,
,Retailer Trade-in,iTworld,iPad,iPad Mini 7,"128GB, Wi-Fi",890,iPad Mini 7,2024.0,iPad,iPad mini,7.0,,,,,,128.0,,Wi-Fi,
,Retailer Trade-in,iTworld,iPad,iPad Mini 7,"256GB, Wi-Fi",1010,iPad Mini 7,2024.0,iPad,iPad mini,7.0,,,,,,256.0,,Wi-Fi,
,Retailer Trade-in,iTworld,iPad,iPad Mini 7,"512GB, Wi-Fi",1350,iPad Mini 7,2024.0,iPad,iPad mini,7.0,,,,,,512.0,,Wi-Fi,
,Retailer Trade-in,iTworld,iPad,iPad Pro 10.5‑inch 2017,64GB Cellular,200,iPad Pro 10.5‑inch 2017,2017.0,iPad,iPad Pro,10.0,2017,,,,,64.0,,Cellular,
,Retailer Trade-in,iTworld,iPad,iPad Pro 10.5‑inch 2017,64GB Wi-Fi,150,iPad Pro 10.5‑inch 2017,2017.0,iPad,iPad Pro,10.0,2017,,,,,64.0,,Wi-Fi,
,Retailer Trade-in,iTworld,iPad,iPad Pro 10.5‑inch 2017,256GB Cellular,300,iPad Pro 10.5‑inch 2017,2017.0,iPad,iPad Pro,10.0,2017,,,,,256.0,,Cellular,
,Retailer Trade-in,iTworld,iPad,iPad Pro 10.5‑inch 2017,256GB Wi-Fi,250,iPad Pro 10.5‑inch 2017,2017.0,iPad,iPad Pro,10.0,2017,,,,,256.0,,Wi-Fi,
,Retailer Trade-in,iTworld,iPad,iPad Pro 10.5‑inch 2017,512GB Cellular,350,iPad Pro 10.5‑inch 2017,2017.0,iPad,iPad Pro,10.0,2017,,,,,512.0,,Cellular,
,Retailer Trade-in,iTworld,iPad,iPad Pro 10.5‑inch 2017,512GB Wi-Fi,300,iPad Pro 10.5‑inch 2017,2017.0,iPad,iPad Pro,10.0,2017,,,,,512.0,,Wi-Fi,
,Retailer Trade-in,iTworld,iPad,iPad Pro 11-inch (Gen 2) 2020,128GB Cellular,830,iPad Pro 11-inch (Gen 2) 2020,2020.0,iPad,iPad Pro,2.0,2020,11.0,,,,128.0,,Cellular,
,Retailer Trade-in,iTworld,iPad,iPad Pro 11-inch (Gen 2) 2020,128GB Wi-Fi,750,iPad Pro 11-inch (Gen 2) 2020,2020.0,iPad,iPad Pro,2.0,2020,11.0,,,,128.0,,Wi-Fi,
,Retailer Trade-in,iTworld,iPad,iPad Pro 11-inch (Gen 2) 2020,256GB Cellular,930,iPad Pro 11-inch (Gen 2) 2020,2020.0,iPad,iPad Pro,2.0,2020,11.0,,,,256.0,,Cellular,
,Retailer Trade-in,iTworld,iPad,iPad Pro 11-inch (Gen 2) 2020,256GB Wi-Fi,830,iPad Pro 11-inch (Gen 2) 2020,2020.0,iPad,iPad Pro,2.0,2020,11.0,,,,256.0,,Wi-Fi,
,Retailer Trade-in,iTworld,iPad,iPad Pro 11-inch (Gen 2) 2020,512GB Cellular,1100,iPad Pro 11-inch (Gen 2) 2020,2020.0,iPad,iPad Pro,2.0,2020,11.0,,,,512.0,,Cellular,
,Retailer Trade-in,iTworld,iPad,iPad Pro 11-inch (Gen 2) 2020,512GB Wi-Fi,950,iPad Pro 11-inch (Gen 2) 2020,2020.0,iPad,iPad Pro,2.0,2020,11.0,,,,512.0,,Wi-Fi,
,Retailer Trade-in,iTworld,iPad,iPad Pro 11-inch (Gen 2) 2020,1TB Cellular,1130,iPad Pro 11-inch (Gen 2) 2020,2020.0,iPad,iPad Pro,2.0,2020,11.0,,,,1024.0,,Cellular,
,Retailer Trade-in,iTworld,iPad,iPad Pro 11-inch (Gen 2) 2020,1TB Wi-Fi,1000,iPad Pro 11-inch (Gen 2) 2020,2020.0,iPad,iPad Pro,2.0,2020,11.0,,,,1024.0,,Wi-Fi,
,Retailer Trade-in,iTworld,iPad,iPad Pro 11-inch (Gen 3) 2021,128GB Cellular,1130,iPad Pro 11-inch (Gen 3) 2021,2021.0,iPad,iPad Pro,3.0,2021,11.0,,,,128.0,,Cellular,
,Retailer Trade-in,iTworld,iPad,iPad Pro 11-inch (Gen 3) 2021,128GB Wi-Fi,1030,iPad Pro 11-inch (Gen 3) 2021,2021.0,iPad,iPad Pro,3.0,2021,11.0,,,,128.0,,Wi-Fi,
,Retailer Trade-in,iTworld,iPad,iPad Pro 11-inch (Gen 3) 2021,256GB Cellular,1320,iPad Pro 11-inch (Gen 3) 2021,2021.0,iPad,iPad Pro,3.0,2021,11.0,,,,256.0,,Cellular,
,Retailer Trade-in,iTworld,iPad,iPad Pro 11-inch (Gen 3) 2021,256GB Wi-Fi,1200,iPad Pro 11-inch (Gen 3) 2021,2021.0,iPad,iPad Pro,3.0,2021,11.0,,,,256.0,,Wi-Fi,
,Retailer Trade-in,iTworld,iPad,iPad Pro 11-inch (Gen 3) 2021,512GB Cellular,1480,iPad Pro 11-inch (Gen 3) 2021,2021.0,iPad,iPad Pro,3.0,2021,11.0,,,,512.0,,Cellular,
,Retailer Trade-in,iTworld,iPad,iPad Pro 11-inch (Gen 3) 2021,512GB Wi-Fi,1330,iPad Pro 11-inch (Gen 3) 2021,2021.0,iPad,iPad Pro,3.0,2021,11.0,,,,512.0,,Wi-Fi,
,Retailer Trade-in,iTworld,iPad,iPad Pro 11-inch (Gen 3) 2021,1TB Cellular,1560,iPad Pro 11-inch (Gen 3) 2021,2021.0,iPad,iPad Pro,3.0,2021,11.0,,,,1024.0,,Cellular,
,Retailer Trade-in,iTworld,iPad,iPad Pro 11-inch (Gen 3) 2021,1TB Wi-Fi,1370,iPad Pro 11-inch (Gen 3) 2021,2021.0,iPad,iPad Pro,3.0,2021,11.0,,,,1024.0,,Wi-Fi,
,Retailer Trade-in,iTworld,iPad,iPad Pro 11-inch (Gen 3) 2021,2TB Cellular,1750,iPad Pro 11-inch (Gen 3) 2021,2021.0,iPad,iPad Pro,3.0,2021,11.0,,,,2048.0,,Cellular,
,Retailer Trade-in,iTworld,iPad,iPad Pro 11-inch (Gen 3) 2021,2TB Wi-Fi,1560,iPad Pro 11-inch (Gen 3) 2021,2021.0,iPad,iPad Pro,3.0,2021,11.0,,,,2048.0,,Wi-Fi,
,Retailer Trade-in,iTworld,iPad,iPad Pro 11-inch M2 (Gen 4) 2022,128GB Cellular,1400,iPad Pro 11-inch M2 (Gen 4) 2022,2022.0,iPad,iPad Pro,4.0,2022,11.0,,M2,,128.0,,Cellular,
,Retailer Trade-in,iTworld,iPad,iPad Pro 11-inch M2 (Gen 4) 2022,128GB Wi-Fi,1230,iPad Pro 11-inch M2 (Gen 4) 2022,2022.0,iPad,iPad Pro,4.0,2022,11.0,,M2,,128.0,,Wi-Fi,
,Retailer Trade-in,iTworld,iPad,iPad Pro 11-inch M2 (Gen 4) 2022,256GB Cellular,1530,iPad Pro 11-inch M2 (Gen 4) 2022,2022.0,iPad,iPad Pro,4.0,2022,11.0,,M2,,256.0,,Cellular,
,Retailer Trade-in,iTworld,iPad,iPad Pro 11-inch M2 (Gen 4) 2022,256GB Wi-Fi,1380,iPad Pro 11-inch M2 (Gen 4) 2022,2022.0,iPad,iPad Pro,4.0,2022,11.0,,M2,,256.0,,Wi-Fi,
,Retailer Trade-in,iTworld,iPad,iPad Pro 11-inch M2 (Gen 4) 2022,512GB Cellular,1650,iPad Pro 11-inch M2 (Gen 4) 2022,2022.0,iPad,iPad Pro,4.0,2022,11.0,,M2,,512.0,,Cellular,
,Retailer Trade-in,iTworld,iPad,iPad Pro 11-inch M2 (Gen 4) 2022,512GB Wi-Fi,1500,iPad Pro 11-inch M2 (Gen 4) 2022,2022.0,iPad,iPad Pro,4.0,2022,11.0,,M2,,512.0,,Wi-Fi,
,Retailer Trade-in,iTworld,iPad,iPad Pro 11-inch M2 (Gen 4) 2022,1TB Cellular,1750,iPad Pro 11-inch M2 (Gen 4) 2022,2022.0,iPad,iPad Pro,4.0,2022,11.0,,M2,,1024.0,,Cellular,
,Retailer Trade-in,iTworld,iPad,iPad Pro 11-inch M2 (Gen 4) 2022,1TB Wi-Fi,1600,iPad Pro 11-inch M2 (Gen 4) 2022,2022.0,iPad,iPad Pro,4.0,2022,11.0,,M2,,1024.0,,Wi-Fi,
,Retailer Trade-in,iTworld,iPad,iPad Pro 11-inch M2 (Gen 4) 2022,2TB Cellular,1950,iPad Pro 11-inch M2 (Gen 4) 2022,2022.0,iPad,iPad Pro,4.0,2022,11.0,,M2,,2048.0,,Cellular,
,Retailer Trade-in,iTworld,iPad,iPad Pro 11-inch M2 (Gen 4) 2022,2TB Wi-Fi,1800,iPad Pro 11-inch M2 (Gen 4) 2022,2022.0,iPad,iPad Pro,4.0,2022,11.0,,M2,,2048.0,,Wi-Fi,
,Retailer Trade-in,iTworld,iPad,iPad Pro 11-inch M4 (Gen 5) 2024 Nano Glass,"1TB, Cellular",3000,iPad Pro 11-inch M4 (Gen 5) 2024 Nano Glass,2024.0,iPad,iPad Pro,5.0,2024,11.0,,M4,,1024.0,,Cellular,
,Retailer Trade-in,iTworld,iPad,iPad Pro 11-inch M4 (Gen 5) 2024 Nano Glass,"2TB, Cellular",3550,iPad Pro 11-inch M4 (Gen 5) 2024 Nano Glass,2024.0,iPad,iPad Pro,5.0,2024,11.0,,M4,,2048.0,,Cellular,
,Retailer Trade-in,iTworld,iPad,iPad Pro 11-inch M4 (Gen 5) 2024 Standard Glass,"256GB, Cellular",2100,iPad Pro 11-inch M4 (Gen 5) 2024 Standard Glass,2024.0,iPad,iPad Pro,5.0,2024,11.0,,M4,,256.0,,Cellular,
,Retailer Trade-in,iTworld,iPad,iPad Pro 11-inch M4 (Gen 5) 2024 Standard Glass,"512GB, Cellular",2430,iPad Pro 11-inch M4 (Gen 5) 2024 Standard Glass,2024.0,iPad,iPad Pro,5.0,2024,11.0,,M4,,512.0,,Cellular,
,Retailer Trade-in,iTworld,iPad,iPad Pro 11-inch M4 (Gen 5) 2024 Standard Glass,"1TB, Cellular",2950,iPad Pro 11-inch M4 (Gen 5) 2024 Standard Glass,2024.0,iPad,iPad Pro,5.0,2024,11.0,,M4,,1024.0,,Cellular,
,Retailer Trade-in,iTworld,iPad,iPad Pro 11-inch M4 (Gen 5) 2024 Standard Glass,"2TB, Cellular",3500,iPad Pro 11-inch M4 (Gen 5) 2024 Standard Glass,2024.0,iPad,iPad Pro,5.0,2024,11.0,,M4,,2048.0,,Cellular,
,Retailer Trade-in,iTworld,iPad,iPad Pro 11-inch M4 (Gen 5) 2024 Nano Glass,"1TB, Wi-Fi",2700,iPad Pro 11-inch M4 (Gen 5) 2024 Nano Glass,2024.0,iPad,iPad Pro,5.0,2024,11.0,,M4,,1024.0,,Wi-Fi,
,Retailer Trade-in,iTworld,iPad,iPad Pro 11-inch M4 (Gen 5) 2024 Nano Glass,"2TB, Wi-Fi",3250,iPad Pro 11-inch M4 (Gen 5) 2024 Nano Glass,2024.0,iPad,iPad Pro,5.0,2024,11.0,,M4,,2048.0,,Wi-Fi,
,Retailer Trade-in,iTworld,iPad,iPad Pro 11-inch M4 (Gen 5) 2024 Standard Glass,"256GB, Wi-Fi",1800,iPad Pro 11-inch M4 (Gen 5) 2024 Standard Glass,2024.0,iPad,iPad Pro,5.0,2024,11.0,,M4,,256.0,,Wi-Fi,
,Retailer Trade-in,iTworld,iPad,iPad Pro 11-inch M4 (Gen 5) 2024 Standard Glass,"512GB, Wi-Fi",2180,iPad Pro 11-inch M4 (Gen 5) 2024 Standard Glass,2024.0,iPad,iPad Pro,5.0,2024,11.0,,M4,,512.0,,Wi-Fi,
,Retailer Trade-in,iTworld,iPad,iPad Pro 11-inch M4 (Gen 5) 2024 Standard Glass,"1TB, Wi-Fi",2680,iPad Pro 11-inch M4 (Gen 5) 2024 Standard Glass,2024.0,iPad,iPad Pro,5.0,2024,11.0,,M4,,1024.0,,Wi-Fi,
,Retailer Trade-in,iTworld,iPad,iPad Pro 11-inch M4 (Gen 5) 2024 Standard Glass,"2TB, Wi-Fi",3210,iPad Pro 11-inch M4 (Gen 5) 2024 Standard Glass,2024.0,iPad,iPad Pro,5.0,2024,11.0,,M4,,2048.0,,Wi-Fi,
,Retailer Trade-in,iTworld,iPad,iPad Pro 11‑inch (Gen 1) 2018,64GB Cellular,650,iPad Pro 11‑inch (Gen 1) 2018,2018.0,iPad,iPad Pro,1.0,2018,,,,,64.0,,Cellular,
,Retailer Trade-in,iTworld,iPad,iPad Pro 11‑inch (Gen 1) 2018,64GB Wi-Fi,550,iPad Pro 11‑inch (Gen 1) 2018,2018.0,iPad,iPad Pro,1.0,2018,,,,,64.0,,Wi-Fi,
,Retailer Trade-in,iTworld,iPad,iPad Pro 11‑inch (Gen 1) 2018,256GB Cellular,750,iPad Pro 11‑inch (Gen 1) 2018,2018.0,iPad,iPad Pro,1.0,2018,,,,,256.0,,Cellular,
,Retailer Trade-in,iTworld,iPad,iPad Pro 11‑inch (Gen 1) 2018,256GB Wi-Fi,650,iPad Pro 11‑inch (Gen 1) 2018,2018.0,iPad,iPad Pro,1.0,2018,,,,,256.0,,Wi-Fi,
,Retailer Trade-in,iTworld,iPad,iPad Pro 11‑inch (Gen 1) 2018,512GB Cellular,850,iPad Pro 11‑inch (Gen 1) 2018,2018.0,iPad,iPad Pro,1.0,2018,,,,,512.0,,Cellular,
,Retailer Trade-in,iTworld,iPad,iPad Pro 11‑inch (Gen 1) 2018,512GB Wi-Fi,750,iPad Pro 11‑inch (Gen 1) 2018,2018.0,iPad,iPad Pro,1.0,2018,,,,,512.0,,Wi-Fi,
,Retailer Trade-in,iTworld,iPad,iPad Pro 11‑inch (Gen 1) 2018,1TB Cellular,950,iPad Pro 11‑inch (Gen 1) 2018,2018.0,iPad,iPad Pro,1.0,2018,,,,,1024.0,,Cellular,
,Retailer Trade-in,iTworld,iPad,iPad Pro 11‑inch (Gen 1) 2018,1TB Wi-Fi,850,iPad Pro 11‑inch (Gen 1) 2018,2018.0,iPad,iPad Pro,1.0,2018,,,,,1024.0,,Wi-Fi,
,Retailer Trade-in,iTworld,iPad,iPad Pro 12.9-inch (Gen 1) 2015,32GB Cellular,190,iPad Pro 12.9-inch (Gen 1) 2015,2015.0,iPad,iPad Pro,1.0,2015,12.9,,,,32.0,,Cellular,
,Retailer Trade-in,iTworld,iPad,iPad Pro 12.9-inch (Gen 1) 2015,32GB Wi-Fi,160,iPad Pro 12.9-inch (Gen 1) 2015,2015.0,iPad,iPad Pro,1.0,2015,12.9,,,,32.0,,Wi-Fi,
,Retailer Trade-in,iTworld,iPad,iPad Pro 12.9-inch (Gen 5) 2021,128GB Cellular,1280,iPad Pro 12.9-inch (Gen 5) 2021,2021.0,iPad,iPad Pro,5.0,2021,12.9,,,,128.0,,Cellular,
,Retailer Trade-in,iTworld,iPad,iPad Pro 12.9-inch (Gen 5) 2021,128GB Wi-Fi,1180,iPad Pro 12.9-inch (Gen 5) 2021,2021.0,iPad,iPad Pro,5.0,2021,12.9,,,,128.0,,Wi-Fi,
,Retailer Trade-in,iTworld,iPad,iPad Pro 12.9-inch (Gen 5) 2021,256GB Cellular,1380,iPad Pro 12.9-inch (Gen 5) 2021,2021.0,iPad,iPad Pro,5.0,2021,12.9,,,,256.0,,Cellular,
,Retailer Trade-in,iTworld,iPad,iPad Pro 12.9-inch (Gen 5) 2021,256GB Wi-Fi,1300,iPad Pro 12.9-inch (Gen 5) 2021,2021.0,iPad,iPad Pro,5.0,2021,12.9,,,,256.0,,Wi-Fi,
,Retailer Trade-in,iTworld,iPad,iPad Pro 12.9-inch (Gen 5) 2021,512GB Cellular,1510,iPad Pro 12.9-inch (Gen 5) 2021,2021.0,iPad,iPad Pro,5.0,2021,12.9,,,,512.0,,Cellular,
,Retailer Trade-in,iTworld,iPad,iPad Pro 12.9-inch (Gen 5) 2021,512GB Wi-Fi,1400,iPad Pro 12.9-inch (Gen 5) 2021,2021.0,iPad,iPad Pro,5.0,2021,12.9,,,,512.0,,Wi-Fi,
,Retailer Trade-in,iTworld,iPad,iPad Pro 12.9-inch (Gen 5) 2021,1TB Cellular,1660,iPad Pro 12.9-inch (Gen 5) 2021,2021.0,iPad,iPad Pro,5.0,2021,12.9,,,,1024.0,,Cellular,
,Retailer Trade-in,iTworld,iPad,iPad Pro 12.9-inch (Gen 5) 2021,1TB Wi-Fi,1510,iPad Pro 12.9-inch (Gen 5) 2021,2021.0,iPad,iPad Pro,5.0,2021,12.9,,,,1024.0,,Wi-Fi,
,Retailer Trade-in,iTworld,iPad,iPad Pro 12.9-inch (Gen 5) 2021,2TB Cellular,1810,iPad Pro 12.9-inch (Gen 5) 2021,2021.0,iPad,iPad Pro,5.0,2021,12.9,,,,2048.0,,Cellular,
,Retailer Trade-in,iTworld,iPad,iPad Pro 12.9-inch (Gen 5) 2021,2TB Wi-Fi,1740,iPad Pro 12.9-inch (Gen 5) 2021,2021.0,iPad,iPad Pro,5.0,2021,12.9,,,,2048.0,,Wi-Fi,
,Retailer Trade-in,iTworld,iPad,iPad Pro 12.9-inch M2 (Gen 6) 2022,128GB Cellular,1580,iPad Pro 12.9-inch M2 (Gen 6) 2022,2022.0,iPad,iPad Pro,6.0,2022,12.9,,M2,,128.0,,Cellular,
,Retailer Trade-in,iTworld,iPad,iPad Pro 12.9-inch M2 (Gen 6) 2022,128GB Wi-Fi,1430,iPad Pro 12.9-inch M2 (Gen 6) 2022,2022.0,iPad,iPad Pro,6.0,2022,12.9,,M2,,128.0,,Wi-Fi,
,Retailer Trade-in,iTworld,iPad,iPad Pro 12.9-inch M2 (Gen 6) 2022,256GB Cellular,1700,iPad Pro 12.9-inch M2 (Gen 6) 2022,2022.0,iPad,iPad Pro,6.0,2022,12.9,,M2,,256.0,,Cellular,
,Retailer Trade-in,iTworld,iPad,iPad Pro 12.9-inch M2 (Gen 6) 2022,256GB Wi-Fi,1550,iPad Pro 12.9-inch M2 (Gen 6) 2022,2022.0,iPad,iPad Pro,6.0,2022,12.9,,M2,,256.0,,Wi-Fi,
,Retailer Trade-in,iTworld,iPad,iPad Pro 12.9-inch M2 (Gen 6) 2022,512GB Cellular,1850,iPad Pro 12.9-inch M2 (Gen 6) 2022,2022.0,iPad,iPad Pro,6.0,2022,12.9,,M2,,512.0,,Cellular,
,Retailer Trade-in,iTworld,iPad,iPad Pro 12.9-inch M2 (Gen 6) 2022,512GB Wi-Fi,1680,iPad Pro 12.9-inch M2 (Gen 6) 2022,2022.0,iPad,iPad Pro,6.0,2022,12.9,,M2,,512.0,,Wi-Fi,
,Retailer Trade-in,iTworld,iPad,iPad Pro 12.9-inch M2 (Gen 6) 2022,1TB Cellular,1930,iPad Pro 12.9-inch M2 (Gen 6) 2022,2022.0,iPad,iPad Pro,6.0,2022,12.9,,M2,,1024.0,,Cellular,
,Retailer Trade-in,iTworld,iPad,iPad Pro 12.9-inch M2 (Gen 6) 2022,1TB Wi-Fi,1880,iPad Pro 12.9-inch M2 (Gen 6) 2022,2022.0,iPad,iPad Pro,6.0,2022,12.9,,M2,,1024.0,,Wi-Fi,
,Retailer Trade-in,iTworld,iPad,iPad Pro 12.9-inch M2 (Gen 6) 2022,2TB Cellular,2130,iPad Pro 12.9-inch M2 (Gen 6) 2022,2022.0,iPad,iPad Pro,6.0,2022,12.9,,M2,,2048.0,,Cellular,
,Retailer Trade-in,iTworld,iPad,iPad Pro 12.9-inch M2 (Gen 6) 2022,2TB Wi-Fi,2080,iPad Pro 12.9-inch M2 (Gen 6) 2022,2022.0,iPad,iPad Pro,6.0,2022,12.9,,M2,,2048.0,,Wi-Fi,
,Retailer Trade-in,iTworld,iPad,iPad Pro 12.9-inch (Gen 1) 2015,128GB Cellular,200,iPad Pro 12.9-inch (Gen 1) 2015,2015.0,iPad,iPad Pro,1.0,2015,12.9,,,,128.0,,Cellular,
,Retailer Trade-in,iTworld,iPad,iPad Pro 12.9-inch (Gen 1) 2015,128GB Wi-Fi,170,iPad Pro 12.9-inch (Gen 1) 2015,2015.0,iPad,iPad Pro,1.0,2015,12.9,,,,128.0,,Wi-Fi,
,Retailer Trade-in,iTworld,iPad,iPad Pro 12.9-inch (Gen 1) 2015,256GB Cellular,250,iPad Pro 12.9-inch (Gen 1) 2015,2015.0,iPad,iPad Pro,1.0,2015,12.9,,,,256.0,,Cellular,
,Retailer Trade-in,iTworld,iPad,iPad Pro 12.9-inch (Gen 1) 2015,256GB Wi-Fi,200,iPad Pro 12.9-inch (Gen 1) 2015,2015.0,iPad,iPad Pro,1.0,2015,12.9,,,,256.0,,Wi-Fi,
,Retailer Trade-in,iTworld,iPad,iPad Pro 12.9‑inch (Gen 2) 2017,64GB Cellular,410,iPad Pro 12.9‑inch (Gen 2) 2017,2017.0,iPad,iPad Pro,2.0,2017,,,,,64.0,,Cellular,
,Retailer Trade-in,iTworld,iPad,iPad Pro 12.9‑inch (Gen 2) 2017,64GB Wi-Fi,380,iPad Pro 12.9‑inch (Gen 2) 2017,2017.0,iPad,iPad Pro,2.0,2017,,,,,64.0,,Wi-Fi,
,Retailer Trade-in,iTworld,iPad,iPad Pro 12.9‑inch (Gen 2) 2017,256GB Cellular,480,iPad Pro 12.9‑inch (Gen 2) 2017,2017.0,iPad,iPad Pro,2.0,2017,,,,,256.0,,Cellular,
,Retailer Trade-in,iTworld,iPad,iPad Pro 12.9‑inch (Gen 2) 2017,256GB Wi-Fi,430,iPad Pro 12.9‑inch (Gen 2) 2017,2017.0,iPad,iPad Pro,2.0,2017,,,,,256.0,,Wi-Fi,
,Retailer Trade-in,iTworld,iPad,iPad Pro 12.9‑inch (Gen 2) 2017,512GB Cellular,580,iPad Pro 12.9‑inch (Gen 2) 2017,2017.0,iPad,iPad Pro,2.0,2017,,,,,512.0,,Cellular,
,Retailer Trade-in,iTworld,iPad,iPad Pro 12.9‑inch (Gen 2) 2017,512GB Wi-Fi,560,iPad Pro 12.9‑inch (Gen 2) 2017,2017.0,iPad,iPad Pro,2.0,2017,,,,,512.0,,Wi-Fi,
,Retailer Trade-in,iTworld,iPad,iPad Pro 12.9‑inch (Gen 3) 2018,64GB Cellular,750,iPad Pro 12.9‑inch (Gen 3) 2018,2018.0,iPad,iPad Pro,3.0,2018,,,,,64.0,,Cellular,
,Retailer Trade-in,iTworld,iPad,iPad Pro 12.9‑inch (Gen 3) 2018,64GB Wi-Fi,650,iPad Pro 12.9‑inch (Gen 3) 2018,2018.0,iPad,iPad Pro,3.0,2018,,,,,64.0,,Wi-Fi,
,Retailer Trade-in,iTworld,iPad,iPad Pro 12.9‑inch (Gen 3) 2018,256GB Cellular,850,iPad Pro 12.9‑inch (Gen 3) 2018,2018.0,iPad,iPad Pro,3.0,2018,,,,,256.0,,Cellular,
,Retailer Trade-in,iTworld,iPad,iPad Pro 12.9‑inch (Gen 3) 2018,256GB Wi-Fi,750,iPad Pro 12.9‑inch (Gen 3) 2018,2018.0,iPad,iPad Pro,3.0,2018,,,,,256.0,,Wi-Fi,
,Retailer Trade-in,iTworld,iPad,iPad Pro 12.9‑inch (Gen 3) 2018,512GB Cellular,950,iPad Pro 12.9‑inch (Gen 3) 2018,2018.0,iPad,iPad Pro,3.0,2018,,,,,512.0,,Cellular,
,Retailer Trade-in,iTworld,iPad,iPad Pro 12.9‑inch (Gen 3) 2018,512GB Wi-Fi,850,iPad Pro 12.9‑inch (Gen 3) 2018,2018.0,iPad,iPad Pro,3.0,2018,,,,,512.0,,Wi-Fi,
,Retailer Trade-in,iTworld,iPad,iPad Pro 12.9‑inch (Gen 3) 2018,1TB Cellular,1050,iPad Pro 12.9‑inch (Gen 3) 2018,2018.0,iPad,iPad Pro,3.0,2018,,,,,1024.0,,Cellular,
,Retailer Trade-in,iTworld,iPad,iPad Pro 12.9‑inch (Gen 3) 2018,1TB Wi-Fi,950,iPad Pro 12.9‑inch (Gen 3) 2018,2018.0,iPad,iPad Pro,3.0,2018,,,,,1024.0,,Wi-Fi,
,Retailer Trade-in,iTworld,iPad,iPad Pro 12.9‑inch (Gen 4) 2020,128GB Cellular,1100,iPad Pro 12.9‑inch (Gen 4) 2020,2020.0,iPad,iPad Pro,4.0,2020,,,,,128.0,,Cellular,
,Retailer Trade-in,iTworld,iPad,iPad Pro 12.9‑inch (Gen 4) 2020,128GB Wi-Fi,930,iPad Pro 12.9‑inch (Gen 4) 2020,2020.0,iPad,iPad Pro,4.0,2020,,,,,128.0,,Wi-Fi,
,Retailer Trade-in,iTworld,iPad,iPad Pro 12.9‑inch (Gen 4) 2020,256GB Cellular,1230,iPad Pro 12.9‑inch (Gen 4) 2020,2020.0,iPad,iPad Pro,4.0,2020,,,,,256.0,,Cellular,
,Retailer Trade-in,iTworld,iPad,iPad Pro 12.9‑inch (Gen 4) 2020,256GB Wi-Fi,1100,iPad Pro 12.9‑inch (Gen 4) 2020,2020.0,iPad,iPad Pro,4.0,2020,,,,,256.0,,Wi-Fi,
,Retailer Trade-in,iTworld,iPad,iPad Pro 12.9‑inch (Gen 4) 2020,512GB Cellular,1380,iPad Pro 12.9‑inch (Gen 4) 2020,2020.0,iPad,iPad Pro,4.0,2020,,,,,512.0,,Cellular,
,Retailer Trade-in,iTworld,iPad,iPad Pro 12.9‑inch (Gen 4) 2020,512GB Wi-Fi,1230,iPad Pro 12.9‑inch (Gen 4) 2020,2020.0,iPad,iPad Pro,4.0,2020,,,,,512.0,,Wi-Fi,
,Retailer Trade-in,iTworld,iPad,iPad Pro 12.9‑inch (Gen 4) 2020,1TB Cellular,1450,iPad Pro 12.9‑inch (Gen 4) 2020,2020.0,iPad,iPad Pro,4.0,2020,,,,,1024.0,,Cellular,
,Retailer Trade-in,iTworld,iPad,iPad Pro 12.9‑inch (Gen 4) 2020,1TB Wi-Fi,1310,iPad Pro 12.9‑inch (Gen 4) 2020,2020.0,iPad,iPad Pro,4.0,2020,,,,,1024.0,,Wi-Fi,
,Retailer Trade-in,iTworld,iPad,iPad Pro 13-inch M4 (Gen 7) 2024 Nano Glass,"1TB, Cellular",3650,iPad Pro 13-inch M4 (Gen 7) 2024 Nano Glass,2024.0,iPad,iPad Pro,7.0,2024,13.0,,M4,,1024.0,,Cellular,
,Retailer Trade-in,iTworld,iPad,iPad Pro 13-inch M4 (Gen 7) 2024 Nano Glass,"2TB, Cellular",4200,iPad Pro 13-inch M4 (Gen 7) 2024 Nano Glass,2024.0,iPad,iPad Pro,7.0,2024,13.0,,M4,,2048.0,,Cellular,
,Retailer Trade-in,iTworld,iPad,iPad Pro 13-inch M4 (Gen 7) 2024 Standard Glass,"256GB, Cellular",2620,iPad Pro 13-inch M4 (Gen 7) 2024 Standard Glass,2024.0,iPad,iPad Pro,7.0,2024,13.0,,M4,,256.0,,Cellular,
,Retailer Trade-in,iTworld,iPad,iPad Pro 13-inch M4 (Gen 7) 2024 Standard Glass,"512GB, Cellular",3000,iPad Pro 13-inch M4 (Gen 7) 2024 Standard Glass,2024.0,iPad,iPad Pro,7.0,2024,13.0,,M4,,512.0,,Cellular,
,Retailer Trade-in,iTworld,iPad,iPad Pro 13-inch M4 (Gen 7) 2024 Standard Glass,"1TB, Cellular",3600,iPad Pro 13-inch M4 (Gen 7) 2024 Standard Glass,2024.0,iPad,iPad Pro,7.0,2024,13.0,,M4,,1024.0,,Cellular,
,Retailer Trade-in,iTworld,iPad,iPad Pro 13-inch M4 (Gen 7) 2024 Standard Glass,"2TB, Cellular",4150,iPad Pro 13-inch M4 (Gen 7) 2024 Standard Glass,2024.0,iPad,iPad Pro,7.0,2024,13.0,,M4,,2048.0,,Cellular,
,Retailer Trade-in,iTworld,iPad,iPad Pro 13-inch M4 (Gen 7) 2024 Nano Glass,"1TB, Wi-Fi",3250,iPad Pro 13-inch M4 (Gen 7) 2024 Nano Glass,2024.0,iPad,iPad Pro,7.0,2024,13.0,,M4,,1024.0,,Wi-Fi,
,Retailer Trade-in,iTworld,iPad,iPad Pro 13-inch M4 (Gen 7) 2024 Nano Glass,"2TB, Wi-Fi",3800,iPad Pro 13-inch M4 (Gen 7) 2024 Nano Glass,2024.0,iPad,iPad Pro,7.0,2024,13.0,,M4,,2048.0,,Wi-Fi,
,Retailer Trade-in,iTworld,iPad,iPad Pro 13-inch M4 (Gen 7) 2024 Standard Glass,"256GB, Wi-Fi",2230,iPad Pro 13-inch M4 (Gen 7) 2024 Standard Glass,2024.0,iPad,iPad Pro,7.0,2024,13.0,,M4,,256.0,,Wi-Fi,
,Retailer Trade-in,iTworld,iPad,iPad Pro 13-inch M4 (Gen 7) 2024 Standard Glass,"512GB, Wi-Fi",2650,iPad Pro 13-inch M4 (Gen 7) 2024 Standard Glass,2024.0,iPad,iPad Pro,7.0,2024,13.0,,M4,,512.0,,Wi-Fi,
,Retailer Trade-in,iTworld,iPad,iPad Pro 13-inch M4 (Gen 7) 2024 Standard Glass,"1TB, Wi-Fi",3210,iPad Pro 13-inch M4 (Gen 7) 2024 Standard Glass,2024.0,iPad,iPad Pro,7.0,2024,13.0,,M4,,1024.0,,Wi-Fi,
,Retailer Trade-in,iTworld,iPad,iPad Pro 13-inch M4 (Gen 7) 2024 Standard Glass,"2TB, Wi-Fi",3780,iPad Pro 13-inch M4 (Gen 7) 2024 Standard Glass,2024.0,iPad,iPad Pro,7.0,2024,13.0,,M4,,2048.0,,Wi-Fi,
,Retailer Trade-in,iTworld,iPad,iPad Pro 9.7‑inch 2016,32GB Cellular,160,iPad Pro 9.7‑inch 2016,2016.0,iPad,iPad Pro,9.0,2016,,,,,32.0,,Cellular,
,Retailer Trade-in,iTworld,iPad,iPad Pro 9.7‑inch 2016,32GB Wi-Fi,150,iPad Pro 9.7‑inch 2016,2016.0,iPad,iPad Pro,9.0,2016,,,,,32.0,,Wi-Fi,
,Retailer Trade-in,iTworld,iPad,iPad Pro 9.7‑inch 2016,128GB Cellular,170,iPad Pro 9.7‑inch 2016,2016.0,iPad,iPad Pro,9.0,2016,,,,,128.0,,Cellular,
,Retailer Trade-in,iTworld,iPad,iPad Pro 9.7‑inch 2016,128GB Wi-Fi,160,iPad Pro 9.7‑inch 2016,2016.0,iPad,iPad Pro,9.0,2016,,,,,128.0,,Wi-Fi,
,Retailer Trade-in,iTworld,iPad,iPad Pro 9.7‑inch 2016,256GB Cellular,210,iPad Pro 9.7‑inch 2016,2016.0,iPad,iPad Pro,9.0,2016,,,,,256.0,,Cellular,
,Retailer Trade-in,iTworld,iPad,iPad Pro 9.7‑inch 2016,256GB Wi-Fi,200,iPad Pro 9.7‑inch 2016,2016.0,iPad,iPad Pro,9.0,2016,,,,,256.0,,Wi-Fi,
,Retailer Trade-in,Machines,iPad,iPad 7,3GB/128GB Wi-Fi,225,iPad 7,2019.0,iPad,iPad,7.0,,,,,3.0,128.0,,Wi-Fi,
,Retailer Trade-in,Machines,iPad,iPad 7,3GB/32GB Wi-Fi + Cellular,150,iPad 7,2019.0,iPad,iPad,7.0,,,,,3.0,32.0,,Cellular,
,Retailer Trade-in,Machines,iPad,iPad 7,3GB/128GB Wi-Fi + Cellular,325,iPad 7,2019.0,iPad,iPad,7.0,,,,,3.0,128.0,,Cellular,
,Retailer Trade-in,Machines,iPad,iPad 8,3GB/32GB Wi-Fi,225,iPad 8,2020.0,iPad,iPad,8.0,,,,,3.0,32.0,,Wi-Fi,
,Retailer Trade-in,Machines,iPad,iPad 8,3GB/128GB Wi-Fi,300,iPad 8,2020.0,iPad,iPad,8.0,,,,,3.0,128.0,,Wi-Fi,
,Retailer Trade-in,Machines,iPad,iPad 8,3GB/32GB Wi-Fi + Cellular,300,iPad 8,2020.0,iPad,iPad,8.0,,,,,3.0,32.0,,Cellular,
,Retailer Trade-in,Machines,iPad,iPad 8,3GB/128GB Wi-Fi + Cellular,400,iPad 8,2020.0,iPad,iPad,8.0,,,,,3.0,128.0,,Cellular,
,Retailer Trade-in,Machines,iPad,iPad 9,3GB/64GB Wi-Fi,350,iPad 9,2021.0,iPad,iPad,9.0,,,,,3.0,64.0,,Wi-Fi,
,Retailer Trade-in,Machines,iPad,iPad 9,3GB/256GB Wi-Fi,525,iPad 9,2021.0,iPad,iPad,9.0,,,,,3.0,256.0,,Wi-Fi,
,Retailer Trade-in,Machines,iPad,iPad 9,3GB/64GB Wi-Fi + Cellular,525,iPad 9,2021.0,iPad,iPad,9.0,,,,,3.0,64.0,,Cellular,
,Retailer Trade-in,Machines,iPad,iPad 9,3GB/256GB Wi-Fi + Cellular,650,iPad 9,2021.0,iPad,iPad,9.0,,,,,3.0,256.0,,Cellular,
,Retailer Trade-in,Machines,iPad,iPad 10,4GB/64GB Wi-Fi,600,iPad 10,2022.0,iPad,iPad,10.0,,,,,4.0,64.0,,Wi-Fi,
,Retailer Trade-in,Machines,iPad,iPad 10,4GB/256GB Wi-Fi,800,iPad 10,2022.0,iPad,iPad,10.0,,,,,4.0,256.0,,Wi-Fi,
,Retailer Trade-in,Machines,iPad,iPad 10,4GB/64GB Wi-Fi + Cellular,750,iPad 10,2022.0,iPad,iPad,10.0,,,,,4.0,64.0,,Cellular,
,Retailer Trade-in,Machines,iPad,iPad 10,4GB/256GB Wi-Fi + Cellular,975,iPad 10,2022.0,iPad,iPad,10.0,,,,,4.0,256.0,,Cellular,
,Retailer Trade-in,Machines,iPad,iPad 11,4GB/128GB Wi-Fi,600,iPad 11,2025.0,iPad,iPad,11.0,,,,,4.0,128.0,,Wi-Fi,
,Retailer Trade-in,Machines,iPad,iPad 11,4GB/256GB Wi-Fi,775,iPad 11,2025.0,iPad,iPad,11.0,,,,,4.0,256.0,,Wi-Fi,
,Retailer Trade-in,Machines,iPad,iPad 11,4GB/512GB Wi-Fi,1075,iPad 11,2025.0,iPad,iPad,11.0,,,,,4.0,512.0,,Wi-Fi,
,Retailer Trade-in,Machines,iPad,iPad 11,4GB/128GB Wi-Fi + Cellular,800,iPad 11,2025.0,iPad,iPad,11.0,,,,,4.0,128.0,,Cellular,
,Retailer Trade-in,Machines,iPad,iPad 11,4GB/256GB Wi-Fi + Cellular,1000,iPad 11,2025.0,iPad,iPad,11.0,,,,,4.0,256.0,,Cellular,
,Retailer Trade-in,Machines,iPad,iPad 11,4GB/512GB Wi-Fi + Cellular,1325,iPad 11,2025.0,iPad,iPad,11.0,,,,,4.0,512.0,,Cellular,
,Retailer Trade-in,Machines,iPad,iPad Air 4,4GB/64GB Wi-Fi,550,iPad Air 4,2020.0,iPad,iPad Air,4.0,,,,,4.0,64.0,,Wi-Fi,
,Retailer Trade-in,Machines,iPad,iPad Air 4,4GB/256GB Wi-Fi,725,iPad Air 4,2020.0,iPad,iPad Air,4.0,,,,,4.0,256.0,,Wi-Fi,
,Retailer Trade-in,Machines,iPad,iPad Air 4,4GB/64GB Wi-Fi + Cellular,720,iPad Air 4,2020.0,iPad,iPad Air,4.0,,,,,4.0,64.0,,Cellular,
,Retailer Trade-in,Machines,iPad,iPad Air 4,4GB/256GB Wi-Fi + Cellular,845,iPad Air 4,2020.0,iPad,iPad Air,4.0,,,,,4.0,256.0,,Cellular,
,Retailer Trade-in,Machines,iPad,iPad Air 5,8GB/64GB Wi-Fi,835,iPad Air 5,2022.0,iPad,iPad Air,5.0,,,,,8.0,64.0,,Wi-Fi,
,Retailer Trade-in,Machines,iPad,iPad Air 5,8GB/256GB Wi-Fi,975,iPad Air 5,2022.0,iPad,iPad Air,5.0,,,,,8.0,256.0,,Wi-Fi,
,Retailer Trade-in,Machines,iPad,iPad Air 5,8GB/64GB Wi-Fi + Cellular,975,iPad Air 5,2022.0,iPad,iPad Air,5.0,,,,,8.0,64.0,,Cellular,
,Retailer Trade-in,Machines,iPad,iPad Air 5,8GB/256GB Wi-Fi + Cellular,1075,iPad Air 5,2022.0,iPad,iPad Air,5.0,,,,,8.0,256.0,,Cellular,
,Retailer Trade-in,Machines,iPad,iPad Air 6 11-inch M2 (2024),8GB/128GB Wi-Fi,1150,iPad Air 6 11-inch M2 (2024),2024.0,iPad,iPad Air,6.0,2024,11.0,,M2,8.0,128.0,,Wi-Fi,
,Retailer Trade-in,Machines,iPad,iPad Air 6 11-inch M2 (2024),8GB/256GB Wi-Fi,1375,iPad Air 6 11-inch M2 (2024),2024.0,iPad,iPad Air,6.0,2024,11.0,,M2,8.0,256.0,,Wi-Fi,
,Retailer Trade-in,Machines,iPad,iPad Air 6 11-inch M2 (2024),8GB/512GB Wi-Fi,1575,iPad Air 6 11-inch M2 (2024),2024.0,iPad,iPad Air,6.0,2024,11.0,,M2,8.0,512.0,,Wi-Fi,
,Retailer Trade-in,Machines,iPad,iPad Air 6 11-inch M2 (2024),8GB/1TB Wi-Fi,1900,iPad Air 6 11-inch M2 (2024),2024.0,iPad,iPad Air,6.0,2024,11.0,,M2,8.0,1024.0,,Wi-Fi,
,Retailer Trade-in,Machines,iPad,iPad Air 6 11-inch M2 (2024),8GB/128GB Wi-Fi + Cellular,1350,iPad Air 6 11-inch M2 (2024),2024.0,iPad,iPad Air,6.0,2024,11.0,,M2,8.0,128.0,,Cellular,
,Retailer Trade-in,Machines,iPad,iPad Air 6 11-inch M2 (2024),8GB/256GB Wi-Fi + Cellular,1475,iPad Air 6 11-inch M2 (2024),2024.0,iPad,iPad Air,6.0,2024,11.0,,M2,8.0,256.0,,Cellular,
,Retailer Trade-in,Machines,iPad,iPad Air 6 11-inch M2 (2024),8GB/512GB Wi-Fi + Cellular,1800,iPad Air 6 11-inch M2 (2024),2024.0,iPad,iPad Air,6.0,2024,11.0,,M2,8.0,512.0,,Cellular,
,Retailer Trade-in,Machines,iPad,iPad Air 6 11-inch M2 (2024),8GB/1TB Wi-Fi + Cellular,2050,iPad Air 6 11-inch M2 (2024),2024.0,iPad,iPad Air,6.0,2024,11.0,,M2,8.0,1024.0,,Cellular,
,Retailer Trade-in,Machines,iPad,iPad Air 13-inch M2 (2024),8GB/128GB Wi-Fi,1250,iPad Air 13-inch M2 (2024),2024.0,iPad,iPad Air,,2024,13.0,,M2,8.0,128.0,,Wi-Fi,
,Retailer Trade-in,Machines,iPad,iPad Air 13-inch M2 (2024),8GB/256GB Wi-Fi,1425,iPad Air 13-inch M2 (2024),2024.0,iPad,iPad Air,,2024,13.0,,M2,8.0,256.0,,Wi-Fi,
,Retailer Trade-in,Machines,iPad,iPad Air 13-inch M2 (2024),8GB/512GB Wi-Fi,1750,iPad Air 13-inch M2 (2024),2024.0,iPad,iPad Air,,2024,13.0,,M2,8.0,512.0,,Wi-Fi,
,Retailer Trade-in,Machines,iPad,iPad Air 13-inch M2 (2024),8GB/1TB Wi-Fi,2075,iPad Air 13-inch M2 (2024),2024.0,iPad,iPad Air,,2024,13.0,,M2,8.0,1024.0,,Wi-Fi,
,Retailer Trade-in,Machines,iPad,iPad Air 13-inch M2 (2024),8GB/128GB Wi-Fi + Cellular,1525,iPad Air 13-inch M2 (2024),2024.0,iPad,iPad Air,,2024,13.0,,M2,8.0,128.0,,Cellular,
,Retailer Trade-in,Machines,iPad,iPad Air 13-inch M2 (2024),8GB/256GB Wi-Fi + Cellular,1725,iPad Air 13-inch M2 (2024),2024.0,iPad,iPad Air,,2024,13.0,,M2,8.0,256.0,,Cellular,
,Retailer Trade-in,Machines,iPad,iPad Air 13-inch M2 (2024),8GB/512GB Wi-Fi + Cellular,2075,iPad Air 13-inch M2 (2024),2024.0,iPad,iPad Air,,2024,13.0,,M2,8.0,512.0,,Cellular,
,Retailer Trade-in,Machines,iPad,iPad Air 13-inch M2 (2024),8GB/1TB Wi-Fi + Cellular,2300,iPad Air 13-inch M2 (2024),2024.0,iPad,iPad Air,,2024,13.0,,M2,8.0,1024.0,,Cellular,
,Retailer Trade-in,Machines,iPad,iPad Air 11-inch M3 (2025),8GB/128GB Wi-Fi,1225,iPad Air 11-inch M3 (2025),2025.0,iPad,iPad Air,,2025,11.0,,M3,8.0,128.0,,Wi-Fi,
,Retailer Trade-in,Machines,iPad,iPad Air 11-inch M3 (2025),8GB/256GB Wi-Fi,1425,iPad Air 11-inch M3 (2025),2025.0,iPad,iPad Air,,2025,11.0,,M3,8.0,256.0,,Wi-Fi,
,Retailer Trade-in,Machines,iPad,iPad Air 11-inch M3 (2025),8GB/512GB Wi-Fi,1825,iPad Air 11-inch M3 (2025),2025.0,iPad,iPad Air,,2025,11.0,,M3,8.0,512.0,,Wi-Fi,
,Retailer Trade-in,Machines,iPad,iPad Air 11-inch M3 (2025),8GB/1TB Wi-Fi,2175,iPad Air 11-inch M3 (2025),2025.0,iPad,iPad Air,,2025,11.0,,M3,8.0,1024.0,,Wi-Fi,
,Retailer Trade-in,Machines,iPad,iPad Air 11-inch M3 (2025),8GB/128GB Wi-Fi + Cellular,1600,iPad Air 11-inch M3 (2025),2025.0,iPad,iPad Air,,2025,11.0,,M3,8.0,128.0,,Cellular,
,Retailer Trade-in,Machines,iPad,iPad Air 11-inch M3 (2025),8GB/256GB Wi-Fi + Cellular,1825,iPad Air 11-inch M3 (2025),2025.0,iPad,iPad Air,,2025,11.0,,M3,8.0,256.0,,Cellular,
,Retailer Trade-in,Machines,iPad,iPad Air 11-inch M3 (2025),8GB/512GB Wi-Fi + Cellular,2200,iPad Air 11-inch M3 (2025),2025.0,iPad,iPad Air,,2025,11.0,,M3,8.0,512.0,,Cellular,
,Retailer Trade-in,Machines,iPad,iPad Air 11-inch M3 (2025),8GB/1TB Wi-Fi + Cellular,2575,iPad Air 11-inch M3 (2025),2025.0,iPad,iPad Air,,2025,11.0,,M3,8.0,1024.0,,Cellular,
,Retailer Trade-in,Machines,iPad,iPad Air 13-inch M3 (2025),8GB/128GB Wi-Fi,1600,iPad Air 13-inch M3 (2025),2025.0,iPad,iPad Air,,2025,13.0,,M3,8.0,128.0,,Wi-Fi,
,Retailer Trade-in,Machines,iPad,iPad Air 13-inch M3 (2025),8GB/256GB Wi-Fi,1800,iPad Air 13-inch M3 (2025),2025.0,iPad,iPad Air,,2025,13.0,,M3,8.0,256.0,,Wi-Fi,
,Retailer Trade-in,Machines,iPad,iPad Air 13-inch M3 (2025),8GB/512GB Wi-Fi,2050,iPad Air 13-inch M3 (2025),2025.0,iPad,iPad Air,,2025,13.0,,M3,8.0,512.0,,Wi-Fi,
,Retailer Trade-in,Machines,iPad,iPad Air 13-inch M3 (2025),8GB/1TB Wi-Fi,2400,iPad Air 13-inch M3 (2025),2025.0,iPad,iPad Air,,2025,13.0,,M3,8.0,1024.0,,Wi-Fi,
,Retailer Trade-in,Machines,iPad,iPad Air 13-inch M3 (2025),8GB/128GB Wi-Fi + Cellular,1875,iPad Air 13-inch M3 (2025),2025.0,iPad,iPad Air,,2025,13.0,,M3,8.0,128.0,,Cellular,
,Retailer Trade-in,Machines,iPad,iPad Air 13-inch M3 (2025),8GB/256GB Wi-Fi + Cellular,2100,iPad Air 13-inch M3 (2025),2025.0,iPad,iPad Air,,2025,13.0,,M3,8.0,256.0,,Cellular,
,Retailer Trade-in,Machines,iPad,iPad Air 13-inch M3 (2025),8GB/512GB Wi-Fi + Cellular,2400,iPad Air 13-inch M3 (2025),2025.0,iPad,iPad Air,,2025,13.0,,M3,8.0,512.0,,Cellular,
,Retailer Trade-in,Machines,iPad,iPad Air 13-inch M3 (2025),8GB/1TB Wi-Fi + Cellular,2700,iPad Air 13-inch M3 (2025),2025.0,iPad,iPad Air,,2025,13.0,,M3,8.0,1024.0,,Cellular,
,Retailer Trade-in,Machines,iPad,iPad Mini 6,4GB/64GB Wi-Fi,585,iPad Mini 6,2021.0,iPad,iPad mini,6.0,,,,,4.0,64.0,,Wi-Fi,
,Retailer Trade-in,Machines,iPad,iPad Mini 6,4GB/256GB Wi-Fi,775,iPad Mini 6,2021.0,iPad,iPad mini,6.0,,,,,4.0,256.0,,Wi-Fi,
,Retailer Trade-in,Machines,iPad,iPad Mini 6,4GB/64GB Wi-Fi + Cellular,775,iPad Mini 6,2021.0,iPad,iPad mini,6.0,,,,,4.0,64.0,,Cellular,
,Retailer Trade-in,Machines,iPad,iPad Mini 6,4GB/256GB Wi-Fi + Cellular,925,iPad Mini 6,2021.0,iPad,iPad mini,6.0,,,,,4.0,256.0,,Cellular,
,Retailer Trade-in,Machines,iPad,iPad Mini 7,8GB/128GB Wi-Fi,850,iPad Mini 7,2024.0,iPad,iPad mini,7.0,,,,,8.0,128.0,,Wi-Fi,
,Retailer Trade-in,Machines,iPad,iPad Mini 7,8GB/256GB Wi-Fi,1010,iPad Mini 7,2024.0,iPad,iPad mini,7.0,,,,,8.0,256.0,,Wi-Fi,
,Retailer Trade-in,Machines,iPad,iPad Mini 7,8GB/512GB Wi-Fi,1375,iPad Mini 7,2024.0,iPad,iPad mini,7.0,,,,,8.0,512.0,,Wi-Fi,
,Retailer Trade-in,Machines,iPad,iPad Mini 7,8GB/128GB Wi-Fi + Cellular,1050,iPad Mini 7,2024.0,iPad,iPad mini,7.0,,,,,8.0,128.0,,Cellular,
,Retailer Trade-in,Machines,iPad,iPad Mini 7,8GB/256GB Wi-Fi + Cellular,1275,iPad Mini 7,2024.0,iPad,iPad mini,7.0,,,,,8.0,256.0,,Cellular,
,Retailer Trade-in,Machines,iPad,iPad Mini 7,8GB/512GB Wi-Fi + Cellular,1475,iPad Mini 7,2024.0,iPad,iPad mini,7.0,,,,,8.0,512.0,,Cellular,
,Retailer Trade-in,Machines,iPad,"iPad Pro 11-inch (2020, 2nd Gen)",6GB/128GB Wi-Fi,700,"iPad Pro 11-inch (2020, 2nd Gen)",2020.0,iPad,iPad Pro,2.0,2020,11.0,,,6.0,128.0,,Wi-Fi,
,Retailer Trade-in,Machines,iPad,"iPad Pro 11-inch (2020, 2nd Gen)",6GB/256GB Wi-Fi,775,"iPad Pro 11-inch (2020, 2nd Gen)",2020.0,iPad,iPad Pro,2.0,2020,11.0,,,6.0,256.0,,Wi-Fi,
,Retailer Trade-in,Machines,iPad,"iPad Pro 11-inch (2020, 2nd Gen)",6GB/512GB Wi-Fi,900,"iPad Pro 11-inch (2020, 2nd Gen)",2020.0,iPad,iPad Pro,2.0,2020,11.0,,,6.0,512.0,,Wi-Fi,
,Retailer Trade-in,Machines,iPad,"iPad Pro 11-inch (2020, 2nd Gen)",6GB/1TB Wi-Fi,950,"iPad Pro 11-inch (2020, 2nd Gen)",2020.0,iPad,iPad Pro,2.0,2020,11.0,,,6.0,1024.0,,Wi-Fi,
,Retailer Trade-in,Machines,iPad,"iPad Pro 11-inch (2020, 2nd Gen)",6GB/128GB Wi-Fi + Cellular,775,"iPad Pro 11-inch (2020, 2nd Gen)",2020.0,iPad,iPad Pro,2.0,2020,11.0,,,6.0,128.0,,Cellular,
,Retailer Trade-in,Machines,iPad,"iPad Pro 11-inch (2020, 2nd Gen)",6GB/256GB Wi-Fi + Cellular,875,"iPad Pro 11-inch (2020, 2nd Gen)",2020.0,iPad,iPad Pro,2.0,2020,11.0,,,6.0,256.0,,Cellular,
,Retailer Trade-in,Machines,iPad,"iPad Pro 11-inch (2020, 2nd Gen)",6GB/512GB Wi-Fi + Cellular,1050,"iPad Pro 11-inch (2020, 2nd Gen)",2020.0,iPad,iPad Pro,2.0,2020,11.0,,,6.0,512.0,,Cellular,
,Retailer Trade-in,Machines,iPad,"iPad Pro 11-inch (2020, 2nd Gen)",6GB/1TB Wi-Fi + Cellular,1075,"iPad Pro 11-inch (2020, 2nd Gen)",2020.0,iPad,iPad Pro,2.0,2020,11.0,,,6.0,1024.0,,Cellular,
,Retailer Trade-in,Machines,iPad,iPad Pro 4 (12.9-inch),6GB/128GB Wi-Fi,900,iPad Pro 4 (12.9-inch),2020.0,iPad,iPad Pro,4.0,,12.9,,,6.0,128.0,,Wi-Fi,
,Retailer Trade-in,Machines,iPad,iPad Pro 4 (12.9-inch),6GB/256GB Wi-Fi,1050,iPad Pro 4 (12.9-inch),2020.0,iPad,iPad Pro,4.0,,12.9,,,6.0,256.0,,Wi-Fi,
,Retailer Trade-in,Machines,iPad,iPad Pro 4 (12.9-inch),6GB/512GB Wi-Fi,1175,iPad Pro 4 (12.9-inch),2020.0,iPad,iPad Pro,4.0,,12.9,,,6.0,512.0,,Wi-Fi,
,Retailer Trade-in,Machines,iPad,iPad Pro 4 (12.9-inch),6GB/1TB Wi-Fi,1275,iPad Pro 4 (12.9-inch),2020.0,iPad,iPad Pro,4.0,,12.9,,,6.0,1024.0,,Wi-Fi,
,Retailer Trade-in,Machines,iPad,iPad Pro 4 (12.9-inch),6GB/128GB Wi-Fi + Cellular,1050,iPad Pro 4 (12.9-inch),2020.0,iPad,iPad Pro,4.0,,12.9,,,6.0,128.0,,Cellular,
,Retailer Trade-in,Machines,iPad,iPad Pro 4 (12.9-inch),6GB/256GB Wi-Fi + Cellular,1175,iPad Pro 4 (12.9-inch),2020.0,iPad,iPad Pro,4.0,,12.9,,,6.0,256.0,,Cellular,
,Retailer Trade-in,Machines,iPad,iPad Pro 4 (12.9-inch),6GB/512GB Wi-Fi + Cellular,1325,iPad Pro 4 (12.9-inch),2020.0,iPad,iPad Pro,4.0,,12.9,,,6.0,512.0,,Cellular,
,Retailer Trade-in,Machines,iPad,iPad Pro 4 (12.9-inch),6GB/1TB Wi-Fi + Cellular,1400,iPad Pro 4 (12.9-inch),2020.0,iPad,iPad Pro,4.0,,12.9,,,6.0,1024.0,,Cellular,
,Retailer Trade-in,Machines,iPad,"iPad Pro 11-inch M1 (2021, 3rd Gen)",8GB/128GB Wi-Fi,975,"iPad Pro 11-inch M1 (2021, 3rd Gen)",2021.0,iPad,iPad Pro,3.0,2021,11.0,,M1,8.0,128.0,,Wi-Fi,
,Retailer Trade-in,Machines,iPad,"iPad Pro 11-inch M1 (2021, 3rd Gen)",8GB/256GB Wi-Fi,1150,"iPad Pro 11-inch M1 (2021, 3rd Gen)",2021.0,iPad,iPad Pro,3.0,2021,11.0,,M1,8.0,256.0,,Wi-Fi,
,Retailer Trade-in,Machines,iPad,"iPad Pro 11-inch M1 (2021, 3rd Gen)",8GB/512GB Wi-Fi,1275,"iPad Pro 11-inch M1 (2021, 3rd Gen)",2021.0,iPad,iPad Pro,3.0,2021,11.0,,M1,8.0,512.0,,Wi-Fi,
,Retailer Trade-in,Machines,iPad,"iPad Pro 11-inch M1 (2021, 3rd Gen)",16GB/1TB Wi-Fi,1325,"iPad Pro 11-inch M1 (2021, 3rd Gen)",2021.0,iPad,iPad Pro,3.0,2021,11.0,,M1,16.0,1024.0,,Wi-Fi,
,Retailer Trade-in,Machines,iPad,"iPad Pro 11-inch M1 (2021, 3rd Gen)",16GB/2TB Wi-Fi,1525,"iPad Pro 11-inch M1 (2021, 3rd Gen)",2021.0,iPad,iPad Pro,3.0,2021,11.0,,M1,16.0,2048.0,,Wi-Fi,
,Retailer Trade-in,Machines,iPad,"iPad Pro 11-inch M1 (2021, 3rd Gen)",8GB/128GB Wi-Fi + Cellular,1075,"iPad Pro 11-inch M1 (2021, 3rd Gen)",2021.0,iPad,iPad Pro,3.0,2021,11.0,,M1,8.0,128.0,,Cellular,
,Retailer Trade-in,Machines,iPad,"iPad Pro 11-inch M1 (2021, 3rd Gen)",8GB/256GB Wi-Fi + Cellular,1275,"iPad Pro 11-inch M1 (2021, 3rd Gen)",2021.0,iPad,iPad Pro,3.0,2021,11.0,,M1,8.0,256.0,,Cellular,
,Retailer Trade-in,Machines,iPad,"iPad Pro 11-inch M1 (2021, 3rd Gen)",8GB/512GB Wi-Fi + Cellular,1425,"iPad Pro 11-inch M1 (2021, 3rd Gen)",2021.0,iPad,iPad Pro,3.0,2021,11.0,,M1,8.0,512.0,,Cellular,
,Retailer Trade-in,Machines,iPad,"iPad Pro 11-inch M1 (2021, 3rd Gen)",16GB/1TB Wi-Fi + Cellular,1525,"iPad Pro 11-inch M1 (2021, 3rd Gen)",2021.0,iPad,iPad Pro,3.0,2021,11.0,,M1,16.0,1024.0,,Cellular,
,Retailer Trade-in,Machines,iPad,"iPad Pro 11-inch M1 (2021, 3rd Gen)",16GB/2TB Wi-Fi + Cellular,1700,"iPad Pro 11-inch M1 (2021, 3rd Gen)",2021.0,iPad,iPad Pro,3.0,2021,11.0,,M1,16.0,2048.0,,Cellular,
,Retailer Trade-in,Machines,iPad,"iPad Pro 5 (12.9-inch, M1)",8GB/128GB Wi-Fi,1150,"iPad Pro 5 (12.9-inch, M1)",2021.0,iPad,iPad Pro,5.0,,12.9,,M1,8.0,128.0,,Wi-Fi,
,Retailer Trade-in,Machines,iPad,"iPad Pro 5 (12.9-inch, M1)",8GB/256GB Wi-Fi,1250,"iPad Pro 5 (12.9-inch, M1)",2021.0,iPad,iPad Pro,5.0,,12.9,,M1,8.0,256.0,,Wi-Fi,
,Retailer Trade-in,Machines,iPad,"iPad Pro 5 (12.9-inch, M1)",8GB/512GB Wi-Fi,1350,"iPad Pro 5 (12.9-inch, M1)",2021.0,iPad,iPad Pro,5.0,,12.9,,M1,8.0,512.0,,Wi-Fi,
,Retailer Trade-in,Machines,iPad,"iPad Pro 5 (12.9-inch, M1)",16GB/1TB Wi-Fi,1475,"iPad Pro 5 (12.9-inch, M1)",2021.0,iPad,iPad Pro,5.0,,12.9,,M1,16.0,1024.0,,Wi-Fi,
,Retailer Trade-in,Machines,iPad,"iPad Pro 5 (12.9-inch, M1)",16GB/2TB Wi-Fi,1700,"iPad Pro 5 (12.9-inch, M1)",2021.0,iPad,iPad Pro,5.0,,12.9,,M1,16.0,2048.0,,Wi-Fi,
,Retailer Trade-in,Machines,iPad,"iPad Pro 5 (12.9-inch, M1)",8GB/128GB Wi-Fi + Cellular,1225,"iPad Pro 5 (12.9-inch, M1)",2021.0,iPad,iPad Pro,5.0,,12.9,,M1,8.0,128.0,,Cellular,
,Retailer Trade-in,Machines,iPad,"iPad Pro 5 (12.9-inch, M1)",8GB/256GB Wi-Fi + Cellular,1325,"iPad Pro 5 (12.9-inch, M1)",2021.0,iPad,iPad Pro,5.0,,12.9,,M1,8.0,256.0,,Cellular,
,Retailer Trade-in,Machines,iPad,"iPad Pro 5 (12.9-inch, M1)",8GB/512GB Wi-Fi + Cellular,1475,"iPad Pro 5 (12.9-inch, M1)",2021.0,iPad,iPad Pro,5.0,,12.9,,M1,8.0,512.0,,Cellular,
,Retailer Trade-in,Machines,iPad,"iPad Pro 5 (12.9-inch, M1)",16GB/1TB Wi-Fi + Cellular,1625,"iPad Pro 5 (12.9-inch, M1)",2021.0,iPad,iPad Pro,5.0,,12.9,,M1,16.0,1024.0,,Cellular,
,Retailer Trade-in,Machines,iPad,"iPad Pro 5 (12.9-inch, M1)",16GB/2TB Wi-Fi + Cellular,1775,"iPad Pro 5 (12.9-inch, M1)",2021.0,iPad,iPad Pro,5.0,,12.9,,M1,16.0,2048.0,,Cellular,
,Retailer Trade-in,Machines,iPad,"iPad Pro 11-inch M2 (2022, 4th Gen)",8GB/128GB Wi-Fi,1175,"iPad Pro 11-inch M2 (2022, 4th Gen)",2022.0,iPad,iPad Pro,4.0,2022,11.0,,M2,8.0,128.0,,Wi-Fi,
,Retailer Trade-in,Machines,iPad,"iPad Pro 11-inch M2 (2022, 4th Gen)",8GB/256GB Wi-Fi,1325,"iPad Pro 11-inch M2 (2022, 4th Gen)",2022.0,iPad,iPad Pro,4.0,2022,11.0,,M2,8.0,256.0,,Wi-Fi,
,Retailer Trade-in,Machines,iPad,"iPad Pro 11-inch M2 (2022, 4th Gen)",8GB/512GB Wi-Fi,1525,"iPad Pro 11-inch M2 (2022, 4th Gen)",2022.0,iPad,iPad Pro,4.0,2022,11.0,,M2,8.0,512.0,,Wi-Fi,
,Retailer Trade-in,Machines,iPad,"iPad Pro 11-inch M2 (2022, 4th Gen)",16GB/1TB Wi-Fi,1650,"iPad Pro 11-inch M2 (2022, 4th Gen)",2022.0,iPad,iPad Pro,4.0,2022,11.0,,M2,16.0,1024.0,,Wi-Fi,
,Retailer Trade-in,Machines,iPad,"iPad Pro 11-inch M2 (2022, 4th Gen)",16GB/2TB Wi-Fi,1900,"iPad Pro 11-inch M2 (2022, 4th Gen)",2022.0,iPad,iPad Pro,4.0,2022,11.0,,M2,16.0,2048.0,,Wi-Fi,
,Retailer Trade-in,Machines,iPad,"iPad Pro 11-inch M2 (2022, 4th Gen)",8GB/128GB Wi-Fi + Cellular,1350,"iPad Pro 11-inch M2 (2022, 4th Gen)",2022.0,iPad,iPad Pro,4.0,2022,11.0,,M2,8.0,128.0,,Cellular,
,Retailer Trade-in,Machines,iPad,"iPad Pro 11-inch M2 (2022, 4th Gen)",8GB/256GB Wi-Fi + Cellular,1475,"iPad Pro 11-inch M2 (2022, 4th Gen)",2022.0,iPad,iPad Pro,4.0,2022,11.0,,M2,8.0,256.0,,Cellular,
,Retailer Trade-in,Machines,iPad,"iPad Pro 11-inch M2 (2022, 4th Gen)",8GB/512GB Wi-Fi + Cellular,1650,"iPad Pro 11-inch M2 (2022, 4th Gen)",2022.0,iPad,iPad Pro,4.0,2022,11.0,,M2,8.0,512.0,,Cellular,
,Retailer Trade-in,Machines,iPad,"iPad Pro 11-inch M2 (2022, 4th Gen)",16GB/1TB Wi-Fi + Cellular,1750,"iPad Pro 11-inch M2 (2022, 4th Gen)",2022.0,iPad,iPad Pro,4.0,2022,11.0,,M2,16.0,1024.0,,Cellular,
,Retailer Trade-in,Machines,iPad,"iPad Pro 11-inch M2 (2022, 4th Gen)",16GB/2TB Wi-Fi + Cellular,2025,"iPad Pro 11-inch M2 (2022, 4th Gen)",2022.0,iPad,iPad Pro,4.0,2022,11.0,,M2,16.0,2048.0,,Cellular,
,Retailer Trade-in,Machines,iPad,"iPad Pro 12.9-inch M2 (2022, 6th Gen)",8GB/128GB Wi-Fi,1400,"iPad Pro 12.9-inch M2 (2022, 6th Gen)",2022.0,iPad,iPad Pro,6.0,2022,12.9,,M2,8.0,128.0,,Wi-Fi,
,Retailer Trade-in,Machines,iPad,"iPad Pro 12.9-inch M2 (2022, 6th Gen)",8GB/256GB Wi-Fi,1500,"iPad Pro 12.9-inch M2 (2022, 6th Gen)",2022.0,iPad,iPad Pro,6.0,2022,12.9,,M2,8.0,256.0,,Wi-Fi,
,Retailer Trade-in,Machines,iPad,"iPad Pro 12.9-inch M2 (2022, 6th Gen)",8GB/512GB Wi-Fi,1625,"iPad Pro 12.9-inch M2 (2022, 6th Gen)",2022.0,iPad,iPad Pro,6.0,2022,12.9,,M2,8.0,512.0,,Wi-Fi,
,Retailer Trade-in,Machines,iPad,"iPad Pro 12.9-inch M2 (2022, 6th Gen)",16GB/1TB Wi-Fi,1825,"iPad Pro 12.9-inch M2 (2022, 6th Gen)",2022.0,iPad,iPad Pro,6.0,2022,12.9,,M2,16.0,1024.0,,Wi-Fi,
,Retailer Trade-in,Machines,iPad,"iPad Pro 12.9-inch M2 (2022, 6th Gen)",16GB/2TB Wi-Fi,2025,"iPad Pro 12.9-inch M2 (2022, 6th Gen)",2022.0,iPad,iPad Pro,6.0,2022,12.9,,M2,16.0,2048.0,,Wi-Fi,
,Retailer Trade-in,Machines,iPad,"iPad Pro 12.9-inch M2 (2022, 6th Gen)",8GB/128GB Wi-Fi + Cellular,1525,"iPad Pro 12.9-inch M2 (2022, 6th Gen)",2022.0,iPad,iPad Pro,6.0,2022,12.9,,M2,8.0,128.0,,Cellular,
,Retailer Trade-in,Machines,iPad,"iPad Pro 12.9-inch M2 (2022, 6th Gen)",8GB/256GB Wi-Fi + Cellular,1650,"iPad Pro 12.9-inch M2 (2022, 6th Gen)",2022.0,iPad,iPad Pro,6.0,2022,12.9,,M2,8.0,256.0,,Cellular,
,Retailer Trade-in,Machines,iPad,"iPad Pro 12.9-inch M2 (2022, 6th Gen)",8GB/512GB Wi-Fi + Cellular,1800,"iPad Pro 12.9-inch M2 (2022, 6th Gen)",2022.0,iPad,iPad Pro,6.0,2022,12.9,,M2,8.0,512.0,,Cellular,
,Retailer Trade-in,Machines,iPad,"iPad Pro 12.9-inch M2 (2022, 6th Gen)",16GB/1TB Wi-Fi + Cellular,1875,"iPad Pro 12.9-inch M2 (2022, 6th Gen)",2022.0,iPad,iPad Pro,6.0,2022,12.9,,M2,16.0,1024.0,,Cellular,
,Retailer Trade-in,Machines,iPad,"iPad Pro 12.9-inch M2 (2022, 6th Gen)",16GB/2TB Wi-Fi + Cellular,2075,"iPad Pro 12.9-inch M2 (2022, 6th Gen)",2022.0,iPad,iPad Pro,6.0,2022,12.9,,M2,16.0,2048.0,,Cellular,
,Retailer Trade-in,Machines,iPad,"iPad Pro 11-inch M4 (2024, 5th Gen)",8GB/256GB Wi-Fi,1750,"iPad Pro 11-inch M4 (2024, 5th Gen)",2024.0,iPad,iPad Pro,5.0,2024,11.0,,M4,8.0,256.0,,Wi-Fi,
,Retailer Trade-in,Machines,iPad,"iPad Pro 11-inch M4 (2024, 5th Gen)",8GB/512GB Wi-Fi,2125,"iPad Pro 11-inch M4 (2024, 5th Gen)",2024.0,iPad,iPad Pro,5.0,2024,11.0,,M4,8.0,512.0,,Wi-Fi,
,Retailer Trade-in,Machines,iPad,"iPad Pro 11-inch M4 (2024, 5th Gen)",16GB/1TB Wi-Fi,2625,"iPad Pro 11-inch M4 (2024, 5th Gen)",2024.0,iPad,iPad Pro,5.0,2024,11.0,,M4,16.0,1024.0,,Wi-Fi,
,Retailer Trade-in,Machines,iPad,"iPad Pro 11-inch M4 (2024, 5th Gen)",16GB/2TB Wi-Fi,3150,"iPad Pro 11-inch M4 (2024, 5th Gen)",2024.0,iPad,iPad Pro,5.0,2024,11.0,,M4,16.0,2048.0,,Wi-Fi,
,Retailer Trade-in,Machines,iPad,"iPad Pro 11-inch M4 (2024, 5th Gen)",8GB/256GB Wi-Fi + Cellular,2050,"iPad Pro 11-inch M4 (2024, 5th Gen)",2024.0,iPad,iPad Pro,5.0,2024,11.0,,M4,8.0,256.0,,Cellular,
,Retailer Trade-in,Machines,iPad,"iPad Pro 11-inch M4 (2024, 5th Gen)",8GB/512GB Wi-Fi + Cellular,2375,"iPad Pro 11-inch M4 (2024, 5th Gen)",2024.0,iPad,iPad Pro,5.0,2024,11.0,,M4,8.0,512.0,,Cellular,
,Retailer Trade-in,Machines,iPad,"iPad Pro 11-inch M4 (2024, 5th Gen)",16GB/1TB Wi-Fi + Cellular,2900,"iPad Pro 11-inch M4 (2024, 5th Gen)",2024.0,iPad,iPad Pro,5.0,2024,11.0,,M4,16.0,1024.0,,Cellular,
,Retailer Trade-in,Machines,iPad,"iPad Pro 11-inch M4 (2024, 5th Gen)",16GB/2TB Wi-Fi + Cellular,3450,"iPad Pro 11-inch M4 (2024, 5th Gen)",2024.0,iPad,iPad Pro,5.0,2024,11.0,,M4,16.0,2048.0,,Cellular,
,Retailer Trade-in,Machines,iPad,"iPad Pro 13-inch M4 (2024, 7th Gen)",8GB/256GB Wi-Fi,2175,"iPad Pro 13-inch M4 (2024, 7th Gen)",2024.0,iPad,iPad Pro,7.0,2024,13.0,,M4,8.0,256.0,,Wi-Fi,
,Retailer Trade-in,Machines,iPad,"iPad Pro 13-inch M4 (2024, 7th Gen)",8GB/512GB Wi-Fi,2600,"iPad Pro 13-inch M4 (2024, 7th Gen)",2024.0,iPad,iPad Pro,7.0,2024,13.0,,M4,8.0,512.0,,Wi-Fi,
,Retailer Trade-in,Machines,iPad,"iPad Pro 13-inch M4 (2024, 7th Gen)",16GB/1TB Wi-Fi,3175,"iPad Pro 13-inch M4 (2024, 7th Gen)",2024.0,iPad,iPad Pro,7.0,2024,13.0,,M4,16.0,1024.0,,Wi-Fi,
,Retailer Trade-in,Machines,iPad,"iPad Pro 13-inch M4 (2024, 7th Gen)",16GB/2TB Wi-Fi,3725,"iPad Pro 13-inch M4 (2024, 7th Gen)",2024.0,iPad,iPad Pro,7.0,2024,13.0,,M4,16.0,2048.0,,Wi-Fi,
,Retailer Trade-in,Machines,iPad,"iPad Pro 13-inch M4 (2024, 7th Gen)",8GB/256GB Wi-Fi + Cellular,2575,"iPad Pro 13-inch M4 (2024, 7th Gen)",2024.0,iPad,iPad Pro,7.0,2024,13.0,,M4,8.0,256.0,,Cellular,
,Retailer Trade-in,Machines,iPad,"iPad Pro 13-inch M4 (2024, 7th Gen)",8GB/512GB Wi-Fi + Cellular,2950,"iPad Pro 13-inch M4 (2024, 7th Gen)",2024.0,iPad,iPad Pro,7.0,2024,13.0,,M4,8.0,512.0,,Cellular,
,Retailer Trade-in,Machines,iPad,"iPad Pro 13-inch M4 (2024, 7th Gen)",16GB/1TB Wi-Fi + Cellular,3550,"iPad Pro 13-inch M4 (2024, 7th Gen)",2024.0,iPad,iPad Pro,7.0,2024,13.0,,M4,16.0,1024.0,,Cellular,
,Retailer Trade-in,Machines,iPad,"iPad Pro 13-inch M4 (2024, 7th Gen)",16GB/2TB Wi-Fi + Cellular,4100,"iPad Pro 13-inch M4 (2024, 7th Gen)",2024.0,iPad,iPad Pro,7.0,2024,13.0,,M4,16.0,2048.0,,Cellular,
,Retailer Trade-in,Machines,iPad,iPad Pro 11-inch M5 (2025),12GB/256GB Wi-Fi,2550,iPad Pro 11-inch M5 (2025),2025.0,iPad,iPad Pro,,2025,11.0,,,12.0,256.0,,Wi-Fi,
,Retailer Trade-in,Machines,iPad,iPad Pro 11-inch M5 (2025),12GB/512GB Wi-Fi,3100,iPad Pro 11-inch M5 (2025),2025.0,iPad,iPad Pro,,2025,11.0,,,12.0,512.0,,Wi-Fi,
,Retailer Trade-in,Machines,iPad,iPad Pro 11-inch M5 (2025),16GB/1TB Wi-Fi,3950,iPad Pro 11-inch M5 (2025),2025.0,iPad,iPad Pro,,2025,11.0,,,16.0,1024.0,,Wi-Fi,
,Retailer Trade-in,Machines,iPad,iPad Pro 11-inch M5 (2025),16GB/2TB Wi-Fi,4950,iPad Pro 11-inch M5 (2025),2025.0,iPad,iPad Pro,,2025,11.0,,,16.0,2048.0,,Wi-Fi,
,Retailer Trade-in,Machines,iPad,iPad Pro 11-inch M5 (2025),12GB/256GB Wi-Fi + Cellular,3100,iPad Pro 11-inch M5 (2025),2025.0,iPad,iPad Pro,,2025,11.0,,,12.0,256.0,,Cellular,
,Retailer Trade-in,Machines,iPad,iPad Pro 11-inch M5 (2025),12GB/512GB Wi-Fi + Cellular,3575,iPad Pro 11-inch M5 (2025),2025.0,iPad,iPad Pro,,2025,11.0,,,12.0,512.0,,Cellular,
,Retailer Trade-in,Machines,iPad,iPad Pro 11-inch M5 (2025),16GB/1TB Wi-Fi + Cellular,4425,iPad Pro 11-inch M5 (2025),2025.0,iPad,iPad Pro,,2025,11.0,,,16.0,1024.0,,Cellular,
,Retailer Trade-in,Machines,iPad,iPad Pro 11-inch M5 (2025),16GB/2TB Wi-Fi + Cellular,5425,iPad Pro 11-inch M5 (2025),2025.0,iPad,iPad Pro,,2025,11.0,,,16.0,2048.0,,Cellular,
,Retailer Trade-in,Machines,iPad,iPad Pro 13-inch M5 (2025),12GB/256GB Wi-Fi,3275,iPad Pro 13-inch M5 (2025),2025.0,iPad,iPad Pro,,2025,13.0,,,12.0,256.0,,Wi-Fi,
,Retailer Trade-in,Machines,iPad,iPad Pro 13-inch M5 (2025),12GB/512GB Wi-Fi,3800,iPad Pro 13-inch M5 (2025),2025.0,iPad,iPad Pro,,2025,13.0,,,12.0,512.0,,Wi-Fi,
,Retailer Trade-in,Machines,iPad,iPad Pro 13-inch M5 (2025),16GB/1TB Wi-Fi,4825,iPad Pro 13-inch M5 (2025),2025.0,iPad,iPad Pro,,2025,13.0,,,16.0,1024.0,,Wi-Fi,
,Retailer Trade-in,Machines,iPad,iPad Pro 13-inch M5 (2025),16GB/2TB Wi-Fi,5825,iPad Pro 13-inch M5 (2025),2025.0,iPad,iPad Pro,,2025,13.0,,,16.0,2048.0,,Wi-Fi,
,Retailer Trade-in,Machines,iPad,iPad Pro 13-inch M5 (2025),12GB/256GB Wi-Fi + Cellular,3800,iPad Pro 13-inch M5 (2025),2025.0,iPad,iPad Pro,,2025,13.0,,,12.0,256.0,,Cellular,
,Retailer Trade-in,Machines,iPad,iPad Pro 13-inch M5 (2025),12GB/512GB Wi-Fi + Cellular,4300,iPad Pro 13-inch M5 (2025),2025.0,iPad,iPad Pro,,2025,13.0,,,12.0,512.0,,Cellular,
,Retailer Trade-in,Machines,iPad,iPad Pro 13-inch M5 (2025),16GB/1TB Wi-Fi + Cellular,5325,iPad Pro 13-inch M5 (2025),2025.0,iPad,iPad Pro,,2025,13.0,,,16.0,1024.0,,Cellular,
,Retailer Trade-in,Machines,iPad,iPad Pro 13-inch M5 (2025),16GB/2TB Wi-Fi + Cellular,6325,iPad Pro 13-inch M5 (2025),2025.0,iPad,iPad Pro,,2025,13.0,,,16.0,2048.0,,Cellular,
,Retailer Trade-in,Switch,iPad,iPad 10 10.9-inch,"64GB, Cellular",690,iPad 10 10.9-inch,2022.0,iPad,iPad,10.0,,10.9,,,,64.0,,Cellular,
,Retailer Trade-in,Switch,iPad,iPad 10 10.9-inch,"256GB, Cellular",800,iPad 10 10.9-inch,2022.0,iPad,iPad,10.0,,10.9,,,,256.0,,Cellular,
,Retailer Trade-in,Switch,iPad,iPad 10 10.9-inch,"64GB, Wi-Fi",610,iPad 10 10.9-inch,2022.0,iPad,iPad,10.0,,10.9,,,,64.0,,Wi-Fi,
,Retailer Trade-in,Switch,iPad,iPad 10 10.9-inch,"256GB, Wi-Fi",690,iPad 10 10.9-inch,2022.0,iPad,iPad,10.0,,10.9,,,,256.0,,Wi-Fi,
,Retailer Trade-in,Switch,iPad,iPad 11 11-inch A16,"128GB, Cellular",840,iPad 11 11-inch A16,2025.0,iPad,iPad,11.0,,11.0,,A16,,128.0,,Cellular,
,Retailer Trade-in,Switch,iPad,iPad 11 11-inch A16,"256GB, Cellular",1040,iPad 11 11-inch A16,2025.0,iPad,iPad,11.0,,11.0,,A16,,256.0,,Cellular,
,Retailer Trade-in,Switch,iPad,iPad 11 11-inch A16,"512GB, Cellular",1370,iPad 11 11-inch A16,2025.0,iPad,iPad,11.0,,11.0,,A16,,512.0,,Cellular,
,Retailer Trade-in,Switch,iPad,iPad 11 11-inch A16,"128GB, Wi-Fi",640,iPad 11 11-inch A16,2025.0,iPad,iPad,11.0,,11.0,,A16,,128.0,,Wi-Fi,
,Retailer Trade-in,Switch,iPad,iPad 11 11-inch A16,"256GB, Wi-Fi",820,iPad 11 11-inch A16,2025.0,iPad,iPad,11.0,,11.0,,A16,,256.0,,Wi-Fi,
,Retailer Trade-in,Switch,iPad,iPad 11 11-inch A16,"512GB, Wi-Fi",1110,iPad 11 11-inch A16,2025.0,iPad,iPad,11.0,,11.0,,A16,,512.0,,Wi-Fi,
,Retailer Trade-in,Switch,iPad,iPad 4 9.7-inch,16GB Cellular,60,iPad 4 9.7-inch,2012.0,iPad,iPad,4.0,,9.7,,,,16.0,,Cellular,
,Retailer Trade-in,Switch,iPad,iPad 4 9.7-inch,16GB Wi-Fi,50,iPad 4 9.7-inch,2012.0,iPad,iPad,4.0,,9.7,,,,16.0,,Wi-Fi,
,Retailer Trade-in,Switch,iPad,iPad 4 9.7-inch,32GB Cellular,60,iPad 4 9.7-inch,2012.0,iPad,iPad,4.0,,9.7,,,,32.0,,Cellular,
,Retailer Trade-in,Switch,iPad,iPad 4 9.7-inch,32GB Wi-Fi,50,iPad 4 9.7-inch,2012.0,iPad,iPad,4.0,,9.7,,,,32.0,,Wi-Fi,
,Retailer Trade-in,Switch,iPad,iPad 4 9.7-inch,64GB Cellular,60,iPad 4 9.7-inch,2012.0,iPad,iPad,4.0,,9.7,,,,64.0,,Cellular,
,Retailer Trade-in,Switch,iPad,iPad 4 9.7-inch,64GB Wi-Fi,50,iPad 4 9.7-inch,2012.0,iPad,iPad,4.0,,9.7,,,,64.0,,Wi-Fi,
,Retailer Trade-in,Switch,iPad,iPad 4 9.7-inch,128GB Cellular,60,iPad 4 9.7-inch,2012.0,iPad,iPad,4.0,,9.7,,,,128.0,,Cellular,
,Retailer Trade-in,Switch,iPad,iPad 4 9.7-inch,128GB Wi-Fi,50,iPad 4 9.7-inch,2012.0,iPad,iPad,4.0,,9.7,,,,128.0,,Wi-Fi,
,Retailer Trade-in,Switch,iPad,iPad 5 9.7-inch,32GB Cellular,100,iPad 5 9.7-inch,2017.0,iPad,iPad,5.0,,9.7,,,,32.0,,Cellular,
,Retailer Trade-in,Switch,iPad,iPad 5 9.7-inch,32GB Wi-Fi,80,iPad 5 9.7-inch,2017.0,iPad,iPad,5.0,,9.7,,,,32.0,,Wi-Fi,
,Retailer Trade-in,Switch,iPad,iPad 5 9.7-inch,128GB Cellular,130,iPad 5 9.7-inch,2017.0,iPad,iPad,5.0,,9.7,,,,128.0,,Cellular,
,Retailer Trade-in,Switch,iPad,iPad 5 9.7-inch,128GB Wi-Fi,100,iPad 5 9.7-inch,2017.0,iPad,iPad,5.0,,9.7,,,,128.0,,Wi-Fi,
,Retailer Trade-in,Switch,iPad,iPad 6 9.7-inch,32GB Cellular,130,iPad 6 9.7-inch,2018.0,iPad,iPad,6.0,,9.7,,,,32.0,,Cellular,
,Retailer Trade-in,Switch,iPad,iPad 6 9.7-inch,32GB Wi-Fi,100,iPad 6 9.7-inch,2018.0,iPad,iPad,6.0,,9.7,,,,32.0,,Wi-Fi,
,Retailer Trade-in,Switch,iPad,iPad 6 9.7-inch,128GB Cellular,170,iPad 6 9.7-inch,2018.0,iPad,iPad,6.0,,9.7,,,,128.0,,Cellular,
,Retailer Trade-in,Switch,iPad,iPad 6 9.7-inch,128GB Wi-Fi,130,iPad 6 9.7-inch,2018.0,iPad,iPad,6.0,,9.7,,,,128.0,,Wi-Fi,
,Retailer Trade-in,Switch,iPad,iPad 7 10.2‑inch,32GB Cellular,170,iPad 7 10.2‑inch,2019.0,iPad,iPad,7.0,,,,,,32.0,,Cellular,
,Retailer Trade-in,Switch,iPad,iPad 7 10.2‑inch,32GB Wi-Fi,150,iPad 7 10.2‑inch,2019.0,iPad,iPad,7.0,,,,,,32.0,,Wi-Fi,
,Retailer Trade-in,Switch,iPad,iPad 7 10.2‑inch,128GB Cellular,340,iPad 7 10.2‑inch,2019.0,iPad,iPad,7.0,,,,,,128.0,,Cellular,
,Retailer Trade-in,Switch,iPad,iPad 7 10.2‑inch,128GB Wi-Fi,240,iPad 7 10.2‑inch,2019.0,iPad,iPad,7.0,,,,,,128.0,,Wi-Fi,
,Retailer Trade-in,Switch,iPad,iPad 8 10.2-inch,32GB Cellular,310,iPad 8 10.2-inch,2020.0,iPad,iPad,8.0,,10.2,,,,32.0,,Cellular,
,Retailer Trade-in,Switch,iPad,iPad 8 10.2-inch,32GB Wi-Fi,200,iPad 8 10.2-inch,2020.0,iPad,iPad,8.0,,10.2,,,,32.0,,Wi-Fi,
,Retailer Trade-in,Switch,iPad,iPad 8 10.2-inch,128GB Cellular,360,iPad 8 10.2-inch,2020.0,iPad,iPad,8.0,,10.2,,,,128.0,,Cellular,
,Retailer Trade-in,Switch,iPad,iPad 8 10.2-inch,128GB Wi-Fi,260,iPad 8 10.2-inch,2020.0,iPad,iPad,8.0,,10.2,,,,128.0,,Wi-Fi,
,Retailer Trade-in,Switch,iPad,iPad 9 10.2-inch,64GB Cellular,350,iPad 9 10.2-inch,2021.0,iPad,iPad,9.0,,10.2,,,,64.0,,Cellular,
,Retailer Trade-in,Switch,iPad,iPad 9 10.2-inch,64GB Wi-Fi,300,iPad 9 10.2-inch,2021.0,iPad,iPad,9.0,,10.2,,,,64.0,,Wi-Fi,
,Retailer Trade-in,Switch,iPad,iPad 9 10.2-inch,256GB Cellular,450,iPad 9 10.2-inch,2021.0,iPad,iPad,9.0,,10.2,,,,256.0,,Cellular,
,Retailer Trade-in,Switch,iPad,iPad 9 10.2-inch,256GB Wi-Fi,400,iPad 9 10.2-inch,2021.0,iPad,iPad,9.0,,10.2,,,,256.0,,Wi-Fi,
,Retailer Trade-in,Switch,iPad,iPad Air 1,16GB Cellular,60,iPad Air 1,2013.0,iPad,iPad Air,1.0,,,,,,16.0,,Cellular,
,Retailer Trade-in,Switch,iPad,iPad Air 1,16GB Wi-Fi,40,iPad Air 1,2013.0,iPad,iPad Air,1.0,,,,,,16.0,,Wi-Fi,
,Retailer Trade-in,Switch,iPad,iPad Air 1,32GB Cellular,80,iPad Air 1,2013.0,iPad,iPad Air,1.0,,,,,,32.0,,Cellular,
,Retailer Trade-in,Switch,iPad,iPad Air 1,32GB Wi-Fi,60,iPad Air 1,2013.0,iPad,iPad Air,1.0,,,,,,32.0,,Wi-Fi,
,Retailer Trade-in,Switch,iPad,iPad Air 1,64GB Cellular,90,iPad Air 1,2013.0,iPad,iPad Air,1.0,,,,,,64.0,,Cellular,
,Retailer Trade-in,Switch,iPad,iPad Air 1,64GB Wi-Fi,70,iPad Air 1,2013.0,iPad,iPad Air,1.0,,,,,,64.0,,Wi-Fi,
,Retailer Trade-in,Switch,iPad,iPad Air 1,128GB Cellular,100,iPad Air 1,2013.0,iPad,iPad Air,1.0,,,,,,128.0,,Cellular,
,Retailer Trade-in,Switch,iPad,iPad Air 1,128GB Wi-Fi,80,iPad Air 1,2013.0,iPad,iPad Air,1.0,,,,,,128.0,,Wi-Fi,
,Retailer Trade-in,Switch,iPad,iPad Air 2,16GB Cellular,100,iPad Air 2,2014.0,iPad,iPad Air,2.0,,,,,,16.0,,Cellular,
,Retailer Trade-in,Switch,iPad,iPad Air 2,16GB Wi-Fi,80,iPad Air 2,2014.0,iPad,iPad Air,2.0,,,,,,16.0,,Wi-Fi,
,Retailer Trade-in,Switch,iPad,iPad Air 2,32GB Cellular,120,iPad Air 2,2014.0,iPad,iPad Air,2.0,,,,,,32.0,,Cellular,
,Retailer Trade-in,Switch,iPad,iPad Air 2,32GB Wi-Fi,90,iPad Air 2,2014.0,iPad,iPad Air,2.0,,,,,,32.0,,Wi-Fi,
,Retailer Trade-in,Switch,iPad,iPad Air 2,64GB Cellular,130,iPad Air 2,2014.0,iPad,iPad Air,2.0,,,,,,64.0,,Cellular,
,Retailer Trade-in,Switch,iPad,iPad Air 2,64GB Wi-Fi,100,iPad Air 2,2014.0,iPad,iPad Air,2.0,,,,,,64.0,,Wi-Fi,
,Retailer Trade-in,Switch,iPad,iPad Air 2,128GB Cellular,150,iPad Air 2,2014.0,iPad,iPad Air,2.0,,,,,,128.0,,Cellular,
,Retailer Trade-in,Switch,iPad,iPad Air 2,128GB Wi-Fi,120,iPad Air 2,2014.0,iPad,iPad Air,2.0,,,,,,128.0,,Wi-Fi,
,Retailer Trade-in,Switch,iPad,iPad Air 3,64GB Cellular,350,iPad Air 3,2019.0,iPad,iPad Air,3.0,,,,,,64.0,,Cellular,
,Retailer Trade-in,Switch,iPad,iPad Air 3,64GB Wi-Fi,250,iPad Air 3,2019.0,iPad,iPad Air,3.0,,,,,,64.0,,Wi-Fi,
,Retailer Trade-in,Switch,iPad,iPad Air 3,256GB Cellular,500,iPad Air 3,2019.0,iPad,iPad Air,3.0,,,,,,256.0,,Cellular,
,Retailer Trade-in,Switch,iPad,iPad Air 3,256GB Wi-Fi,400,iPad Air 3,2019.0,iPad,iPad Air,3.0,,,,,,256.0,,Wi-Fi,
,Retailer Trade-in,Switch,iPad,iPad Air 4,64GB Cellular,730,iPad Air 4,2020.0,iPad,iPad Air,4.0,,,,,,64.0,,Cellular,
,Retailer Trade-in,Switch,iPad,iPad Air 4,64GB Wi-Fi,560,iPad Air 4,2020.0,iPad,iPad Air,4.0,,,,,,64.0,,Wi-Fi,
,Retailer Trade-in,Switch,iPad,iPad Air 4,256GB Cellular,850,iPad Air 4,2020.0,iPad,iPad Air,4.0,,,,,,256.0,,Cellular,
,Retailer Trade-in,Switch,iPad,iPad Air 4,256GB Wi-Fi,700,iPad Air 4,2020.0,iPad,iPad Air,4.0,,,,,,256.0,,Wi-Fi,
,Retailer Trade-in,Switch,iPad,iPad Air 5,64GB Cellular,950,iPad Air 5,2022.0,iPad,iPad Air,5.0,,,,,,64.0,,Cellular,
,Retailer Trade-in,Switch,iPad,iPad Air 5,64GB Wi-Fi,840,iPad Air 5,2022.0,iPad,iPad Air,5.0,,,,,,64.0,,Wi-Fi,
,Retailer Trade-in,Switch,iPad,iPad Air 5,256GB Cellular,1050,iPad Air 5,2022.0,iPad,iPad Air,5.0,,,,,,256.0,,Cellular,
,Retailer Trade-in,Switch,iPad,iPad Air 5,256GB Wi-Fi,950,iPad Air 5,2022.0,iPad,iPad Air,5.0,,,,,,256.0,,Wi-Fi,
,Retailer Trade-in,Switch,iPad,iPad Air 6 M2 11-inch,"128GB, Cellular",1400,iPad Air 6 M2 11-inch,2024.0,iPad,iPad Air,6.0,,11.0,,M2 ,,128.0,,Cellular,
,Retailer Trade-in,Switch,iPad,iPad Air 6 M2 11-inch,"256GB, Cellular",1530,iPad Air 6 M2 11-inch,2024.0,iPad,iPad Air,6.0,,11.0,,M2 ,,256.0,,Cellular,
,Retailer Trade-in,Switch,iPad,iPad Air 6 M2 11-inch,"512GB, Cellular",1650,iPad Air 6 M2 11-inch,2024.0,iPad,iPad Air,6.0,,11.0,,M2 ,,512.0,,Cellular,
,Retailer Trade-in,Switch,iPad,iPad Air 6 M2 11-inch,"1TB, Cellular",1850,iPad Air 6 M2 11-inch,2024.0,iPad,iPad Air,6.0,,11.0,,M2 ,,1024.0,,Cellular,
,Retailer Trade-in,Switch,iPad,iPad Air 6 M2 11-inch,"128GB, Wi-Fi",1050,iPad Air 6 M2 11-inch,2024.0,iPad,iPad Air,6.0,,11.0,,M2 ,,128.0,,Wi-Fi,
,Retailer Trade-in,Switch,iPad,iPad Air 6 M2 11-inch,"256GB, Wi-Fi",1150,iPad Air 6 M2 11-inch,2024.0,iPad,iPad Air,6.0,,11.0,,M2 ,,256.0,,Wi-Fi,
,Retailer Trade-in,Switch,iPad,iPad Air 6 M2 11-inch,"512GB, Wi-Fi",1300,iPad Air 6 M2 11-inch,2024.0,iPad,iPad Air,6.0,,11.0,,M2 ,,512.0,,Wi-Fi,
,Retailer Trade-in,Switch,iPad,iPad Air 6 M2 11-inch,"1TB, Wi-Fi",1450,iPad Air 6 M2 11-inch,2024.0,iPad,iPad Air,6.0,,11.0,,M2 ,,1024.0,,Wi-Fi,
,Retailer Trade-in,Switch,iPad,iPad Air 6 M2 13-inch,"128GB, Cellular",1580,iPad Air 6 M2 13-inch,2024.0,iPad,iPad Air,6.0,,13.0,,M2 ,,128.0,,Cellular,
,Retailer Trade-in,Switch,iPad,iPad Air 6 M2 13-inch,"256GB, Cellular",1780,iPad Air 6 M2 13-inch,2024.0,iPad,iPad Air,6.0,,13.0,,M2 ,,256.0,,Cellular,
,Retailer Trade-in,Switch,iPad,iPad Air 6 M2 13-inch,"512GB, Cellular",1900,iPad Air 6 M2 13-inch,2024.0,iPad,iPad Air,6.0,,13.0,,M2 ,,512.0,,Cellular,
,Retailer Trade-in,Switch,iPad,iPad Air 6 M2 13-inch,"1TB, Cellular",2100,iPad Air 6 M2 13-inch,2024.0,iPad,iPad Air,6.0,,13.0,,M2 ,,1024.0,,Cellular,
,Retailer Trade-in,Switch,iPad,iPad Air 6 M2 13-inch,"128GB, Wi-Fi",1300,iPad Air 6 M2 13-inch,2024.0,iPad,iPad Air,6.0,,13.0,,M2 ,,128.0,,Wi-Fi,
,Retailer Trade-in,Switch,iPad,iPad Air 6 M2 13-inch,"256GB, Wi-Fi",1480,iPad Air 6 M2 13-inch,2024.0,iPad,iPad Air,6.0,,13.0,,M2 ,,256.0,,Wi-Fi,
,Retailer Trade-in,Switch,iPad,iPad Air 6 M2 13-inch,"512GB, Wi-Fi",1700,iPad Air 6 M2 13-inch,2024.0,iPad,iPad Air,6.0,,13.0,,M2 ,,512.0,,Wi-Fi,
,Retailer Trade-in,Switch,iPad,iPad Air 6 M2 13-inch,"1TB, Wi-Fi",1850,iPad Air 6 M2 13-inch,2024.0,iPad,iPad Air,6.0,,13.0,,M2 ,,1024.0,,Wi-Fi,
,Retailer Trade-in,Switch,iPad,iPad Air 7 M3 11-inch,"128GB, Cellular",1660,iPad Air 7 M3 11-inch,2025.0,iPad,iPad Air,7.0,,11.0,,M3 ,,128.0,,Cellular,
,Retailer Trade-in,Switch,iPad,iPad Air 7 M3 11-inch,"256GB, Cellular",1850,iPad Air 7 M3 11-inch,2025.0,iPad,iPad Air,7.0,,11.0,,M3 ,,256.0,,Cellular,
,Retailer Trade-in,Switch,iPad,iPad Air 7 M3 11-inch,"512GB, Cellular",2100,iPad Air 7 M3 11-inch,2025.0,iPad,iPad Air,7.0,,11.0,,M3 ,,512.0,,Cellular,
,Retailer Trade-in,Switch,iPad,iPad Air 7 M3 11-inch,"1TB, Cellular",2350,iPad Air 7 M3 11-inch,2025.0,iPad,iPad Air,7.0,,11.0,,M3 ,,1024.0,,Cellular,
,Retailer Trade-in,Switch,iPad,iPad Air 7 M3 11-inch,"128GB, Wi-Fi",1280,iPad Air 7 M3 11-inch,2025.0,iPad,iPad Air,7.0,,11.0,,M3 ,,128.0,,Wi-Fi,
,Retailer Trade-in,Switch,iPad,iPad Air 7 M3 11-inch,"256GB, Wi-Fi",1480,iPad Air 7 M3 11-inch,2025.0,iPad,iPad Air,7.0,,11.0,,M3 ,,256.0,,Wi-Fi,
,Retailer Trade-in,Switch,iPad,iPad Air 7 M3 11-inch,"512GB, Wi-Fi",1700,iPad Air 7 M3 11-inch,2025.0,iPad,iPad Air,7.0,,11.0,,M3 ,,512.0,,Wi-Fi,
,Retailer Trade-in,Switch,iPad,iPad Air 7 M3 11-inch,"1TB, Wi-Fi",1900,iPad Air 7 M3 11-inch,2025.0,iPad,iPad Air,7.0,,11.0,,M3 ,,1024.0,,Wi-Fi,
,Retailer Trade-in,Switch,iPad,iPad Air 7 M3 13-inch,"128GB, Cellular",1930,iPad Air 7 M3 13-inch,2025.0,iPad,iPad Air,7.0,,13.0,,M3 ,,128.0,,Cellular,
,Retailer Trade-in,Switch,iPad,iPad Air 7 M3 13-inch,"256GB, Cellular",2150,iPad Air 7 M3 13-inch,2025.0,iPad,iPad Air,7.0,,13.0,,M3 ,,256.0,,Cellular,
,Retailer Trade-in,Switch,iPad,iPad Air 7 M3 13-inch,"512GB, Cellular",2400,iPad Air 7 M3 13-inch,2025.0,iPad,iPad Air,7.0,,13.0,,M3 ,,512.0,,Cellular,
,Retailer Trade-in,Switch,iPad,iPad Air 7 M3 13-inch,"1TB, Cellular",2700,iPad Air 7 M3 13-inch,2025.0,iPad,iPad Air,7.0,,13.0,,M3 ,,1024.0,,Cellular,
,Retailer Trade-in,Switch,iPad,iPad Air 7 M3 13-inch,"128GB, Wi-Fi",1680,iPad Air 7 M3 13-inch,2025.0,iPad,iPad Air,7.0,,13.0,,M3 ,,128.0,,Wi-Fi,
,Retailer Trade-in,Switch,iPad,iPad Air 7 M3 13-inch,"256GB, Wi-Fi",1870,iPad Air 7 M3 13-inch,2025.0,iPad,iPad Air,7.0,,13.0,,M3 ,,256.0,,Wi-Fi,
,Retailer Trade-in,Switch,iPad,iPad Air 7 M3 13-inch,"512GB, Wi-Fi",2100,iPad Air 7 M3 13-inch,2025.0,iPad,iPad Air,7.0,,13.0,,M3 ,,512.0,,Wi-Fi,
,Retailer Trade-in,Switch,iPad,iPad Air 7 M3 13-inch,"1TB, Wi-Fi",2450,iPad Air 7 M3 13-inch,2025.0,iPad,iPad Air,7.0,,13.0,,M3 ,,1024.0,,Wi-Fi,
,Retailer Trade-in,Switch,iPad,iPad Mini,16GB Cellular,40,iPad Mini,,iPad,iPad mini,,,,,,,16.0,,Cellular,
,Retailer Trade-in,Switch,iPad,iPad Mini,16GB Wi-Fi,40,iPad Mini,,iPad,iPad mini,,,,,,,16.0,,Wi-Fi,
,Retailer Trade-in,Switch,iPad,iPad Mini,32GB Cellular,40,iPad Mini,,iPad,iPad mini,,,,,,,32.0,,Cellular,
,Retailer Trade-in,Switch,iPad,iPad Mini,32GB Wi-Fi,40,iPad Mini,,iPad,iPad mini,,,,,,,32.0,,Wi-Fi,
,Retailer Trade-in,Switch,iPad,iPad Mini,64GB Cellular,40,iPad Mini,,iPad,iPad mini,,,,,,,64.0,,Cellular,
,Retailer Trade-in,Switch,iPad,iPad Mini,64GB Wi-Fi,40,iPad Mini,,iPad,iPad mini,,,,,,,64.0,,Wi-Fi,
,Retailer Trade-in,Switch,iPad,iPad Mini 2,16GB Cellular,60,iPad Mini 2,2013.0,iPad,iPad mini,2.0,,,,,,16.0,,Cellular,
,Retailer Trade-in,Switch,iPad,iPad Mini 2,16GB Wi-Fi,40,iPad Mini 2,2013.0,iPad,iPad mini,2.0,,,,,,16.0,,Wi-Fi,
,Retailer Trade-in,Switch,iPad,iPad Mini 2,32GB Cellular,60,iPad Mini 2,2013.0,iPad,iPad mini,2.0,,,,,,32.0,,Cellular,
,Retailer Trade-in,Switch,iPad,iPad Mini 2,32GB Wi-Fi,40,iPad Mini 2,2013.0,iPad,iPad mini,2.0,,,,,,32.0,,Wi-Fi,
,Retailer Trade-in,Switch,iPad,iPad Mini 2,64GB Cellular,60,iPad Mini 2,2013.0,iPad,iPad mini,2.0,,,,,,64.0,,Cellular,
,Retailer Trade-in,Switch,iPad,iPad Mini 2,64GB Wi-Fi,40,iPad Mini 2,2013.0,iPad,iPad mini,2.0,,,,,,64.0,,Wi-Fi,
,Retailer Trade-in,Switch,iPad,iPad Mini 2,128GB Cellular,60,iPad Mini 2,2013.0,iPad,iPad mini,2.0,,,,,,128.0,,Cellular,
,Retailer Trade-in,Switch,iPad,iPad Mini 2,128GB Wi-Fi,40,iPad Mini 2,2013.0,iPad,iPad mini,2.0,,,,,,128.0,,Wi-Fi,
,Retailer Trade-in,Switch,iPad,iPad Mini 3,16GB Cellular,90,iPad Mini 3,2014.0,iPad,iPad mini,3.0,,,,,,16.0,,Cellular,
,Retailer Trade-in,Switch,iPad,iPad Mini 3,16GB Wi-Fi,80,iPad Mini 3,2014.0,iPad,iPad mini,3.0,,,,,,16.0,,Wi-Fi,
,Retailer Trade-in,Switch,iPad,iPad Mini 3,64GB Cellular,120,iPad Mini 3,2014.0,iPad,iPad mini,3.0,,,,,,64.0,,Cellular,
,Retailer Trade-in,Switch,iPad,iPad Mini 3,64GB Wi-Fi,100,iPad Mini 3,2014.0,iPad,iPad mini,3.0,,,,,,64.0,,Wi-Fi,
,Retailer Trade-in,Switch,iPad,iPad Mini 3,128GB Cellular,150,iPad Mini 3,2014.0,iPad,iPad mini,3.0,,,,,,128.0,,Cellular,
,Retailer Trade-in,Switch,iPad,iPad Mini 3,128GB Wi-Fi,130,iPad Mini 3,2014.0,iPad,iPad mini,3.0,,,,,,128.0,,Wi-Fi,
,Retailer Trade-in,Switch,iPad,iPad Mini 4,16GB Cellular,120,iPad Mini 4,2015.0,iPad,iPad mini,4.0,,,,,,16.0,,Cellular,
,Retailer Trade-in,Switch,iPad,iPad Mini 4,16GB Wi-Fi,100,iPad Mini 4,2015.0,iPad,iPad mini,4.0,,,,,,16.0,,Wi-Fi,
,Retailer Trade-in,Switch,iPad,iPad Mini 4,32GB Cellular,170,iPad Mini 4,2015.0,iPad,iPad mini,4.0,,,,,,32.0,,Cellular,
,Retailer Trade-in,Switch,iPad,iPad Mini 4,32GB Wi-Fi,140,iPad Mini 4,2015.0,iPad,iPad mini,4.0,,,,,,32.0,,Wi-Fi,
,Retailer Trade-in,Switch,iPad,iPad Mini 4,64GB Cellular,200,iPad Mini 4,2015.0,iPad,iPad mini,4.0,,,,,,64.0,,Cellular,
,Retailer Trade-in,Switch,iPad,iPad Mini 4,64GB Wi-Fi,170,iPad Mini 4,2015.0,iPad,iPad mini,4.0,,,,,,64.0,,Wi-Fi,
,Retailer Trade-in,Switch,iPad,iPad Mini 4,128GB Cellular,250,iPad Mini 4,2015.0,iPad,iPad mini,4.0,,,,,,128.0,,Cellular,
,Retailer Trade-in,Switch,iPad,iPad Mini 4,128GB Wi-Fi,200,iPad Mini 4,2015.0,iPad,iPad mini,4.0,,,,,,128.0,,Wi-Fi,
,Retailer Trade-in,Switch,iPad,iPad Mini 5,64GB Cellular,350,iPad Mini 5,2019.0,iPad,iPad mini,5.0,,,,,,64.0,,Cellular,
,Retailer Trade-in,Switch,iPad,iPad Mini 5,64GB Wi-Fi,300,iPad Mini 5,2019.0,iPad,iPad mini,5.0,,,,,,64.0,,Wi-Fi,
,Retailer Trade-in,Switch,iPad,iPad Mini 5,256GB Cellular,400,iPad Mini 5,2019.0,iPad,iPad mini,5.0,,,,,,256.0,,Cellular,
,Retailer Trade-in,Switch,iPad,iPad Mini 5,256GB Wi-Fi,350,iPad Mini 5,2019.0,iPad,iPad mini,5.0,,,,,,256.0,,Wi-Fi,
,Retailer Trade-in,Switch,iPad,iPad Mini 6,64GB Cellular,800,iPad Mini 6,2021.0,iPad,iPad mini,6.0,,,,,,64.0,,Cellular,
,Retailer Trade-in,Switch,iPad,iPad Mini 6,64GB Wi-Fi,590,iPad Mini 6,2021.0,iPad,iPad mini,6.0,,,,,,64.0,,Wi-Fi,
,Retailer Trade-in,Switch,iPad,iPad Mini 6,256GB Cellular,900,iPad Mini 6,2021.0,iPad,iPad mini,6.0,,,,,,256.0,,Cellular,
,Retailer Trade-in,Switch,iPad,iPad Mini 6,256GB Wi-Fi,700,iPad Mini 6,2021.0,iPad,iPad mini,6.0,,,,,,256.0,,Wi-Fi,
,Retailer Trade-in,Switch,iPad,iPad Mini 7,"128GB, Cellular",1070,iPad Mini 7,2024.0,iPad,iPad mini,7.0,,,,,,128.0,,Cellular,
,Retailer Trade-in,Switch,iPad,iPad Mini 7,"256GB, Cellular",1290,iPad Mini 7,2024.0,iPad,iPad mini,7.0,,,,,,256.0,,Cellular,
,Retailer Trade-in,Switch,iPad,iPad Mini 7,"512GB, Cellular",1520,iPad Mini 7,2024.0,iPad,iPad mini,7.0,,,,,,512.0,,Cellular,
,Retailer Trade-in,Switch,iPad,iPad Mini 7,"128GB, Wi-Fi",890,iPad Mini 7,2024.0,iPad,iPad mini,7.0,,,,,,128.0,,Wi-Fi,
,Retailer Trade-in,Switch,iPad,iPad Mini 7,"256GB, Wi-Fi",1010,iPad Mini 7,2024.0,iPad,iPad mini,7.0,,,,,,256.0,,Wi-Fi,
,Retailer Trade-in,Switch,iPad,iPad Mini 7,"512GB, Wi-Fi",1350,iPad Mini 7,2024.0,iPad,iPad mini,7.0,,,,,,512.0,,Wi-Fi,
,Retailer Trade-in,Switch,iPad,iPad Pro 10.5‑inch 2017,64GB Cellular,200,iPad Pro 10.5‑inch 2017,2017.0,iPad,iPad Pro,10.0,2017,,,,,64.0,,Cellular,
,Retailer Trade-in,Switch,iPad,iPad Pro 10.5‑inch 2017,64GB Wi-Fi,150,iPad Pro 10.5‑inch 2017,2017.0,iPad,iPad Pro,10.0,2017,,,,,64.0,,Wi-Fi,
,Retailer Trade-in,Switch,iPad,iPad Pro 10.5‑inch 2017,256GB Cellular,300,iPad Pro 10.5‑inch 2017,2017.0,iPad,iPad Pro,10.0,2017,,,,,256.0,,Cellular,
,Retailer Trade-in,Switch,iPad,iPad Pro 10.5‑inch 2017,256GB Wi-Fi,250,iPad Pro 10.5‑inch 2017,2017.0,iPad,iPad Pro,10.0,2017,,,,,256.0,,Wi-Fi,
,Retailer Trade-in,Switch,iPad,iPad Pro 10.5‑inch 2017,512GB Cellular,350,iPad Pro 10.5‑inch 2017,2017.0,iPad,iPad Pro,10.0,2017,,,,,512.0,,Cellular,
,Retailer Trade-in,Switch,iPad,iPad Pro 10.5‑inch 2017,512GB Wi-Fi,300,iPad Pro 10.5‑inch 2017,2017.0,iPad,iPad Pro,10.0,2017,,,,,512.0,,Wi-Fi,
,Retailer Trade-in,Switch,iPad,iPad Pro 11-inch (Gen 2) 2020,128GB Cellular,830,iPad Pro 11-inch (Gen 2) 2020,2020.0,iPad,iPad Pro,2.0,2020,11.0,,,,128.0,,Cellular,
,Retailer Trade-in,Switch,iPad,iPad Pro 11-inch (Gen 2) 2020,128GB Wi-Fi,750,iPad Pro 11-inch (Gen 2) 2020,2020.0,iPad,iPad Pro,2.0,2020,11.0,,,,128.0,,Wi-Fi,
,Retailer Trade-in,Switch,iPad,iPad Pro 11-inch (Gen 2) 2020,256GB Cellular,930,iPad Pro 11-inch (Gen 2) 2020,2020.0,iPad,iPad Pro,2.0,2020,11.0,,,,256.0,,Cellular,
,Retailer Trade-in,Switch,iPad,iPad Pro 11-inch (Gen 2) 2020,256GB Wi-Fi,830,iPad Pro 11-inch (Gen 2) 2020,2020.0,iPad,iPad Pro,2.0,2020,11.0,,,,256.0,,Wi-Fi,
,Retailer Trade-in,Switch,iPad,iPad Pro 11-inch (Gen 2) 2020,512GB Cellular,1100,iPad Pro 11-inch (Gen 2) 2020,2020.0,iPad,iPad Pro,2.0,2020,11.0,,,,512.0,,Cellular,
,Retailer Trade-in,Switch,iPad,iPad Pro 11-inch (Gen 2) 2020,512GB Wi-Fi,950,iPad Pro 11-inch (Gen 2) 2020,2020.0,iPad,iPad Pro,2.0,2020,11.0,,,,512.0,,Wi-Fi,
,Retailer Trade-in,Switch,iPad,iPad Pro 11-inch (Gen 2) 2020,1TB Cellular,1130,iPad Pro 11-inch (Gen 2) 2020,2020.0,iPad,iPad Pro,2.0,2020,11.0,,,,1024.0,,Cellular,
,Retailer Trade-in,Switch,iPad,iPad Pro 11-inch (Gen 2) 2020,1TB Wi-Fi,1000,iPad Pro 11-inch (Gen 2) 2020,2020.0,iPad,iPad Pro,2.0,2020,11.0,,,,1024.0,,Wi-Fi,
,Retailer Trade-in,Switch,iPad,iPad Pro 11-inch (Gen 3) 2021,128GB Cellular,1130,iPad Pro 11-inch (Gen 3) 2021,2021.0,iPad,iPad Pro,3.0,2021,11.0,,,,128.0,,Cellular,
,Retailer Trade-in,Switch,iPad,iPad Pro 11-inch (Gen 3) 2021,128GB Wi-Fi,1030,iPad Pro 11-inch (Gen 3) 2021,2021.0,iPad,iPad Pro,3.0,2021,11.0,,,,128.0,,Wi-Fi,
,Retailer Trade-in,Switch,iPad,iPad Pro 11-inch (Gen 3) 2021,256GB Cellular,1320,iPad Pro 11-inch (Gen 3) 2021,2021.0,iPad,iPad Pro,3.0,2021,11.0,,,,256.0,,Cellular,
,Retailer Trade-in,Switch,iPad,iPad Pro 11-inch (Gen 3) 2021,256GB Wi-Fi,1200,iPad Pro 11-inch (Gen 3) 2021,2021.0,iPad,iPad Pro,3.0,2021,11.0,,,,256.0,,Wi-Fi,
,Retailer Trade-in,Switch,iPad,iPad Pro 11-inch (Gen 3) 2021,512GB Cellular,1480,iPad Pro 11-inch (Gen 3) 2021,2021.0,iPad,iPad Pro,3.0,2021,11.0,,,,512.0,,Cellular,
,Retailer Trade-in,Switch,iPad,iPad Pro 11-inch (Gen 3) 2021,512GB Wi-Fi,1330,iPad Pro 11-inch (Gen 3) 2021,2021.0,iPad,iPad Pro,3.0,2021,11.0,,,,512.0,,Wi-Fi,
,Retailer Trade-in,Switch,iPad,iPad Pro 11-inch (Gen 3) 2021,1TB Cellular,1560,iPad Pro 11-inch (Gen 3) 2021,2021.0,iPad,iPad Pro,3.0,2021,11.0,,,,1024.0,,Cellular,
,Retailer Trade-in,Switch,iPad,iPad Pro 11-inch (Gen 3) 2021,1TB Wi-Fi,1370,iPad Pro 11-inch (Gen 3) 2021,2021.0,iPad,iPad Pro,3.0,2021,11.0,,,,1024.0,,Wi-Fi,
,Retailer Trade-in,Switch,iPad,iPad Pro 11-inch (Gen 3) 2021,2TB Cellular,1750,iPad Pro 11-inch (Gen 3) 2021,2021.0,iPad,iPad Pro,3.0,2021,11.0,,,,2048.0,,Cellular,
,Retailer Trade-in,Switch,iPad,iPad Pro 11-inch (Gen 3) 2021,2TB Wi-Fi,1560,iPad Pro 11-inch (Gen 3) 2021,2021.0,iPad,iPad Pro,3.0,2021,11.0,,,,2048.0,,Wi-Fi,
,Retailer Trade-in,Switch,iPad,iPad Pro 11-inch M2 (Gen 4) 2022,128GB Cellular,1400,iPad Pro 11-inch M2 (Gen 4) 2022,2022.0,iPad,iPad Pro,4.0,2022,11.0,,M2,,128.0,,Cellular,
,Retailer Trade-in,Switch,iPad,iPad Pro 11-inch M2 (Gen 4) 2022,128GB Wi-Fi,1230,iPad Pro 11-inch M2 (Gen 4) 2022,2022.0,iPad,iPad Pro,4.0,2022,11.0,,M2,,128.0,,Wi-Fi,
,Retailer Trade-in,Switch,iPad,iPad Pro 11-inch M2 (Gen 4) 2022,256GB Cellular,1530,iPad Pro 11-inch M2 (Gen 4) 2022,2022.0,iPad,iPad Pro,4.0,2022,11.0,,M2,,256.0,,Cellular,
,Retailer Trade-in,Switch,iPad,iPad Pro 11-inch M2 (Gen 4) 2022,256GB Wi-Fi,1380,iPad Pro 11-inch M2 (Gen 4) 2022,2022.0,iPad,iPad Pro,4.0,2022,11.0,,M2,,256.0,,Wi-Fi,
,Retailer Trade-in,Switch,iPad,iPad Pro 11-inch M2 (Gen 4) 2022,512GB Cellular,1650,iPad Pro 11-inch M2 (Gen 4) 2022,2022.0,iPad,iPad Pro,4.0,2022,11.0,,M2,,512.0,,Cellular,
,Retailer Trade-in,Switch,iPad,iPad Pro 11-inch M2 (Gen 4) 2022,512GB Wi-Fi,1500,iPad Pro 11-inch M2 (Gen 4) 2022,2022.0,iPad,iPad Pro,4.0,2022,11.0,,M2,,512.0,,Wi-Fi,
,Retailer Trade-in,Switch,iPad,iPad Pro 11-inch M2 (Gen 4) 2022,1TB Cellular,1750,iPad Pro 11-inch M2 (Gen 4) 2022,2022.0,iPad,iPad Pro,4.0,2022,11.0,,M2,,1024.0,,Cellular,
,Retailer Trade-in,Switch,iPad,iPad Pro 11-inch M2 (Gen 4) 2022,1TB Wi-Fi,1600,iPad Pro 11-inch M2 (Gen 4) 2022,2022.0,iPad,iPad Pro,4.0,2022,11.0,,M2,,1024.0,,Wi-Fi,
,Retailer Trade-in,Switch,iPad,iPad Pro 11-inch M2 (Gen 4) 2022,2TB Cellular,1950,iPad Pro 11-inch M2 (Gen 4) 2022,2022.0,iPad,iPad Pro,4.0,2022,11.0,,M2,,2048.0,,Cellular,
,Retailer Trade-in,Switch,iPad,iPad Pro 11-inch M2 (Gen 4) 2022,2TB Wi-Fi,1800,iPad Pro 11-inch M2 (Gen 4) 2022,2022.0,iPad,iPad Pro,4.0,2022,11.0,,M2,,2048.0,,Wi-Fi,
,Retailer Trade-in,Switch,iPad,iPad Pro 11-inch M4 (Gen 5) 2024 Nano Glass,"1TB, Cellular",3000,iPad Pro 11-inch M4 (Gen 5) 2024 Nano Glass,2024.0,iPad,iPad Pro,5.0,2024,11.0,,M4,,1024.0,,Cellular,
,Retailer Trade-in,Switch,iPad,iPad Pro 11-inch M4 (Gen 5) 2024 Nano Glass,"2TB, Cellular",3550,iPad Pro 11-inch M4 (Gen 5) 2024 Nano Glass,2024.0,iPad,iPad Pro,5.0,2024,11.0,,M4,,2048.0,,Cellular,
,Retailer Trade-in,Switch,iPad,iPad Pro 11-inch M4 (Gen 5) 2024 Standard Glass,"256GB, Cellular",2100,iPad Pro 11-inch M4 (Gen 5) 2024 Standard Glass,2024.0,iPad,iPad Pro,5.0,2024,11.0,,M4,,256.0,,Cellular,
,Retailer Trade-in,Switch,iPad,iPad Pro 11-inch M4 (Gen 5) 2024 Standard Glass,"512GB, Cellular",2430,iPad Pro 11-inch M4 (Gen 5) 2024 Standard Glass,2024.0,iPad,iPad Pro,5.0,2024,11.0,,M4,,512.0,,Cellular,
,Retailer Trade-in,Switch,iPad,iPad Pro 11-inch M4 (Gen 5) 2024 Standard Glass,"1TB, Cellular",2950,iPad Pro 11-inch M4 (Gen 5) 2024 Standard Glass,2024.0,iPad,iPad Pro,5.0,2024,11.0,,M4,,1024.0,,Cellular,
,Retailer Trade-in,Switch,iPad,iPad Pro 11-inch M4 (Gen 5) 2024 Standard Glass,"2TB, Cellular",3500,iPad Pro 11-inch M4 (Gen 5) 2024 Standard Glass,2024.0,iPad,iPad Pro,5.0,2024,11.0,,M4,,2048.0,,Cellular,
,Retailer Trade-in,Switch,iPad,iPad Pro 11-inch M4 (Gen 5) 2024 Nano Glass,"1TB, Wi-Fi",2700,iPad Pro 11-inch M4 (Gen 5) 2024 Nano Glass,2024.0,iPad,iPad Pro,5.0,2024,11.0,,M4,,1024.0,,Wi-Fi,
,Retailer Trade-in,Switch,iPad,iPad Pro 11-inch M4 (Gen 5) 2024 Nano Glass,"2TB, Wi-Fi",3250,iPad Pro 11-inch M4 (Gen 5) 2024 Nano Glass,2024.0,iPad,iPad Pro,5.0,2024,11.0,,M4,,2048.0,,Wi-Fi,
,Retailer Trade-in,Switch,iPad,iPad Pro 11-inch M4 (Gen 5) 2024 Standard Glass,"256GB, Wi-Fi",1800,iPad Pro 11-inch M4 (Gen 5) 2024 Standard Glass,2024.0,iPad,iPad Pro,5.0,2024,11.0,,M4,,256.0,,Wi-Fi,
,Retailer Trade-in,Switch,iPad,iPad Pro 11-inch M4 (Gen 5) 2024 Standard Glass,"512GB, Wi-Fi",2180,iPad Pro 11-inch M4 (Gen 5) 2024 Standard Glass,2024.0,iPad,iPad Pro,5.0,2024,11.0,,M4,,512.0,,Wi-Fi,
,Retailer Trade-in,Switch,iPad,iPad Pro 11-inch M4 (Gen 5) 2024 Standard Glass,"1TB, Wi-Fi",2680,iPad Pro 11-inch M4 (Gen 5) 2024 Standard Glass,2024.0,iPad,iPad Pro,5.0,2024,11.0,,M4,,1024.0,,Wi-Fi,
,Retailer Trade-in,Switch,iPad,iPad Pro 11-inch M4 (Gen 5) 2024 Standard Glass,"2TB, Wi-Fi",3210,iPad Pro 11-inch M4 (Gen 5) 2024 Standard Glass,2024.0,iPad,iPad Pro,5.0,2024,11.0,,M4,,2048.0,,Wi-Fi,
,Retailer Trade-in,Switch,iPad,iPad Pro 11‑inch (Gen 1) 2018,64GB Cellular,650,iPad Pro 11‑inch (Gen 1) 2018,2018.0,iPad,iPad Pro,1.0,2018,,,,,64.0,,Cellular,
,Retailer Trade-in,Switch,iPad,iPad Pro 11‑inch (Gen 1) 2018,64GB Wi-Fi,550,iPad Pro 11‑inch (Gen 1) 2018,2018.0,iPad,iPad Pro,1.0,2018,,,,,64.0,,Wi-Fi,
,Retailer Trade-in,Switch,iPad,iPad Pro 11‑inch (Gen 1) 2018,256GB Cellular,750,iPad Pro 11‑inch (Gen 1) 2018,2018.0,iPad,iPad Pro,1.0,2018,,,,,256.0,,Cellular,
,Retailer Trade-in,Switch,iPad,iPad Pro 11‑inch (Gen 1) 2018,256GB Wi-Fi,650,iPad Pro 11‑inch (Gen 1) 2018,2018.0,iPad,iPad Pro,1.0,2018,,,,,256.0,,Wi-Fi,
,Retailer Trade-in,Switch,iPad,iPad Pro 11‑inch (Gen 1) 2018,512GB Cellular,850,iPad Pro 11‑inch (Gen 1) 2018,2018.0,iPad,iPad Pro,1.0,2018,,,,,512.0,,Cellular,
,Retailer Trade-in,Switch,iPad,iPad Pro 11‑inch (Gen 1) 2018,512GB Wi-Fi,750,iPad Pro 11‑inch (Gen 1) 2018,2018.0,iPad,iPad Pro,1.0,2018,,,,,512.0,,Wi-Fi,
,Retailer Trade-in,Switch,iPad,iPad Pro 11‑inch (Gen 1) 2018,1TB Cellular,950,iPad Pro 11‑inch (Gen 1) 2018,2018.0,iPad,iPad Pro,1.0,2018,,,,,1024.0,,Cellular,
,Retailer Trade-in,Switch,iPad,iPad Pro 11‑inch (Gen 1) 2018,1TB Wi-Fi,850,iPad Pro 11‑inch (Gen 1) 2018,2018.0,iPad,iPad Pro,1.0,2018,,,,,1024.0,,Wi-Fi,
,Retailer Trade-in,Switch,iPad,iPad Pro 12.9-inch (Gen 1) 2015,32GB Cellular,190,iPad Pro 12.9-inch (Gen 1) 2015,2015.0,iPad,iPad Pro,1.0,2015,12.9,,,,32.0,,Cellular,
,Retailer Trade-in,Switch,iPad,iPad Pro 12.9-inch (Gen 1) 2015,32GB Wi-Fi,160,iPad Pro 12.9-inch (Gen 1) 2015,2015.0,iPad,iPad Pro,1.0,2015,12.9,,,,32.0,,Wi-Fi,
,Retailer Trade-in,Switch,iPad,iPad Pro 12.9-inch (Gen 5) 2021,128GB Cellular,1280,iPad Pro 12.9-inch (Gen 5) 2021,2021.0,iPad,iPad Pro,5.0,2021,12.9,,,,128.0,,Cellular,
,Retailer Trade-in,Switch,iPad,iPad Pro 12.9-inch (Gen 5) 2021,128GB Wi-Fi,1180,iPad Pro 12.9-inch (Gen 5) 2021,2021.0,iPad,iPad Pro,5.0,2021,12.9,,,,128.0,,Wi-Fi,
,Retailer Trade-in,Switch,iPad,iPad Pro 12.9-inch (Gen 5) 2021,256GB Cellular,1380,iPad Pro 12.9-inch (Gen 5) 2021,2021.0,iPad,iPad Pro,5.0,2021,12.9,,,,256.0,,Cellular,
,Retailer Trade-in,Switch,iPad,iPad Pro 12.9-inch (Gen 5) 2021,256GB Wi-Fi,1300,iPad Pro 12.9-inch (Gen 5) 2021,2021.0,iPad,iPad Pro,5.0,2021,12.9,,,,256.0,,Wi-Fi,
,Retailer Trade-in,Switch,iPad,iPad Pro 12.9-inch (Gen 5) 2021,512GB Cellular,1510,iPad Pro 12.9-inch (Gen 5) 2021,2021.0,iPad,iPad Pro,5.0,2021,12.9,,,,512.0,,Cellular,
,Retailer Trade-in,Switch,iPad,iPad Pro 12.9-inch (Gen 5) 2021,512GB Wi-Fi,1400,iPad Pro 12.9-inch (Gen 5) 2021,2021.0,iPad,iPad Pro,5.0,2021,12.9,,,,512.0,,Wi-Fi,
,Retailer Trade-in,Switch,iPad,iPad Pro 12.9-inch (Gen 5) 2021,1TB Cellular,1660,iPad Pro 12.9-inch (Gen 5) 2021,2021.0,iPad,iPad Pro,5.0,2021,12.9,,,,1024.0,,Cellular,
,Retailer Trade-in,Switch,iPad,iPad Pro 12.9-inch (Gen 5) 2021,1TB Wi-Fi,1510,iPad Pro 12.9-inch (Gen 5) 2021,2021.0,iPad,iPad Pro,5.0,2021,12.9,,,,1024.0,,Wi-Fi,
,Retailer Trade-in,Switch,iPad,iPad Pro 12.9-inch (Gen 5) 2021,2TB Cellular,1810,iPad Pro 12.9-inch (Gen 5) 2021,2021.0,iPad,iPad Pro,5.0,2021,12.9,,,,2048.0,,Cellular,
,Retailer Trade-in,Switch,iPad,iPad Pro 12.9-inch (Gen 5) 2021,2TB Wi-Fi,1740,iPad Pro 12.9-inch (Gen 5) 2021,2021.0,iPad,iPad Pro,5.0,2021,12.9,,,,2048.0,,Wi-Fi,
,Retailer Trade-in,Switch,iPad,iPad Pro 12.9-inch M2 (Gen 6) 2022,128GB Cellular,1580,iPad Pro 12.9-inch M2 (Gen 6) 2022,2022.0,iPad,iPad Pro,6.0,2022,12.9,,M2,,128.0,,Cellular,
,Retailer Trade-in,Switch,iPad,iPad Pro 12.9-inch M2 (Gen 6) 2022,128GB Wi-Fi,1430,iPad Pro 12.9-inch M2 (Gen 6) 2022,2022.0,iPad,iPad Pro,6.0,2022,12.9,,M2,,128.0,,Wi-Fi,
,Retailer Trade-in,Switch,iPad,iPad Pro 12.9-inch M2 (Gen 6) 2022,256GB Cellular,1700,iPad Pro 12.9-inch M2 (Gen 6) 2022,2022.0,iPad,iPad Pro,6.0,2022,12.9,,M2,,256.0,,Cellular,
,Retailer Trade-in,Switch,iPad,iPad Pro 12.9-inch M2 (Gen 6) 2022,256GB Wi-Fi,1550,iPad Pro 12.9-inch M2 (Gen 6) 2022,2022.0,iPad,iPad Pro,6.0,2022,12.9,,M2,,256.0,,Wi-Fi,
,Retailer Trade-in,Switch,iPad,iPad Pro 12.9-inch M2 (Gen 6) 2022,512GB Cellular,1850,iPad Pro 12.9-inch M2 (Gen 6) 2022,2022.0,iPad,iPad Pro,6.0,2022,12.9,,M2,,512.0,,Cellular,
,Retailer Trade-in,Switch,iPad,iPad Pro 12.9-inch M2 (Gen 6) 2022,512GB Wi-Fi,1680,iPad Pro 12.9-inch M2 (Gen 6) 2022,2022.0,iPad,iPad Pro,6.0,2022,12.9,,M2,,512.0,,Wi-Fi,
,Retailer Trade-in,Switch,iPad,iPad Pro 12.9-inch M2 (Gen 6) 2022,1TB Cellular,1930,iPad Pro 12.9-inch M2 (Gen 6) 2022,2022.0,iPad,iPad Pro,6.0,2022,12.9,,M2,,1024.0,,Cellular,
,Retailer Trade-in,Switch,iPad,iPad Pro 12.9-inch M2 (Gen 6) 2022,1TB Wi-Fi,1880,iPad Pro 12.9-inch M2 (Gen 6) 2022,2022.0,iPad,iPad Pro,6.0,2022,12.9,,M2,,1024.0,,Wi-Fi,
,Retailer Trade-in,Switch,iPad,iPad Pro 12.9-inch M2 (Gen 6) 2022,2TB Cellular,2130,iPad Pro 12.9-inch M2 (Gen 6) 2022,2022.0,iPad,iPad Pro,6.0,2022,12.9,,M2,,2048.0,,Cellular,
,Retailer Trade-in,Switch,iPad,iPad Pro 12.9-inch M2 (Gen 6) 2022,2TB Wi-Fi,2080,iPad Pro 12.9-inch M2 (Gen 6) 2022,2022.0,iPad,iPad Pro,6.0,2022,12.9,,M2,,2048.0,,Wi-Fi,
,Retailer Trade-in,Switch,iPad,iPad Pro 12.9-inch (Gen 1) 2015,128GB Cellular,200,iPad Pro 12.9-inch (Gen 1) 2015,2015.0,iPad,iPad Pro,1.0,2015,12.9,,,,128.0,,Cellular,
,Retailer Trade-in,Switch,iPad,iPad Pro 12.9-inch (Gen 1) 2015,128GB Wi-Fi,170,iPad Pro 12.9-inch (Gen 1) 2015,2015.0,iPad,iPad Pro,1.0,2015,12.9,,,,128.0,,Wi-Fi,
,Retailer Trade-in,Switch,iPad,iPad Pro 12.9-inch (Gen 1) 2015,256GB Cellular,250,iPad Pro 12.9-inch (Gen 1) 2015,2015.0,iPad,iPad Pro,1.0,2015,12.9,,,,256.0,,Cellular,
,Retailer Trade-in,Switch,iPad,iPad Pro 12.9-inch (Gen 1) 2015,256GB Wi-Fi,200,iPad Pro 12.9-inch (Gen 1) 2015,2015.0,iPad,iPad Pro,1.0,2015,12.9,,,,256.0,,Wi-Fi,
,Retailer Trade-in,Switch,iPad,iPad Pro 12.9‑inch (Gen 2) 2017,64GB Cellular,410,iPad Pro 12.9‑inch (Gen 2) 2017,2017.0,iPad,iPad Pro,2.0,2017,,,,,64.0,,Cellular,
,Retailer Trade-in,Switch,iPad,iPad Pro 12.9‑inch (Gen 2) 2017,64GB Wi-Fi,380,iPad Pro 12.9‑inch (Gen 2) 2017,2017.0,iPad,iPad Pro,2.0,2017,,,,,64.0,,Wi-Fi,
,Retailer Trade-in,Switch,iPad,iPad Pro 12.9‑inch (Gen 2) 2017,256GB Cellular,480,iPad Pro 12.9‑inch (Gen 2) 2017,2017.0,iPad,iPad Pro,2.0,2017,,,,,256.0,,Cellular,
,Retailer Trade-in,Switch,iPad,iPad Pro 12.9‑inch (Gen 2) 2017,256GB Wi-Fi,430,iPad Pro 12.9‑inch (Gen 2) 2017,2017.0,iPad,iPad Pro,2.0,2017,,,,,256.0,,Wi-Fi,
,Retailer Trade-in,Switch,iPad,iPad Pro 12.9‑inch (Gen 2) 2017,512GB Cellular,580,iPad Pro 12.9‑inch (Gen 2) 2017,2017.0,iPad,iPad Pro,2.0,2017,,,,,512.0,,Cellular,
,Retailer Trade-in,Switch,iPad,iPad Pro 12.9‑inch (Gen 2) 2017,512GB Wi-Fi,560,iPad Pro 12.9‑inch (Gen 2) 2017,2017.0,iPad,iPad Pro,2.0,2017,,,,,512.0,,Wi-Fi,
,Retailer Trade-in,Switch,iPad,iPad Pro 12.9‑inch (Gen 3) 2018,64GB Cellular,750,iPad Pro 12.9‑inch (Gen 3) 2018,2018.0,iPad,iPad Pro,3.0,2018,,,,,64.0,,Cellular,
,Retailer Trade-in,Switch,iPad,iPad Pro 12.9‑inch (Gen 3) 2018,64GB Wi-Fi,650,iPad Pro 12.9‑inch (Gen 3) 2018,2018.0,iPad,iPad Pro,3.0,2018,,,,,64.0,,Wi-Fi,
,Retailer Trade-in,Switch,iPad,iPad Pro 12.9‑inch (Gen 3) 2018,256GB Cellular,850,iPad Pro 12.9‑inch (Gen 3) 2018,2018.0,iPad,iPad Pro,3.0,2018,,,,,256.0,,Cellular,
,Retailer Trade-in,Switch,iPad,iPad Pro 12.9‑inch (Gen 3) 2018,256GB Wi-Fi,750,iPad Pro 12.9‑inch (Gen 3) 2018,2018.0,iPad,iPad Pro,3.0,2018,,,,,256.0,,Wi-Fi,
,Retailer Trade-in,Switch,iPad,iPad Pro 12.9‑inch (Gen 3) 2018,512GB Cellular,950,iPad Pro 12.9‑inch (Gen 3) 2018,2018.0,iPad,iPad Pro,3.0,2018,,,,,512.0,,Cellular,
,Retailer Trade-in,Switch,iPad,iPad Pro 12.9‑inch (Gen 3) 2018,512GB Wi-Fi,850,iPad Pro 12.9‑inch (Gen 3) 2018,2018.0,iPad,iPad Pro,3.0,2018,,,,,512.0,,Wi-Fi,
,Retailer Trade-in,Switch,iPad,iPad Pro 12.9‑inch (Gen 3) 2018,1TB Cellular,1050,iPad Pro 12.9‑inch (Gen 3) 2018,2018.0,iPad,iPad Pro,3.0,2018,,,,,1024.0,,Cellular,
,Retailer Trade-in,Switch,iPad,iPad Pro 12.9‑inch (Gen 3) 2018,1TB Wi-Fi,950,iPad Pro 12.9‑inch (Gen 3) 2018,2018.0,iPad,iPad Pro,3.0,2018,,,,,1024.0,,Wi-Fi,
,Retailer Trade-in,Switch,iPad,iPad Pro 12.9‑inch (Gen 4) 2020,128GB Cellular,1100,iPad Pro 12.9‑inch (Gen 4) 2020,2020.0,iPad,iPad Pro,4.0,2020,,,,,128.0,,Cellular,
,Retailer Trade-in,Switch,iPad,iPad Pro 12.9‑inch (Gen 4) 2020,128GB Wi-Fi,930,iPad Pro 12.9‑inch (Gen 4) 2020,2020.0,iPad,iPad Pro,4.0,2020,,,,,128.0,,Wi-Fi,
,Retailer Trade-in,Switch,iPad,iPad Pro 12.9‑inch (Gen 4) 2020,256GB Cellular,1230,iPad Pro 12.9‑inch (Gen 4) 2020,2020.0,iPad,iPad Pro,4.0,2020,,,,,256.0,,Cellular,
,Retailer Trade-in,Switch,iPad,iPad Pro 12.9‑inch (Gen 4) 2020,256GB Wi-Fi,1100,iPad Pro 12.9‑inch (Gen 4) 2020,2020.0,iPad,iPad Pro,4.0,2020,,,,,256.0,,Wi-Fi,
,Retailer Trade-in,Switch,iPad,iPad Pro 12.9‑inch (Gen 4) 2020,512GB Cellular,1380,iPad Pro 12.9‑inch (Gen 4) 2020,2020.0,iPad,iPad Pro,4.0,2020,,,,,512.0,,Cellular,
,Retailer Trade-in,Switch,iPad,iPad Pro 12.9‑inch (Gen 4) 2020,512GB Wi-Fi,1230,iPad Pro 12.9‑inch (Gen 4) 2020,2020.0,iPad,iPad Pro,4.0,2020,,,,,512.0,,Wi-Fi,
,Retailer Trade-in,Switch,iPad,iPad Pro 12.9‑inch (Gen 4) 2020,1TB Cellular,1450,iPad Pro 12.9‑inch (Gen 4) 2020,2020.0,iPad,iPad Pro,4.0,2020,,,,,1024.0,,Cellular,
,Retailer Trade-in,Switch,iPad,iPad Pro 12.9‑inch (Gen 4) 2020,1TB Wi-Fi,1310,iPad Pro 12.9‑inch (Gen 4) 2020,2020.0,iPad,iPad Pro,4.0,2020,,,,,1024.0,,Wi-Fi,
,Retailer Trade-in,Switch,iPad,iPad Pro 13-inch M4 (Gen 7) 2024 Nano Glass,"1TB, Cellular",3650,iPad Pro 13-inch M4 (Gen 7) 2024 Nano Glass,2024.0,iPad,iPad Pro,7.0,2024,13.0,,M4,,1024.0,,Cellular,
,Retailer Trade-in,Switch,iPad,iPad Pro 13-inch M4 (Gen 7) 2024 Nano Glass,"2TB, Cellular",4200,iPad Pro 13-inch M4 (Gen 7) 2024 Nano Glass,2024.0,iPad,iPad Pro,7.0,2024,13.0,,M4,,2048.0,,Cellular,
,Retailer Trade-in,Switch,iPad,iPad Pro 13-inch M4 (Gen 7) 2024 Standard Glass,"256GB, Cellular",2620,iPad Pro 13-inch M4 (Gen 7) 2024 Standard Glass,2024.0,iPad,iPad Pro,7.0,2024,13.0,,M4,,256.0,,Cellular,
,Retailer Trade-in,Switch,iPad,iPad Pro 13-inch M4 (Gen 7) 2024 Standard Glass,"512GB, Cellular",3000,iPad Pro 13-inch M4 (Gen 7) 2024 Standard Glass,2024.0,iPad,iPad Pro,7.0,2024,13.0,,M4,,512.0,,Cellular,
,Retailer Trade-in,Switch,iPad,iPad Pro 13-inch M4 (Gen 7) 2024 Standard Glass,"1TB, Cellular",3600,iPad Pro 13-inch M4 (Gen 7) 2024 Standard Glass,2024.0,iPad,iPad Pro,7.0,2024,13.0,,M4,,1024.0,,Cellular,
,Retailer Trade-in,Switch,iPad,iPad Pro 13-inch M4 (Gen 7) 2024 Standard Glass,"2TB, Cellular",4150,iPad Pro 13-inch M4 (Gen 7) 2024 Standard Glass,2024.0,iPad,iPad Pro,7.0,2024,13.0,,M4,,2048.0,,Cellular,
,Retailer Trade-in,Switch,iPad,iPad Pro 13-inch M4 (Gen 7) 2024 Nano Glass,"1TB, Wi-Fi",3250,iPad Pro 13-inch M4 (Gen 7) 2024 Nano Glass,2024.0,iPad,iPad Pro,7.0,2024,13.0,,M4,,1024.0,,Wi-Fi,
,Retailer Trade-in,Switch,iPad,iPad Pro 13-inch M4 (Gen 7) 2024 Nano Glass,"2TB, Wi-Fi",3800,iPad Pro 13-inch M4 (Gen 7) 2024 Nano Glass,2024.0,iPad,iPad Pro,7.0,2024,13.0,,M4,,2048.0,,Wi-Fi,
,Retailer Trade-in,Switch,iPad,iPad Pro 13-inch M4 (Gen 7) 2024 Standard Glass,"256GB, Wi-Fi",2230,iPad Pro 13-inch M4 (Gen 7) 2024 Standard Glass,2024.0,iPad,iPad Pro,7.0,2024,13.0,,M4,,256.0,,Wi-Fi,
,Retailer Trade-in,Switch,iPad,iPad Pro 13-inch M4 (Gen 7) 2024 Standard Glass,"512GB, Wi-Fi",2650,iPad Pro 13-inch M4 (Gen 7) 2024 Standard Glass,2024.0,iPad,iPad Pro,7.0,2024,13.0,,M4,,512.0,,Wi-Fi,
,Retailer Trade-in,Switch,iPad,iPad Pro 13-inch M4 (Gen 7) 2024 Standard Glass,"1TB, Wi-Fi",3210,iPad Pro 13-inch M4 (Gen 7) 2024 Standard Glass,2024.0,iPad,iPad Pro,7.0,2024,13.0,,M4,,1024.0,,Wi-Fi,
,Retailer Trade-in,Switch,iPad,iPad Pro 13-inch M4 (Gen 7) 2024 Standard Glass,"2TB, Wi-Fi",3780,iPad Pro 13-inch M4 (Gen 7) 2024 Standard Glass,2024.0,iPad,iPad Pro,7.0,2024,13.0,,M4,,2048.0,,Wi-Fi,
,Retailer Trade-in,Switch,iPad,iPad Pro 9.7‑inch 2016,32GB Cellular,160,iPad Pro 9.7‑inch 2016,2016.0,iPad,iPad Pro,9.0,2016,,,,,32.0,,Cellular,
,Retailer Trade-in,Switch,iPad,iPad Pro 9.7‑inch 2016,32GB Wi-Fi,150,iPad Pro 9.7‑inch 2016,2016.0,iPad,iPad Pro,9.0,2016,,,,,32.0,,Wi-Fi,
,Retailer Trade-in,Switch,iPad,iPad Pro 9.7‑inch 2016,128GB Cellular,170,iPad Pro 9.7‑inch 2016,2016.0,iPad,iPad Pro,9.0,2016,,,,,128.0,,Cellular,
,Retailer Trade-in,Switch,iPad,iPad Pro 9.7‑inch 2016,128GB Wi-Fi,160,iPad Pro 9.7‑inch 2016,2016.0,iPad,iPad Pro,9.0,2016,,,,,128.0,,Wi-Fi,
,Retailer Trade-in,Switch,iPad,iPad Pro 9.7‑inch 2016,256GB Cellular,210,iPad Pro 9.7‑inch 2016,2016.0,iPad,iPad Pro,9.0,2016,,,,,256.0,,Cellular,
,Retailer Trade-in,Switch,iPad,iPad Pro 9.7‑inch 2016,256GB Wi-Fi,200,iPad Pro 9.7‑inch 2016,2016.0,iPad,iPad Pro,9.0,2016,,,,,256.0,,Wi-Fi,
,Retailer Trade-in,UR,iPad,iPad 10 10.9-inch,"64GB, Cellular",690,iPad 10 10.9-inch,2022.0,iPad,iPad,10.0,,10.9,,,,64.0,,Cellular,
,Retailer Trade-in,UR,iPad,iPad 10 10.9-inch,"256GB, Cellular",800,iPad 10 10.9-inch,2022.0,iPad,iPad,10.0,,10.9,,,,256.0,,Cellular,
,Retailer Trade-in,UR,iPad,iPad 10 10.9-inch,"64GB, Wi-Fi",610,iPad 10 10.9-inch,2022.0,iPad,iPad,10.0,,10.9,,,,64.0,,Wi-Fi,
,Retailer Trade-in,UR,iPad,iPad 10 10.9-inch,"256GB, Wi-Fi",690,iPad 10 10.9-inch,2022.0,iPad,iPad,10.0,,10.9,,,,256.0,,Wi-Fi,
,Retailer Trade-in,UR,iPad,iPad 11 11-inch A16,"128GB, Cellular",840,iPad 11 11-inch A16,2025.0,iPad,iPad,11.0,,11.0,,A16,,128.0,,Cellular,
,Retailer Trade-in,UR,iPad,iPad 11 11-inch A16,"256GB, Cellular",1040,iPad 11 11-inch A16,2025.0,iPad,iPad,11.0,,11.0,,A16,,256.0,,Cellular,
,Retailer Trade-in,UR,iPad,iPad 11 11-inch A16,"512GB, Cellular",1370,iPad 11 11-inch A16,2025.0,iPad,iPad,11.0,,11.0,,A16,,512.0,,Cellular,
,Retailer Trade-in,UR,iPad,iPad 11 11-inch A16,"128GB, Wi-Fi",640,iPad 11 11-inch A16,2025.0,iPad,iPad,11.0,,11.0,,A16,,128.0,,Wi-Fi,
,Retailer Trade-in,UR,iPad,iPad 11 11-inch A16,"256GB, Wi-Fi",820,iPad 11 11-inch A16,2025.0,iPad,iPad,11.0,,11.0,,A16,,256.0,,Wi-Fi,
,Retailer Trade-in,UR,iPad,iPad 11 11-inch A16,"512GB, Wi-Fi",1110,iPad 11 11-inch A16,2025.0,iPad,iPad,11.0,,11.0,,A16,,512.0,,Wi-Fi,
,Retailer Trade-in,UR,iPad,iPad 4 9.7-inch,16GB Cellular,60,iPad 4 9.7-inch,2012.0,iPad,iPad,4.0,,9.7,,,,16.0,,Cellular,
,Retailer Trade-in,UR,iPad,iPad 4 9.7-inch,16GB Wi-Fi,50,iPad 4 9.7-inch,2012.0,iPad,iPad,4.0,,9.7,,,,16.0,,Wi-Fi,
,Retailer Trade-in,UR,iPad,iPad 4 9.7-inch,32GB Cellular,60,iPad 4 9.7-inch,2012.0,iPad,iPad,4.0,,9.7,,,,32.0,,Cellular,
,Retailer Trade-in,UR,iPad,iPad 4 9.7-inch,32GB Wi-Fi,50,iPad 4 9.7-inch,2012.0,iPad,iPad,4.0,,9.7,,,,32.0,,Wi-Fi,
,Retailer Trade-in,UR,iPad,iPad 4 9.7-inch,64GB Cellular,60,iPad 4 9.7-inch,2012.0,iPad,iPad,4.0,,9.7,,,,64.0,,Cellular,
,Retailer Trade-in,UR,iPad,iPad 4 9.7-inch,64GB Wi-Fi,50,iPad 4 9.7-inch,2012.0,iPad,iPad,4.0,,9.7,,,,64.0,,Wi-Fi,
,Retailer Trade-in,UR,iPad,iPad 4 9.7-inch,128GB Cellular,60,iPad 4 9.7-inch,2012.0,iPad,iPad,4.0,,9.7,,,,128.0,,Cellular,
,Retailer Trade-in,UR,iPad,iPad 4 9.7-inch,128GB Wi-Fi,50,iPad 4 9.7-inch,2012.0,iPad,iPad,4.0,,9.7,,,,128.0,,Wi-Fi,
,Retailer Trade-in,UR,iPad,iPad 5 9.7-inch,32GB Cellular,100,iPad 5 9.7-inch,2017.0,iPad,iPad,5.0,,9.7,,,,32.0,,Cellular,
,Retailer Trade-in,UR,iPad,iPad 5 9.7-inch,32GB Wi-Fi,80,iPad 5 9.7-inch,2017.0,iPad,iPad,5.0,,9.7,,,,32.0,,Wi-Fi,
,Retailer Trade-in,UR,iPad,iPad 5 9.7-inch,128GB Cellular,130,iPad 5 9.7-inch,2017.0,iPad,iPad,5.0,,9.7,,,,128.0,,Cellular,
,Retailer Trade-in,UR,iPad,iPad 5 9.7-inch,128GB Wi-Fi,100,iPad 5 9.7-inch,2017.0,iPad,iPad,5.0,,9.7,,,,128.0,,Wi-Fi,
,Retailer Trade-in,UR,iPad,iPad 6 9.7-inch,32GB Cellular,130,iPad 6 9.7-inch,2018.0,iPad,iPad,6.0,,9.7,,,,32.0,,Cellular,
,Retailer Trade-in,UR,iPad,iPad 6 9.7-inch,32GB Wi-Fi,100,iPad 6 9.7-inch,2018.0,iPad,iPad,6.0,,9.7,,,,32.0,,Wi-Fi,
,Retailer Trade-in,UR,iPad,iPad 6 9.7-inch,128GB Cellular,170,iPad 6 9.7-inch,2018.0,iPad,iPad,6.0,,9.7,,,,128.0,,Cellular,
,Retailer Trade-in,UR,iPad,iPad 6 9.7-inch,128GB Wi-Fi,130,iPad 6 9.7-inch,2018.0,iPad,iPad,6.0,,9.7,,,,128.0,,Wi-Fi,
,Retailer Trade-in,UR,iPad,iPad 7 10.2‑inch,32GB Cellular,170,iPad 7 10.2‑inch,2019.0,iPad,iPad,7.0,,,,,,32.0,,Cellular,
,Retailer Trade-in,UR,iPad,iPad 7 10.2‑inch,32GB Wi-Fi,150,iPad 7 10.2‑inch,2019.0,iPad,iPad,7.0,,,,,,32.0,,Wi-Fi,
,Retailer Trade-in,UR,iPad,iPad 7 10.2‑inch,128GB Cellular,340,iPad 7 10.2‑inch,2019.0,iPad,iPad,7.0,,,,,,128.0,,Cellular,
,Retailer Trade-in,UR,iPad,iPad 7 10.2‑inch,128GB Wi-Fi,240,iPad 7 10.2‑inch,2019.0,iPad,iPad,7.0,,,,,,128.0,,Wi-Fi,
,Retailer Trade-in,UR,iPad,iPad 8 10.2-inch,32GB Cellular,310,iPad 8 10.2-inch,2020.0,iPad,iPad,8.0,,10.2,,,,32.0,,Cellular,
,Retailer Trade-in,UR,iPad,iPad 8 10.2-inch,32GB Wi-Fi,200,iPad 8 10.2-inch,2020.0,iPad,iPad,8.0,,10.2,,,,32.0,,Wi-Fi,
,Retailer Trade-in,UR,iPad,iPad 8 10.2-inch,128GB Cellular,360,iPad 8 10.2-inch,2020.0,iPad,iPad,8.0,,10.2,,,,128.0,,Cellular,
,Retailer Trade-in,UR,iPad,iPad 8 10.2-inch,128GB Wi-Fi,260,iPad 8 10.2-inch,2020.0,iPad,iPad,8.0,,10.2,,,,128.0,,Wi-Fi,
,Retailer Trade-in,UR,iPad,iPad 9 10.2-inch,64GB Cellular,350,iPad 9 10.2-inch,2021.0,iPad,iPad,9.0,,10.2,,,,64.0,,Cellular,
,Retailer Trade-in,UR,iPad,iPad 9 10.2-inch,64GB Wi-Fi,300,iPad 9 10.2-inch,2021.0,iPad,iPad,9.0,,10.2,,,,64.0,,Wi-Fi,
,Retailer Trade-in,UR,iPad,iPad 9 10.2-inch,256GB Cellular,450,iPad 9 10.2-inch,2021.0,iPad,iPad,9.0,,10.2,,,,256.0,,Cellular,
,Retailer Trade-in,UR,iPad,iPad 9 10.2-inch,256GB Wi-Fi,400,iPad 9 10.2-inch,2021.0,iPad,iPad,9.0,,10.2,,,,256.0,,Wi-Fi,
,Retailer Trade-in,UR,iPad,iPad Air 1,16GB Cellular,60,iPad Air 1,2013.0,iPad,iPad Air,1.0,,,,,,16.0,,Cellular,
,Retailer Trade-in,UR,iPad,iPad Air 1,16GB Wi-Fi,40,iPad Air 1,2013.0,iPad,iPad Air,1.0,,,,,,16.0,,Wi-Fi,
,Retailer Trade-in,UR,iPad,iPad Air 1,32GB Cellular,80,iPad Air 1,2013.0,iPad,iPad Air,1.0,,,,,,32.0,,Cellular,
,Retailer Trade-in,UR,iPad,iPad Air 1,32GB Wi-Fi,60,iPad Air 1,2013.0,iPad,iPad Air,1.0,,,,,,32.0,,Wi-Fi,
,Retailer Trade-in,UR,iPad,iPad Air 1,64GB Cellular,90,iPad Air 1,2013.0,iPad,iPad Air,1.0,,,,,,64.0,,Cellular,
,Retailer Trade-in,UR,iPad,iPad Air 1,64GB Wi-Fi,70,iPad Air 1,2013.0,iPad,iPad Air,1.0,,,,,,64.0,,Wi-Fi,
,Retailer Trade-in,UR,iPad,iPad Air 1,128GB Cellular,100,iPad Air 1,2013.0,iPad,iPad Air,1.0,,,,,,128.0,,Cellular,
,Retailer Trade-in,UR,iPad,iPad Air 1,128GB Wi-Fi,80,iPad Air 1,2013.0,iPad,iPad Air,1.0,,,,,,128.0,,Wi-Fi,
,Retailer Trade-in,UR,iPad,iPad Air 2,16GB Cellular,100,iPad Air 2,2014.0,iPad,iPad Air,2.0,,,,,,16.0,,Cellular,
,Retailer Trade-in,UR,iPad,iPad Air 2,16GB Wi-Fi,80,iPad Air 2,2014.0,iPad,iPad Air,2.0,,,,,,16.0,,Wi-Fi,
,Retailer Trade-in,UR,iPad,iPad Air 2,32GB Cellular,120,iPad Air 2,2014.0,iPad,iPad Air,2.0,,,,,,32.0,,Cellular,
,Retailer Trade-in,UR,iPad,iPad Air 2,32GB Wi-Fi,90,iPad Air 2,2014.0,iPad,iPad Air,2.0,,,,,,32.0,,Wi-Fi,
,Retailer Trade-in,UR,iPad,iPad Air 2,64GB Cellular,130,iPad Air 2,2014.0,iPad,iPad Air,2.0,,,,,,64.0,,Cellular,
,Retailer Trade-in,UR,iPad,iPad Air 2,64GB Wi-Fi,100,iPad Air 2,2014.0,iPad,iPad Air,2.0,,,,,,64.0,,Wi-Fi,
,Retailer Trade-in,UR,iPad,iPad Air 2,128GB Cellular,150,iPad Air 2,2014.0,iPad,iPad Air,2.0,,,,,,128.0,,Cellular,
,Retailer Trade-in,UR,iPad,iPad Air 2,128GB Wi-Fi,120,iPad Air 2,2014.0,iPad,iPad Air,2.0,,,,,,128.0,,Wi-Fi,
,Retailer Trade-in,UR,iPad,iPad Air 3,64GB Cellular,350,iPad Air 3,2019.0,iPad,iPad Air,3.0,,,,,,64.0,,Cellular,
,Retailer Trade-in,UR,iPad,iPad Air 3,64GB Wi-Fi,250,iPad Air 3,2019.0,iPad,iPad Air,3.0,,,,,,64.0,,Wi-Fi,
,Retailer Trade-in,UR,iPad,iPad Air 3,256GB Cellular,500,iPad Air 3,2019.0,iPad,iPad Air,3.0,,,,,,256.0,,Cellular,
,Retailer Trade-in,UR,iPad,iPad Air 3,256GB Wi-Fi,400,iPad Air 3,2019.0,iPad,iPad Air,3.0,,,,,,256.0,,Wi-Fi,
,Retailer Trade-in,UR,iPad,iPad Air 4,64GB Cellular,730,iPad Air 4,2020.0,iPad,iPad Air,4.0,,,,,,64.0,,Cellular,
,Retailer Trade-in,UR,iPad,iPad Air 4,64GB Wi-Fi,560,iPad Air 4,2020.0,iPad,iPad Air,4.0,,,,,,64.0,,Wi-Fi,
,Retailer Trade-in,UR,iPad,iPad Air 4,256GB Cellular,850,iPad Air 4,2020.0,iPad,iPad Air,4.0,,,,,,256.0,,Cellular,
,Retailer Trade-in,UR,iPad,iPad Air 4,256GB Wi-Fi,700,iPad Air 4,2020.0,iPad,iPad Air,4.0,,,,,,256.0,,Wi-Fi,
,Retailer Trade-in,UR,iPad,iPad Air 5,64GB Cellular,950,iPad Air 5,2022.0,iPad,iPad Air,5.0,,,,,,64.0,,Cellular,
,Retailer Trade-in,UR,iPad,iPad Air 5,64GB Wi-Fi,840,iPad Air 5,2022.0,iPad,iPad Air,5.0,,,,,,64.0,,Wi-Fi,
,Retailer Trade-in,UR,iPad,iPad Air 5,256GB Cellular,1050,iPad Air 5,2022.0,iPad,iPad Air,5.0,,,,,,256.0,,Cellular,
,Retailer Trade-in,UR,iPad,iPad Air 5,256GB Wi-Fi,950,iPad Air 5,2022.0,iPad,iPad Air,5.0,,,,,,256.0,,Wi-Fi,
,Retailer Trade-in,UR,iPad,iPad Air 6 M2 11-inch,"128GB, Cellular",1400,iPad Air 6 M2 11-inch,2024.0,iPad,iPad Air,6.0,,11.0,,M2 ,,128.0,,Cellular,
,Retailer Trade-in,UR,iPad,iPad Air 6 M2 11-inch,"256GB, Cellular",1530,iPad Air 6 M2 11-inch,2024.0,iPad,iPad Air,6.0,,11.0,,M2 ,,256.0,,Cellular,
,Retailer Trade-in,UR,iPad,iPad Air 6 M2 11-inch,"512GB, Cellular",1650,iPad Air 6 M2 11-inch,2024.0,iPad,iPad Air,6.0,,11.0,,M2 ,,512.0,,Cellular,
,Retailer Trade-in,UR,iPad,iPad Air 6 M2 11-inch,"1TB, Cellular",1850,iPad Air 6 M2 11-inch,2024.0,iPad,iPad Air,6.0,,11.0,,M2 ,,1024.0,,Cellular,
,Retailer Trade-in,UR,iPad,iPad Air 6 M2 11-inch,"128GB, Wi-Fi",1050,iPad Air 6 M2 11-inch,2024.0,iPad,iPad Air,6.0,,11.0,,M2 ,,128.0,,Wi-Fi,
,Retailer Trade-in,UR,iPad,iPad Air 6 M2 11-inch,"256GB, Wi-Fi",1150,iPad Air 6 M2 11-inch,2024.0,iPad,iPad Air,6.0,,11.0,,M2 ,,256.0,,Wi-Fi,
,Retailer Trade-in,UR,iPad,iPad Air 6 M2 11-inch,"512GB, Wi-Fi",1300,iPad Air 6 M2 11-inch,2024.0,iPad,iPad Air,6.0,,11.0,,M2 ,,512.0,,Wi-Fi,
,Retailer Trade-in,UR,iPad,iPad Air 6 M2 11-inch,"1TB, Wi-Fi",1450,iPad Air 6 M2 11-inch,2024.0,iPad,iPad Air,6.0,,11.0,,M2 ,,1024.0,,Wi-Fi,
,Retailer Trade-in,UR,iPad,iPad Air 6 M2 13-inch,"128GB, Cellular",1580,iPad Air 6 M2 13-inch,2024.0,iPad,iPad Air,6.0,,13.0,,M2 ,,128.0,,Cellular,
,Retailer Trade-in,UR,iPad,iPad Air 6 M2 13-inch,"256GB, Cellular",1780,iPad Air 6 M2 13-inch,2024.0,iPad,iPad Air,6.0,,13.0,,M2 ,,256.0,,Cellular,
,Retailer Trade-in,UR,iPad,iPad Air 6 M2 13-inch,"512GB, Cellular",1900,iPad Air 6 M2 13-inch,2024.0,iPad,iPad Air,6.0,,13.0,,M2 ,,512.0,,Cellular,
,Retailer Trade-in,UR,iPad,iPad Air 6 M2 13-inch,"1TB, Cellular",2100,iPad Air 6 M2 13-inch,2024.0,iPad,iPad Air,6.0,,13.0,,M2 ,,1024.0,,Cellular,
,Retailer Trade-in,UR,iPad,iPad Air 6 M2 13-inch,"128GB, Wi-Fi",1300,iPad Air 6 M2 13-inch,2024.0,iPad,iPad Air,6.0,,13.0,,M2 ,,128.0,,Wi-Fi,
,Retailer Trade-in,UR,iPad,iPad Air 6 M2 13-inch,"256GB, Wi-Fi",1480,iPad Air 6 M2 13-inch,2024.0,iPad,iPad Air,6.0,,13.0,,M2 ,,256.0,,Wi-Fi,
,Retailer Trade-in,UR,iPad,iPad Air 6 M2 13-inch,"512GB, Wi-Fi",1700,iPad Air 6 M2 13-inch,2024.0,iPad,iPad Air,6.0,,13.0,,M2 ,,512.0,,Wi-Fi,
,Retailer Trade-in,UR,iPad,iPad Air 6 M2 13-inch,"1TB, Wi-Fi",1850,iPad Air 6 M2 13-inch,2024.0,iPad,iPad Air,6.0,,13.0,,M2 ,,1024.0,,Wi-Fi,
,Retailer Trade-in,UR,iPad,iPad Air 7 M3 11-inch,"128GB, Cellular",1660,iPad Air 7 M3 11-inch,2025.0,iPad,iPad Air,7.0,,11.0,,M3 ,,128.0,,Cellular,
,Retailer Trade-in,UR,iPad,iPad Air 7 M3 11-inch,"256GB, Cellular",1850,iPad Air 7 M3 11-inch,2025.0,iPad,iPad Air,7.0,,11.0,,M3 ,,256.0,,Cellular,
,Retailer Trade-in,UR,iPad,iPad Air 7 M3 11-inch,"512GB, Cellular",2100,iPad Air 7 M3 11-inch,2025.0,iPad,iPad Air,7.0,,11.0,,M3 ,,512.0,,Cellular,
,Retailer Trade-in,UR,iPad,iPad Air 7 M3 11-inch,"1TB, Cellular",2350,iPad Air 7 M3 11-inch,2025.0,iPad,iPad Air,7.0,,11.0,,M3 ,,1024.0,,Cellular,
,Retailer Trade-in,UR,iPad,iPad Air 7 M3 11-inch,"128GB, Wi-Fi",1280,iPad Air 7 M3 11-inch,2025.0,iPad,iPad Air,7.0,,11.0,,M3 ,,128.0,,Wi-Fi,
,Retailer Trade-in,UR,iPad,iPad Air 7 M3 11-inch,"256GB, Wi-Fi",1480,iPad Air 7 M3 11-inch,2025.0,iPad,iPad Air,7.0,,11.0,,M3 ,,256.0,,Wi-Fi,
,Retailer Trade-in,UR,iPad,iPad Air 7 M3 11-inch,"512GB, Wi-Fi",1700,iPad Air 7 M3 11-inch,2025.0,iPad,iPad Air,7.0,,11.0,,M3 ,,512.0,,Wi-Fi,
,Retailer Trade-in,UR,iPad,iPad Air 7 M3 11-inch,"1TB, Wi-Fi",1900,iPad Air 7 M3 11-inch,2025.0,iPad,iPad Air,7.0,,11.0,,M3 ,,1024.0,,Wi-Fi,
,Retailer Trade-in,UR,iPad,iPad Air 7 M3 13-inch,"128GB, Cellular",1930,iPad Air 7 M3 13-inch,2025.0,iPad,iPad Air,7.0,,13.0,,M3 ,,128.0,,Cellular,
,Retailer Trade-in,UR,iPad,iPad Air 7 M3 13-inch,"256GB, Cellular",2150,iPad Air 7 M3 13-inch,2025.0,iPad,iPad Air,7.0,,13.0,,M3 ,,256.0,,Cellular,
,Retailer Trade-in,UR,iPad,iPad Air 7 M3 13-inch,"512GB, Cellular",2400,iPad Air 7 M3 13-inch,2025.0,iPad,iPad Air,7.0,,13.0,,M3 ,,512.0,,Cellular,
,Retailer Trade-in,UR,iPad,iPad Air 7 M3 13-inch,"1TB, Cellular",2700,iPad Air 7 M3 13-inch,2025.0,iPad,iPad Air,7.0,,13.0,,M3 ,,1024.0,,Cellular,
,Retailer Trade-in,UR,iPad,iPad Air 7 M3 13-inch,"128GB, Wi-Fi",1680,iPad Air 7 M3 13-inch,2025.0,iPad,iPad Air,7.0,,13.0,,M3 ,,128.0,,Wi-Fi,
,Retailer Trade-in,UR,iPad,iPad Air 7 M3 13-inch,"256GB, Wi-Fi",1870,iPad Air 7 M3 13-inch,2025.0,iPad,iPad Air,7.0,,13.0,,M3 ,,256.0,,Wi-Fi,
,Retailer Trade-in,UR,iPad,iPad Air 7 M3 13-inch,"512GB, Wi-Fi",2100,iPad Air 7 M3 13-inch,2025.0,iPad,iPad Air,7.0,,13.0,,M3 ,,512.0,,Wi-Fi,
,Retailer Trade-in,UR,iPad,iPad Air 7 M3 13-inch,"1TB, Wi-Fi",2450,iPad Air 7 M3 13-inch,2025.0,iPad,iPad Air,7.0,,13.0,,M3 ,,1024.0,,Wi-Fi,
,Retailer Trade-in,UR,iPad,iPad Mini,16GB Cellular,40,iPad Mini,,iPad,iPad mini,,,,,,,16.0,,Cellular,
,Retailer Trade-in,UR,iPad,iPad Mini,16GB Wi-Fi,40,iPad Mini,,iPad,iPad mini,,,,,,,16.0,,Wi-Fi,
,Retailer Trade-in,UR,iPad,iPad Mini,32GB Cellular,40,iPad Mini,,iPad,iPad mini,,,,,,,32.0,,Cellular,
,Retailer Trade-in,UR,iPad,iPad Mini,32GB Wi-Fi,40,iPad Mini,,iPad,iPad mini,,,,,,,32.0,,Wi-Fi,
,Retailer Trade-in,UR,iPad,iPad Mini,64GB Cellular,40,iPad Mini,,iPad,iPad mini,,,,,,,64.0,,Cellular,
,Retailer Trade-in,UR,iPad,iPad Mini,64GB Wi-Fi,40,iPad Mini,,iPad,iPad mini,,,,,,,64.0,,Wi-Fi,
,Retailer Trade-in,UR,iPad,iPad Mini 2,16GB Cellular,60,iPad Mini 2,2013.0,iPad,iPad mini,2.0,,,,,,16.0,,Cellular,
,Retailer Trade-in,UR,iPad,iPad Mini 2,16GB Wi-Fi,40,iPad Mini 2,2013.0,iPad,iPad mini,2.0,,,,,,16.0,,Wi-Fi,
,Retailer Trade-in,UR,iPad,iPad Mini 2,32GB Cellular,60,iPad Mini 2,2013.0,iPad,iPad mini,2.0,,,,,,32.0,,Cellular,
,Retailer Trade-in,UR,iPad,iPad Mini 2,32GB Wi-Fi,40,iPad Mini 2,2013.0,iPad,iPad mini,2.0,,,,,,32.0,,Wi-Fi,
,Retailer Trade-in,UR,iPad,iPad Mini 2,64GB Cellular,60,iPad Mini 2,2013.0,iPad,iPad mini,2.0,,,,,,64.0,,Cellular,
,Retailer Trade-in,UR,iPad,iPad Mini 2,64GB Wi-Fi,40,iPad Mini 2,2013.0,iPad,iPad mini,2.0,,,,,,64.0,,Wi-Fi,
,Retailer Trade-in,UR,iPad,iPad Mini 2,128GB Cellular,60,iPad Mini 2,2013.0,iPad,iPad mini,2.0,,,,,,128.0,,Cellular,
,Retailer Trade-in,UR,iPad,iPad Mini 2,128GB Wi-Fi,40,iPad Mini 2,2013.0,iPad,iPad mini,2.0,,,,,,128.0,,Wi-Fi,
,Retailer Trade-in,UR,iPad,iPad Mini 3,16GB Cellular,90,iPad Mini 3,2014.0,iPad,iPad mini,3.0,,,,,,16.0,,Cellular,
,Retailer Trade-in,UR,iPad,iPad Mini 3,16GB Wi-Fi,80,iPad Mini 3,2014.0,iPad,iPad mini,3.0,,,,,,16.0,,Wi-Fi,
,Retailer Trade-in,UR,iPad,iPad Mini 3,64GB Cellular,120,iPad Mini 3,2014.0,iPad,iPad mini,3.0,,,,,,64.0,,Cellular,
,Retailer Trade-in,UR,iPad,iPad Mini 3,64GB Wi-Fi,100,iPad Mini 3,2014.0,iPad,iPad mini,3.0,,,,,,64.0,,Wi-Fi,
,Retailer Trade-in,UR,iPad,iPad Mini 3,128GB Cellular,150,iPad Mini 3,2014.0,iPad,iPad mini,3.0,,,,,,128.0,,Cellular,
,Retailer Trade-in,UR,iPad,iPad Mini 3,128GB Wi-Fi,130,iPad Mini 3,2014.0,iPad,iPad mini,3.0,,,,,,128.0,,Wi-Fi,
,Retailer Trade-in,UR,iPad,iPad Mini 4,16GB Cellular,120,iPad Mini 4,2015.0,iPad,iPad mini,4.0,,,,,,16.0,,Cellular,
,Retailer Trade-in,UR,iPad,iPad Mini 4,16GB Wi-Fi,100,iPad Mini 4,2015.0,iPad,iPad mini,4.0,,,,,,16.0,,Wi-Fi,
,Retailer Trade-in,UR,iPad,iPad Mini 4,32GB Cellular,170,iPad Mini 4,2015.0,iPad,iPad mini,4.0,,,,,,32.0,,Cellular,
,Retailer Trade-in,UR,iPad,iPad Mini 4,32GB Wi-Fi,140,iPad Mini 4,2015.0,iPad,iPad mini,4.0,,,,,,32.0,,Wi-Fi,
,Retailer Trade-in,UR,iPad,iPad Mini 4,64GB Cellular,200,iPad Mini 4,2015.0,iPad,iPad mini,4.0,,,,,,64.0,,Cellular,
,Retailer Trade-in,UR,iPad,iPad Mini 4,64GB Wi-Fi,170,iPad Mini 4,2015.0,iPad,iPad mini,4.0,,,,,,64.0,,Wi-Fi,
,Retailer Trade-in,UR,iPad,iPad Mini 4,128GB Cellular,250,iPad Mini 4,2015.0,iPad,iPad mini,4.0,,,,,,128.0,,Cellular,
,Retailer Trade-in,UR,iPad,iPad Mini 4,128GB Wi-Fi,200,iPad Mini 4,2015.0,iPad,iPad mini,4.0,,,,,,128.0,,Wi-Fi,
,Retailer Trade-in,UR,iPad,iPad Mini 5,64GB Cellular,350,iPad Mini 5,2019.0,iPad,iPad mini,5.0,,,,,,64.0,,Cellular,
,Retailer Trade-in,UR,iPad,iPad Mini 5,64GB Wi-Fi,300,iPad Mini 5,2019.0,iPad,iPad mini,5.0,,,,,,64.0,,Wi-Fi,
,Retailer Trade-in,UR,iPad,iPad Mini 5,256GB Cellular,400,iPad Mini 5,2019.0,iPad,iPad mini,5.0,,,,,,256.0,,Cellular,
,Retailer Trade-in,UR,iPad,iPad Mini 5,256GB Wi-Fi,350,iPad Mini 5,2019.0,iPad,iPad mini,5.0,,,,,,256.0,,Wi-Fi,
,Retailer Trade-in,UR,iPad,iPad Mini 6,64GB Cellular,800,iPad Mini 6,2021.0,iPad,iPad mini,6.0,,,,,,64.0,,Cellular,
,Retailer Trade-in,UR,iPad,iPad Mini 6,64GB Wi-Fi,590,iPad Mini 6,2021.0,iPad,iPad mini,6.0,,,,,,64.0,,Wi-Fi,
,Retailer Trade-in,UR,iPad,iPad Mini 6,256GB Cellular,900,iPad Mini 6,2021.0,iPad,iPad mini,6.0,,,,,,256.0,,Cellular,
,Retailer Trade-in,UR,iPad,iPad Mini 6,256GB Wi-Fi,700,iPad Mini 6,2021.0,iPad,iPad mini,6.0,,,,,,256.0,,Wi-Fi,
,Retailer Trade-in,UR,iPad,iPad Mini 7,"128GB, Cellular",1070,iPad Mini 7,2024.0,iPad,iPad mini,7.0,,,,,,128.0,,Cellular,
,Retailer Trade-in,UR,iPad,iPad Mini 7,"256GB, Cellular",1290,iPad Mini 7,2024.0,iPad,iPad mini,7.0,,,,,,256.0,,Cellular,
,Retailer Trade-in,UR,iPad,iPad Mini 7,"512GB, Cellular",1520,iPad Mini 7,2024.0,iPad,iPad mini,7.0,,,,,,512.0,,Cellular,
,Retailer Trade-in,UR,iPad,iPad Mini 7,"128GB, Wi-Fi",890,iPad Mini 7,2024.0,iPad,iPad mini,7.0,,,,,,128.0,,Wi-Fi,
,Retailer Trade-in,UR,iPad,iPad Mini 7,"256GB, Wi-Fi",1010,iPad Mini 7,2024.0,iPad,iPad mini,7.0,,,,,,256.0,,Wi-Fi,
,Retailer Trade-in,UR,iPad,iPad Mini 7,"512GB, Wi-Fi",1350,iPad Mini 7,2024.0,iPad,iPad mini,7.0,,,,,,512.0,,Wi-Fi,
,Retailer Trade-in,UR,iPad,iPad Pro 10.5‑inch 2017,64GB Cellular,200,iPad Pro 10.5‑inch 2017,2017.0,iPad,iPad Pro,10.0,2017,,,,,64.0,,Cellular,
,Retailer Trade-in,UR,iPad,iPad Pro 10.5‑inch 2017,64GB Wi-Fi,150,iPad Pro 10.5‑inch 2017,2017.0,iPad,iPad Pro,10.0,2017,,,,,64.0,,Wi-Fi,
,Retailer Trade-in,UR,iPad,iPad Pro 10.5‑inch 2017,256GB Cellular,300,iPad Pro 10.5‑inch 2017,2017.0,iPad,iPad Pro,10.0,2017,,,,,256.0,,Cellular,
,Retailer Trade-in,UR,iPad,iPad Pro 10.5‑inch 2017,256GB Wi-Fi,250,iPad Pro 10.5‑inch 2017,2017.0,iPad,iPad Pro,10.0,2017,,,,,256.0,,Wi-Fi,
,Retailer Trade-in,UR,iPad,iPad Pro 10.5‑inch 2017,512GB Cellular,350,iPad Pro 10.5‑inch 2017,2017.0,iPad,iPad Pro,10.0,2017,,,,,512.0,,Cellular,
,Retailer Trade-in,UR,iPad,iPad Pro 10.5‑inch 2017,512GB Wi-Fi,300,iPad Pro 10.5‑inch 2017,2017.0,iPad,iPad Pro,10.0,2017,,,,,512.0,,Wi-Fi,
,Retailer Trade-in,UR,iPad,iPad Pro 11-inch (Gen 2) 2020,128GB Cellular,830,iPad Pro 11-inch (Gen 2) 2020,2020.0,iPad,iPad Pro,2.0,2020,11.0,,,,128.0,,Cellular,
,Retailer Trade-in,UR,iPad,iPad Pro 11-inch (Gen 2) 2020,128GB Wi-Fi,750,iPad Pro 11-inch (Gen 2) 2020,2020.0,iPad,iPad Pro,2.0,2020,11.0,,,,128.0,,Wi-Fi,
,Retailer Trade-in,UR,iPad,iPad Pro 11-inch (Gen 2) 2020,256GB Cellular,930,iPad Pro 11-inch (Gen 2) 2020,2020.0,iPad,iPad Pro,2.0,2020,11.0,,,,256.0,,Cellular,
,Retailer Trade-in,UR,iPad,iPad Pro 11-inch (Gen 2) 2020,256GB Wi-Fi,830,iPad Pro 11-inch (Gen 2) 2020,2020.0,iPad,iPad Pro,2.0,2020,11.0,,,,256.0,,Wi-Fi,
,Retailer Trade-in,UR,iPad,iPad Pro 11-inch (Gen 2) 2020,512GB Cellular,1100,iPad Pro 11-inch (Gen 2) 2020,2020.0,iPad,iPad Pro,2.0,2020,11.0,,,,512.0,,Cellular,
,Retailer Trade-in,UR,iPad,iPad Pro 11-inch (Gen 2) 2020,512GB Wi-Fi,950,iPad Pro 11-inch (Gen 2) 2020,2020.0,iPad,iPad Pro,2.0,2020,11.0,,,,512.0,,Wi-Fi,
,Retailer Trade-in,UR,iPad,iPad Pro 11-inch (Gen 2) 2020,1TB Cellular,1130,iPad Pro 11-inch (Gen 2) 2020,2020.0,iPad,iPad Pro,2.0,2020,11.0,,,,1024.0,,Cellular,
,Retailer Trade-in,UR,iPad,iPad Pro 11-inch (Gen 2) 2020,1TB Wi-Fi,1000,iPad Pro 11-inch (Gen 2) 2020,2020.0,iPad,iPad Pro,2.0,2020,11.0,,,,1024.0,,Wi-Fi,
,Retailer Trade-in,UR,iPad,iPad Pro 11-inch (Gen 3) 2021,128GB Cellular,1130,iPad Pro 11-inch (Gen 3) 2021,2021.0,iPad,iPad Pro,3.0,2021,11.0,,,,128.0,,Cellular,
,Retailer Trade-in,UR,iPad,iPad Pro 11-inch (Gen 3) 2021,128GB Wi-Fi,1030,iPad Pro 11-inch (Gen 3) 2021,2021.0,iPad,iPad Pro,3.0,2021,11.0,,,,128.0,,Wi-Fi,
,Retailer Trade-in,UR,iPad,iPad Pro 11-inch (Gen 3) 2021,256GB Cellular,1320,iPad Pro 11-inch (Gen 3) 2021,2021.0,iPad,iPad Pro,3.0,2021,11.0,,,,256.0,,Cellular,
,Retailer Trade-in,UR,iPad,iPad Pro 11-inch (Gen 3) 2021,256GB Wi-Fi,1200,iPad Pro 11-inch (Gen 3) 2021,2021.0,iPad,iPad Pro,3.0,2021,11.0,,,,256.0,,Wi-Fi,
,Retailer Trade-in,UR,iPad,iPad Pro 11-inch (Gen 3) 2021,512GB Cellular,1480,iPad Pro 11-inch (Gen 3) 2021,2021.0,iPad,iPad Pro,3.0,2021,11.0,,,,512.0,,Cellular,
,Retailer Trade-in,UR,iPad,iPad Pro 11-inch (Gen 3) 2021,512GB Wi-Fi,1330,iPad Pro 11-inch (Gen 3) 2021,2021.0,iPad,iPad Pro,3.0,2021,11.0,,,,512.0,,Wi-Fi,
,Retailer Trade-in,UR,iPad,iPad Pro 11-inch (Gen 3) 2021,1TB Cellular,1560,iPad Pro 11-inch (Gen 3) 2021,2021.0,iPad,iPad Pro,3.0,2021,11.0,,,,1024.0,,Cellular,
,Retailer Trade-in,UR,iPad,iPad Pro 11-inch (Gen 3) 2021,1TB Wi-Fi,1370,iPad Pro 11-inch (Gen 3) 2021,2021.0,iPad,iPad Pro,3.0,2021,11.0,,,,1024.0,,Wi-Fi,
,Retailer Trade-in,UR,iPad,iPad Pro 11-inch (Gen 3) 2021,2TB Cellular,1750,iPad Pro 11-inch (Gen 3) 2021,2021.0,iPad,iPad Pro,3.0,2021,11.0,,,,2048.0,,Cellular,
,Retailer Trade-in,UR,iPad,iPad Pro 11-inch (Gen 3) 2021,2TB Wi-Fi,1560,iPad Pro 11-inch (Gen 3) 2021,2021.0,iPad,iPad Pro,3.0,2021,11.0,,,,2048.0,,Wi-Fi,
,Retailer Trade-in,UR,iPad,iPad Pro 11-inch M2 (Gen 4) 2022,128GB Cellular,1400,iPad Pro 11-inch M2 (Gen 4) 2022,2022.0,iPad,iPad Pro,4.0,2022,11.0,,M2,,128.0,,Cellular,
,Retailer Trade-in,UR,iPad,iPad Pro 11-inch M2 (Gen 4) 2022,128GB Wi-Fi,1230,iPad Pro 11-inch M2 (Gen 4) 2022,2022.0,iPad,iPad Pro,4.0,2022,11.0,,M2,,128.0,,Wi-Fi,
,Retailer Trade-in,UR,iPad,iPad Pro 11-inch M2 (Gen 4) 2022,256GB Cellular,1530,iPad Pro 11-inch M2 (Gen 4) 2022,2022.0,iPad,iPad Pro,4.0,2022,11.0,,M2,,256.0,,Cellular,
,Retailer Trade-in,UR,iPad,iPad Pro 11-inch M2 (Gen 4) 2022,256GB Wi-Fi,1380,iPad Pro 11-inch M2 (Gen 4) 2022,2022.0,iPad,iPad Pro,4.0,2022,11.0,,M2,,256.0,,Wi-Fi,
,Retailer Trade-in,UR,iPad,iPad Pro 11-inch M2 (Gen 4) 2022,512GB Cellular,1650,iPad Pro 11-inch M2 (Gen 4) 2022,2022.0,iPad,iPad Pro,4.0,2022,11.0,,M2,,512.0,,Cellular,
,Retailer Trade-in,UR,iPad,iPad Pro 11-inch M2 (Gen 4) 2022,512GB Wi-Fi,1500,iPad Pro 11-inch M2 (Gen 4) 2022,2022.0,iPad,iPad Pro,4.0,2022,11.0,,M2,,512.0,,Wi-Fi,
,Retailer Trade-in,UR,iPad,iPad Pro 11-inch M2 (Gen 4) 2022,1TB Cellular,1750,iPad Pro 11-inch M2 (Gen 4) 2022,2022.0,iPad,iPad Pro,4.0,2022,11.0,,M2,,1024.0,,Cellular,
,Retailer Trade-in,UR,iPad,iPad Pro 11-inch M2 (Gen 4) 2022,1TB Wi-Fi,1600,iPad Pro 11-inch M2 (Gen 4) 2022,2022.0,iPad,iPad Pro,4.0,2022,11.0,,M2,,1024.0,,Wi-Fi,
,Retailer Trade-in,UR,iPad,iPad Pro 11-inch M2 (Gen 4) 2022,2TB Cellular,1950,iPad Pro 11-inch M2 (Gen 4) 2022,2022.0,iPad,iPad Pro,4.0,2022,11.0,,M2,,2048.0,,Cellular,
,Retailer Trade-in,UR,iPad,iPad Pro 11-inch M2 (Gen 4) 2022,2TB Wi-Fi,1800,iPad Pro 11-inch M2 (Gen 4) 2022,2022.0,iPad,iPad Pro,4.0,2022,11.0,,M2,,2048.0,,Wi-Fi,
,Retailer Trade-in,UR,iPad,iPad Pro 11-inch M4 (Gen 5) 2024 Nano Glass,"1TB, Cellular",3000,iPad Pro 11-inch M4 (Gen 5) 2024 Nano Glass,2024.0,iPad,iPad Pro,5.0,2024,11.0,,M4,,1024.0,,Cellular,
,Retailer Trade-in,UR,iPad,iPad Pro 11-inch M4 (Gen 5) 2024 Nano Glass,"2TB, Cellular",3550,iPad Pro 11-inch M4 (Gen 5) 2024 Nano Glass,2024.0,iPad,iPad Pro,5.0,2024,11.0,,M4,,2048.0,,Cellular,
,Retailer Trade-in,UR,iPad,iPad Pro 11-inch M4 (Gen 5) 2024 Standard Glass,"256GB, Cellular",2100,iPad Pro 11-inch M4 (Gen 5) 2024 Standard Glass,2024.0,iPad,iPad Pro,5.0,2024,11.0,,M4,,256.0,,Cellular,
,Retailer Trade-in,UR,iPad,iPad Pro 11-inch M4 (Gen 5) 2024 Standard Glass,"512GB, Cellular",2430,iPad Pro 11-inch M4 (Gen 5) 2024 Standard Glass,2024.0,iPad,iPad Pro,5.0,2024,11.0,,M4,,512.0,,Cellular,
,Retailer Trade-in,UR,iPad,iPad Pro 11-inch M4 (Gen 5) 2024 Standard Glass,"1TB, Cellular",2950,iPad Pro 11-inch M4 (Gen 5) 2024 Standard Glass,2024.0,iPad,iPad Pro,5.0,2024,11.0,,M4,,1024.0,,Cellular,
,Retailer Trade-in,UR,iPad,iPad Pro 11-inch M4 (Gen 5) 2024 Standard Glass,"2TB, Cellular",3500,iPad Pro 11-inch M4 (Gen 5) 2024 Standard Glass,2024.0,iPad,iPad Pro,5.0,2024,11.0,,M4,,2048.0,,Cellular,
,Retailer Trade-in,UR,iPad,iPad Pro 11-inch M4 (Gen 5) 2024 Nano Glass,"1TB, Wi-Fi",2700,iPad Pro 11-inch M4 (Gen 5) 2024 Nano Glass,2024.0,iPad,iPad Pro,5.0,2024,11.0,,M4,,1024.0,,Wi-Fi,
,Retailer Trade-in,UR,iPad,iPad Pro 11-inch M4 (Gen 5) 2024 Nano Glass,"2TB, Wi-Fi",3250,iPad Pro 11-inch M4 (Gen 5) 2024 Nano Glass,2024.0,iPad,iPad Pro,5.0,2024,11.0,,M4,,2048.0,,Wi-Fi,
,Retailer Trade-in,UR,iPad,iPad Pro 11-inch M4 (Gen 5) 2024 Standard Glass,"256GB, Wi-Fi",1800,iPad Pro 11-inch M4 (Gen 5) 2024 Standard Glass,2024.0,iPad,iPad Pro,5.0,2024,11.0,,M4,,256.0,,Wi-Fi,
,Retailer Trade-in,UR,iPad,iPad Pro 11-inch M4 (Gen 5) 2024 Standard Glass,"512GB, Wi-Fi",2180,iPad Pro 11-inch M4 (Gen 5) 2024 Standard Glass,2024.0,iPad,iPad Pro,5.0,2024,11.0,,M4,,512.0,,Wi-Fi,
,Retailer Trade-in,UR,iPad,iPad Pro 11-inch M4 (Gen 5) 2024 Standard Glass,"1TB, Wi-Fi",2680,iPad Pro 11-inch M4 (Gen 5) 2024 Standard Glass,2024.0,iPad,iPad Pro,5.0,2024,11.0,,M4,,1024.0,,Wi-Fi,
,Retailer Trade-in,UR,iPad,iPad Pro 11-inch M4 (Gen 5) 2024 Standard Glass,"2TB, Wi-Fi",3210,iPad Pro 11-inch M4 (Gen 5) 2024 Standard Glass,2024.0,iPad,iPad Pro,5.0,2024,11.0,,M4,,2048.0,,Wi-Fi,
,Retailer Trade-in,UR,iPad,iPad Pro 11‑inch (Gen 1) 2018,64GB Cellular,650,iPad Pro 11‑inch (Gen 1) 2018,2018.0,iPad,iPad Pro,1.0,2018,,,,,64.0,,Cellular,
,Retailer Trade-in,UR,iPad,iPad Pro 11‑inch (Gen 1) 2018,64GB Wi-Fi,550,iPad Pro 11‑inch (Gen 1) 2018,2018.0,iPad,iPad Pro,1.0,2018,,,,,64.0,,Wi-Fi,
,Retailer Trade-in,UR,iPad,iPad Pro 11‑inch (Gen 1) 2018,256GB Cellular,750,iPad Pro 11‑inch (Gen 1) 2018,2018.0,iPad,iPad Pro,1.0,2018,,,,,256.0,,Cellular,
,Retailer Trade-in,UR,iPad,iPad Pro 11‑inch (Gen 1) 2018,256GB Wi-Fi,650,iPad Pro 11‑inch (Gen 1) 2018,2018.0,iPad,iPad Pro,1.0,2018,,,,,256.0,,Wi-Fi,
,Retailer Trade-in,UR,iPad,iPad Pro 11‑inch (Gen 1) 2018,512GB Cellular,850,iPad Pro 11‑inch (Gen 1) 2018,2018.0,iPad,iPad Pro,1.0,2018,,,,,512.0,,Cellular,
,Retailer Trade-in,UR,iPad,iPad Pro 11‑inch (Gen 1) 2018,512GB Wi-Fi,750,iPad Pro 11‑inch (Gen 1) 2018,2018.0,iPad,iPad Pro,1.0,2018,,,,,512.0,,Wi-Fi,
,Retailer Trade-in,UR,iPad,iPad Pro 11‑inch (Gen 1) 2018,1TB Cellular,950,iPad Pro 11‑inch (Gen 1) 2018,2018.0,iPad,iPad Pro,1.0,2018,,,,,1024.0,,Cellular,
,Retailer Trade-in,UR,iPad,iPad Pro 11‑inch (Gen 1) 2018,1TB Wi-Fi,850,iPad Pro 11‑inch (Gen 1) 2018,2018.0,iPad,iPad Pro,1.0,2018,,,,,1024.0,,Wi-Fi,
,Retailer Trade-in,UR,iPad,iPad Pro 12.9-inch (Gen 1) 2015,32GB Cellular,190,iPad Pro 12.9-inch (Gen 1) 2015,2015.0,iPad,iPad Pro,1.0,2015,12.9,,,,32.0,,Cellular,
,Retailer Trade-in,UR,iPad,iPad Pro 12.9-inch (Gen 1) 2015,32GB Wi-Fi,160,iPad Pro 12.9-inch (Gen 1) 2015,2015.0,iPad,iPad Pro,1.0,2015,12.9,,,,32.0,,Wi-Fi,
,Retailer Trade-in,UR,iPad,iPad Pro 12.9-inch (Gen 5) 2021,128GB Cellular,1280,iPad Pro 12.9-inch (Gen 5) 2021,2021.0,iPad,iPad Pro,5.0,2021,12.9,,,,128.0,,Cellular,
,Retailer Trade-in,UR,iPad,iPad Pro 12.9-inch (Gen 5) 2021,128GB Wi-Fi,1180,iPad Pro 12.9-inch (Gen 5) 2021,2021.0,iPad,iPad Pro,5.0,2021,12.9,,,,128.0,,Wi-Fi,
,Retailer Trade-in,UR,iPad,iPad Pro 12.9-inch (Gen 5) 2021,256GB Cellular,1380,iPad Pro 12.9-inch (Gen 5) 2021,2021.0,iPad,iPad Pro,5.0,2021,12.9,,,,256.0,,Cellular,
,Retailer Trade-in,UR,iPad,iPad Pro 12.9-inch (Gen 5) 2021,256GB Wi-Fi,1300,iPad Pro 12.9-inch (Gen 5) 2021,2021.0,iPad,iPad Pro,5.0,2021,12.9,,,,256.0,,Wi-Fi,
,Retailer Trade-in,UR,iPad,iPad Pro 12.9-inch (Gen 5) 2021,512GB Cellular,1510,iPad Pro 12.9-inch (Gen 5) 2021,2021.0,iPad,iPad Pro,5.0,2021,12.9,,,,512.0,,Cellular,
,Retailer Trade-in,UR,iPad,iPad Pro 12.9-inch (Gen 5) 2021,512GB Wi-Fi,1400,iPad Pro 12.9-inch (Gen 5) 2021,2021.0,iPad,iPad Pro,5.0,2021,12.9,,,,512.0,,Wi-Fi,
,Retailer Trade-in,UR,iPad,iPad Pro 12.9-inch (Gen 5) 2021,1TB Cellular,1660,iPad Pro 12.9-inch (Gen 5) 2021,2021.0,iPad,iPad Pro,5.0,2021,12.9,,,,1024.0,,Cellular,
,Retailer Trade-in,UR,iPad,iPad Pro 12.9-inch (Gen 5) 2021,1TB Wi-Fi,1510,iPad Pro 12.9-inch (Gen 5) 2021,2021.0,iPad,iPad Pro,5.0,2021,12.9,,,,1024.0,,Wi-Fi,
,Retailer Trade-in,UR,iPad,iPad Pro 12.9-inch (Gen 5) 2021,2TB Cellular,1810,iPad Pro 12.9-inch (Gen 5) 2021,2021.0,iPad,iPad Pro,5.0,2021,12.9,,,,2048.0,,Cellular,
,Retailer Trade-in,UR,iPad,iPad Pro 12.9-inch (Gen 5) 2021,2TB Wi-Fi,1740,iPad Pro 12.9-inch (Gen 5) 2021,2021.0,iPad,iPad Pro,5.0,2021,12.9,,,,2048.0,,Wi-Fi,
,Retailer Trade-in,UR,iPad,iPad Pro 12.9-inch M2 (Gen 6) 2022,128GB Cellular,1580,iPad Pro 12.9-inch M2 (Gen 6) 2022,2022.0,iPad,iPad Pro,6.0,2022,12.9,,M2,,128.0,,Cellular,
,Retailer Trade-in,UR,iPad,iPad Pro 12.9-inch M2 (Gen 6) 2022,128GB Wi-Fi,1430,iPad Pro 12.9-inch M2 (Gen 6) 2022,2022.0,iPad,iPad Pro,6.0,2022,12.9,,M2,,128.0,,Wi-Fi,
,Retailer Trade-in,UR,iPad,iPad Pro 12.9-inch M2 (Gen 6) 2022,256GB Cellular,1700,iPad Pro 12.9-inch M2 (Gen 6) 2022,2022.0,iPad,iPad Pro,6.0,2022,12.9,,M2,,256.0,,Cellular,
,Retailer Trade-in,UR,iPad,iPad Pro 12.9-inch M2 (Gen 6) 2022,256GB Wi-Fi,1550,iPad Pro 12.9-inch M2 (Gen 6) 2022,2022.0,iPad,iPad Pro,6.0,2022,12.9,,M2,,256.0,,Wi-Fi,
,Retailer Trade-in,UR,iPad,iPad Pro 12.9-inch M2 (Gen 6) 2022,512GB Cellular,1850,iPad Pro 12.9-inch M2 (Gen 6) 2022,2022.0,iPad,iPad Pro,6.0,2022,12.9,,M2,,512.0,,Cellular,
,Retailer Trade-in,UR,iPad,iPad Pro 12.9-inch M2 (Gen 6) 2022,512GB Wi-Fi,1680,iPad Pro 12.9-inch M2 (Gen 6) 2022,2022.0,iPad,iPad Pro,6.0,2022,12.9,,M2,,512.0,,Wi-Fi,
,Retailer Trade-in,UR,iPad,iPad Pro 12.9-inch M2 (Gen 6) 2022,1TB Cellular,1930,iPad Pro 12.9-inch M2 (Gen 6) 2022,2022.0,iPad,iPad Pro,6.0,2022,12.9,,M2,,1024.0,,Cellular,
,Retailer Trade-in,UR,iPad,iPad Pro 12.9-inch M2 (Gen 6) 2022,1TB Wi-Fi,1880,iPad Pro 12.9-inch M2 (Gen 6) 2022,2022.0,iPad,iPad Pro,6.0,2022,12.9,,M2,,1024.0,,Wi-Fi,
,Retailer Trade-in,UR,iPad,iPad Pro 12.9-inch M2 (Gen 6) 2022,2TB Cellular,2130,iPad Pro 12.9-inch M2 (Gen 6) 2022,2022.0,iPad,iPad Pro,6.0,2022,12.9,,M2,,2048.0,,Cellular,
,Retailer Trade-in,UR,iPad,iPad Pro 12.9-inch M2 (Gen 6) 2022,2TB Wi-Fi,2080,iPad Pro 12.9-inch M2 (Gen 6) 2022,2022.0,iPad,iPad Pro,6.0,2022,12.9,,M2,,2048.0,,Wi-Fi,
,Retailer Trade-in,UR,iPad,iPad Pro 12.9-inch (Gen 1) 2015,128GB Cellular,200,iPad Pro 12.9-inch (Gen 1) 2015,2015.0,iPad,iPad Pro,1.0,2015,12.9,,,,128.0,,Cellular,
,Retailer Trade-in,UR,iPad,iPad Pro 12.9-inch (Gen 1) 2015,128GB Wi-Fi,170,iPad Pro 12.9-inch (Gen 1) 2015,2015.0,iPad,iPad Pro,1.0,2015,12.9,,,,128.0,,Wi-Fi,
,Retailer Trade-in,UR,iPad,iPad Pro 12.9-inch (Gen 1) 2015,256GB Cellular,250,iPad Pro 12.9-inch (Gen 1) 2015,2015.0,iPad,iPad Pro,1.0,2015,12.9,,,,256.0,,Cellular,
,Retailer Trade-in,UR,iPad,iPad Pro 12.9-inch (Gen 1) 2015,256GB Wi-Fi,200,iPad Pro 12.9-inch (Gen 1) 2015,2015.0,iPad,iPad Pro,1.0,2015,12.9,,,,256.0,,Wi-Fi,
,Retailer Trade-in,UR,iPad,iPad Pro 12.9‑inch (Gen 2) 2017,64GB Cellular,410,iPad Pro 12.9‑inch (Gen 2) 2017,2017.0,iPad,iPad Pro,2.0,2017,,,,,64.0,,Cellular,
,Retailer Trade-in,UR,iPad,iPad Pro 12.9‑inch (Gen 2) 2017,64GB Wi-Fi,380,iPad Pro 12.9‑inch (Gen 2) 2017,2017.0,iPad,iPad Pro,2.0,2017,,,,,64.0,,Wi-Fi,
,Retailer Trade-in,UR,iPad,iPad Pro 12.9‑inch (Gen 2) 2017,256GB Cellular,480,iPad Pro 12.9‑inch (Gen 2) 2017,2017.0,iPad,iPad Pro,2.0,2017,,,,,256.0,,Cellular,
,Retailer Trade-in,UR,iPad,iPad Pro 12.9‑inch (Gen 2) 2017,256GB Wi-Fi,430,iPad Pro 12.9‑inch (Gen 2) 2017,2017.0,iPad,iPad Pro,2.0,2017,,,,,256.0,,Wi-Fi,
,Retailer Trade-in,UR,iPad,iPad Pro 12.9‑inch (Gen 2) 2017,512GB Cellular,580,iPad Pro 12.9‑inch (Gen 2) 2017,2017.0,iPad,iPad Pro,2.0,2017,,,,,512.0,,Cellular,
,Retailer Trade-in,UR,iPad,iPad Pro 12.9‑inch (Gen 2) 2017,512GB Wi-Fi,560,iPad Pro 12.9‑inch (Gen 2) 2017,2017.0,iPad,iPad Pro,2.0,2017,,,,,512.0,,Wi-Fi,
,Retailer Trade-in,UR,iPad,iPad Pro 12.9‑inch (Gen 3) 2018,64GB Cellular,750,iPad Pro 12.9‑inch (Gen 3) 2018,2018.0,iPad,iPad Pro,3.0,2018,,,,,64.0,,Cellular,
,Retailer Trade-in,UR,iPad,iPad Pro 12.9‑inch (Gen 3) 2018,64GB Wi-Fi,650,iPad Pro 12.9‑inch (Gen 3) 2018,2018.0,iPad,iPad Pro,3.0,2018,,,,,64.0,,Wi-Fi,
,Retailer Trade-in,UR,iPad,iPad Pro 12.9‑inch (Gen 3) 2018,256GB Cellular,850,iPad Pro 12.9‑inch (Gen 3) 2018,2018.0,iPad,iPad Pro,3.0,2018,,,,,256.0,,Cellular,
,Retailer Trade-in,UR,iPad,iPad Pro 12.9‑inch (Gen 3) 2018,256GB Wi-Fi,750,iPad Pro 12.9‑inch (Gen 3) 2018,2018.0,iPad,iPad Pro,3.0,2018,,,,,256.0,,Wi-Fi,
,Retailer Trade-in,UR,iPad,iPad Pro 12.9‑inch (Gen 3) 2018,512GB Cellular,950,iPad Pro 12.9‑inch (Gen 3) 2018,2018.0,iPad,iPad Pro,3.0,2018,,,,,512.0,,Cellular,
,Retailer Trade-in,UR,iPad,iPad Pro 12.9‑inch (Gen 3) 2018,512GB Wi-Fi,850,iPad Pro 12.9‑inch (Gen 3) 2018,2018.0,iPad,iPad Pro,3.0,2018,,,,,512.0,,Wi-Fi,
,Retailer Trade-in,UR,iPad,iPad Pro 12.9‑inch (Gen 3) 2018,1TB Cellular,1050,iPad Pro 12.9‑inch (Gen 3) 2018,2018.0,iPad,iPad Pro,3.0,2018,,,,,1024.0,,Cellular,
,Retailer Trade-in,UR,iPad,iPad Pro 12.9‑inch (Gen 3) 2018,1TB Wi-Fi,950,iPad Pro 12.9‑inch (Gen 3) 2018,2018.0,iPad,iPad Pro,3.0,2018,,,,,1024.0,,Wi-Fi,
,Retailer Trade-in,UR,iPad,iPad Pro 12.9‑inch (Gen 4) 2020,128GB Cellular,1100,iPad Pro 12.9‑inch (Gen 4) 2020,2020.0,iPad,iPad Pro,4.0,2020,,,,,128.0,,Cellular,
,Retailer Trade-in,UR,iPad,iPad Pro 12.9‑inch (Gen 4) 2020,128GB Wi-Fi,930,iPad Pro 12.9‑inch (Gen 4) 2020,2020.0,iPad,iPad Pro,4.0,2020,,,,,128.0,,Wi-Fi,
,Retailer Trade-in,UR,iPad,iPad Pro 12.9‑inch (Gen 4) 2020,256GB Cellular,1230,iPad Pro 12.9‑inch (Gen 4) 2020,2020.0,iPad,iPad Pro,4.0,2020,,,,,256.0,,Cellular,
,Retailer Trade-in,UR,iPad,iPad Pro 12.9‑inch (Gen 4) 2020,256GB Wi-Fi,1100,iPad Pro 12.9‑inch (Gen 4) 2020,2020.0,iPad,iPad Pro,4.0,2020,,,,,256.0,,Wi-Fi,
,Retailer Trade-in,UR,iPad,iPad Pro 12.9‑inch (Gen 4) 2020,512GB Cellular,1380,iPad Pro 12.9‑inch (Gen 4) 2020,2020.0,iPad,iPad Pro,4.0,2020,,,,,512.0,,Cellular,
,Retailer Trade-in,UR,iPad,iPad Pro 12.9‑inch (Gen 4) 2020,512GB Wi-Fi,1230,iPad Pro 12.9‑inch (Gen 4) 2020,2020.0,iPad,iPad Pro,4.0,2020,,,,,512.0,,Wi-Fi,
,Retailer Trade-in,UR,iPad,iPad Pro 12.9‑inch (Gen 4) 2020,1TB Cellular,1450,iPad Pro 12.9‑inch (Gen 4) 2020,2020.0,iPad,iPad Pro,4.0,2020,,,,,1024.0,,Cellular,
,Retailer Trade-in,UR,iPad,iPad Pro 12.9‑inch (Gen 4) 2020,1TB Wi-Fi,1310,iPad Pro 12.9‑inch (Gen 4) 2020,2020.0,iPad,iPad Pro,4.0,2020,,,,,1024.0,,Wi-Fi,
,Retailer Trade-in,UR,iPad,iPad Pro 13-inch M4 (Gen 7) 2024 Nano Glass,"1TB, Cellular",3650,iPad Pro 13-inch M4 (Gen 7) 2024 Nano Glass,2024.0,iPad,iPad Pro,7.0,2024,13.0,,M4,,1024.0,,Cellular,
,Retailer Trade-in,UR,iPad,iPad Pro 13-inch M4 (Gen 7) 2024 Nano Glass,"2TB, Cellular",4200,iPad Pro 13-inch M4 (Gen 7) 2024 Nano Glass,2024.0,iPad,iPad Pro,7.0,2024,13.0,,M4,,2048.0,,Cellular,
,Retailer Trade-in,UR,iPad,iPad Pro 13-inch M4 (Gen 7) 2024 Standard Glass,"256GB, Cellular",2620,iPad Pro 13-inch M4 (Gen 7) 2024 Standard Glass,2024.0,iPad,iPad Pro,7.0,2024,13.0,,M4,,256.0,,Cellular,
,Retailer Trade-in,UR,iPad,iPad Pro 13-inch M4 (Gen 7) 2024 Standard Glass,"512GB, Cellular",3000,iPad Pro 13-inch M4 (Gen 7) 2024 Standard Glass,2024.0,iPad,iPad Pro,7.0,2024,13.0,,M4,,512.0,,Cellular,
,Retailer Trade-in,UR,iPad,iPad Pro 13-inch M4 (Gen 7) 2024 Standard Glass,"1TB, Cellular",3600,iPad Pro 13-inch M4 (Gen 7) 2024 Standard Glass,2024.0,iPad,iPad Pro,7.0,2024,13.0,,M4,,1024.0,,Cellular,
,Retailer Trade-in,UR,iPad,iPad Pro 13-inch M4 (Gen 7) 2024 Standard Glass,"2TB, Cellular",4150,iPad Pro 13-inch M4 (Gen 7) 2024 Standard Glass,2024.0,iPad,iPad Pro,7.0,2024,13.0,,M4,,2048.0,,Cellular,
,Retailer Trade-in,UR,iPad,iPad Pro 13-inch M4 (Gen 7) 2024 Nano Glass,"1TB, Wi-Fi",3250,iPad Pro 13-inch M4 (Gen 7) 2024 Nano Glass,2024.0,iPad,iPad Pro,7.0,2024,13.0,,M4,,1024.0,,Wi-Fi,
,Retailer Trade-in,UR,iPad,iPad Pro 13-inch M4 (Gen 7) 2024 Nano Glass,"2TB, Wi-Fi",3800,iPad Pro 13-inch M4 (Gen 7) 2024 Nano Glass,2024.0,iPad,iPad Pro,7.0,2024,13.0,,M4,,2048.0,,Wi-Fi,
,Retailer Trade-in,UR,iPad,iPad Pro 13-inch M4 (Gen 7) 2024 Standard Glass,"256GB, Wi-Fi",2230,iPad Pro 13-inch M4 (Gen 7) 2024 Standard Glass,2024.0,iPad,iPad Pro,7.0,2024,13.0,,M4,,256.0,,Wi-Fi,
,Retailer Trade-in,UR,iPad,iPad Pro 13-inch M4 (Gen 7) 2024 Standard Glass,"512GB, Wi-Fi",2650,iPad Pro 13-inch M4 (Gen 7) 2024 Standard Glass,2024.0,iPad,iPad Pro,7.0,2024,13.0,,M4,,512.0,,Wi-Fi,
,Retailer Trade-in,UR,iPad,iPad Pro 13-inch M4 (Gen 7) 2024 Standard Glass,"1TB, Wi-Fi",3210,iPad Pro 13-inch M4 (Gen 7) 2024 Standard Glass,2024.0,iPad,iPad Pro,7.0,2024,13.0,,M4,,1024.0,,Wi-Fi,
,Retailer Trade-in,UR,iPad,iPad Pro 13-inch M4 (Gen 7) 2024 Standard Glass,"2TB, Wi-Fi",3780,iPad Pro 13-inch M4 (Gen 7) 2024 Standard Glass,2024.0,iPad,iPad Pro,7.0,2024,13.0,,M4,,2048.0,,Wi-Fi,
,Retailer Trade-in,UR,iPad,iPad Pro 9.7‑inch 2016,32GB Cellular,160,iPad Pro 9.7‑inch 2016,2016.0,iPad,iPad Pro,9.0,2016,,,,,32.0,,Cellular,
,Retailer Trade-in,UR,iPad,iPad Pro 9.7‑inch 2016,32GB Wi-Fi,150,iPad Pro 9.7‑inch 2016,2016.0,iPad,iPad Pro,9.0,2016,,,,,32.0,,Wi-Fi,
,Retailer Trade-in,UR,iPad,iPad Pro 9.7‑inch 2016,128GB Cellular,170,iPad Pro 9.7‑inch 2016,2016.0,iPad,iPad Pro,9.0,2016,,,,,128.0,,Cellular,
,Retailer Trade-in,UR,iPad,iPad Pro 9.7‑inch 2016,128GB Wi-Fi,160,iPad Pro 9.7‑inch 2016,2016.0,iPad,iPad Pro,9.0,2016,,,,,128.0,,Wi-Fi,
,Retailer Trade-in,UR,iPad,iPad Pro 9.7‑inch 2016,256GB Cellular,210,iPad Pro 9.7‑inch 2016,2016.0,iPad,iPad Pro,9.0,2016,,,,,256.0,,Cellular,
,Retailer Trade-in,UR,iPad,iPad Pro 9.7‑inch 2016,256GB Wi-Fi,200,iPad Pro 9.7‑inch 2016,2016.0,iPad,iPad Pro,9.0,2016,,,,,256.0,,Wi-Fi,
,Retailer Trade-in,U Mobile,iPad,Apple iPad 8th,"128GB, Cellular",400,Apple iPad 8th,2020.0,iPad,iPad,,,,,,,128.0,,Cellular,
,Retailer Trade-in,U Mobile,iPad,Apple iPad 8th,"32GB, Cellular",300,Apple iPad 8th,2020.0,iPad,iPad,,,,,,,32.0,,Cellular,
,Retailer Trade-in,U Mobile,iPad,Apple iPad 9th,"256GB, Cellular",650,Apple iPad 9th,2021.0,iPad,iPad,,,,,,,256.0,,Cellular,
,Retailer Trade-in,U Mobile,iPad,Apple iPad 9th,"64GB, Cellular",525,Apple iPad 9th,2021.0,iPad,iPad,,,,,,,64.0,,Cellular,
,Retailer Trade-in,U Mobile,iPad,Apple iPad Air 4,"256GB, Cellular",845,Apple iPad Air 4,2020.0,iPad,iPad Air,4.0,,,,,,256.0,,Cellular,
,Retailer Trade-in,U Mobile,iPad,Apple iPad Air 4,"64GB, Cellular",720,Apple iPad Air 4,2020.0,iPad,iPad Air,4.0,,,,,,64.0,,Cellular,
,Retailer Trade-in,U Mobile,iPad,Apple iPad Air 5,"256GB, Cellular",1095,Apple iPad Air 5,2022.0,iPad,iPad Air,5.0,,,,,,256.0,,Cellular,
,Retailer Trade-in,U Mobile,iPad,Apple iPad Air 5,"64GB, Cellular",975,Apple iPad Air 5,2022.0,iPad,iPad Air,5.0,,,,,,64.0,,Cellular,
,Retailer Trade-in,U Mobile,iPad,Apple iPad Mini 5,"256GB, Cellular",415,Apple iPad Mini 5,2019.0,iPad,iPad mini,5.0,,,,,,256.0,,Cellular,
,Retailer Trade-in,U Mobile,iPad,Apple iPad Mini 5,"64GB, Cellular",380,Apple iPad Mini 5,2019.0,iPad,iPad mini,5.0,,,,,,64.0,,Cellular,
,Retailer Trade-in,U Mobile,iPad,Apple iPad Mini 6,"256GB, Cellular",930,Apple iPad Mini 6,2021.0,iPad,iPad mini,6.0,,,,,,256.0,,Cellular,
,Retailer Trade-in,U Mobile,iPad,Apple iPad Mini 6,"64GB, Cellular",785,Apple iPad Mini 6,2021.0,iPad,iPad mini,6.0,,,,,,64.0,,Cellular,
,Retailer Trade-in,U Mobile,iPad,Apple iPad Pro 11 2nd,"128GB, Cellular",820,Apple iPad Pro 11 2nd,2020.0,iPad,iPad Pro,11.0,,,,,,128.0,,Cellular,
,Retailer Trade-in,U Mobile,iPad,Apple iPad Pro 11 2nd,"1TB, Cellular",1120,Apple iPad Pro 11 2nd,2020.0,iPad,iPad Pro,11.0,,,,,,1024.0,,Cellular,
,Retailer Trade-in,U Mobile,iPad,Apple iPad Pro 11 2nd,"256GB, Cellular",920,Apple iPad Pro 11 2nd,2020.0,iPad,iPad Pro,11.0,,,,,,256.0,,Cellular,
,Retailer Trade-in,U Mobile,iPad,Apple iPad Pro 11 2nd,"512GB, Cellular",1095,Apple iPad Pro 11 2nd,2020.0,iPad,iPad Pro,11.0,,,,,,512.0,,Cellular,
,Retailer Trade-in,U Mobile,iPad,Apple iPad Pro 12.9 3rd,"256GB, Cellular",875,Apple iPad Pro 12.9 3rd,2018.0,iPad,iPad Pro,12.0,,,,,,256.0,,Cellular,
,Retailer Trade-in,U Mobile,iPad,Apple iPad Pro 12.9 3rd,"64GB, Cellular",775,Apple iPad Pro 12.9 3rd,2018.0,iPad,iPad Pro,12.0,,,,,,64.0,,Cellular,
,Retailer Trade-in,U Mobile,iPad,Apple iPad Pro 12.9 6th 5G,"128GB, Cellular",1570,Apple iPad Pro 12.9 6th 5G,2022.0,iPad,iPad Pro,12.0,,,,,,128.0,,Cellular,
,Retailer Trade-in,U Mobile,iPad,Apple iPad Pro 12.9 6th 5G,"256GB, Cellular",1695,Apple iPad Pro 12.9 6th 5G,2022.0,iPad,iPad Pro,12.0,,,,,,256.0,,Cellular,
,Official Trade-in,Apple,iPad,iPad Pro,,4100,iPad Pro,,iPad,iPad Pro,,,,,,,,,,
,Official Trade-in,Apple,iPad,iPad,,1450,iPad,,iPad,iPad,,,,,,,,,,
,Official Trade-in,Apple,iPad,iPad Air,,2450,iPad Air,,iPad,iPad Air,,,,,,,,,,
,Official Trade-in,Apple,iPad,iPad Mini,,1600,iPad Mini,,iPad,iPad mini,,,,,,,,,,
