Collection Date,Pricing Category,Provider,Device,Model,Specification,Max. Trade-In Value (RM),Standardized Model,Model_Year,Device Type,Model.1,Generation,Year,Screen Size (inch),Clock Speed,Chipset,RAM (GB),Storage (GB),Storage Type,Connectivity,Model Number
,Trade-in Platform,CompAsia,iPhone,iPhone 11,128GB,390,iPhone 11,2019.0,iPhone,iPhone 11,,,,,,,128.0,,,
,Trade-in Platform,CompAsia,iPhone,iPhone 11,256GB,450,iPhone 11,2019.0,iPhone,iPhone 11,,,,,,,256.0,,,
,Trade-in Platform,CompAsia,iPhone,iPhone 11,64GB,340,iPhone 11,2019.0,iPhone,iPhone 11,,,,,,,64.0,,,
,Trade-in Platform,CompAsia,iPhone,iPhone 11 Pro,256GB,490,iPhone 11 Pro,2019.0,iPhone,iPhone 11 Pro,,,,,,,256.0,,,
,Trade-in Platform,CompAsia,iPhone,iPhone 11 Pro,512GB,575,iPhone 11 Pro,2019.0,iPhone,iPhone 11 Pro,,,,,,,512.0,,,
,Trade-in Platform,CompAsia,iPhone,iPhone 11 Pro,64GB,415,iPhone 11 Pro,2019.0,iPhone,iPhone 11 Pro,,,,,,,64.0,,,
,Trade-in Platform,CompAsia,iPhone,iPhone 11 Pro Max,256GB,550,iPhone 11 Pro Max,2019.0,iPhone,iPhone 11 Pro Max,,,,,,,256.0,,,
,Trade-in Platform,CompAsia,iPhone,iPhone 11 Pro Max,512GB,625,iPhone 11 Pro Max,2019.0,iPhone,iPhone 11 Pro Max,,,,,,,512.0,,,
,Trade-in Platform,CompAsia,iPhone,iPhone 11 Pro Max,64GB,475,iPhone 11 Pro Max,2019.0,iPhone,iPhone 11 Pro Max,,,,,,,64.0,,,
,Trade-in Platform,CompAsia,iPhone,iPhone 12,128GB,500,iPhone 12,2020.0,iPhone,iPhone 12,,,,,,,128.0,,,
,Trade-in Platform,CompAsia,iPhone,iPhone 12,256GB,575,iPhone 12,2020.0,iPhone,iPhone 12,,,,,,,256.0,,,
,Trade-in Platform,CompAsia,iPhone,iPhone 12,64GB,450,iPhone 12,2020.0,iPhone,iPhone 12,,,,,,,64.0,,,
,Trade-in Platform,CompAsia,iPhone,iPhone 12 mini,128GB,375,iPhone 12 mini,2020.0,iPhone,iPhone 12 mini,,,,,,,128.0,,,
,Trade-in Platform,CompAsia,iPhone,iPhone 12 mini,256GB,400,iPhone 12 mini,2020.0,iPhone,iPhone 12 mini,,,,,,,256.0,,,
,Trade-in Platform,CompAsia,iPhone,iPhone 12 mini,64GB,300,iPhone 12 mini,2020.0,iPhone,iPhone 12 mini,,,,,,,64.0,,,
,Trade-in Platform,CompAsia,iPhone,iPhone 12 Pro,128GB,625,iPhone 12 Pro,2020.0,iPhone,iPhone 12 Pro,,,,,,,128.0,,,
,Trade-in Platform,CompAsia,iPhone,iPhone 12 Pro,256GB,700,iPhone 12 Pro,2020.0,iPhone,iPhone 12 Pro,,,,,,,256.0,,,
,Trade-in Platform,CompAsia,iPhone,iPhone 12 Pro,512GB,750,iPhone 12 Pro,2020.0,iPhone,iPhone 12 Pro,,,,,,,512.0,,,
,Trade-in Platform,CompAsia,iPhone,iPhone 12 Pro Max,128GB,800,iPhone 12 Pro Max,2020.0,iPhone,iPhone 12 Pro Max,,,,,,,128.0,,,
,Trade-in Platform,CompAsia,iPhone,iPhone 12 Pro Max,256GB,900,iPhone 12 Pro Max,2020.0,iPhone,iPhone 12 Pro Max,,,,,,,256.0,,,
,Trade-in Platform,CompAsia,iPhone,iPhone 12 Pro Max,512GB,975,iPhone 12 Pro Max,2020.0,iPhone,iPhone 12 Pro Max,,,,,,,512.0,,,
,Trade-in Platform,CompAsia,iPhone,iPhone 13,128GB,740,iPhone 13,2021.0,iPhone,iPhone 13,,,,,,,128.0,,,
,Trade-in Platform,CompAsia,iPhone,iPhone 13,256GB,840,iPhone 13,2021.0,iPhone,iPhone 13,,,,,,,256.0,,,
,Trade-in Platform,CompAsia,iPhone,iPhone 13,512GB,900,iPhone 13,2021.0,iPhone,iPhone 13,,,,,,,512.0,,,
,Trade-in Platform,CompAsia,iPhone,iPhone 13 mini,128GB,550,iPhone 13 mini,2021.0,iPhone,iPhone 13 mini,,,,,,,128.0,,,
,Trade-in Platform,CompAsia,iPhone,iPhone 13 mini,256GB,600,iPhone 13 mini,2021.0,iPhone,iPhone 13 mini,,,,,,,256.0,,,
,Trade-in Platform,CompAsia,iPhone,iPhone 13 mini,512GB,675,iPhone 13 mini,2021.0,iPhone,iPhone 13 mini,,,,,,,512.0,,,
,Trade-in Platform,CompAsia,iPhone,iPhone 13 Pro,128GB,975,iPhone 13 Pro,2021.0,iPhone,iPhone 13 Pro,,,,,,,128.0,,,
,Trade-in Platform,CompAsia,iPhone,iPhone 13 Pro,1TB,1250,iPhone 13 Pro,2021.0,iPhone,iPhone 13 Pro,,,,,,,1024.0,,,
,Trade-in Platform,CompAsia,iPhone,iPhone 13 Pro,256GB,1050,iPhone 13 Pro,2021.0,iPhone,iPhone 13 Pro,,,,,,,256.0,,,
,Trade-in Platform,CompAsia,iPhone,iPhone 13 Pro,512GB,1140,iPhone 13 Pro,2021.0,iPhone,iPhone 13 Pro,,,,,,,512.0,,,
,Trade-in Platform,CompAsia,iPhone,iPhone 13 Pro Max,128GB,1100,iPhone 13 Pro Max,2021.0,iPhone,iPhone 13 Pro Max,,,,,,,128.0,,,
,Trade-in Platform,CompAsia,iPhone,iPhone 13 Pro Max,1TB,1450,iPhone 13 Pro Max,2021.0,iPhone,iPhone 13 Pro Max,,,,,,,1024.0,,,
,Trade-in Platform,CompAsia,iPhone,iPhone 13 Pro Max,256GB,1275,iPhone 13 Pro Max,2021.0,iPhone,iPhone 13 Pro Max,,,,,,,256.0,,,
,Trade-in Platform,CompAsia,iPhone,iPhone 13 Pro Max,512GB,1325,iPhone 13 Pro Max,2021.0,iPhone,iPhone 13 Pro Max,,,,,,,512.0,,,
,Trade-in Platform,CompAsia,iPhone,iPhone 14,128GB,925,iPhone 14,2022.0,iPhone,iPhone 14,,,,,,,128.0,,,
,Trade-in Platform,CompAsia,iPhone,iPhone 14,256GB,1000,iPhone 14,2022.0,iPhone,iPhone 14,,,,,,,256.0,,,
,Trade-in Platform,CompAsia,iPhone,iPhone 14,512GB,1100,iPhone 14,2022.0,iPhone,iPhone 14,,,,,,,512.0,,,
,Trade-in Platform,CompAsia,iPhone,iPhone 14 (eSIM),128GB,850,iPhone 14 (eSIM),2022.0,iPhone,iPhone 14,,,,,,,128.0,,,
,Trade-in Platform,CompAsia,iPhone,iPhone 14 (eSIM),256GB,935,iPhone 14 (eSIM),2022.0,iPhone,iPhone 14,,,,,,,256.0,,,
,Trade-in Platform,CompAsia,iPhone,iPhone 14 (eSIM),512GB,1020,iPhone 14 (eSIM),2022.0,iPhone,iPhone 14,,,,,,,512.0,,,
,Trade-in Platform,CompAsia,iPhone,iPhone 14 Plus,128GB,1000,iPhone 14 Plus,2022.0,iPhone,iPhone 14 Plus,,,,,,,128.0,,,
,Trade-in Platform,CompAsia,iPhone,iPhone 14 Plus,256GB,1100,iPhone 14 Plus,2022.0,iPhone,iPhone 14 Plus,,,,,,,256.0,,,
,Trade-in Platform,CompAsia,iPhone,iPhone 14 Plus,512GB,1225,iPhone 14 Plus,2022.0,iPhone,iPhone 14 Plus,,,,,,,512.0,,,
,Trade-in Platform,CompAsia,iPhone,iPhone 14 Plus (eSIM),128GB,895,iPhone 14 Plus (eSIM),2022.0,iPhone,iPhone 14 Plus,,,,,,,128.0,,,
,Trade-in Platform,CompAsia,iPhone,iPhone 14 Plus (eSIM),256GB,985,iPhone 14 Plus (eSIM),2022.0,iPhone,iPhone 14 Plus,,,,,,,256.0,,,
,Trade-in Platform,CompAsia,iPhone,iPhone 14 Plus (eSIM),512GB,1080,iPhone 14 Plus (eSIM),2022.0,iPhone,iPhone 14 Plus,,,,,,,512.0,,,
,Trade-in Platform,CompAsia,iPhone,iPhone 14 Pro,128GB,1325,iPhone 14 Pro,2022.0,iPhone,iPhone 14 Pro,,,,,,,128.0,,,
,Trade-in Platform,CompAsia,iPhone,iPhone 14 Pro,1TB,1675,iPhone 14 Pro,2022.0,iPhone,iPhone 14 Pro,,,,,,,1024.0,,,
,Trade-in Platform,CompAsia,iPhone,iPhone 14 Pro,512GB,1600,iPhone 14 Pro,2022.0,iPhone,iPhone 14 Pro,,,,,,,512.0,,,
,Trade-in Platform,CompAsia,iPhone,iPhone 14 Pro (eSIM),128GB,1140,iPhone 14 Pro (eSIM),2022.0,iPhone,iPhone 14 Pro,,,,,,,128.0,,,
,Trade-in Platform,CompAsia,iPhone,iPhone 14 Pro (eSIM),1TB,1465,iPhone 14 Pro (eSIM),2022.0,iPhone,iPhone 14 Pro,,,,,,,1024.0,,,
,Trade-in Platform,CompAsia,iPhone,iPhone 14 Pro (eSIM),256GB,1310,iPhone 14 Pro (eSIM),2022.0,iPhone,iPhone 14 Pro,,,,,,,256.0,,,
,Trade-in Platform,CompAsia,iPhone,iPhone 14 Pro (eSIM),512GB,1375,iPhone 14 Pro (eSIM),2022.0,iPhone,iPhone 14 Pro,,,,,,,512.0,,,
,Trade-in Platform,CompAsia,iPhone,iPhone 14 Pro Max,128GB,1575,iPhone 14 Pro Max,2022.0,iPhone,iPhone 14 Pro Max,,,,,,,128.0,,,
,Trade-in Platform,CompAsia,iPhone,iPhone 14 Pro Max,1TB,1975,iPhone 14 Pro Max,2022.0,iPhone,iPhone 14 Pro Max,,,,,,,1024.0,,,
,Trade-in Platform,CompAsia,iPhone,iPhone 14 Pro Max,256GB,1700,iPhone 14 Pro Max,2022.0,iPhone,iPhone 14 Pro Max,,,,,,,256.0,,,
,Trade-in Platform,CompAsia,iPhone,iPhone 14 Pro Max,512GB,1835,iPhone 14 Pro Max,2022.0,iPhone,iPhone 14 Pro Max,,,,,,,512.0,,,
,Trade-in Platform,CompAsia,iPhone,iPhone 14 Pro Max (eSIM),128GB,1350,iPhone 14 Pro Max (eSIM),2022.0,iPhone,iPhone 14 Pro Max,,,,,,,128.0,,,
,Trade-in Platform,CompAsia,iPhone,iPhone 14 Pro Max (eSIM),1TB,1700,iPhone 14 Pro Max (eSIM),2022.0,iPhone,iPhone 14 Pro Max,,,,,,,1024.0,,,
,Trade-in Platform,CompAsia,iPhone,iPhone 14 Pro Max (eSIM),256GB,1445,iPhone 14 Pro Max (eSIM),2022.0,iPhone,iPhone 14 Pro Max,,,,,,,256.0,,,
,Trade-in Platform,CompAsia,iPhone,iPhone 14 Pro Max (eSIM),512GB,1560,iPhone 14 Pro Max (eSIM),2022.0,iPhone,iPhone 14 Pro Max,,,,,,,512.0,,,
,Trade-in Platform,CompAsia,iPhone,iPhone 15,128GB,1460,iPhone 15,2023.0,iPhone,iPhone 15,,,,,,,128.0,,,
,Trade-in Platform,CompAsia,iPhone,iPhone 15,256GB,1625,iPhone 15,2023.0,iPhone,iPhone 15,,,,,,,256.0,,,
,Trade-in Platform,CompAsia,iPhone,iPhone 15,512GB,1775,iPhone 15,2023.0,iPhone,iPhone 15,,,,,,,512.0,,,
,Trade-in Platform,CompAsia,iPhone,iPhone 15 (eSIM),128GB,1210,iPhone 15 (eSIM),2023.0,iPhone,iPhone 15,,,,,,,128.0,,,
,Trade-in Platform,CompAsia,iPhone,iPhone 15 (eSIM),256GB,1320,iPhone 15 (eSIM),2023.0,iPhone,iPhone 15,,,,,,,256.0,,,
,Trade-in Platform,CompAsia,iPhone,iPhone 15 (eSIM),512GB,1445,iPhone 15 (eSIM),2023.0,iPhone,iPhone 15,,,,,,,512.0,,,
,Trade-in Platform,CompAsia,iPhone,iPhone 15 Plus,128GB,1550,iPhone 15 Plus,2023.0,iPhone,iPhone 15 Plus,,,,,,,128.0,,,
,Trade-in Platform,CompAsia,iPhone,iPhone 15 Plus,256GB,1775,iPhone 15 Plus,2023.0,iPhone,iPhone 15 Plus,,,,,,,256.0,,,
,Trade-in Platform,CompAsia,iPhone,iPhone 15 Plus (eSIM),128GB,1295,iPhone 15 Plus (eSIM),2023.0,iPhone,iPhone 15 Plus,,,,,,,128.0,,,
,Trade-in Platform,CompAsia,iPhone,iPhone 15 Plus (eSIM),256GB,1440,iPhone 15 Plus (eSIM),2023.0,iPhone,iPhone 15 Plus,,,,,,,256.0,,,
,Trade-in Platform,CompAsia,iPhone,iPhone 15 Plus (eSIM),512GB,1640,iPhone 15 Plus (eSIM),2023.0,iPhone,iPhone 15 Plus,,,,,,,512.0,,,
,Trade-in Platform,CompAsia,iPhone,iPhone 15 Pro,128GB,1725,iPhone 15 Pro,2023.0,iPhone,iPhone 15 Pro,,,,,,,128.0,,,
,Trade-in Platform,CompAsia,iPhone,iPhone 15 Pro,1TB,2350,iPhone 15 Pro,2023.0,iPhone,iPhone 15 Pro,,,,,,,1024.0,,,
,Trade-in Platform,CompAsia,iPhone,iPhone 15 Pro,256GB,2000,iPhone 15 Pro,2023.0,iPhone,iPhone 15 Pro,,,,,,,256.0,,,
,Trade-in Platform,CompAsia,iPhone,iPhone 15 Pro,512GB,2125,iPhone 15 Pro,2023.0,iPhone,iPhone 15 Pro,,,,,,,512.0,,,
,Trade-in Platform,CompAsia,iPhone,iPhone 15 Pro (eSIM),128GB,1535,iPhone 15 Pro (eSIM),2023.0,iPhone,iPhone 15 Pro,,,,,,,128.0,,,
,Trade-in Platform,CompAsia,iPhone,iPhone 15 Pro (eSIM),1TB,2050,iPhone 15 Pro (eSIM),2023.0,iPhone,iPhone 15 Pro,,,,,,,1024.0,,,
,Trade-in Platform,CompAsia,iPhone,iPhone 15 Pro (eSIM),256GB,1665,iPhone 15 Pro (eSIM),2023.0,iPhone,iPhone 15 Pro,,,,,,,256.0,,,
,Trade-in Platform,CompAsia,iPhone,iPhone 15 Pro (eSIM),512GB,1830,iPhone 15 Pro (eSIM),2023.0,iPhone,iPhone 15 Pro,,,,,,,512.0,,,
,Trade-in Platform,CompAsia,iPhone,iPhone 15 Pro Max,1TB,2650,iPhone 15 Pro Max,2023.0,iPhone,iPhone 15 Pro Max,,,,,,,1024.0,,,
,Trade-in Platform,CompAsia,iPhone,iPhone 15 Pro Max,256GB,2200,iPhone 15 Pro Max,2023.0,iPhone,iPhone 15 Pro Max,,,,,,,256.0,,,
,Trade-in Platform,CompAsia,iPhone,iPhone 15 Pro Max,512GB,2425,iPhone 15 Pro Max,2023.0,iPhone,iPhone 15 Pro Max,,,,,,,512.0,,,
,Trade-in Platform,CompAsia,iPhone,iPhone 15 Pro Max (eSIM),1TB,2340,iPhone 15 Pro Max (eSIM),2023.0,iPhone,iPhone 15 Pro Max,,,,,,,1024.0,,,
,Trade-in Platform,CompAsia,iPhone,iPhone 15 Pro Max (eSIM),256GB,1830,iPhone 15 Pro Max (eSIM),2023.0,iPhone,iPhone 15 Pro Max,,,,,,,256.0,,,
,Trade-in Platform,CompAsia,iPhone,iPhone 15 Pro Max (eSIM),512GB,2090,iPhone 15 Pro Max (eSIM),2023.0,iPhone,iPhone 15 Pro Max,,,,,,,512.0,,,
,Trade-in Platform,CompAsia,iPhone,iPhone 16,128GB,1800,iPhone 16,2024.0,iPhone,iPhone 16,,,,,,,128.0,,,
,Trade-in Platform,CompAsia,iPhone,iPhone 16,256GB,2075,iPhone 16,2024.0,iPhone,iPhone 16,,,,,,,256.0,,,
,Trade-in Platform,CompAsia,iPhone,iPhone 16,512GB,2430,iPhone 16,2024.0,iPhone,iPhone 16,,,,,,,512.0,,,
,Trade-in Platform,CompAsia,iPhone,iPhone 16e,128GB,1125,iPhone 16e,2025.0,iPhone,iPhone 16e,,,,,,,128.0,,,
,Trade-in Platform,CompAsia,iPhone,iPhone 16e,256GB,1275,iPhone 16e,2025.0,iPhone,iPhone 16e,,,,,,,256.0,,,
,Trade-in Platform,CompAsia,iPhone,iPhone 16e,512GB,1675,iPhone 16e,2025.0,iPhone,iPhone 16e,,,,,,,512.0,,,
,Trade-in Platform,CompAsia,iPhone,iPhone 16e (eSIM),128GB,1065,iPhone 16e (eSIM),2025.0,iPhone,iPhone 16e,,,,,,,128.0,,,
,Trade-in Platform,CompAsia,iPhone,iPhone 16e (eSIM),256GB,1225,iPhone 16e (eSIM),2025.0,iPhone,iPhone 16e,,,,,,,256.0,,,
,Trade-in Platform,CompAsia,iPhone,iPhone 16e (eSIM),512GB,1590,iPhone 16e (eSIM),2025.0,iPhone,iPhone 16e,,,,,,,512.0,,,
,Trade-in Platform,CompAsia,iPhone,iPhone 16 (eSIM),128GB,1570,iPhone 16 (eSIM),2024.0,iPhone,iPhone 16,,,,,,,128.0,,,
,Trade-in Platform,CompAsia,iPhone,iPhone 16 (eSIM),256GB,1785,iPhone 16 (eSIM),2024.0,iPhone,iPhone 16,,,,,,,256.0,,,
,Trade-in Platform,CompAsia,iPhone,iPhone 16 (eSIM),512GB,2065,iPhone 16 (eSIM),2024.0,iPhone,iPhone 16,,,,,,,512.0,,,
,Trade-in Platform,CompAsia,iPhone,iPhone 16 Plus,128GB,2120,iPhone 16 Plus,2024.0,iPhone,iPhone 16 Plus,,,,,,,128.0,,,
,Trade-in Platform,CompAsia,iPhone,iPhone 16 Plus,256GB,2335,iPhone 16 Plus,2024.0,iPhone,iPhone 16 Plus,,,,,,,256.0,,,
,Trade-in Platform,CompAsia,iPhone,iPhone 16 Plus,512GB,2690,iPhone 16 Plus,2024.0,iPhone,iPhone 16 Plus,,,,,,,512.0,,,
,Trade-in Platform,CompAsia,iPhone,iPhone 16 Plus (eSIM),128GB,1800,iPhone 16 Plus (eSIM),2024.0,iPhone,iPhone 16 Plus,,,,,,,128.0,,,
,Trade-in Platform,CompAsia,iPhone,iPhone 16 Plus (eSIM),256GB,1985,iPhone 16 Plus (eSIM),2024.0,iPhone,iPhone 16 Plus,,,,,,,256.0,,,
,Trade-in Platform,CompAsia,iPhone,iPhone 16 Plus (eSIM),512GB,2285,iPhone 16 Plus (eSIM),2024.0,iPhone,iPhone 16 Plus,,,,,,,512.0,,,
,Trade-in Platform,CompAsia,iPhone,iPhone 16 Pro,128GB,2300,iPhone 16 Pro,2024.0,iPhone,iPhone 16 Pro,,,,,,,128.0,,,
,Trade-in Platform,CompAsia,iPhone,iPhone 16 Pro,1TB,3400,iPhone 16 Pro,2024.0,iPhone,iPhone 16 Pro,,,,,,,1024.0,,,
,Trade-in Platform,CompAsia,iPhone,iPhone 16 Pro,256GB,2525,iPhone 16 Pro,2024.0,iPhone,iPhone 16 Pro,,,,,,,256.0,,,
,Trade-in Platform,CompAsia,iPhone,iPhone 16 Pro,512GB,2925,iPhone 16 Pro,2024.0,iPhone,iPhone 16 Pro,,,,,,,512.0,,,
,Trade-in Platform,CompAsia,iPhone,iPhone 16 Pro (eSIM),128GB,2110,iPhone 16 Pro (eSIM),2024.0,iPhone,iPhone 16 Pro,,,,,,,128.0,,,
,Trade-in Platform,CompAsia,iPhone,iPhone 16 Pro (eSIM),1TB,2945,iPhone 16 Pro (eSIM),2024.0,iPhone,iPhone 16 Pro,,,,,,,1024.0,,,
,Trade-in Platform,CompAsia,iPhone,iPhone 16 Pro (eSIM),256GB,2295,iPhone 16 Pro (eSIM),2024.0,iPhone,iPhone 16 Pro,,,,,,,256.0,,,
,Trade-in Platform,CompAsia,iPhone,iPhone 16 Pro (eSIM),512GB,2600,iPhone 16 Pro (eSIM),2024.0,iPhone,iPhone 16 Pro,,,,,,,512.0,,,
,Trade-in Platform,CompAsia,iPhone,iPhone 16 Pro Max,1TB,3675,iPhone 16 Pro Max,2024.0,iPhone,iPhone 16 Pro Max,,,,,,,1024.0,,,
,Trade-in Platform,CompAsia,iPhone,iPhone 16 Pro Max,256GB,3075,iPhone 16 Pro Max,2024.0,iPhone,iPhone 16 Pro Max,,,,,,,256.0,,,
,Trade-in Platform,CompAsia,iPhone,iPhone 16 Pro Max,512GB,3300,iPhone 16 Pro Max,2024.0,iPhone,iPhone 16 Pro Max,,,,,,,512.0,,,
,Trade-in Platform,CompAsia,iPhone,iPhone 16 Pro Max (eSIM),1TB,3245,iPhone 16 Pro Max (eSIM),2024.0,iPhone,iPhone 16 Pro Max,,,,,,,1024.0,,,
,Trade-in Platform,CompAsia,iPhone,iPhone 16 Pro Max (eSIM),256GB,2665,iPhone 16 Pro Max (eSIM),2024.0,iPhone,iPhone 16 Pro Max,,,,,,,256.0,,,
,Trade-in Platform,CompAsia,iPhone,iPhone 16 Pro Max (eSIM),512GB,2940,iPhone 16 Pro Max (eSIM),2024.0,iPhone,iPhone 16 Pro Max,,,,,,,512.0,,,
,Trade-in Platform,CompAsia,iPhone,iPhone 17,256GB,2135,iPhone 17,2025.0,iPhone,iPhone 17,,,,,,,256.0,,,
,Trade-in Platform,CompAsia,iPhone,iPhone 17,512GB,2670,iPhone 17,2025.0,iPhone,iPhone 17,,,,,,,512.0,,,
,Trade-in Platform,CompAsia,iPhone,iPhone 17 Pro,1TB,4100,iPhone 17 Pro,2025.0,iPhone,iPhone 17 Pro,,,,,,,1024.0,,,
,Trade-in Platform,CompAsia,iPhone,iPhone 17 Pro,256GB,3035,iPhone 17 Pro,2025.0,iPhone,iPhone 17 Pro,,,,,,,256.0,,,
,Trade-in Platform,CompAsia,iPhone,iPhone 17 Pro,512GB,3570,iPhone 17 Pro,2025.0,iPhone,iPhone 17 Pro,,,,,,,512.0,,,
,Trade-in Platform,CompAsia,iPhone,iPhone 17 Pro Max,1TB,4370,iPhone 17 Pro Max,2025.0,iPhone,iPhone 17 Pro Max,,,,,,,1024.0,,,
,Trade-in Platform,CompAsia,iPhone,iPhone 17 Pro Max,256GB,3300,iPhone 17 Pro Max,2025.0,iPhone,iPhone 17 Pro Max,,,,,,,256.0,,,
,Trade-in Platform,CompAsia,iPhone,iPhone 17 Pro Max,2TB,5435,iPhone 17 Pro Max,2025.0,iPhone,iPhone 17 Pro Max,,,,,,,2048.0,,,
,Trade-in Platform,CompAsia,iPhone,iPhone 17 Pro Max,512GB,3835,iPhone 17 Pro Max,2025.0,iPhone,iPhone 17 Pro Max,,,,,,,512.0,,,
,Trade-in Platform,CompAsia,iPhone,iPhone 8 Plus,128GB,150,iPhone 8 Plus,2017.0,iPhone,iPhone 8 Plus,,,,,,,128.0,,,
,Trade-in Platform,CompAsia,iPhone,iPhone 8 Plus,256GB,180,iPhone 8 Plus,2017.0,iPhone,iPhone 8 Plus,,,,,,,256.0,,,
,Trade-in Platform,CompAsia,iPhone,iPhone 8 Plus,64GB,120,iPhone 8 Plus,2017.0,iPhone,iPhone 8 Plus,,,,,,,64.0,,,
,Trade-in Platform,CompAsia,iPhone,iPhone Air,1TB,3445,iPhone Air,2025.0,iPhone,iPhone Air,,,,,,,1024.0,,,
,Trade-in Platform,CompAsia,iPhone,iPhone Air,256GB,2490,iPhone Air,2025.0,iPhone,iPhone Air,,,,,,,256.0,,,
,Trade-in Platform,CompAsia,iPhone,iPhone Air,512GB,2965,iPhone Air,2025.0,iPhone,iPhone Air,,,,,,,512.0,,,
,Trade-in Platform,CompAsia,iPhone,iPhone SE (2020),128GB,175,iPhone SE (2020),2020.0,iPhone,iPhone SE,,2020,,,,,128.0,,,
,Trade-in Platform,CompAsia,iPhone,iPhone SE (2020),256GB,200,iPhone SE (2020),2020.0,iPhone,iPhone SE,,2020,,,,,256.0,,,
,Trade-in Platform,CompAsia,iPhone,iPhone SE (2020),64GB,125,iPhone SE (2020),2020.0,iPhone,iPhone SE,,2020,,,,,64.0,,,
,Trade-in Platform,CompAsia,iPhone,iPhone SE,"5G, 128GB",325,iPhone SE,2016.0,iPhone,iPhone SE,,,,,,,128.0,,,
,Trade-in Platform,CompAsia,iPhone,iPhone SE,"5G, 256GB",350,iPhone SE,2016.0,iPhone,iPhone SE,,,,,,,256.0,,,
,Trade-in Platform,CompAsia,iPhone,iPhone SE,"5G, 64GB",275,iPhone SE,2016.0,iPhone,iPhone SE,,,,,,,64.0,,,
,Trade-in Platform,CompAsia,iPhone,iPhone X/10,256GB,185,iPhone X/10,2017.0,iPhone,iPhone,,,,,,,256.0,,,
,Trade-in Platform,CompAsia,iPhone,iPhone X/10,64GB,130,iPhone X/10,2017.0,iPhone,iPhone,,,,,,,64.0,,,
,Trade-in Platform,CompAsia,iPhone,iPhone Xr,128GB,220,iPhone Xr,2018.0,iPhone,iPhone Xr,,,,,,,128.0,,,
,Trade-in Platform,CompAsia,iPhone,iPhone Xr,256GB,270,iPhone Xr,2018.0,iPhone,iPhone Xr,,,,,,,256.0,,,
,Trade-in Platform,CompAsia,iPhone,iPhone Xr,64GB,155,iPhone Xr,2018.0,iPhone,iPhone Xr,,,,,,,64.0,,,
,Trade-in Platform,CompAsia,iPhone,iPhone Xs,256GB,255,iPhone Xs,2018.0,iPhone,iPhone Xs,,,,,,,256.0,,,
,Trade-in Platform,CompAsia,iPhone,iPhone Xs,512GB,305,iPhone Xs,2018.0,iPhone,iPhone Xs,,,,,,,512.0,,,
,Trade-in Platform,CompAsia,iPhone,iPhone Xs,64GB,205,iPhone Xs,2018.0,iPhone,iPhone Xs,,,,,,,64.0,,,
,Trade-in Platform,CompAsia,iPhone,iPhone Xs Max,256GB,365,iPhone Xs Max,2018.0,iPhone,iPhone Xs Max,,,,,,,256.0,,,
,Trade-in Platform,CompAsia,iPhone,iPhone Xs Max,512GB,390,iPhone Xs Max,2018.0,iPhone,iPhone Xs Max,,,,,,,512.0,,,
,Trade-in Platform,CompAsia,iPhone,iPhone Xs Max,64GB,285,iPhone Xs Max,2018.0,iPhone,iPhone Xs Max,,,,,,,64.0,,,
,Retailer Trade-in,iTworld,iPhone,iPhone 11,64GB,300,iPhone 11,2019.0,iPhone,iPhone 11,,,,,,,64.0,,,
,Retailer Trade-in,iTworld,iPhone,iPhone 11,128GB,350,iPhone 11,2019.0,iPhone,iPhone 11,,,,,,,128.0,,,
,Retailer Trade-in,iTworld,iPhone,iPhone 11,256GB,460,iPhone 11,2019.0,iPhone,iPhone 11,,,,,,,256.0,,,
,Retailer Trade-in,iTworld,iPhone,iPhone 11 Pro,64GB,400,iPhone 11 Pro,2019.0,iPhone,iPhone 11 Pro,,,,,,,64.0,,,
,Retailer Trade-in,iTworld,iPhone,iPhone 11 Pro,256GB,450,iPhone 11 Pro,2019.0,iPhone,iPhone 11 Pro,,,,,,,256.0,,,
,Retailer Trade-in,iTworld,iPhone,iPhone 11 Pro,512GB,590,iPhone 11 Pro,2019.0,iPhone,iPhone 11 Pro,,,,,,,512.0,,,
,Retailer Trade-in,iTworld,iPhone,iPhone 11 Pro Max,64GB,490,iPhone 11 Pro Max,2019.0,iPhone,iPhone 11 Pro Max,,,,,,,64.0,,,
,Retailer Trade-in,iTworld,iPhone,iPhone 11 Pro Max,256GB,560,iPhone 11 Pro Max,2019.0,iPhone,iPhone 11 Pro Max,,,,,,,256.0,,,
,Retailer Trade-in,iTworld,iPhone,iPhone 11 Pro Max,512GB,650,iPhone 11 Pro Max,2019.0,iPhone,iPhone 11 Pro Max,,,,,,,512.0,,,
,Retailer Trade-in,iTworld,iPhone,iPhone 12,64GB,460,iPhone 12,2020.0,iPhone,iPhone 12,,,,,,,64.0,,,
,Retailer Trade-in,iTworld,iPhone,iPhone 12,128GB,510,iPhone 12,2020.0,iPhone,iPhone 12,,,,,,,128.0,,,
,Retailer Trade-in,iTworld,iPhone,iPhone 12,256GB,590,iPhone 12,2020.0,iPhone,iPhone 12,,,,,,,256.0,,,
,Retailer Trade-in,iTworld,iPhone,iPhone 12 mini,64GB,300,iPhone 12 mini,2020.0,iPhone,iPhone 12 mini,,,,,,,64.0,,,
,Retailer Trade-in,iTworld,iPhone,iPhone 12 mini,128GB,400,iPhone 12 mini,2020.0,iPhone,iPhone 12 mini,,,,,,,128.0,,,
,Retailer Trade-in,iTworld,iPhone,iPhone 12 mini,256GB,450,iPhone 12 mini,2020.0,iPhone,iPhone 12 mini,,,,,,,256.0,,,
,Retailer Trade-in,iTworld,iPhone,iPhone 12 Pro,128GB,640,iPhone 12 Pro,2020.0,iPhone,iPhone 12 Pro,,,,,,,128.0,,,
,Retailer Trade-in,iTworld,iPhone,iPhone 12 Pro,256GB,710,iPhone 12 Pro,2020.0,iPhone,iPhone 12 Pro,,,,,,,256.0,,,
,Retailer Trade-in,iTworld,iPhone,iPhone 12 Pro,512GB,760,iPhone 12 Pro,2020.0,iPhone,iPhone 12 Pro,,,,,,,512.0,,,
,Retailer Trade-in,iTworld,iPhone,iPhone 12 Pro Max,128GB,810,iPhone 12 Pro Max,2020.0,iPhone,iPhone 12 Pro Max,,,,,,,128.0,,,
,Retailer Trade-in,iTworld,iPhone,iPhone 12 Pro Max,256GB,910,iPhone 12 Pro Max,2020.0,iPhone,iPhone 12 Pro Max,,,,,,,256.0,,,
,Retailer Trade-in,iTworld,iPhone,iPhone 12 Pro Max,512GB,990,iPhone 12 Pro Max,2020.0,iPhone,iPhone 12 Pro Max,,,,,,,512.0,,,
,Retailer Trade-in,iTworld,iPhone,iPhone 13,128GB,750,iPhone 13,2021.0,iPhone,iPhone 13,,,,,,,128.0,,,
,Retailer Trade-in,iTworld,iPhone,iPhone 13,256GB,850,iPhone 13,2021.0,iPhone,iPhone 13,,,,,,,256.0,,,
,Retailer Trade-in,iTworld,iPhone,iPhone 13,512GB,910,iPhone 13,2021.0,iPhone,iPhone 13,,,,,,,512.0,,,
,Retailer Trade-in,iTworld,iPhone,iPhone 13 mini,128GB,500,iPhone 13 mini,2021.0,iPhone,iPhone 13 mini,,,,,,,128.0,,,
,Retailer Trade-in,iTworld,iPhone,iPhone 13 mini,256GB,550,iPhone 13 mini,2021.0,iPhone,iPhone 13 mini,,,,,,,256.0,,,
,Retailer Trade-in,iTworld,iPhone,iPhone 13 mini,512GB,600,iPhone 13 mini,2021.0,iPhone,iPhone 13 mini,,,,,,,512.0,,,
,Retailer Trade-in,iTworld,iPhone,iPhone 13 Pro,128GB,990,iPhone 13 Pro,2021.0,iPhone,iPhone 13 Pro,,,,,,,128.0,,,
,Retailer Trade-in,iTworld,iPhone,iPhone 13 Pro,256GB,1060,iPhone 13 Pro,2021.0,iPhone,iPhone 13 Pro,,,,,,,256.0,,,
,Retailer Trade-in,iTworld,iPhone,iPhone 13 Pro,512GB,1150,iPhone 13 Pro,2021.0,iPhone,iPhone 13 Pro,,,,,,,512.0,,,
,Retailer Trade-in,iTworld,iPhone,iPhone 13 Pro,1TB,1260,iPhone 13 Pro,2021.0,iPhone,iPhone 13 Pro,,,,,,,1024.0,,,
,Retailer Trade-in,iTworld,iPhone,iPhone 13 Pro Max,128GB,1110,iPhone 13 Pro Max,2021.0,iPhone,iPhone 13 Pro Max,,,,,,,128.0,,,
,Retailer Trade-in,iTworld,iPhone,iPhone 13 Pro Max,256GB,1290,iPhone 13 Pro Max,2021.0,iPhone,iPhone 13 Pro Max,,,,,,,256.0,,,
,Retailer Trade-in,iTworld,iPhone,iPhone 13 Pro Max,512GB,1340,iPhone 13 Pro Max,2021.0,iPhone,iPhone 13 Pro Max,,,,,,,512.0,,,
,Retailer Trade-in,iTworld,iPhone,iPhone 13 Pro Max,1TB,1460,iPhone 13 Pro Max,2021.0,iPhone,iPhone 13 Pro Max,,,,,,,1024.0,,,
,Retailer Trade-in,iTworld,iPhone,iPhone 14,128GB,850,iPhone 14,2022.0,iPhone,iPhone 14,,,,,,,128.0,,,
,Retailer Trade-in,iTworld,iPhone,iPhone 14,256GB,950,iPhone 14,2022.0,iPhone,iPhone 14,,,,,,,256.0,,,
,Retailer Trade-in,iTworld,iPhone,iPhone 14,512GB,1110,iPhone 14,2022.0,iPhone,iPhone 14,,,,,,,512.0,,,
,Retailer Trade-in,iTworld,iPhone,iPhone 14 Plus,128GB,950,iPhone 14 Plus,2022.0,iPhone,iPhone 14 Plus,,,,,,,128.0,,,
,Retailer Trade-in,iTworld,iPhone,iPhone 14 Plus,256GB,1050,iPhone 14 Plus,2022.0,iPhone,iPhone 14 Plus,,,,,,,256.0,,,
,Retailer Trade-in,iTworld,iPhone,iPhone 14 Plus,512GB,1240,iPhone 14 Plus,2022.0,iPhone,iPhone 14 Plus,,,,,,,512.0,,,
,Retailer Trade-in,iTworld,iPhone,iPhone 14 Pro,128GB,1340,iPhone 14 Pro,2022.0,iPhone,iPhone 14 Pro,,,,,,,128.0,,,
,Retailer Trade-in,iTworld,iPhone,iPhone 14 Pro,256GB,1540,iPhone 14 Pro,2022.0,iPhone,iPhone 14 Pro,,,,,,,256.0,,,
,Retailer Trade-in,iTworld,iPhone,iPhone 14 Pro,512GB,1610,iPhone 14 Pro,2022.0,iPhone,iPhone 14 Pro,,,,,,,512.0,,,
,Retailer Trade-in,iTworld,iPhone,iPhone 14 Pro,1TB,1690,iPhone 14 Pro,2022.0,iPhone,iPhone 14 Pro,,,,,,,1024.0,,,
,Retailer Trade-in,iTworld,iPhone,iPhone 14 Pro Max,128GB,1590,iPhone 14 Pro Max,2022.0,iPhone,iPhone 14 Pro Max,,,,,,,128.0,,,
,Retailer Trade-in,iTworld,iPhone,iPhone 14 Pro Max,256GB,1710,iPhone 14 Pro Max,2022.0,iPhone,iPhone 14 Pro Max,,,,,,,256.0,,,
,Retailer Trade-in,iTworld,iPhone,iPhone 14 Pro Max,512GB,1850,iPhone 14 Pro Max,2022.0,iPhone,iPhone 14 Pro Max,,,,,,,512.0,,,
,Retailer Trade-in,iTworld,iPhone,iPhone 14 Pro Max,1TB,1990,iPhone 14 Pro Max,2022.0,iPhone,iPhone 14 Pro Max,,,,,,,1024.0,,,
,Retailer Trade-in,iTworld,iPhone,iPhone 15,128GB,1300,iPhone 15,2023.0,iPhone,iPhone 15,,,,,,,128.0,,,
,Retailer Trade-in,iTworld,iPhone,iPhone 15,256GB,1450,iPhone 15,2023.0,iPhone,iPhone 15,,,,,,,256.0,,,
,Retailer Trade-in,iTworld,iPhone,iPhone 15,512GB,1600,iPhone 15,2023.0,iPhone,iPhone 15,,,,,,,512.0,,,
,Retailer Trade-in,iTworld,iPhone,iPhone 15 Plus,128GB,1450,iPhone 15 Plus,2023.0,iPhone,iPhone 15 Plus,,,,,,,128.0,,,
,Retailer Trade-in,iTworld,iPhone,iPhone 15 Plus,256GB,1600,iPhone 15 Plus,2023.0,iPhone,iPhone 15 Plus,,,,,,,256.0,,,
,Retailer Trade-in,iTworld,iPhone,iPhone 15 Plus,512GB,1800,iPhone 15 Plus,2023.0,iPhone,iPhone 15 Plus,,,,,,,512.0,,,
,Retailer Trade-in,iTworld,iPhone,iPhone 15 Pro,128GB,1740,iPhone 15 Pro,2023.0,iPhone,iPhone 15 Pro,,,,,,,128.0,,,
,Retailer Trade-in,iTworld,iPhone,iPhone 15 Pro,256GB,2010,iPhone 15 Pro,2023.0,iPhone,iPhone 15 Pro,,,,,,,256.0,,,
,Retailer Trade-in,iTworld,iPhone,iPhone 15 Pro,512GB,2140,iPhone 15 Pro,2023.0,iPhone,iPhone 15 Pro,,,,,,,512.0,,,
,Retailer Trade-in,iTworld,iPhone,iPhone 15 Pro,1TB,2360,iPhone 15 Pro,2023.0,iPhone,iPhone 15 Pro,,,,,,,1024.0,,,
,Retailer Trade-in,iTworld,iPhone,iPhone 15 Pro Max,256GB,2210,iPhone 15 Pro Max,2023.0,iPhone,iPhone 15 Pro Max,,,,,,,256.0,,,
,Retailer Trade-in,iTworld,iPhone,iPhone 15 Pro Max,512GB,2440,iPhone 15 Pro Max,2023.0,iPhone,iPhone 15 Pro Max,,,,,,,512.0,,,
,Retailer Trade-in,iTworld,iPhone,iPhone 15 Pro Max,1TB,2660,iPhone 15 Pro Max,2023.0,iPhone,iPhone 15 Pro Max,,,,,,,1024.0,,,
,Retailer Trade-in,iTworld,iPhone,iPhone 16,128GB,1800,iPhone 16,2024.0,iPhone,iPhone 16,,,,,,,128.0,,,
,Retailer Trade-in,iTworld,iPhone,iPhone 16,256GB,1980,iPhone 16,2024.0,iPhone,iPhone 16,,,,,,,256.0,,,
,Retailer Trade-in,iTworld,iPhone,iPhone 16,512GB,2180,iPhone 16,2024.0,iPhone,iPhone 16,,,,,,,512.0,,,
,Retailer Trade-in,iTworld,iPhone,iPhone 16 Plus,128GB,2090,iPhone 16 Plus,2024.0,iPhone,iPhone 16 Plus,,,,,,,128.0,,,
,Retailer Trade-in,iTworld,iPhone,iPhone 16 Plus,256GB,2250,iPhone 16 Plus,2024.0,iPhone,iPhone 16 Plus,,,,,,,256.0,,,
,Retailer Trade-in,iTworld,iPhone,iPhone 16 Plus,512GB,2500,iPhone 16 Plus,2024.0,iPhone,iPhone 16 Plus,,,,,,,512.0,,,
,Retailer Trade-in,iTworld,iPhone,iPhone 16 Pro,128GB,2310,iPhone 16 Pro,2024.0,iPhone,iPhone 16 Pro,,,,,,,128.0,,,
,Retailer Trade-in,iTworld,iPhone,iPhone 16 Pro,256GB,2540,iPhone 16 Pro,2024.0,iPhone,iPhone 16 Pro,,,,,,,256.0,,,
,Retailer Trade-in,iTworld,iPhone,iPhone 16 Pro,512GB,2700,iPhone 16 Pro,2024.0,iPhone,iPhone 16 Pro,,,,,,,512.0,,,
,Retailer Trade-in,iTworld,iPhone,iPhone 16 Pro,1TB,2900,iPhone 16 Pro,2024.0,iPhone,iPhone 16 Pro,,,,,,,1024.0,,,
,Retailer Trade-in,iTworld,iPhone,iPhone 16 Pro Max,256GB,3010,iPhone 16 Pro Max,2024.0,iPhone,iPhone 16 Pro Max,,,,,,,256.0,,,
,Retailer Trade-in,iTworld,iPhone,iPhone 16 Pro Max,512GB,3200,iPhone 16 Pro Max,2024.0,iPhone,iPhone 16 Pro Max,,,,,,,512.0,,,
,Retailer Trade-in,iTworld,iPhone,iPhone 16 Pro Max,1TB,3500,iPhone 16 Pro Max,2024.0,iPhone,iPhone 16 Pro Max,,,,,,,1024.0,,,
,Retailer Trade-in,iTworld,iPhone,iPhone 16e,128GB,1050,iPhone 16e,2025.0,iPhone,iPhone 16e,,,,,,,128.0,,,
,Retailer Trade-in,iTworld,iPhone,iPhone 16e,256GB,1200,iPhone 16e,2025.0,iPhone,iPhone 16e,,,,,,,256.0,,,
,Retailer Trade-in,iTworld,iPhone,iPhone 16e,512GB,1500,iPhone 16e,2025.0,iPhone,iPhone 16e,,,,,,,512.0,,,
,Retailer Trade-in,iTworld,iPhone,iPhone 17,256GB,2290,iPhone 17,2025.0,iPhone,iPhone 17,,,,,,,256.0,,,
,Retailer Trade-in,iTworld,iPhone,iPhone 17,512GB,2700,iPhone 17,2025.0,iPhone,iPhone 17,,,,,,,512.0,,,
,Retailer Trade-in,iTworld,iPhone,iPhone 17 Pro,256GB,3190,iPhone 17 Pro,2025.0,iPhone,iPhone 17 Pro,,,,,,,256.0,,,
,Retailer Trade-in,iTworld,iPhone,iPhone 17 Pro,512GB,3600,iPhone 17 Pro,2025.0,iPhone,iPhone 17 Pro,,,,,,,512.0,,,
,Retailer Trade-in,iTworld,iPhone,iPhone 17 Pro,1TB,4150,iPhone 17 Pro,2025.0,iPhone,iPhone 17 Pro,,,,,,,1024.0,,,
,Retailer Trade-in,iTworld,iPhone,iPhone 17 Pro Max,256GB,3500,iPhone 17 Pro Max,2025.0,iPhone,iPhone 17 Pro Max,,,,,,,256.0,,,
,Retailer Trade-in,iTworld,iPhone,iPhone 17 Pro Max,512GB,4130,iPhone 17 Pro Max,2025.0,iPhone,iPhone 17 Pro Max,,,,,,,512.0,,,
,Retailer Trade-in,iTworld,iPhone,iPhone 17 Pro Max,1TB,4800,iPhone 17 Pro Max,2025.0,iPhone,iPhone 17 Pro Max,,,,,,,1024.0,,,
,Retailer Trade-in,iTworld,iPhone,iPhone 17 Pro Max,2TB,6010,iPhone 17 Pro Max,2025.0,iPhone,iPhone 17 Pro Max,,,,,,,2048.0,,,
,Retailer Trade-in,iTworld,iPhone,iPhone 5s,16GB,5,iPhone 5s,2013.0,iPhone,iPhone 5s,,,,,,,16.0,,,
,Retailer Trade-in,iTworld,iPhone,iPhone 5s,32GB,5,iPhone 5s,2013.0,iPhone,iPhone 5s,,,,,,,32.0,,,
,Retailer Trade-in,iTworld,iPhone,iPhone 5s,64GB,5,iPhone 5s,2013.0,iPhone,iPhone 5s,,,,,,,64.0,,,
,Retailer Trade-in,iTworld,iPhone,iPhone 6,16GB,5,iPhone 6,2014.0,iPhone,iPhone 6,,,,,,,16.0,,,
,Retailer Trade-in,iTworld,iPhone,iPhone 6,32GB,5,iPhone 6,2014.0,iPhone,iPhone 6,,,,,,,32.0,,,
,Retailer Trade-in,iTworld,iPhone,iPhone 6,64GB,5,iPhone 6,2014.0,iPhone,iPhone 6,,,,,,,64.0,,,
,Retailer Trade-in,iTworld,iPhone,iPhone 6,128GB,5,iPhone 6,2014.0,iPhone,iPhone 6,,,,,,,128.0,,,
,Retailer Trade-in,iTworld,iPhone,iPhone 6 Plus,16GB,10,iPhone 6 Plus,2014.0,iPhone,iPhone 6 Plus,,,,,,,16.0,,,
,Retailer Trade-in,iTworld,iPhone,iPhone 6 Plus,64GB,10,iPhone 6 Plus,2014.0,iPhone,iPhone 6 Plus,,,,,,,64.0,,,
,Retailer Trade-in,iTworld,iPhone,iPhone 6 Plus,128GB,10,iPhone 6 Plus,2014.0,iPhone,iPhone 6 Plus,,,,,,,128.0,,,
,Retailer Trade-in,iTworld,iPhone,iPhone 6s,16GB,10,iPhone 6s,2015.0,iPhone,iPhone 6s,,,,,,,16.0,,,
,Retailer Trade-in,iTworld,iPhone,iPhone 6s,32GB,10,iPhone 6s,2015.0,iPhone,iPhone 6s,,,,,,,32.0,,,
,Retailer Trade-in,iTworld,iPhone,iPhone 6s,64GB,10,iPhone 6s,2015.0,iPhone,iPhone 6s,,,,,,,64.0,,,
,Retailer Trade-in,iTworld,iPhone,iPhone 6s,128GB,10,iPhone 6s,2015.0,iPhone,iPhone 6s,,,,,,,128.0,,,
,Retailer Trade-in,iTworld,iPhone,iPhone 6s Plus,16GB,20,iPhone 6s Plus,2015.0,iPhone,iPhone 6s Plus,,,,,,,16.0,,,
,Retailer Trade-in,iTworld,iPhone,iPhone 6s Plus,32GB,20,iPhone 6s Plus,2015.0,iPhone,iPhone 6s Plus,,,,,,,32.0,,,
,Retailer Trade-in,iTworld,iPhone,iPhone 6s Plus,64GB,20,iPhone 6s Plus,2015.0,iPhone,iPhone 6s Plus,,,,,,,64.0,,,
,Retailer Trade-in,iTworld,iPhone,iPhone 6s Plus,128GB,20,iPhone 6s Plus,2015.0,iPhone,iPhone 6s Plus,,,,,,,128.0,,,
,Retailer Trade-in,iTworld,iPhone,iPhone 7,32GB,50,iPhone 7,2016.0,iPhone,iPhone 7,,,,,,,32.0,,,
,Retailer Trade-in,iTworld,iPhone,iPhone 7,128GB,70,iPhone 7,2016.0,iPhone,iPhone 7,,,,,,,128.0,,,
,Retailer Trade-in,iTworld,iPhone,iPhone 7,256GB,90,iPhone 7,2016.0,iPhone,iPhone 7,,,,,,,256.0,,,
,Retailer Trade-in,iTworld,iPhone,iPhone 7 Plus,32GB,80,iPhone 7 Plus,2016.0,iPhone,iPhone 7 Plus,,,,,,,32.0,,,
,Retailer Trade-in,iTworld,iPhone,iPhone 7 Plus,128GB,110,iPhone 7 Plus,2016.0,iPhone,iPhone 7 Plus,,,,,,,128.0,,,
,Retailer Trade-in,iTworld,iPhone,iPhone 7 Plus,256GB,140,iPhone 7 Plus,2016.0,iPhone,iPhone 7 Plus,,,,,,,256.0,,,
,Retailer Trade-in,iTworld,iPhone,iPhone 8,64GB,120,iPhone 8,2017.0,iPhone,iPhone 8,,,,,,,64.0,,,
,Retailer Trade-in,iTworld,iPhone,iPhone 8,128GB,140,iPhone 8,2017.0,iPhone,iPhone 8,,,,,,,128.0,,,
,Retailer Trade-in,iTworld,iPhone,iPhone 8,256GB,180,iPhone 8,2017.0,iPhone,iPhone 8,,,,,,,256.0,,,
,Retailer Trade-in,iTworld,iPhone,iPhone 8 Plus,64GB,130,iPhone 8 Plus,2017.0,iPhone,iPhone 8 Plus,,,,,,,64.0,,,
,Retailer Trade-in,iTworld,iPhone,iPhone 8 Plus,128GB,160,iPhone 8 Plus,2017.0,iPhone,iPhone 8 Plus,,,,,,,128.0,,,
,Retailer Trade-in,iTworld,iPhone,iPhone 8 Plus,256GB,190,iPhone 8 Plus,2017.0,iPhone,iPhone 8 Plus,,,,,,,256.0,,,
,Retailer Trade-in,iTworld,iPhone,iPhone Air,256GB,2200,iPhone Air,2025.0,iPhone,iPhone Air,,,,,,,256.0,,,
,Retailer Trade-in,iTworld,iPhone,iPhone Air,512GB,2400,iPhone Air,2025.0,iPhone,iPhone Air,,,,,,,512.0,,,
,Retailer Trade-in,iTworld,iPhone,iPhone Air,1TB,2800,iPhone Air,2025.0,iPhone,iPhone Air,,,,,,,1024.0,,,
,Retailer Trade-in,iTworld,iPhone,iPhone SE,16GB,5,iPhone SE,2016.0,iPhone,iPhone SE,,,,,,,16.0,,,
,Retailer Trade-in,iTworld,iPhone,iPhone SE,32GB,5,iPhone SE,2016.0,iPhone,iPhone SE,,,,,,,32.0,,,
,Retailer Trade-in,iTworld,iPhone,iPhone SE,64GB,5,iPhone SE,2016.0,iPhone,iPhone SE,,,,,,,64.0,,,
,Retailer Trade-in,iTworld,iPhone,iPhone SE,128GB,5,iPhone SE,2016.0,iPhone,iPhone SE,,,,,,,128.0,,,
,Retailer Trade-in,iTworld,iPhone,iPhone SE (2020),64GB,120,iPhone SE (2020),2020.0,iPhone,iPhone SE,,2020,,,,,64.0,,,
,Retailer Trade-in,iTworld,iPhone,iPhone SE (2020),128GB,170,iPhone SE (2020),2020.0,iPhone,iPhone SE,,2020,,,,,128.0,,,
,Retailer Trade-in,iTworld,iPhone,iPhone SE (2020),256GB,220,iPhone SE (2020),2020.0,iPhone,iPhone SE,,2020,,,,,256.0,,,
,Retailer Trade-in,iTworld,iPhone,iPhone SE (2022),64GB,170,iPhone SE (2022),2022.0,iPhone,iPhone SE,,2022,,,,,64.0,,,
,Retailer Trade-in,iTworld,iPhone,iPhone SE (2022),128GB,220,iPhone SE (2022),2022.0,iPhone,iPhone SE,,2022,,,,,128.0,,,
,Retailer Trade-in,iTworld,iPhone,iPhone SE (2022),256GB,270,iPhone SE (2022),2022.0,iPhone,iPhone SE,,2022,,,,,256.0,,,
,Retailer Trade-in,iTworld,iPhone,iPhone X,64GB,140,iPhone X,2017.0,iPhone,iPhone X,,,,,,,64.0,,,
,Retailer Trade-in,iTworld,iPhone,iPhone X,256GB,190,iPhone X,2017.0,iPhone,iPhone X,,,,,,,256.0,,,
,Retailer Trade-in,iTworld,iPhone,iPhone Xr,64GB,160,iPhone Xr,2018.0,iPhone,iPhone Xr,,,,,,,64.0,,,
,Retailer Trade-in,iTworld,iPhone,iPhone Xr,128GB,230,iPhone Xr,2018.0,iPhone,iPhone Xr,,,,,,,128.0,,,
,Retailer Trade-in,iTworld,iPhone,iPhone Xr,256GB,280,iPhone Xr,2018.0,iPhone,iPhone Xr,,,,,,,256.0,,,
,Retailer Trade-in,iTworld,iPhone,iPhone Xs,64GB,210,iPhone Xs,2018.0,iPhone,iPhone Xs,,,,,,,64.0,,,
,Retailer Trade-in,iTworld,iPhone,iPhone Xs,256GB,260,iPhone Xs,2018.0,iPhone,iPhone Xs,,,,,,,256.0,,,
,Retailer Trade-in,iTworld,iPhone,iPhone Xs,512GB,310,iPhone Xs,2018.0,iPhone,iPhone Xs,,,,,,,512.0,,,
,Retailer Trade-in,iTworld,iPhone,iPhone Xs Max,64GB,290,iPhone Xs Max,2018.0,iPhone,iPhone Xs Max,,,,,,,64.0,,,
,Retailer Trade-in,iTworld,iPhone,iPhone Xs Max,256GB,370,iPhone Xs Max,2018.0,iPhone,iPhone Xs Max,,,,,,,256.0,,,
,Retailer Trade-in,iTworld,iPhone,iPhone Xs Max,512GB,400,iPhone Xs Max,2018.0,iPhone,iPhone Xs Max,,,,,,,512.0,,,
,Retailer Trade-in,Machines,iPhone,iPhone SE (2020),3GB/64GB,125,iPhone SE (2020),2020.0,iPhone,iPhone SE,,2020,,,,3.0,64.0,,,
,Retailer Trade-in,Machines,iPhone,iPhone SE (2020),3GB/128GB,175,iPhone SE (2020),2020.0,iPhone,iPhone SE,,2020,,,,3.0,128.0,,,
,Retailer Trade-in,Machines,iPhone,iPhone SE (2020),3GB/256GB,200,iPhone SE (2020),2020.0,iPhone,iPhone SE,,2020,,,,3.0,256.0,,,
,Retailer Trade-in,Machines,iPhone,iPhone SE (2022),4GB/64GB,275,iPhone SE (2022),2022.0,iPhone,iPhone SE,,2022,,,,4.0,64.0,,,
,Retailer Trade-in,Machines,iPhone,iPhone SE (2022),4GB/128GB,325,iPhone SE (2022),2022.0,iPhone,iPhone SE,,2022,,,,4.0,128.0,,,
,Retailer Trade-in,Machines,iPhone,iPhone SE (2022),4GB/256GB,350,iPhone SE (2022),2022.0,iPhone,iPhone SE,,2022,,,,4.0,256.0,,,
,Retailer Trade-in,Machines,iPhone,iPhone 8 Plus,3GB/64GB,120,iPhone 8 Plus,2017.0,iPhone,iPhone,,,,,,3.0,64.0,,,
,Retailer Trade-in,Machines,iPhone,iPhone 8 Plus,3GB/128GB,150,iPhone 8 Plus,2017.0,iPhone,iPhone,,,,,,3.0,128.0,,,
,Retailer Trade-in,Machines,iPhone,iPhone 8 Plus,3GB/256GB,180,iPhone 8 Plus,2017.0,iPhone,iPhone,,,,,,3.0,256.0,,,
,Retailer Trade-in,Machines,iPhone,iPhone X,3GB/64GB,130,iPhone X,2017.0,iPhone,iPhone,,,,,,3.0,64.0,,,
,Retailer Trade-in,Machines,iPhone,iPhone X,3GB/256GB,185,iPhone X,2017.0,iPhone,iPhone,,,,,,3.0,256.0,,,
,Retailer Trade-in,Machines,iPhone,iPhone Xr,3GB/64GB,155,iPhone Xr,2018.0,iPhone,iPhone,,,,,,3.0,64.0,,,
,Retailer Trade-in,Machines,iPhone,iPhone Xr,3GB/128GB,220,iPhone Xr,2018.0,iPhone,iPhone,,,,,,3.0,128.0,,,
,Retailer Trade-in,Machines,iPhone,iPhone Xr,3GB/256GB,270,iPhone Xr,2018.0,iPhone,iPhone,,,,,,3.0,256.0,,,
,Retailer Trade-in,Machines,iPhone,iPhone Xs,4GB/64GB,205,iPhone Xs,2018.0,iPhone,iPhone,,,,,,4.0,64.0,,,
,Retailer Trade-in,Machines,iPhone,iPhone Xs,4GB/256GB,255,iPhone Xs,2018.0,iPhone,iPhone,,,,,,4.0,256.0,,,
,Retailer Trade-in,Machines,iPhone,iPhone Xs,4GB/512GB,305,iPhone Xs,2018.0,iPhone,iPhone,,,,,,4.0,512.0,,,
,Retailer Trade-in,Machines,iPhone,iPhone Xs Max,4GB/64GB,285,iPhone Xs Max,2018.0,iPhone,iPhone,,,,,,4.0,64.0,,,
,Retailer Trade-in,Machines,iPhone,iPhone Xs Max,4GB/256GB,365,iPhone Xs Max,2018.0,iPhone,iPhone,,,,,,4.0,256.0,,,
,Retailer Trade-in,Machines,iPhone,iPhone Xs Max,4GB/512GB,390,iPhone Xs Max,2018.0,iPhone,iPhone,,,,,,4.0,512.0,,,
,Retailer Trade-in,Machines,iPhone,iPhone 11,4GB/64GB,340,iPhone 11,2019.0,iPhone,iPhone,,,,,,4.0,64.0,,,
,Retailer Trade-in,Machines,iPhone,iPhone 11,4GB/128GB,390,iPhone 11,2019.0,iPhone,iPhone,,,,,,4.0,128.0,,,
,Retailer Trade-in,Machines,iPhone,iPhone 11,4GB/256GB,450,iPhone 11,2019.0,iPhone,iPhone,,,,,,4.0,256.0,,,
,Retailer Trade-in,Machines,iPhone,iPhone 11 Pro,4GB/64GB,415,iPhone 11 Pro,2019.0,iPhone,iPhone,,,,,,4.0,64.0,,,
,Retailer Trade-in,Machines,iPhone,iPhone 11 Pro,4GB/256GB,490,iPhone 11 Pro,2019.0,iPhone,iPhone,,,,,,4.0,256.0,,,
,Retailer Trade-in,Machines,iPhone,iPhone 11 Pro,4GB/512GB,575,iPhone 11 Pro,2019.0,iPhone,iPhone,,,,,,4.0,512.0,,,
,Retailer Trade-in,Machines,iPhone,iPhone 11 Pro Max,4GB/64GB,475,iPhone 11 Pro Max,2019.0,iPhone,iPhone,,,,,,4.0,64.0,,,
,Retailer Trade-in,Machines,iPhone,iPhone 11 Pro Max,4GB/256GB,550,iPhone 11 Pro Max,2019.0,iPhone,iPhone,,,,,,4.0,256.0,,,
,Retailer Trade-in,Machines,iPhone,iPhone 11 Pro Max,4GB/512GB,625,iPhone 11 Pro Max,2019.0,iPhone,iPhone,,,,,,4.0,512.0,,,
,Retailer Trade-in,Machines,iPhone,iPhone 12 mini,4GB/64GB,300,iPhone 12 mini,2020.0,iPhone,iPhone,,,,,,4.0,64.0,,,
,Retailer Trade-in,Machines,iPhone,iPhone 12 mini,4GB/128GB,375,iPhone 12 mini,2020.0,iPhone,iPhone,,,,,,4.0,128.0,,,
,Retailer Trade-in,Machines,iPhone,iPhone 12 mini,4GB/256GB,400,iPhone 12 mini,2020.0,iPhone,iPhone,,,,,,4.0,256.0,,,
,Retailer Trade-in,Machines,iPhone,iPhone 12,4GB/64GB,450,iPhone 12,2020.0,iPhone,iPhone,,,,,,4.0,64.0,,,
,Retailer Trade-in,Machines,iPhone,iPhone 12,4GB/128GB,500,iPhone 12,2020.0,iPhone,iPhone,,,,,,4.0,128.0,,,
,Retailer Trade-in,Machines,iPhone,iPhone 12,4GB/256GB,575,iPhone 12,2020.0,iPhone,iPhone,,,,,,4.0,256.0,,,
,Retailer Trade-in,Machines,iPhone,iPhone 12 Pro,6GB/128GB,625,iPhone 12 Pro,2020.0,iPhone,iPhone,,,,,,6.0,128.0,,,
,Retailer Trade-in,Machines,iPhone,iPhone 12 Pro,6GB/256GB,700,iPhone 12 Pro,2020.0,iPhone,iPhone,,,,,,6.0,256.0,,,
,Retailer Trade-in,Machines,iPhone,iPhone 12 Pro,6GB/512GB,750,iPhone 12 Pro,2020.0,iPhone,iPhone,,,,,,6.0,512.0,,,
,Retailer Trade-in,Machines,iPhone,iPhone 12 Pro Max,6GB/128GB,800,iPhone 12 Pro Max,2020.0,iPhone,iPhone,,,,,,6.0,128.0,,,
,Retailer Trade-in,Machines,iPhone,iPhone 12 Pro Max,6GB/256GB,900,iPhone 12 Pro Max,2020.0,iPhone,iPhone,,,,,,6.0,256.0,,,
,Retailer Trade-in,Machines,iPhone,iPhone 12 Pro Max,6GB/512GB,975,iPhone 12 Pro Max,2020.0,iPhone,iPhone,,,,,,6.0,512.0,,,
,Retailer Trade-in,Machines,iPhone,iPhone 13 mini,4GB/128GB,550,iPhone 13 mini,2021.0,iPhone,iPhone,,,,,,4.0,128.0,,,
,Retailer Trade-in,Machines,iPhone,iPhone 13 mini,4GB/256GB,600,iPhone 13 mini,2021.0,iPhone,iPhone,,,,,,4.0,256.0,,,
,Retailer Trade-in,Machines,iPhone,iPhone 13 mini,4GB/512GB,675,iPhone 13 mini,2021.0,iPhone,iPhone,,,,,,4.0,512.0,,,
,Retailer Trade-in,Machines,iPhone,iPhone 13,4GB/128GB,740,iPhone 13,2021.0,iPhone,iPhone,,,,,,4.0,128.0,,,
,Retailer Trade-in,Machines,iPhone,iPhone 13,4GB/256GB,840,iPhone 13,2021.0,iPhone,iPhone,,,,,,4.0,256.0,,,
,Retailer Trade-in,Machines,iPhone,iPhone 13,4GB/512GB,900,iPhone 13,2021.0,iPhone,iPhone,,,,,,4.0,512.0,,,
,Retailer Trade-in,Machines,iPhone,iPhone 13 Pro,6GB/128GB,975,iPhone 13 Pro,2021.0,iPhone,iPhone,,,,,,6.0,128.0,,,
,Retailer Trade-in,Machines,iPhone,iPhone 13 Pro,6GB/256GB,1050,iPhone 13 Pro,2021.0,iPhone,iPhone,,,,,,6.0,256.0,,,
,Retailer Trade-in,Machines,iPhone,iPhone 13 Pro,6GB/512GB,1140,iPhone 13 Pro,2021.0,iPhone,iPhone,,,,,,6.0,512.0,,,
,Retailer Trade-in,Machines,iPhone,iPhone 13 Pro,6GB/1TB,1250,iPhone 13 Pro,2021.0,iPhone,iPhone,,,,,,6.0,1024.0,,,
,Retailer Trade-in,Machines,iPhone,iPhone 13 Pro Max,6GB/128GB,1100,iPhone 13 Pro Max,2021.0,iPhone,iPhone,,,,,,6.0,128.0,,,
,Retailer Trade-in,Machines,iPhone,iPhone 13 Pro Max,6GB/256GB,1275,iPhone 13 Pro Max,2021.0,iPhone,iPhone,,,,,,6.0,256.0,,,
,Retailer Trade-in,Machines,iPhone,iPhone 13 Pro Max,6GB/512GB,1325,iPhone 13 Pro Max,2021.0,iPhone,iPhone,,,,,,6.0,512.0,,,
,Retailer Trade-in,Machines,iPhone,iPhone 13 Pro Max,6GB/1TB,1450,iPhone 13 Pro Max,2021.0,iPhone,iPhone,,,,,,6.0,1024.0,,,
,Retailer Trade-in,Machines,iPhone,iPhone 14,6GB/128GB,925,iPhone 14,2022.0,iPhone,iPhone,,,,,,6.0,128.0,,,
,Retailer Trade-in,Machines,iPhone,iPhone 14,6GB/256GB,1000,iPhone 14,2022.0,iPhone,iPhone,,,,,,6.0,256.0,,,
,Retailer Trade-in,Machines,iPhone,iPhone 14,6GB/512GB,1100,iPhone 14,2022.0,iPhone,iPhone,,,,,,6.0,512.0,,,
,Retailer Trade-in,Machines,iPhone,iPhone 14 Plus,6GB/128GB,1000,iPhone 14 Plus,2022.0,iPhone,iPhone,,,,,,6.0,128.0,,,
,Retailer Trade-in,Machines,iPhone,iPhone 14 Plus,6GB/256GB,1100,iPhone 14 Plus,2022.0,iPhone,iPhone,,,,,,6.0,256.0,,,
,Retailer Trade-in,Machines,iPhone,iPhone 14 Plus,6GB/512GB,1225,iPhone 14 Plus,2022.0,iPhone,iPhone,,,,,,6.0,512.0,,,
,Retailer Trade-in,Machines,iPhone,iPhone 14 Pro,6GB/128GB,1325,iPhone 14 Pro,2022.0,iPhone,iPhone,,,,,,6.0,128.0,,,
,Retailer Trade-in,Machines,iPhone,iPhone 14 Pro,6GB/256GB,1540,iPhone 14 Pro,2022.0,iPhone,iPhone,,,,,,6.0,256.0,,,
,Retailer Trade-in,Machines,iPhone,iPhone 14 Pro,6GB/512GB,1600,iPhone 14 Pro,2022.0,iPhone,iPhone,,,,,,6.0,512.0,,,
,Retailer Trade-in,Machines,iPhone,iPhone 14 Pro,6GB/1TB,1675,iPhone 14 Pro,2022.0,iPhone,iPhone,,,,,,6.0,1024.0,,,
,Retailer Trade-in,Machines,iPhone,iPhone 14 Pro Max,6GB/128GB,1575,iPhone 14 Pro Max,2022.0,iPhone,iPhone,,,,,,6.0,128.0,,,
,Retailer Trade-in,Machines,iPhone,iPhone 14 Pro Max,6GB/256GB,1700,iPhone 14 Pro Max,2022.0,iPhone,iPhone,,,,,,6.0,256.0,,,
,Retailer Trade-in,Machines,iPhone,iPhone 14 Pro Max,6GB/512GB,1835,iPhone 14 Pro Max,2022.0,iPhone,iPhone,,,,,,6.0,512.0,,,
,Retailer Trade-in,Machines,iPhone,iPhone 14 Pro Max,6GB/1TB,1975,iPhone 14 Pro Max,2022.0,iPhone,iPhone,,,,,,6.0,1024.0,,,
,Retailer Trade-in,Machines,iPhone,iPhone 14 (eSIM),6GB/128GB,850,iPhone 14 (eSIM),2022.0,iPhone,iPhone 14,,,,,,6.0,128.0,,,
,Retailer Trade-in,Machines,iPhone,iPhone 14 (eSIM),6GB/256GB,935,iPhone 14 (eSIM),2022.0,iPhone,iPhone 14,,,,,,6.0,256.0,,,
,Retailer Trade-in,Machines,iPhone,iPhone 14 (eSIM),6GB/512GB,1020,iPhone 14 (eSIM),2022.0,iPhone,iPhone 14,,,,,,6.0,512.0,,,
,Retailer Trade-in,Machines,iPhone,iPhone 14 Plus (eSIM),6GB/128GB,895,iPhone 14 Plus (eSIM),2022.0,iPhone,iPhone 14 Plus,,,,,,6.0,128.0,,,
,Retailer Trade-in,Machines,iPhone,iPhone 14 Plus (eSIM),6GB/256GB,985,iPhone 14 Plus (eSIM),2022.0,iPhone,iPhone 14 Plus,,,,,,6.0,256.0,,,
,Retailer Trade-in,Machines,iPhone,iPhone 14 Plus (eSIM),6GB/512GB,1080,iPhone 14 Plus (eSIM),2022.0,iPhone,iPhone 14 Plus,,,,,,6.0,512.0,,,
,Retailer Trade-in,Machines,iPhone,iPhone 14 Pro (eSIM),6GB/128GB,1140,iPhone 14 Pro (eSIM),2022.0,iPhone,iPhone 14 Pro,,,,,,6.0,128.0,,,
,Retailer Trade-in,Machines,iPhone,iPhone 14 Pro (eSIM),6GB/256GB,1310,iPhone 14 Pro (eSIM),2022.0,iPhone,iPhone 14 Pro,,,,,,6.0,256.0,,,
,Retailer Trade-in,Machines,iPhone,iPhone 14 Pro (eSIM),6GB/512GB,1375,iPhone 14 Pro (eSIM),2022.0,iPhone,iPhone 14 Pro,,,,,,6.0,512.0,,,
,Retailer Trade-in,Machines,iPhone,iPhone 14 Pro (eSIM),6GB/1TB,1465,iPhone 14 Pro (eSIM),2022.0,iPhone,iPhone 14 Pro,,,,,,6.0,1024.0,,,
,Retailer Trade-in,Machines,iPhone,iPhone 14 Pro Max (eSIM),6GB/128GB,1350,iPhone 14 Pro Max (eSIM),2022.0,iPhone,iPhone 14 Pro Max,,,,,,6.0,128.0,,,
,Retailer Trade-in,Machines,iPhone,iPhone 14 Pro Max (eSIM),6GB/256GB,1445,iPhone 14 Pro Max (eSIM),2022.0,iPhone,iPhone 14 Pro Max,,,,,,6.0,256.0,,,
,Retailer Trade-in,Machines,iPhone,iPhone 14 Pro Max (eSIM),6GB/512GB,1560,iPhone 14 Pro Max (eSIM),2022.0,iPhone,iPhone 14 Pro Max,,,,,,6.0,512.0,,,
,Retailer Trade-in,Machines,iPhone,iPhone 14 Pro Max (eSIM),6GB/1TB,1700,iPhone 14 Pro Max (eSIM),2022.0,iPhone,iPhone 14 Pro Max,,,,,,6.0,1024.0,,,
,Retailer Trade-in,Machines,iPhone,iPhone 15,6GB/128GB,1460,iPhone 15,2023.0,iPhone,iPhone,,,,,,6.0,128.0,,,
,Retailer Trade-in,Machines,iPhone,iPhone 15,6GB/256GB,1625,iPhone 15,2023.0,iPhone,iPhone,,,,,,6.0,256.0,,,
,Retailer Trade-in,Machines,iPhone,iPhone 15,6GB/512GB,1775,iPhone 15,2023.0,iPhone,iPhone,,,,,,6.0,512.0,,,
,Retailer Trade-in,Machines,iPhone,iPhone 15 Plus,6GB/128GB,1550,iPhone 15 Plus,2023.0,iPhone,iPhone,,,,,,6.0,128.0,,,
,Retailer Trade-in,Machines,iPhone,iPhone 15 Plus,6GB/256GB,1775,iPhone 15 Plus,2023.0,iPhone,iPhone,,,,,,6.0,256.0,,,
,Retailer Trade-in,Machines,iPhone,iPhone 15 Plus,6GB/512GB,1975,iPhone 15 Plus,2023.0,iPhone,iPhone,,,,,,6.0,512.0,,,
,Retailer Trade-in,Machines,iPhone,iPhone 15 Pro,8GB/128GB,1725,iPhone 15 Pro,2023.0,iPhone,iPhone,,,,,,8.0,128.0,,,
,Retailer Trade-in,Machines,iPhone,iPhone 15 Pro,8GB/256GB,2000,iPhone 15 Pro,2023.0,iPhone,iPhone,,,,,,8.0,256.0,,,
,Retailer Trade-in,Machines,iPhone,iPhone 15 Pro,8GB/512GB,2125,iPhone 15 Pro,2023.0,iPhone,iPhone,,,,,,8.0,512.0,,,
,Retailer Trade-in,Machines,iPhone,iPhone 15 Pro,8GB/1TB,2350,iPhone 15 Pro,2023.0,iPhone,iPhone,,,,,,8.0,1024.0,,,
,Retailer Trade-in,Machines,iPhone,iPhone 15 Pro Max,8GB/256GB,2200,iPhone 15 Pro Max,2023.0,iPhone,iPhone,,,,,,8.0,256.0,,,
,Retailer Trade-in,Machines,iPhone,iPhone 15 Pro Max,8GB/512GB,2425,iPhone 15 Pro Max,2023.0,iPhone,iPhone,,,,,,8.0,512.0,,,
,Retailer Trade-in,Machines,iPhone,iPhone 15 Pro Max,8GB/1TB,2650,iPhone 15 Pro Max,2023.0,iPhone,iPhone,,,,,,8.0,1024.0,,,
,Retailer Trade-in,Machines,iPhone,iPhone 15 (eSIM),6GB/128GB,1210,iPhone 15 (eSIM),2023.0,iPhone,iPhone 15,,,,,,6.0,128.0,,,
,Retailer Trade-in,Machines,iPhone,iPhone 15 (eSIM),6GB/256GB,1320,iPhone 15 (eSIM),2023.0,iPhone,iPhone 15,,,,,,6.0,256.0,,,
,Retailer Trade-in,Machines,iPhone,iPhone 15 (eSIM),6GB/512GB,1445,iPhone 15 (eSIM),2023.0,iPhone,iPhone 15,,,,,,6.0,512.0,,,
,Retailer Trade-in,Machines,iPhone,iPhone 15 Plus (eSIM),6GB/128GB,1295,iPhone 15 Plus (eSIM),2023.0,iPhone,iPhone 15 Plus,,,,,,6.0,128.0,,,
,Retailer Trade-in,Machines,iPhone,iPhone 15 Plus (eSIM),6GB/256GB,1440,iPhone 15 Plus (eSIM),2023.0,iPhone,iPhone 15 Plus,,,,,,6.0,256.0,,,
,Retailer Trade-in,Machines,iPhone,iPhone 15 Plus (eSIM),6GB/512GB,1640,iPhone 15 Plus (eSIM),2023.0,iPhone,iPhone 15 Plus,,,,,,6.0,512.0,,,
,Retailer Trade-in,Machines,iPhone,iPhone 15 Pro (eSIM),8GB/128GB,1535,iPhone 15 Pro (eSIM),2023.0,iPhone,iPhone 15 Pro,,,,,,8.0,128.0,,,
,Retailer Trade-in,Machines,iPhone,iPhone 15 Pro (eSIM),8GB/256GB,1665,iPhone 15 Pro (eSIM),2023.0,iPhone,iPhone 15 Pro,,,,,,8.0,256.0,,,
,Retailer Trade-in,Machines,iPhone,iPhone 15 Pro (eSIM),8GB/512GB,1830,iPhone 15 Pro (eSIM),2023.0,iPhone,iPhone 15 Pro,,,,,,8.0,512.0,,,
,Retailer Trade-in,Machines,iPhone,iPhone 15 Pro (eSIM),8GB/1TB,2050,iPhone 15 Pro (eSIM),2023.0,iPhone,iPhone 15 Pro,,,,,,8.0,1024.0,,,
,Retailer Trade-in,Machines,iPhone,iPhone 15 Pro Max (eSIM),8GB/256GB,1830,iPhone 15 Pro Max (eSIM),2023.0,iPhone,iPhone 15 Pro Max,,,,,,8.0,256.0,,,
,Retailer Trade-in,Machines,iPhone,iPhone 15 Pro Max (eSIM),8GB/512GB,2090,iPhone 15 Pro Max (eSIM),2023.0,iPhone,iPhone 15 Pro Max,,,,,,8.0,512.0,,,
,Retailer Trade-in,Machines,iPhone,iPhone 15 Pro Max (eSIM),8GB/1TB,2340,iPhone 15 Pro Max (eSIM),2023.0,iPhone,iPhone 15 Pro Max,,,,,,8.0,1024.0,,,
,Retailer Trade-in,Machines,iPhone,iPhone 16e,8GB/128GB,1125,iPhone 16e,2025.0,iPhone,iPhone,,,,,,8.0,128.0,,,
,Retailer Trade-in,Machines,iPhone,iPhone 16e,8GB/256GB,1275,iPhone 16e,2025.0,iPhone,iPhone,,,,,,8.0,256.0,,,
,Retailer Trade-in,Machines,iPhone,iPhone 16e,8GB/512GB,1675,iPhone 16e,2025.0,iPhone,iPhone,,,,,,8.0,512.0,,,
,Retailer Trade-in,Machines,iPhone,iPhone 16,8GB/128GB,1800,iPhone 16,2024.0,iPhone,iPhone,,,,,,8.0,128.0,,,
,Retailer Trade-in,Machines,iPhone,iPhone 16,8GB/256GB,2075,iPhone 16,2024.0,iPhone,iPhone,,,,,,8.0,256.0,,,
,Retailer Trade-in,Machines,iPhone,iPhone 16,8GB/512GB,2430,iPhone 16,2024.0,iPhone,iPhone,,,,,,8.0,512.0,,,
,Retailer Trade-in,Machines,iPhone,iPhone 16 Plus,8GB/128GB,2120,iPhone 16 Plus,2024.0,iPhone,iPhone,,,,,,8.0,128.0,,,
,Retailer Trade-in,Machines,iPhone,iPhone 16 Plus,8GB/256GB,2335,iPhone 16 Plus,2024.0,iPhone,iPhone,,,,,,8.0,256.0,,,
,Retailer Trade-in,Machines,iPhone,iPhone 16 Plus,8GB/512GB,2690,iPhone 16 Plus,2024.0,iPhone,iPhone,,,,,,8.0,512.0,,,
,Retailer Trade-in,Machines,iPhone,iPhone 16 Pro,8GB/128GB,2300,iPhone 16 Pro,2024.0,iPhone,iPhone,,,,,,8.0,128.0,,,
,Retailer Trade-in,Machines,iPhone,iPhone 16 Pro,8GB/256GB,2525,iPhone 16 Pro,2024.0,iPhone,iPhone,,,,,,8.0,256.0,,,
,Retailer Trade-in,Machines,iPhone,iPhone 16 Pro,8GB/512GB,2925,iPhone 16 Pro,2024.0,iPhone,iPhone,,,,,,8.0,512.0,,,
,Retailer Trade-in,Machines,iPhone,iPhone 16 Pro,8GB/1TB,3400,iPhone 16 Pro,2024.0,iPhone,iPhone,,,,,,8.0,1024.0,,,
,Retailer Trade-in,Machines,iPhone,iPhone 16 Pro Max,8GB/256GB,3075,iPhone 16 Pro Max,2024.0,iPhone,iPhone,,,,,,8.0,256.0,,,
,Retailer Trade-in,Machines,iPhone,iPhone 16 Pro Max,8GB/512GB,3300,iPhone 16 Pro Max,2024.0,iPhone,iPhone,,,,,,8.0,512.0,,,
,Retailer Trade-in,Machines,iPhone,iPhone 16 Pro Max,8GB/1TB,3675,iPhone 16 Pro Max,2024.0,iPhone,iPhone,,,,,,8.0,1024.0,,,
,Retailer Trade-in,Machines,iPhone,iPhone 16e (eSIM),8GB/128GB,1065,iPhone 16e (eSIM),2025.0,iPhone,iPhone 16e,,,,,,8.0,128.0,,,
,Retailer Trade-in,Machines,iPhone,iPhone 16e (eSIM),8GB/256GB,1225,iPhone 16e (eSIM),2025.0,iPhone,iPhone 16e,,,,,,8.0,256.0,,,
,Retailer Trade-in,Machines,iPhone,iPhone 16e (eSIM),8GB/512GB,1590,iPhone 16e (eSIM),2025.0,iPhone,iPhone 16e,,,,,,8.0,512.0,,,
,Retailer Trade-in,Machines,iPhone,iPhone 16 (eSIM),8GB/128GB,1570,iPhone 16 (eSIM),2024.0,iPhone,iPhone 16,,,,,,8.0,128.0,,,
,Retailer Trade-in,Machines,iPhone,iPhone 16 (eSIM),8GB/256GB,1785,iPhone 16 (eSIM),2024.0,iPhone,iPhone 16,,,,,,8.0,256.0,,,
,Retailer Trade-in,Machines,iPhone,iPhone 16 (eSIM),8GB/512GB,2065,iPhone 16 (eSIM),2024.0,iPhone,iPhone 16,,,,,,8.0,512.0,,,
,Retailer Trade-in,Machines,iPhone,iPhone 16 Plus (eSIM),8GB/128GB,1800,iPhone 16 Plus (eSIM),2024.0,iPhone,iPhone 16 Plus,,,,,,8.0,128.0,,,
,Retailer Trade-in,Machines,iPhone,iPhone 16 Plus (eSIM),8GB/256GB,1985,iPhone 16 Plus (eSIM),2024.0,iPhone,iPhone 16 Plus,,,,,,8.0,256.0,,,
,Retailer Trade-in,Machines,iPhone,iPhone 16 Plus (eSIM),8GB/512GB,2285,iPhone 16 Plus (eSIM),2024.0,iPhone,iPhone 16 Plus,,,,,,8.0,512.0,,,
,Retailer Trade-in,Machines,iPhone,iPhone 16 Pro (eSIM),8GB/128GB,2110,iPhone 16 Pro (eSIM),2024.0,iPhone,iPhone 16 Pro,,,,,,8.0,128.0,,,
,Retailer Trade-in,Machines,iPhone,iPhone 16 Pro (eSIM),8GB/256GB,2295,iPhone 16 Pro (eSIM),2024.0,iPhone,iPhone 16 Pro,,,,,,8.0,256.0,,,
,Retailer Trade-in,Machines,iPhone,iPhone 16 Pro (eSIM),8GB/512GB,2600,iPhone 16 Pro (eSIM),2024.0,iPhone,iPhone 16 Pro,,,,,,8.0,512.0,,,
,Retailer Trade-in,Machines,iPhone,iPhone 16 Pro (eSIM),8GB/1TB,2945,iPhone 16 Pro (eSIM),2024.0,iPhone,iPhone 16 Pro,,,,,,8.0,1024.0,,,
,Retailer Trade-in,Machines,iPhone,iPhone 16 Pro Max (eSIM),8GB/256GB,2665,iPhone 16 Pro Max (eSIM),2024.0,iPhone,iPhone 16 Pro Max,,,,,,8.0,256.0,,,
,Retailer Trade-in,Machines,iPhone,iPhone 16 Pro Max (eSIM),8GB/512GB,2940,iPhone 16 Pro Max (eSIM),2024.0,iPhone,iPhone 16 Pro Max,,,,,,8.0,512.0,,,
,Retailer Trade-in,Machines,iPhone,iPhone 16 Pro Max (eSIM),8GB/1TB,3245,iPhone 16 Pro Max (eSIM),2024.0,iPhone,iPhone 16 Pro Max,,,,,,8.0,1024.0,,,
,Retailer Trade-in,Machines,iPhone,iPhone 17,8GB/256GB,2135,iPhone 17,2025.0,iPhone,iPhone,,,,,,8.0,256.0,,,
,Retailer Trade-in,Machines,iPhone,iPhone 17,8GB/512GB,2670,iPhone 17,2025.0,iPhone,iPhone,,,,,,8.0,512.0,,,
,Retailer Trade-in,Machines,iPhone,iPhone Air,8GB/256GB,2490,iPhone Air,2025.0,iPhone,iPhone,,,,,,8.0,256.0,,,
,Retailer Trade-in,Machines,iPhone,iPhone Air,8GB/512GB,2965,iPhone Air,2025.0,iPhone,iPhone,,,,,,8.0,512.0,,,
,Retailer Trade-in,Machines,iPhone,iPhone Air,8GB/1TB,3445,iPhone Air,2025.0,iPhone,iPhone,,,,,,8.0,1024.0,,,
,Retailer Trade-in,Machines,iPhone,iPhone 17 Pro,12GB/256GB,3035,iPhone 17 Pro,2025.0,iPhone,iPhone,,,,,,12.0,256.0,,,
,Retailer Trade-in,Machines,iPhone,iPhone 17 Pro,12GB/512GB,3570,iPhone 17 Pro,2025.0,iPhone,iPhone,,,,,,12.0,512.0,,,
,Retailer Trade-in,Machines,iPhone,iPhone 17 Pro,12GB/1TB,4100,iPhone 17 Pro,2025.0,iPhone,iPhone,,,,,,12.0,1024.0,,,
,Retailer Trade-in,Machines,iPhone,iPhone 17 Pro Max,12GB/256GB,3300,iPhone 17 Pro Max,2025.0,iPhone,iPhone,,,,,,12.0,256.0,,,
,Retailer Trade-in,Machines,iPhone,iPhone 17 Pro Max,12GB/512GB,3835,iPhone 17 Pro Max,2025.0,iPhone,iPhone,,,,,,12.0,512.0,,,
,Retailer Trade-in,Machines,iPhone,iPhone 17 Pro Max,12GB/1TB,4370,iPhone 17 Pro Max,2025.0,iPhone,iPhone,,,,,,12.0,1024.0,,,
,Retailer Trade-in,Machines,iPhone,iPhone 17 Pro Max,12GB/2TB,5435,iPhone 17 Pro Max,2025.0,iPhone,iPhone,,,,,,12.0,2048.0,,,
,Retailer Trade-in,Switch,iPhone,iPhone 17 Pro Max,2TB,6010,iPhone 17 Pro Max,2025.0,iPhone,iPhone 17 Pro Max,,,,,,,2048.0,,,
,Retailer Trade-in,Switch,iPhone,iPhone 17 Pro Max,1TB,4800,iPhone 17 Pro Max,2025.0,iPhone,iPhone 17 Pro Max,,,,,,,1024.0,,,
,Retailer Trade-in,Switch,iPhone,iPhone 17 Pro Max,512GB,4130,iPhone 17 Pro Max,2025.0,iPhone,iPhone 17 Pro Max,,,,,,,512.0,,,
,Retailer Trade-in,Switch,iPhone,iPhone 17 Pro Max,256GB,3500,iPhone 17 Pro Max,2025.0,iPhone,iPhone 17 Pro Max,,,,,,,256.0,,,
,Retailer Trade-in,Switch,iPhone,iPhone 17 Pro,1TB,4150,iPhone 17 Pro,2025.0,iPhone,iPhone 17 Pro,,,,,,,1024.0,,,
,Retailer Trade-in,Switch,iPhone,iPhone 17 Pro,512GB,3600,iPhone 17 Pro,2025.0,iPhone,iPhone 17 Pro,,,,,,,512.0,,,
,Retailer Trade-in,Switch,iPhone,iPhone 17 Pro,256GB,3190,iPhone 17 Pro,2025.0,iPhone,iPhone 17 Pro,,,,,,,256.0,,,
,Retailer Trade-in,Switch,iPhone,iPhone 17,512GB,2700,iPhone 17,2025.0,iPhone,iPhone 17,,,,,,,512.0,,,
,Retailer Trade-in,Switch,iPhone,iPhone 17,256GB,2290,iPhone 17,2025.0,iPhone,iPhone 17,,,,,,,256.0,,,
,Retailer Trade-in,Switch,iPhone,iPhone Air,256GB,2200,iPhone Air,2025.0,iPhone,iPhone Air,,,,,,,256.0,,,
,Retailer Trade-in,Switch,iPhone,iPhone Air,512GB,2400,iPhone Air,2025.0,iPhone,iPhone Air,,,,,,,512.0,,,
,Retailer Trade-in,Switch,iPhone,iPhone Air,1TB,2800,iPhone Air,2025.0,iPhone,iPhone Air,,,,,,,1024.0,,,
,Retailer Trade-in,Switch,iPhone,iPhone 16 Pro Max,1TB,3500,iPhone 16 Pro Max,2024.0,iPhone,iPhone 16 Pro Max,,,,,,,1024.0,,,
,Retailer Trade-in,Switch,iPhone,iPhone 16 Pro Max,512GB,3200,iPhone 16 Pro Max,2024.0,iPhone,iPhone 16 Pro Max,,,,,,,512.0,,,
,Retailer Trade-in,Switch,iPhone,iPhone 16 Pro Max,256GB,3010,iPhone 16 Pro Max,2024.0,iPhone,iPhone 16 Pro Max,,,,,,,256.0,,,
,Retailer Trade-in,Switch,iPhone,iPhone 16 Pro,1TB,2900,iPhone 16 Pro,2024.0,iPhone,iPhone 16 Pro,,,,,,,1024.0,,,
,Retailer Trade-in,Switch,iPhone,iPhone 16 Pro,512GB,2700,iPhone 16 Pro,2024.0,iPhone,iPhone 16 Pro,,,,,,,512.0,,,
,Retailer Trade-in,Switch,iPhone,iPhone 16 Pro,256GB,2540,iPhone 16 Pro,2024.0,iPhone,iPhone 16 Pro,,,,,,,256.0,,,
,Retailer Trade-in,Switch,iPhone,iPhone 16 Pro,128GB,2310,iPhone 16 Pro,2024.0,iPhone,iPhone 16 Pro,,,,,,,128.0,,,
,Retailer Trade-in,Switch,iPhone,iPhone 16 Plus,512GB,2500,iPhone 16 Plus,2024.0,iPhone,iPhone 16 Plus,,,,,,,512.0,,,
,Retailer Trade-in,Switch,iPhone,iPhone 16 Plus,256GB,2250,iPhone 16 Plus,2024.0,iPhone,iPhone 16 Plus,,,,,,,256.0,,,
,Retailer Trade-in,Switch,iPhone,iPhone 16 Plus,128GB,2090,iPhone 16 Plus,2024.0,iPhone,iPhone 16 Plus,,,,,,,128.0,,,
,Retailer Trade-in,Switch,iPhone,iPhone 16,512GB,2180,iPhone 16,2024.0,iPhone,iPhone 16,,,,,,,512.0,,,
,Retailer Trade-in,Switch,iPhone,iPhone 16,256GB,1980,iPhone 16,2024.0,iPhone,iPhone 16,,,,,,,256.0,,,
,Retailer Trade-in,Switch,iPhone,iPhone 16,128GB,1800,iPhone 16,2024.0,iPhone,iPhone 16,,,,,,,128.0,,,
,Retailer Trade-in,Switch,iPhone,iPhone 16e,512GB,1500,iPhone 16e,2025.0,iPhone,iPhone 16e,,,,,,,512.0,,,
,Retailer Trade-in,Switch,iPhone,iPhone 16e,256GB,1200,iPhone 16e,2025.0,iPhone,iPhone 16e,,,,,,,256.0,,,
,Retailer Trade-in,Switch,iPhone,iPhone 16e,128GB,1050,iPhone 16e,2025.0,iPhone,iPhone 16e,,,,,,,128.0,,,
,Retailer Trade-in,Switch,iPhone,iPhone 15 Pro Max,1TB,2660,iPhone 15 Pro Max,2023.0,iPhone,iPhone 15 Pro Max,,,,,,,1024.0,,,
,Retailer Trade-in,Switch,iPhone,iPhone 15 Pro Max,512GB,2440,iPhone 15 Pro Max,2023.0,iPhone,iPhone 15 Pro Max,,,,,,,512.0,,,
,Retailer Trade-in,Switch,iPhone,iPhone 15 Pro Max,256GB,2210,iPhone 15 Pro Max,2023.0,iPhone,iPhone 15 Pro Max,,,,,,,256.0,,,
,Retailer Trade-in,Switch,iPhone,iPhone 15 Pro,1TB,2360,iPhone 15 Pro,2023.0,iPhone,iPhone 15 Pro,,,,,,,1024.0,,,
,Retailer Trade-in,Switch,iPhone,iPhone 15 Pro,512GB,2140,iPhone 15 Pro,2023.0,iPhone,iPhone 15 Pro,,,,,,,512.0,,,
,Retailer Trade-in,Switch,iPhone,iPhone 15 Pro,256GB,2010,iPhone 15 Pro,2023.0,iPhone,iPhone 15 Pro,,,,,,,256.0,,,
,Retailer Trade-in,Switch,iPhone,iPhone 15 Pro,128GB,1740,iPhone 15 Pro,2023.0,iPhone,iPhone 15 Pro,,,,,,,128.0,,,
,Retailer Trade-in,Switch,iPhone,iPhone 15 Plus,512GB,1800,iPhone 15 Plus,2023.0,iPhone,iPhone 15 Plus,,,,,,,512.0,,,
,Retailer Trade-in,Switch,iPhone,iPhone 15 Plus,256GB,1600,iPhone 15 Plus,2023.0,iPhone,iPhone 15 Plus,,,,,,,256.0,,,
,Retailer Trade-in,Switch,iPhone,iPhone 15 Plus,128GB,1450,iPhone 15 Plus,2023.0,iPhone,iPhone 15 Plus,,,,,,,128.0,,,
,Retailer Trade-in,Switch,iPhone,iPhone 15,512GB,1600,iPhone 15,2023.0,iPhone,iPhone 15,,,,,,,512.0,,,
,Retailer Trade-in,Switch,iPhone,iPhone 15,256GB,1450,iPhone 15,2023.0,iPhone,iPhone 15,,,,,,,256.0,,,
,Retailer Trade-in,Switch,iPhone,iPhone 15,128GB,1300,iPhone 15,2023.0,iPhone,iPhone 15,,,,,,,128.0,,,
,Retailer Trade-in,Switch,iPhone,iPhone 14 Pro Max,1TB,1990,iPhone 14 Pro Max,2022.0,iPhone,iPhone 14 Pro Max,,,,,,,1024.0,,,
,Retailer Trade-in,Switch,iPhone,iPhone 14 Pro Max,512GB,1850,iPhone 14 Pro Max,2022.0,iPhone,iPhone 14 Pro Max,,,,,,,512.0,,,
,Retailer Trade-in,Switch,iPhone,iPhone 14 Pro Max,256GB,1710,iPhone 14 Pro Max,2022.0,iPhone,iPhone 14 Pro Max,,,,,,,256.0,,,
,Retailer Trade-in,Switch,iPhone,iPhone 14 Pro Max,128GB,1590,iPhone 14 Pro Max,2022.0,iPhone,iPhone 14 Pro Max,,,,,,,128.0,,,
,Retailer Trade-in,Switch,iPhone,iPhone 14 Pro,1TB,1690,iPhone 14 Pro,2022.0,iPhone,iPhone 14 Pro,,,,,,,1024.0,,,
,Retailer Trade-in,Switch,iPhone,iPhone 14 Pro,512GB,1610,iPhone 14 Pro,2022.0,iPhone,iPhone 14 Pro,,,,,,,512.0,,,
,Retailer Trade-in,Switch,iPhone,iPhone 14 Pro,256GB,1540,iPhone 14 Pro,2022.0,iPhone,iPhone 14 Pro,,,,,,,256.0,,,
,Retailer Trade-in,Switch,iPhone,iPhone 14 Pro,128GB,1340,iPhone 14 Pro,2022.0,iPhone,iPhone 14 Pro,,,,,,,128.0,,,
,Retailer Trade-in,Switch,iPhone,iPhone 14 Plus,512GB,1240,iPhone 14 Plus,2022.0,iPhone,iPhone 14 Plus,,,,,,,512.0,,,
,Retailer Trade-in,Switch,iPhone,iPhone 14 Plus,256GB,1050,iPhone 14 Plus,2022.0,iPhone,iPhone 14 Plus,,,,,,,256.0,,,
,Retailer Trade-in,Switch,iPhone,iPhone 14 Plus,128GB,950,iPhone 14 Plus,2022.0,iPhone,iPhone 14 Plus,,,,,,,128.0,,,
,Retailer Trade-in,Switch,iPhone,iPhone 14,512GB,1110,iPhone 14,2022.0,iPhone,iPhone 14,,,,,,,512.0,,,
,Retailer Trade-in,Switch,iPhone,iPhone 14,256GB,950,iPhone 14,2022.0,iPhone,iPhone 14,,,,,,,256.0,,,
,Retailer Trade-in,Switch,iPhone,iPhone 14,128GB,850,iPhone 14,2022.0,iPhone,iPhone 14,,,,,,,128.0,,,
,Retailer Trade-in,Switch,iPhone,iPhone 13 Pro Max,1TB,1460,iPhone 13 Pro Max,2021.0,iPhone,iPhone 13 Pro Max,,,,,,,1024.0,,,
,Retailer Trade-in,Switch,iPhone,iPhone 13 Pro Max,512GB,1340,iPhone 13 Pro Max,2021.0,iPhone,iPhone 13 Pro Max,,,,,,,512.0,,,
,Retailer Trade-in,Switch,iPhone,iPhone 13 Pro Max,256GB,1290,iPhone 13 Pro Max,2021.0,iPhone,iPhone 13 Pro Max,,,,,,,256.0,,,
,Retailer Trade-in,Switch,iPhone,iPhone 13 Pro Max,128GB,1110,iPhone 13 Pro Max,2021.0,iPhone,iPhone 13 Pro Max,,,,,,,128.0,,,
,Retailer Trade-in,Switch,iPhone,iPhone 13 Pro,1TB,1260,iPhone 13 Pro,2021.0,iPhone,iPhone 13 Pro,,,,,,,1024.0,,,
,Retailer Trade-in,Switch,iPhone,iPhone 13 Pro,512GB,1150,iPhone 13 Pro,2021.0,iPhone,iPhone 13 Pro,,,,,,,512.0,,,
,Retailer Trade-in,Switch,iPhone,iPhone 13 Pro,256GB,1060,iPhone 13 Pro,2021.0,iPhone,iPhone 13 Pro,,,,,,,256.0,,,
,Retailer Trade-in,Switch,iPhone,iPhone 13 Pro,128GB,990,iPhone 13 Pro,2021.0,iPhone,iPhone 13 Pro,,,,,,,128.0,,,
,Retailer Trade-in,Switch,iPhone,iPhone 13 mini,512GB,600,iPhone 13 mini,2021.0,iPhone,iPhone 13 mini,,,,,,,512.0,,,
,Retailer Trade-in,Switch,iPhone,iPhone 13 mini,256GB,550,iPhone 13 mini,2021.0,iPhone,iPhone 13 mini,,,,,,,256.0,,,
,Retailer Trade-in,Switch,iPhone,iPhone 13 mini,128GB,500,iPhone 13 mini,2021.0,iPhone,iPhone 13 mini,,,,,,,128.0,,,
,Retailer Trade-in,Switch,iPhone,iPhone 13,512GB,910,iPhone 13,2021.0,iPhone,iPhone 13,,,,,,,512.0,,,
,Retailer Trade-in,Switch,iPhone,iPhone 13,256GB,850,iPhone 13,2021.0,iPhone,iPhone 13,,,,,,,256.0,,,
,Retailer Trade-in,Switch,iPhone,iPhone 13,128GB,750,iPhone 13,2021.0,iPhone,iPhone 13,,,,,,,128.0,,,
,Retailer Trade-in,Switch,iPhone,iPhone 12 Pro Max,512GB,990,iPhone 12 Pro Max,2020.0,iPhone,iPhone 12 Pro Max,,,,,,,512.0,,,
,Retailer Trade-in,Switch,iPhone,iPhone 12 Pro Max,256GB,910,iPhone 12 Pro Max,2020.0,iPhone,iPhone 12 Pro Max,,,,,,,256.0,,,
,Retailer Trade-in,Switch,iPhone,iPhone 12 Pro Max,128GB,810,iPhone 12 Pro Max,2020.0,iPhone,iPhone 12 Pro Max,,,,,,,128.0,,,
,Retailer Trade-in,Switch,iPhone,iPhone 12 Pro,512GB,760,iPhone 12 Pro,2020.0,iPhone,iPhone 12 Pro,,,,,,,512.0,,,
,Retailer Trade-in,Switch,iPhone,iPhone 12 Pro,256GB,710,iPhone 12 Pro,2020.0,iPhone,iPhone 12 Pro,,,,,,,256.0,,,
,Retailer Trade-in,Switch,iPhone,iPhone 12 Pro,128GB,640,iPhone 12 Pro,2020.0,iPhone,iPhone 12 Pro,,,,,,,128.0,,,
,Retailer Trade-in,Switch,iPhone,iPhone 12 mini,256GB,450,iPhone 12 mini,2020.0,iPhone,iPhone 12 mini,,,,,,,256.0,,,
,Retailer Trade-in,Switch,iPhone,iPhone 12 mini,128GB,400,iPhone 12 mini,2020.0,iPhone,iPhone 12 mini,,,,,,,128.0,,,
,Retailer Trade-in,Switch,iPhone,iPhone 12 mini,64GB,300,iPhone 12 mini,2020.0,iPhone,iPhone 12 mini,,,,,,,64.0,,,
,Retailer Trade-in,Switch,iPhone,iPhone 12,256GB,590,iPhone 12,2020.0,iPhone,iPhone 12,,,,,,,256.0,,,
,Retailer Trade-in,Switch,iPhone,iPhone 12,128GB,510,iPhone 12,2020.0,iPhone,iPhone 12,,,,,,,128.0,,,
,Retailer Trade-in,Switch,iPhone,iPhone 12,64GB,460,iPhone 12,2020.0,iPhone,iPhone 12,,,,,,,64.0,,,
,Retailer Trade-in,Switch,iPhone,iPhone 11 Pro Max,512GB,650,iPhone 11 Pro Max,2019.0,iPhone,iPhone 11 Pro Max,,,,,,,512.0,,,
,Retailer Trade-in,Switch,iPhone,iPhone 11 Pro Max,256GB,560,iPhone 11 Pro Max,2019.0,iPhone,iPhone 11 Pro Max,,,,,,,256.0,,,
,Retailer Trade-in,Switch,iPhone,iPhone 11 Pro Max,64GB,490,iPhone 11 Pro Max,2019.0,iPhone,iPhone 11 Pro Max,,,,,,,64.0,,,
,Retailer Trade-in,Switch,iPhone,iPhone 11 Pro,512GB,590,iPhone 11 Pro,2019.0,iPhone,iPhone 11 Pro,,,,,,,512.0,,,
,Retailer Trade-in,Switch,iPhone,iPhone 11 Pro,256GB,450,iPhone 11 Pro,2019.0,iPhone,iPhone 11 Pro,,,,,,,256.0,,,
,Retailer Trade-in,Switch,iPhone,iPhone 11 Pro,64GB,400,iPhone 11 Pro,2019.0,iPhone,iPhone 11 Pro,,,,,,,64.0,,,
,Retailer Trade-in,Switch,iPhone,iPhone 11,256GB,460,iPhone 11,2019.0,iPhone,iPhone 11,,,,,,,256.0,,,
,Retailer Trade-in,Switch,iPhone,iPhone 11,128GB,350,iPhone 11,2019.0,iPhone,iPhone 11,,,,,,,128.0,,,
,Retailer Trade-in,Switch,iPhone,iPhone 11,64GB,300,iPhone 11,2019.0,iPhone,iPhone 11,,,,,,,64.0,,,
,Retailer Trade-in,Switch,iPhone,iPhone Xs Max,512GB,400,iPhone Xs Max,2018.0,iPhone,iPhone Xs Max,,,,,,,512.0,,,
,Retailer Trade-in,Switch,iPhone,iPhone Xs Max,256GB,370,iPhone Xs Max,2018.0,iPhone,iPhone Xs Max,,,,,,,256.0,,,
,Retailer Trade-in,Switch,iPhone,iPhone Xs Max,64GB,290,iPhone Xs Max,2018.0,iPhone,iPhone Xs Max,,,,,,,64.0,,,
,Retailer Trade-in,Switch,iPhone,iPhone Xs,512GB,310,iPhone Xs,2018.0,iPhone,iPhone Xs,,,,,,,512.0,,,
,Retailer Trade-in,Switch,iPhone,iPhone Xs,256GB,260,iPhone Xs,2018.0,iPhone,iPhone Xs,,,,,,,256.0,,,
,Retailer Trade-in,Switch,iPhone,iPhone Xs,64GB,210,iPhone Xs,2018.0,iPhone,iPhone Xs,,,,,,,64.0,,,
,Retailer Trade-in,Switch,iPhone,iPhone Xr,256GB,280,iPhone Xr,2018.0,iPhone,iPhone Xr,,,,,,,256.0,,,
,Retailer Trade-in,Switch,iPhone,iPhone Xr,128GB,230,iPhone Xr,2018.0,iPhone,iPhone Xr,,,,,,,128.0,,,
,Retailer Trade-in,Switch,iPhone,iPhone Xr,64GB,160,iPhone Xr,2018.0,iPhone,iPhone Xr,,,,,,,64.0,,,
,Retailer Trade-in,Switch,iPhone,iPhone X,256GB,190,iPhone X,2017.0,iPhone,iPhone X,,,,,,,256.0,,,
,Retailer Trade-in,Switch,iPhone,iPhone X,64GB,140,iPhone X,2017.0,iPhone,iPhone X,,,,,,,64.0,,,
,Retailer Trade-in,Switch,iPhone,iPhone SE (2022),256GB,270,iPhone SE (2022),2022.0,iPhone,iPhone SE,,2022,,,,,256.0,,,
,Retailer Trade-in,Switch,iPhone,iPhone SE (2022),128GB,220,iPhone SE (2022),2022.0,iPhone,iPhone SE,,2022,,,,,128.0,,,
,Retailer Trade-in,Switch,iPhone,iPhone SE (2022),64GB,170,iPhone SE (2022),2022.0,iPhone,iPhone SE,,2022,,,,,64.0,,,
,Retailer Trade-in,Switch,iPhone,iPhone SE (2020),256GB,220,iPhone SE (2020),2020.0,iPhone,iPhone SE,,2020,,,,,256.0,,,
,Retailer Trade-in,Switch,iPhone,iPhone SE (2020),128GB,170,iPhone SE (2020),2020.0,iPhone,iPhone SE,,2020,,,,,128.0,,,
,Retailer Trade-in,Switch,iPhone,iPhone SE (2020),64GB,120,iPhone SE (2020),2020.0,iPhone,iPhone SE,,2020,,,,,64.0,,,
,Retailer Trade-in,Switch,iPhone,iPhone SE,128GB,5,iPhone SE,2016.0,iPhone,iPhone SE,,,,,,,128.0,,,
,Retailer Trade-in,Switch,iPhone,iPhone SE,64GB,5,iPhone SE,2016.0,iPhone,iPhone SE,,,,,,,64.0,,,
,Retailer Trade-in,Switch,iPhone,iPhone SE,32GB,5,iPhone SE,2016.0,iPhone,iPhone SE,,,,,,,32.0,,,
,Retailer Trade-in,Switch,iPhone,iPhone SE,16GB,5,iPhone SE,2016.0,iPhone,iPhone SE,,,,,,,16.0,,,
,Retailer Trade-in,Switch,iPhone,iPhone 8 Plus,256GB,190,iPhone 8 Plus,2017.0,iPhone,iPhone 8 Plus,,,,,,,256.0,,,
,Retailer Trade-in,Switch,iPhone,iPhone 8 Plus,128GB,160,iPhone 8 Plus,2017.0,iPhone,iPhone 8 Plus,,,,,,,128.0,,,
,Retailer Trade-in,Switch,iPhone,iPhone 8 Plus,64GB,130,iPhone 8 Plus,2017.0,iPhone,iPhone 8 Plus,,,,,,,64.0,,,
,Retailer Trade-in,Switch,iPhone,iPhone 8,256GB,180,iPhone 8,2017.0,iPhone,iPhone 8,,,,,,,256.0,,,
,Retailer Trade-in,Switch,iPhone,iPhone 8,128GB,140,iPhone 8,2017.0,iPhone,iPhone 8,,,,,,,128.0,,,
,Retailer Trade-in,Switch,iPhone,iPhone 8,64GB,120,iPhone 8,2017.0,iPhone,iPhone 8,,,,,,,64.0,,,
,Retailer Trade-in,Switch,iPhone,iPhone 7 Plus,256GB,140,iPhone 7 Plus,2016.0,iPhone,iPhone 7 Plus,,,,,,,256.0,,,
,Retailer Trade-in,Switch,iPhone,iPhone 7 Plus,128GB,110,iPhone 7 Plus,2016.0,iPhone,iPhone 7 Plus,,,,,,,128.0,,,
,Retailer Trade-in,Switch,iPhone,iPhone 7 Plus,32GB,80,iPhone 7 Plus,2016.0,iPhone,iPhone 7 Plus,,,,,,,32.0,,,
,Retailer Trade-in,Switch,iPhone,iPhone 7,256GB,90,iPhone 7,2016.0,iPhone,iPhone 7,,,,,,,256.0,,,
,Retailer Trade-in,Switch,iPhone,iPhone 7,128GB,70,iPhone 7,2016.0,iPhone,iPhone 7,,,,,,,128.0,,,
,Retailer Trade-in,Switch,iPhone,iPhone 7,32GB,50,iPhone 7,2016.0,iPhone,iPhone 7,,,,,,,32.0,,,
,Retailer Trade-in,Switch,iPhone,iPhone 6s Plus,128GB,20,iPhone 6s Plus,2015.0,iPhone,iPhone 6s Plus,,,,,,,128.0,,,
,Retailer Trade-in,Switch,iPhone,iPhone 6s Plus,64GB,20,iPhone 6s Plus,2015.0,iPhone,iPhone 6s Plus,,,,,,,64.0,,,
,Retailer Trade-in,Switch,iPhone,iPhone 6s Plus,32GB,20,iPhone 6s Plus,2015.0,iPhone,iPhone 6s Plus,,,,,,,32.0,,,
,Retailer Trade-in,Switch,iPhone,iPhone 6s Plus,16GB,20,iPhone 6s Plus,2015.0,iPhone,iPhone 6s Plus,,,,,,,16.0,,,
,Retailer Trade-in,Switch,iPhone,iPhone 6s,128GB,10,iPhone 6s,2015.0,iPhone,iPhone 6s,,,,,,,128.0,,,
,Retailer Trade-in,Switch,iPhone,iPhone 6s,64GB,10,iPhone 6s,2015.0,iPhone,iPhone 6s,,,,,,,64.0,,,
,Retailer Trade-in,Switch,iPhone,iPhone 6s,32GB,10,iPhone 6s,2015.0,iPhone,iPhone 6s,,,,,,,32.0,,,
,Retailer Trade-in,Switch,iPhone,iPhone 6s,16GB,10,iPhone 6s,2015.0,iPhone,iPhone 6s,,,,,,,16.0,,,
,Retailer Trade-in,Switch,iPhone,iPhone 6 Plus,128GB,10,iPhone 6 Plus,2014.0,iPhone,iPhone 6 Plus,,,,,,,128.0,,,
,Retailer Trade-in,Switch,iPhone,iPhone 6 Plus,64GB,10,iPhone 6 Plus,2014.0,iPhone,iPhone 6 Plus,,,,,,,64.0,,,
,Retailer Trade-in,Switch,iPhone,iPhone 6 Plus,16GB,10,iPhone 6 Plus,2014.0,iPhone,iPhone 6 Plus,,,,,,,16.0,,,
,Retailer Trade-in,Switch,iPhone,iPhone 6,128GB,5,iPhone 6,2014.0,iPhone,iPhone 6,,,,,,,128.0,,,
,Retailer Trade-in,Switch,iPhone,iPhone 6,64GB,5,iPhone 6,2014.0,iPhone,iPhone 6,,,,,,,64.0,,,
,Retailer Trade-in,Switch,iPhone,iPhone 6,32GB,5,iPhone 6,2014.0,iPhone,iPhone 6,,,,,,,32.0,,,
,Retailer Trade-in,Switch,iPhone,iPhone 6,16GB,5,iPhone 6,2014.0,iPhone,iPhone 6,,,,,,,16.0,,,
,Retailer Trade-in,Switch,iPhone,iPhone 5s,64GB,5,iPhone 5s,2013.0,iPhone,iPhone 5s,,,,,,,64.0,,,
,Retailer Trade-in,Switch,iPhone,iPhone 5s,32GB,5,iPhone 5s,2013.0,iPhone,iPhone 5s,,,,,,,32.0,,,
,Retailer Trade-in,Switch,iPhone,iPhone 5s,16GB,5,iPhone 5s,2013.0,iPhone,iPhone 5s,,,,,,,16.0,,,
,Retailer Trade-in,UR,iPhone,iPhone 17 Pro Max,2TB,6010,iPhone 17 Pro Max,2025.0,iPhone,iPhone 17 Pro Max,,,,,,,2048.0,,,
,Retailer Trade-in,UR,iPhone,iPhone 17 Pro Max,1TB,4800,iPhone 17 Pro Max,2025.0,iPhone,iPhone 17 Pro Max,,,,,,,1024.0,,,
,Retailer Trade-in,UR,iPhone,iPhone 17 Pro Max,512GB,4130,iPhone 17 Pro Max,2025.0,iPhone,iPhone 17 Pro Max,,,,,,,512.0,,,
,Retailer Trade-in,UR,iPhone,iPhone 17 Pro Max,256GB,3500,iPhone 17 Pro Max,2025.0,iPhone,iPhone 17 Pro Max,,,,,,,256.0,,,
,Retailer Trade-in,UR,iPhone,iPhone 17 Pro,1TB,4150,iPhone 17 Pro,2025.0,iPhone,iPhone 17 Pro,,,,,,,1024.0,,,
,Retailer Trade-in,UR,iPhone,iPhone 17 Pro,512GB,3600,iPhone 17 Pro,2025.0,iPhone,iPhone 17 Pro,,,,,,,512.0,,,
,Retailer Trade-in,UR,iPhone,iPhone 17 Pro,256GB,3190,iPhone 17 Pro,2025.0,iPhone,iPhone 17 Pro,,,,,,,256.0,,,
,Retailer Trade-in,UR,iPhone,iPhone 17,512GB,2700,iPhone 17,2025.0,iPhone,iPhone 17,,,,,,,512.0,,,
,Retailer Trade-in,UR,iPhone,iPhone 17,256GB,2290,iPhone 17,2025.0,iPhone,iPhone 17,,,,,,,256.0,,,
,Retailer Trade-in,UR,iPhone,iPhone Air,256GB,2200,iPhone Air,2025.0,iPhone,iPhone Air,,,,,,,256.0,,,
,Retailer Trade-in,UR,iPhone,iPhone Air,512GB,2400,iPhone Air,2025.0,iPhone,iPhone Air,,,,,,,512.0,,,
,Retailer Trade-in,UR,iPhone,iPhone Air,1TB,2800,iPhone Air,2025.0,iPhone,iPhone Air,,,,,,,1024.0,,,
,Retailer Trade-in,UR,iPhone,iPhone 16 Pro Max,1TB,3500,iPhone 16 Pro Max,2024.0,iPhone,iPhone 16 Pro Max,,,,,,,1024.0,,,
,Retailer Trade-in,UR,iPhone,iPhone 16 Pro Max,512GB,3200,iPhone 16 Pro Max,2024.0,iPhone,iPhone 16 Pro Max,,,,,,,512.0,,,
,Retailer Trade-in,UR,iPhone,iPhone 16 Pro Max,256GB,3010,iPhone 16 Pro Max,2024.0,iPhone,iPhone 16 Pro Max,,,,,,,256.0,,,
,Retailer Trade-in,UR,iPhone,iPhone 16 Pro,1TB,2900,iPhone 16 Pro,2024.0,iPhone,iPhone 16 Pro,,,,,,,1024.0,,,
,Retailer Trade-in,UR,iPhone,iPhone 16 Pro,512GB,2700,iPhone 16 Pro,2024.0,iPhone,iPhone 16 Pro,,,,,,,512.0,,,
,Retailer Trade-in,UR,iPhone,iPhone 16 Pro,256GB,2540,iPhone 16 Pro,2024.0,iPhone,iPhone 16 Pro,,,,,,,256.0,,,
,Retailer Trade-in,UR,iPhone,iPhone 16 Pro,128GB,2310,iPhone 16 Pro,2024.0,iPhone,iPhone 16 Pro,,,,,,,128.0,,,
,Retailer Trade-in,UR,iPhone,iPhone 16 Plus,512GB,2500,iPhone 16 Plus,2024.0,iPhone,iPhone 16 Plus,,,,,,,512.0,,,
,Retailer Trade-in,UR,iPhone,iPhone 16 Plus,256GB,2250,iPhone 16 Plus,2024.0,iPhone,iPhone 16 Plus,,,,,,,256.0,,,
,Retailer Trade-in,UR,iPhone,iPhone 16 Plus,128GB,2090,iPhone 16 Plus,2024.0,iPhone,iPhone 16 Plus,,,,,,,128.0,,,
,Retailer Trade-in,UR,iPhone,iPhone 16,512GB,2180,iPhone 16,2024.0,iPhone,iPhone 16,,,,,,,512.0,,,
,Retailer Trade-in,UR,iPhone,iPhone 16,256GB,1980,iPhone 16,2024.0,iPhone,iPhone 16,,,,,,,256.0,,,
,Retailer Trade-in,UR,iPhone,iPhone 16,128GB,1800,iPhone 16,2024.0,iPhone,iPhone 16,,,,,,,128.0,,,
,Retailer Trade-in,UR,iPhone,iPhone 16e,512GB,1500,iPhone 16e,2025.0,iPhone,iPhone 16e,,,,,,,512.0,,,
,Retailer Trade-in,UR,iPhone,iPhone 16e,256GB,1200,iPhone 16e,2025.0,iPhone,iPhone 16e,,,,,,,256.0,,,
,Retailer Trade-in,UR,iPhone,iPhone 16e,128GB,1050,iPhone 16e,2025.0,iPhone,iPhone 16e,,,,,,,128.0,,,
,Retailer Trade-in,UR,iPhone,iPhone 15 Pro Max,1TB,2660,iPhone 15 Pro Max,2023.0,iPhone,iPhone 15 Pro Max,,,,,,,1024.0,,,
,Retailer Trade-in,UR,iPhone,iPhone 15 Pro Max,512GB,2440,iPhone 15 Pro Max,2023.0,iPhone,iPhone 15 Pro Max,,,,,,,512.0,,,
,Retailer Trade-in,UR,iPhone,iPhone 15 Pro Max,256GB,2210,iPhone 15 Pro Max,2023.0,iPhone,iPhone 15 Pro Max,,,,,,,256.0,,,
,Retailer Trade-in,UR,iPhone,iPhone 15 Pro,1TB,2360,iPhone 15 Pro,2023.0,iPhone,iPhone 15 Pro,,,,,,,1024.0,,,
,Retailer Trade-in,UR,iPhone,iPhone 15 Pro,512GB,2140,iPhone 15 Pro,2023.0,iPhone,iPhone 15 Pro,,,,,,,512.0,,,
,Retailer Trade-in,UR,iPhone,iPhone 15 Pro,256GB,2010,iPhone 15 Pro,2023.0,iPhone,iPhone 15 Pro,,,,,,,256.0,,,
,Retailer Trade-in,UR,iPhone,iPhone 15 Pro,128GB,1740,iPhone 15 Pro,2023.0,iPhone,iPhone 15 Pro,,,,,,,128.0,,,
,Retailer Trade-in,UR,iPhone,iPhone 15 Plus,512GB,1800,iPhone 15 Plus,2023.0,iPhone,iPhone 15 Plus,,,,,,,512.0,,,
,Retailer Trade-in,UR,iPhone,iPhone 15 Plus,256GB,1600,iPhone 15 Plus,2023.0,iPhone,iPhone 15 Plus,,,,,,,256.0,,,
,Retailer Trade-in,UR,iPhone,iPhone 15 Plus,128GB,1450,iPhone 15 Plus,2023.0,iPhone,iPhone 15 Plus,,,,,,,128.0,,,
,Retailer Trade-in,UR,iPhone,iPhone 15,512GB,1600,iPhone 15,2023.0,iPhone,iPhone 15,,,,,,,512.0,,,
,Retailer Trade-in,UR,iPhone,iPhone 15,256GB,1450,iPhone 15,2023.0,iPhone,iPhone 15,,,,,,,256.0,,,
,Retailer Trade-in,UR,iPhone,iPhone 15,128GB,1300,iPhone 15,2023.0,iPhone,iPhone 15,,,,,,,128.0,,,
,Retailer Trade-in,UR,iPhone,iPhone 14 Pro Max,1TB,1990,iPhone 14 Pro Max,2022.0,iPhone,iPhone 14 Pro Max,,,,,,,1024.0,,,
,Retailer Trade-in,UR,iPhone,iPhone 14 Pro Max,512GB,1850,iPhone 14 Pro Max,2022.0,iPhone,iPhone 14 Pro Max,,,,,,,512.0,,,
,Retailer Trade-in,UR,iPhone,iPhone 14 Pro Max,256GB,1710,iPhone 14 Pro Max,2022.0,iPhone,iPhone 14 Pro Max,,,,,,,256.0,,,
,Retailer Trade-in,UR,iPhone,iPhone 14 Pro Max,128GB,1590,iPhone 14 Pro Max,2022.0,iPhone,iPhone 14 Pro Max,,,,,,,128.0,,,
,Retailer Trade-in,UR,iPhone,iPhone 14 Pro,1TB,1690,iPhone 14 Pro,2022.0,iPhone,iPhone 14 Pro,,,,,,,1024.0,,,
,Retailer Trade-in,UR,iPhone,iPhone 14 Pro,512GB,1610,iPhone 14 Pro,2022.0,iPhone,iPhone 14 Pro,,,,,,,512.0,,,
,Retailer Trade-in,UR,iPhone,iPhone 14 Pro,256GB,1540,iPhone 14 Pro,2022.0,iPhone,iPhone 14 Pro,,,,,,,256.0,,,
,Retailer Trade-in,UR,iPhone,iPhone 14 Pro,128GB,1340,iPhone 14 Pro,2022.0,iPhone,iPhone 14 Pro,,,,,,,128.0,,,
,Retailer Trade-in,UR,iPhone,iPhone 14 Plus,512GB,1240,iPhone 14 Plus,2022.0,iPhone,iPhone 14 Plus,,,,,,,512.0,,,
,Retailer Trade-in,UR,iPhone,iPhone 14 Plus,256GB,1050,iPhone 14 Plus,2022.0,iPhone,iPhone 14 Plus,,,,,,,256.0,,,
,Retailer Trade-in,UR,iPhone,iPhone 14 Plus,128GB,950,iPhone 14 Plus,2022.0,iPhone,iPhone 14 Plus,,,,,,,128.0,,,
,Retailer Trade-in,UR,iPhone,iPhone 14,512GB,1110,iPhone 14,2022.0,iPhone,iPhone 14,,,,,,,512.0,,,
,Retailer Trade-in,UR,iPhone,iPhone 14,256GB,950,iPhone 14,2022.0,iPhone,iPhone 14,,,,,,,256.0,,,
,Retailer Trade-in,UR,iPhone,iPhone 14,128GB,850,iPhone 14,2022.0,iPhone,iPhone 14,,,,,,,128.0,,,
,Retailer Trade-in,UR,iPhone,iPhone 13 Pro Max,1TB,1460,iPhone 13 Pro Max,2021.0,iPhone,iPhone 13 Pro Max,,,,,,,1024.0,,,
,Retailer Trade-in,UR,iPhone,iPhone 13 Pro Max,512GB,1340,iPhone 13 Pro Max,2021.0,iPhone,iPhone 13 Pro Max,,,,,,,512.0,,,
,Retailer Trade-in,UR,iPhone,iPhone 13 Pro Max,256GB,1290,iPhone 13 Pro Max,2021.0,iPhone,iPhone 13 Pro Max,,,,,,,256.0,,,
,Retailer Trade-in,UR,iPhone,iPhone 13 Pro Max,128GB,1110,iPhone 13 Pro Max,2021.0,iPhone,iPhone 13 Pro Max,,,,,,,128.0,,,
,Retailer Trade-in,UR,iPhone,iPhone 13 Pro,1TB,1260,iPhone 13 Pro,2021.0,iPhone,iPhone 13 Pro,,,,,,,1024.0,,,
,Retailer Trade-in,UR,iPhone,iPhone 13 Pro,512GB,1150,iPhone 13 Pro,2021.0,iPhone,iPhone 13 Pro,,,,,,,512.0,,,
,Retailer Trade-in,UR,iPhone,iPhone 13 Pro,256GB,1060,iPhone 13 Pro,2021.0,iPhone,iPhone 13 Pro,,,,,,,256.0,,,
,Retailer Trade-in,UR,iPhone,iPhone 13 Pro,128GB,990,iPhone 13 Pro,2021.0,iPhone,iPhone 13 Pro,,,,,,,128.0,,,
,Retailer Trade-in,UR,iPhone,iPhone 13 mini,512GB,600,iPhone 13 mini,2021.0,iPhone,iPhone 13 mini,,,,,,,512.0,,,
,Retailer Trade-in,UR,iPhone,iPhone 13 mini,256GB,550,iPhone 13 mini,2021.0,iPhone,iPhone 13 mini,,,,,,,256.0,,,
,Retailer Trade-in,UR,iPhone,iPhone 13 mini,128GB,500,iPhone 13 mini,2021.0,iPhone,iPhone 13 mini,,,,,,,128.0,,,
,Retailer Trade-in,UR,iPhone,iPhone 13,512GB,910,iPhone 13,2021.0,iPhone,iPhone 13,,,,,,,512.0,,,
,Retailer Trade-in,UR,iPhone,iPhone 13,256GB,850,iPhone 13,2021.0,iPhone,iPhone 13,,,,,,,256.0,,,
,Retailer Trade-in,UR,iPhone,iPhone 13,128GB,750,iPhone 13,2021.0,iPhone,iPhone 13,,,,,,,128.0,,,
,Retailer Trade-in,UR,iPhone,iPhone 12 Pro Max,512GB,990,iPhone 12 Pro Max,2020.0,iPhone,iPhone 12 Pro Max,,,,,,,512.0,,,
,Retailer Trade-in,UR,iPhone,iPhone 12 Pro Max,256GB,910,iPhone 12 Pro Max,2020.0,iPhone,iPhone 12 Pro Max,,,,,,,256.0,,,
,Retailer Trade-in,UR,iPhone,iPhone 12 Pro Max,128GB,810,iPhone 12 Pro Max,2020.0,iPhone,iPhone 12 Pro Max,,,,,,,128.0,,,
,Retailer Trade-in,UR,iPhone,iPhone 12 Pro,512GB,760,iPhone 12 Pro,2020.0,iPhone,iPhone 12 Pro,,,,,,,512.0,,,
,Retailer Trade-in,UR,iPhone,iPhone 12 Pro,256GB,710,iPhone 12 Pro,2020.0,iPhone,iPhone 12 Pro,,,,,,,256.0,,,
,Retailer Trade-in,UR,iPhone,iPhone 12 Pro,128GB,640,iPhone 12 Pro,2020.0,iPhone,iPhone 12 Pro,,,,,,,128.0,,,
,Retailer Trade-in,UR,iPhone,iPhone 12 mini,256GB,450,iPhone 12 mini,2020.0,iPhone,iPhone 12 mini,,,,,,,256.0,,,
,Retailer Trade-in,UR,iPhone,iPhone 12 mini,128GB,400,iPhone 12 mini,2020.0,iPhone,iPhone 12 mini,,,,,,,128.0,,,
,Retailer Trade-in,UR,iPhone,iPhone 12 mini,64GB,300,iPhone 12 mini,2020.0,iPhone,iPhone 12 mini,,,,,,,64.0,,,
,Retailer Trade-in,UR,iPhone,iPhone 12,256GB,590,iPhone 12,2020.0,iPhone,iPhone 12,,,,,,,256.0,,,
,Retailer Trade-in,UR,iPhone,iPhone 12,128GB,510,iPhone 12,2020.0,iPhone,iPhone 12,,,,,,,128.0,,,
,Retailer Trade-in,UR,iPhone,iPhone 12,64GB,460,iPhone 12,2020.0,iPhone,iPhone 12,,,,,,,64.0,,,
,Retailer Trade-in,UR,iPhone,iPhone 11 Pro Max,512GB,650,iPhone 11 Pro Max,2019.0,iPhone,iPhone 11 Pro Max,,,,,,,512.0,,,
,Retailer Trade-in,UR,iPhone,iPhone 11 Pro Max,256GB,560,iPhone 11 Pro Max,2019.0,iPhone,iPhone 11 Pro Max,,,,,,,256.0,,,
,Retailer Trade-in,UR,iPhone,iPhone 11 Pro Max,64GB,490,iPhone 11 Pro Max,2019.0,iPhone,iPhone 11 Pro Max,,,,,,,64.0,,,
,Retailer Trade-in,UR,iPhone,iPhone 11 Pro,512GB,590,iPhone 11 Pro,2019.0,iPhone,iPhone 11 Pro,,,,,,,512.0,,,
,Retailer Trade-in,UR,iPhone,iPhone 11 Pro,256GB,450,iPhone 11 Pro,2019.0,iPhone,iPhone 11 Pro,,,,,,,256.0,,,
,Retailer Trade-in,UR,iPhone,iPhone 11 Pro,64GB,400,iPhone 11 Pro,2019.0,iPhone,iPhone 11 Pro,,,,,,,64.0,,,
,Retailer Trade-in,UR,iPhone,iPhone 11,256GB,460,iPhone 11,2019.0,iPhone,iPhone 11,,,,,,,256.0,,,
,Retailer Trade-in,UR,iPhone,iPhone 11,128GB,350,iPhone 11,2019.0,iPhone,iPhone 11,,,,,,,128.0,,,
,Retailer Trade-in,UR,iPhone,iPhone 11,64GB,300,iPhone 11,2019.0,iPhone,iPhone 11,,,,,,,64.0,,,
,Retailer Trade-in,UR,iPhone,iPhone Xs Max,512GB,400,iPhone Xs Max,2018.0,iPhone,iPhone Xs Max,,,,,,,512.0,,,
,Retailer Trade-in,UR,iPhone,iPhone Xs Max,256GB,370,iPhone Xs Max,2018.0,iPhone,iPhone Xs Max,,,,,,,256.0,,,
,Retailer Trade-in,UR,iPhone,iPhone Xs Max,64GB,290,iPhone Xs Max,2018.0,iPhone,iPhone Xs Max,,,,,,,64.0,,,
,Retailer Trade-in,UR,iPhone,iPhone Xs,512GB,310,iPhone Xs,2018.0,iPhone,iPhone Xs,,,,,,,512.0,,,
,Retailer Trade-in,UR,iPhone,iPhone Xs,256GB,260,iPhone Xs,2018.0,iPhone,iPhone Xs,,,,,,,256.0,,,
,Retailer Trade-in,UR,iPhone,iPhone Xs,64GB,210,iPhone Xs,2018.0,iPhone,iPhone Xs,,,,,,,64.0,,,
,Retailer Trade-in,UR,iPhone,iPhone Xr,256GB,280,iPhone Xr,2018.0,iPhone,iPhone Xr,,,,,,,256.0,,,
,Retailer Trade-in,UR,iPhone,iPhone Xr,128GB,230,iPhone Xr,2018.0,iPhone,iPhone Xr,,,,,,,128.0,,,
,Retailer Trade-in,UR,iPhone,iPhone Xr,64GB,160,iPhone Xr,2018.0,iPhone,iPhone Xr,,,,,,,64.0,,,
,Retailer Trade-in,UR,iPhone,iPhone X,256GB,190,iPhone X,2017.0,iPhone,iPhone X,,,,,,,256.0,,,
,Retailer Trade-in,UR,iPhone,iPhone X,64GB,140,iPhone X,2017.0,iPhone,iPhone X,,,,,,,64.0,,,
,Retailer Trade-in,UR,iPhone,iPhone SE (2022),256GB,270,iPhone SE (2022),2022.0,iPhone,iPhone SE,,2022,,,,,256.0,,,
,Retailer Trade-in,UR,iPhone,iPhone SE (2022),128GB,220,iPhone SE (2022),2022.0,iPhone,iPhone SE,,2022,,,,,128.0,,,
,Retailer Trade-in,UR,iPhone,iPhone SE (2022),64GB,170,iPhone SE (2022),2022.0,iPhone,iPhone SE,,2022,,,,,64.0,,,
,Retailer Trade-in,UR,iPhone,iPhone SE (2020),256GB,220,iPhone SE (2020),2020.0,iPhone,iPhone SE,,2020,,,,,256.0,,,
,Retailer Trade-in,UR,iPhone,iPhone SE (2020),128GB,170,iPhone SE (2020),2020.0,iPhone,iPhone SE,,2020,,,,,128.0,,,
,Retailer Trade-in,UR,iPhone,iPhone SE (2020),64GB,120,iPhone SE (2020),2020.0,iPhone,iPhone SE,,2020,,,,,64.0,,,
,Retailer Trade-in,UR,iPhone,iPhone SE,128GB,5,iPhone SE,2016.0,iPhone,iPhone SE,,,,,,,128.0,,,
,Retailer Trade-in,UR,iPhone,iPhone SE,64GB,5,iPhone SE,2016.0,iPhone,iPhone SE,,,,,,,64.0,,,
,Retailer Trade-in,UR,iPhone,iPhone SE,32GB,5,iPhone SE,2016.0,iPhone,iPhone SE,,,,,,,32.0,,,
,Retailer Trade-in,UR,iPhone,iPhone SE,16GB,5,iPhone SE,2016.0,iPhone,iPhone SE,,,,,,,16.0,,,
,Retailer Trade-in,UR,iPhone,iPhone 8 Plus,256GB,190,iPhone 8 Plus,2017.0,iPhone,iPhone 8 Plus,,,,,,,256.0,,,
,Retailer Trade-in,UR,iPhone,iPhone 8 Plus,128GB,160,iPhone 8 Plus,2017.0,iPhone,iPhone 8 Plus,,,,,,,128.0,,,
,Retailer Trade-in,UR,iPhone,iPhone 8 Plus,64GB,130,iPhone 8 Plus,2017.0,iPhone,iPhone 8 Plus,,,,,,,64.0,,,
,Retailer Trade-in,UR,iPhone,iPhone 8,256GB,180,iPhone 8,2017.0,iPhone,iPhone 8,,,,,,,256.0,,,
,Retailer Trade-in,UR,iPhone,iPhone 8,128GB,140,iPhone 8,2017.0,iPhone,iPhone 8,,,,,,,128.0,,,
,Retailer Trade-in,UR,iPhone,iPhone 8,64GB,120,iPhone 8,2017.0,iPhone,iPhone 8,,,,,,,64.0,,,
,Retailer Trade-in,UR,iPhone,iPhone 7 Plus,256GB,140,iPhone 7 Plus,2016.0,iPhone,iPhone 7 Plus,,,,,,,256.0,,,
,Retailer Trade-in,UR,iPhone,iPhone 7 Plus,128GB,110,iPhone 7 Plus,2016.0,iPhone,iPhone 7 Plus,,,,,,,128.0,,,
,Retailer Trade-in,UR,iPhone,iPhone 7 Plus,32GB,80,iPhone 7 Plus,2016.0,iPhone,iPhone 7 Plus,,,,,,,32.0,,,
,Retailer Trade-in,UR,iPhone,iPhone 7,256GB,90,iPhone 7,2016.0,iPhone,iPhone 7,,,,,,,256.0,,,
,Retailer Trade-in,UR,iPhone,iPhone 7,128GB,70,iPhone 7,2016.0,iPhone,iPhone 7,,,,,,,128.0,,,
,Retailer Trade-in,UR,iPhone,iPhone 7,32GB,50,iPhone 7,2016.0,iPhone,iPhone 7,,,,,,,32.0,,,
,Retailer Trade-in,UR,iPhone,iPhone 6s Plus,128GB,20,iPhone 6s Plus,2015.0,iPhone,iPhone 6s Plus,,,,,,,128.0,,,
,Retailer Trade-in,UR,iPhone,iPhone 6s Plus,64GB,20,iPhone 6s Plus,2015.0,iPhone,iPhone 6s Plus,,,,,,,64.0,,,
,Retailer Trade-in,UR,iPhone,iPhone 6s Plus,32GB,20,iPhone 6s Plus,2015.0,iPhone,iPhone 6s Plus,,,,,,,32.0,,,
,Retailer Trade-in,UR,iPhone,iPhone 6s Plus,16GB,20,iPhone 6s Plus,2015.0,iPhone,iPhone 6s Plus,,,,,,,16.0,,,
,Retailer Trade-in,UR,iPhone,iPhone 6s,128GB,10,iPhone 6s,2015.0,iPhone,iPhone 6s,,,,,,,128.0,,,
,Retailer Trade-in,UR,iPhone,iPhone 6s,64GB,10,iPhone 6s,2015.0,iPhone,iPhone 6s,,,,,,,64.0,,,
,Retailer Trade-in,UR,iPhone,iPhone 6s,32GB,10,iPhone 6s,2015.0,iPhone,iPhone 6s,,,,,,,32.0,,,
,Retailer Trade-in,UR,iPhone,iPhone 6s,16GB,10,iPhone 6s,2015.0,iPhone,iPhone 6s,,,,,,,16.0,,,
,Retailer Trade-in,UR,iPhone,iPhone 6 Plus,128GB,10,iPhone 6 Plus,2014.0,iPhone,iPhone 6 Plus,,,,,,,128.0,,,
,Retailer Trade-in,UR,iPhone,iPhone 6 Plus,64GB,10,iPhone 6 Plus,2014.0,iPhone,iPhone 6 Plus,,,,,,,64.0,,,
,Retailer Trade-in,UR,iPhone,iPhone 6 Plus,16GB,10,iPhone 6 Plus,2014.0,iPhone,iPhone 6 Plus,,,,,,,16.0,,,
,Retailer Trade-in,UR,iPhone,iPhone 6,128GB,5,iPhone 6,2014.0,iPhone,iPhone 6,,,,,,,128.0,,,
,Retailer Trade-in,UR,iPhone,iPhone 6,64GB,5,iPhone 6,2014.0,iPhone,iPhone 6,,,,,,,64.0,,,
,Retailer Trade-in,UR,iPhone,iPhone 6,32GB,5,iPhone 6,2014.0,iPhone,iPhone 6,,,,,,,32.0,,,
,Retailer Trade-in,UR,iPhone,iPhone 6,16GB,5,iPhone 6,2014.0,iPhone,iPhone 6,,,,,,,16.0,,,
,Retailer Trade-in,UR,iPhone,iPhone 5s,64GB,5,iPhone 5s,2013.0,iPhone,iPhone 5s,,,,,,,64.0,,,
,Retailer Trade-in,UR,iPhone,iPhone 5s,32GB,5,iPhone 5s,2013.0,iPhone,iPhone 5s,,,,,,,32.0,,,
,Retailer Trade-in,UR,iPhone,iPhone 5s,16GB,5,iPhone 5s,2013.0,iPhone,iPhone 5s,,,,,,,16.0,,,
,Retailer Trade-in,U Mobile,iPhone,Apple Iphone 15 5G,128GB,1425,Apple Iphone 15 5G,2023.0,iPhone,iPhone 15,,,,,,,128.0,,,
,Retailer Trade-in,U Mobile,iPhone,Apple Iphone 15 5G,256GB,1550,Apple Iphone 15 5G,2023.0,iPhone,iPhone 15,,,,,,,256.0,,,
,Retailer Trade-in,U Mobile,iPhone,Apple Iphone 15 5G,512GB,1700,Apple Iphone 15 5G,2023.0,iPhone,iPhone 15,,,,,,,512.0,,,
,Retailer Trade-in,U Mobile,iPhone,Apple Iphone 15 Plus 5G,128GB,1525,Apple Iphone 15 Plus 5G,2023.0,iPhone,iPhone 15 Plus,,,,,,,128.0,,,
,Retailer Trade-in,U Mobile,iPhone,Apple Iphone 15 Plus 5G,256GB,1695,Apple Iphone 15 Plus 5G,2023.0,iPhone,iPhone 15 Plus,,,,,,,256.0,,,
,Retailer Trade-in,U Mobile,iPhone,Apple Iphone 15 Plus 5G,512GB,1930,Apple Iphone 15 Plus 5G,2023.0,iPhone,iPhone 15 Plus,,,,,,,512.0,,,
,Retailer Trade-in,U Mobile,iPhone,Apple Iphone 15 Pro 5G,128GB,1840,Apple Iphone 15 Pro 5G,2023.0,iPhone,iPhone 15 Pro,,,,,,,128.0,,,
,Retailer Trade-in,U Mobile,iPhone,Apple Iphone 15 Pro 5G,256GB,2000,Apple Iphone 15 Pro 5G,2023.0,iPhone,iPhone 15 Pro,,,,,,,256.0,,,
,Retailer Trade-in,U Mobile,iPhone,Apple Iphone 15 Pro 5G,512GB,2200,Apple Iphone 15 Pro 5G,2023.0,iPhone,iPhone 15 Pro,,,,,,,512.0,,,
,Retailer Trade-in,U Mobile,iPhone,Apple Iphone 15 Pro max 5G,1TB,2810,Apple Iphone 15 Pro max 5G,2023.0,iPhone,iPhone 15 Pro Max,,,,,,,1024.0,,,
,Retailer Trade-in,U Mobile,iPhone,Apple Iphone 15 Pro max 5G,256GB,2200,Apple Iphone 15 Pro max 5G,2023.0,iPhone,iPhone 15 Pro Max,,,,,,,256.0,,,
,Retailer Trade-in,U Mobile,iPhone,Apple Iphone 15 Pro max 5G,512GB,2510,Apple Iphone 15 Pro max 5G,2023.0,iPhone,iPhone 15 Pro Max,,,,,,,512.0,,,
,Retailer Trade-in,U Mobile,iPhone,Apple iPhone 11,128GB,390,Apple iPhone 11,2019.0,iPhone,iPhone 11,,,,,,,128.0,,,
,Retailer Trade-in,U Mobile,iPhone,Apple iPhone 11,256GB,470,Apple iPhone 11,2019.0,iPhone,iPhone 11,,,,,,,256.0,,,
,Retailer Trade-in,U Mobile,iPhone,Apple iPhone 11,64GB,340,Apple iPhone 11,2019.0,iPhone,iPhone 11,,,,,,,64.0,,,
,Retailer Trade-in,U Mobile,iPhone,Apple iPhone 11 Pro,256GB,490,Apple iPhone 11 Pro,2019.0,iPhone,iPhone 11 Pro,,,,,,,256.0,,,
,Retailer Trade-in,U Mobile,iPhone,Apple iPhone 11 Pro,512GB,580,Apple iPhone 11 Pro,2019.0,iPhone,iPhone 11 Pro,,,,,,,512.0,,,
,Retailer Trade-in,U Mobile,iPhone,Apple iPhone 11 Pro,64GB,415,Apple iPhone 11 Pro,2019.0,iPhone,iPhone 11 Pro,,,,,,,64.0,,,
,Retailer Trade-in,U Mobile,iPhone,Apple iPhone 11 Pro Max,256GB,600,Apple iPhone 11 Pro Max,2019.0,iPhone,iPhone 11 Pro Max,,,,,,,256.0,,,
,Retailer Trade-in,U Mobile,iPhone,Apple iPhone 11 Pro Max,512GB,680,Apple iPhone 11 Pro Max,2019.0,iPhone,iPhone 11 Pro Max,,,,,,,512.0,,,
,Retailer Trade-in,U Mobile,iPhone,Apple iPhone 11 Pro Max,64GB,495,Apple iPhone 11 Pro Max,2019.0,iPhone,iPhone 11 Pro Max,,,,,,,64.0,,,
,Retailer Trade-in,U Mobile,iPhone,Apple iPhone 12 5G,128GB,520,Apple iPhone 12 5G,2020.0,iPhone,iPhone 12,,,,,,,128.0,,,
,Retailer Trade-in,U Mobile,iPhone,Apple iPhone 12 5G,256GB,600,Apple iPhone 12 5G,2020.0,iPhone,iPhone 12,,,,,,,256.0,,,
,Retailer Trade-in,U Mobile,iPhone,Apple iPhone 12 5G,64GB,470,Apple iPhone 12 5G,2020.0,iPhone,iPhone 12,,,,,,,64.0,,,
,Retailer Trade-in,U Mobile,iPhone,Apple iPhone 12 Pro 5G,128GB,670,Apple iPhone 12 Pro 5G,2020.0,iPhone,iPhone 12 Pro,,,,,,,128.0,,,
,Retailer Trade-in,U Mobile,iPhone,Apple iPhone 12 Pro 5G,256GB,710,Apple iPhone 12 Pro 5G,2020.0,iPhone,iPhone 12 Pro,,,,,,,256.0,,,
,Retailer Trade-in,U Mobile,iPhone,Apple iPhone 12 Pro 5G,512GB,800,Apple iPhone 12 Pro 5G,2020.0,iPhone,iPhone 12 Pro,,,,,,,512.0,,,
,Retailer Trade-in,U Mobile,iPhone,Apple iPhone 12 Pro Max 5G,128GB,830,Apple iPhone 12 Pro Max 5G,2020.0,iPhone,iPhone 12 Pro Max,,,,,,,128.0,,,
,Retailer Trade-in,U Mobile,iPhone,Apple iPhone 12 Pro Max 5G,256GB,910,Apple iPhone 12 Pro Max 5G,2020.0,iPhone,iPhone 12 Pro Max,,,,,,,256.0,,,
,Retailer Trade-in,U Mobile,iPhone,Apple iPhone 12 Pro Max 5G,512GB,1000,Apple iPhone 12 Pro Max 5G,2020.0,iPhone,iPhone 12 Pro Max,,,,,,,512.0,,,
,Retailer Trade-in,U Mobile,iPhone,Apple iPhone 12 mini 5G,128GB,400,Apple iPhone 12 mini 5G,2020.0,iPhone,iPhone 12 mini,,,,,,,128.0,,,
,Retailer Trade-in,U Mobile,iPhone,Apple iPhone 12 mini 5G,256GB,450,Apple iPhone 12 mini 5G,2020.0,iPhone,iPhone 12 mini,,,,,,,256.0,,,
,Retailer Trade-in,U Mobile,iPhone,Apple iPhone 12 mini 5G,64GB,320,Apple iPhone 12 mini 5G,2020.0,iPhone,iPhone 12 mini,,,,,,,64.0,,,
,Retailer Trade-in,U Mobile,iPhone,Apple iPhone 13 5G,128GB,740,Apple iPhone 13 5G,2021.0,iPhone,iPhone 13,,,,,,,128.0,,,
,Retailer Trade-in,U Mobile,iPhone,Apple iPhone 13 5G,256GB,840,Apple iPhone 13 5G,2021.0,iPhone,iPhone 13,,,,,,,256.0,,,
,Retailer Trade-in,U Mobile,iPhone,Apple iPhone 13 5G,512GB,900,Apple iPhone 13 5G,2021.0,iPhone,iPhone 13,,,,,,,512.0,,,
,Retailer Trade-in,U Mobile,iPhone,Apple iPhone 13 Pro 5G,128GB,975,Apple iPhone 13 Pro 5G,2021.0,iPhone,iPhone 13 Pro,,,,,,,128.0,,,
,Retailer Trade-in,U Mobile,iPhone,Apple iPhone 13 Pro 5G,1TB,1305,Apple iPhone 13 Pro 5G,2021.0,iPhone,iPhone 13 Pro,,,,,,,1024.0,,,
,Retailer Trade-in,U Mobile,iPhone,Apple iPhone 13 Pro 5G,256GB,1080,Apple iPhone 13 Pro 5G,2021.0,iPhone,iPhone 13 Pro,,,,,,,256.0,,,
,Retailer Trade-in,U Mobile,iPhone,Apple iPhone 13 Pro 5G,512GB,1140,Apple iPhone 13 Pro 5G,2021.0,iPhone,iPhone 13 Pro,,,,,,,512.0,,,
,Retailer Trade-in,U Mobile,iPhone,Apple iPhone 13 Pro Max,128GB,1140,Apple iPhone 13 Pro Max,2021.0,iPhone,iPhone 13 Pro Max,,,,,,,128.0,,,
,Retailer Trade-in,U Mobile,iPhone,Apple iPhone 13 Pro Max,1TB,1560,Apple iPhone 13 Pro Max,2021.0,iPhone,iPhone 13 Pro Max,,,,,,,1024.0,,,
,Retailer Trade-in,U Mobile,iPhone,Apple iPhone 13 Pro Max,256GB,1310,Apple iPhone 13 Pro Max,2021.0,iPhone,iPhone 13 Pro Max,,,,,,,256.0,,,
,Retailer Trade-in,U Mobile,iPhone,Apple iPhone 13 Pro Max,512GB,1370,Apple iPhone 13 Pro Max,2021.0,iPhone,iPhone 13 Pro Max,,,,,,,512.0,,,
,Retailer Trade-in,U Mobile,iPhone,Apple iPhone 13 mini 5G,128GB,580,Apple iPhone 13 mini 5G,2021.0,iPhone,iPhone 13 mini,,,,,,,128.0,,,
,Retailer Trade-in,U Mobile,iPhone,Apple iPhone 13 mini 5G,256GB,640,Apple iPhone 13 mini 5G,2021.0,iPhone,iPhone 13 mini,,,,,,,256.0,,,
,Retailer Trade-in,U Mobile,iPhone,Apple iPhone 13 mini 5G,512GB,700,Apple iPhone 13 mini 5G,2021.0,iPhone,iPhone 13 mini,,,,,,,512.0,,,
,Retailer Trade-in,U Mobile,iPhone,Apple iPhone 14 5G,128GB,935,Apple iPhone 14 5G,2022.0,iPhone,iPhone 14,,,,,,,128.0,,,
,Retailer Trade-in,U Mobile,iPhone,Apple iPhone 14 5G,256GB,1040,Apple iPhone 14 5G,2022.0,iPhone,iPhone 14,,,,,,,256.0,,,
,Retailer Trade-in,U Mobile,iPhone,Apple iPhone 14 5G,512GB,1160,Apple iPhone 14 5G,2022.0,iPhone,iPhone 14,,,,,,,512.0,,,
,Retailer Trade-in,U Mobile,iPhone,Apple iPhone 14 Plus 5G,128GB,1055,Apple iPhone 14 Plus 5G,2022.0,iPhone,iPhone 14 Plus,,,,,,,128.0,,,
,Retailer Trade-in,U Mobile,iPhone,Apple iPhone 14 Plus 5G,256GB,1160,Apple iPhone 14 Plus 5G,2022.0,iPhone,iPhone 14 Plus,,,,,,,256.0,,,
,Retailer Trade-in,U Mobile,iPhone,Apple iPhone 14 Plus 5G,512GB,1270,Apple iPhone 14 Plus 5G,2022.0,iPhone,iPhone 14 Plus,,,,,,,512.0,,,
,Retailer Trade-in,U Mobile,iPhone,Apple iPhone 14 Pro 5G,128GB,1340,Apple iPhone 14 Pro 5G,2022.0,iPhone,iPhone 14 Pro,,,,,,,128.0,,,
,Retailer Trade-in,U Mobile,iPhone,Apple iPhone 14 Pro 5G,1TB,1725,Apple iPhone 14 Pro 5G,2022.0,iPhone,iPhone 14 Pro,,,,,,,1024.0,,,
,Retailer Trade-in,U Mobile,iPhone,Apple iPhone 14 Pro 5G,256GB,1540,Apple iPhone 14 Pro 5G,2022.0,iPhone,iPhone 14 Pro,,,,,,,256.0,,,
,Retailer Trade-in,U Mobile,iPhone,Apple iPhone 14 Pro 5G,512GB,1620,Apple iPhone 14 Pro 5G,2022.0,iPhone,iPhone 14 Pro,,,,,,,512.0,,,
,Retailer Trade-in,U Mobile,iPhone,Apple iPhone 14 Pro Max 5G,128GB,1590,Apple iPhone 14 Pro Max 5G,2022.0,iPhone,iPhone 14 Pro Max,,,,,,,128.0,,,
,Retailer Trade-in,U Mobile,iPhone,Apple iPhone 14 Pro Max 5G,1TB,2000,Apple iPhone 14 Pro Max 5G,2022.0,iPhone,iPhone 14 Pro Max,,,,,,,1024.0,,,
,Retailer Trade-in,U Mobile,iPhone,Apple iPhone 14 Pro Max 5G,256GB,1700,Apple iPhone 14 Pro Max 5G,2022.0,iPhone,iPhone 14 Pro Max,,,,,,,256.0,,,
,Retailer Trade-in,U Mobile,iPhone,Apple iPhone 14 Pro Max 5G,512GB,1835,Apple iPhone 14 Pro Max 5G,2022.0,iPhone,iPhone 14 Pro Max,,,,,,,512.0,,,
,Retailer Trade-in,U Mobile,iPhone,Apple iPhone 16 5G,128GB,1845,Apple iPhone 16 5G,2024.0,iPhone,iPhone 16,,,,,,,128.0,,,
,Retailer Trade-in,U Mobile,iPhone,Apple iPhone 16 5G,256GB,2100,Apple iPhone 16 5G,2024.0,iPhone,iPhone 16,,,,,,,256.0,,,
,Retailer Trade-in,U Mobile,iPhone,Apple iPhone 16 5G,512GB,2430,Apple iPhone 16 5G,2024.0,iPhone,iPhone 16,,,,,,,512.0,,,
,Retailer Trade-in,U Mobile,iPhone,Apple iPhone 16 Plus 5G,128GB,2120,Apple iPhone 16 Plus 5G,2024.0,iPhone,iPhone 16 Plus,,,,,,,128.0,,,
,Retailer Trade-in,U Mobile,iPhone,Apple iPhone 16 Plus 5G,256GB,2335,Apple iPhone 16 Plus 5G,2024.0,iPhone,iPhone 16 Plus,,,,,,,256.0,,,
,Retailer Trade-in,U Mobile,iPhone,Apple iPhone 16 Plus 5G,512GB,2690,Apple iPhone 16 Plus 5G,2024.0,iPhone,iPhone 16 Plus,,,,,,,512.0,,,
,Retailer Trade-in,U Mobile,iPhone,Apple iPhone 16 Pro 5G,128GB,2485,Apple iPhone 16 Pro 5G,2024.0,iPhone,iPhone 16 Pro,,,,,,,128.0,,,
,Retailer Trade-in,U Mobile,iPhone,Apple iPhone 16 Pro 5G,1TB,3465,Apple iPhone 16 Pro 5G,2024.0,iPhone,iPhone 16 Pro,,,,,,,1024.0,,,
,Retailer Trade-in,U Mobile,iPhone,Apple iPhone 16 Pro 5G,256GB,2700,Apple iPhone 16 Pro 5G,2024.0,iPhone,iPhone 16 Pro,,,,,,,256.0,,,
,Retailer Trade-in,U Mobile,iPhone,Apple iPhone 16 Pro 5G,512GB,3060,Apple iPhone 16 Pro 5G,2024.0,iPhone,iPhone 16 Pro,,,,,,,512.0,,,
,Retailer Trade-in,U Mobile,iPhone,Apple iPhone 16 Pro Max 5G,1TB,3820,Apple iPhone 16 Pro Max 5G,2024.0,iPhone,iPhone 16 Pro Max,,,,,,,1024.0,,,
,Retailer Trade-in,U Mobile,iPhone,Apple iPhone 16 Pro Max 5G,256GB,3135,Apple iPhone 16 Pro Max 5G,2024.0,iPhone,iPhone 16 Pro Max,,,,,,,256.0,,,
,Retailer Trade-in,U Mobile,iPhone,Apple iPhone 16 Pro Max 5G,512GB,3460,Apple iPhone 16 Pro Max 5G,2024.0,iPhone,iPhone 16 Pro Max,,,,,,,512.0,,,
,Retailer Trade-in,U Mobile,iPhone,Apple iPhone 16e 5G,128GB,1250,Apple iPhone 16e 5G,2025.0,iPhone,iPhone 16e,,,,,,,128.0,,,
,Retailer Trade-in,U Mobile,iPhone,Apple iPhone 16e 5G,256GB,1440,Apple iPhone 16e 5G,2025.0,iPhone,iPhone 16e,,,,,,,256.0,,,
,Retailer Trade-in,U Mobile,iPhone,Apple iPhone 16e 5G,512GB,1870,Apple iPhone 16e 5G,2025.0,iPhone,iPhone 16e,,,,,,,512.0,,,
,Retailer Trade-in,U Mobile,iPhone,Apple iPhone 17 5G,256GB,2200,Apple iPhone 17 5G,2025.0,iPhone,iPhone 17,,,,,,,256.0,,,
,Retailer Trade-in,U Mobile,iPhone,Apple iPhone 17 5G,512GB,2750,Apple iPhone 17 5G,2025.0,iPhone,iPhone 17,,,,,,,512.0,,,
,Retailer Trade-in,U Mobile,iPhone,Apple iPhone 17 Pro 5G,1TB,4125,Apple iPhone 17 Pro 5G,2025.0,iPhone,iPhone 17 Pro,,,,,,,1024.0,,,
,Retailer Trade-in,U Mobile,iPhone,Apple iPhone 17 Pro 5G,256GB,3025,Apple iPhone 17 Pro 5G,2025.0,iPhone,iPhone 17 Pro,,,,,,,256.0,,,
,Retailer Trade-in,U Mobile,iPhone,Apple iPhone 17 Pro 5G,512GB,3575,Apple iPhone 17 Pro 5G,2025.0,iPhone,iPhone 17 Pro,,,,,,,512.0,,,
,Retailer Trade-in,U Mobile,iPhone,Apple iPhone 17 Pro Max 5G,1TB,4400,Apple iPhone 17 Pro Max 5G,2025.0,iPhone,iPhone 17 Pro Max,,,,,,,1024.0,,,
,Retailer Trade-in,U Mobile,iPhone,Apple iPhone 17 Pro Max 5G,256GB,3300,Apple iPhone 17 Pro Max 5G,2025.0,iPhone,iPhone 17 Pro Max,,,,,,,256.0,,,
,Retailer Trade-in,U Mobile,iPhone,Apple iPhone 17 Pro Max 5G,2TB,5500,Apple iPhone 17 Pro Max 5G,2025.0,iPhone,iPhone 17 Pro Max,,,,,,,2048.0,,,
,Retailer Trade-in,U Mobile,iPhone,Apple iPhone 17 Pro Max 5G,512GB,3850,Apple iPhone 17 Pro Max 5G,2025.0,iPhone,iPhone 17 Pro Max,,,,,,,512.0,,,
,Retailer Trade-in,U Mobile,iPhone,Apple iPhone 17e 5G,256GB,1095,Apple iPhone 17e 5G,2026.0,iPhone,iPhone 17e,,,,,,,256.0,,,
,Retailer Trade-in,U Mobile,iPhone,Apple iPhone 17e 5G,512GB,1440,Apple iPhone 17e 5G,2026.0,iPhone,iPhone 17e,,,,,,,512.0,,,
,Retailer Trade-in,U Mobile,iPhone,Apple iPhone 8,128GB,145,Apple iPhone 8,2017.0,iPhone,iPhone 8,,,,,,,128.0,,,
,Retailer Trade-in,U Mobile,iPhone,Apple iPhone 8,256GB,185,Apple iPhone 8,2017.0,iPhone,iPhone 8,,,,,,,256.0,,,
,Retailer Trade-in,U Mobile,iPhone,Apple iPhone 8,64GB,140,Apple iPhone 8,2017.0,iPhone,iPhone 8,,,,,,,64.0,,,
,Retailer Trade-in,U Mobile,iPhone,Apple iPhone 8 Plus,128GB,225,Apple iPhone 8 Plus,2017.0,iPhone,iPhone 8 Plus,,,,,,,128.0,,,
,Retailer Trade-in,U Mobile,iPhone,Apple iPhone 8 Plus,256GB,260,Apple iPhone 8 Plus,2017.0,iPhone,iPhone 8 Plus,,,,,,,256.0,,,
,Retailer Trade-in,U Mobile,iPhone,Apple iPhone 8 Plus,64GB,190,Apple iPhone 8 Plus,2017.0,iPhone,iPhone 8 Plus,,,,,,,64.0,,,
,Retailer Trade-in,U Mobile,iPhone,Apple iPhone SE 2020,128GB,210,Apple iPhone SE 2020,2020.0,iPhone,iPhone SE,,2020,,,,,128.0,,,
,Retailer Trade-in,U Mobile,iPhone,Apple iPhone SE 2020,256GB,245,Apple iPhone SE 2020,2020.0,iPhone,iPhone SE,,2020,,,,,256.0,,,
,Retailer Trade-in,U Mobile,iPhone,Apple iPhone SE 2020,64GB,160,Apple iPhone SE 2020,2020.0,iPhone,iPhone SE,,2020,,,,,64.0,,,
,Retailer Trade-in,U Mobile,iPhone,Apple iPhone SE 2022 5G,128GB,350,Apple iPhone SE 2022 5G,2022.0,iPhone,iPhone SE,,2022,,,,,128.0,,,
,Retailer Trade-in,U Mobile,iPhone,Apple iPhone SE 2022 5G,256GB,380,Apple iPhone SE 2022 5G,2022.0,iPhone,iPhone SE,,2022,,,,,256.0,,,
,Retailer Trade-in,U Mobile,iPhone,Apple iPhone SE 2022 5G,64GB,300,Apple iPhone SE 2022 5G,2022.0,iPhone,iPhone SE,,2022,,,,,64.0,,,
,Retailer Trade-in,U Mobile,iPhone,Apple iPhone X,256GB,130,Apple iPhone X,2017.0,iPhone,iPhone X,,,,,,,256.0,,,
,Retailer Trade-in,U Mobile,iPhone,Apple iPhone X,64GB,185,Apple iPhone X,2017.0,iPhone,iPhone X,,,,,,,64.0,,,
,Retailer Trade-in,U Mobile,iPhone,Apple iPhone XR,128GB,220,Apple iPhone XR,2018.0,iPhone,iPhone Xr,,,,,,,128.0,,,
,Retailer Trade-in,U Mobile,iPhone,Apple iPhone XR,256GB,270,Apple iPhone XR,2018.0,iPhone,iPhone Xr,,,,,,,256.0,,,
,Retailer Trade-in,U Mobile,iPhone,Apple iPhone XR,64GB,155,Apple iPhone XR,2018.0,iPhone,iPhone Xr,,,,,,,64.0,,,
,Retailer Trade-in,U Mobile,iPhone,Apple iPhone XS,256GB,255,Apple iPhone XS,2018.0,iPhone,iPhone Xs,,,,,,,256.0,,,
,Retailer Trade-in,U Mobile,iPhone,Apple iPhone XS,512GB,305,Apple iPhone XS,2018.0,iPhone,iPhone Xs,,,,,,,512.0,,,
,Retailer Trade-in,U Mobile,iPhone,Apple iPhone XS,64GB,205,Apple iPhone XS,2018.0,iPhone,iPhone Xs,,,,,,,64.0,,,
,Retailer Trade-in,U Mobile,iPhone,Apple iPhone XS Max,256GB,365,Apple iPhone XS Max,2018.0,iPhone,iPhone Xs Max,,,,,,,256.0,,,
,Retailer Trade-in,U Mobile,iPhone,Apple iPhone XS Max,512GB,390,Apple iPhone XS Max,2018.0,iPhone,iPhone Xs Max,,,,,,,512.0,,,
,Retailer Trade-in,U Mobile,iPhone,Apple iPhone XS Max,64GB,285,Apple iPhone XS Max,2018.0,iPhone,iPhone Xs Max,,,,,,,64.0,,,
,Official Trade-in,Apple,iPhone,iPhone 16 Pro Max,,3675,iPhone 16 Pro Max,2024.0,iPhone,iPhone 16 Pro Max Nan,,,,,,,,,,
,Official Trade-in,Apple,iPhone,iPhone 16 Pro,,3400,iPhone 16 Pro,2024.0,iPhone,iPhone 16 Pro Nan,,,,,,,,,,
,Official Trade-in,Apple,iPhone,iPhone 16 Plus,,2800,iPhone 16 Plus,2024.0,iPhone,iPhone 16 Plus Nan,,,,,,,,,,
,Official Trade-in,Apple,iPhone,iPhone 16,,2475,iPhone 16,2024.0,iPhone,iPhone 16 Nan,,,,,,,,,,
,Official Trade-in,Apple,iPhone,iPhone 16e,,1675,iPhone 16e,2025.0,iPhone,iPhone 16e Nan,,,,,,,,,,
,Official Trade-in,Apple,iPhone,iPhone 15 Pro Max,,2650,iPhone 15 Pro Max,2023.0,iPhone,iPhone 15 Pro Max Nan,,,,,,,,,,
,Official Trade-in,Apple,iPhone,iPhone 15 Pro,,2350,iPhone 15 Pro,2023.0,iPhone,iPhone 15 Pro Nan,,,,,,,,,,
,Official Trade-in,Apple,iPhone,iPhone 15 Plus,,1975,iPhone 15 Plus,2023.0,iPhone,iPhone 15 Plus Nan,,,,,,,,,,
,Official Trade-in,Apple,iPhone,iPhone 15,,1775,iPhone 15,2023.0,iPhone,iPhone 15 Nan,,,,,,,,,,
,Official Trade-in,Apple,iPhone,iPhone 14 Pro Max,,1975,iPhone 14 Pro Max,2022.0,iPhone,iPhone 14 Pro Max Nan,,,,,,,,,,
,Official Trade-in,Apple,iPhone,iPhone 14 Pro,,1675,iPhone 14 Pro,2022.0,iPhone,iPhone 14 Pro Nan,,,,,,,,,,
,Official Trade-in,Apple,iPhone,iPhone 14 Plus,,1300,iPhone 14 Plus,2022.0,iPhone,iPhone 14 Plus Nan,,,,,,,,,,
,Official Trade-in,Apple,iPhone,iPhone 14,,1150,iPhone 14,2022.0,iPhone,iPhone 14 Nan,,,,,,,,,,
,Official Trade-in,Apple,iPhone,iPhone SE (3rd generation),,350,iPhone SE (3rd generation),2022.0,iPhone,iPhone SE,,,,,,,,,,
,Official Trade-in,Apple,iPhone,iPhone 13 Pro Max,,1500,iPhone 13 Pro Max,2021.0,iPhone,iPhone 13 Pro Max Nan,,,,,,,,,,
,Official Trade-in,Apple,iPhone,iPhone 13 Pro,,1250,iPhone 13 Pro,2021.0,iPhone,iPhone 13 Pro Nan,,,,,,,,,,
,Official Trade-in,Apple,iPhone,iPhone 13,,950,iPhone 13,2021.0,iPhone,iPhone 13 Nan,,,,,,,,,,
,Official Trade-in,Apple,iPhone,iPhone 13 mini,,675,iPhone 13 mini,2021.0,iPhone,iPhone 13 mini Nan,,,,,,,,,,
,Official Trade-in,Apple,iPhone,iPhone 12 Pro Max,,975,iPhone 12 Pro Max,2020.0,iPhone,iPhone 12 Pro Max Nan,,,,,,,,,,
,Official Trade-in,Apple,iPhone,iPhone 12 Pro,,750,iPhone 12 Pro,2020.0,iPhone,iPhone 12 Pro Nan,,,,,,,,,,
,Official Trade-in,Apple,iPhone,iPhone 12,,575,iPhone 12,2020.0,iPhone,iPhone 12 Nan,,,,,,,,,,
,Official Trade-in,Apple,iPhone,iPhone 12 mini,,400,iPhone 12 mini,2020.0,iPhone,iPhone 12 mini Nan,,,,,,,,,,
,Official Trade-in,Apple,iPhone,iPhone 11 Pro Max,,675,iPhone 11 Pro Max,2019.0,iPhone,iPhone 11 Pro Max Nan,,,,,,,,,,
,Official Trade-in,Apple,iPhone,iPhone 11 Pro,,575,iPhone 11 Pro,2019.0,iPhone,iPhone 11 Pro Nan,,,,,,,,,,
,Official Trade-in,Apple,iPhone,iPhone 11,,550,iPhone 11,2019.0,iPhone,iPhone 11 Nan,,,,,,,,,,
,Official Trade-in,Apple,iPhone,iPhone Xs Max,,400,iPhone Xs Max,2018.0,iPhone,iPhone Xs Max Nan,,,,,,,,,,
,Official Trade-in,Apple,iPhone,iPhone Xs,,325,iPhone Xs,2018.0,iPhone,iPhone Xs Nan,,,,,,,,,,
,Official Trade-in,Apple,iPhone,iPhone Xr,,275,iPhone Xr,2018.0,iPhone,iPhone Xr Nan,,,,,,,,,,
,Official Trade-in,Apple,iPhone,iPhone X,,200,iPhone X,2017.0,iPhone,iPhone X Nan,,,,,,,,,,
