Collection Date,Pricing Category,Provider,Device,Model,Specification,Max. Trade-In Value (RM),Standardized Model,Model_Year,Device Type,Model.1,Generation,Year,Screen Size (inch),Clock Speed,Chipset,RAM (GB),Storage (GB),Storage Type,Connectivity,Model Number
,Trade-in Platform,CompAsia,Mac,iMac i5 3.0GHz 27 inch (Early 2019),1TB Fusion Drive,425,iMac i5 3.0GHz 27 inch (Early 2019),2019.0,Mac,iMac,,Early 2019,27.0,3.0GHz,i5,,1024.0,Fusion Drive,,
,Trade-in Platform,CompAsia,Mac,iMac i5 3.0GHz 27 inch (Early 2019),1TB SSD,450,iMac i5 3.0GHz 27 inch (Early 2019),2019.0,Mac,iMac,,Early 2019,27.0,3.0GHz,i5,,1024.0,SSD,,
,Trade-in Platform,CompAsia,Mac,iMac i5 3.0GHz 27 inch (Early 2019),256GB SSD,350,iMac i5 3.0GHz 27 inch (Early 2019),2019.0,Mac,iMac,,Early 2019,27.0,3.0GHz,i5,,256.0,SSD,,
,Trade-in Platform,CompAsia,Mac,iMac i5 3.0GHz 27 inch (Early 2019),2TB Fusion Drive,475,iMac i5 3.0GHz 27 inch (Early 2019),2019.0,Mac,iMac,,Early 2019,27.0,3.0GHz,i5,,2048.0,Fusion Drive,,
,Trade-in Platform,CompAsia,Mac,iMac i5 3.0GHz 27 inch (Early 2019),512GB SSD,425,iMac i5 3.0GHz 27 inch (Early 2019),2019.0,Mac,iMac,,Early 2019,27.0,3.0GHz,i5,,512.0,SSD,,
,Trade-in Platform,CompAsia,Mac,iMac i5 3.1GHz 27 inch (Early 2019),1TB Fusion Drive,500,iMac i5 3.1GHz 27 inch (Early 2019),2019.0,Mac,iMac,,Early 2019,27.0,3.1GHz,i5,,1024.0,Fusion Drive,,
,Trade-in Platform,CompAsia,Mac,iMac i5 3.1GHz 27 inch (Early 2019),1TB SSD,550,iMac i5 3.1GHz 27 inch (Early 2019),2019.0,Mac,iMac,,Early 2019,27.0,3.1GHz,i5,,1024.0,SSD,,
,Trade-in Platform,CompAsia,Mac,iMac i5 3.1GHz 27 inch (Early 2019),256GB SSD,450,iMac i5 3.1GHz 27 inch (Early 2019),2019.0,Mac,iMac,,Early 2019,27.0,3.1GHz,i5,,256.0,SSD,,
,Trade-in Platform,CompAsia,Mac,iMac i5 3.1GHz 27 inch (Early 2019),2TB Fusion Drive,625,iMac i5 3.1GHz 27 inch (Early 2019),2019.0,Mac,iMac,,Early 2019,27.0,3.1GHz,i5,,2048.0,Fusion Drive,,
,Trade-in Platform,CompAsia,Mac,iMac i5 3.1GHz 27 inch (Early 2019),3TB Fusion Drive,700,iMac i5 3.1GHz 27 inch (Early 2019),2019.0,Mac,iMac,,Early 2019,27.0,3.1GHz,i5,,3072.0,Fusion Drive,,
,Trade-in Platform,CompAsia,Mac,iMac i5 3.1GHz 27 inch (Early 2019),512GB SSD,500,iMac i5 3.1GHz 27 inch (Early 2019),2019.0,Mac,iMac,,Early 2019,27.0,3.1GHz,i5,,512.0,SSD,,
,Trade-in Platform,CompAsia,Mac,iMac i5 3.1GHz 27 inch (Mid 2020),256GB SSD,650,iMac i5 3.1GHz 27 inch (Mid 2020),2020.0,Mac,iMac,,Mid 2020,27.0,3.1GHz,i5,,256.0,SSD,,
,Trade-in Platform,CompAsia,Mac,iMac i5 3.3GHz 27 inch (Mid 2020),1TB SSD,825,iMac i5 3.3GHz 27 inch (Mid 2020),2020.0,Mac,iMac,,Mid 2020,27.0,3.3GHz,i5,,1024.0,SSD,,
,Trade-in Platform,CompAsia,Mac,iMac i5 3.3GHz 27 inch (Mid 2020),2TB SSD,950,iMac i5 3.3GHz 27 inch (Mid 2020),2020.0,Mac,iMac,,Mid 2020,27.0,3.3GHz,i5,,2048.0,SSD,,
,Trade-in Platform,CompAsia,Mac,iMac i5 3.3GHz 27 inch (Mid 2020),512GB SSD,775,iMac i5 3.3GHz 27 inch (Mid 2020),2020.0,Mac,iMac,,Mid 2020,27.0,3.3GHz,i5,,512.0,SSD,,
,Trade-in Platform,CompAsia,Mac,iMac i5 3.4GHz 27 inch (Mid 2017),1TB Fusion Drive,375,iMac i5 3.4GHz 27 inch (Mid 2017),2017.0,Mac,iMac,,Mid 2017,27.0,3.4GHz,i5,,1024.0,Fusion Drive,,
,Trade-in Platform,CompAsia,Mac,iMac i5 3.4GHz 27 inch (Mid 2017),1TB SSD,375,iMac i5 3.4GHz 27 inch (Mid 2017),2017.0,Mac,iMac,,Mid 2017,27.0,3.4GHz,i5,,1024.0,SSD,,
,Trade-in Platform,CompAsia,Mac,iMac i5 3.4GHz 27 inch (Mid 2017),256GB SSD,275,iMac i5 3.4GHz 27 inch (Mid 2017),2017.0,Mac,iMac,,Mid 2017,27.0,3.4GHz,i5,,256.0,SSD,,
,Trade-in Platform,CompAsia,Mac,iMac i5 3.4GHz 27 inch (Mid 2017),2TB Fusion Drive,425,iMac i5 3.4GHz 27 inch (Mid 2017),2017.0,Mac,iMac,,Mid 2017,27.0,3.4GHz,i5,,2048.0,Fusion Drive,,
,Trade-in Platform,CompAsia,Mac,iMac i5 3.4GHz 27 inch (Mid 2017),512GB SSD,300,iMac i5 3.4GHz 27 inch (Mid 2017),2017.0,Mac,iMac,,Mid 2017,27.0,3.4GHz,i5,,512.0,SSD,,
,Trade-in Platform,CompAsia,Mac,iMac i5 3.5GHz 27 inch (Mid 2017),1TB Fusion Drive,375,iMac i5 3.5GHz 27 inch (Mid 2017),2017.0,Mac,iMac,,Mid 2017,27.0,3.5GHz,i5,,1024.0,Fusion Drive,,
,Trade-in Platform,CompAsia,Mac,iMac i5 3.5GHz 27 inch (Mid 2017),1TB SSD,375,iMac i5 3.5GHz 27 inch (Mid 2017),2017.0,Mac,iMac,,Mid 2017,27.0,3.5GHz,i5,,1024.0,SSD,,
,Trade-in Platform,CompAsia,Mac,iMac i5 3.5GHz 27 inch (Mid 2017),256GB SSD,275,iMac i5 3.5GHz 27 inch (Mid 2017),2017.0,Mac,iMac,,Mid 2017,27.0,3.5GHz,i5,,256.0,SSD,,
,Trade-in Platform,CompAsia,Mac,iMac i5 3.5GHz 27 inch (Mid 2017),2TB Fusion Drive,425,iMac i5 3.5GHz 27 inch (Mid 2017),2017.0,Mac,iMac,,Mid 2017,27.0,3.5GHz,i5,,2048.0,Fusion Drive,,
,Trade-in Platform,CompAsia,Mac,iMac i5 3.5GHz 27 inch (Mid 2017),3TB Fusion Drive,450,iMac i5 3.5GHz 27 inch (Mid 2017),2017.0,Mac,iMac,,Mid 2017,27.0,3.5GHz,i5,,3072.0,Fusion Drive,,
,Trade-in Platform,CompAsia,Mac,iMac i5 3.5GHz 27 inch (Mid 2017),512GB SSD,300,iMac i5 3.5GHz 27 inch (Mid 2017),2017.0,Mac,iMac,,Mid 2017,27.0,3.5GHz,i5,,512.0,SSD,,
,Trade-in Platform,CompAsia,Mac,iMac i5 3.7GHz 27 inch (Early 2019),1TB SSD,625,iMac i5 3.7GHz 27 inch (Early 2019),2019.0,Mac,iMac,,Early 2019,27.0,3.7GHz,i5,,1024.0,SSD,,
,Trade-in Platform,CompAsia,Mac,iMac i5 3.7GHz 27 inch (Early 2019),2TB Fusion Drive,625,iMac i5 3.7GHz 27 inch (Early 2019),2019.0,Mac,iMac,,Early 2019,27.0,3.7GHz,i5,,2048.0,Fusion Drive,,
,Trade-in Platform,CompAsia,Mac,iMac i5 3.7GHz 27 inch (Early 2019),2TB SSD,675,iMac i5 3.7GHz 27 inch (Early 2019),2019.0,Mac,iMac,,Early 2019,27.0,3.7GHz,i5,,2048.0,SSD,,
,Trade-in Platform,CompAsia,Mac,iMac i5 3.7GHz 27 inch (Early 2019),3TB Fusion Drive,750,iMac i5 3.7GHz 27 inch (Early 2019),2019.0,Mac,iMac,,Early 2019,27.0,3.7GHz,i5,,3072.0,Fusion Drive,,
,Trade-in Platform,CompAsia,Mac,iMac i5 3.7GHz 27 inch (Early 2019),512GB SSD,625,iMac i5 3.7GHz 27 inch (Early 2019),2019.0,Mac,iMac,,Early 2019,27.0,3.7GHz,i5,,512.0,SSD,,
,Trade-in Platform,CompAsia,Mac,iMac i5 3.8GHz 27 inch (Mid 2017),1TB SSD,375,iMac i5 3.8GHz 27 inch (Mid 2017),2017.0,Mac,iMac,,Mid 2017,27.0,3.8GHz,i5,,1024.0,SSD,,
,Trade-in Platform,CompAsia,Mac,iMac i5 3.8GHz 27 inch (Mid 2017),2TB Fusion Drive,425,iMac i5 3.8GHz 27 inch (Mid 2017),2017.0,Mac,iMac,,Mid 2017,27.0,3.8GHz,i5,,2048.0,Fusion Drive,,
,Trade-in Platform,CompAsia,Mac,iMac i5 3.8GHz 27 inch (Mid 2017),2TB SSD,425,iMac i5 3.8GHz 27 inch (Mid 2017),2017.0,Mac,iMac,,Mid 2017,27.0,3.8GHz,i5,,2048.0,SSD,,
,Trade-in Platform,CompAsia,Mac,iMac i5 3.8GHz 27 inch (Mid 2017),3TB Fusion Drive,450,iMac i5 3.8GHz 27 inch (Mid 2017),2017.0,Mac,iMac,,Mid 2017,27.0,3.8GHz,i5,,3072.0,Fusion Drive,,
,Trade-in Platform,CompAsia,Mac,iMac i5 3.8GHz 27 inch (Mid 2017),512GB SSD,300,iMac i5 3.8GHz 27 inch (Mid 2017),2017.0,Mac,iMac,,Mid 2017,27.0,3.8GHz,i5,,512.0,SSD,,
,Trade-in Platform,CompAsia,Mac,iMac i7 3.8GHz 27 inch (Mid 2020),1TB SSD,975,iMac i7 3.8GHz 27 inch (Mid 2020),2020.0,Mac,iMac,,Mid 2020,27.0,3.8GHz,i7,,1024.0,SSD,,
,Trade-in Platform,CompAsia,Mac,iMac i7 3.8GHz 27 inch (Mid 2020),2TB SSD,1025,iMac i7 3.8GHz 27 inch (Mid 2020),2020.0,Mac,iMac,,Mid 2020,27.0,3.8GHz,i7,,2048.0,SSD,,
,Trade-in Platform,CompAsia,Mac,iMac i7 3.8GHz 27 inch (Mid 2020),4TB SSD,1250,iMac i7 3.8GHz 27 inch (Mid 2020),2020.0,Mac,iMac,,Mid 2020,27.0,3.8GHz,i7,,4096.0,SSD,,
,Trade-in Platform,CompAsia,Mac,iMac i7 3.8GHz 27 inch (Mid 2020),512GB SSD,875,iMac i7 3.8GHz 27 inch (Mid 2020),2020.0,Mac,iMac,,Mid 2020,27.0,3.8GHz,i7,,512.0,SSD,,
,Trade-in Platform,CompAsia,Mac,iMac i7 3.8GHz 27 inch (Mid 2020),8TB SSD,1650,iMac i7 3.8GHz 27 inch (Mid 2020),2020.0,Mac,iMac,,Mid 2020,27.0,3.8GHz,i7,,8192.0,SSD,,
,Trade-in Platform,CompAsia,Mac,iMac i7 4.2GHz 27 inch (Mid 2017),1TB Fusion Drive,400,iMac i7 4.2GHz 27 inch (Mid 2017),2017.0,Mac,iMac,,Mid 2017,27.0,4.2GHz,i7,,1024.0,Fusion Drive,,
,Trade-in Platform,CompAsia,Mac,iMac i7 4.2GHz 27 inch (Mid 2017),1TB SSD,400,iMac i7 4.2GHz 27 inch (Mid 2017),2017.0,Mac,iMac,,Mid 2017,27.0,4.2GHz,i7,,1024.0,SSD,,
,Trade-in Platform,CompAsia,Mac,iMac i7 4.2GHz 27 inch (Mid 2017),256GB SSD,275,iMac i7 4.2GHz 27 inch (Mid 2017),2017.0,Mac,iMac,,Mid 2017,27.0,4.2GHz,i7,,256.0,SSD,,
,Trade-in Platform,CompAsia,Mac,iMac i7 4.2GHz 27 inch (Mid 2017),2TB Fusion Drive,425,iMac i7 4.2GHz 27 inch (Mid 2017),2017.0,Mac,iMac,,Mid 2017,27.0,4.2GHz,i7,,2048.0,Fusion Drive,,
,Trade-in Platform,CompAsia,Mac,iMac i7 4.2GHz 27 inch (Mid 2017),2TB SSD,425,iMac i7 4.2GHz 27 inch (Mid 2017),2017.0,Mac,iMac,,Mid 2017,27.0,4.2GHz,i7,,2048.0,SSD,,
,Trade-in Platform,CompAsia,Mac,iMac i7 4.2GHz 27 inch (Mid 2017),3TB Fusion Drive,450,iMac i7 4.2GHz 27 inch (Mid 2017),2017.0,Mac,iMac,,Mid 2017,27.0,4.2GHz,i7,,3072.0,Fusion Drive,,
,Trade-in Platform,CompAsia,Mac,iMac i7 4.2GHz 27 inch (Mid 2017),512GB SSD,300,iMac i7 4.2GHz 27 inch (Mid 2017),2017.0,Mac,iMac,,Mid 2017,27.0,4.2GHz,i7,,512.0,SSD,,
,Trade-in Platform,CompAsia,Mac,iMac i9 3.6GHz 27 inch (Early 2019),1TB Fusion Drive,1100,iMac i9 3.6GHz 27 inch (Early 2019),2019.0,Mac,iMac,,Early 2019,27.0,3.6GHz,i9,,1024.0,Fusion Drive,,
,Trade-in Platform,CompAsia,Mac,iMac i9 3.6GHz 27 inch (Early 2019),1TB SSD,1175,iMac i9 3.6GHz 27 inch (Early 2019),2019.0,Mac,iMac,,Early 2019,27.0,3.6GHz,i9,,1024.0,SSD,,
,Trade-in Platform,CompAsia,Mac,iMac i9 3.6GHz 27 inch (Early 2019),256GB SSD,850,iMac i9 3.6GHz 27 inch (Early 2019),2019.0,Mac,iMac,,Early 2019,27.0,3.6GHz,i9,,256.0,SSD,,
,Trade-in Platform,CompAsia,Mac,iMac i9 3.6GHz 27 inch (Early 2019),2TB Fusion Drive,1275,iMac i9 3.6GHz 27 inch (Early 2019),2019.0,Mac,iMac,,Early 2019,27.0,3.6GHz,i9,,2048.0,Fusion Drive,,
,Trade-in Platform,CompAsia,Mac,iMac i9 3.6GHz 27 inch (Early 2019),2TB SSD,1350,iMac i9 3.6GHz 27 inch (Early 2019),2019.0,Mac,iMac,,Early 2019,27.0,3.6GHz,i9,,2048.0,SSD,,
,Trade-in Platform,CompAsia,Mac,iMac i9 3.6GHz 27 inch (Early 2019),3TB Fusion Drive,1425,iMac i9 3.6GHz 27 inch (Early 2019),2019.0,Mac,iMac,,Early 2019,27.0,3.6GHz,i9,,3072.0,Fusion Drive,,
,Trade-in Platform,CompAsia,Mac,iMac i9 3.6GHz 27 inch (Early 2019),512GB SSD,975,iMac i9 3.6GHz 27 inch (Early 2019),2019.0,Mac,iMac,,Early 2019,27.0,3.6GHz,i9,,512.0,SSD,,
,Trade-in Platform,CompAsia,Mac,iMac i9 3.6GHz 27 inch (Mid 2020),1TB SSD,1275,iMac i9 3.6GHz 27 inch (Mid 2020),2020.0,Mac,iMac,,Mid 2020,27.0,3.6GHz,i9,,1024.0,SSD,,
,Trade-in Platform,CompAsia,Mac,iMac i9 3.6GHz 27 inch (Mid 2020),2TB SSD,1475,iMac i9 3.6GHz 27 inch (Mid 2020),2020.0,Mac,iMac,,Mid 2020,27.0,3.6GHz,i9,,2048.0,SSD,,
,Trade-in Platform,CompAsia,Mac,iMac i9 3.6GHz 27 inch (Mid 2020),4TB SSD,1650,iMac i9 3.6GHz 27 inch (Mid 2020),2020.0,Mac,iMac,,Mid 2020,27.0,3.6GHz,i9,,4096.0,SSD,,
,Trade-in Platform,CompAsia,Mac,iMac i9 3.6GHz 27 inch (Mid 2020),512GB SSD,1175,iMac i9 3.6GHz 27 inch (Mid 2020),2020.0,Mac,iMac,,Mid 2020,27.0,3.6GHz,i9,,512.0,SSD,,
,Trade-in Platform,CompAsia,Mac,iMac i9 3.6GHz 27 inch (Mid 2020),8TB SSD,1775,iMac i9 3.6GHz 27 inch (Mid 2020),2020.0,Mac,iMac,,Mid 2020,27.0,3.6GHz,i9,,8192.0,SSD,,
,Trade-in Platform,CompAsia,Mac,iMac M1 8-Core CPU and 7-Core GPU 24 inch (Early 2021),1TB SSD,675,iMac M1 8-Core CPU and 7-Core GPU 24 inch (Early 2021),2021.0,Mac,iMac,,Early 2021,24.0,,M1 ,,1024.0,SSD,,
,Trade-in Platform,CompAsia,Mac,iMac M1 8-Core CPU and 7-Core GPU 24 inch (Early 2021),256GB SSD,575,iMac M1 8-Core CPU and 7-Core GPU 24 inch (Early 2021),2021.0,Mac,iMac,,Early 2021,24.0,,M1 ,,256.0,SSD,,
,Trade-in Platform,CompAsia,Mac,iMac M1 8-Core CPU and 7-Core GPU 24 inch (Early 2021),512GB SSD,575,iMac M1 8-Core CPU and 7-Core GPU 24 inch (Early 2021),2021.0,Mac,iMac,,Early 2021,24.0,,M1 ,,512.0,SSD,,
,Trade-in Platform,CompAsia,Mac,iMac M1 8-Core CPU and 8-Core GPU 24 inch (Early 2021),1TB SSD,725,iMac M1 8-Core CPU and 8-Core GPU 24 inch (Early 2021),2021.0,Mac,iMac,,Early 2021,24.0,,M1 ,,1024.0,SSD,,
,Trade-in Platform,CompAsia,Mac,iMac M1 8-Core CPU and 8-Core GPU 24 inch (Early 2021),256GB SSD,650,iMac M1 8-Core CPU and 8-Core GPU 24 inch (Early 2021),2021.0,Mac,iMac,,Early 2021,24.0,,M1 ,,256.0,SSD,,
,Trade-in Platform,CompAsia,Mac,iMac M1 8-Core CPU and 8-Core GPU 24 inch (Early 2021),2TB SSD,725,iMac M1 8-Core CPU and 8-Core GPU 24 inch (Early 2021),2021.0,Mac,iMac,,Early 2021,24.0,,M1 ,,2048.0,SSD,,
,Trade-in Platform,CompAsia,Mac,iMac M1 8-Core CPU and 8-Core GPU 24 inch (Early 2021),512GB SSD,725,iMac M1 8-Core CPU and 8-Core GPU 24 inch (Early 2021),2021.0,Mac,iMac,,Early 2021,24.0,,M1 ,,512.0,SSD,,
,Trade-in Platform,CompAsia,Mac,iMac M3 8-Core CPU and 10-Core GPU 24 inch (Late 2023),1TB SSD,3250,iMac M3 8-Core CPU and 10-Core GPU 24 inch (Late 2023),2023.0,Mac,iMac,,Late 2023,24.0,,M3 ,,1024.0,SSD,,
,Trade-in Platform,CompAsia,Mac,iMac M3 8-Core CPU and 10-Core GPU 24 inch (Late 2023),256GB SSD,2650,iMac M3 8-Core CPU and 10-Core GPU 24 inch (Late 2023),2023.0,Mac,iMac,,Late 2023,24.0,,M3 ,,256.0,SSD,,
,Trade-in Platform,CompAsia,Mac,iMac M3 8-Core CPU and 10-Core GPU 24 inch (Late 2023),2TB SSD,3725,iMac M3 8-Core CPU and 10-Core GPU 24 inch (Late 2023),2023.0,Mac,iMac,,Late 2023,24.0,,M3 ,,2048.0,SSD,,
,Trade-in Platform,CompAsia,Mac,iMac M3 8-Core CPU and 10-Core GPU 24 inch (Late 2023),512GB SSD,2950,iMac M3 8-Core CPU and 10-Core GPU 24 inch (Late 2023),2023.0,Mac,iMac,,Late 2023,24.0,,M3 ,,512.0,SSD,,
,Trade-in Platform,CompAsia,Mac,iMac M3 8-Core CPU and 8-Core GPU 24 inch (Late 2023),1TB SSD,2800,iMac M3 8-Core CPU and 8-Core GPU 24 inch (Late 2023),2023.0,Mac,iMac,,Late 2023,24.0,,M3 ,,1024.0,SSD,,
,Trade-in Platform,CompAsia,Mac,iMac M3 8-Core CPU and 8-Core GPU 24 inch (Late 2023),256GB SSD,2175,iMac M3 8-Core CPU and 8-Core GPU 24 inch (Late 2023),2023.0,Mac,iMac,,Late 2023,24.0,,M3 ,,256.0,SSD,,
,Trade-in Platform,CompAsia,Mac,iMac M3 8-Core CPU and 8-Core GPU 24 inch (Late 2023),512GB SSD,2500,iMac M3 8-Core CPU and 8-Core GPU 24 inch (Late 2023),2023.0,Mac,iMac,,Late 2023,24.0,,M3 ,,512.0,SSD,,
,Trade-in Platform,CompAsia,Mac,iMac M4 10-Core CPU and 10 Core GPU 24 inch (Late 2024),1TB SSD,3575,iMac M4 10-Core CPU and 10 Core GPU 24 inch (Late 2024),2024.0,Mac,iMac,,Late 2024,24.0,,M4 ,,1024.0,SSD,,
,Trade-in Platform,CompAsia,Mac,iMac M4 10-Core CPU and 10 Core GPU 24 inch (Late 2024),256GB SSD,2725,iMac M4 10-Core CPU and 10 Core GPU 24 inch (Late 2024),2024.0,Mac,iMac,,Late 2024,24.0,,M4 ,,256.0,SSD,,
,Trade-in Platform,CompAsia,Mac,iMac M4 10-Core CPU and 10 Core GPU 24 inch (Late 2024),2TB SSD,3925,iMac M4 10-Core CPU and 10 Core GPU 24 inch (Late 2024),2024.0,Mac,iMac,,Late 2024,24.0,,M4 ,,2048.0,SSD,,
,Trade-in Platform,CompAsia,Mac,iMac M4 10-Core CPU and 10 Core GPU 24 inch (Late 2024),512GB SSD,3200,iMac M4 10-Core CPU and 10 Core GPU 24 inch (Late 2024),2024.0,Mac,iMac,,Late 2024,24.0,,M4 ,,512.0,SSD,,
,Trade-in Platform,CompAsia,Mac,iMac M4 8-Core CPU and 8 Core GPU 24 inch (Late 2024),1TB SSD,3200,iMac M4 8-Core CPU and 8 Core GPU 24 inch (Late 2024),2024.0,Mac,iMac,,Late 2024,24.0,,M4 ,,1024.0,SSD,,
,Trade-in Platform,CompAsia,Mac,iMac M4 8-Core CPU and 8 Core GPU 24 inch (Late 2024),256GB SSD,2450,iMac M4 8-Core CPU and 8 Core GPU 24 inch (Late 2024),2024.0,Mac,iMac,,Late 2024,24.0,,M4 ,,256.0,SSD,,
,Trade-in Platform,CompAsia,Mac,iMac M4 8-Core CPU and 8 Core GPU 24 inch (Late 2024),512GB SSD,2825,iMac M4 8-Core CPU and 8 Core GPU 24 inch (Late 2024),2024.0,Mac,iMac,,Late 2024,24.0,,M4 ,,512.0,SSD,,
,Trade-in Platform,CompAsia,Mac,iMac Pro Xeon W 2.3GHz 27 inch (Late 2017),1TB SSD,750,iMac Pro Xeon W 2.3GHz 27 inch (Late 2017),2017.0,Mac,iMac Pro,,Late 2017,27.0,2.3GHz,,,1024.0,SSD,,
,Trade-in Platform,CompAsia,Mac,iMac Pro Xeon W 2.3GHz 27 inch (Late 2017),2TB SSD,850,iMac Pro Xeon W 2.3GHz 27 inch (Late 2017),2017.0,Mac,iMac Pro,,Late 2017,27.0,2.3GHz,,,2048.0,SSD,,
,Trade-in Platform,CompAsia,Mac,iMac Pro Xeon W 2.3GHz 27 inch (Late 2017),4TB SSD,950,iMac Pro Xeon W 2.3GHz 27 inch (Late 2017),2017.0,Mac,iMac Pro,,Late 2017,27.0,2.3GHz,,,4096.0,SSD,,
,Trade-in Platform,CompAsia,Mac,iMac Pro Xeon W 2.5GHz 27 inch (Late 2017),1TB SSD,900,iMac Pro Xeon W 2.5GHz 27 inch (Late 2017),2017.0,Mac,iMac Pro,,Late 2017,27.0,2.5GHz,,,1024.0,SSD,,
,Trade-in Platform,CompAsia,Mac,iMac Pro Xeon W 2.5GHz 27 inch (Late 2017),2TB SSD,975,iMac Pro Xeon W 2.5GHz 27 inch (Late 2017),2017.0,Mac,iMac Pro,,Late 2017,27.0,2.5GHz,,,2048.0,SSD,,
,Trade-in Platform,CompAsia,Mac,iMac Pro Xeon W 2.5GHz 27 inch (Late 2017),4TB SSD,1050,iMac Pro Xeon W 2.5GHz 27 inch (Late 2017),2017.0,Mac,iMac Pro,,Late 2017,27.0,2.5GHz,,,4096.0,SSD,,
,Trade-in Platform,CompAsia,Mac,iMac Pro Xeon W 3.0GHz 27 inch (Late 2017),1TB SSD,950,iMac Pro Xeon W 3.0GHz 27 inch (Late 2017),2017.0,Mac,iMac Pro,,Late 2017,27.0,3.0GHz,,,1024.0,SSD,,
,Trade-in Platform,CompAsia,Mac,iMac Pro Xeon W 3.0GHz 27 inch (Late 2017),2TB SSD,975,iMac Pro Xeon W 3.0GHz 27 inch (Late 2017),2017.0,Mac,iMac Pro,,Late 2017,27.0,3.0GHz,,,2048.0,SSD,,
,Trade-in Platform,CompAsia,Mac,iMac Pro Xeon W 3.0GHz 27 inch (Late 2017),4TB SSD,1000,iMac Pro Xeon W 3.0GHz 27 inch (Late 2017),2017.0,Mac,iMac Pro,,Late 2017,27.0,3.0GHz,,,4096.0,SSD,,
,Trade-in Platform,CompAsia,Mac,iMac Pro Xeon W 3.2GHz 27 inch (Late 2017),1TB SSD,750,iMac Pro Xeon W 3.2GHz 27 inch (Late 2017),2017.0,Mac,iMac Pro,,Late 2017,27.0,3.2GHz,,,1024.0,SSD,,
,Trade-in Platform,CompAsia,Mac,iMac Pro Xeon W 3.2GHz 27 inch (Late 2017),2TB SSD,850,iMac Pro Xeon W 3.2GHz 27 inch (Late 2017),2017.0,Mac,iMac Pro,,Late 2017,27.0,3.2GHz,,,2048.0,SSD,,
,Trade-in Platform,CompAsia,Mac,iMac Pro Xeon W 3.2GHz 27 inch (Late 2017),4TB SSD,950,iMac Pro Xeon W 3.2GHz 27 inch (Late 2017),2017.0,Mac,iMac Pro,,Late 2017,27.0,3.2GHz,,,4096.0,SSD,,
,Trade-in Platform,CompAsia,Mac,MacBook Air i3 1.1GHz 13 inch (Early 2020),1TB SSD,350,MacBook Air i3 1.1GHz 13 inch (Early 2020),2020.0,Mac,MacBook Air,,Early 2020,13.0,1.1GHz,i3,,1024.0,SSD,,
,Trade-in Platform,CompAsia,Mac,MacBook Air i3 1.1GHz 13 inch (Early 2020),256GB SSD,345,MacBook Air i3 1.1GHz 13 inch (Early 2020),2020.0,Mac,MacBook Air,,Early 2020,13.0,1.1GHz,i3,,256.0,SSD,,
,Trade-in Platform,CompAsia,Mac,MacBook Air i3 1.1GHz 13 inch (Early 2020),2TB SSD,420,MacBook Air i3 1.1GHz 13 inch (Early 2020),2020.0,Mac,MacBook Air,,Early 2020,13.0,1.1GHz,i3,,2048.0,SSD,,
,Trade-in Platform,CompAsia,Mac,MacBook Air i3 1.1GHz 13 inch (Early 2020),512GB SSD,350,MacBook Air i3 1.1GHz 13 inch (Early 2020),2020.0,Mac,MacBook Air,,Early 2020,13.0,1.1GHz,i3,,512.0,SSD,,
,Trade-in Platform,CompAsia,Mac,MacBook Air i5 1.1GHz 13 inch (Early 2020),1TB SSD,475,MacBook Air i5 1.1GHz 13 inch (Early 2020),2020.0,Mac,MacBook Air,,Early 2020,13.0,1.1GHz,i5,,1024.0,SSD,,
,Trade-in Platform,CompAsia,Mac,MacBook Air i5 1.1GHz 13 inch (Early 2020),256GB SSD,450,MacBook Air i5 1.1GHz 13 inch (Early 2020),2020.0,Mac,MacBook Air,,Early 2020,13.0,1.1GHz,i5,,256.0,SSD,,
,Trade-in Platform,CompAsia,Mac,MacBook Air i5 1.1GHz 13 inch (Early 2020),2TB SSD,550,MacBook Air i5 1.1GHz 13 inch (Early 2020),2020.0,Mac,MacBook Air,,Early 2020,13.0,1.1GHz,i5,,2048.0,SSD,,
,Trade-in Platform,CompAsia,Mac,MacBook Air i5 1.1GHz 13 inch (Early 2020),512GB SSD,475,MacBook Air i5 1.1GHz 13 inch (Early 2020),2020.0,Mac,MacBook Air,,Early 2020,13.0,1.1GHz,i5,,512.0,SSD,,
,Trade-in Platform,CompAsia,Mac,MacBook Air i5 1.6GHz 13 inch (Late 2018),128GB SSD,400,MacBook Air i5 1.6GHz 13 inch (Late 2018),2018.0,Mac,MacBook Air,,Late 2018,13.0,1.6GHz,i5,,128.0,SSD,,
,Trade-in Platform,CompAsia,Mac,MacBook Air i5 1.6GHz 13 inch (Late 2018),1.5TB SSD,500,MacBook Air i5 1.6GHz 13 inch (Late 2018),2018.0,Mac,MacBook Air,,Late 2018,13.0,1.6GHz,i5,,1536.0,SSD,,
,Trade-in Platform,CompAsia,Mac,MacBook Air i5 1.6GHz 13 inch (Late 2018),256GB SSD,400,MacBook Air i5 1.6GHz 13 inch (Late 2018),2018.0,Mac,MacBook Air,,Late 2018,13.0,1.6GHz,i5,,256.0,SSD,,
,Trade-in Platform,CompAsia,Mac,MacBook Air i5 1.6GHz 13 inch (Late 2018),512GB SSD,475,MacBook Air i5 1.6GHz 13 inch (Late 2018),2018.0,Mac,MacBook Air,,Late 2018,13.0,1.6GHz,i5,,512.0,SSD,,
,Trade-in Platform,CompAsia,Mac,MacBook Air i5 1.6GHz 13 inch (Mid 2019),128GB SSD,400,MacBook Air i5 1.6GHz 13 inch (Mid 2019),2019.0,Mac,MacBook Air,,Mid 2019,13.0,1.6GHz,i5,,128.0,SSD,,
,Trade-in Platform,CompAsia,Mac,MacBook Air i5 1.6GHz 13 inch (Mid 2019),1TB SSD,475,MacBook Air i5 1.6GHz 13 inch (Mid 2019),2019.0,Mac,MacBook Air,,Mid 2019,13.0,1.6GHz,i5,,1024.0,SSD,,
,Trade-in Platform,CompAsia,Mac,MacBook Air i5 1.6GHz 13 inch (Mid 2019),256GB SSD,400,MacBook Air i5 1.6GHz 13 inch (Mid 2019),2019.0,Mac,MacBook Air,,Mid 2019,13.0,1.6GHz,i5,,256.0,SSD,,
,Trade-in Platform,CompAsia,Mac,MacBook Air i5 1.6GHz 13 inch (Mid 2019),512GB SSD,475,MacBook Air i5 1.6GHz 13 inch (Mid 2019),2019.0,Mac,MacBook Air,,Mid 2019,13.0,1.6GHz,i5,,512.0,SSD,,
,Trade-in Platform,CompAsia,Mac,MacBook Air i5 1.8GHz 13 inch (Mid 2017),128GB SSD,175,MacBook Air i5 1.8GHz 13 inch (Mid 2017),2017.0,Mac,MacBook Air,,Mid 2017,13.0,1.8GHz,i5,,128.0,SSD,,
,Trade-in Platform,CompAsia,Mac,MacBook Air i5 1.8GHz 13 inch (Mid 2017),256GB SSD,225,MacBook Air i5 1.8GHz 13 inch (Mid 2017),2017.0,Mac,MacBook Air,,Mid 2017,13.0,1.8GHz,i5,,256.0,SSD,,
,Trade-in Platform,CompAsia,Mac,MacBook Air i5 1.8GHz 13 inch (Mid 2017),512GB SSD,250,MacBook Air i5 1.8GHz 13 inch (Mid 2017),2017.0,Mac,MacBook Air,,Mid 2017,13.0,1.8GHz,i5,,512.0,SSD,,
,Trade-in Platform,CompAsia,Mac,MacBook Air i7 1.2GHz 13 inch (Early 2020),1TB SSD,500,MacBook Air i7 1.2GHz 13 inch (Early 2020),2020.0,Mac,MacBook Air,,Early 2020,13.0,1.2GHz,i7,,1024.0,SSD,,
,Trade-in Platform,CompAsia,Mac,MacBook Air i7 1.2GHz 13 inch (Early 2020),256GB SSD,475,MacBook Air i7 1.2GHz 13 inch (Early 2020),2020.0,Mac,MacBook Air,,Early 2020,13.0,1.2GHz,i7,,256.0,SSD,,
,Trade-in Platform,CompAsia,Mac,MacBook Air i7 1.2GHz 13 inch (Early 2020),2TB SSD,575,MacBook Air i7 1.2GHz 13 inch (Early 2020),2020.0,Mac,MacBook Air,,Early 2020,13.0,1.2GHz,i7,,2048.0,SSD,,
,Trade-in Platform,CompAsia,Mac,MacBook Air i7 1.2GHz 13 inch (Early 2020),512GB SSD,475,MacBook Air i7 1.2GHz 13 inch (Early 2020),2020.0,Mac,MacBook Air,,Early 2020,13.0,1.2GHz,i7,,512.0,SSD,,
,Trade-in Platform,CompAsia,Mac,MacBook Air i7 2.2GHz 13 inch (Mid 2017),128GB SSD,250,MacBook Air i7 2.2GHz 13 inch (Mid 2017),2017.0,Mac,MacBook Air,,Mid 2017,13.0,2.2GHz,i7,,128.0,SSD,,
,Trade-in Platform,CompAsia,Mac,MacBook Air i7 2.2GHz 13 inch (Mid 2017),256GB SSD,300,MacBook Air i7 2.2GHz 13 inch (Mid 2017),2017.0,Mac,MacBook Air,,Mid 2017,13.0,2.2GHz,i7,,256.0,SSD,,
,Trade-in Platform,CompAsia,Mac,MacBook Air i7 2.2GHz 13 inch (Mid 2017),512GB SSD,425,MacBook Air i7 2.2GHz 13 inch (Mid 2017),2017.0,Mac,MacBook Air,,Mid 2017,13.0,2.2GHz,i7,,512.0,SSD,,
,Trade-in Platform,CompAsia,Mac,MacBook Air M1 8-Core CPU and 7-Core GPU 13 inch (Late 2020),128GB SSD,505,MacBook Air M1 8-Core CPU and 7-Core GPU 13 inch (Late 2020),2020.0,Mac,MacBook Air,,Late 2020,13.0,,M1 ,,128.0,SSD,,
,Trade-in Platform,CompAsia,Mac,MacBook Air M1 8-Core CPU and 7-Core GPU 13 inch (Late 2020),1TB SSD,605,MacBook Air M1 8-Core CPU and 7-Core GPU 13 inch (Late 2020),2020.0,Mac,MacBook Air,,Late 2020,13.0,,M1 ,,1024.0,SSD,,
,Trade-in Platform,CompAsia,Mac,MacBook Air M1 8-Core CPU and 7-Core GPU 13 inch (Late 2020),256GB SSD,605,MacBook Air M1 8-Core CPU and 7-Core GPU 13 inch (Late 2020),2020.0,Mac,MacBook Air,,Late 2020,13.0,,M1 ,,256.0,SSD,,
,Trade-in Platform,CompAsia,Mac,MacBook Air M1 8-Core CPU and 7-Core GPU 13 inch (Late 2020),2TB SSD,705,MacBook Air M1 8-Core CPU and 7-Core GPU 13 inch (Late 2020),2020.0,Mac,MacBook Air,,Late 2020,13.0,,M1 ,,2048.0,SSD,,
,Trade-in Platform,CompAsia,Mac,MacBook Air M1 8-Core CPU and 7-Core GPU 13 inch (Late 2020),512GB SSD,605,MacBook Air M1 8-Core CPU and 7-Core GPU 13 inch (Late 2020),2020.0,Mac,MacBook Air,,Late 2020,13.0,,M1 ,,512.0,SSD,,
,Trade-in Platform,CompAsia,Mac,MacBook Air M1 8-Core CPU and 8-Core GPU 13 inch (Late 2020),1TB SSD,705,MacBook Air M1 8-Core CPU and 8-Core GPU 13 inch (Late 2020),2020.0,Mac,MacBook Air,,Late 2020,13.0,,M1 ,,1024.0,SSD,,
,Trade-in Platform,CompAsia,Mac,MacBook Air M1 8-Core CPU and 8-Core GPU 13 inch (Late 2020),256GB SSD,570,MacBook Air M1 8-Core CPU and 8-Core GPU 13 inch (Late 2020),2020.0,Mac,MacBook Air,,Late 2020,13.0,,M1 ,,256.0,SSD,,
,Trade-in Platform,CompAsia,Mac,MacBook Air M1 8-Core CPU and 8-Core GPU 13 inch (Late 2020),2TB SSD,755,MacBook Air M1 8-Core CPU and 8-Core GPU 13 inch (Late 2020),2020.0,Mac,MacBook Air,,Late 2020,13.0,,M1 ,,2048.0,SSD,,
,Trade-in Platform,CompAsia,Mac,MacBook Air M1 8-Core CPU and 8-Core GPU 13 inch (Late 2020),512GB SSD,655,MacBook Air M1 8-Core CPU and 8-Core GPU 13 inch (Late 2020),2020.0,Mac,MacBook Air,,Late 2020,13.0,,M1 ,,512.0,SSD,,
,Trade-in Platform,CompAsia,Mac,MacBook Air M2 8-Core CPU and 10-Core GPU 13.6 inch (Mid 2022),1TB SSD,1550,MacBook Air M2 8-Core CPU and 10-Core GPU 13.6 inch (Mid 2022),2022.0,Mac,MacBook Air,,Mid 2022,13.6,,M2 ,,1024.0,SSD,,
,Trade-in Platform,CompAsia,Mac,MacBook Air M2 8-Core CPU and 10-Core GPU 13.6 inch (Mid 2022),256GB SSD,1200,MacBook Air M2 8-Core CPU and 10-Core GPU 13.6 inch (Mid 2022),2022.0,Mac,MacBook Air,,Mid 2022,13.6,,M2 ,,256.0,SSD,,
,Trade-in Platform,CompAsia,Mac,MacBook Air M2 8-Core CPU and 10-Core GPU 13.6 inch (Mid 2022),2TB SSD,2015,MacBook Air M2 8-Core CPU and 10-Core GPU 13.6 inch (Mid 2022),2022.0,Mac,MacBook Air,,Mid 2022,13.6,,M2 ,,2048.0,SSD,,
,Trade-in Platform,CompAsia,Mac,MacBook Air M2 8-Core CPU and 10-Core GPU 13.6 inch (Mid 2022),512GB SSD,1395,MacBook Air M2 8-Core CPU and 10-Core GPU 13.6 inch (Mid 2022),2022.0,Mac,MacBook Air,,Mid 2022,13.6,,M2 ,,512.0,SSD,,
,Trade-in Platform,CompAsia,Mac,MacBook Air M2 8-Core CPU and 10-Core GPU 15 inch (Mid 2023),1TB SSD,2245,MacBook Air M2 8-Core CPU and 10-Core GPU 15 inch (Mid 2023),2023.0,Mac,MacBook Air,,Mid 2023,15.0,,M2 ,,1024.0,SSD,,
,Trade-in Platform,CompAsia,Mac,MacBook Air M2 8-Core CPU and 10-Core GPU 15 inch (Mid 2023),256GB SSD,1855,MacBook Air M2 8-Core CPU and 10-Core GPU 15 inch (Mid 2023),2023.0,Mac,MacBook Air,,Mid 2023,15.0,,M2 ,,256.0,SSD,,
,Trade-in Platform,CompAsia,Mac,MacBook Air M2 8-Core CPU and 10-Core GPU 15 inch (Mid 2023),2TB SSD,2815,MacBook Air M2 8-Core CPU and 10-Core GPU 15 inch (Mid 2023),2023.0,Mac,MacBook Air,,Mid 2023,15.0,,M2 ,,2048.0,SSD,,
,Trade-in Platform,CompAsia,Mac,MacBook Air M2 8-Core CPU and 10-Core GPU 15 inch (Mid 2023),512GB SSD,2015,MacBook Air M2 8-Core CPU and 10-Core GPU 15 inch (Mid 2023),2023.0,Mac,MacBook Air,,Mid 2023,15.0,,M2 ,,512.0,SSD,,
,Trade-in Platform,CompAsia,Mac,MacBook Air M2 8-Core CPU and 8-Core GPU 13.6 inch (Mid 2022),1TB SSD,1550,MacBook Air M2 8-Core CPU and 8-Core GPU 13.6 inch (Mid 2022),2022.0,Mac,MacBook Air,,Mid 2022,13.6,,M2 ,,1024.0,SSD,,
,Trade-in Platform,CompAsia,Mac,MacBook Air M2 8-Core CPU and 8-Core GPU 13.6 inch (Mid 2022),256GB SSD,1200,MacBook Air M2 8-Core CPU and 8-Core GPU 13.6 inch (Mid 2022),2022.0,Mac,MacBook Air,,Mid 2022,13.6,,M2 ,,256.0,SSD,,
,Trade-in Platform,CompAsia,Mac,MacBook Air M2 8-Core CPU and 8-Core GPU 13.6 inch (Mid 2022),2TB SSD,1990,MacBook Air M2 8-Core CPU and 8-Core GPU 13.6 inch (Mid 2022),2022.0,Mac,MacBook Air,,Mid 2022,13.6,,M2 ,,2048.0,SSD,,
,Trade-in Platform,CompAsia,Mac,MacBook Air M2 8-Core CPU and 8-Core GPU 13.6 inch (Mid 2022),512GB SSD,1395,MacBook Air M2 8-Core CPU and 8-Core GPU 13.6 inch (Mid 2022),2022.0,Mac,MacBook Air,,Mid 2022,13.6,,M2 ,,512.0,SSD,,
,Trade-in Platform,CompAsia,Mac,MacBook Air M3 8-Core CPU and 10-Core GPU 13.6 inch (Early 2024),1TB SSD,2450,MacBook Air M3 8-Core CPU and 10-Core GPU 13.6 inch (Early 2024),2024.0,Mac,MacBook Air,,Early 2024,13.6,,M3 ,,1024.0,SSD,,
,Trade-in Platform,CompAsia,Mac,MacBook Air M3 8-Core CPU and 10-Core GPU 13.6 inch (Early 2024),256GB SSD,1950,MacBook Air M3 8-Core CPU and 10-Core GPU 13.6 inch (Early 2024),2024.0,Mac,MacBook Air,,Early 2024,13.6,,M3 ,,256.0,SSD,,
,Trade-in Platform,CompAsia,Mac,MacBook Air M3 8-Core CPU and 10-Core GPU 13.6 inch (Early 2024),2TB SSD,3125,MacBook Air M3 8-Core CPU and 10-Core GPU 13.6 inch (Early 2024),2024.0,Mac,MacBook Air,,Early 2024,13.6,,M3 ,,2048.0,SSD,,
,Trade-in Platform,CompAsia,Mac,MacBook Air M3 8-Core CPU and 10-Core GPU 13.6 inch (Early 2024),512GB SSD,2125,MacBook Air M3 8-Core CPU and 10-Core GPU 13.6 inch (Early 2024),2024.0,Mac,MacBook Air,,Early 2024,13.6,,M3 ,,512.0,SSD,,
,Trade-in Platform,CompAsia,Mac,MacBook Air M3 8-Core CPU and 10-Core GPU 15 inch (Early 2024),1TB SSD,3075,MacBook Air M3 8-Core CPU and 10-Core GPU 15 inch (Early 2024),2024.0,Mac,MacBook Air,,Early 2024,15.0,,M3 ,,1024.0,SSD,,
,Trade-in Platform,CompAsia,Mac,MacBook Air M3 8-Core CPU and 10-Core GPU 15 inch (Early 2024),256GB SSD,2275,MacBook Air M3 8-Core CPU and 10-Core GPU 15 inch (Early 2024),2024.0,Mac,MacBook Air,,Early 2024,15.0,,M3 ,,256.0,SSD,,
,Trade-in Platform,CompAsia,Mac,MacBook Air M3 8-Core CPU and 10-Core GPU 15 inch (Early 2024),2TB SSD,3475,MacBook Air M3 8-Core CPU and 10-Core GPU 15 inch (Early 2024),2024.0,Mac,MacBook Air,,Early 2024,15.0,,M3 ,,2048.0,SSD,,
,Trade-in Platform,CompAsia,Mac,MacBook Air M3 8-Core CPU and 10-Core GPU 15 inch (Early 2024),512GB SSD,2500,MacBook Air M3 8-Core CPU and 10-Core GPU 15 inch (Early 2024),2024.0,Mac,MacBook Air,,Early 2024,15.0,,M3 ,,512.0,SSD,,
,Trade-in Platform,CompAsia,Mac,MacBook Air M3 8-Core CPU and 8-Core GPU 13.6 inch (Early 2024),256GB SSD,1950,MacBook Air M3 8-Core CPU and 8-Core GPU 13.6 inch (Early 2024),2024.0,Mac,MacBook Air,,Early 2024,13.6,,M3 ,,256.0,SSD,,
,Trade-in Platform,CompAsia,Mac,MacBook Air M4 10-Core CPU and 10-Core GPU 13 inch (Early 2025),1TB SSD,3125,MacBook Air M4 10-Core CPU and 10-Core GPU 13 inch (Early 2025),2025.0,Mac,MacBook Air,,Early 2025,13.0,,M4 ,,1024.0,SSD,,
,Trade-in Platform,CompAsia,Mac,MacBook Air M4 10-Core CPU and 10-Core GPU 13 inch (Early 2025),256GB SSD,2450,MacBook Air M4 10-Core CPU and 10-Core GPU 13 inch (Early 2025),2025.0,Mac,MacBook Air,,Early 2025,13.0,,M4 ,,256.0,SSD,,
,Trade-in Platform,CompAsia,Mac,MacBook Air M4 10-Core CPU and 10-Core GPU 13 inch (Early 2025),2TB SSD,4000,MacBook Air M4 10-Core CPU and 10-Core GPU 13 inch (Early 2025),2025.0,Mac,MacBook Air,,Early 2025,13.0,,M4 ,,2048.0,SSD,,
,Trade-in Platform,CompAsia,Mac,MacBook Air M4 10-Core CPU and 10-Core GPU 13 inch (Early 2025),512GB SSD,2675,MacBook Air M4 10-Core CPU and 10-Core GPU 13 inch (Early 2025),2025.0,Mac,MacBook Air,,Early 2025,13.0,,M4 ,,512.0,SSD,,
,Trade-in Platform,CompAsia,Mac,MacBook Air M4 10-Core CPU and 10-Core GPU 15 inch (Early 2025),1TB SSD,3600,MacBook Air M4 10-Core CPU and 10-Core GPU 15 inch (Early 2025),2025.0,Mac,MacBook Air,,Early 2025,15.0,,M4 ,,1024.0,SSD,,
,Trade-in Platform,CompAsia,Mac,MacBook Air M4 10-Core CPU and 10-Core GPU 15 inch (Early 2025),256GB SSD,2750,MacBook Air M4 10-Core CPU and 10-Core GPU 15 inch (Early 2025),2025.0,Mac,MacBook Air,,Early 2025,15.0,,M4 ,,256.0,SSD,,
,Trade-in Platform,CompAsia,Mac,MacBook Air M4 10-Core CPU and 10-Core GPU 15 inch (Early 2025),2TB SSD,4400,MacBook Air M4 10-Core CPU and 10-Core GPU 15 inch (Early 2025),2025.0,Mac,MacBook Air,,Early 2025,15.0,,M4 ,,2048.0,SSD,,
,Trade-in Platform,CompAsia,Mac,MacBook Air M4 10-Core CPU and 10-Core GPU 15 inch (Early 2025),512GB SSD,2975,MacBook Air M4 10-Core CPU and 10-Core GPU 15 inch (Early 2025),2025.0,Mac,MacBook Air,,Early 2025,15.0,,M4 ,,512.0,SSD,,
,Trade-in Platform,CompAsia,Mac,MacBook Air M4 10-Core CPU and 8-Core GPU 13 inch (Early 2025),256GB SSD,2250,MacBook Air M4 10-Core CPU and 8-Core GPU 13 inch (Early 2025),2025.0,Mac,MacBook Air,,Early 2025,13.0,,M4 ,,256.0,SSD,,
,Trade-in Platform,CompAsia,Mac,MacBook i5 1.3GHz 12 inch (Mid 2017),256GB SSD,275,MacBook i5 1.3GHz 12 inch (Mid 2017),2017.0,Mac,MacBook,,Mid 2017,12.0,1.3GHz,i5,,256.0,SSD,,
,Trade-in Platform,CompAsia,Mac,MacBook i5 1.3GHz 12 inch (Mid 2017),512GB SSD,375,MacBook i5 1.3GHz 12 inch (Mid 2017),2017.0,Mac,MacBook,,Mid 2017,12.0,1.3GHz,i5,,512.0,SSD,,
,Trade-in Platform,CompAsia,Mac,MacBook i7 1.4GHz 12 inch (Mid 2017),256GB SSD,325,MacBook i7 1.4GHz 12 inch (Mid 2017),2017.0,Mac,MacBook,,Mid 2017,12.0,1.4GHz,i7,,256.0,SSD,,
,Trade-in Platform,CompAsia,Mac,MacBook i7 1.4GHz 12 inch (Mid 2017),512GB SSD,425,MacBook i7 1.4GHz 12 inch (Mid 2017),2017.0,Mac,MacBook,,Mid 2017,12.0,1.4GHz,i7,,512.0,SSD,,
,Trade-in Platform,CompAsia,Mac,MacBook m3 1.2GHz 12 inch (Mid 2017),256GB SSD,275,MacBook m3 1.2GHz 12 inch (Mid 2017),2017.0,Mac,MacBook,,Mid 2017,12.0,1.2GHz,M3 ,,256.0,SSD,,
,Trade-in Platform,CompAsia,Mac,MacBook Pro 14 inch M1 Max 10-Core CPU & 24-Core GPU (2021),1TB SSD,2725,MacBook Pro 14 inch M1 Max 10-Core CPU & 24-Core GPU (2021),2021.0,Mac,MacBook Pro,,2021,14.0,,M1 Max,,1024.0,SSD,,
,Trade-in Platform,CompAsia,Mac,MacBook Pro 14 inch M1 Max 10-Core CPU & 24-Core GPU (2021),2TB SSD,2775,MacBook Pro 14 inch M1 Max 10-Core CPU & 24-Core GPU (2021),2021.0,Mac,MacBook Pro,,2021,14.0,,M1 Max,,2048.0,SSD,,
,Trade-in Platform,CompAsia,Mac,MacBook Pro 14 inch M1 Max 10-Core CPU & 24-Core GPU (2021),4TB SSD,3550,MacBook Pro 14 inch M1 Max 10-Core CPU & 24-Core GPU (2021),2021.0,Mac,MacBook Pro,,2021,14.0,,M1 Max,,4096.0,SSD,,
,Trade-in Platform,CompAsia,Mac,MacBook Pro 14 inch M1 Max 10-Core CPU & 24-Core GPU (2021),512GB SSD,2525,MacBook Pro 14 inch M1 Max 10-Core CPU & 24-Core GPU (2021),2021.0,Mac,MacBook Pro,,2021,14.0,,M1 Max,,512.0,SSD,,
,Trade-in Platform,CompAsia,Mac,MacBook Pro 14 inch M1 Max 10-Core CPU & 24-Core GPU (2021),8TB SSD,4175,MacBook Pro 14 inch M1 Max 10-Core CPU & 24-Core GPU (2021),2021.0,Mac,MacBook Pro,,2021,14.0,,M1 Max,,8192.0,SSD,,
,Trade-in Platform,CompAsia,Mac,MacBook Pro 14 inch M1 Max 10-Core CPU and 32-Core GPU (2021),1TB SSD,2875,MacBook Pro 14 inch M1 Max 10-Core CPU and 32-Core GPU (2021),2021.0,Mac,MacBook Pro,,2021,14.0,,M1 Max,,1024.0,SSD,,
,Trade-in Platform,CompAsia,Mac,MacBook Pro 14 inch M1 Max 10-Core CPU and 32-Core GPU (2021),2TB SSD,3250,MacBook Pro 14 inch M1 Max 10-Core CPU and 32-Core GPU (2021),2021.0,Mac,MacBook Pro,,2021,14.0,,M1 Max,,2048.0,SSD,,
,Trade-in Platform,CompAsia,Mac,MacBook Pro 14 inch M1 Max 10-Core CPU and 32-Core GPU (2021),4TB SSD,3725,MacBook Pro 14 inch M1 Max 10-Core CPU and 32-Core GPU (2021),2021.0,Mac,MacBook Pro,,2021,14.0,,M1 Max,,4096.0,SSD,,
,Trade-in Platform,CompAsia,Mac,"MacBook Pro 14 inch M1 Max 10-Core CPU, 32-Core GPU (2021)",512GB SSD,2725,"MacBook Pro 14 inch M1 Max 10-Core CPU, 32-Core GPU (2021)",2021.0,Mac,MacBook Pro,,2021,14.0,,M1 Max,,512.0,SSD,,
,Trade-in Platform,CompAsia,Mac,MacBook Pro 14 inch M1 Max 10-Core CPU and 32-Core GPU (2021),8TB SSD,4325,MacBook Pro 14 inch M1 Max 10-Core CPU and 32-Core GPU (2021),2021.0,Mac,MacBook Pro,,2021,14.0,,M1 Max,,8192.0,SSD,,
,Trade-in Platform,CompAsia,Mac,MacBook Pro 14 inch M1 Pro 10-Core CPU & 14-Core GPU (2021),1TB SSD,2150,MacBook Pro 14 inch M1 Pro 10-Core CPU & 14-Core GPU (2021),2021.0,Mac,MacBook Pro,,2021,14.0,,M1 pro,,1024.0,SSD,,
,Trade-in Platform,CompAsia,Mac,MacBook Pro 14 inch M1 Pro 10-Core CPU & 14-Core GPU (2021),2TB SSD,2375,MacBook Pro 14 inch M1 Pro 10-Core CPU & 14-Core GPU (2021),2021.0,Mac,MacBook Pro,,2021,14.0,,M1 pro,,2048.0,SSD,,
,Trade-in Platform,CompAsia,Mac,MacBook Pro 14 inch M1 Pro 10-Core CPU & 14-Core GPU (2021),4TB SSD,2850,MacBook Pro 14 inch M1 Pro 10-Core CPU & 14-Core GPU (2021),2021.0,Mac,MacBook Pro,,2021,14.0,,M1 pro,,4096.0,SSD,,
,Trade-in Platform,CompAsia,Mac,MacBook Pro 14 inch M1 Pro 10-Core CPU & 14-Core GPU (2021),512GB SSD,1950,MacBook Pro 14 inch M1 Pro 10-Core CPU & 14-Core GPU (2021),2021.0,Mac,MacBook Pro,,2021,14.0,,M1 pro,,512.0,SSD,,
,Trade-in Platform,CompAsia,Mac,MacBook Pro 14 inch M1 Pro 10-Core CPU & 14-Core GPU (2021),8TB SSD,3600,MacBook Pro 14 inch M1 Pro 10-Core CPU & 14-Core GPU (2021),2021.0,Mac,MacBook Pro,,2021,14.0,,M1 pro,,8192.0,SSD,,
,Trade-in Platform,CompAsia,Mac,MacBook Pro 14 inch M1 Pro 10-Core CPU & 16-Core GPU (2021),1TB SSD,2275,MacBook Pro 14 inch M1 Pro 10-Core CPU & 16-Core GPU (2021),2021.0,Mac,MacBook Pro,,2021,14.0,,M1 pro,,1024.0,SSD,,
,Trade-in Platform,CompAsia,Mac,MacBook Pro 14 inch M1 Pro 10-Core CPU & 16-Core GPU (2021),2TB SSD,2525,MacBook Pro 14 inch M1 Pro 10-Core CPU & 16-Core GPU (2021),2021.0,Mac,MacBook Pro,,2021,14.0,,M1 pro,,2048.0,SSD,,
,Trade-in Platform,CompAsia,Mac,MacBook Pro 14 inch M1 Pro 10-Core CPU & 16-Core GPU (2021),4TB SSD,3050,MacBook Pro 14 inch M1 Pro 10-Core CPU & 16-Core GPU (2021),2021.0,Mac,MacBook Pro,,2021,14.0,,M1 pro,,4096.0,SSD,,
,Trade-in Platform,CompAsia,Mac,MacBook Pro 14 inch M1 Pro 10-Core CPU & 16-Core GPU (2021),512GB SSD,2100,MacBook Pro 14 inch M1 Pro 10-Core CPU & 16-Core GPU (2021),2021.0,Mac,MacBook Pro,,2021,14.0,,M1 pro,,512.0,SSD,,
,Trade-in Platform,CompAsia,Mac,MacBook Pro 14 inch M1 Pro 10-Core CPU & 16-Core GPU (2021),8TB SSD,3725,MacBook Pro 14 inch M1 Pro 10-Core CPU & 16-Core GPU (2021),2021.0,Mac,MacBook Pro,,2021,14.0,,M1 pro,,8192.0,SSD,,
,Trade-in Platform,CompAsia,Mac,MacBook Pro 14 inch M1 Pro 8-Core CPU & 14-Core GPU (2021),1TB SSD,2025,MacBook Pro 14 inch M1 Pro 8-Core CPU & 14-Core GPU (2021),2021.0,Mac,MacBook Pro,,2021,14.0,,M1 pro,,1024.0,SSD,,
,Trade-in Platform,CompAsia,Mac,MacBook Pro 14 inch M1 Pro 8-Core CPU & 14-Core GPU (2021),2TB SSD,2050,MacBook Pro 14 inch M1 Pro 8-Core CPU & 14-Core GPU (2021),2021.0,Mac,MacBook Pro,,2021,14.0,,M1 pro,,2048.0,SSD,,
,Trade-in Platform,CompAsia,Mac,MacBook Pro 14 inch M1 Pro 8-Core CPU & 14-Core GPU (2021),4TB SSD,2475,MacBook Pro 14 inch M1 Pro 8-Core CPU & 14-Core GPU (2021),2021.0,Mac,MacBook Pro,,2021,14.0,,M1 pro,,4096.0,SSD,,
,Trade-in Platform,CompAsia,Mac,MacBook Pro 14 inch M1 Pro 8-Core CPU & 14-Core GPU (2021),512GB SSD,1800,MacBook Pro 14 inch M1 Pro 8-Core CPU & 14-Core GPU (2021),2021.0,Mac,MacBook Pro,,2021,14.0,,M1 pro,,512.0,SSD,,
,Trade-in Platform,CompAsia,Mac,MacBook Pro 14 inch M1 Pro 8-Core CPU & 14-Core GPU (2021),8TB SSD,3325,MacBook Pro 14 inch M1 Pro 8-Core CPU & 14-Core GPU (2021),2021.0,Mac,MacBook Pro,,2021,14.0,,M1 pro,,8192.0,SSD,,
,Trade-in Platform,CompAsia,Mac,MacBook Pro 16 inch M1 Max 10-Core CPU & 24-Core GPU (2021),1TB SSD,2725,MacBook Pro 16 inch M1 Max 10-Core CPU & 24-Core GPU (2021),2021.0,Mac,MacBook Pro,,2021,16.0,,M1 Max,,1024.0,SSD,,
,Trade-in Platform,CompAsia,Mac,MacBook Pro 16 inch M1 Max 10-Core CPU & 24-Core GPU (2021),2TB SSD,3050,MacBook Pro 16 inch M1 Max 10-Core CPU & 24-Core GPU (2021),2021.0,Mac,MacBook Pro,,2021,16.0,,M1 Max,,2048.0,SSD,,
,Trade-in Platform,CompAsia,Mac,MacBook Pro 16 inch M1 Max 10-Core CPU & 24-Core GPU (2021),4TB SSD,3550,MacBook Pro 16 inch M1 Max 10-Core CPU & 24-Core GPU (2021),2021.0,Mac,MacBook Pro,,2021,16.0,,M1 Max,,4096.0,SSD,,
,Trade-in Platform,CompAsia,Mac,MacBook Pro 16 inch M1 Max 10-Core CPU & 24-Core GPU (2021),512GB SSD,2675,MacBook Pro 16 inch M1 Max 10-Core CPU & 24-Core GPU (2021),2021.0,Mac,MacBook Pro,,2021,16.0,,M1 Max,,512.0,SSD,,
,Trade-in Platform,CompAsia,Mac,MacBook Pro 16 inch M1 Max 10-Core CPU & 24-Core GPU (2021),8TB SSD,4225,MacBook Pro 16 inch M1 Max 10-Core CPU & 24-Core GPU (2021),2021.0,Mac,MacBook Pro,,2021,16.0,,M1 Max,,8192.0,SSD,,
,Trade-in Platform,CompAsia,Mac,MacBook Pro 16 inch M1 Max 10-Core CPU & 32-Core GPU (2021),1TB SSD,2900,MacBook Pro 16 inch M1 Max 10-Core CPU & 32-Core GPU (2021),2021.0,Mac,MacBook Pro,,2021,16.0,,M1 Max,,1024.0,SSD,,
,Trade-in Platform,CompAsia,Mac,MacBook Pro 16 inch M1 Max 10-Core CPU & 32-Core GPU (2021),2TB SSD,3250,MacBook Pro 16 inch M1 Max 10-Core CPU & 32-Core GPU (2021),2021.0,Mac,MacBook Pro,,2021,16.0,,M1 Max,,2048.0,SSD,,
,Trade-in Platform,CompAsia,Mac,MacBook Pro 16 inch M1 Max 10-Core CPU & 32-Core GPU (2021),4TB SSD,3775,MacBook Pro 16 inch M1 Max 10-Core CPU & 32-Core GPU (2021),2021.0,Mac,MacBook Pro,,2021,16.0,,M1 Max,,4096.0,SSD,,
,Trade-in Platform,CompAsia,Mac,MacBook Pro 16 inch M1 Max 10-Core CPU & 32-Core GPU (2021),512GB SSD,2710,MacBook Pro 16 inch M1 Max 10-Core CPU & 32-Core GPU (2021),2021.0,Mac,MacBook Pro,,2021,16.0,,M1 Max,,512.0,SSD,,
,Trade-in Platform,CompAsia,Mac,MacBook Pro 16 inch M1 Max 10-Core CPU & 32-Core GPU (2021),8TB SSD,4400,MacBook Pro 16 inch M1 Max 10-Core CPU & 32-Core GPU (2021),2021.0,Mac,MacBook Pro,,2021,16.0,,M1 Max,,8192.0,SSD,,
,Trade-in Platform,CompAsia,Mac,MacBook Pro 16 inch M1 Pro 10-Core CPU & 16-Core GPU (2021),1TB SSD,2275,MacBook Pro 16 inch M1 Pro 10-Core CPU & 16-Core GPU (2021),2021.0,Mac,MacBook Pro,,2021,16.0,,M1 pro,,1024.0,SSD,,
,Trade-in Platform,CompAsia,Mac,MacBook Pro 16 inch M1 Pro 10-Core CPU & 16-Core GPU (2021),2TB SSD,2650,MacBook Pro 16 inch M1 Pro 10-Core CPU & 16-Core GPU (2021),2021.0,Mac,MacBook Pro,,2021,16.0,,M1 pro,,2048.0,SSD,,
,Trade-in Platform,CompAsia,Mac,MacBook Pro 16 inch M1 Pro 10-Core CPU & 16-Core GPU (2021),4TB SSD,3175,MacBook Pro 16 inch M1 Pro 10-Core CPU & 16-Core GPU (2021),2021.0,Mac,MacBook Pro,,2021,16.0,,M1 pro,,4096.0,SSD,,
,Trade-in Platform,CompAsia,Mac,MacBook Pro 16 inch M1 Pro 10-Core CPU & 16-Core GPU (2021),512GB SSD,2125,MacBook Pro 16 inch M1 Pro 10-Core CPU & 16-Core GPU (2021),2021.0,Mac,MacBook Pro,,2021,16.0,,M1 pro,,512.0,SSD,,
,Trade-in Platform,CompAsia,Mac,MacBook Pro 16 inch M1 Pro 10-Core CPU & 16-Core GPU (2021),8TB SSD,3800,MacBook Pro 16 inch M1 Pro 10-Core CPU & 16-Core GPU (2021),2021.0,Mac,MacBook Pro,,2021,16.0,,M1 pro,,8192.0,SSD,,
,Trade-in Platform,CompAsia,Mac,MacBook Pro i5 1.4GHz 13 inch (Mid 2019),128GB SSD,400,MacBook Pro i5 1.4GHz 13 inch (Mid 2019),2019.0,Mac,MacBook Pro,,Mid 2019,13.0,1.4GHz,i5,,128.0,SSD,,
,Trade-in Platform,CompAsia,Mac,MacBook Pro i5 1.4GHz 13 inch (Mid 2019),1TB SSD,600,MacBook Pro i5 1.4GHz 13 inch (Mid 2019),2019.0,Mac,MacBook Pro,,Mid 2019,13.0,1.4GHz,i5,,1024.0,SSD,,
,Trade-in Platform,CompAsia,Mac,MacBook Pro i5 1.4GHz 13 inch (Mid 2019),256GB SSD,475,MacBook Pro i5 1.4GHz 13 inch (Mid 2019),2019.0,Mac,MacBook Pro,,Mid 2019,13.0,1.4GHz,i5,,256.0,SSD,,
,Trade-in Platform,CompAsia,Mac,MacBook Pro i5 1.4GHz 13 inch (Mid 2019),2TB SSD,650,MacBook Pro i5 1.4GHz 13 inch (Mid 2019),2019.0,Mac,MacBook Pro,,Mid 2019,13.0,1.4GHz,i5,,2048.0,SSD,,
,Trade-in Platform,CompAsia,Mac,MacBook Pro i5 1.4GHz 13 inch (Mid 2019),512GB SSD,525,MacBook Pro i5 1.4GHz 13 inch (Mid 2019),2019.0,Mac,MacBook Pro,,Mid 2019,13.0,1.4GHz,i5,,512.0,SSD,,
,Trade-in Platform,CompAsia,Mac,MacBook Pro i5 1.4GHz 13 inch (Mid 2020),1TB SSD,725,MacBook Pro i5 1.4GHz 13 inch (Mid 2020),2020.0,Mac,MacBook Pro,,Mid 2020,13.0,1.4GHz,i5,,1024.0,SSD,,
,Trade-in Platform,CompAsia,Mac,MacBook Pro i5 1.4GHz 13 inch (Mid 2020),256GB SSD,625,MacBook Pro i5 1.4GHz 13 inch (Mid 2020),2020.0,Mac,MacBook Pro,,Mid 2020,13.0,1.4GHz,i5,,256.0,SSD,,
,Trade-in Platform,CompAsia,Mac,MacBook Pro i5 1.4GHz 13 inch (Mid 2020),2TB SSD,750,MacBook Pro i5 1.4GHz 13 inch (Mid 2020),2020.0,Mac,MacBook Pro,,Mid 2020,13.0,1.4GHz,i5,,2048.0,SSD,,
,Trade-in Platform,CompAsia,Mac,MacBook Pro i5 1.4GHz 13 inch (Mid 2020),512GB SSD,675,MacBook Pro i5 1.4GHz 13 inch (Mid 2020),2020.0,Mac,MacBook Pro,,Mid 2020,13.0,1.4GHz,i5,,512.0,SSD,,
,Trade-in Platform,CompAsia,Mac,MacBook Pro i5 2.0GHz 13 inch (Late 2016),1TB SSD,300,MacBook Pro i5 2.0GHz 13 inch (Late 2016),2016.0,Mac,MacBook Pro,,Late 2016,13.0,2.0GHz,i5,,1024.0,SSD,,
,Trade-in Platform,CompAsia,Mac,MacBook Pro i5 2.0GHz 13 inch (Late 2016),256GB SSD,250,MacBook Pro i5 2.0GHz 13 inch (Late 2016),2016.0,Mac,MacBook Pro,,Late 2016,13.0,2.0GHz,i5,,256.0,SSD,,
,Trade-in Platform,CompAsia,Mac,MacBook Pro i5 2.0GHz 13 inch (Late 2016),512GB SSD,275,MacBook Pro i5 2.0GHz 13 inch (Late 2016),2016.0,Mac,MacBook Pro,,Late 2016,13.0,2.0GHz,i5,,512.0,SSD,,
,Trade-in Platform,CompAsia,Mac,MacBook Pro i5 2.0GHz 13 inch (Mid 2020),1TB SSD,800,MacBook Pro i5 2.0GHz 13 inch (Mid 2020),2020.0,Mac,MacBook Pro,,Mid 2020,13.0,2.0GHz,i5,,1024.0,SSD,,
,Trade-in Platform,CompAsia,Mac,MacBook Pro i5 2.0GHz 13 inch (Mid 2020),2TB SSD,875,MacBook Pro i5 2.0GHz 13 inch (Mid 2020),2020.0,Mac,MacBook Pro,,Mid 2020,13.0,2.0GHz,i5,,2048.0,SSD,,
,Trade-in Platform,CompAsia,Mac,MacBook Pro i5 2.0GHz 13 inch (Mid 2020),4TB SSD,1025,MacBook Pro i5 2.0GHz 13 inch (Mid 2020),2020.0,Mac,MacBook Pro,,Mid 2020,13.0,2.0GHz,i5,,4096.0,SSD,,
,Trade-in Platform,CompAsia,Mac,MacBook Pro i5 2.0GHz 13 inch (Mid 2020),512GB SSD,725,MacBook Pro i5 2.0GHz 13 inch (Mid 2020),2020.0,Mac,MacBook Pro,,Mid 2020,13.0,2.0GHz,i5,,512.0,SSD,,
,Trade-in Platform,CompAsia,Mac,MacBook Pro i5 2.3GHz 13 inch (Mid 2017),128GB SSD,300,MacBook Pro i5 2.3GHz 13 inch (Mid 2017),2017.0,Mac,MacBook Pro,,Mid 2017,13.0,2.3GHz,i5,,128.0,SSD,,
,Trade-in Platform,CompAsia,Mac,MacBook Pro i5 2.3GHz 13 inch (Mid 2017),1TB SSD,500,MacBook Pro i5 2.3GHz 13 inch (Mid 2017),2017.0,Mac,MacBook Pro,,Mid 2017,13.0,2.3GHz,i5,,1024.0,SSD,,
,Trade-in Platform,CompAsia,Mac,MacBook Pro i5 2.3GHz 13 inch (Mid 2017),256GB SSD,425,MacBook Pro i5 2.3GHz 13 inch (Mid 2017),2017.0,Mac,MacBook Pro,,Mid 2017,13.0,2.3GHz,i5,,256.0,SSD,,
,Trade-in Platform,CompAsia,Mac,MacBook Pro i5 2.3GHz 13 inch (Mid 2017),512GB SSD,450,MacBook Pro i5 2.3GHz 13 inch (Mid 2017),2017.0,Mac,MacBook Pro,,Mid 2017,13.0,2.3GHz,i5,,512.0,SSD,,
,Trade-in Platform,CompAsia,Mac,MacBook Pro i5 2.3GHz 13 inch (Mid 2018),1TB SSD,675,MacBook Pro i5 2.3GHz 13 inch (Mid 2018),2018.0,Mac,MacBook Pro,,Mid 2018,13.0,2.3GHz,i5,,1024.0,SSD,,
,Trade-in Platform,CompAsia,Mac,MacBook Pro i5 2.3GHz 13 inch (Mid 2018),256GB SSD,600,MacBook Pro i5 2.3GHz 13 inch (Mid 2018),2018.0,Mac,MacBook Pro,,Mid 2018,13.0,2.3GHz,i5,,256.0,SSD,,
,Trade-in Platform,CompAsia,Mac,MacBook Pro i5 2.3GHz 13 inch (Mid 2018),2TB SSD,700,MacBook Pro i5 2.3GHz 13 inch (Mid 2018),2018.0,Mac,MacBook Pro,,Mid 2018,13.0,2.3GHz,i5,,2048.0,SSD,,
,Trade-in Platform,CompAsia,Mac,MacBook Pro i5 2.3GHz 13 inch (Mid 2018),512GB SSD,650,MacBook Pro i5 2.3GHz 13 inch (Mid 2018),2018.0,Mac,MacBook Pro,,Mid 2018,13.0,2.3GHz,i5,,512.0,SSD,,
,Trade-in Platform,CompAsia,Mac,MacBook Pro i5 2.4GHz 13 inch (Mid 2019),1TB SSD,700,MacBook Pro i5 2.4GHz 13 inch (Mid 2019),2019.0,Mac,MacBook Pro,,Mid 2019,13.0,2.4GHz,i5,,1024.0,SSD,,
,Trade-in Platform,CompAsia,Mac,MacBook Pro i5 2.4GHz 13 inch (Mid 2019),256GB SSD,650,MacBook Pro i5 2.4GHz 13 inch (Mid 2019),2019.0,Mac,MacBook Pro,,Mid 2019,13.0,2.4GHz,i5,,256.0,SSD,,
,Trade-in Platform,CompAsia,Mac,MacBook Pro i5 2.4GHz 13 inch (Mid 2019),2TB SSD,725,MacBook Pro i5 2.4GHz 13 inch (Mid 2019),2019.0,Mac,MacBook Pro,,Mid 2019,13.0,2.4GHz,i5,,2048.0,SSD,,
,Trade-in Platform,CompAsia,Mac,MacBook Pro i5 2.4GHz 13 inch (Mid 2019),512GB SSD,650,MacBook Pro i5 2.4GHz 13 inch (Mid 2019),2019.0,Mac,MacBook Pro,,Mid 2019,13.0,2.4GHz,i5,,512.0,SSD,,
,Trade-in Platform,CompAsia,Mac,MacBook Pro i5 2.9GHz 13 inch (Late 2016),1TB SSD,400,MacBook Pro i5 2.9GHz 13 inch (Late 2016),2016.0,Mac,MacBook Pro,,Late 2016,13.0,2.9GHz,i5,,1024.0,SSD,,
,Trade-in Platform,CompAsia,Mac,MacBook Pro i5 2.9GHz 13 inch (Late 2016),256GB SSD,350,MacBook Pro i5 2.9GHz 13 inch (Late 2016),2016.0,Mac,MacBook Pro,,Late 2016,13.0,2.9GHz,i5,,256.0,SSD,,
,Trade-in Platform,CompAsia,Mac,MacBook Pro i5 2.9GHz 13 inch (Late 2016),512GB SSD,400,MacBook Pro i5 2.9GHz 13 inch (Late 2016),2016.0,Mac,MacBook Pro,,Late 2016,13.0,2.9GHz,i5,,512.0,SSD,,
,Trade-in Platform,CompAsia,Mac,MacBook Pro i5 3.1GHz 13 inch (Late 2016),1TB SSD,400,MacBook Pro i5 3.1GHz 13 inch (Late 2016),2016.0,Mac,MacBook Pro,,Late 2016,13.0,3.1GHz,i5,,1024.0,SSD,,
,Trade-in Platform,CompAsia,Mac,MacBook Pro i5 3.1GHz 13 inch (Late 2016),256GB SSD,400,MacBook Pro i5 3.1GHz 13 inch (Late 2016),2016.0,Mac,MacBook Pro,,Late 2016,13.0,3.1GHz,i5,,256.0,SSD,,
,Trade-in Platform,CompAsia,Mac,MacBook Pro i5 3.1GHz 13 inch (Late 2016),512GB SSD,400,MacBook Pro i5 3.1GHz 13 inch (Late 2016),2016.0,Mac,MacBook Pro,,Late 2016,13.0,3.1GHz,i5,,512.0,SSD,,
,Trade-in Platform,CompAsia,Mac,MacBook Pro i5 3.1GHz 13 inch (Mid 2017),1TB SSD,550,MacBook Pro i5 3.1GHz 13 inch (Mid 2017),2017.0,Mac,MacBook Pro,,Mid 2017,13.0,3.1GHz,i5,,1024.0,SSD,,
,Trade-in Platform,CompAsia,Mac,MacBook Pro i5 3.1GHz 13 inch (Mid 2017),256GB SSD,450,MacBook Pro i5 3.1GHz 13 inch (Mid 2017),2017.0,Mac,MacBook Pro,,Mid 2017,13.0,3.1GHz,i5,,256.0,SSD,,
,Trade-in Platform,CompAsia,Mac,MacBook Pro i5 3.1GHz 13 inch (Mid 2017),512GB SSD,475,MacBook Pro i5 3.1GHz 13 inch (Mid 2017),2017.0,Mac,MacBook Pro,,Mid 2017,13.0,3.1GHz,i5,,512.0,SSD,,
,Trade-in Platform,CompAsia,Mac,MacBook Pro i5 3.3GHz 13 inch (Mid 2017),1TB SSD,550,MacBook Pro i5 3.3GHz 13 inch (Mid 2017),2017.0,Mac,MacBook Pro,,Mid 2017,13.0,3.3GHz,i5,,1024.0,SSD,,
,Trade-in Platform,CompAsia,Mac,MacBook Pro i5 3.3GHz 13 inch (Mid 2017),256GB SSD,450,MacBook Pro i5 3.3GHz 13 inch (Mid 2017),2017.0,Mac,MacBook Pro,,Mid 2017,13.0,3.3GHz,i5,,256.0,SSD,,
,Trade-in Platform,CompAsia,Mac,MacBook Pro i5 3.3GHz 13 inch (Mid 2017),512GB SSD,475,MacBook Pro i5 3.3GHz 13 inch (Mid 2017),2017.0,Mac,MacBook Pro,,Mid 2017,13.0,3.3GHz,i5,,512.0,SSD,,
,Trade-in Platform,CompAsia,Mac,MacBook Pro i7 1.7GHz 13 inch (Mid 2019),128GB SSD,475,MacBook Pro i7 1.7GHz 13 inch (Mid 2019),2019.0,Mac,MacBook Pro,,Mid 2019,13.0,1.7GHz,i7,,128.0,SSD,,
,Trade-in Platform,CompAsia,Mac,MacBook Pro i7 1.7GHz 13 inch (Mid 2019),1TB SSD,650,MacBook Pro i7 1.7GHz 13 inch (Mid 2019),2019.0,Mac,MacBook Pro,,Mid 2019,13.0,1.7GHz,i7,,1024.0,SSD,,
,Trade-in Platform,CompAsia,Mac,MacBook Pro i7 1.7GHz 13 inch (Mid 2019),256GB SSD,525,MacBook Pro i7 1.7GHz 13 inch (Mid 2019),2019.0,Mac,MacBook Pro,,Mid 2019,13.0,1.7GHz,i7,,256.0,SSD,,
,Trade-in Platform,CompAsia,Mac,MacBook Pro i7 1.7GHz 13 inch (Mid 2019),2TB SSD,700,MacBook Pro i7 1.7GHz 13 inch (Mid 2019),2019.0,Mac,MacBook Pro,,Mid 2019,13.0,1.7GHz,i7,,2048.0,SSD,,
,Trade-in Platform,CompAsia,Mac,MacBook Pro i7 1.7GHz 13 inch (Mid 2019),512GB SSD,575,MacBook Pro i7 1.7GHz 13 inch (Mid 2019),2019.0,Mac,MacBook Pro,,Mid 2019,13.0,1.7GHz,i7,,512.0,SSD,,
,Trade-in Platform,CompAsia,Mac,MacBook Pro i7 1.7GHz 13 inch (Mid 2020),1TB SSD,800,MacBook Pro i7 1.7GHz 13 inch (Mid 2020),2020.0,Mac,MacBook Pro,,Mid 2020,13.0,1.7GHz,i7,,1024.0,SSD,,
,Trade-in Platform,CompAsia,Mac,MacBook Pro i7 1.7GHz 13 inch (Mid 2020),256GB SSD,750,MacBook Pro i7 1.7GHz 13 inch (Mid 2020),2020.0,Mac,MacBook Pro,,Mid 2020,13.0,1.7GHz,i7,,256.0,SSD,,
,Trade-in Platform,CompAsia,Mac,MacBook Pro i7 1.7GHz 13 inch (Mid 2020),2TB SSD,875,MacBook Pro i7 1.7GHz 13 inch (Mid 2020),2020.0,Mac,MacBook Pro,,Mid 2020,13.0,1.7GHz,i7,,2048.0,SSD,,
,Trade-in Platform,CompAsia,Mac,MacBook Pro i7 1.7GHz 13 inch (Mid 2020),512GB SSD,750,MacBook Pro i7 1.7GHz 13 inch (Mid 2020),2020.0,Mac,MacBook Pro,,Mid 2020,13.0,1.7GHz,i7,,512.0,SSD,,
,Trade-in Platform,CompAsia,Mac,MacBook Pro i7 2.2GHz 15 inch (Mid 2018),1TB SSD,900,MacBook Pro i7 2.2GHz 15 inch (Mid 2018),2018.0,Mac,MacBook Pro,,Mid 2018,15.0,2.2GHz,i7,,1024.0,SSD,,
,Trade-in Platform,CompAsia,Mac,MacBook Pro i7 2.2GHz 15 inch (Mid 2018),256GB SSD,850,MacBook Pro i7 2.2GHz 15 inch (Mid 2018),2018.0,Mac,MacBook Pro,,Mid 2018,15.0,2.2GHz,i7,,256.0,SSD,,
,Trade-in Platform,CompAsia,Mac,MacBook Pro i7 2.2GHz 15 inch (Mid 2018),2TB SSD,1050,MacBook Pro i7 2.2GHz 15 inch (Mid 2018),2018.0,Mac,MacBook Pro,,Mid 2018,15.0,2.2GHz,i7,,2048.0,SSD,,
,Trade-in Platform,CompAsia,Mac,MacBook Pro i7 2.2GHz 15 inch (Mid 2018),4TB SSD,1125,MacBook Pro i7 2.2GHz 15 inch (Mid 2018),2018.0,Mac,MacBook Pro,,Mid 2018,15.0,2.2GHz,i7,,4096.0,SSD,,
,Trade-in Platform,CompAsia,Mac,MacBook Pro i7 2.2GHz 15 inch (Mid 2018),512GB SSD,850,MacBook Pro i7 2.2GHz 15 inch (Mid 2018),2018.0,Mac,MacBook Pro,,Mid 2018,15.0,2.2GHz,i7,,512.0,SSD,,
,Trade-in Platform,CompAsia,Mac,MacBook Pro i7 2.3GHz 13 inch (Mid 2020),1TB SSD,850,MacBook Pro i7 2.3GHz 13 inch (Mid 2020),2020.0,Mac,MacBook Pro,,Mid 2020,13.0,2.3GHz,i7,,1024.0,SSD,,
,Trade-in Platform,CompAsia,Mac,MacBook Pro i7 2.3GHz 13 inch (Mid 2020),2TB SSD,925,MacBook Pro i7 2.3GHz 13 inch (Mid 2020),2020.0,Mac,MacBook Pro,,Mid 2020,13.0,2.3GHz,i7,,2048.0,SSD,,
,Trade-in Platform,CompAsia,Mac,MacBook Pro i7 2.3GHz 13 inch (Mid 2020),4TB SSD,1075,MacBook Pro i7 2.3GHz 13 inch (Mid 2020),2020.0,Mac,MacBook Pro,,Mid 2020,13.0,2.3GHz,i7,,4096.0,SSD,,
,Trade-in Platform,CompAsia,Mac,MacBook Pro i7 2.3GHz 13 inch (Mid 2020),512GB SSD,750,MacBook Pro i7 2.3GHz 13 inch (Mid 2020),2020.0,Mac,MacBook Pro,,Mid 2020,13.0,2.3GHz,i7,,512.0,SSD,,
,Trade-in Platform,CompAsia,Mac,MacBook Pro i7 2.4GHz 13 inch (Late 2016),1TB SSD,400,MacBook Pro i7 2.4GHz 13 inch (Late 2016),2016.0,Mac,MacBook Pro,,Late 2016,13.0,2.4GHz,i7,,1024.0,SSD,,
,Trade-in Platform,CompAsia,Mac,MacBook Pro i7 2.4GHz 13 inch (Late 2016),256GB SSD,300,MacBook Pro i7 2.4GHz 13 inch (Late 2016),2016.0,Mac,MacBook Pro,,Late 2016,13.0,2.4GHz,i7,,256.0,SSD,,
,Trade-in Platform,CompAsia,Mac,MacBook Pro i7 2.4GHz 13 inch (Late 2016),512GB SSD,350,MacBook Pro i7 2.4GHz 13 inch (Late 2016),2016.0,Mac,MacBook Pro,,Late 2016,13.0,2.4GHz,i7,,512.0,SSD,,
,Trade-in Platform,CompAsia,Mac,MacBook Pro i7 2.5GHz 13 inch (Mid 2017),128GB SSD,300,MacBook Pro i7 2.5GHz 13 inch (Mid 2017),2017.0,Mac,MacBook Pro,,Mid 2017,13.0,2.5GHz,i7,,128.0,SSD,,
,Trade-in Platform,CompAsia,Mac,MacBook Pro i7 2.5GHz 13 inch (Mid 2017),1TB SSD,550,MacBook Pro i7 2.5GHz 13 inch (Mid 2017),2017.0,Mac,MacBook Pro,,Mid 2017,13.0,2.5GHz,i7,,1024.0,SSD,,
,Trade-in Platform,CompAsia,Mac,MacBook Pro i7 2.5GHz 13 inch (Mid 2017),256GB SSD,450,MacBook Pro i7 2.5GHz 13 inch (Mid 2017),2017.0,Mac,MacBook Pro,,Mid 2017,13.0,2.5GHz,i7,,256.0,SSD,,
,Trade-in Platform,CompAsia,Mac,MacBook Pro i7 2.5GHz 13 inch (Mid 2017),512GB SSD,500,MacBook Pro i7 2.5GHz 13 inch (Mid 2017),2017.0,Mac,MacBook Pro,,Mid 2017,13.0,2.5GHz,i7,,512.0,SSD,,
,Trade-in Platform,CompAsia,Mac,MacBook Pro i7 2.6GHz 15 inch (Late 2016),1TB SSD,700,MacBook Pro i7 2.6GHz 15 inch (Late 2016),2016.0,Mac,MacBook Pro,,Late 2016,15.0,2.6GHz,i7,,1024.0,SSD,,
,Trade-in Platform,CompAsia,Mac,MacBook Pro i7 2.6GHz 15 inch (Late 2016),16TB,650,MacBook Pro i7 2.6GHz 15 inch (Late 2016),2016.0,Mac,MacBook Pro,,Late 2016,15.0,2.6GHz,i7,16,,,,
,Trade-in Platform,CompAsia,Mac,MacBook Pro i7 2.6GHz 15 inch (Late 2016),2TB SSD,750,MacBook Pro i7 2.6GHz 15 inch (Late 2016),2016.0,Mac,MacBook Pro,,Late 2016,15.0,2.6GHz,i7,,2048.0,SSD,,
,Trade-in Platform,CompAsia,Mac,MacBook Pro i7 2.6GHz 15 inch (Late 2016),512GB SSD,675,MacBook Pro i7 2.6GHz 15 inch (Late 2016),2016.0,Mac,MacBook Pro,,Late 2016,15.0,2.6GHz,i7,,512.0,SSD,,
,Trade-in Platform,CompAsia,Mac,MacBook Pro i7 2.6GHz 15 inch (Mid 2018),1TB SSD,975,MacBook Pro i7 2.6GHz 15 inch (Mid 2018),2018.0,Mac,MacBook Pro,,Mid 2018,15.0,2.6GHz,i7,,1024.0,SSD,,
,Trade-in Platform,CompAsia,Mac,MacBook Pro i7 2.6GHz 15 inch (Mid 2018),256GB SSD,850,MacBook Pro i7 2.6GHz 15 inch (Mid 2018),2018.0,Mac,MacBook Pro,,Mid 2018,15.0,2.6GHz,i7,,256.0,SSD,,
,Trade-in Platform,CompAsia,Mac,MacBook Pro i7 2.6GHz 15 inch (Mid 2018),2TB SSD,1075,MacBook Pro i7 2.6GHz 15 inch (Mid 2018),2018.0,Mac,MacBook Pro,,Mid 2018,15.0,2.6GHz,i7,,2048.0,SSD,,
,Trade-in Platform,CompAsia,Mac,MacBook Pro i7 2.6GHz 15 inch (Mid 2018),4TB SSD,1125,MacBook Pro i7 2.6GHz 15 inch (Mid 2018),2018.0,Mac,MacBook Pro,,Mid 2018,15.0,2.6GHz,i7,,4096.0,SSD,,
,Trade-in Platform,CompAsia,Mac,MacBook Pro i7 2.6GHz 15 inch (Mid 2018),512GB SSD,900,MacBook Pro i7 2.6GHz 15 inch (Mid 2018),2018.0,Mac,MacBook Pro,,Mid 2018,15.0,2.6GHz,i7,,512.0,SSD,,
,Trade-in Platform,CompAsia,Mac,MacBook Pro i7 2.6GHz 15 inch (Mid 2019),1TB SSD,1125,MacBook Pro i7 2.6GHz 15 inch (Mid 2019),2019.0,Mac,MacBook Pro,,Mid 2019,15.0,2.6GHz,i7,,1024.0,SSD,,
,Trade-in Platform,CompAsia,Mac,MacBook Pro i7 2.6GHz 15 inch (Mid 2019),256GB SSD,1000,MacBook Pro i7 2.6GHz 15 inch (Mid 2019),2019.0,Mac,MacBook Pro,,Mid 2019,15.0,2.6GHz,i7,,256.0,SSD,,
,Trade-in Platform,CompAsia,Mac,MacBook Pro i7 2.6GHz 15 inch (Mid 2019),2TB SSD,1250,MacBook Pro i7 2.6GHz 15 inch (Mid 2019),2019.0,Mac,MacBook Pro,,Mid 2019,15.0,2.6GHz,i7,,2048.0,SSD,,
,Trade-in Platform,CompAsia,Mac,MacBook Pro i7 2.6GHz 15 inch (Mid 2019),4TB SSD,1325,MacBook Pro i7 2.6GHz 15 inch (Mid 2019),2019.0,Mac,MacBook Pro,,Mid 2019,15.0,2.6GHz,i7,,4096.0,SSD,,
,Trade-in Platform,CompAsia,Mac,MacBook Pro i7 2.6GHz 15 inch (Mid 2019),512GB SSD,1050,MacBook Pro i7 2.6GHz 15 inch (Mid 2019),2019.0,Mac,MacBook Pro,,Mid 2019,15.0,2.6GHz,i7,,512.0,SSD,,
,Trade-in Platform,CompAsia,Mac,MacBook Pro i7 2.6GHz 16 inch (Late 2019),1TB SSD,1150,MacBook Pro i7 2.6GHz 16 inch (Late 2019),2019.0,Mac,MacBook Pro,,Late 2019,16.0,2.6GHz,i7,,1024.0,SSD,,
,Trade-in Platform,CompAsia,Mac,MacBook Pro i7 2.6GHz 16 inch (Late 2019),2TB SSD,1250,MacBook Pro i7 2.6GHz 16 inch (Late 2019),2019.0,Mac,MacBook Pro,,Late 2019,16.0,2.6GHz,i7,,2048.0,SSD,,
,Trade-in Platform,CompAsia,Mac,MacBook Pro i7 2.6GHz 16 inch (Late 2019),4TB SSD,1350,MacBook Pro i7 2.6GHz 16 inch (Late 2019),2019.0,Mac,MacBook Pro,,Late 2019,16.0,2.6GHz,i7,,4096.0,SSD,,
,Trade-in Platform,CompAsia,Mac,MacBook Pro i7 2.6GHz 16 inch (Late 2019),512GB SSD,1075,MacBook Pro i7 2.6GHz 16 inch (Late 2019),2019.0,Mac,MacBook Pro,,Late 2019,16.0,2.6GHz,i7,,512.0,SSD,,
,Trade-in Platform,CompAsia,Mac,MacBook Pro i7 2.6GHz 16 inch (Late 2019),8TB SSD,1475,MacBook Pro i7 2.6GHz 16 inch (Late 2019),2019.0,Mac,MacBook Pro,,Late 2019,16.0,2.6GHz,i7,,8192.0,SSD,,
,Trade-in Platform,CompAsia,Mac,MacBook Pro i7 2.7GHz 13 inch (Mid 2018),2TB SSD,750,MacBook Pro i7 2.7GHz 13 inch (Mid 2018),2018.0,Mac,MacBook Pro,,Mid 2018,13.0,2.7GHz,i7,,2048.0,SSD,,
,Trade-in Platform,CompAsia,Mac,MacBook Pro i7 2.7GHz 15 inch (Late 2016),1TB SSD,700,MacBook Pro i7 2.7GHz 15 inch (Late 2016),2016.0,Mac,MacBook Pro,,Late 2016,15.0,2.7GHz,i7,,1024.0,SSD,,
,Trade-in Platform,CompAsia,Mac,MacBook Pro i7 2.7GHz 15 inch (Late 2016),256GB SSD,650,MacBook Pro i7 2.7GHz 15 inch (Late 2016),2016.0,Mac,MacBook Pro,,Late 2016,15.0,2.7GHz,i7,,256.0,SSD,,
,Trade-in Platform,CompAsia,Mac,MacBook Pro i7 2.7GHz 15 inch (Late 2016),2TB SSD,750,MacBook Pro i7 2.7GHz 15 inch (Late 2016),2016.0,Mac,MacBook Pro,,Late 2016,15.0,2.7GHz,i7,,2048.0,SSD,,
,Trade-in Platform,CompAsia,Mac,MacBook Pro i7 2.7GHz 15 inch (Late 2016),512GB SSD,675,MacBook Pro i7 2.7GHz 15 inch (Late 2016),2016.0,Mac,MacBook Pro,,Late 2016,15.0,2.7GHz,i7,,512.0,SSD,,
,Trade-in Platform,CompAsia,Mac,MacBook Pro i7 2.8GHz 13 inch (Mid 2019),1TB SSD,725,MacBook Pro i7 2.8GHz 13 inch (Mid 2019),2019.0,Mac,MacBook Pro,,Mid 2019,13.0,2.8GHz,i7,,1024.0,SSD,,
,Trade-in Platform,CompAsia,Mac,MacBook Pro i7 2.8GHz 13 inch (Mid 2019),256GB SSD,700,MacBook Pro i7 2.8GHz 13 inch (Mid 2019),2019.0,Mac,MacBook Pro,,Mid 2019,13.0,2.8GHz,i7,,256.0,SSD,,
,Trade-in Platform,CompAsia,Mac,MacBook Pro i7 2.8GHz 13 inch (Mid 2019),2TB SSD,800,MacBook Pro i7 2.8GHz 13 inch (Mid 2019),2019.0,Mac,MacBook Pro,,Mid 2019,13.0,2.8GHz,i7,,2048.0,SSD,,
,Trade-in Platform,CompAsia,Mac,MacBook Pro i7 2.8GHz 13 inch (Mid 2019),512GB SSD,725,MacBook Pro i7 2.8GHz 13 inch (Mid 2019),2019.0,Mac,MacBook Pro,,Mid 2019,13.0,2.8GHz,i7,,512.0,SSD,,
,Trade-in Platform,CompAsia,Mac,MacBook Pro i7 2.8GHz 15 inch (Mid 2017),1TB SSD,775,MacBook Pro i7 2.8GHz 15 inch (Mid 2017),2017.0,Mac,MacBook Pro,,Mid 2017,15.0,2.8GHz,i7,,1024.0,SSD,,
,Trade-in Platform,CompAsia,Mac,MacBook Pro i7 2.8GHz 15 inch (Mid 2017),256GB SSD,750,MacBook Pro i7 2.8GHz 15 inch (Mid 2017),2017.0,Mac,MacBook Pro,,Mid 2017,15.0,2.8GHz,i7,,256.0,SSD,,
,Trade-in Platform,CompAsia,Mac,MacBook Pro i7 2.8GHz 15 inch (Mid 2017),2TB SSD,825,MacBook Pro i7 2.8GHz 15 inch (Mid 2017),2017.0,Mac,MacBook Pro,,Mid 2017,15.0,2.8GHz,i7,,2048.0,SSD,,
,Trade-in Platform,CompAsia,Mac,MacBook Pro i7 2.8GHz 15 inch (Mid 2017),512GB SSD,750,MacBook Pro i7 2.8GHz 15 inch (Mid 2017),2017.0,Mac,MacBook Pro,,Mid 2017,15.0,2.8GHz,i7,,512.0,SSD,,
,Trade-in Platform,CompAsia,Mac,MacBook Pro i7 2.9GHz 15 inch (Late 2016),1TB SSD,700,MacBook Pro i7 2.9GHz 15 inch (Late 2016),2016.0,Mac,MacBook Pro,,Late 2016,15.0,2.9GHz,i7,,1024.0,SSD,,
,Trade-in Platform,CompAsia,Mac,MacBook Pro i7 2.9GHz 15 inch (Late 2016),256GB SSD,650,MacBook Pro i7 2.9GHz 15 inch (Late 2016),2016.0,Mac,MacBook Pro,,Late 2016,15.0,2.9GHz,i7,,256.0,SSD,,
,Trade-in Platform,CompAsia,Mac,MacBook Pro i7 2.9GHz 15 inch (Late 2016),2TB SSD,750,MacBook Pro i7 2.9GHz 15 inch (Late 2016),2016.0,Mac,MacBook Pro,,Late 2016,15.0,2.9GHz,i7,,2048.0,SSD,,
,Trade-in Platform,CompAsia,Mac,MacBook Pro i7 2.9GHz 15 inch (Late 2016),512GB SSD,675,MacBook Pro i7 2.9GHz 15 inch (Late 2016),2016.0,Mac,MacBook Pro,,Late 2016,15.0,2.9GHz,i7,,512.0,SSD,,
,Trade-in Platform,CompAsia,Mac,MacBook Pro i7 2.9GHz 15 inch (Mid 2017),1TB SSD,775,MacBook Pro i7 2.9GHz 15 inch (Mid 2017),2017.0,Mac,MacBook Pro,,Mid 2017,15.0,2.9GHz,i7,,1024.0,SSD,,
,Trade-in Platform,CompAsia,Mac,MacBook Pro i7 2.9GHz 15 inch (Mid 2017),256GB SSD,750,MacBook Pro i7 2.9GHz 15 inch (Mid 2017),2017.0,Mac,MacBook Pro,,Mid 2017,15.0,2.9GHz,i7,,256.0,SSD,,
,Trade-in Platform,CompAsia,Mac,MacBook Pro i7 2.9GHz 15 inch (Mid 2017),2TB SSD,825,MacBook Pro i7 2.9GHz 15 inch (Mid 2017),2017.0,Mac,MacBook Pro,,Mid 2017,15.0,2.9GHz,i7,,2048.0,SSD,,
,Trade-in Platform,CompAsia,Mac,MacBook Pro i7 2.9GHz 15 inch (Mid 2017),512GB SSD,750,MacBook Pro i7 2.9GHz 15 inch (Mid 2017),2017.0,Mac,MacBook Pro,,Mid 2017,15.0,2.9GHz,i7,,512.0,SSD,,
,Trade-in Platform,CompAsia,Mac,MacBook Pro i7 3.1GHz 15 inch (Mid 2017),1TB SSD,775,MacBook Pro i7 3.1GHz 15 inch (Mid 2017),2017.0,Mac,MacBook Pro,,Mid 2017,15.0,3.1GHz,i7,,1024.0,SSD,,
,Trade-in Platform,CompAsia,Mac,MacBook Pro i7 3.1GHz 15 inch (Mid 2017),256GB SSD,750,MacBook Pro i7 3.1GHz 15 inch (Mid 2017),2017.0,Mac,MacBook Pro,,Mid 2017,15.0,3.1GHz,i7,,256.0,SSD,,
,Trade-in Platform,CompAsia,Mac,MacBook Pro i7 3.1GHz 15 inch (Mid 2017),2TB SSD,825,MacBook Pro i7 3.1GHz 15 inch (Mid 2017),2017.0,Mac,MacBook Pro,,Mid 2017,15.0,3.1GHz,i7,,2048.0,SSD,,
,Trade-in Platform,CompAsia,Mac,MacBook Pro i7 3.1GHz 15 inch (Mid 2017),512GB SSD,750,MacBook Pro i7 3.1GHz 15 inch (Mid 2017),2017.0,Mac,MacBook Pro,,Mid 2017,15.0,3.1GHz,i7,,512.0,SSD,,
,Trade-in Platform,CompAsia,Mac,MacBook Pro i7 3.3GHz 13 inch (Late 2016),1TB SSD,400,MacBook Pro i7 3.3GHz 13 inch (Late 2016),2016.0,Mac,MacBook Pro,,Late 2016,13.0,3.3GHz,i7,,1024.0,SSD,,
,Trade-in Platform,CompAsia,Mac,MacBook Pro i7 3.3GHz 13 inch (Late 2016),256GB SSD,400,MacBook Pro i7 3.3GHz 13 inch (Late 2016),2016.0,Mac,MacBook Pro,,Late 2016,13.0,3.3GHz,i7,,256.0,SSD,,
,Trade-in Platform,CompAsia,Mac,MacBook Pro i7 3.3GHz 13 inch (Late 2016),512GB SSD,400,MacBook Pro i7 3.3GHz 13 inch (Late 2016),2016.0,Mac,MacBook Pro,,Late 2016,13.0,3.3GHz,i7,,512.0,SSD,,
,Trade-in Platform,CompAsia,Mac,MacBook Pro i7 3.5GHz 13 inch (Mid 2017),1TB SSD,775,MacBook Pro i7 3.5GHz 13 inch (Mid 2017),2017.0,Mac,MacBook Pro,,Mid 2017,13.0,3.5GHz,i7,,1024.0,SSD,,
,Trade-in Platform,CompAsia,Mac,MacBook Pro i7 3.5GHz 13 inch (Mid 2017),256GB SSD,675,MacBook Pro i7 3.5GHz 13 inch (Mid 2017),2017.0,Mac,MacBook Pro,,Mid 2017,13.0,3.5GHz,i7,,256.0,SSD,,
,Trade-in Platform,CompAsia,Mac,MacBook Pro i7 3.5GHz 13 inch (Mid 2017),512GB SSD,750,MacBook Pro i7 3.5GHz 13 inch (Mid 2017),2017.0,Mac,MacBook Pro,,Mid 2017,13.0,3.5GHz,i7,,512.0,SSD,,
,Trade-in Platform,CompAsia,Mac,MacBook Pro i9 2.3GHz 15 inch (Mid 2019),1TB SSD,1250,MacBook Pro i9 2.3GHz 15 inch (Mid 2019),2019.0,Mac,MacBook Pro,,Mid 2019,15.0,2.3GHz,i9,,1024.0,SSD,,
,Trade-in Platform,CompAsia,Mac,MacBook Pro i9 2.3GHz 15 inch (Mid 2019),256GB SSD,1000,MacBook Pro i9 2.3GHz 15 inch (Mid 2019),2019.0,Mac,MacBook Pro,,Mid 2019,15.0,2.3GHz,i9,,256.0,SSD,,
,Trade-in Platform,CompAsia,Mac,MacBook Pro i9 2.3GHz 15 inch (Mid 2019),2TB SSD,1350,MacBook Pro i9 2.3GHz 15 inch (Mid 2019),2019.0,Mac,MacBook Pro,,Mid 2019,15.0,2.3GHz,i9,,2048.0,SSD,,
,Trade-in Platform,CompAsia,Mac,MacBook Pro i9 2.3GHz 15 inch (Mid 2019),4TB SSD,1475,MacBook Pro i9 2.3GHz 15 inch (Mid 2019),2019.0,Mac,MacBook Pro,,Mid 2019,15.0,2.3GHz,i9,,4096.0,SSD,,
,Trade-in Platform,CompAsia,Mac,MacBook Pro i9 2.3GHz 15 inch (Mid 2019),512GB SSD,1075,MacBook Pro i9 2.3GHz 15 inch (Mid 2019),2019.0,Mac,MacBook Pro,,Mid 2019,15.0,2.3GHz,i9,,512.0,SSD,,
,Trade-in Platform,CompAsia,Mac,MacBook Pro i9 2.3GHz 16 inch (Late 2019),1TB SSD,1250,MacBook Pro i9 2.3GHz 16 inch (Late 2019),2019.0,Mac,MacBook Pro,,Late 2019,16.0,2.3GHz,i9,,1024.0,SSD,,
,Trade-in Platform,CompAsia,Mac,MacBook Pro i9 2.3GHz 16 inch (Late 2019),2TB SSD,1350,MacBook Pro i9 2.3GHz 16 inch (Late 2019),2019.0,Mac,MacBook Pro,,Late 2019,16.0,2.3GHz,i9,,2048.0,SSD,,
,Trade-in Platform,CompAsia,Mac,MacBook Pro i9 2.3GHz 16 inch (Late 2019),4TB SSD,1475,MacBook Pro i9 2.3GHz 16 inch (Late 2019),2019.0,Mac,MacBook Pro,,Late 2019,16.0,2.3GHz,i9,,4096.0,SSD,,
,Trade-in Platform,CompAsia,Mac,MacBook Pro i9 2.3GHz 16 inch (Late 2019),8TB SSD,1500,MacBook Pro i9 2.3GHz 16 inch (Late 2019),2019.0,Mac,MacBook Pro,,Late 2019,16.0,2.3GHz,i9,,8192.0,SSD,,
,Trade-in Platform,CompAsia,Mac,MacBook Pro i9 2.4GHz 15 inch (Mid 2019),1TB SSD,1250,MacBook Pro i9 2.4GHz 15 inch (Mid 2019),2019.0,Mac,MacBook Pro,,Mid 2019,15.0,2.4GHz,i9,,1024.0,SSD,,
,Trade-in Platform,CompAsia,Mac,MacBook Pro i9 2.4GHz 15 inch (Mid 2019),256GB SSD,1000,MacBook Pro i9 2.4GHz 15 inch (Mid 2019),2019.0,Mac,MacBook Pro,,Mid 2019,15.0,2.4GHz,i9,,256.0,SSD,,
,Trade-in Platform,CompAsia,Mac,MacBook Pro i9 2.4GHz 15 inch (Mid 2019),2TB SSD,1350,MacBook Pro i9 2.4GHz 15 inch (Mid 2019),2019.0,Mac,MacBook Pro,,Mid 2019,15.0,2.4GHz,i9,,2048.0,SSD,,
,Trade-in Platform,CompAsia,Mac,MacBook Pro i9 2.4GHz 15 inch (Mid 2019),4TB SSD,1475,MacBook Pro i9 2.4GHz 15 inch (Mid 2019),2019.0,Mac,MacBook Pro,,Mid 2019,15.0,2.4GHz,i9,,4096.0,SSD,,
,Trade-in Platform,CompAsia,Mac,MacBook Pro i9 2.4GHz 15 inch (Mid 2019),512GB SSD,1150,MacBook Pro i9 2.4GHz 15 inch (Mid 2019),2019.0,Mac,MacBook Pro,,Mid 2019,15.0,2.4GHz,i9,,512.0,SSD,,
,Trade-in Platform,CompAsia,Mac,MacBook Pro i9 2.4GHz 16 inch (Late 2019),1TB SSD,1375,MacBook Pro i9 2.4GHz 16 inch (Late 2019),2019.0,Mac,MacBook Pro,,Late 2019,16.0,2.4GHz,i9,,1024.0,SSD,,
,Trade-in Platform,CompAsia,Mac,MacBook Pro i9 2.4GHz 16 inch (Late 2019),2TB SSD,1450,MacBook Pro i9 2.4GHz 16 inch (Late 2019),2019.0,Mac,MacBook Pro,,Late 2019,16.0,2.4GHz,i9,,2048.0,SSD,,
,Trade-in Platform,CompAsia,Mac,MacBook Pro i9 2.4GHz 16 inch (Late 2019),4TB SSD,1575,MacBook Pro i9 2.4GHz 16 inch (Late 2019),2019.0,Mac,MacBook Pro,,Late 2019,16.0,2.4GHz,i9,,4096.0,SSD,,
,Trade-in Platform,CompAsia,Mac,MacBook Pro i9 2.4GHz 16 inch (Late 2019),512GB SSD,1150,MacBook Pro i9 2.4GHz 16 inch (Late 2019),2019.0,Mac,MacBook Pro,,Late 2019,16.0,2.4GHz,i9,,512.0,SSD,,
,Trade-in Platform,CompAsia,Mac,MacBook Pro i9 2.4GHz 16 inch (Late 2019),8TB SSD,1700,MacBook Pro i9 2.4GHz 16 inch (Late 2019),2019.0,Mac,MacBook Pro,,Late 2019,16.0,2.4GHz,i9,,8192.0,SSD,,
,Trade-in Platform,CompAsia,Mac,MacBook Pro i9 2.9GHz 15 inch (Mid 2018),1TB SSD,975,MacBook Pro i9 2.9GHz 15 inch (Mid 2018),2018.0,Mac,MacBook Pro,,Mid 2018,15.0,2.9GHz,i9,,1024.0,SSD,,
,Trade-in Platform,CompAsia,Mac,MacBook Pro i9 2.9GHz 15 inch (Mid 2018),256GB SSD,850,MacBook Pro i9 2.9GHz 15 inch (Mid 2018),2018.0,Mac,MacBook Pro,,Mid 2018,15.0,2.9GHz,i9,,256.0,SSD,,
,Trade-in Platform,CompAsia,Mac,MacBook Pro i9 2.9GHz 15 inch (Mid 2018),2TB SSD,1075,MacBook Pro i9 2.9GHz 15 inch (Mid 2018),2018.0,Mac,MacBook Pro,,Mid 2018,15.0,2.9GHz,i9,,2048.0,SSD,,
,Trade-in Platform,CompAsia,Mac,MacBook Pro i9 2.9GHz 15 inch (Mid 2018),4TB SSD,1150,MacBook Pro i9 2.9GHz 15 inch (Mid 2018),2018.0,Mac,MacBook Pro,,Mid 2018,15.0,2.9GHz,i9,,4096.0,SSD,,
,Trade-in Platform,CompAsia,Mac,MacBook Pro i9 2.9GHz 15 inch (Mid 2018),512GB SSD,900,MacBook Pro i9 2.9GHz 15 inch (Mid 2018),2018.0,Mac,MacBook Pro,,Mid 2018,15.0,2.9GHz,i9,,512.0,SSD,,
,Trade-in Platform,CompAsia,Mac,MacBook Pro M1 8-Core CPU and 8-Core GPU 13 inch (Late 2020),1TB SSD,1000,MacBook Pro M1 8-Core CPU and 8-Core GPU 13 inch (Late 2020),2020.0,Mac,MacBook Pro,,Late 2020,13.0,,M1 ,,1024.0,SSD,,
,Trade-in Platform,CompAsia,Mac,MacBook Pro M1 8-Core CPU and 8-Core GPU 13 inch (Late 2020),256GB SSD,875,MacBook Pro M1 8-Core CPU and 8-Core GPU 13 inch (Late 2020),2020.0,Mac,MacBook Pro,,Late 2020,13.0,,M1 ,,256.0,SSD,,
,Trade-in Platform,CompAsia,Mac,MacBook Pro M1 8-Core CPU and 8-Core GPU 13 inch (Late 2020),2TB SSD,1125,MacBook Pro M1 8-Core CPU and 8-Core GPU 13 inch (Late 2020),2020.0,Mac,MacBook Pro,,Late 2020,13.0,,M1 ,,2048.0,SSD,,
,Trade-in Platform,CompAsia,Mac,MacBook Pro M1 8-Core CPU and 8-Core GPU 13 inch (Late 2020),512GB SSD,925,MacBook Pro M1 8-Core CPU and 8-Core GPU 13 inch (Late 2020),2020.0,Mac,MacBook Pro,,Late 2020,13.0,,M1 ,,512.0,SSD,,
,Trade-in Platform,CompAsia,Mac,MacBook Pro M2 8-Core CPU and 10-Core GPU 13 inch (Mid 2022),1TB SSD,1875,MacBook Pro M2 8-Core CPU and 10-Core GPU 13 inch (Mid 2022),2022.0,Mac,MacBook Pro,,Mid 2022,13.0,,M2 ,,1024.0,SSD,,
,Trade-in Platform,CompAsia,Mac,MacBook Pro M2 8-Core CPU and 10-Core GPU 13 inch (Mid 2022),256GB SSD,1375,MacBook Pro M2 8-Core CPU and 10-Core GPU 13 inch (Mid 2022),2022.0,Mac,MacBook Pro,,Mid 2022,13.0,,M2 ,,256.0,SSD,,
,Trade-in Platform,CompAsia,Mac,MacBook Pro M2 8-Core CPU and 10-Core GPU 13 inch (Mid 2022),2TB SSD,2225,MacBook Pro M2 8-Core CPU and 10-Core GPU 13 inch (Mid 2022),2022.0,Mac,MacBook Pro,,Mid 2022,13.0,,M2 ,,2048.0,SSD,,
,Trade-in Platform,CompAsia,Mac,MacBook Pro M2 8-Core CPU and 10-Core GPU 13 inch (Mid 2022),512GB SSD,1675,MacBook Pro M2 8-Core CPU and 10-Core GPU 13 inch (Mid 2022),2022.0,Mac,MacBook Pro,,Mid 2022,13.0,,M2 ,,512.0,SSD,,
,Trade-in Platform,CompAsia,Mac,MacBook Pro M2 Max 12-Core CPU and 30-Core GPU 14 inch (Early 2023),1TB SSD,3025,MacBook Pro M2 Max 12-Core CPU and 30-Core GPU 14 inch (Early 2023),2023.0,Mac,MacBook Pro,,Early 2023,14.0,,M2 Max,,1024.0,SSD,,
,Trade-in Platform,CompAsia,Mac,MacBook Pro M2 Max 12-Core CPU and 30-Core GPU 14 inch (Early 2023),2TB SSD,3800,MacBook Pro M2 Max 12-Core CPU and 30-Core GPU 14 inch (Early 2023),2023.0,Mac,MacBook Pro,,Early 2023,14.0,,M2 Max,,2048.0,SSD,,
,Trade-in Platform,CompAsia,Mac,MacBook Pro M2 Max 12-Core CPU and 30-Core GPU 14 inch (Early 2023),4TB SSD,4575,MacBook Pro M2 Max 12-Core CPU and 30-Core GPU 14 inch (Early 2023),2023.0,Mac,MacBook Pro,,Early 2023,14.0,,M2 Max,,4096.0,SSD,,
,Trade-in Platform,CompAsia,Mac,MacBook Pro M2 Max 12-Core CPU and 30-Core GPU 14 inch (Early 2023),512GB SSD,3000,MacBook Pro M2 Max 12-Core CPU and 30-Core GPU 14 inch (Early 2023),2023.0,Mac,MacBook Pro,,Early 2023,14.0,,M2 Max,,512.0,SSD,,
,Trade-in Platform,CompAsia,Mac,MacBook Pro M2 Max 12-Core CPU and 30-Core GPU 14 inch (Early 2023),8TB SSD,5775,MacBook Pro M2 Max 12-Core CPU and 30-Core GPU 14 inch (Early 2023),2023.0,Mac,MacBook Pro,,Early 2023,14.0,,M2 Max,,8192.0,SSD,,
,Trade-in Platform,CompAsia,Mac,MacBook Pro M2 Max 12-Core CPU and 30-Core GPU 16 inch (Early 2023),1TB SSD,3825,MacBook Pro M2 Max 12-Core CPU and 30-Core GPU 16 inch (Early 2023),2023.0,Mac,MacBook Pro,,Early 2023,16.0,,M2 Max,,1024.0,SSD,,
,Trade-in Platform,CompAsia,Mac,MacBook Pro M2 Max 12-Core CPU and 30-Core GPU 16 inch (Early 2023),2TB SSD,4125,MacBook Pro M2 Max 12-Core CPU and 30-Core GPU 16 inch (Early 2023),2023.0,Mac,MacBook Pro,,Early 2023,16.0,,M2 Max,,2048.0,SSD,,
,Trade-in Platform,CompAsia,Mac,MacBook Pro M2 Max 12-Core CPU and 30-Core GPU 16 inch (Early 2023),4TB SSD,4725,MacBook Pro M2 Max 12-Core CPU and 30-Core GPU 16 inch (Early 2023),2023.0,Mac,MacBook Pro,,Early 2023,16.0,,M2 Max,,4096.0,SSD,,
,Trade-in Platform,CompAsia,Mac,MacBook Pro M2 Max 12-Core CPU and 30-Core GPU 16 inch (Early 2023),512GB SSD,3600,MacBook Pro M2 Max 12-Core CPU and 30-Core GPU 16 inch (Early 2023),2023.0,Mac,MacBook Pro,,Early 2023,16.0,,M2 Max,,512.0,SSD,,
,Trade-in Platform,CompAsia,Mac,MacBook Pro M2 Max 12-Core CPU and 30-Core GPU 16 inch (Early 2023),8TB SSD,5950,MacBook Pro M2 Max 12-Core CPU and 30-Core GPU 16 inch (Early 2023),2023.0,Mac,MacBook Pro,,Early 2023,16.0,,M2 Max,,8192.0,SSD,,
,Trade-in Platform,CompAsia,Mac,MacBook Pro M2 Max 12-Core CPU and 38-Core GPU 14 inch (Early 2023),1TB SSD,3725,MacBook Pro M2 Max 12-Core CPU and 38-Core GPU 14 inch (Early 2023),2023.0,Mac,MacBook Pro,,Early 2023,14.0,,M2 Max,,1024.0,SSD,,
,Trade-in Platform,CompAsia,Mac,MacBook Pro M2 Max 12-Core CPU and 38-Core GPU 14 inch (Early 2023),2TB SSD,4125,MacBook Pro M2 Max 12-Core CPU and 38-Core GPU 14 inch (Early 2023),2023.0,Mac,MacBook Pro,,Early 2023,14.0,,M2 Max,,2048.0,SSD,,
,Trade-in Platform,CompAsia,Mac,MacBook Pro M2 Max 12-Core CPU and 38-Core GPU 14 inch (Early 2023),4TB SSD,4775,MacBook Pro M2 Max 12-Core CPU and 38-Core GPU 14 inch (Early 2023),2023.0,Mac,MacBook Pro,,Early 2023,14.0,,M2 Max,,4096.0,SSD,,
,Trade-in Platform,CompAsia,Mac,MacBook Pro M2 Max 12-Core CPU and 38-Core GPU 14 inch (Early 2023),512GB SSD,3475,MacBook Pro M2 Max 12-Core CPU and 38-Core GPU 14 inch (Early 2023),2023.0,Mac,MacBook Pro,,Early 2023,14.0,,M2 Max,,512.0,SSD,,
,Trade-in Platform,CompAsia,Mac,MacBook Pro M2 Max 12-Core CPU and 38-Core GPU 14 inch (Early 2023),8TB SSD,5825,MacBook Pro M2 Max 12-Core CPU and 38-Core GPU 14 inch (Early 2023),2023.0,Mac,MacBook Pro,,Early 2023,14.0,,M2 Max,,8192.0,SSD,,
,Trade-in Platform,CompAsia,Mac,MacBook Pro M2 Max 12-Core CPU and 38-Core GPU 16 inch (Early 2023),1TB SSD,4000,MacBook Pro M2 Max 12-Core CPU and 38-Core GPU 16 inch (Early 2023),2023.0,Mac,MacBook Pro,,Early 2023,16.0,,M2 Max,,1024.0,SSD,,
,Trade-in Platform,CompAsia,Mac,MacBook Pro M2 Max 12-Core CPU and 38-Core GPU 16 inch (Early 2023),2TB SSD,4500,MacBook Pro M2 Max 12-Core CPU and 38-Core GPU 16 inch (Early 2023),2023.0,Mac,MacBook Pro,,Early 2023,16.0,,M2 Max,,2048.0,SSD,,
,Trade-in Platform,CompAsia,Mac,MacBook Pro M2 Max 12-Core CPU and 38-Core GPU 16 inch (Early 2023),4TB SSD,4950,MacBook Pro M2 Max 12-Core CPU and 38-Core GPU 16 inch (Early 2023),2023.0,Mac,MacBook Pro,,Early 2023,16.0,,M2 Max,,4096.0,SSD,,
,Trade-in Platform,CompAsia,Mac,MacBook Pro M2 Max 12-Core CPU and 38-Core GPU 16 inch (Early 2023),512GB SSD,3925,MacBook Pro M2 Max 12-Core CPU and 38-Core GPU 16 inch (Early 2023),2023.0,Mac,MacBook Pro,,Early 2023,16.0,,M2 Max,,512.0,SSD,,
,Trade-in Platform,CompAsia,Mac,MacBook Pro M2 Max 12-Core CPU and 38-Core GPU 16 inch (Early 2023),8TB SSD,5975,MacBook Pro M2 Max 12-Core CPU and 38-Core GPU 16 inch (Early 2023),2023.0,Mac,MacBook Pro,,Early 2023,16.0,,M2 Max,,8192.0,SSD,,
,Trade-in Platform,CompAsia,Mac,MacBook Pro M2 Pro 10-Core CPU and 16-Core GPU 14 inch (Early 2023),1TB SSD,2625,MacBook Pro M2 Pro 10-Core CPU and 16-Core GPU 14 inch (Early 2023),2023.0,Mac,MacBook Pro,,Early 2023,14.0,,M2 pro,,1024.0,SSD,,
,Trade-in Platform,CompAsia,Mac,MacBook Pro M2 Pro 10-Core CPU and 16-Core GPU 14 inch (Early 2023),2TB SSD,3075,MacBook Pro M2 Pro 10-Core CPU and 16-Core GPU 14 inch (Early 2023),2023.0,Mac,MacBook Pro,,Early 2023,14.0,,M2 pro,,2048.0,SSD,,
,Trade-in Platform,CompAsia,Mac,MacBook Pro M2 Pro 10-Core CPU and 16-Core GPU 14 inch (Early 2023),4TB SSD,3575,MacBook Pro M2 Pro 10-Core CPU and 16-Core GPU 14 inch (Early 2023),2023.0,Mac,MacBook Pro,,Early 2023,14.0,,M2 pro,,4096.0,SSD,,
,Trade-in Platform,CompAsia,Mac,MacBook Pro M2 Pro 10-Core CPU and 16-Core GPU 14 inch (Early 2023),512GB SSD,2450,MacBook Pro M2 Pro 10-Core CPU and 16-Core GPU 14 inch (Early 2023),2023.0,Mac,MacBook Pro,,Early 2023,14.0,,M2 pro,,512.0,SSD,,
,Trade-in Platform,CompAsia,Mac,MacBook Pro M2 Pro 10-Core CPU and 16-Core GPU 14 inch (Early 2023),8TB SSD,4050,MacBook Pro M2 Pro 10-Core CPU and 16-Core GPU 14 inch (Early 2023),2023.0,Mac,MacBook Pro,,Early 2023,14.0,,M2 pro,,8192.0,SSD,,
,Trade-in Platform,CompAsia,Mac,MacBook Pro M2 Pro 12-Core CPU and 19-Core GPU 14 inch (Early 2023),1TB SSD,2625,MacBook Pro M2 Pro 12-Core CPU and 19-Core GPU 14 inch (Early 2023),2023.0,Mac,MacBook Pro,,Early 2023,14.0,,M2 pro,,1024.0,SSD,,
,Trade-in Platform,CompAsia,Mac,MacBook Pro M2 Pro 12-Core CPU and 19-Core GPU 14 inch (Early 2023),2TB SSD,3275,MacBook Pro M2 Pro 12-Core CPU and 19-Core GPU 14 inch (Early 2023),2023.0,Mac,MacBook Pro,,Early 2023,14.0,,M2 pro,,2048.0,SSD,,
,Trade-in Platform,CompAsia,Mac,MacBook Pro M2 Pro 12-Core CPU and 19-Core GPU 14 inch (Early 2023),4TB SSD,3800,MacBook Pro M2 Pro 12-Core CPU and 19-Core GPU 14 inch (Early 2023),2023.0,Mac,MacBook Pro,,Early 2023,14.0,,M2 pro,,4096.0,SSD,,
,Trade-in Platform,CompAsia,Mac,MacBook Pro M2 Pro 12-Core CPU and 19-Core GPU 14 inch (Early 2023),512GB SSD,2500,MacBook Pro M2 Pro 12-Core CPU and 19-Core GPU 14 inch (Early 2023),2023.0,Mac,MacBook Pro,,Early 2023,14.0,,M2 pro,,512.0,SSD,,
,Trade-in Platform,CompAsia,Mac,MacBook Pro M2 Pro 12-Core CPU and 19-Core GPU 14 inch (Early 2023),8TB SSD,4625,MacBook Pro M2 Pro 12-Core CPU and 19-Core GPU 14 inch (Early 2023),2023.0,Mac,MacBook Pro,,Early 2023,14.0,,M2 pro,,8192.0,SSD,,
,Trade-in Platform,CompAsia,Mac,MacBook Pro M2 Pro 12-Core CPU and 19-Core GPU 16 inch (Early 2023),1TB SSD,3125,MacBook Pro M2 Pro 12-Core CPU and 19-Core GPU 16 inch (Early 2023),2023.0,Mac,MacBook Pro,,Early 2023,16.0,,M2 pro,,1024.0,SSD,,
,Trade-in Platform,CompAsia,Mac,MacBook Pro M2 Pro 12-Core CPU and 19-Core GPU 16 inch (Early 2023),2TB SSD,3500,MacBook Pro M2 Pro 12-Core CPU and 19-Core GPU 16 inch (Early 2023),2023.0,Mac,MacBook Pro,,Early 2023,16.0,,M2 pro,,2048.0,SSD,,
,Trade-in Platform,CompAsia,Mac,MacBook Pro M2 Pro 12-Core CPU and 19-Core GPU 16 inch (Early 2023),4TB SSD,4300,MacBook Pro M2 Pro 12-Core CPU and 19-Core GPU 16 inch (Early 2023),2023.0,Mac,MacBook Pro,,Early 2023,16.0,,M2 pro,,4096.0,SSD,,
,Trade-in Platform,CompAsia,Mac,MacBook Pro M2 Pro 12-Core CPU and 19-Core GPU 16 inch (Early 2023),512GB SSD,2925,MacBook Pro M2 Pro 12-Core CPU and 19-Core GPU 16 inch (Early 2023),2023.0,Mac,MacBook Pro,,Early 2023,16.0,,M2 pro,,512.0,SSD,,
,Trade-in Platform,CompAsia,Mac,MacBook Pro M2 Pro 12-Core CPU and 19-Core GPU 16 inch (Early 2023),8TB SSD,5250,MacBook Pro M2 Pro 12-Core CPU and 19-Core GPU 16 inch (Early 2023),2023.0,Mac,MacBook Pro,,Early 2023,16.0,,M2 pro,,8192.0,SSD,,
,Trade-in Platform,CompAsia,Mac,MacBook Pro M3 8-Core CPU and 10-Core GPU 14 inch (Late 2023),1TB SSD,2800,MacBook Pro M3 8-Core CPU and 10-Core GPU 14 inch (Late 2023),2023.0,Mac,MacBook Pro,,Late 2023,14.0,,M3 ,,1024.0,SSD,,
,Trade-in Platform,CompAsia,Mac,MacBook Pro M3 8-Core CPU and 10-Core GPU 14 inch (Late 2023),2TB SSD,3375,MacBook Pro M3 8-Core CPU and 10-Core GPU 14 inch (Late 2023),2023.0,Mac,MacBook Pro,,Late 2023,14.0,,M3 ,,2048.0,SSD,,
,Trade-in Platform,CompAsia,Mac,MacBook Pro M3 8-Core CPU and 10-Core GPU 14 inch (Late 2023),512GB SSD,2525,MacBook Pro M3 8-Core CPU and 10-Core GPU 14 inch (Late 2023),2023.0,Mac,MacBook Pro,,Late 2023,14.0,,M3 ,,512.0,SSD,,
,Trade-in Platform,CompAsia,Mac,MacBook Pro M3 Max 14-Core CPU and 30-Core GPU 14 inch (Late 2023),1TB SSD,4800,MacBook Pro M3 Max 14-Core CPU and 30-Core GPU 14 inch (Late 2023),2023.0,Mac,MacBook Pro,,Late 2023,14.0,,M3 Max,,1024.0,SSD,,
,Trade-in Platform,CompAsia,Mac,MacBook Pro M3 Max 14-Core CPU and 30-Core GPU 14 inch (Late 2023),2TB SSD,5225,MacBook Pro M3 Max 14-Core CPU and 30-Core GPU 14 inch (Late 2023),2023.0,Mac,MacBook Pro,,Late 2023,14.0,,M3 Max,,2048.0,SSD,,
,Trade-in Platform,CompAsia,Mac,MacBook Pro M3 Max 14-Core CPU and 30-Core GPU 14 inch (Late 2023),4TB SSD,6200,MacBook Pro M3 Max 14-Core CPU and 30-Core GPU 14 inch (Late 2023),2023.0,Mac,MacBook Pro,,Late 2023,14.0,,M3 Max,,4096.0,SSD,,
,Trade-in Platform,CompAsia,Mac,MacBook Pro M3 Max 14-Core CPU and 30-Core GPU 14 inch (Late 2023),512GB SSD,4600,MacBook Pro M3 Max 14-Core CPU and 30-Core GPU 14 inch (Late 2023),2023.0,Mac,MacBook Pro,,Late 2023,14.0,,M3 Max,,512.0,SSD,,
,Trade-in Platform,CompAsia,Mac,MacBook Pro M3 Max 14-Core CPU and 30-Core GPU 14 inch (Late 2023),8TB SSD,7400,MacBook Pro M3 Max 14-Core CPU and 30-Core GPU 14 inch (Late 2023),2023.0,Mac,MacBook Pro,,Late 2023,14.0,,M3 Max,,8192.0,SSD,,
,Trade-in Platform,CompAsia,Mac,MacBook Pro M3 Max 14-Core CPU and 30-Core GPU 16 inch (Late 2023),1TB SSD,5650,MacBook Pro M3 Max 14-Core CPU and 30-Core GPU 16 inch (Late 2023),2023.0,Mac,MacBook Pro,,Late 2023,16.0,,M3 Max,,1024.0,SSD,,
,Trade-in Platform,CompAsia,Mac,MacBook Pro M3 Max 14-Core CPU and 30-Core GPU 16 inch (Late 2023),2TB SSD,6125,MacBook Pro M3 Max 14-Core CPU and 30-Core GPU 16 inch (Late 2023),2023.0,Mac,MacBook Pro,,Late 2023,16.0,,M3 Max,,2048.0,SSD,,
,Trade-in Platform,CompAsia,Mac,MacBook Pro M3 Max 14-Core CPU and 30-Core GPU 16 inch (Late 2023),4TB SSD,7000,MacBook Pro M3 Max 14-Core CPU and 30-Core GPU 16 inch (Late 2023),2023.0,Mac,MacBook Pro,,Late 2023,16.0,,M3 Max,,4096.0,SSD,,
,Trade-in Platform,CompAsia,Mac,MacBook Pro M3 Max 14-Core CPU and 30-Core GPU 16 inch (Late 2023),512GB SSD,5200,MacBook Pro M3 Max 14-Core CPU and 30-Core GPU 16 inch (Late 2023),2023.0,Mac,MacBook Pro,,Late 2023,16.0,,M3 Max,,512.0,SSD,,
,Trade-in Platform,CompAsia,Mac,MacBook Pro M3 Max 14-Core CPU and 30-Core GPU 16 inch (Late 2023),8TB SSD,8700,MacBook Pro M3 Max 14-Core CPU and 30-Core GPU 16 inch (Late 2023),2023.0,Mac,MacBook Pro,,Late 2023,16.0,,M3 Max,,8192.0,SSD,,
,Trade-in Platform,CompAsia,Mac,MacBook Pro M3 Max 16-Core CPU and 40-Core GPU 14 inch (Late 2023),1TB SSD,5400,MacBook Pro M3 Max 16-Core CPU and 40-Core GPU 14 inch (Late 2023),2023.0,Mac,MacBook Pro,,Late 2023,14.0,,M3 Max,,1024.0,SSD,,
,Trade-in Platform,CompAsia,Mac,MacBook Pro M3 Max 16-Core CPU and 40-Core GPU 14 inch (Late 2023),2TB SSD,6075,MacBook Pro M3 Max 16-Core CPU and 40-Core GPU 14 inch (Late 2023),2023.0,Mac,MacBook Pro,,Late 2023,14.0,,M3 Max,,2048.0,SSD,,
,Trade-in Platform,CompAsia,Mac,MacBook Pro M3 Max 16-Core CPU and 40-Core GPU 14 inch (Late 2023),4TB SSD,6900,MacBook Pro M3 Max 16-Core CPU and 40-Core GPU 14 inch (Late 2023),2023.0,Mac,MacBook Pro,,Late 2023,14.0,,M3 Max,,4096.0,SSD,,
,Trade-in Platform,CompAsia,Mac,MacBook Pro M3 Max 16-Core CPU and 40-Core GPU 14 inch (Late 2023),512GB SSD,5225,MacBook Pro M3 Max 16-Core CPU and 40-Core GPU 14 inch (Late 2023),2023.0,Mac,MacBook Pro,,Late 2023,14.0,,M3 Max,,512.0,SSD,,
,Trade-in Platform,CompAsia,Mac,MacBook Pro M3 Max 16-Core CPU and 40-Core GPU 14 inch (Late 2023),8TB SSD,8450,MacBook Pro M3 Max 16-Core CPU and 40-Core GPU 14 inch (Late 2023),2023.0,Mac,MacBook Pro,,Late 2023,14.0,,M3 Max,,8192.0,SSD,,
,Trade-in Platform,CompAsia,Mac,MacBook Pro M3 Max 16-Core CPU and 40-Core GPU 16 inch (Late 2023),1TB SSD,6425,MacBook Pro M3 Max 16-Core CPU and 40-Core GPU 16 inch (Late 2023),2023.0,Mac,MacBook Pro,,Late 2023,16.0,,M3 Max,,1024.0,SSD,,
,Trade-in Platform,CompAsia,Mac,MacBook Pro M3 Max 16-Core CPU and 40-Core GPU 16 inch (Late 2023),2TB SSD,7000,MacBook Pro M3 Max 16-Core CPU and 40-Core GPU 16 inch (Late 2023),2023.0,Mac,MacBook Pro,,Late 2023,16.0,,M3 Max,,2048.0,SSD,,
,Trade-in Platform,CompAsia,Mac,MacBook Pro M3 Max 16-Core CPU and 40-Core GPU 16 inch (Late 2023),4TB SSD,7775,MacBook Pro M3 Max 16-Core CPU and 40-Core GPU 16 inch (Late 2023),2023.0,Mac,MacBook Pro,,Late 2023,16.0,,M3 Max,,4096.0,SSD,,
,Trade-in Platform,CompAsia,Mac,MacBook Pro M3 Max 16-Core CPU and 40-Core GPU 16 inch (Late 2023),512GB SSD,5975,MacBook Pro M3 Max 16-Core CPU and 40-Core GPU 16 inch (Late 2023),2023.0,Mac,MacBook Pro,,Late 2023,16.0,,M3 Max,,512.0,SSD,,
,Trade-in Platform,CompAsia,Mac,MacBook Pro M3 Max 16-Core CPU and 40-Core GPU 16 inch (Late 2023),8TB SSD,9550,MacBook Pro M3 Max 16-Core CPU and 40-Core GPU 16 inch (Late 2023),2023.0,Mac,MacBook Pro,,Late 2023,16.0,,M3 Max,,8192.0,SSD,,
,Trade-in Platform,CompAsia,Mac,MacBook Pro M3 Pro 11-Core CPU and 14-Core GPU 14 inch (Late 2023),1TB SSD,3300,MacBook Pro M3 Pro 11-Core CPU and 14-Core GPU 14 inch (Late 2023),2023.0,Mac,MacBook Pro,,Late 2023,14.0,,M3 pro,,1024.0,SSD,,
,Trade-in Platform,CompAsia,Mac,MacBook Pro M3 Pro 11-Core CPU and 14-Core GPU 14 inch (Late 2023),2TB SSD,4075,MacBook Pro M3 Pro 11-Core CPU and 14-Core GPU 14 inch (Late 2023),2023.0,Mac,MacBook Pro,,Late 2023,14.0,,M3 pro,,2048.0,SSD,,
,Trade-in Platform,CompAsia,Mac,MacBook Pro M3 Pro 11-Core CPU and 14-Core GPU 14 inch (Late 2023),4TB SSD,4725,MacBook Pro M3 Pro 11-Core CPU and 14-Core GPU 14 inch (Late 2023),2023.0,Mac,MacBook Pro,,Late 2023,14.0,,M3 pro,,4096.0,SSD,,
,Trade-in Platform,CompAsia,Mac,MacBook Pro M3 Pro 11-Core CPU and 14-Core GPU 14 inch (Late 2023),512GB SSD,3000,MacBook Pro M3 Pro 11-Core CPU and 14-Core GPU 14 inch (Late 2023),2023.0,Mac,MacBook Pro,,Late 2023,14.0,,M3 pro,,512.0,SSD,,
,Trade-in Platform,CompAsia,Mac,MacBook Pro M3 Pro 12-Core CPU and 18-Core GPU 14 inch (Late 2023),1TB SSD,3700,MacBook Pro M3 Pro 12-Core CPU and 18-Core GPU 14 inch (Late 2023),2023.0,Mac,MacBook Pro,,Late 2023,14.0,,M3 pro,,1024.0,SSD,,
,Trade-in Platform,CompAsia,Mac,MacBook Pro M3 Pro 12-Core CPU and 18-Core GPU 14 inch (Late 2023),2TB SSD,4100,MacBook Pro M3 Pro 12-Core CPU and 18-Core GPU 14 inch (Late 2023),2023.0,Mac,MacBook Pro,,Late 2023,14.0,,M3 pro,,2048.0,SSD,,
,Trade-in Platform,CompAsia,Mac,MacBook Pro M3 Pro 12-Core CPU and 18-Core GPU 14 inch (Late 2023),4TB SSD,4725,MacBook Pro M3 Pro 12-Core CPU and 18-Core GPU 14 inch (Late 2023),2023.0,Mac,MacBook Pro,,Late 2023,14.0,,M3 pro,,4096.0,SSD,,
,Trade-in Platform,CompAsia,Mac,MacBook Pro M3 Pro 12-Core CPU and 18-Core GPU 14 inch (Late 2023),512GB SSD,3400,MacBook Pro M3 Pro 12-Core CPU and 18-Core GPU 14 inch (Late 2023),2023.0,Mac,MacBook Pro,,Late 2023,14.0,,M3 pro,,512.0,SSD,,
,Trade-in Platform,CompAsia,Mac,MacBook Pro M3 Pro 12-Core CPU and 18-Core GPU 16 inch (Late 2023),1TB SSD,4350,MacBook Pro M3 Pro 12-Core CPU and 18-Core GPU 16 inch (Late 2023),2023.0,Mac,MacBook Pro,,Late 2023,16.0,,M3 pro,,1024.0,SSD,,
,Trade-in Platform,CompAsia,Mac,MacBook Pro M3 Pro 12-Core CPU and 18-Core GPU 16 inch (Late 2023),2TB SSD,5100,MacBook Pro M3 Pro 12-Core CPU and 18-Core GPU 16 inch (Late 2023),2023.0,Mac,MacBook Pro,,Late 2023,16.0,,M3 pro,,2048.0,SSD,,
,Trade-in Platform,CompAsia,Mac,MacBook Pro M3 Pro 12-Core CPU and 18-Core GPU 16 inch (Late 2023),4TB SSD,5875,MacBook Pro M3 Pro 12-Core CPU and 18-Core GPU 16 inch (Late 2023),2023.0,Mac,MacBook Pro,,Late 2023,16.0,,M3 pro,,4096.0,SSD,,
,Trade-in Platform,CompAsia,Mac,MacBook Pro M3 Pro 12-Core CPU and 18-Core GPU 16 inch (Late 2023),512GB SSD,3900,MacBook Pro M3 Pro 12-Core CPU and 18-Core GPU 16 inch (Late 2023),2023.0,Mac,MacBook Pro,,Late 2023,16.0,,M3 pro,,512.0,SSD,,
,Trade-in Platform,CompAsia,Mac,MacBook Pro M4 10-Core CPU and 10-Core GPU 14 inch (Late 2024),1TB SSD,3300,MacBook Pro M4 10-Core CPU and 10-Core GPU 14 inch (Late 2024),2024.0,Mac,MacBook Pro,,Late 2024,14.0,,M4 ,,1024.0,SSD,,
,Trade-in Platform,CompAsia,Mac,MacBook Pro M4 10-Core CPU and 10-Core GPU 14 inch (Late 2024),2TB SSD,4100,MacBook Pro M4 10-Core CPU and 10-Core GPU 14 inch (Late 2024),2024.0,Mac,MacBook Pro,,Late 2024,14.0,,M4 ,,2048.0,SSD,,
,Trade-in Platform,CompAsia,Mac,MacBook Pro M4 10-Core CPU and 10-Core GPU 14 inch (Late 2024),512GB SSD,2925,MacBook Pro M4 10-Core CPU and 10-Core GPU 14 inch (Late 2024),2024.0,Mac,MacBook Pro,,Late 2024,14.0,,M4 ,,512.0,SSD,,
,Trade-in Platform,CompAsia,Mac,MacBook Pro M4 Max 14-Core CPU and 32-Core GPU 14 inch (Late 2024),1TB SSD,5750,MacBook Pro M4 Max 14-Core CPU and 32-Core GPU 14 inch (Late 2024),2024.0,Mac,MacBook Pro,,Late 2024,14.0,,M4 Max,,1024.0,SSD,,
,Trade-in Platform,CompAsia,Mac,MacBook Pro M4 Max 14-Core CPU and 32-Core GPU 14 inch (Late 2024),2TB SSD,6375,MacBook Pro M4 Max 14-Core CPU and 32-Core GPU 14 inch (Late 2024),2024.0,Mac,MacBook Pro,,Late 2024,14.0,,M4 Max,,2048.0,SSD,,
,Trade-in Platform,CompAsia,Mac,MacBook Pro M4 Max 14-Core CPU and 32-Core GPU 14 inch (Late 2024),4TB SSD,7425,MacBook Pro M4 Max 14-Core CPU and 32-Core GPU 14 inch (Late 2024),2024.0,Mac,MacBook Pro,,Late 2024,14.0,,M4 Max,,4096.0,SSD,,
,Trade-in Platform,CompAsia,Mac,MacBook Pro M4 Max 14-Core CPU and 32-Core GPU 14 inch (Late 2024),8TB SSD,8600,MacBook Pro M4 Max 14-Core CPU and 32-Core GPU 14 inch (Late 2024),2024.0,Mac,MacBook Pro,,Late 2024,14.0,,M4 Max,,8192.0,SSD,,
,Trade-in Platform,CompAsia,Mac,MacBook Pro M4 Max 14-Core CPU and 32-Core GPU 16 inch (Late 2024),1TB SSD,6100,MacBook Pro M4 Max 14-Core CPU and 32-Core GPU 16 inch (Late 2024),2024.0,Mac,MacBook Pro,,Late 2024,16.0,,M4 Max,,1024.0,SSD,,
,Trade-in Platform,CompAsia,Mac,MacBook Pro M4 Max 14-Core CPU and 32-Core GPU 16 inch (Late 2024),2TB SSD,6775,MacBook Pro M4 Max 14-Core CPU and 32-Core GPU 16 inch (Late 2024),2024.0,Mac,MacBook Pro,,Late 2024,16.0,,M4 Max,,2048.0,SSD,,
,Trade-in Platform,CompAsia,Mac,MacBook Pro M4 Max 14-Core CPU and 32-Core GPU 16 inch (Late 2024),4TB SSD,7775,MacBook Pro M4 Max 14-Core CPU and 32-Core GPU 16 inch (Late 2024),2024.0,Mac,MacBook Pro,,Late 2024,16.0,,M4 Max,,4096.0,SSD,,
,Trade-in Platform,CompAsia,Mac,MacBook Pro M4 Max 14-Core CPU and 32-Core GPU 16 inch (Late 2024),8TB SSD,8875,MacBook Pro M4 Max 14-Core CPU and 32-Core GPU 16 inch (Late 2024),2024.0,Mac,MacBook Pro,,Late 2024,16.0,,M4 Max,,8192.0,SSD,,
,Trade-in Platform,CompAsia,Mac,"MacBook Pro M4 Max 16-Core CPU and 40-Core GPU 14"" (Late 2024)",1TB SSD,6550,"MacBook Pro M4 Max 16-Core CPU and 40-Core GPU 14"" (Late 2024)",2024.0,Mac,MacBook Pro,,Late 2024,,,M4 Max,,1024.0,SSD,,
,Trade-in Platform,CompAsia,Mac,"MacBook Pro M4 Max 16-Core CPU and 40-Core GPU 14"" (Late 2024)",2TB SSD,7125,"MacBook Pro M4 Max 16-Core CPU and 40-Core GPU 14"" (Late 2024)",2024.0,Mac,MacBook Pro,,Late 2024,,,M4 Max,,2048.0,SSD,,
,Trade-in Platform,CompAsia,Mac,"MacBook Pro M4 Max 16-Core CPU and 40-Core GPU 14"" (Late 2024)",4TB SSD,8125,"MacBook Pro M4 Max 16-Core CPU and 40-Core GPU 14"" (Late 2024)",2024.0,Mac,MacBook Pro,,Late 2024,,,M4 Max,,4096.0,SSD,,
,Trade-in Platform,CompAsia,Mac,"MacBook Pro M4 Max 16-Core CPU and 40-Core GPU 14"" (Late 2024)",8TB SSD,9200,"MacBook Pro M4 Max 16-Core CPU and 40-Core GPU 14"" (Late 2024)",2024.0,Mac,MacBook Pro,,Late 2024,,,M4 Max,,8192.0,SSD,,
,Trade-in Platform,CompAsia,Mac,MacBook Pro M4 Max 16-Core CPU and 40-Core GPU 16 inch (Late 2024),1TB SSD,6750,MacBook Pro M4 Max 16-Core CPU and 40-Core GPU 16 inch (Late 2024),2024.0,Mac,MacBook Pro,,Late 2024,16.0,,M4 Max,,1024.0,SSD,,
,Trade-in Platform,CompAsia,Mac,MacBook Pro M4 Max 16-Core CPU and 40-Core GPU 16 inch (Late 2024),2TB SSD,7375,MacBook Pro M4 Max 16-Core CPU and 40-Core GPU 16 inch (Late 2024),2024.0,Mac,MacBook Pro,,Late 2024,16.0,,M4 Max,,2048.0,SSD,,
,Trade-in Platform,CompAsia,Mac,MacBook Pro M4 Max 16-Core CPU and 40-Core GPU 16 inch (Late 2024),4TB SSD,8650,MacBook Pro M4 Max 16-Core CPU and 40-Core GPU 16 inch (Late 2024),2024.0,Mac,MacBook Pro,,Late 2024,16.0,,M4 Max,,4096.0,SSD,,
,Trade-in Platform,CompAsia,Mac,MacBook Pro M4 Max 16-Core CPU and 40-Core GPU 16 inch (Late 2024),8TB SSD,9900,MacBook Pro M4 Max 16-Core CPU and 40-Core GPU 16 inch (Late 2024),2024.0,Mac,MacBook Pro,,Late 2024,16.0,,M4 Max,,8192.0,SSD,,
,Trade-in Platform,CompAsia,Mac,MacBook Pro M4 Pro 12-Core CPU and 16-Core GPU 14 inch (Late 2024),1TB SSD,3900,MacBook Pro M4 Pro 12-Core CPU and 16-Core GPU 14 inch (Late 2024),2024.0,Mac,MacBook Pro,,Late 2024,14.0,,M4 pro,,1024.0,SSD,,
,Trade-in Platform,CompAsia,Mac,MacBook Pro M4 Pro 12-Core CPU and 16-Core GPU 14 inch (Late 2024),2TB SSD,4575,MacBook Pro M4 Pro 12-Core CPU and 16-Core GPU 14 inch (Late 2024),2024.0,Mac,MacBook Pro,,Late 2024,14.0,,M4 pro,,2048.0,SSD,,
,Trade-in Platform,CompAsia,Mac,MacBook Pro M4 Pro 12-Core CPU and 16-Core GPU 14 inch (Late 2024),4TB SSD,5075,MacBook Pro M4 Pro 12-Core CPU and 16-Core GPU 14 inch (Late 2024),2024.0,Mac,MacBook Pro,,Late 2024,14.0,,M4 pro,,4096.0,SSD,,
,Trade-in Platform,CompAsia,Mac,MacBook Pro M4 Pro 12-Core CPU and 16-Core GPU 14 inch (Late 2024),512GB SSD,3475,MacBook Pro M4 Pro 12-Core CPU and 16-Core GPU 14 inch (Late 2024),2024.0,Mac,MacBook Pro,,Late 2024,14.0,,M4 pro,,512.0,SSD,,
,Trade-in Platform,CompAsia,Mac,MacBook Pro M4 Pro 14-Core CPU and 20-Core GPU 14 inch (Late 2024),1TB SSD,4275,MacBook Pro M4 Pro 14-Core CPU and 20-Core GPU 14 inch (Late 2024),2024.0,Mac,MacBook Pro,,Late 2024,14.0,,M4 pro,,1024.0,SSD,,
,Trade-in Platform,CompAsia,Mac,MacBook Pro M4 Pro 14-Core CPU and 20-Core GPU 14 inch (Late 2024),2TB SSD,4925,MacBook Pro M4 Pro 14-Core CPU and 20-Core GPU 14 inch (Late 2024),2024.0,Mac,MacBook Pro,,Late 2024,14.0,,M4 pro,,2048.0,SSD,,
,Trade-in Platform,CompAsia,Mac,MacBook Pro M4 Pro 14-Core CPU and 20-Core GPU 14 inch (Late 2024),4TB SSD,5800,MacBook Pro M4 Pro 14-Core CPU and 20-Core GPU 14 inch (Late 2024),2024.0,Mac,MacBook Pro,,Late 2024,14.0,,M4 pro,,4096.0,SSD,,
,Trade-in Platform,CompAsia,Mac,"MacBook Pro M4 Pro 14-Core CPU and 20-Core GPU 14"" (Late 2024)",512GB SSD,4150,"MacBook Pro M4 Pro 14-Core CPU and 20-Core GPU 14"" (Late 2024)",2024.0,Mac,MacBook Pro,,Late 2024,,,M4 pro,,512.0,SSD,,
,Trade-in Platform,CompAsia,Mac,MacBook Pro M4 Pro 14-Core CPU and 20-Core GPU 16 inch (Late 2024),1TB SSD,4725,MacBook Pro M4 Pro 14-Core CPU and 20-Core GPU 16 inch (Late 2024),2024.0,Mac,MacBook Pro,,Late 2024,16.0,,M4 pro,,1024.0,SSD,,
,Trade-in Platform,CompAsia,Mac,MacBook Pro M4 Pro 14-Core CPU and 20-Core GPU 16 inch (Late 2024),2TB SSD,5400,MacBook Pro M4 Pro 14-Core CPU and 20-Core GPU 16 inch (Late 2024),2024.0,Mac,MacBook Pro,,Late 2024,16.0,,M4 pro,,2048.0,SSD,,
,Trade-in Platform,CompAsia,Mac,MacBook Pro M4 Pro 14-Core CPU and 20-Core GPU 16 inch (Late 2024),4TB SSD,5975,MacBook Pro M4 Pro 14-Core CPU and 20-Core GPU 16 inch (Late 2024),2024.0,Mac,MacBook Pro,,Late 2024,16.0,,M4 pro,,4096.0,SSD,,
,Trade-in Platform,CompAsia,Mac,MacBook Pro M4 Pro 14-Core CPU and 20-Core GPU 16 inch (Late 2024),512GB SSD,4375,MacBook Pro M4 Pro 14-Core CPU and 20-Core GPU 16 inch (Late 2024),2024.0,Mac,MacBook Pro,,Late 2024,16.0,,M4 pro,,512.0,SSD,,
,Trade-in Platform,CompAsia,Mac,MacBook Pro M5 10 -Core CPU and 10-Core GPU 14 inch (Late 2025),1TB SSD,4425,MacBook Pro M5 10 -Core CPU and 10-Core GPU 14 inch (Late 2025),2025.0,Mac,MacBook Pro,,Late 2025,14.0,,,,1024.0,SSD,,
,Trade-in Platform,CompAsia,Mac,MacBook Pro M5 10 -Core CPU and 10-Core GPU 14 inch (Late 2025),2TB SSD,5400,MacBook Pro M5 10 -Core CPU and 10-Core GPU 14 inch (Late 2025),2025.0,Mac,MacBook Pro,,Late 2025,14.0,,,,2048.0,SSD,,
,Trade-in Platform,CompAsia,Mac,MacBook Pro M5 10 -Core CPU and 10-Core GPU 14 inch (Late 2025),4TB SSD,6350,MacBook Pro M5 10 -Core CPU and 10-Core GPU 14 inch (Late 2025),2025.0,Mac,MacBook Pro,,Late 2025,14.0,,,,4096.0,SSD,,
,Trade-in Platform,CompAsia,Mac,MacBook Pro M5 10 -Core CPU and 10-Core GPU 14 inch (Late 2025),512GB SSD,3950,MacBook Pro M5 10 -Core CPU and 10-Core GPU 14 inch (Late 2025),2025.0,Mac,MacBook Pro,,Late 2025,14.0,,,,512.0,SSD,,
,Trade-in Platform,CompAsia,Mac,Mac Mini i3 3.6GHz (Early 2020),1TB SSD,340,Mac Mini i3 3.6GHz (Early 2020),2020.0,Mac,Mac mini,,Early 2020,,3.6GHz,i3,,1024.0,SSD,,
,Trade-in Platform,CompAsia,Mac,Mac Mini i3 3.6GHz (Early 2020),256GB SSD,200,Mac Mini i3 3.6GHz (Early 2020),2020.0,Mac,Mac mini,,Early 2020,,3.6GHz,i3,,256.0,SSD,,
,Trade-in Platform,CompAsia,Mac,Mac Mini i3 3.6GHz (Early 2020),2TB SSD,365,Mac Mini i3 3.6GHz (Early 2020),2020.0,Mac,Mac mini,,Early 2020,,3.6GHz,i3,,2048.0,SSD,,
,Trade-in Platform,CompAsia,Mac,Mac Mini i3 3.6GHz (Early 2020),512GB SSD,275,Mac Mini i3 3.6GHz (Early 2020),2020.0,Mac,Mac mini,,Early 2020,,3.6GHz,i3,,512.0,SSD,,
,Trade-in Platform,CompAsia,Mac,Mac Mini i3 3.6GHz (Late 2018),128GB SSD,175,Mac Mini i3 3.6GHz (Late 2018),2018.0,Mac,Mac mini,,Late 2018,,3.6GHz,i3,,128.0,SSD,,
,Trade-in Platform,CompAsia,Mac,Mac Mini i3 3.6GHz (Late 2018),1TB SSD,350,Mac Mini i3 3.6GHz (Late 2018),2018.0,Mac,Mac mini,,Late 2018,,3.6GHz,i3,,1024.0,SSD,,
,Trade-in Platform,CompAsia,Mac,Mac Mini i3 3.6GHz (Late 2018),256GB SSD,200,Mac Mini i3 3.6GHz (Late 2018),2018.0,Mac,Mac mini,,Late 2018,,3.6GHz,i3,,256.0,SSD,,
,Trade-in Platform,CompAsia,Mac,Mac Mini i3 3.6GHz (Late 2018),2TB SSD,375,Mac Mini i3 3.6GHz (Late 2018),2018.0,Mac,Mac mini,,Late 2018,,3.6GHz,i3,,2048.0,SSD,,
,Trade-in Platform,CompAsia,Mac,Mac Mini i3 3.6GHz (Late 2018),512GB SSD,275,Mac Mini i3 3.6GHz (Late 2018),2018.0,Mac,Mac mini,,Late 2018,,3.6GHz,i3,,512.0,SSD,,
,Trade-in Platform,CompAsia,Mac,Mac Mini i5 3.0GHz (Early 2020),1TB SSD,365,Mac Mini i5 3.0GHz (Early 2020),2020.0,Mac,Mac mini,,Early 2020,,3.0GHz,i5,,1024.0,SSD,,
,Trade-in Platform,CompAsia,Mac,Mac Mini i5 3.0GHz (Early 2020),2TB SSD,415,Mac Mini i5 3.0GHz (Early 2020),2020.0,Mac,Mac mini,,Early 2020,,3.0GHz,i5,,2048.0,SSD,,
,Trade-in Platform,CompAsia,Mac,Mac Mini i5 3.0GHz (Early 2020),512GB SSD,340,Mac Mini i5 3.0GHz (Early 2020),2020.0,Mac,Mac mini,,Early 2020,,3.0GHz,i5,,512.0,SSD,,
,Trade-in Platform,CompAsia,Mac,Mac Mini i5 3.0GHz (Late 2018),128GB SSD,200,Mac Mini i5 3.0GHz (Late 2018),2018.0,Mac,Mac mini,,Late 2018,,3.0GHz,i5,,128.0,SSD,,
,Trade-in Platform,CompAsia,Mac,Mac Mini i5 3.0GHz (Late 2018),1TB SSD,375,Mac Mini i5 3.0GHz (Late 2018),2018.0,Mac,Mac mini,,Late 2018,,3.0GHz,i5,,1024.0,SSD,,
,Trade-in Platform,CompAsia,Mac,Mac Mini i5 3.0GHz (Late 2018),256GB SSD,300,Mac Mini i5 3.0GHz (Late 2018),2018.0,Mac,Mac mini,,Late 2018,,3.0GHz,i5,,256.0,SSD,,
,Trade-in Platform,CompAsia,Mac,Mac Mini i5 3.0GHz (Late 2018),2TB SSD,425,Mac Mini i5 3.0GHz (Late 2018),2018.0,Mac,Mac mini,,Late 2018,,3.0GHz,i5,,2048.0,SSD,,
,Trade-in Platform,CompAsia,Mac,Mac Mini i5 3.0GHz (Late 2018),512GB SSD,350,Mac Mini i5 3.0GHz (Late 2018),2018.0,Mac,Mac mini,,Late 2018,,3.0GHz,i5,,512.0,SSD,,
,Trade-in Platform,CompAsia,Mac,Mac Mini i7 3.2GHz (Early 2020),1TB SSD,365,Mac Mini i7 3.2GHz (Early 2020),2020.0,Mac,Mac mini,,Early 2020,,3.2GHz,i7,,1024.0,SSD,,
,Trade-in Platform,CompAsia,Mac,Mac Mini i7 3.2GHz (Early 2020),256GB SSD,340,Mac Mini i7 3.2GHz (Early 2020),2020.0,Mac,Mac mini,,Early 2020,,3.2GHz,i7,,256.0,SSD,,
,Trade-in Platform,CompAsia,Mac,Mac Mini i7 3.2GHz (Early 2020),2TB SSD,475,Mac Mini i7 3.2GHz (Early 2020),2020.0,Mac,Mac mini,,Early 2020,,3.2GHz,i7,,2048.0,SSD,,
,Trade-in Platform,CompAsia,Mac,Mac Mini i7 3.2GHz (Early 2020),512GB SSD,340,Mac Mini i7 3.2GHz (Early 2020),2020.0,Mac,Mac mini,,Early 2020,,3.2GHz,i7,,512.0,SSD,,
,Trade-in Platform,CompAsia,Mac,Mac Mini i7 3.2GHz (Late 2018),128GB SSD,300,Mac Mini i7 3.2GHz (Late 2018),2018.0,Mac,Mac mini,,Late 2018,,3.2GHz,i7,,128.0,SSD,,
,Trade-in Platform,CompAsia,Mac,Mac Mini i7 3.2GHz (Late 2018),1TB SSD,375,Mac Mini i7 3.2GHz (Late 2018),2018.0,Mac,Mac mini,,Late 2018,,3.2GHz,i7,,1024.0,SSD,,
,Trade-in Platform,CompAsia,Mac,Mac Mini i7 3.2GHz (Late 2018),256GB SSD,350,Mac Mini i7 3.2GHz (Late 2018),2018.0,Mac,Mac mini,,Late 2018,,3.2GHz,i7,,256.0,SSD,,
,Trade-in Platform,CompAsia,Mac,Mac Mini i7 3.2GHz (Late 2018),2TB SSD,475,Mac Mini i7 3.2GHz (Late 2018),2018.0,Mac,Mac mini,,Late 2018,,3.2GHz,i7,,2048.0,SSD,,
,Trade-in Platform,CompAsia,Mac,Mac Mini i7 3.2GHz (Late 2018),512GB SSD,350,Mac Mini i7 3.2GHz (Late 2018),2018.0,Mac,Mac mini,,Late 2018,,3.2GHz,i7,,512.0,SSD,,
,Trade-in Platform,CompAsia,Mac,Mac Mini M1 8-Core CPU and 8-Core GPU (Late 2020),1TB SSD,375,Mac Mini M1 8-Core CPU and 8-Core GPU (Late 2020),2020.0,Mac,Mac mini,,Late 2020,,,M1 ,,1024.0,SSD,,
,Trade-in Platform,CompAsia,Mac,Mac Mini M1 8-Core CPU and 8-Core GPU (Late 2020),256GB SSD,350,Mac Mini M1 8-Core CPU and 8-Core GPU (Late 2020),2020.0,Mac,Mac mini,,Late 2020,,,M1 ,,256.0,SSD,,
,Trade-in Platform,CompAsia,Mac,Mac Mini M1 8-Core CPU and 8-Core GPU (Late 2020),2TB SSD,475,Mac Mini M1 8-Core CPU and 8-Core GPU (Late 2020),2020.0,Mac,Mac mini,,Late 2020,,,M1 ,,2048.0,SSD,,
,Trade-in Platform,CompAsia,Mac,Mac Mini M1 8-Core CPU and 8-Core GPU (Late 2020),512GB SSD,350,Mac Mini M1 8-Core CPU and 8-Core GPU (Late 2020),2020.0,Mac,Mac mini,,Late 2020,,,M1 ,,512.0,SSD,,
,Trade-in Platform,CompAsia,Mac,Mac Mini M2 8-Core CPU and 10-Core GPU (Early 2023),1TB SSD,525,Mac Mini M2 8-Core CPU and 10-Core GPU (Early 2023),2023.0,Mac,Mac mini,,Early 2023,,,M2 ,,1024.0,SSD,,
,Trade-in Platform,CompAsia,Mac,Mac Mini M2 8-Core CPU and 10-Core GPU (Early 2023),256GB SSD,425,Mac Mini M2 8-Core CPU and 10-Core GPU (Early 2023),2023.0,Mac,Mac mini,,Early 2023,,,M2 ,,256.0,SSD,,
,Trade-in Platform,CompAsia,Mac,Mac Mini M2 8-Core CPU and 10-Core GPU (Early 2023),2TB SSD,625,Mac Mini M2 8-Core CPU and 10-Core GPU (Early 2023),2023.0,Mac,Mac mini,,Early 2023,,,M2 ,,2048.0,SSD,,
,Trade-in Platform,CompAsia,Mac,Mac Mini M2 8-Core CPU and 10-Core GPU (Early 2023),512GB SSD,475,Mac Mini M2 8-Core CPU and 10-Core GPU (Early 2023),2023.0,Mac,Mac mini,,Early 2023,,,M2 ,,512.0,SSD,,
,Trade-in Platform,CompAsia,Mac,Mac Mini M2 Pro 10-Core CPU and 16-Core GPU (Early 2023),1TB SSD,525,Mac Mini M2 Pro 10-Core CPU and 16-Core GPU (Early 2023),2023.0,Mac,Mac mini,,Early 2023,,,M2 pro,,1024.0,SSD,,
,Trade-in Platform,CompAsia,Mac,Mac Mini M2 Pro 10-Core CPU and 16-Core GPU (Early 2023),2TB SSD,675,Mac Mini M2 Pro 10-Core CPU and 16-Core GPU (Early 2023),2023.0,Mac,Mac mini,,Early 2023,,,M2 pro,,2048.0,SSD,,
,Trade-in Platform,CompAsia,Mac,Mac Mini M2 Pro 10-Core CPU and 16-Core GPU (Early 2023),4TB SSD,675,Mac Mini M2 Pro 10-Core CPU and 16-Core GPU (Early 2023),2023.0,Mac,Mac mini,,Early 2023,,,M2 pro,,4096.0,SSD,,
,Trade-in Platform,CompAsia,Mac,Mac Mini M2 Pro 10-Core CPU and 16-Core GPU (Early 2023),512GB SSD,475,Mac Mini M2 Pro 10-Core CPU and 16-Core GPU (Early 2023),2023.0,Mac,Mac mini,,Early 2023,,,M2 pro,,512.0,SSD,,
,Trade-in Platform,CompAsia,Mac,Mac Mini M2 Pro 10-Core CPU and 16-Core GPU (Early 2023),8TB SSD,675,Mac Mini M2 Pro 10-Core CPU and 16-Core GPU (Early 2023),2023.0,Mac,Mac mini,,Early 2023,,,M2 pro,,8192.0,SSD,,
,Trade-in Platform,CompAsia,Mac,Mac Mini M2 Pro 12-Core CPU and 19-Core GPU (Early 2023),1TB SSD,525,Mac Mini M2 Pro 12-Core CPU and 19-Core GPU (Early 2023),2023.0,Mac,Mac mini,,Early 2023,,,M2 pro,,1024.0,SSD,,
,Trade-in Platform,CompAsia,Mac,Mac Mini M2 Pro 12-Core CPU and 19-Core GPU (Early 2023),2TB SSD,660,Mac Mini M2 Pro 12-Core CPU and 19-Core GPU (Early 2023),2023.0,Mac,Mac mini,,Early 2023,,,M2 pro,,2048.0,SSD,,
,Trade-in Platform,CompAsia,Mac,Mac Mini M2 Pro 12-Core CPU and 19-Core GPU (Early 2023),4TB SSD,675,Mac Mini M2 Pro 12-Core CPU and 19-Core GPU (Early 2023),2023.0,Mac,Mac mini,,Early 2023,,,M2 pro,,4096.0,SSD,,
,Trade-in Platform,CompAsia,Mac,Mac Mini M2 Pro 12-Core CPU and 19-Core GPU (Early 2023),512GB SSD,475,Mac Mini M2 Pro 12-Core CPU and 19-Core GPU (Early 2023),2023.0,Mac,Mac mini,,Early 2023,,,M2 pro,,512.0,SSD,,
,Trade-in Platform,CompAsia,Mac,Mac Mini M2 Pro 12-Core CPU and 19-Core GPU (Early 2023),8TB SSD,675,Mac Mini M2 Pro 12-Core CPU and 19-Core GPU (Early 2023),2023.0,Mac,Mac mini,,Early 2023,,,M2 pro,,8192.0,SSD,,
,Trade-in Platform,CompAsia,Mac,Mac Mini M4 10-Core CPU and 10-Core GPU (Late 2024),1TB,1750,Mac Mini M4 10-Core CPU and 10-Core GPU (Late 2024),2024.0,Mac,Mac mini,,Late 2024,,,M4 ,,1024.0,,,
,Trade-in Platform,CompAsia,Mac,Mac Mini M4 10-Core CPU and 10-Core GPU (Late 2024),256GB,1025,Mac Mini M4 10-Core CPU and 10-Core GPU (Late 2024),2024.0,Mac,Mac mini,,Late 2024,,,M4 ,,256.0,,,
,Trade-in Platform,CompAsia,Mac,Mac Mini M4 10-Core CPU and 10-Core GPU (Late 2024),2TB,2375,Mac Mini M4 10-Core CPU and 10-Core GPU (Late 2024),2024.0,Mac,Mac mini,,Late 2024,,,M4 ,,2048.0,,,
,Trade-in Platform,CompAsia,Mac,Mac Mini M4 10-Core CPU and 10-Core GPU (Late 2024),512GB,1375,Mac Mini M4 10-Core CPU and 10-Core GPU (Late 2024),2024.0,Mac,Mac mini,,Late 2024,,,M4 ,,512.0,,,
,Trade-in Platform,CompAsia,Mac,Mac Mini M4 Pro 12-Core CPU and 16-Core GPU (Late 2024),1TB,2625,Mac Mini M4 Pro 12-Core CPU and 16-Core GPU (Late 2024),2024.0,Mac,Mac mini,,Late 2024,,,M4 pro,,1024.0,,,
,Trade-in Platform,CompAsia,Mac,Mac Mini M4 Pro 12-Core CPU and 16-Core GPU (Late 2024),2TB,3175,Mac Mini M4 Pro 12-Core CPU and 16-Core GPU (Late 2024),2024.0,Mac,Mac mini,,Late 2024,,,M4 pro,,2048.0,,,
,Trade-in Platform,CompAsia,Mac,Mac Mini M4 Pro 12-Core CPU and 16-Core GPU (Late 2024),4TB,4050,Mac Mini M4 Pro 12-Core CPU and 16-Core GPU (Late 2024),2024.0,Mac,Mac mini,,Late 2024,,,M4 pro,,4096.0,,,
,Trade-in Platform,CompAsia,Mac,Mac Mini M4 Pro 12-Core CPU and 16-Core GPU (Late 2024),512GB,2300,Mac Mini M4 Pro 12-Core CPU and 16-Core GPU (Late 2024),2024.0,Mac,Mac mini,,Late 2024,,,M4 pro,,512.0,,,
,Trade-in Platform,CompAsia,Mac,Mac Mini M4 Pro 12-Core CPU and 16-Core GPU (Late 2024),8TB,5825,Mac Mini M4 Pro 12-Core CPU and 16-Core GPU (Late 2024),2024.0,Mac,Mac mini,,Late 2024,,,M4 pro,,8192.0,,,
,Trade-in Platform,CompAsia,Mac,Mac Mini M4 Pro 14-Core CPU and 20-Core GPU (Late 2024),1TB SSD,2975,Mac Mini M4 Pro 14-Core CPU and 20-Core GPU (Late 2024),2024.0,Mac,Mac mini,,Late 2024,,,M4 pro,,1024.0,SSD,,
,Trade-in Platform,CompAsia,Mac,Mac Mini M4 Pro 14-Core CPU and 20-Core GPU (Late 2024),2TB SSD,3500,Mac Mini M4 Pro 14-Core CPU and 20-Core GPU (Late 2024),2024.0,Mac,Mac mini,,Late 2024,,,M4 pro,,2048.0,SSD,,
,Trade-in Platform,CompAsia,Mac,Mac Mini M4 Pro 14-Core CPU and 20-Core GPU (Late 2024),4TB SSD,4375,Mac Mini M4 Pro 14-Core CPU and 20-Core GPU (Late 2024),2024.0,Mac,Mac mini,,Late 2024,,,M4 pro,,4096.0,SSD,,
,Trade-in Platform,CompAsia,Mac,Mac Mini M4 Pro 14-Core CPU and 20-Core GPU (Late 2024),512GB SSD,2625,Mac Mini M4 Pro 14-Core CPU and 20-Core GPU (Late 2024),2024.0,Mac,Mac mini,,Late 2024,,,M4 pro,,512.0,SSD,,
,Trade-in Platform,CompAsia,Mac,Mac Mini M4 Pro 14-Core CPU and 20-Core GPU (Late 2024),8TB SSD,6175,Mac Mini M4 Pro 14-Core CPU and 20-Core GPU (Late 2024),2024.0,Mac,Mac mini,,Late 2024,,,M4 pro,,8192.0,SSD,,
,Trade-in Platform,CompAsia,Mac,Mac Pro M2 Ultra 24-Core CPU and 60-Core GPU (Mid 2023),1TB SSD,10000,Mac Pro M2 Ultra 24-Core CPU and 60-Core GPU (Mid 2023),2023.0,Mac,Mac Pro,,Mid 2023,,,M2 ultra,,1024.0,SSD,,
,Trade-in Platform,CompAsia,Mac,Mac Pro M2 Ultra 24-Core CPU and 60-Core GPU (Mid 2023),2TB SSD,10600,Mac Pro M2 Ultra 24-Core CPU and 60-Core GPU (Mid 2023),2023.0,Mac,Mac Pro,,Mid 2023,,,M2 ultra,,2048.0,SSD,,
,Trade-in Platform,CompAsia,Mac,Mac Pro M2 Ultra 24-Core CPU and 60-Core GPU (Mid 2023),4TB SSD,11400,Mac Pro M2 Ultra 24-Core CPU and 60-Core GPU (Mid 2023),2023.0,Mac,Mac Pro,,Mid 2023,,,M2 ultra,,4096.0,SSD,,
,Trade-in Platform,CompAsia,Mac,Mac Pro M2 Ultra 24-Core CPU and 60-Core GPU (Mid 2023),8TB SSD,12100,Mac Pro M2 Ultra 24-Core CPU and 60-Core GPU (Mid 2023),2023.0,Mac,Mac Pro,,Mid 2023,,,M2 ultra,,8192.0,SSD,,
,Trade-in Platform,CompAsia,Mac,Mac Pro M2 Ultra 24-Core CPU and 60-Core GPU Rack (Mid 2023),1TB SSD,10000,Mac Pro M2 Ultra 24-Core CPU and 60-Core GPU Rack (Mid 2023),2023.0,Mac,Mac Pro,,Mid 2023,,,M2 ultra,,1024.0,SSD,,
,Trade-in Platform,CompAsia,Mac,Mac Pro M2 Ultra 24-Core CPU and 60-Core GPU Rack (Mid 2023),2TB SSD,10600,Mac Pro M2 Ultra 24-Core CPU and 60-Core GPU Rack (Mid 2023),2023.0,Mac,Mac Pro,,Mid 2023,,,M2 ultra,,2048.0,SSD,,
,Trade-in Platform,CompAsia,Mac,Mac Pro M2 Ultra 24-Core CPU and 60-Core GPU Rack (Mid 2023),4TB SSD,11400,Mac Pro M2 Ultra 24-Core CPU and 60-Core GPU Rack (Mid 2023),2023.0,Mac,Mac Pro,,Mid 2023,,,M2 ultra,,4096.0,SSD,,
,Trade-in Platform,CompAsia,Mac,Mac Pro M2 Ultra 24-Core CPU and 60-Core GPU Rack (Mid 2023),8TB SSD,12100,Mac Pro M2 Ultra 24-Core CPU and 60-Core GPU Rack (Mid 2023),2023.0,Mac,Mac Pro,,Mid 2023,,,M2 ultra,,8192.0,SSD,,
,Trade-in Platform,CompAsia,Mac,Mac Pro M2 Ultra 24-Core CPU and 76-Core GPU (Mid 2023),1TB SSD,11400,Mac Pro M2 Ultra 24-Core CPU and 76-Core GPU (Mid 2023),2023.0,Mac,Mac Pro,,Mid 2023,,,M2 ultra,,1024.0,SSD,,
,Trade-in Platform,CompAsia,Mac,Mac Pro M2 Ultra 24-Core CPU and 76-Core GPU (Mid 2023),2TB SSD,12000,Mac Pro M2 Ultra 24-Core CPU and 76-Core GPU (Mid 2023),2023.0,Mac,Mac Pro,,Mid 2023,,,M2 ultra,,2048.0,SSD,,
,Trade-in Platform,CompAsia,Mac,Mac Pro M2 Ultra 24-Core CPU and 76-Core GPU (Mid 2023),4TB SSD,12900,Mac Pro M2 Ultra 24-Core CPU and 76-Core GPU (Mid 2023),2023.0,Mac,Mac Pro,,Mid 2023,,,M2 ultra,,4096.0,SSD,,
,Trade-in Platform,CompAsia,Mac,Mac Pro M2 Ultra 24-Core CPU and 76-Core GPU (Mid 2023),8TB SSD,13700,Mac Pro M2 Ultra 24-Core CPU and 76-Core GPU (Mid 2023),2023.0,Mac,Mac Pro,,Mid 2023,,,M2 ultra,,8192.0,SSD,,
,Trade-in Platform,CompAsia,Mac,Mac Pro M2 Ultra 24-Core CPU and 76-Core GPU Rack (Mid 2023),1TB SSD,11400,Mac Pro M2 Ultra 24-Core CPU and 76-Core GPU Rack (Mid 2023),2023.0,Mac,Mac Pro,,Mid 2023,,,M2 ultra,,1024.0,SSD,,
,Trade-in Platform,CompAsia,Mac,Mac Pro M2 Ultra 24-Core CPU and 76-Core GPU Rack (Mid 2023),2TB SSD,12025,Mac Pro M2 Ultra 24-Core CPU and 76-Core GPU Rack (Mid 2023),2023.0,Mac,Mac Pro,,Mid 2023,,,M2 ultra,,2048.0,SSD,,
,Trade-in Platform,CompAsia,Mac,Mac Pro M2 Ultra 24-Core CPU and 76-Core GPU Rack (Mid 2023),4TB SSD,12900,Mac Pro M2 Ultra 24-Core CPU and 76-Core GPU Rack (Mid 2023),2023.0,Mac,Mac Pro,,Mid 2023,,,M2 ultra,,4096.0,SSD,,
,Trade-in Platform,CompAsia,Mac,Mac Pro M2 Ultra 24-Core CPU and 76-Core GPU Rack (Mid 2023),8TB SSD,13650,Mac Pro M2 Ultra 24-Core CPU and 76-Core GPU Rack (Mid 2023),2023.0,Mac,Mac Pro,,Mid 2023,,,M2 ultra,,8192.0,SSD,,
,Trade-in Platform,CompAsia,Mac,Mac Studio M1 Max 10-Core CPU and 24-Core GPU (Early 2022),1TB,1975,Mac Studio M1 Max 10-Core CPU and 24-Core GPU (Early 2022),2022.0,Mac,Mac Studio,,Early 2022,,,M1 Max,,1024.0,,,
,Trade-in Platform,CompAsia,Mac,Mac Studio M1 Max 10-Core CPU and 24-Core GPU (Early 2022),2TB,2375,Mac Studio M1 Max 10-Core CPU and 24-Core GPU (Early 2022),2022.0,Mac,Mac Studio,,Early 2022,,,M1 Max,,2048.0,,,
,Trade-in Platform,CompAsia,Mac,Mac Studio M1 Max 10-Core CPU and 24-Core GPU (Early 2022),4TB,2925,Mac Studio M1 Max 10-Core CPU and 24-Core GPU (Early 2022),2022.0,Mac,Mac Studio,,Early 2022,,,M1 Max,,4096.0,,,
,Trade-in Platform,CompAsia,Mac,Mac Studio M1 Max 10-Core CPU and 24-Core GPU (Early 2022),512GB,1825,Mac Studio M1 Max 10-Core CPU and 24-Core GPU (Early 2022),2022.0,Mac,Mac Studio,,Early 2022,,,M1 Max,,512.0,,,
,Trade-in Platform,CompAsia,Mac,Mac Studio M1 Max 10-Core CPU and 24-Core GPU (Early 2022),8TB,3625,Mac Studio M1 Max 10-Core CPU and 24-Core GPU (Early 2022),2022.0,Mac,Mac Studio,,Early 2022,,,M1 Max,,8192.0,,,
,Trade-in Platform,CompAsia,Mac,Mac Studio M1 Max 10-Core CPU and 32-Core GPU (Early 2022),1TB,2100,Mac Studio M1 Max 10-Core CPU and 32-Core GPU (Early 2022),2022.0,Mac,Mac Studio,,Early 2022,,,M1 Max,,1024.0,,,
,Trade-in Platform,CompAsia,Mac,Mac Studio M1 Max 10-Core CPU and 32-Core GPU (Early 2022),2TB,2450,Mac Studio M1 Max 10-Core CPU and 32-Core GPU (Early 2022),2022.0,Mac,Mac Studio,,Early 2022,,,M1 Max,,2048.0,,,
,Trade-in Platform,CompAsia,Mac,Mac Studio M1 Max 10-Core CPU and 32-Core GPU (Early 2022),4TB,2975,Mac Studio M1 Max 10-Core CPU and 32-Core GPU (Early 2022),2022.0,Mac,Mac Studio,,Early 2022,,,M1 Max,,4096.0,,,
,Trade-in Platform,CompAsia,Mac,Mac Studio M1 Max 10-Core CPU and 32-Core GPU (Early 2022),512GB,1975,Mac Studio M1 Max 10-Core CPU and 32-Core GPU (Early 2022),2022.0,Mac,Mac Studio,,Early 2022,,,M1 Max,,512.0,,,
,Trade-in Platform,CompAsia,Mac,Mac Studio M1 Max 10-Core CPU and 32-Core GPU (Early 2022),8TB,3825,Mac Studio M1 Max 10-Core CPU and 32-Core GPU (Early 2022),2022.0,Mac,Mac Studio,,Early 2022,,,M1 Max,,8192.0,,,
,Trade-in Platform,CompAsia,Mac,Mac Studio M1 Ultra 20-core CPU and 48-Core GPU (Early 2022),1TB,3250,Mac Studio M1 Ultra 20-core CPU and 48-Core GPU (Early 2022),2022.0,Mac,Mac Studio,,Early 2022,,,M1 ultra,,1024.0,,,
,Trade-in Platform,CompAsia,Mac,Mac Studio M1 Ultra 20-core CPU and 48-Core GPU (Early 2022),2TB,3950,Mac Studio M1 Ultra 20-core CPU and 48-Core GPU (Early 2022),2022.0,Mac,Mac Studio,,Early 2022,,,M1 ultra,,2048.0,,,
,Trade-in Platform,CompAsia,Mac,Mac Studio M1 Ultra 20-core CPU and 48-Core GPU (Early 2022),4TB,4200,Mac Studio M1 Ultra 20-core CPU and 48-Core GPU (Early 2022),2022.0,Mac,Mac Studio,,Early 2022,,,M1 ultra,,4096.0,,,
,Trade-in Platform,CompAsia,Mac,Mac Studio M1 Ultra 20-core CPU and 48-Core GPU (Early 2022),8TB,5075,Mac Studio M1 Ultra 20-core CPU and 48-Core GPU (Early 2022),2022.0,Mac,Mac Studio,,Early 2022,,,M1 ultra,,8192.0,,,
,Trade-in Platform,CompAsia,Mac,Mac Studio M1 Ultra 20-core CPU and 64-Core GPU (Early 2022),1TB,4375,Mac Studio M1 Ultra 20-core CPU and 64-Core GPU (Early 2022),2022.0,Mac,Mac Studio,,Early 2022,,,M1 ultra,,1024.0,,,
,Trade-in Platform,CompAsia,Mac,Mac Studio M1 Ultra 20-core CPU and 64-Core GPU (Early 2022),2TB,4775,Mac Studio M1 Ultra 20-core CPU and 64-Core GPU (Early 2022),2022.0,Mac,Mac Studio,,Early 2022,,,M1 ultra,,2048.0,,,
,Trade-in Platform,CompAsia,Mac,Mac Studio M1 Ultra 20-core CPU and 64-Core GPU (Early 2022),4TB,5325,Mac Studio M1 Ultra 20-core CPU and 64-Core GPU (Early 2022),2022.0,Mac,Mac Studio,,Early 2022,,,M1 ultra,,4096.0,,,
,Trade-in Platform,CompAsia,Mac,Mac Studio M1 Ultra 20-core CPU and 64-Core GPU (Early 2022),8TB,5900,Mac Studio M1 Ultra 20-core CPU and 64-Core GPU (Early 2022),2022.0,Mac,Mac Studio,,Early 2022,,,M1 ultra,,8192.0,,,
,Trade-in Platform,CompAsia,Mac,Mac Studio M2 Max 12-Core CPU and 30-Core GPU (Mid 2023),1TB SSD,3225,Mac Studio M2 Max 12-Core CPU and 30-Core GPU (Mid 2023),2023.0,Mac,Mac Studio,,Mid 2023,,,M2 Max,,1024.0,SSD,,
,Trade-in Platform,CompAsia,Mac,Mac Studio M2 Max 12-Core CPU and 30-Core GPU (Mid 2023),2TB SSD,3825,Mac Studio M2 Max 12-Core CPU and 30-Core GPU (Mid 2023),2023.0,Mac,Mac Studio,,Mid 2023,,,M2 Max,,2048.0,SSD,,
,Trade-in Platform,CompAsia,Mac,Mac Studio M2 Max 12-Core CPU and 30-Core GPU (Mid 2023),4TB SSD,4700,Mac Studio M2 Max 12-Core CPU and 30-Core GPU (Mid 2023),2023.0,Mac,Mac Studio,,Mid 2023,,,M2 Max,,4096.0,SSD,,
,Trade-in Platform,CompAsia,Mac,Mac Studio M2 Max 12-Core CPU and 30-Core GPU (Mid 2023),512GB SSD,3000,Mac Studio M2 Max 12-Core CPU and 30-Core GPU (Mid 2023),2023.0,Mac,Mac Studio,,Mid 2023,,,M2 Max,,512.0,SSD,,
,Trade-in Platform,CompAsia,Mac,Mac Studio M2 Max 12-Core CPU and 30-Core GPU (Mid 2023),8TB SSD,5900,Mac Studio M2 Max 12-Core CPU and 30-Core GPU (Mid 2023),2023.0,Mac,Mac Studio,,Mid 2023,,,M2 Max,,8192.0,SSD,,
,Trade-in Platform,CompAsia,Mac,Mac Studio M2 Max 12-Core CPU and 38-Core GPU (Mid 2023),1TB SSD,3575,Mac Studio M2 Max 12-Core CPU and 38-Core GPU (Mid 2023),2023.0,Mac,Mac Studio,,Mid 2023,,,M2 Max,,1024.0,SSD,,
,Trade-in Platform,CompAsia,Mac,Mac Studio M2 Max 12-Core CPU and 38-Core GPU (Mid 2023),2TB SSD,4150,Mac Studio M2 Max 12-Core CPU and 38-Core GPU (Mid 2023),2023.0,Mac,Mac Studio,,Mid 2023,,,M2 Max,,2048.0,SSD,,
,Trade-in Platform,CompAsia,Mac,Mac Studio M2 Max 12-Core CPU and 38-Core GPU (Mid 2023),4TB SSD,5000,Mac Studio M2 Max 12-Core CPU and 38-Core GPU (Mid 2023),2023.0,Mac,Mac Studio,,Mid 2023,,,M2 Max,,4096.0,SSD,,
,Trade-in Platform,CompAsia,Mac,Mac Studio M2 Max 12-Core CPU and 38-Core GPU (Mid 2023),512GB SSD,3225,Mac Studio M2 Max 12-Core CPU and 38-Core GPU (Mid 2023),2023.0,Mac,Mac Studio,,Mid 2023,,,M2 Max,,512.0,SSD,,
,Trade-in Platform,CompAsia,Mac,Mac Studio M2 Max 12-Core CPU and 38-Core GPU (Mid 2023),8TB SSD,6150,Mac Studio M2 Max 12-Core CPU and 38-Core GPU (Mid 2023),2023.0,Mac,Mac Studio,,Mid 2023,,,M2 Max,,8192.0,SSD,,
,Trade-in Platform,CompAsia,Mac,Mac Studio M2 Ultra 24-Core CPU and 60-Core GPU (Mid 2023),1TB SSD,5925,Mac Studio M2 Ultra 24-Core CPU and 60-Core GPU (Mid 2023),2023.0,Mac,Mac Studio,,Mid 2023,,,M2 ultra,,1024.0,SSD,,
,Trade-in Platform,CompAsia,Mac,Mac Studio M2 Ultra 24-Core CPU and 60-Core GPU (Mid 2023),2TB SSD,6475,Mac Studio M2 Ultra 24-Core CPU and 60-Core GPU (Mid 2023),2023.0,Mac,Mac Studio,,Mid 2023,,,M2 ultra,,2048.0,SSD,,
,Trade-in Platform,CompAsia,Mac,Mac Studio M2 Ultra 24-Core CPU and 60-Core GPU (Mid 2023),4TB SSD,7150,Mac Studio M2 Ultra 24-Core CPU and 60-Core GPU (Mid 2023),2023.0,Mac,Mac Studio,,Mid 2023,,,M2 ultra,,4096.0,SSD,,
,Trade-in Platform,CompAsia,Mac,Mac Studio M2 Ultra 24-Core CPU and 60-Core GPU (Mid 2023),8TB SSD,8350,Mac Studio M2 Ultra 24-Core CPU and 60-Core GPU (Mid 2023),2023.0,Mac,Mac Studio,,Mid 2023,,,M2 ultra,,8192.0,SSD,,
,Trade-in Platform,CompAsia,Mac,Mac Studio M2 Ultra 24-Core CPU and 76-Core GPU (Mid 2023),1TB SSD,7350,Mac Studio M2 Ultra 24-Core CPU and 76-Core GPU (Mid 2023),2023.0,Mac,Mac Studio,,Mid 2023,,,M2 ultra,,1024.0,SSD,,
,Trade-in Platform,CompAsia,Mac,Mac Studio M2 Ultra 24-Core CPU and 76-Core GPU (Mid 2023),2TB SSD,7950,Mac Studio M2 Ultra 24-Core CPU and 76-Core GPU (Mid 2023),2023.0,Mac,Mac Studio,,Mid 2023,,,M2 ultra,,2048.0,SSD,,
,Trade-in Platform,CompAsia,Mac,Mac Studio M2 Ultra 24-Core CPU and 76-Core GPU (Mid 2023),4TB SSD,8800,Mac Studio M2 Ultra 24-Core CPU and 76-Core GPU (Mid 2023),2023.0,Mac,Mac Studio,,Mid 2023,,,M2 ultra,,4096.0,SSD,,
,Trade-in Platform,CompAsia,Mac,Mac Studio M2 Ultra 24-Core CPU and 76-Core GPU (Mid 2023),8TB SSD,9600,Mac Studio M2 Ultra 24-Core CPU and 76-Core GPU (Mid 2023),2023.0,Mac,Mac Studio,,Mid 2023,,,M2 ultra,,8192.0,SSD,,
,Trade-in Platform,CompAsia,Mac,Mac Studio M3 Ultra 28-core CPU and 60‑core GPU (Early 2025),16TB SSD,13600,Mac Studio M3 Ultra 28-core CPU and 60‑core GPU (Early 2025),2025.0,Mac,Mac Studio,,Early 2025,,,M3 ultra,,16384.0,SSD,,
,Trade-in Platform,CompAsia,Mac,Mac Studio M3 Ultra 28-core CPU and 60‑core GPU (Early 2025),1TB SSD,8675,Mac Studio M3 Ultra 28-core CPU and 60‑core GPU (Early 2025),2025.0,Mac,Mac Studio,,Early 2025,,,M3 ultra,,1024.0,SSD,,
,Trade-in Platform,CompAsia,Mac,Mac Studio M3 Ultra 28-core CPU and 60‑core GPU (Early 2025),2TB SSD,9450,Mac Studio M3 Ultra 28-core CPU and 60‑core GPU (Early 2025),2025.0,Mac,Mac Studio,,Early 2025,,,M3 ultra,,2048.0,SSD,,
,Trade-in Platform,CompAsia,Mac,Mac Studio M3 Ultra 28-core CPU and 60‑core GPU (Early 2025),4TB SSD,10025,Mac Studio M3 Ultra 28-core CPU and 60‑core GPU (Early 2025),2025.0,Mac,Mac Studio,,Early 2025,,,M3 ultra,,4096.0,SSD,,
,Trade-in Platform,CompAsia,Mac,Mac Studio M3 Ultra 28-core CPU and 60‑core GPU (Early 2025),8TB SSD,11125,Mac Studio M3 Ultra 28-core CPU and 60‑core GPU (Early 2025),2025.0,Mac,Mac Studio,,Early 2025,,,M3 ultra,,8192.0,SSD,,
,Trade-in Platform,CompAsia,Mac,Mac Studio M3 Ultra 32-core CPU and 80‑core GPU (Early 2025),16TB SSD,15525,Mac Studio M3 Ultra 32-core CPU and 80‑core GPU (Early 2025),2025.0,Mac,Mac Studio,,Early 2025,,,M3 ultra,,16384.0,SSD,,
,Trade-in Platform,CompAsia,Mac,Mac Studio M3 Ultra 32-core CPU and 80‑core GPU (Early 2025),1TB SSD,10525,Mac Studio M3 Ultra 32-core CPU and 80‑core GPU (Early 2025),2025.0,Mac,Mac Studio,,Early 2025,,,M3 ultra,,1024.0,SSD,,
,Trade-in Platform,CompAsia,Mac,Mac Studio M3 Ultra 32-core CPU and 80‑core GPU (Early 2025),2TB SSD,11300,Mac Studio M3 Ultra 32-core CPU and 80‑core GPU (Early 2025),2025.0,Mac,Mac Studio,,Early 2025,,,M3 ultra,,2048.0,SSD,,
,Trade-in Platform,CompAsia,Mac,Mac Studio M3 Ultra 32-core CPU and 80‑core GPU (Early 2025),4TB SSD,11850,Mac Studio M3 Ultra 32-core CPU and 80‑core GPU (Early 2025),2025.0,Mac,Mac Studio,,Early 2025,,,M3 ultra,,4096.0,SSD,,
,Trade-in Platform,CompAsia,Mac,Mac Studio M3 Ultra 32-core CPU and 80‑core GPU (Early 2025),8TB SSD,12950,Mac Studio M3 Ultra 32-core CPU and 80‑core GPU (Early 2025),2025.0,Mac,Mac Studio,,Early 2025,,,M3 ultra,,8192.0,SSD,,
,Trade-in Platform,CompAsia,Mac,Mac Studio M4 Max 14-core CPU and 32‑core GPU (Early 2025),1TB SSD,4800,Mac Studio M4 Max 14-core CPU and 32‑core GPU (Early 2025),2025.0,Mac,Mac Studio,,Early 2025,,,M4 Max,,1024.0,SSD,,
,Trade-in Platform,CompAsia,Mac,Mac Studio M4 Max 14-core CPU and 32‑core GPU (Early 2025),2TB SSD,5650,Mac Studio M4 Max 14-core CPU and 32‑core GPU (Early 2025),2025.0,Mac,Mac Studio,,Early 2025,,,M4 Max,,2048.0,SSD,,
,Trade-in Platform,CompAsia,Mac,Mac Studio M4 Max 14-core CPU and 32‑core GPU (Early 2025),4TB SSD,6175,Mac Studio M4 Max 14-core CPU and 32‑core GPU (Early 2025),2025.0,Mac,Mac Studio,,Early 2025,,,M4 Max,,4096.0,SSD,,
,Trade-in Platform,CompAsia,Mac,Mac Studio M4 Max 14-core CPU and 32‑core GPU (Early 2025),512GB SSD,4325,Mac Studio M4 Max 14-core CPU and 32‑core GPU (Early 2025),2025.0,Mac,Mac Studio,,Early 2025,,,M4 Max,,512.0,SSD,,
,Trade-in Platform,CompAsia,Mac,Mac Studio M4 Max 14-core CPU and 32‑core GPU (Early 2025),8TB SSD,7575,Mac Studio M4 Max 14-core CPU and 32‑core GPU (Early 2025),2025.0,Mac,Mac Studio,,Early 2025,,,M4 Max,,8192.0,SSD,,
,Trade-in Platform,CompAsia,Mac,Mac Studio M4 Max 16-core CPU and 40‑core GPU (Early 2025),1TB SSD,5850,Mac Studio M4 Max 16-core CPU and 40‑core GPU (Early 2025),2025.0,Mac,Mac Studio,,Early 2025,,,M4 Max,,1024.0,SSD,,
,Trade-in Platform,CompAsia,Mac,Mac Studio M4 Max 16-core CPU and 40‑core GPU (Early 2025),2TB SSD,6575,Mac Studio M4 Max 16-core CPU and 40‑core GPU (Early 2025),2025.0,Mac,Mac Studio,,Early 2025,,,M4 Max,,2048.0,SSD,,
,Trade-in Platform,CompAsia,Mac,Mac Studio M4 Max 16-core CPU and 40‑core GPU (Early 2025),4TB SSD,7050,Mac Studio M4 Max 16-core CPU and 40‑core GPU (Early 2025),2025.0,Mac,Mac Studio,,Early 2025,,,M4 Max,,4096.0,SSD,,
,Trade-in Platform,CompAsia,Mac,Mac Studio M4 Max 16-core CPU and 40‑core GPU (Early 2025),512GB SSD,5175,Mac Studio M4 Max 16-core CPU and 40‑core GPU (Early 2025),2025.0,Mac,Mac Studio,,Early 2025,,,M4 Max,,512.0,SSD,,
,Trade-in Platform,CompAsia,Mac,Mac Studio M4 Max 16-core CPU and 40‑core GPU (Early 2025),8TB SSD,8375,Mac Studio M4 Max 16-core CPU and 40‑core GPU (Early 2025),2025.0,Mac,Mac Studio,,Early 2025,,,M4 Max,,8192.0,SSD,,
,Retailer Trade-in,Machines,Mac,Mac Pro M2 Ultra 24-Core CPU and 60-Core GPU (Mid 2023),1TB SSD,10000,Mac Pro M2 Ultra 24-Core CPU and 60-Core GPU (Mid 2023),2023.0,Mac,Mac Pro,,Mid 2023,,,M2 ultra,,1024.0,SSD,,
,Retailer Trade-in,Machines,Mac,Mac Pro M2 Ultra 24-Core CPU and 60-Core GPU (Mid 2023),2TB SSD,10600,Mac Pro M2 Ultra 24-Core CPU and 60-Core GPU (Mid 2023),2023.0,Mac,Mac Pro,,Mid 2023,,,M2 ultra,,2048.0,SSD,,
,Retailer Trade-in,Machines,Mac,Mac Pro M2 Ultra 24-Core CPU and 60-Core GPU (Mid 2023),4TB SSD,11400,Mac Pro M2 Ultra 24-Core CPU and 60-Core GPU (Mid 2023),2023.0,Mac,Mac Pro,,Mid 2023,,,M2 ultra,,4096.0,SSD,,
,Retailer Trade-in,Machines,Mac,Mac Pro M2 Ultra 24-Core CPU and 60-Core GPU (Mid 2023),8TB SSD,12100,Mac Pro M2 Ultra 24-Core CPU and 60-Core GPU (Mid 2023),2023.0,Mac,Mac Pro,,Mid 2023,,,M2 ultra,,8192.0,SSD,,
,Retailer Trade-in,Machines,Mac,Mac Pro M2 Ultra 24-Core CPU and 60-Core GPU Rack (Mid 2023),1TB SSD,10000,Mac Pro M2 Ultra 24-Core CPU and 60-Core GPU Rack (Mid 2023),2023.0,Mac,Mac Pro,,Mid 2023,,,M2 ultra,,1024.0,SSD,,
,Retailer Trade-in,Machines,Mac,Mac Pro M2 Ultra 24-Core CPU and 60-Core GPU Rack (Mid 2023),2TB SSD,10600,Mac Pro M2 Ultra 24-Core CPU and 60-Core GPU Rack (Mid 2023),2023.0,Mac,Mac Pro,,Mid 2023,,,M2 ultra,,2048.0,SSD,,
,Retailer Trade-in,Machines,Mac,Mac Pro M2 Ultra 24-Core CPU and 60-Core GPU Rack (Mid 2023),4TB SSD,11400,Mac Pro M2 Ultra 24-Core CPU and 60-Core GPU Rack (Mid 2023),2023.0,Mac,Mac Pro,,Mid 2023,,,M2 ultra,,4096.0,SSD,,
,Retailer Trade-in,Machines,Mac,Mac Pro M2 Ultra 24-Core CPU and 60-Core GPU Rack (Mid 2023),8TB SSD,12100,Mac Pro M2 Ultra 24-Core CPU and 60-Core GPU Rack (Mid 2023),2023.0,Mac,Mac Pro,,Mid 2023,,,M2 ultra,,8192.0,SSD,,
,Retailer Trade-in,Machines,Mac,Mac Pro M2 Ultra 24-Core CPU and 76-Core GPU (Mid 2023),1TB SSD,11400,Mac Pro M2 Ultra 24-Core CPU and 76-Core GPU (Mid 2023),2023.0,Mac,Mac Pro,,Mid 2023,,,M2 ultra,,1024.0,SSD,,
,Retailer Trade-in,Machines,Mac,Mac Pro M2 Ultra 24-Core CPU and 76-Core GPU (Mid 2023),2TB SSD,12000,Mac Pro M2 Ultra 24-Core CPU and 76-Core GPU (Mid 2023),2023.0,Mac,Mac Pro,,Mid 2023,,,M2 ultra,,2048.0,SSD,,
,Retailer Trade-in,Machines,Mac,Mac Pro M2 Ultra 24-Core CPU and 76-Core GPU (Mid 2023),4TB SSD,12900,Mac Pro M2 Ultra 24-Core CPU and 76-Core GPU (Mid 2023),2023.0,Mac,Mac Pro,,Mid 2023,,,M2 ultra,,4096.0,SSD,,
,Retailer Trade-in,Machines,Mac,Mac Pro M2 Ultra 24-Core CPU and 76-Core GPU (Mid 2023),8TB SSD,13700,Mac Pro M2 Ultra 24-Core CPU and 76-Core GPU (Mid 2023),2023.0,Mac,Mac Pro,,Mid 2023,,,M2 ultra,,8192.0,SSD,,
,Retailer Trade-in,Machines,Mac,Mac Pro M2 Ultra 24-Core CPU and 76-Core GPU Rack (Mid 2023),1TB SSD,11400,Mac Pro M2 Ultra 24-Core CPU and 76-Core GPU Rack (Mid 2023),2023.0,Mac,Mac Pro,,Mid 2023,,,M2 ultra,,1024.0,SSD,,
,Retailer Trade-in,Machines,Mac,Mac Pro M2 Ultra 24-Core CPU and 76-Core GPU Rack (Mid 2023),2TB SSD,12025,Mac Pro M2 Ultra 24-Core CPU and 76-Core GPU Rack (Mid 2023),2023.0,Mac,Mac Pro,,Mid 2023,,,M2 ultra,,2048.0,SSD,,
,Retailer Trade-in,Machines,Mac,Mac Pro M2 Ultra 24-Core CPU and 76-Core GPU Rack (Mid 2023),4TB SSD,12900,Mac Pro M2 Ultra 24-Core CPU and 76-Core GPU Rack (Mid 2023),2023.0,Mac,Mac Pro,,Mid 2023,,,M2 ultra,,4096.0,SSD,,
,Retailer Trade-in,Machines,Mac,Mac Pro M2 Ultra 24-Core CPU and 76-Core GPU Rack (Mid 2023),8TB SSD,13650,Mac Pro M2 Ultra 24-Core CPU and 76-Core GPU Rack (Mid 2023),2023.0,Mac,Mac Pro,,Mid 2023,,,M2 ultra,,8192.0,SSD,,
,Retailer Trade-in,Machines,Mac,Mac Mini i3 3.6GHz (Late 2018),128GB SSD,175,Mac Mini i3 3.6GHz (Late 2018),2018.0,Mac,Mac mini,,Late 2018,,3.6GHz,i3,,128.0,SSD,,
,Retailer Trade-in,Machines,Mac,Mac Mini i3 3.6GHz (Late 2018),256GB SSD,200,Mac Mini i3 3.6GHz (Late 2018),2018.0,Mac,Mac mini,,Late 2018,,3.6GHz,i3,,256.0,SSD,,
,Retailer Trade-in,Machines,Mac,Mac Mini i3 3.6GHz (Late 2018),512GB SSD,275,Mac Mini i3 3.6GHz (Late 2018),2018.0,Mac,Mac mini,,Late 2018,,3.6GHz,i3,,512.0,SSD,,
,Retailer Trade-in,Machines,Mac,Mac Mini i3 3.6GHz (Late 2018),1TB SSD,350,Mac Mini i3 3.6GHz (Late 2018),2018.0,Mac,Mac mini,,Late 2018,,3.6GHz,i3,,1024.0,SSD,,
,Retailer Trade-in,Machines,Mac,Mac Mini i3 3.6GHz (Late 2018),2TB SSD,375,Mac Mini i3 3.6GHz (Late 2018),2018.0,Mac,Mac mini,,Late 2018,,3.6GHz,i3,,2048.0,SSD,,
,Retailer Trade-in,Machines,Mac,Mac Mini i5 3.0GHz (Late 2018),128GB SSD,200,Mac Mini i5 3.0GHz (Late 2018),2018.0,Mac,Mac mini,,Late 2018,,3.0GHz,i5,,128.0,SSD,,
,Retailer Trade-in,Machines,Mac,Mac Mini i5 3.0GHz (Late 2018),256GB SSD,300,Mac Mini i5 3.0GHz (Late 2018),2018.0,Mac,Mac mini,,Late 2018,,3.0GHz,i5,,256.0,SSD,,
,Retailer Trade-in,Machines,Mac,Mac Mini i5 3.0GHz (Late 2018),512GB SSD,350,Mac Mini i5 3.0GHz (Late 2018),2018.0,Mac,Mac mini,,Late 2018,,3.0GHz,i5,,512.0,SSD,,
,Retailer Trade-in,Machines,Mac,Mac Mini i5 3.0GHz (Late 2018),1TB SSD,375,Mac Mini i5 3.0GHz (Late 2018),2018.0,Mac,Mac mini,,Late 2018,,3.0GHz,i5,,1024.0,SSD,,
,Retailer Trade-in,Machines,Mac,Mac Mini i5 3.0GHz (Late 2018),2TB SSD,425,Mac Mini i5 3.0GHz (Late 2018),2018.0,Mac,Mac mini,,Late 2018,,3.0GHz,i5,,2048.0,SSD,,
,Retailer Trade-in,Machines,Mac,Mac Mini i7 3.2GHz (Late 2018),128GB SSD,300,Mac Mini i7 3.2GHz (Late 2018),2018.0,Mac,Mac mini,,Late 2018,,3.2GHz,i7,,128.0,SSD,,
,Retailer Trade-in,Machines,Mac,Mac Mini i7 3.2GHz (Late 2018),256GB SSD,350,Mac Mini i7 3.2GHz (Late 2018),2018.0,Mac,Mac mini,,Late 2018,,3.2GHz,i7,,256.0,SSD,,
,Retailer Trade-in,Machines,Mac,Mac Mini i7 3.2GHz (Late 2018),512GB SSD,350,Mac Mini i7 3.2GHz (Late 2018),2018.0,Mac,Mac mini,,Late 2018,,3.2GHz,i7,,512.0,SSD,,
,Retailer Trade-in,Machines,Mac,Mac Mini i7 3.2GHz (Late 2018),1TB SSD,375,Mac Mini i7 3.2GHz (Late 2018),2018.0,Mac,Mac mini,,Late 2018,,3.2GHz,i7,,1024.0,SSD,,
,Retailer Trade-in,Machines,Mac,Mac Mini i7 3.2GHz (Late 2018),2TB SSD,475,Mac Mini i7 3.2GHz (Late 2018),2018.0,Mac,Mac mini,,Late 2018,,3.2GHz,i7,,2048.0,SSD,,
,Retailer Trade-in,Machines,Mac,Mac Mini i3 3.6GHz (Early 2020),256GB SSD,200,Mac Mini i3 3.6GHz (Early 2020),2020.0,Mac,Mac mini,,Early 2020,,3.6GHz,i3,,256.0,SSD,,
,Retailer Trade-in,Machines,Mac,Mac Mini i3 3.6GHz (Early 2020),512GB SSD,275,Mac Mini i3 3.6GHz (Early 2020),2020.0,Mac,Mac mini,,Early 2020,,3.6GHz,i3,,512.0,SSD,,
,Retailer Trade-in,Machines,Mac,Mac Mini i3 3.6GHz (Early 2020),1TB SSD,340,Mac Mini i3 3.6GHz (Early 2020),2020.0,Mac,Mac mini,,Early 2020,,3.6GHz,i3,,1024.0,SSD,,
,Retailer Trade-in,Machines,Mac,Mac Mini i3 3.6GHz (Early 2020),2TB SSD,365,Mac Mini i3 3.6GHz (Early 2020),2020.0,Mac,Mac mini,,Early 2020,,3.6GHz,i3,,2048.0,SSD,,
,Retailer Trade-in,Machines,Mac,Mac Mini i5 3.0GHz (Early 2020),512GB SSD,340,Mac Mini i5 3.0GHz (Early 2020),2020.0,Mac,Mac mini,,Early 2020,,3.0GHz,i5,,512.0,SSD,,
,Retailer Trade-in,Machines,Mac,Mac Mini i5 3.0GHz (Early 2020),1TB SSD,365,Mac Mini i5 3.0GHz (Early 2020),2020.0,Mac,Mac mini,,Early 2020,,3.0GHz,i5,,1024.0,SSD,,
,Retailer Trade-in,Machines,Mac,Mac Mini i5 3.0GHz (Early 2020),2TB SSD,415,Mac Mini i5 3.0GHz (Early 2020),2020.0,Mac,Mac mini,,Early 2020,,3.0GHz,i5,,2048.0,SSD,,
,Retailer Trade-in,Machines,Mac,Mac Mini i7 3.2GHz (Early 2020),256GB SSD,340,Mac Mini i7 3.2GHz (Early 2020),2020.0,Mac,Mac mini,,Early 2020,,3.2GHz,i7,,256.0,SSD,,
,Retailer Trade-in,Machines,Mac,Mac Mini i7 3.2GHz (Early 2020),512GB SSD,340,Mac Mini i7 3.2GHz (Early 2020),2020.0,Mac,Mac mini,,Early 2020,,3.2GHz,i7,,512.0,SSD,,
,Retailer Trade-in,Machines,Mac,Mac Mini i7 3.2GHz (Early 2020),1TB SSD,365,Mac Mini i7 3.2GHz (Early 2020),2020.0,Mac,Mac mini,,Early 2020,,3.2GHz,i7,,1024.0,SSD,,
,Retailer Trade-in,Machines,Mac,Mac Mini i7 3.2GHz (Early 2020),2TB SSD,475,Mac Mini i7 3.2GHz (Early 2020),2020.0,Mac,Mac mini,,Early 2020,,3.2GHz,i7,,2048.0,SSD,,
,Retailer Trade-in,Machines,Mac,Mac Mini M1 8-Core CPU and 8-Core GPU (Late 2020),256GB SSD,350,Mac Mini M1 8-Core CPU and 8-Core GPU (Late 2020),2020.0,Mac,Mac mini,,Late 2020,,,M1 ,,256.0,SSD,,
,Retailer Trade-in,Machines,Mac,Mac Mini M1 8-Core CPU and 8-Core GPU (Late 2020),512GB SSD,350,Mac Mini M1 8-Core CPU and 8-Core GPU (Late 2020),2020.0,Mac,Mac mini,,Late 2020,,,M1 ,,512.0,SSD,,
,Retailer Trade-in,Machines,Mac,Mac Mini M1 8-Core CPU and 8-Core GPU (Late 2020),1TB SSD,375,Mac Mini M1 8-Core CPU and 8-Core GPU (Late 2020),2020.0,Mac,Mac mini,,Late 2020,,,M1 ,,1024.0,SSD,,
,Retailer Trade-in,Machines,Mac,Mac Mini M1 8-Core CPU and 8-Core GPU (Late 2020),2TB SSD,475,Mac Mini M1 8-Core CPU and 8-Core GPU (Late 2020),2020.0,Mac,Mac mini,,Late 2020,,,M1 ,,2048.0,SSD,,
,Retailer Trade-in,Machines,Mac,Mac Mini M2 8-Core CPU and 10-Core GPU (Early 2023),256GB SSD,425,Mac Mini M2 8-Core CPU and 10-Core GPU (Early 2023),2023.0,Mac,Mac mini,,Early 2023,,,M2 ,,256.0,SSD,,
,Retailer Trade-in,Machines,Mac,Mac Mini M2 8-Core CPU and 10-Core GPU (Early 2023),512GB SSD,475,Mac Mini M2 8-Core CPU and 10-Core GPU (Early 2023),2023.0,Mac,Mac mini,,Early 2023,,,M2 ,,512.0,SSD,,
,Retailer Trade-in,Machines,Mac,Mac Mini M2 8-Core CPU and 10-Core GPU (Early 2023),1TB SSD,525,Mac Mini M2 8-Core CPU and 10-Core GPU (Early 2023),2023.0,Mac,Mac mini,,Early 2023,,,M2 ,,1024.0,SSD,,
,Retailer Trade-in,Machines,Mac,Mac Mini M2 8-Core CPU and 10-Core GPU (Early 2023),2TB SSD,625,Mac Mini M2 8-Core CPU and 10-Core GPU (Early 2023),2023.0,Mac,Mac mini,,Early 2023,,,M2 ,,2048.0,SSD,,
,Retailer Trade-in,Machines,Mac,Mac Mini M2 Pro 10-Core CPU and 16-Core GPU (Early 2023),512GB SSD,475,Mac Mini M2 Pro 10-Core CPU and 16-Core GPU (Early 2023),2023.0,Mac,Mac mini,,Early 2023,,,M2 pro,,512.0,SSD,,
,Retailer Trade-in,Machines,Mac,Mac Mini M2 Pro 10-Core CPU and 16-Core GPU (Early 2023),1TB SSD,525,Mac Mini M2 Pro 10-Core CPU and 16-Core GPU (Early 2023),2023.0,Mac,Mac mini,,Early 2023,,,M2 pro,,1024.0,SSD,,
,Retailer Trade-in,Machines,Mac,Mac Mini M2 Pro 10-Core CPU and 16-Core GPU (Early 2023),2TB SSD,675,Mac Mini M2 Pro 10-Core CPU and 16-Core GPU (Early 2023),2023.0,Mac,Mac mini,,Early 2023,,,M2 pro,,2048.0,SSD,,
,Retailer Trade-in,Machines,Mac,Mac Mini M2 Pro 10-Core CPU and 16-Core GPU (Early 2023),4TB SSD,675,Mac Mini M2 Pro 10-Core CPU and 16-Core GPU (Early 2023),2023.0,Mac,Mac mini,,Early 2023,,,M2 pro,,4096.0,SSD,,
,Retailer Trade-in,Machines,Mac,Mac Mini M2 Pro 10-Core CPU and 16-Core GPU (Early 2023),8TB SSD,675,Mac Mini M2 Pro 10-Core CPU and 16-Core GPU (Early 2023),2023.0,Mac,Mac mini,,Early 2023,,,M2 pro,,8192.0,SSD,,
,Retailer Trade-in,Machines,Mac,Mac Mini M2 Pro 12-Core CPU and 19-Core GPU (Early 2023),512GB SSD,475,Mac Mini M2 Pro 12-Core CPU and 19-Core GPU (Early 2023),2023.0,Mac,Mac mini,,Early 2023,,,M2 pro,,512.0,SSD,,
,Retailer Trade-in,Machines,Mac,Mac Mini M2 Pro 12-Core CPU and 19-Core GPU (Early 2023),1TB SSD,525,Mac Mini M2 Pro 12-Core CPU and 19-Core GPU (Early 2023),2023.0,Mac,Mac mini,,Early 2023,,,M2 pro,,1024.0,SSD,,
,Retailer Trade-in,Machines,Mac,Mac Mini M2 Pro 12-Core CPU and 19-Core GPU (Early 2023),2TB SSD,660,Mac Mini M2 Pro 12-Core CPU and 19-Core GPU (Early 2023),2023.0,Mac,Mac mini,,Early 2023,,,M2 pro,,2048.0,SSD,,
,Retailer Trade-in,Machines,Mac,Mac Mini M2 Pro 12-Core CPU and 19-Core GPU (Early 2023),4TB SSD,675,Mac Mini M2 Pro 12-Core CPU and 19-Core GPU (Early 2023),2023.0,Mac,Mac mini,,Early 2023,,,M2 pro,,4096.0,SSD,,
,Retailer Trade-in,Machines,Mac,Mac Mini M2 Pro 12-Core CPU and 19-Core GPU (Early 2023),8TB SSD,675,Mac Mini M2 Pro 12-Core CPU and 19-Core GPU (Early 2023),2023.0,Mac,Mac mini,,Early 2023,,,M2 pro,,8192.0,SSD,,
,Retailer Trade-in,Machines,Mac,Mac Mini M4 10-Core CPU and 10-Core GPU (Late 2024),256GB,1025,Mac Mini M4 10-Core CPU and 10-Core GPU (Late 2024),2024.0,Mac,Mac mini,,Late 2024,,,M4 ,,256.0,,,
,Retailer Trade-in,Machines,Mac,Mac Mini M4 10-Core CPU and 10-Core GPU (Late 2024),512GB,1375,Mac Mini M4 10-Core CPU and 10-Core GPU (Late 2024),2024.0,Mac,Mac mini,,Late 2024,,,M4 ,,512.0,,,
,Retailer Trade-in,Machines,Mac,Mac Mini M4 10-Core CPU and 10-Core GPU (Late 2024),1TB,1750,Mac Mini M4 10-Core CPU and 10-Core GPU (Late 2024),2024.0,Mac,Mac mini,,Late 2024,,,M4 ,,1024.0,,,
,Retailer Trade-in,Machines,Mac,Mac Mini M4 10-Core CPU and 10-Core GPU (Late 2024),2TB,2375,Mac Mini M4 10-Core CPU and 10-Core GPU (Late 2024),2024.0,Mac,Mac mini,,Late 2024,,,M4 ,,2048.0,,,
,Retailer Trade-in,Machines,Mac,Mac Mini M4 Pro 12-Core CPU and 16-Core GPU (Late 2024),512GB,2300,Mac Mini M4 Pro 12-Core CPU and 16-Core GPU (Late 2024),2024.0,Mac,Mac mini,,Late 2024,,,M4 pro,,512.0,,,
,Retailer Trade-in,Machines,Mac,Mac Mini M4 Pro 12-Core CPU and 16-Core GPU (Late 2024),1TB,2625,Mac Mini M4 Pro 12-Core CPU and 16-Core GPU (Late 2024),2024.0,Mac,Mac mini,,Late 2024,,,M4 pro,,1024.0,,,
,Retailer Trade-in,Machines,Mac,Mac Mini M4 Pro 12-Core CPU and 16-Core GPU (Late 2024),2TB,3175,Mac Mini M4 Pro 12-Core CPU and 16-Core GPU (Late 2024),2024.0,Mac,Mac mini,,Late 2024,,,M4 pro,,2048.0,,,
,Retailer Trade-in,Machines,Mac,Mac Mini M4 Pro 12-Core CPU and 16-Core GPU (Late 2024),4TB,4050,Mac Mini M4 Pro 12-Core CPU and 16-Core GPU (Late 2024),2024.0,Mac,Mac mini,,Late 2024,,,M4 pro,,4096.0,,,
,Retailer Trade-in,Machines,Mac,Mac Mini M4 Pro 12-Core CPU and 16-Core GPU (Late 2024),8TB,5825,Mac Mini M4 Pro 12-Core CPU and 16-Core GPU (Late 2024),2024.0,Mac,Mac mini,,Late 2024,,,M4 pro,,8192.0,,,
,Retailer Trade-in,Machines,Mac,Mac Mini M4 Pro 14-Core CPU and 20-Core GPU (Late 2024),512GB SSD,2625,Mac Mini M4 Pro 14-Core CPU and 20-Core GPU (Late 2024),2024.0,Mac,Mac mini,,Late 2024,,,M4 pro,,512.0,SSD,,
,Retailer Trade-in,Machines,Mac,Mac Mini M4 Pro 14-Core CPU and 20-Core GPU (Late 2024),1TB SSD,2975,Mac Mini M4 Pro 14-Core CPU and 20-Core GPU (Late 2024),2024.0,Mac,Mac mini,,Late 2024,,,M4 pro,,1024.0,SSD,,
,Retailer Trade-in,Machines,Mac,Mac Mini M4 Pro 14-Core CPU and 20-Core GPU (Late 2024),2TB SSD,3500,Mac Mini M4 Pro 14-Core CPU and 20-Core GPU (Late 2024),2024.0,Mac,Mac mini,,Late 2024,,,M4 pro,,2048.0,SSD,,
,Retailer Trade-in,Machines,Mac,Mac Mini M4 Pro 14-Core CPU and 20-Core GPU (Late 2024),4TB SSD,4375,Mac Mini M4 Pro 14-Core CPU and 20-Core GPU (Late 2024),2024.0,Mac,Mac mini,,Late 2024,,,M4 pro,,4096.0,SSD,,
,Retailer Trade-in,Machines,Mac,Mac Mini M4 Pro 14-Core CPU and 20-Core GPU (Late 2024),8TB SSD,6175,Mac Mini M4 Pro 14-Core CPU and 20-Core GPU (Late 2024),2024.0,Mac,Mac mini,,Late 2024,,,M4 pro,,8192.0,SSD,,
,Retailer Trade-in,Machines,Mac,Mac Studio M1 Max 10-Core CPU and 24-Core GPU (Early 2022),512GB,1825,Mac Studio M1 Max 10-Core CPU and 24-Core GPU (Early 2022),2022.0,Mac,Mac Studio,,Early 2022,,,M1 Max,,512.0,,,
,Retailer Trade-in,Machines,Mac,Mac Studio M1 Max 10-Core CPU and 24-Core GPU (Early 2022),1TB,1975,Mac Studio M1 Max 10-Core CPU and 24-Core GPU (Early 2022),2022.0,Mac,Mac Studio,,Early 2022,,,M1 Max,,1024.0,,,
,Retailer Trade-in,Machines,Mac,Mac Studio M1 Max 10-Core CPU and 24-Core GPU (Early 2022),2TB,2375,Mac Studio M1 Max 10-Core CPU and 24-Core GPU (Early 2022),2022.0,Mac,Mac Studio,,Early 2022,,,M1 Max,,2048.0,,,
,Retailer Trade-in,Machines,Mac,Mac Studio M1 Max 10-Core CPU and 24-Core GPU (Early 2022),4TB,2925,Mac Studio M1 Max 10-Core CPU and 24-Core GPU (Early 2022),2022.0,Mac,Mac Studio,,Early 2022,,,M1 Max,,4096.0,,,
,Retailer Trade-in,Machines,Mac,Mac Studio M1 Max 10-Core CPU and 24-Core GPU (Early 2022),8TB,3625,Mac Studio M1 Max 10-Core CPU and 24-Core GPU (Early 2022),2022.0,Mac,Mac Studio,,Early 2022,,,M1 Max,,8192.0,,,
,Retailer Trade-in,Machines,Mac,Mac Studio M1 Max 10-Core CPU and 32-Core GPU (Early 2022),512GB,1975,Mac Studio M1 Max 10-Core CPU and 32-Core GPU (Early 2022),2022.0,Mac,Mac Studio,,Early 2022,,,M1 Max,,512.0,,,
,Retailer Trade-in,Machines,Mac,Mac Studio M1 Max 10-Core CPU and 32-Core GPU (Early 2022),1TB,2100,Mac Studio M1 Max 10-Core CPU and 32-Core GPU (Early 2022),2022.0,Mac,Mac Studio,,Early 2022,,,M1 Max,,1024.0,,,
,Retailer Trade-in,Machines,Mac,Mac Studio M1 Max 10-Core CPU and 32-Core GPU (Early 2022),2TB,2450,Mac Studio M1 Max 10-Core CPU and 32-Core GPU (Early 2022),2022.0,Mac,Mac Studio,,Early 2022,,,M1 Max,,2048.0,,,
,Retailer Trade-in,Machines,Mac,Mac Studio M1 Max 10-Core CPU and 32-Core GPU (Early 2022),4TB,2975,Mac Studio M1 Max 10-Core CPU and 32-Core GPU (Early 2022),2022.0,Mac,Mac Studio,,Early 2022,,,M1 Max,,4096.0,,,
,Retailer Trade-in,Machines,Mac,Mac Studio M1 Max 10-Core CPU and 32-Core GPU (Early 2022),8TB,3825,Mac Studio M1 Max 10-Core CPU and 32-Core GPU (Early 2022),2022.0,Mac,Mac Studio,,Early 2022,,,M1 Max,,8192.0,,,
,Retailer Trade-in,Machines,Mac,Mac Studio M1 Ultra 20-core CPU and 48-Core GPU (Early 2022),1TB,3250,Mac Studio M1 Ultra 20-core CPU and 48-Core GPU (Early 2022),2022.0,Mac,Mac Studio,,Early 2022,,,M1 ultra,,1024.0,,,
,Retailer Trade-in,Machines,Mac,Mac Studio M1 Ultra 20-core CPU and 48-Core GPU (Early 2022),2TB,3950,Mac Studio M1 Ultra 20-core CPU and 48-Core GPU (Early 2022),2022.0,Mac,Mac Studio,,Early 2022,,,M1 ultra,,2048.0,,,
,Retailer Trade-in,Machines,Mac,Mac Studio M1 Ultra 20-core CPU and 48-Core GPU (Early 2022),4TB,4200,Mac Studio M1 Ultra 20-core CPU and 48-Core GPU (Early 2022),2022.0,Mac,Mac Studio,,Early 2022,,,M1 ultra,,4096.0,,,
,Retailer Trade-in,Machines,Mac,Mac Studio M1 Ultra 20-core CPU and 48-Core GPU (Early 2022),8TB,5075,Mac Studio M1 Ultra 20-core CPU and 48-Core GPU (Early 2022),2022.0,Mac,Mac Studio,,Early 2022,,,M1 ultra,,8192.0,,,
,Retailer Trade-in,Machines,Mac,Mac Studio M1 Ultra 20-core CPU and 64-Core GPU (Early 2022),1TB,4375,Mac Studio M1 Ultra 20-core CPU and 64-Core GPU (Early 2022),2022.0,Mac,Mac Studio,,Early 2022,,,M1 ultra,,1024.0,,,
,Retailer Trade-in,Machines,Mac,Mac Studio M1 Ultra 20-core CPU and 64-Core GPU (Early 2022),2TB,4775,Mac Studio M1 Ultra 20-core CPU and 64-Core GPU (Early 2022),2022.0,Mac,Mac Studio,,Early 2022,,,M1 ultra,,2048.0,,,
,Retailer Trade-in,Machines,Mac,Mac Studio M1 Ultra 20-core CPU and 64-Core GPU (Early 2022),4TB,5325,Mac Studio M1 Ultra 20-core CPU and 64-Core GPU (Early 2022),2022.0,Mac,Mac Studio,,Early 2022,,,M1 ultra,,4096.0,,,
,Retailer Trade-in,Machines,Mac,Mac Studio M1 Ultra 20-core CPU and 64-Core GPU (Early 2022),8TB,5900,Mac Studio M1 Ultra 20-core CPU and 64-Core GPU (Early 2022),2022.0,Mac,Mac Studio,,Early 2022,,,M1 ultra,,8192.0,,,
,Retailer Trade-in,Machines,Mac,Mac Studio M2 Max 12-Core CPU and 30-Core GPU (Mid 2023),512GB SSD,3000,Mac Studio M2 Max 12-Core CPU and 30-Core GPU (Mid 2023),2023.0,Mac,Mac Studio,,Mid 2023,,,M2 Max,,512.0,SSD,,
,Retailer Trade-in,Machines,Mac,Mac Studio M2 Max 12-Core CPU and 30-Core GPU (Mid 2023),1TB SSD,3225,Mac Studio M2 Max 12-Core CPU and 30-Core GPU (Mid 2023),2023.0,Mac,Mac Studio,,Mid 2023,,,M2 Max,,1024.0,SSD,,
,Retailer Trade-in,Machines,Mac,Mac Studio M2 Max 12-Core CPU and 30-Core GPU (Mid 2023),2TB SSD,3825,Mac Studio M2 Max 12-Core CPU and 30-Core GPU (Mid 2023),2023.0,Mac,Mac Studio,,Mid 2023,,,M2 Max,,2048.0,SSD,,
,Retailer Trade-in,Machines,Mac,Mac Studio M2 Max 12-Core CPU and 30-Core GPU (Mid 2023),4TB SSD,4700,Mac Studio M2 Max 12-Core CPU and 30-Core GPU (Mid 2023),2023.0,Mac,Mac Studio,,Mid 2023,,,M2 Max,,4096.0,SSD,,
,Retailer Trade-in,Machines,Mac,Mac Studio M2 Max 12-Core CPU and 30-Core GPU (Mid 2023),8TB SSD,5900,Mac Studio M2 Max 12-Core CPU and 30-Core GPU (Mid 2023),2023.0,Mac,Mac Studio,,Mid 2023,,,M2 Max,,8192.0,SSD,,
,Retailer Trade-in,Machines,Mac,Mac Studio M2 Max 12-Core CPU and 38-Core GPU (Mid 2023),512GB SSD,3225,Mac Studio M2 Max 12-Core CPU and 38-Core GPU (Mid 2023),2023.0,Mac,Mac Studio,,Mid 2023,,,M2 Max,,512.0,SSD,,
,Retailer Trade-in,Machines,Mac,Mac Studio M2 Max 12-Core CPU and 38-Core GPU (Mid 2023),1TB SSD,3575,Mac Studio M2 Max 12-Core CPU and 38-Core GPU (Mid 2023),2023.0,Mac,Mac Studio,,Mid 2023,,,M2 Max,,1024.0,SSD,,
,Retailer Trade-in,Machines,Mac,Mac Studio M2 Max 12-Core CPU and 38-Core GPU (Mid 2023),2TB SSD,4150,Mac Studio M2 Max 12-Core CPU and 38-Core GPU (Mid 2023),2023.0,Mac,Mac Studio,,Mid 2023,,,M2 Max,,2048.0,SSD,,
,Retailer Trade-in,Machines,Mac,Mac Studio M2 Max 12-Core CPU and 38-Core GPU (Mid 2023),4TB SSD,5000,Mac Studio M2 Max 12-Core CPU and 38-Core GPU (Mid 2023),2023.0,Mac,Mac Studio,,Mid 2023,,,M2 Max,,4096.0,SSD,,
,Retailer Trade-in,Machines,Mac,Mac Studio M2 Max 12-Core CPU and 38-Core GPU (Mid 2023),8TB SSD,6150,Mac Studio M2 Max 12-Core CPU and 38-Core GPU (Mid 2023),2023.0,Mac,Mac Studio,,Mid 2023,,,M2 Max,,8192.0,SSD,,
,Retailer Trade-in,Machines,Mac,Mac Studio M2 Ultra 24-Core CPU and 60-Core GPU (Mid 2023),1TB SSD,5925,Mac Studio M2 Ultra 24-Core CPU and 60-Core GPU (Mid 2023),2023.0,Mac,Mac Studio,,Mid 2023,,,M2 ultra,,1024.0,SSD,,
,Retailer Trade-in,Machines,Mac,Mac Studio M2 Ultra 24-Core CPU and 60-Core GPU (Mid 2023),2TB SSD,6475,Mac Studio M2 Ultra 24-Core CPU and 60-Core GPU (Mid 2023),2023.0,Mac,Mac Studio,,Mid 2023,,,M2 ultra,,2048.0,SSD,,
,Retailer Trade-in,Machines,Mac,Mac Studio M2 Ultra 24-Core CPU and 60-Core GPU (Mid 2023),4TB SSD,7150,Mac Studio M2 Ultra 24-Core CPU and 60-Core GPU (Mid 2023),2023.0,Mac,Mac Studio,,Mid 2023,,,M2 ultra,,4096.0,SSD,,
,Retailer Trade-in,Machines,Mac,Mac Studio M2 Ultra 24-Core CPU and 60-Core GPU (Mid 2023),8TB SSD,8350,Mac Studio M2 Ultra 24-Core CPU and 60-Core GPU (Mid 2023),2023.0,Mac,Mac Studio,,Mid 2023,,,M2 ultra,,8192.0,SSD,,
,Retailer Trade-in,Machines,Mac,Mac Studio M2 Ultra 24-Core CPU and 76-Core GPU (Mid 2023),1TB SSD,7350,Mac Studio M2 Ultra 24-Core CPU and 76-Core GPU (Mid 2023),2023.0,Mac,Mac Studio,,Mid 2023,,,M2 ultra,,1024.0,SSD,,
,Retailer Trade-in,Machines,Mac,Mac Studio M2 Ultra 24-Core CPU and 76-Core GPU (Mid 2023),2TB SSD,7950,Mac Studio M2 Ultra 24-Core CPU and 76-Core GPU (Mid 2023),2023.0,Mac,Mac Studio,,Mid 2023,,,M2 ultra,,2048.0,SSD,,
,Retailer Trade-in,Machines,Mac,Mac Studio M2 Ultra 24-Core CPU and 76-Core GPU (Mid 2023),4TB SSD,8800,Mac Studio M2 Ultra 24-Core CPU and 76-Core GPU (Mid 2023),2023.0,Mac,Mac Studio,,Mid 2023,,,M2 ultra,,4096.0,SSD,,
,Retailer Trade-in,Machines,Mac,Mac Studio M2 Ultra 24-Core CPU and 76-Core GPU (Mid 2023),8TB SSD,9600,Mac Studio M2 Ultra 24-Core CPU and 76-Core GPU (Mid 2023),2023.0,Mac,Mac Studio,,Mid 2023,,,M2 ultra,,8192.0,SSD,,
,Retailer Trade-in,Machines,Mac,Mac Studio M3 Ultra 28-core CPU and 60‑core GPU (Early 2025),1TB SSD,8675,Mac Studio M3 Ultra 28-core CPU and 60‑core GPU (Early 2025),2025.0,Mac,Mac Studio,,Early 2025,,,M3 ultra,,1024.0,SSD,,
,Retailer Trade-in,Machines,Mac,Mac Studio M3 Ultra 28-core CPU and 60‑core GPU (Early 2025),2TB SSD,9450,Mac Studio M3 Ultra 28-core CPU and 60‑core GPU (Early 2025),2025.0,Mac,Mac Studio,,Early 2025,,,M3 ultra,,2048.0,SSD,,
,Retailer Trade-in,Machines,Mac,Mac Studio M3 Ultra 28-core CPU and 60‑core GPU (Early 2025),4TB SSD,10025,Mac Studio M3 Ultra 28-core CPU and 60‑core GPU (Early 2025),2025.0,Mac,Mac Studio,,Early 2025,,,M3 ultra,,4096.0,SSD,,
,Retailer Trade-in,Machines,Mac,Mac Studio M3 Ultra 28-core CPU and 60‑core GPU (Early 2025),8TB SSD,11125,Mac Studio M3 Ultra 28-core CPU and 60‑core GPU (Early 2025),2025.0,Mac,Mac Studio,,Early 2025,,,M3 ultra,,8192.0,SSD,,
,Retailer Trade-in,Machines,Mac,Mac Studio M3 Ultra 28-core CPU and 60‑core GPU (Early 2025),16TB SSD,13600,Mac Studio M3 Ultra 28-core CPU and 60‑core GPU (Early 2025),2025.0,Mac,Mac Studio,,Early 2025,,,M3 ultra,,16384.0,SSD,,
,Retailer Trade-in,Machines,Mac,Mac Studio M3 Ultra 32-core CPU and 80‑core GPU (Early 2025),1TB SSD,10525,Mac Studio M3 Ultra 32-core CPU and 80‑core GPU (Early 2025),2025.0,Mac,Mac Studio,,Early 2025,,,M3 ultra,,1024.0,SSD,,
,Retailer Trade-in,Machines,Mac,Mac Studio M3 Ultra 32-core CPU and 80‑core GPU (Early 2025),2TB SSD,11300,Mac Studio M3 Ultra 32-core CPU and 80‑core GPU (Early 2025),2025.0,Mac,Mac Studio,,Early 2025,,,M3 ultra,,2048.0,SSD,,
,Retailer Trade-in,Machines,Mac,Mac Studio M3 Ultra 32-core CPU and 80‑core GPU (Early 2025),4TB SSD,11850,Mac Studio M3 Ultra 32-core CPU and 80‑core GPU (Early 2025),2025.0,Mac,Mac Studio,,Early 2025,,,M3 ultra,,4096.0,SSD,,
,Retailer Trade-in,Machines,Mac,Mac Studio M3 Ultra 32-core CPU and 80‑core GPU (Early 2025),8TB SSD,12950,Mac Studio M3 Ultra 32-core CPU and 80‑core GPU (Early 2025),2025.0,Mac,Mac Studio,,Early 2025,,,M3 ultra,,8192.0,SSD,,
,Retailer Trade-in,Machines,Mac,Mac Studio M3 Ultra 32-core CPU and 80‑core GPU (Early 2025),16TB SSD,15525,Mac Studio M3 Ultra 32-core CPU and 80‑core GPU (Early 2025),2025.0,Mac,Mac Studio,,Early 2025,,,M3 ultra,,16384.0,SSD,,
,Retailer Trade-in,Machines,Mac,Mac Studio M4 Max 14-core CPU and 32‑core GPU (Early 2025),512GB SSD,4325,Mac Studio M4 Max 14-core CPU and 32‑core GPU (Early 2025),2025.0,Mac,Mac Studio,,Early 2025,,,M4 Max,,512.0,SSD,,
,Retailer Trade-in,Machines,Mac,Mac Studio M4 Max 14-core CPU and 32‑core GPU (Early 2025),1TB SSD,4800,Mac Studio M4 Max 14-core CPU and 32‑core GPU (Early 2025),2025.0,Mac,Mac Studio,,Early 2025,,,M4 Max,,1024.0,SSD,,
,Retailer Trade-in,Machines,Mac,Mac Studio M4 Max 14-core CPU and 32‑core GPU (Early 2025),2TB SSD,5650,Mac Studio M4 Max 14-core CPU and 32‑core GPU (Early 2025),2025.0,Mac,Mac Studio,,Early 2025,,,M4 Max,,2048.0,SSD,,
,Retailer Trade-in,Machines,Mac,Mac Studio M4 Max 14-core CPU and 32‑core GPU (Early 2025),4TB SSD,6175,Mac Studio M4 Max 14-core CPU and 32‑core GPU (Early 2025),2025.0,Mac,Mac Studio,,Early 2025,,,M4 Max,,4096.0,SSD,,
,Retailer Trade-in,Machines,Mac,Mac Studio M4 Max 14-core CPU and 32‑core GPU (Early 2025),8TB SSD,7575,Mac Studio M4 Max 14-core CPU and 32‑core GPU (Early 2025),2025.0,Mac,Mac Studio,,Early 2025,,,M4 Max,,8192.0,SSD,,
,Retailer Trade-in,Machines,Mac,Mac Studio M4 Max 16-core CPU and 40‑core GPU (Early 2025),512GB SSD,5175,Mac Studio M4 Max 16-core CPU and 40‑core GPU (Early 2025),2025.0,Mac,Mac Studio,,Early 2025,,,M4 Max,,512.0,SSD,,
,Retailer Trade-in,Machines,Mac,Mac Studio M4 Max 16-core CPU and 40‑core GPU (Early 2025),1TB SSD,5850,Mac Studio M4 Max 16-core CPU and 40‑core GPU (Early 2025),2025.0,Mac,Mac Studio,,Early 2025,,,M4 Max,,1024.0,SSD,,
,Retailer Trade-in,Machines,Mac,Mac Studio M4 Max 16-core CPU and 40‑core GPU (Early 2025),2TB SSD,6575,Mac Studio M4 Max 16-core CPU and 40‑core GPU (Early 2025),2025.0,Mac,Mac Studio,,Early 2025,,,M4 Max,,2048.0,SSD,,
,Retailer Trade-in,Machines,Mac,Mac Studio M4 Max 16-core CPU and 40‑core GPU (Early 2025),4TB SSD,7050,Mac Studio M4 Max 16-core CPU and 40‑core GPU (Early 2025),2025.0,Mac,Mac Studio,,Early 2025,,,M4 Max,,4096.0,SSD,,
,Retailer Trade-in,Machines,Mac,Mac Studio M4 Max 16-core CPU and 40‑core GPU (Early 2025),8TB SSD,8375,Mac Studio M4 Max 16-core CPU and 40‑core GPU (Early 2025),2025.0,Mac,Mac Studio,,Early 2025,,,M4 Max,,8192.0,SSD,,
,Retailer Trade-in,Machines,Mac,iMac i5 3.4GHz 27 inch (Mid 2017),256GB SSD,275,iMac i5 3.4GHz 27 inch (Mid 2017),2017.0,Mac,iMac,,Mid 2017,27.0,3.4GHz,i5,,256.0,SSD,,
,Retailer Trade-in,Machines,Mac,iMac i5 3.4GHz 27 inch (Mid 2017),512GB SSD,300,iMac i5 3.4GHz 27 inch (Mid 2017),2017.0,Mac,iMac,,Mid 2017,27.0,3.4GHz,i5,,512.0,SSD,,
,Retailer Trade-in,Machines,Mac,iMac i5 3.4GHz 27 inch (Mid 2017),1TB Fusion Drive,375,iMac i5 3.4GHz 27 inch (Mid 2017),2017.0,Mac,iMac,,Mid 2017,27.0,3.4GHz,i5,,1024.0,Fusion Drive,,
,Retailer Trade-in,Machines,Mac,iMac i5 3.4GHz 27 inch (Mid 2017),1TB SSD,375,iMac i5 3.4GHz 27 inch (Mid 2017),2017.0,Mac,iMac,,Mid 2017,27.0,3.4GHz,i5,,1024.0,SSD,,
,Retailer Trade-in,Machines,Mac,iMac i5 3.4GHz 27 inch (Mid 2017),2TB Fusion Drive,425,iMac i5 3.4GHz 27 inch (Mid 2017),2017.0,Mac,iMac,,Mid 2017,27.0,3.4GHz,i5,,2048.0,Fusion Drive,,
,Retailer Trade-in,Machines,Mac,iMac i5 3.5GHz 27 inch (Mid 2017),256GB SSD,275,iMac i5 3.5GHz 27 inch (Mid 2017),2017.0,Mac,iMac,,Mid 2017,27.0,3.5GHz,i5,,256.0,SSD,,
,Retailer Trade-in,Machines,Mac,iMac i5 3.5GHz 27 inch (Mid 2017),512GB SSD,300,iMac i5 3.5GHz 27 inch (Mid 2017),2017.0,Mac,iMac,,Mid 2017,27.0,3.5GHz,i5,,512.0,SSD,,
,Retailer Trade-in,Machines,Mac,iMac i5 3.5GHz 27 inch (Mid 2017),1TB Fusion Drive,375,iMac i5 3.5GHz 27 inch (Mid 2017),2017.0,Mac,iMac,,Mid 2017,27.0,3.5GHz,i5,,1024.0,Fusion Drive,,
,Retailer Trade-in,Machines,Mac,iMac i5 3.5GHz 27 inch (Mid 2017),1TB SSD,375,iMac i5 3.5GHz 27 inch (Mid 2017),2017.0,Mac,iMac,,Mid 2017,27.0,3.5GHz,i5,,1024.0,SSD,,
,Retailer Trade-in,Machines,Mac,iMac i5 3.5GHz 27 inch (Mid 2017),2TB Fusion Drive,425,iMac i5 3.5GHz 27 inch (Mid 2017),2017.0,Mac,iMac,,Mid 2017,27.0,3.5GHz,i5,,2048.0,Fusion Drive,,
,Retailer Trade-in,Machines,Mac,iMac i5 3.5GHz 27 inch (Mid 2017),3TB Fusion Drive,450,iMac i5 3.5GHz 27 inch (Mid 2017),2017.0,Mac,iMac,,Mid 2017,27.0,3.5GHz,i5,,3072.0,Fusion Drive,,
,Retailer Trade-in,Machines,Mac,iMac i5 3.8GHz 27 inch (Mid 2017),512GB SSD,300,iMac i5 3.8GHz 27 inch (Mid 2017),2017.0,Mac,iMac,,Mid 2017,27.0,3.8GHz,i5,,512.0,SSD,,
,Retailer Trade-in,Machines,Mac,iMac i5 3.8GHz 27 inch (Mid 2017),1TB SSD,375,iMac i5 3.8GHz 27 inch (Mid 2017),2017.0,Mac,iMac,,Mid 2017,27.0,3.8GHz,i5,,1024.0,SSD,,
,Retailer Trade-in,Machines,Mac,iMac i5 3.8GHz 27 inch (Mid 2017),2TB Fusion Drive,425,iMac i5 3.8GHz 27 inch (Mid 2017),2017.0,Mac,iMac,,Mid 2017,27.0,3.8GHz,i5,,2048.0,Fusion Drive,,
,Retailer Trade-in,Machines,Mac,iMac i5 3.8GHz 27 inch (Mid 2017),2TB SSD,425,iMac i5 3.8GHz 27 inch (Mid 2017),2017.0,Mac,iMac,,Mid 2017,27.0,3.8GHz,i5,,2048.0,SSD,,
,Retailer Trade-in,Machines,Mac,iMac i5 3.8GHz 27 inch (Mid 2017),3TB Fusion Drive,450,iMac i5 3.8GHz 27 inch (Mid 2017),2017.0,Mac,iMac,,Mid 2017,27.0,3.8GHz,i5,,3072.0,Fusion Drive,,
,Retailer Trade-in,Machines,Mac,iMac i7 4.2GHz 27 inch (Mid 2017),256GB SSD,275,iMac i7 4.2GHz 27 inch (Mid 2017),2017.0,Mac,iMac,,Mid 2017,27.0,4.2GHz,i7,,256.0,SSD,,
,Retailer Trade-in,Machines,Mac,iMac i7 4.2GHz 27 inch (Mid 2017),512GB SSD,300,iMac i7 4.2GHz 27 inch (Mid 2017),2017.0,Mac,iMac,,Mid 2017,27.0,4.2GHz,i7,,512.0,SSD,,
,Retailer Trade-in,Machines,Mac,iMac i7 4.2GHz 27 inch (Mid 2017),1TB Fusion Drive,400,iMac i7 4.2GHz 27 inch (Mid 2017),2017.0,Mac,iMac,,Mid 2017,27.0,4.2GHz,i7,,1024.0,Fusion Drive,,
,Retailer Trade-in,Machines,Mac,iMac i7 4.2GHz 27 inch (Mid 2017),1TB SSD,400,iMac i7 4.2GHz 27 inch (Mid 2017),2017.0,Mac,iMac,,Mid 2017,27.0,4.2GHz,i7,,1024.0,SSD,,
,Retailer Trade-in,Machines,Mac,iMac i7 4.2GHz 27 inch (Mid 2017),2TB Fusion Drive,425,iMac i7 4.2GHz 27 inch (Mid 2017),2017.0,Mac,iMac,,Mid 2017,27.0,4.2GHz,i7,,2048.0,Fusion Drive,,
,Retailer Trade-in,Machines,Mac,iMac i7 4.2GHz 27 inch (Mid 2017),2TB SSD,425,iMac i7 4.2GHz 27 inch (Mid 2017),2017.0,Mac,iMac,,Mid 2017,27.0,4.2GHz,i7,,2048.0,SSD,,
,Retailer Trade-in,Machines,Mac,iMac i7 4.2GHz 27 inch (Mid 2017),3TB Fusion Drive,450,iMac i7 4.2GHz 27 inch (Mid 2017),2017.0,Mac,iMac,,Mid 2017,27.0,4.2GHz,i7,,3072.0,Fusion Drive,,
,Retailer Trade-in,Machines,Mac,iMac Pro Xeon W 2.3GHz 27 inch (Late 2017),1TB SSD,750,iMac Pro Xeon W 2.3GHz 27 inch (Late 2017),2017.0,Mac,iMac Pro,,Late 2017,27.0,2.3GHz,,,1024.0,SSD,,
,Retailer Trade-in,Machines,Mac,iMac Pro Xeon W 2.3GHz 27 inch (Late 2017),2TB SSD,850,iMac Pro Xeon W 2.3GHz 27 inch (Late 2017),2017.0,Mac,iMac Pro,,Late 2017,27.0,2.3GHz,,,2048.0,SSD,,
,Retailer Trade-in,Machines,Mac,iMac Pro Xeon W 2.3GHz 27 inch (Late 2017),4TB SSD,950,iMac Pro Xeon W 2.3GHz 27 inch (Late 2017),2017.0,Mac,iMac Pro,,Late 2017,27.0,2.3GHz,,,4096.0,SSD,,
,Retailer Trade-in,Machines,Mac,iMac Pro Xeon W 2.5GHz 27 inch (Late 2017),1TB SSD,900,iMac Pro Xeon W 2.5GHz 27 inch (Late 2017),2017.0,Mac,iMac Pro,,Late 2017,27.0,2.5GHz,,,1024.0,SSD,,
,Retailer Trade-in,Machines,Mac,iMac Pro Xeon W 2.5GHz 27 inch (Late 2017),2TB SSD,975,iMac Pro Xeon W 2.5GHz 27 inch (Late 2017),2017.0,Mac,iMac Pro,,Late 2017,27.0,2.5GHz,,,2048.0,SSD,,
,Retailer Trade-in,Machines,Mac,iMac Pro Xeon W 2.5GHz 27 inch (Late 2017),4TB SSD,1050,iMac Pro Xeon W 2.5GHz 27 inch (Late 2017),2017.0,Mac,iMac Pro,,Late 2017,27.0,2.5GHz,,,4096.0,SSD,,
,Retailer Trade-in,Machines,Mac,iMac Pro Xeon W 3.0GHz 27 inch (Late 2017),1TB SSD,950,iMac Pro Xeon W 3.0GHz 27 inch (Late 2017),2017.0,Mac,iMac Pro,,Late 2017,27.0,3.0GHz,,,1024.0,SSD,,
,Retailer Trade-in,Machines,Mac,iMac Pro Xeon W 3.0GHz 27 inch (Late 2017),2TB SSD,975,iMac Pro Xeon W 3.0GHz 27 inch (Late 2017),2017.0,Mac,iMac Pro,,Late 2017,27.0,3.0GHz,,,2048.0,SSD,,
,Retailer Trade-in,Machines,Mac,iMac Pro Xeon W 3.0GHz 27 inch (Late 2017),4TB SSD,1000,iMac Pro Xeon W 3.0GHz 27 inch (Late 2017),2017.0,Mac,iMac Pro,,Late 2017,27.0,3.0GHz,,,4096.0,SSD,,
,Retailer Trade-in,Machines,Mac,iMac Pro Xeon W 3.2GHz 27 inch (Late 2017),1TB SSD,750,iMac Pro Xeon W 3.2GHz 27 inch (Late 2017),2017.0,Mac,iMac Pro,,Late 2017,27.0,3.2GHz,,,1024.0,SSD,,
,Retailer Trade-in,Machines,Mac,iMac Pro Xeon W 3.2GHz 27 inch (Late 2017),2TB SSD,850,iMac Pro Xeon W 3.2GHz 27 inch (Late 2017),2017.0,Mac,iMac Pro,,Late 2017,27.0,3.2GHz,,,2048.0,SSD,,
,Retailer Trade-in,Machines,Mac,iMac Pro Xeon W 3.2GHz 27 inch (Late 2017),4TB SSD,950,iMac Pro Xeon W 3.2GHz 27 inch (Late 2017),2017.0,Mac,iMac Pro,,Late 2017,27.0,3.2GHz,,,4096.0,SSD,,
,Retailer Trade-in,Machines,Mac,iMac i5 3.0GHz 27 inch (Early 2019),256GB SSD,350,iMac i5 3.0GHz 27 inch (Early 2019),2019.0,Mac,iMac,,Early 2019,27.0,3.0GHz,i5,,256.0,SSD,,
,Retailer Trade-in,Machines,Mac,iMac i5 3.0GHz 27 inch (Early 2019),512GB SSD,425,iMac i5 3.0GHz 27 inch (Early 2019),2019.0,Mac,iMac,,Early 2019,27.0,3.0GHz,i5,,512.0,SSD,,
,Retailer Trade-in,Machines,Mac,iMac i5 3.0GHz 27 inch (Early 2019),1TB Fusion Drive,425,iMac i5 3.0GHz 27 inch (Early 2019),2019.0,Mac,iMac,,Early 2019,27.0,3.0GHz,i5,,1024.0,Fusion Drive,,
,Retailer Trade-in,Machines,Mac,iMac i5 3.0GHz 27 inch (Early 2019),1TB SSD,450,iMac i5 3.0GHz 27 inch (Early 2019),2019.0,Mac,iMac,,Early 2019,27.0,3.0GHz,i5,,1024.0,SSD,,
,Retailer Trade-in,Machines,Mac,iMac i5 3.0GHz 27 inch (Early 2019),2TB Fusion Drive,475,iMac i5 3.0GHz 27 inch (Early 2019),2019.0,Mac,iMac,,Early 2019,27.0,3.0GHz,i5,,2048.0,Fusion Drive,,
,Retailer Trade-in,Machines,Mac,iMac i5 3.1GHz 27 inch (Early 2019),256GB SSD,450,iMac i5 3.1GHz 27 inch (Early 2019),2019.0,Mac,iMac,,Early 2019,27.0,3.1GHz,i5,,256.0,SSD,,
,Retailer Trade-in,Machines,Mac,iMac i5 3.1GHz 27 inch (Early 2019),512GB SSD,500,iMac i5 3.1GHz 27 inch (Early 2019),2019.0,Mac,iMac,,Early 2019,27.0,3.1GHz,i5,,512.0,SSD,,
,Retailer Trade-in,Machines,Mac,iMac i5 3.1GHz 27 inch (Early 2019),1TB Fusion Drive,500,iMac i5 3.1GHz 27 inch (Early 2019),2019.0,Mac,iMac,,Early 2019,27.0,3.1GHz,i5,,1024.0,Fusion Drive,,
,Retailer Trade-in,Machines,Mac,iMac i5 3.1GHz 27 inch (Early 2019),1TB SSD,550,iMac i5 3.1GHz 27 inch (Early 2019),2019.0,Mac,iMac,,Early 2019,27.0,3.1GHz,i5,,1024.0,SSD,,
,Retailer Trade-in,Machines,Mac,iMac i5 3.1GHz 27 inch (Early 2019),2TB Fusion Drive,625,iMac i5 3.1GHz 27 inch (Early 2019),2019.0,Mac,iMac,,Early 2019,27.0,3.1GHz,i5,,2048.0,Fusion Drive,,
,Retailer Trade-in,Machines,Mac,iMac i5 3.1GHz 27 inch (Early 2019),3TB Fusion Drive,700,iMac i5 3.1GHz 27 inch (Early 2019),2019.0,Mac,iMac,,Early 2019,27.0,3.1GHz,i5,,3072.0,Fusion Drive,,
,Retailer Trade-in,Machines,Mac,iMac i5 3.7GHz 27 inch (Early 2019),512GB SSD,625,iMac i5 3.7GHz 27 inch (Early 2019),2019.0,Mac,iMac,,Early 2019,27.0,3.7GHz,i5,,512.0,SSD,,
,Retailer Trade-in,Machines,Mac,iMac i5 3.7GHz 27 inch (Early 2019),1TB SSD,625,iMac i5 3.7GHz 27 inch (Early 2019),2019.0,Mac,iMac,,Early 2019,27.0,3.7GHz,i5,,1024.0,SSD,,
,Retailer Trade-in,Machines,Mac,iMac i5 3.7GHz 27 inch (Early 2019),2TB Fusion Drive,625,iMac i5 3.7GHz 27 inch (Early 2019),2019.0,Mac,iMac,,Early 2019,27.0,3.7GHz,i5,,2048.0,Fusion Drive,,
,Retailer Trade-in,Machines,Mac,iMac i5 3.7GHz 27 inch (Early 2019),2TB SSD,675,iMac i5 3.7GHz 27 inch (Early 2019),2019.0,Mac,iMac,,Early 2019,27.0,3.7GHz,i5,,2048.0,SSD,,
,Retailer Trade-in,Machines,Mac,iMac i5 3.7GHz 27 inch (Early 2019),3TB Fusion Drive,750,iMac i5 3.7GHz 27 inch (Early 2019),2019.0,Mac,iMac,,Early 2019,27.0,3.7GHz,i5,,3072.0,Fusion Drive,,
,Retailer Trade-in,Machines,Mac,iMac i9 3.6GHz 27 inch (Early 2019),256GB SSD,850,iMac i9 3.6GHz 27 inch (Early 2019),2019.0,Mac,iMac,,Early 2019,27.0,3.6GHz,i9,,256.0,SSD,,
,Retailer Trade-in,Machines,Mac,iMac i9 3.6GHz 27 inch (Early 2019),512GB SSD,975,iMac i9 3.6GHz 27 inch (Early 2019),2019.0,Mac,iMac,,Early 2019,27.0,3.6GHz,i9,,512.0,SSD,,
,Retailer Trade-in,Machines,Mac,iMac i9 3.6GHz 27 inch (Early 2019),1TB Fusion Drive,1100,iMac i9 3.6GHz 27 inch (Early 2019),2019.0,Mac,iMac,,Early 2019,27.0,3.6GHz,i9,,1024.0,Fusion Drive,,
,Retailer Trade-in,Machines,Mac,iMac i9 3.6GHz 27 inch (Early 2019),1TB SSD,1175,iMac i9 3.6GHz 27 inch (Early 2019),2019.0,Mac,iMac,,Early 2019,27.0,3.6GHz,i9,,1024.0,SSD,,
,Retailer Trade-in,Machines,Mac,iMac i9 3.6GHz 27 inch (Early 2019),2TB Fusion Drive,1275,iMac i9 3.6GHz 27 inch (Early 2019),2019.0,Mac,iMac,,Early 2019,27.0,3.6GHz,i9,,2048.0,Fusion Drive,,
,Retailer Trade-in,Machines,Mac,iMac i9 3.6GHz 27 inch (Early 2019),2TB SSD,1350,iMac i9 3.6GHz 27 inch (Early 2019),2019.0,Mac,iMac,,Early 2019,27.0,3.6GHz,i9,,2048.0,SSD,,
,Retailer Trade-in,Machines,Mac,iMac i9 3.6GHz 27 inch (Early 2019),3TB Fusion Drive,1425,iMac i9 3.6GHz 27 inch (Early 2019),2019.0,Mac,iMac,,Early 2019,27.0,3.6GHz,i9,,3072.0,Fusion Drive,,
,Retailer Trade-in,Machines,Mac,iMac i5 3.1GHz 27 inch (Mid 2020),256GB SSD,650,iMac i5 3.1GHz 27 inch (Mid 2020),2020.0,Mac,iMac,,Mid 2020,27.0,3.1GHz,i5,,256.0,SSD,,
,Retailer Trade-in,Machines,Mac,iMac i5 3.3GHz 27 inch (Mid 2020),512GB SSD,775,iMac i5 3.3GHz 27 inch (Mid 2020),2020.0,Mac,iMac,,Mid 2020,27.0,3.3GHz,i5,,512.0,SSD,,
,Retailer Trade-in,Machines,Mac,iMac i5 3.3GHz 27 inch (Mid 2020),1TB SSD,825,iMac i5 3.3GHz 27 inch (Mid 2020),2020.0,Mac,iMac,,Mid 2020,27.0,3.3GHz,i5,,1024.0,SSD,,
,Retailer Trade-in,Machines,Mac,iMac i5 3.3GHz 27 inch (Mid 2020),2TB SSD,950,iMac i5 3.3GHz 27 inch (Mid 2020),2020.0,Mac,iMac,,Mid 2020,27.0,3.3GHz,i5,,2048.0,SSD,,
,Retailer Trade-in,Machines,Mac,iMac i7 3.8GHz 27 inch (Mid 2020),512GB SSD,875,iMac i7 3.8GHz 27 inch (Mid 2020),2020.0,Mac,iMac,,Mid 2020,27.0,3.8GHz,i7,,512.0,SSD,,
,Retailer Trade-in,Machines,Mac,iMac i7 3.8GHz 27 inch (Mid 2020),1TB SSD,975,iMac i7 3.8GHz 27 inch (Mid 2020),2020.0,Mac,iMac,,Mid 2020,27.0,3.8GHz,i7,,1024.0,SSD,,
,Retailer Trade-in,Machines,Mac,iMac i7 3.8GHz 27 inch (Mid 2020),2TB SSD,1025,iMac i7 3.8GHz 27 inch (Mid 2020),2020.0,Mac,iMac,,Mid 2020,27.0,3.8GHz,i7,,2048.0,SSD,,
,Retailer Trade-in,Machines,Mac,iMac i7 3.8GHz 27 inch (Mid 2020),4TB SSD,1250,iMac i7 3.8GHz 27 inch (Mid 2020),2020.0,Mac,iMac,,Mid 2020,27.0,3.8GHz,i7,,4096.0,SSD,,
,Retailer Trade-in,Machines,Mac,iMac i7 3.8GHz 27 inch (Mid 2020),8TB SSD,1650,iMac i7 3.8GHz 27 inch (Mid 2020),2020.0,Mac,iMac,,Mid 2020,27.0,3.8GHz,i7,,8192.0,SSD,,
,Retailer Trade-in,Machines,Mac,iMac i9 3.6GHz 27 inch (Mid 2020),512GB SSD,1175,iMac i9 3.6GHz 27 inch (Mid 2020),2020.0,Mac,iMac,,Mid 2020,27.0,3.6GHz,i9,,512.0,SSD,,
,Retailer Trade-in,Machines,Mac,iMac i9 3.6GHz 27 inch (Mid 2020),1TB SSD,1275,iMac i9 3.6GHz 27 inch (Mid 2020),2020.0,Mac,iMac,,Mid 2020,27.0,3.6GHz,i9,,1024.0,SSD,,
,Retailer Trade-in,Machines,Mac,iMac i9 3.6GHz 27 inch (Mid 2020),2TB SSD,1475,iMac i9 3.6GHz 27 inch (Mid 2020),2020.0,Mac,iMac,,Mid 2020,27.0,3.6GHz,i9,,2048.0,SSD,,
,Retailer Trade-in,Machines,Mac,iMac i9 3.6GHz 27 inch (Mid 2020),4TB SSD,1650,iMac i9 3.6GHz 27 inch (Mid 2020),2020.0,Mac,iMac,,Mid 2020,27.0,3.6GHz,i9,,4096.0,SSD,,
,Retailer Trade-in,Machines,Mac,iMac i9 3.6GHz 27 inch (Mid 2020),8TB SSD,1775,iMac i9 3.6GHz 27 inch (Mid 2020),2020.0,Mac,iMac,,Mid 2020,27.0,3.6GHz,i9,,8192.0,SSD,,
,Retailer Trade-in,Machines,Mac,iMac M1 8-Core CPU and 7-Core GPU 24 inch (Early 2021),256GB SSD,575,iMac M1 8-Core CPU and 7-Core GPU 24 inch (Early 2021),2021.0,Mac,iMac,,Early 2021,24.0,,M1 ,,256.0,SSD,,
,Retailer Trade-in,Machines,Mac,iMac M1 8-Core CPU and 7-Core GPU 24 inch (Early 2021),512GB SSD,575,iMac M1 8-Core CPU and 7-Core GPU 24 inch (Early 2021),2021.0,Mac,iMac,,Early 2021,24.0,,M1 ,,512.0,SSD,,
,Retailer Trade-in,Machines,Mac,iMac M1 8-Core CPU and 7-Core GPU 24 inch (Early 2021),1TB SSD,675,iMac M1 8-Core CPU and 7-Core GPU 24 inch (Early 2021),2021.0,Mac,iMac,,Early 2021,24.0,,M1 ,,1024.0,SSD,,
,Retailer Trade-in,Machines,Mac,iMac M1 8-Core CPU and 8-Core GPU 24 inch (Early 2021),256GB SSD,650,iMac M1 8-Core CPU and 8-Core GPU 24 inch (Early 2021),2021.0,Mac,iMac,,Early 2021,24.0,,M1 ,,256.0,SSD,,
,Retailer Trade-in,Machines,Mac,iMac M1 8-Core CPU and 8-Core GPU 24 inch (Early 2021),512GB SSD,725,iMac M1 8-Core CPU and 8-Core GPU 24 inch (Early 2021),2021.0,Mac,iMac,,Early 2021,24.0,,M1 ,,512.0,SSD,,
,Retailer Trade-in,Machines,Mac,iMac M1 8-Core CPU and 8-Core GPU 24 inch (Early 2021),1TB SSD,725,iMac M1 8-Core CPU and 8-Core GPU 24 inch (Early 2021),2021.0,Mac,iMac,,Early 2021,24.0,,M1 ,,1024.0,SSD,,
,Retailer Trade-in,Machines,Mac,iMac M1 8-Core CPU and 8-Core GPU 24 inch (Early 2021),2TB SSD,725,iMac M1 8-Core CPU and 8-Core GPU 24 inch (Early 2021),2021.0,Mac,iMac,,Early 2021,24.0,,M1 ,,2048.0,SSD,,
,Retailer Trade-in,Machines,Mac,iMac M3 8-Core CPU and 8-Core GPU 24 inch (Late 2023),256GB SSD,2175,iMac M3 8-Core CPU and 8-Core GPU 24 inch (Late 2023),2023.0,Mac,iMac,,Late 2023,24.0,,M3 ,,256.0,SSD,,
,Retailer Trade-in,Machines,Mac,iMac M3 8-Core CPU and 8-Core GPU 24 inch (Late 2023),512GB SSD,2500,iMac M3 8-Core CPU and 8-Core GPU 24 inch (Late 2023),2023.0,Mac,iMac,,Late 2023,24.0,,M3 ,,512.0,SSD,,
,Retailer Trade-in,Machines,Mac,iMac M3 8-Core CPU and 8-Core GPU 24 inch (Late 2023),1TB SSD,2800,iMac M3 8-Core CPU and 8-Core GPU 24 inch (Late 2023),2023.0,Mac,iMac,,Late 2023,24.0,,M3 ,,1024.0,SSD,,
,Retailer Trade-in,Machines,Mac,iMac M3 8-Core CPU and 10-Core GPU 24 inch (Late 2023),256GB SSD,2650,iMac M3 8-Core CPU and 10-Core GPU 24 inch (Late 2023),2023.0,Mac,iMac,,Late 2023,24.0,,M3 ,,256.0,SSD,,
,Retailer Trade-in,Machines,Mac,iMac M3 8-Core CPU and 10-Core GPU 24 inch (Late 2023),512GB SSD,2950,iMac M3 8-Core CPU and 10-Core GPU 24 inch (Late 2023),2023.0,Mac,iMac,,Late 2023,24.0,,M3 ,,512.0,SSD,,
,Retailer Trade-in,Machines,Mac,iMac M3 8-Core CPU and 10-Core GPU 24 inch (Late 2023),1TB SSD,3250,iMac M3 8-Core CPU and 10-Core GPU 24 inch (Late 2023),2023.0,Mac,iMac,,Late 2023,24.0,,M3 ,,1024.0,SSD,,
,Retailer Trade-in,Machines,Mac,iMac M3 8-Core CPU and 10-Core GPU 24 inch (Late 2023),2TB SSD,3725,iMac M3 8-Core CPU and 10-Core GPU 24 inch (Late 2023),2023.0,Mac,iMac,,Late 2023,24.0,,M3 ,,2048.0,SSD,,
,Retailer Trade-in,Machines,Mac,iMac M4 8-Core CPU and 8 Core GPU 24 inch (Late 2024),256GB SSD,2450,iMac M4 8-Core CPU and 8 Core GPU 24 inch (Late 2024),2024.0,Mac,iMac,,Late 2024,24.0,,M4 ,,256.0,SSD,,
,Retailer Trade-in,Machines,Mac,iMac M4 8-Core CPU and 8 Core GPU 24 inch (Late 2024),512GB SSD,2825,iMac M4 8-Core CPU and 8 Core GPU 24 inch (Late 2024),2024.0,Mac,iMac,,Late 2024,24.0,,M4 ,,512.0,SSD,,
,Retailer Trade-in,Machines,Mac,iMac M4 8-Core CPU and 8 Core GPU 24 inch (Late 2024),1TB SSD,3200,iMac M4 8-Core CPU and 8 Core GPU 24 inch (Late 2024),2024.0,Mac,iMac,,Late 2024,24.0,,M4 ,,1024.0,SSD,,
,Retailer Trade-in,Machines,Mac,iMac M4 10-Core CPU and 10 Core GPU 24 inch (Late 2024),256GB SSD,2725,iMac M4 10-Core CPU and 10 Core GPU 24 inch (Late 2024),2024.0,Mac,iMac,,Late 2024,24.0,,M4 ,,256.0,SSD,,
,Retailer Trade-in,Machines,Mac,iMac M4 10-Core CPU and 10 Core GPU 24 inch (Late 2024),512GB SSD,3200,iMac M4 10-Core CPU and 10 Core GPU 24 inch (Late 2024),2024.0,Mac,iMac,,Late 2024,24.0,,M4 ,,512.0,SSD,,
,Retailer Trade-in,Machines,Mac,iMac M4 10-Core CPU and 10 Core GPU 24 inch (Late 2024),1TB SSD,3575,iMac M4 10-Core CPU and 10 Core GPU 24 inch (Late 2024),2024.0,Mac,iMac,,Late 2024,24.0,,M4 ,,1024.0,SSD,,
,Retailer Trade-in,Machines,Mac,iMac M4 10-Core CPU and 10 Core GPU 24 inch (Late 2024),2TB SSD,3925,iMac M4 10-Core CPU and 10 Core GPU 24 inch (Late 2024),2024.0,Mac,iMac,,Late 2024,24.0,,M4 ,,2048.0,SSD,,
,Retailer Trade-in,Machines,Mac,MacBook i5 1.3GHz 12 inch (Mid 2017),256GB SSD,275,MacBook i5 1.3GHz 12 inch (Mid 2017),2017.0,Mac,MacBook,,Mid 2017,12.0,1.3GHz,i5,,256.0,SSD,,
,Retailer Trade-in,Machines,Mac,MacBook i5 1.3GHz 12 inch (Mid 2017),512GB SSD,375,MacBook i5 1.3GHz 12 inch (Mid 2017),2017.0,Mac,MacBook,,Mid 2017,12.0,1.3GHz,i5,,512.0,SSD,,
,Retailer Trade-in,Machines,Mac,MacBook i7 1.4GHz 12 inch (Mid 2017),256GB SSD,325,MacBook i7 1.4GHz 12 inch (Mid 2017),2017.0,Mac,MacBook,,Mid 2017,12.0,1.4GHz,i7,,256.0,SSD,,
,Retailer Trade-in,Machines,Mac,MacBook i7 1.4GHz 12 inch (Mid 2017),512GB SSD,425,MacBook i7 1.4GHz 12 inch (Mid 2017),2017.0,Mac,MacBook,,Mid 2017,12.0,1.4GHz,i7,,512.0,SSD,,
,Retailer Trade-in,Machines,Mac,MacBook m3 1.2GHz 12 inch (Mid 2017),256GB SSD,275,MacBook m3 1.2GHz 12 inch (Mid 2017),2017.0,Mac,MacBook,,Mid 2017,12.0,1.2GHz,M3 ,,256.0,SSD,,
,Retailer Trade-in,Machines,Mac,MacBook Air i5 1.8GHz 13 inch (Mid 2017),128GB SSD,175,MacBook Air i5 1.8GHz 13 inch (Mid 2017),2017.0,Mac,MacBook Air,,Mid 2017,13.0,1.8GHz,i5,,128.0,SSD,,
,Retailer Trade-in,Machines,Mac,MacBook Air i5 1.8GHz 13 inch (Mid 2017),256GB SSD,225,MacBook Air i5 1.8GHz 13 inch (Mid 2017),2017.0,Mac,MacBook Air,,Mid 2017,13.0,1.8GHz,i5,,256.0,SSD,,
,Retailer Trade-in,Machines,Mac,MacBook Air i5 1.8GHz 13 inch (Mid 2017),512GB SSD,250,MacBook Air i5 1.8GHz 13 inch (Mid 2017),2017.0,Mac,MacBook Air,,Mid 2017,13.0,1.8GHz,i5,,512.0,SSD,,
,Retailer Trade-in,Machines,Mac,MacBook Air i7 2.2GHz 13 inch (Mid 2017),128GB SSD,250,MacBook Air i7 2.2GHz 13 inch (Mid 2017),2017.0,Mac,MacBook Air,,Mid 2017,13.0,2.2GHz,i7,,128.0,SSD,,
,Retailer Trade-in,Machines,Mac,MacBook Air i7 2.2GHz 13 inch (Mid 2017),256GB SSD,300,MacBook Air i7 2.2GHz 13 inch (Mid 2017),2017.0,Mac,MacBook Air,,Mid 2017,13.0,2.2GHz,i7,,256.0,SSD,,
,Retailer Trade-in,Machines,Mac,MacBook Air i7 2.2GHz 13 inch (Mid 2017),512GB SSD,425,MacBook Air i7 2.2GHz 13 inch (Mid 2017),2017.0,Mac,MacBook Air,,Mid 2017,13.0,2.2GHz,i7,,512.0,SSD,,
,Retailer Trade-in,Machines,Mac,MacBook Air i5 1.6GHz 13 inch (Late 2018),128GB SSD,400,MacBook Air i5 1.6GHz 13 inch (Late 2018),2018.0,Mac,MacBook Air,,Late 2018,13.0,1.6GHz,i5,,128.0,SSD,,
,Retailer Trade-in,Machines,Mac,MacBook Air i5 1.6GHz 13 inch (Late 2018),256GB SSD,400,MacBook Air i5 1.6GHz 13 inch (Late 2018),2018.0,Mac,MacBook Air,,Late 2018,13.0,1.6GHz,i5,,256.0,SSD,,
,Retailer Trade-in,Machines,Mac,MacBook Air i5 1.6GHz 13 inch (Late 2018),512GB SSD,475,MacBook Air i5 1.6GHz 13 inch (Late 2018),2018.0,Mac,MacBook Air,,Late 2018,13.0,1.6GHz,i5,,512.0,SSD,,
,Retailer Trade-in,Machines,Mac,MacBook Air i5 1.6GHz 13 inch (Late 2018),1.5TB SSD,500,MacBook Air i5 1.6GHz 13 inch (Late 2018),2018.0,Mac,MacBook Air,,Late 2018,13.0,1.6GHz,i5,,1536.0,SSD,,
,Retailer Trade-in,Machines,Mac,MacBook Air i5 1.6GHz 13 inch (Mid 2019),128GB SSD,400,MacBook Air i5 1.6GHz 13 inch (Mid 2019),2019.0,Mac,MacBook Air,,Mid 2019,13.0,1.6GHz,i5,,128.0,SSD,,
,Retailer Trade-in,Machines,Mac,MacBook Air i5 1.6GHz 13 inch (Mid 2019),256GB SSD,400,MacBook Air i5 1.6GHz 13 inch (Mid 2019),2019.0,Mac,MacBook Air,,Mid 2019,13.0,1.6GHz,i5,,256.0,SSD,,
,Retailer Trade-in,Machines,Mac,MacBook Air i5 1.6GHz 13 inch (Mid 2019),512GB SSD,475,MacBook Air i5 1.6GHz 13 inch (Mid 2019),2019.0,Mac,MacBook Air,,Mid 2019,13.0,1.6GHz,i5,,512.0,SSD,,
,Retailer Trade-in,Machines,Mac,MacBook Air i5 1.6GHz 13 inch (Mid 2019),1TB SSD,475,MacBook Air i5 1.6GHz 13 inch (Mid 2019),2019.0,Mac,MacBook Air,,Mid 2019,13.0,1.6GHz,i5,,1024.0,SSD,,
,Retailer Trade-in,Machines,Mac,MacBook Air i3 1.1GHz 13 inch (Early 2020),256GB SSD,345,MacBook Air i3 1.1GHz 13 inch (Early 2020),2020.0,Mac,MacBook Air,,Early 2020,13.0,1.1GHz,i3,,256.0,SSD,,
,Retailer Trade-in,Machines,Mac,MacBook Air i3 1.1GHz 13 inch (Early 2020),512GB SSD,350,MacBook Air i3 1.1GHz 13 inch (Early 2020),2020.0,Mac,MacBook Air,,Early 2020,13.0,1.1GHz,i3,,512.0,SSD,,
,Retailer Trade-in,Machines,Mac,MacBook Air i3 1.1GHz 13 inch (Early 2020),1TB SSD,350,MacBook Air i3 1.1GHz 13 inch (Early 2020),2020.0,Mac,MacBook Air,,Early 2020,13.0,1.1GHz,i3,,1024.0,SSD,,
,Retailer Trade-in,Machines,Mac,MacBook Air i3 1.1GHz 13 inch (Early 2020),2TB SSD,420,MacBook Air i3 1.1GHz 13 inch (Early 2020),2020.0,Mac,MacBook Air,,Early 2020,13.0,1.1GHz,i3,,2048.0,SSD,,
,Retailer Trade-in,Machines,Mac,MacBook Air i5 1.1GHz 13 inch (Early 2020),256GB SSD,450,MacBook Air i5 1.1GHz 13 inch (Early 2020),2020.0,Mac,MacBook Air,,Early 2020,13.0,1.1GHz,i5,,256.0,SSD,,
,Retailer Trade-in,Machines,Mac,MacBook Air i5 1.1GHz 13 inch (Early 2020),512GB SSD,475,MacBook Air i5 1.1GHz 13 inch (Early 2020),2020.0,Mac,MacBook Air,,Early 2020,13.0,1.1GHz,i5,,512.0,SSD,,
,Retailer Trade-in,Machines,Mac,MacBook Air i5 1.1GHz 13 inch (Early 2020),1TB SSD,475,MacBook Air i5 1.1GHz 13 inch (Early 2020),2020.0,Mac,MacBook Air,,Early 2020,13.0,1.1GHz,i5,,1024.0,SSD,,
,Retailer Trade-in,Machines,Mac,MacBook Air i5 1.1GHz 13 inch (Early 2020),2TB SSD,550,MacBook Air i5 1.1GHz 13 inch (Early 2020),2020.0,Mac,MacBook Air,,Early 2020,13.0,1.1GHz,i5,,2048.0,SSD,,
,Retailer Trade-in,Machines,Mac,MacBook Air i7 1.2GHz 13 inch (Early 2020),256GB SSD,475,MacBook Air i7 1.2GHz 13 inch (Early 2020),2020.0,Mac,MacBook Air,,Early 2020,13.0,1.2GHz,i7,,256.0,SSD,,
,Retailer Trade-in,Machines,Mac,MacBook Air i7 1.2GHz 13 inch (Early 2020),512GB SSD,475,MacBook Air i7 1.2GHz 13 inch (Early 2020),2020.0,Mac,MacBook Air,,Early 2020,13.0,1.2GHz,i7,,512.0,SSD,,
,Retailer Trade-in,Machines,Mac,MacBook Air i7 1.2GHz 13 inch (Early 2020),1TB SSD,500,MacBook Air i7 1.2GHz 13 inch (Early 2020),2020.0,Mac,MacBook Air,,Early 2020,13.0,1.2GHz,i7,,1024.0,SSD,,
,Retailer Trade-in,Machines,Mac,MacBook Air i7 1.2GHz 13 inch (Early 2020),2TB SSD,575,MacBook Air i7 1.2GHz 13 inch (Early 2020),2020.0,Mac,MacBook Air,,Early 2020,13.0,1.2GHz,i7,,2048.0,SSD,,
,Retailer Trade-in,Machines,Mac,MacBook Air M1 8-Core CPU and 7-Core GPU 13 inch (Late 2020),128GB SSD,505,MacBook Air M1 8-Core CPU and 7-Core GPU 13 inch (Late 2020),2020.0,Mac,MacBook Air,,Late 2020,13.0,,M1 ,,128.0,SSD,,
,Retailer Trade-in,Machines,Mac,MacBook Air M1 8-Core CPU and 7-Core GPU 13 inch (Late 2020),256GB SSD,605,MacBook Air M1 8-Core CPU and 7-Core GPU 13 inch (Late 2020),2020.0,Mac,MacBook Air,,Late 2020,13.0,,M1 ,,256.0,SSD,,
,Retailer Trade-in,Machines,Mac,MacBook Air M1 8-Core CPU and 7-Core GPU 13 inch (Late 2020),512GB SSD,605,MacBook Air M1 8-Core CPU and 7-Core GPU 13 inch (Late 2020),2020.0,Mac,MacBook Air,,Late 2020,13.0,,M1 ,,512.0,SSD,,
,Retailer Trade-in,Machines,Mac,MacBook Air M1 8-Core CPU and 7-Core GPU 13 inch (Late 2020),1TB SSD,605,MacBook Air M1 8-Core CPU and 7-Core GPU 13 inch (Late 2020),2020.0,Mac,MacBook Air,,Late 2020,13.0,,M1 ,,1024.0,SSD,,
,Retailer Trade-in,Machines,Mac,MacBook Air M1 8-Core CPU and 7-Core GPU 13 inch (Late 2020),2TB SSD,705,MacBook Air M1 8-Core CPU and 7-Core GPU 13 inch (Late 2020),2020.0,Mac,MacBook Air,,Late 2020,13.0,,M1 ,,2048.0,SSD,,
,Retailer Trade-in,Machines,Mac,MacBook Air M1 8-Core CPU and 8-Core GPU 13 inch (Late 2020),256GB SSD,570,MacBook Air M1 8-Core CPU and 8-Core GPU 13 inch (Late 2020),2020.0,Mac,MacBook Air,,Late 2020,13.0,,M1 ,,256.0,SSD,,
,Retailer Trade-in,Machines,Mac,MacBook Air M1 8-Core CPU and 8-Core GPU 13 inch (Late 2020),512GB SSD,655,MacBook Air M1 8-Core CPU and 8-Core GPU 13 inch (Late 2020),2020.0,Mac,MacBook Air,,Late 2020,13.0,,M1 ,,512.0,SSD,,
,Retailer Trade-in,Machines,Mac,MacBook Air M1 8-Core CPU and 8-Core GPU 13 inch (Late 2020),1TB SSD,705,MacBook Air M1 8-Core CPU and 8-Core GPU 13 inch (Late 2020),2020.0,Mac,MacBook Air,,Late 2020,13.0,,M1 ,,1024.0,SSD,,
,Retailer Trade-in,Machines,Mac,MacBook Air M1 8-Core CPU and 8-Core GPU 13 inch (Late 2020),2TB SSD,755,MacBook Air M1 8-Core CPU and 8-Core GPU 13 inch (Late 2020),2020.0,Mac,MacBook Air,,Late 2020,13.0,,M1 ,,2048.0,SSD,,
,Retailer Trade-in,Machines,Mac,MacBook Air M2 8-Core CPU and 8-Core GPU 13.6 inch (Mid 2022),256GB SSD,1200,MacBook Air M2 8-Core CPU and 8-Core GPU 13.6 inch (Mid 2022),2022.0,Mac,MacBook Air,,Mid 2022,13.6,,M2 ,,256.0,SSD,,
,Retailer Trade-in,Machines,Mac,MacBook Air M2 8-Core CPU and 8-Core GPU 13.6 inch (Mid 2022),512GB SSD,1395,MacBook Air M2 8-Core CPU and 8-Core GPU 13.6 inch (Mid 2022),2022.0,Mac,MacBook Air,,Mid 2022,13.6,,M2 ,,512.0,SSD,,
,Retailer Trade-in,Machines,Mac,MacBook Air M2 8-Core CPU and 8-Core GPU 13.6 inch (Mid 2022),1TB SSD,1550,MacBook Air M2 8-Core CPU and 8-Core GPU 13.6 inch (Mid 2022),2022.0,Mac,MacBook Air,,Mid 2022,13.6,,M2 ,,1024.0,SSD,,
,Retailer Trade-in,Machines,Mac,MacBook Air M2 8-Core CPU and 8-Core GPU 13.6 inch (Mid 2022),2TB SSD,1990,MacBook Air M2 8-Core CPU and 8-Core GPU 13.6 inch (Mid 2022),2022.0,Mac,MacBook Air,,Mid 2022,13.6,,M2 ,,2048.0,SSD,,
,Retailer Trade-in,Machines,Mac,MacBook Air M2 8-Core CPU and 10-Core GPU 13.6 inch (Mid 2022),256GB SSD,1200,MacBook Air M2 8-Core CPU and 10-Core GPU 13.6 inch (Mid 2022),2022.0,Mac,MacBook Air,,Mid 2022,13.6,,M2 ,,256.0,SSD,,
,Retailer Trade-in,Machines,Mac,MacBook Air M2 8-Core CPU and 10-Core GPU 13.6 inch (Mid 2022),512GB SSD,1395,MacBook Air M2 8-Core CPU and 10-Core GPU 13.6 inch (Mid 2022),2022.0,Mac,MacBook Air,,Mid 2022,13.6,,M2 ,,512.0,SSD,,
,Retailer Trade-in,Machines,Mac,MacBook Air M2 8-Core CPU and 10-Core GPU 13.6 inch (Mid 2022),1TB SSD,1550,MacBook Air M2 8-Core CPU and 10-Core GPU 13.6 inch (Mid 2022),2022.0,Mac,MacBook Air,,Mid 2022,13.6,,M2 ,,1024.0,SSD,,
,Retailer Trade-in,Machines,Mac,MacBook Air M2 8-Core CPU and 10-Core GPU 13.6 inch (Mid 2022),2TB SSD,2015,MacBook Air M2 8-Core CPU and 10-Core GPU 13.6 inch (Mid 2022),2022.0,Mac,MacBook Air,,Mid 2022,13.6,,M2 ,,2048.0,SSD,,
,Retailer Trade-in,Machines,Mac,MacBook Air M2 8-Core CPU and 10-Core GPU 15 inch (Mid 2023),256GB SSD,1855,MacBook Air M2 8-Core CPU and 10-Core GPU 15 inch (Mid 2023),2023.0,Mac,MacBook Air,,Mid 2023,15.0,,M2 ,,256.0,SSD,,
,Retailer Trade-in,Machines,Mac,MacBook Air M2 8-Core CPU and 10-Core GPU 15 inch (Mid 2023),512GB SSD,2015,MacBook Air M2 8-Core CPU and 10-Core GPU 15 inch (Mid 2023),2023.0,Mac,MacBook Air,,Mid 2023,15.0,,M2 ,,512.0,SSD,,
,Retailer Trade-in,Machines,Mac,MacBook Air M2 8-Core CPU and 10-Core GPU 15 inch (Mid 2023),1TB SSD,2245,MacBook Air M2 8-Core CPU and 10-Core GPU 15 inch (Mid 2023),2023.0,Mac,MacBook Air,,Mid 2023,15.0,,M2 ,,1024.0,SSD,,
,Retailer Trade-in,Machines,Mac,MacBook Air M2 8-Core CPU and 10-Core GPU 15 inch (Mid 2023),2TB SSD,2815,MacBook Air M2 8-Core CPU and 10-Core GPU 15 inch (Mid 2023),2023.0,Mac,MacBook Air,,Mid 2023,15.0,,M2 ,,2048.0,SSD,,
,Retailer Trade-in,Machines,Mac,MacBook Air M3 8-Core CPU and 8-Core GPU 13.6 inch (Early 2024),256GB SSD,1950,MacBook Air M3 8-Core CPU and 8-Core GPU 13.6 inch (Early 2024),2024.0,Mac,MacBook Air,,Early 2024,13.6,,M3 ,,256.0,SSD,,
,Retailer Trade-in,Machines,Mac,MacBook Air M3 8-Core CPU and 10-Core GPU 13.6 inch (Early 2024),256GB SSD,1950,MacBook Air M3 8-Core CPU and 10-Core GPU 13.6 inch (Early 2024),2024.0,Mac,MacBook Air,,Early 2024,13.6,,M3 ,,256.0,SSD,,
,Retailer Trade-in,Machines,Mac,MacBook Air M3 8-Core CPU and 10-Core GPU 13.6 inch (Early 2024),512GB SSD,2125,MacBook Air M3 8-Core CPU and 10-Core GPU 13.6 inch (Early 2024),2024.0,Mac,MacBook Air,,Early 2024,13.6,,M3 ,,512.0,SSD,,
,Retailer Trade-in,Machines,Mac,MacBook Air M3 8-Core CPU and 10-Core GPU 13.6 inch (Early 2024),1TB SSD,2450,MacBook Air M3 8-Core CPU and 10-Core GPU 13.6 inch (Early 2024),2024.0,Mac,MacBook Air,,Early 2024,13.6,,M3 ,,1024.0,SSD,,
,Retailer Trade-in,Machines,Mac,MacBook Air M3 8-Core CPU and 10-Core GPU 13.6 inch (Early 2024),2TB SSD,3125,MacBook Air M3 8-Core CPU and 10-Core GPU 13.6 inch (Early 2024),2024.0,Mac,MacBook Air,,Early 2024,13.6,,M3 ,,2048.0,SSD,,
,Retailer Trade-in,Machines,Mac,MacBook Air M3 8-Core CPU and 10-Core GPU 15 inch (Early 2024),256GB SSD,2275,MacBook Air M3 8-Core CPU and 10-Core GPU 15 inch (Early 2024),2024.0,Mac,MacBook Air,,Early 2024,15.0,,M3 ,,256.0,SSD,,
,Retailer Trade-in,Machines,Mac,MacBook Air M3 8-Core CPU and 10-Core GPU 15 inch (Early 2024),512GB SSD,2500,MacBook Air M3 8-Core CPU and 10-Core GPU 15 inch (Early 2024),2024.0,Mac,MacBook Air,,Early 2024,15.0,,M3 ,,512.0,SSD,,
,Retailer Trade-in,Machines,Mac,MacBook Air M3 8-Core CPU and 10-Core GPU 15 inch (Early 2024),1TB SSD,3075,MacBook Air M3 8-Core CPU and 10-Core GPU 15 inch (Early 2024),2024.0,Mac,MacBook Air,,Early 2024,15.0,,M3 ,,1024.0,SSD,,
,Retailer Trade-in,Machines,Mac,MacBook Air M3 8-Core CPU and 10-Core GPU 15 inch (Early 2024),2TB SSD,3475,MacBook Air M3 8-Core CPU and 10-Core GPU 15 inch (Early 2024),2024.0,Mac,MacBook Air,,Early 2024,15.0,,M3 ,,2048.0,SSD,,
,Retailer Trade-in,Machines,Mac,MacBook Air M4 10-Core CPU and 8-Core GPU 13 inch (Early 2025),256GB SSD,2250,MacBook Air M4 10-Core CPU and 8-Core GPU 13 inch (Early 2025),2025.0,Mac,MacBook Air,,Early 2025,13.0,,M4 ,,256.0,SSD,,
,Retailer Trade-in,Machines,Mac,MacBook Air M4 10-Core CPU and 10-Core GPU 13 inch (Early 2025),256GB SSD,2450,MacBook Air M4 10-Core CPU and 10-Core GPU 13 inch (Early 2025),2025.0,Mac,MacBook Air,,Early 2025,13.0,,M4 ,,256.0,SSD,,
,Retailer Trade-in,Machines,Mac,MacBook Air M4 10-Core CPU and 10-Core GPU 13 inch (Early 2025),512GB SSD,2675,MacBook Air M4 10-Core CPU and 10-Core GPU 13 inch (Early 2025),2025.0,Mac,MacBook Air,,Early 2025,13.0,,M4 ,,512.0,SSD,,
,Retailer Trade-in,Machines,Mac,MacBook Air M4 10-Core CPU and 10-Core GPU 13 inch (Early 2025),1TB SSD,3125,MacBook Air M4 10-Core CPU and 10-Core GPU 13 inch (Early 2025),2025.0,Mac,MacBook Air,,Early 2025,13.0,,M4 ,,1024.0,SSD,,
,Retailer Trade-in,Machines,Mac,MacBook Air M4 10-Core CPU and 10-Core GPU 13 inch (Early 2025),2TB SSD,4000,MacBook Air M4 10-Core CPU and 10-Core GPU 13 inch (Early 2025),2025.0,Mac,MacBook Air,,Early 2025,13.0,,M4 ,,2048.0,SSD,,
,Retailer Trade-in,Machines,Mac,MacBook Air M4 10-Core CPU and 10-Core GPU 15 inch (Early 2025),256GB SSD,2750,MacBook Air M4 10-Core CPU and 10-Core GPU 15 inch (Early 2025),2025.0,Mac,MacBook Air,,Early 2025,15.0,,M4 ,,256.0,SSD,,
,Retailer Trade-in,Machines,Mac,MacBook Air M4 10-Core CPU and 10-Core GPU 15 inch (Early 2025),512GB SSD,2975,MacBook Air M4 10-Core CPU and 10-Core GPU 15 inch (Early 2025),2025.0,Mac,MacBook Air,,Early 2025,15.0,,M4 ,,512.0,SSD,,
,Retailer Trade-in,Machines,Mac,MacBook Air M4 10-Core CPU and 10-Core GPU 15 inch (Early 2025),1TB SSD,3600,MacBook Air M4 10-Core CPU and 10-Core GPU 15 inch (Early 2025),2025.0,Mac,MacBook Air,,Early 2025,15.0,,M4 ,,1024.0,SSD,,
,Retailer Trade-in,Machines,Mac,MacBook Air M4 10-Core CPU and 10-Core GPU 15 inch (Early 2025),2TB SSD,4400,MacBook Air M4 10-Core CPU and 10-Core GPU 15 inch (Early 2025),2025.0,Mac,MacBook Air,,Early 2025,15.0,,M4 ,,2048.0,SSD,,
,Retailer Trade-in,Machines,Mac,MacBook Pro i5 2.0GHz 13 inch (Late 2016),256GB SSD,250,MacBook Pro i5 2.0GHz 13 inch (Late 2016),2016.0,Mac,MacBook Pro,,Late 2016,13.0,2.0GHz,i5,,256.0,SSD,,
,Retailer Trade-in,Machines,Mac,MacBook Pro i5 2.0GHz 13 inch (Late 2016),512GB SSD,275,MacBook Pro i5 2.0GHz 13 inch (Late 2016),2016.0,Mac,MacBook Pro,,Late 2016,13.0,2.0GHz,i5,,512.0,SSD,,
,Retailer Trade-in,Machines,Mac,MacBook Pro i5 2.0GHz 13 inch (Late 2016),1TB SSD,300,MacBook Pro i5 2.0GHz 13 inch (Late 2016),2016.0,Mac,MacBook Pro,,Late 2016,13.0,2.0GHz,i5,,1024.0,SSD,,
,Retailer Trade-in,Machines,Mac,MacBook Pro i5 2.9GHz 13 inch (Late 2016),256GB SSD,350,MacBook Pro i5 2.9GHz 13 inch (Late 2016),2016.0,Mac,MacBook Pro,,Late 2016,13.0,2.9GHz,i5,,256.0,SSD,,
,Retailer Trade-in,Machines,Mac,MacBook Pro i5 2.9GHz 13 inch (Late 2016),512GB SSD,400,MacBook Pro i5 2.9GHz 13 inch (Late 2016),2016.0,Mac,MacBook Pro,,Late 2016,13.0,2.9GHz,i5,,512.0,SSD,,
,Retailer Trade-in,Machines,Mac,MacBook Pro i5 2.9GHz 13 inch (Late 2016),1TB SSD,400,MacBook Pro i5 2.9GHz 13 inch (Late 2016),2016.0,Mac,MacBook Pro,,Late 2016,13.0,2.9GHz,i5,,1024.0,SSD,,
,Retailer Trade-in,Machines,Mac,MacBook Pro i5 3.1GHz 13 inch (Late 2016),256GB SSD,400,MacBook Pro i5 3.1GHz 13 inch (Late 2016),2016.0,Mac,MacBook Pro,,Late 2016,13.0,3.1GHz,i5,,256.0,SSD,,
,Retailer Trade-in,Machines,Mac,MacBook Pro i5 3.1GHz 13 inch (Late 2016),512GB SSD,400,MacBook Pro i5 3.1GHz 13 inch (Late 2016),2016.0,Mac,MacBook Pro,,Late 2016,13.0,3.1GHz,i5,,512.0,SSD,,
,Retailer Trade-in,Machines,Mac,MacBook Pro i5 3.1GHz 13 inch (Late 2016),1TB SSD,400,MacBook Pro i5 3.1GHz 13 inch (Late 2016),2016.0,Mac,MacBook Pro,,Late 2016,13.0,3.1GHz,i5,,1024.0,SSD,,
,Retailer Trade-in,Machines,Mac,MacBook Pro i7 2.4GHz 13 inch (Late 2016),256GB SSD,300,MacBook Pro i7 2.4GHz 13 inch (Late 2016),2016.0,Mac,MacBook Pro,,Late 2016,13.0,2.4GHz,i7,,256.0,SSD,,
,Retailer Trade-in,Machines,Mac,MacBook Pro i7 2.4GHz 13 inch (Late 2016),512GB SSD,350,MacBook Pro i7 2.4GHz 13 inch (Late 2016),2016.0,Mac,MacBook Pro,,Late 2016,13.0,2.4GHz,i7,,512.0,SSD,,
,Retailer Trade-in,Machines,Mac,MacBook Pro i7 2.4GHz 13 inch (Late 2016),1TB SSD,400,MacBook Pro i7 2.4GHz 13 inch (Late 2016),2016.0,Mac,MacBook Pro,,Late 2016,13.0,2.4GHz,i7,,1024.0,SSD,,
,Retailer Trade-in,Machines,Mac,MacBook Pro i7 2.6GHz 15 inch (Late 2016),256GB SSD,650,MacBook Pro i7 2.6GHz 15 inch (Late 2016),2016.0,Mac,MacBook Pro,,Late 2016,15.0,2.6GHz,i7,,256.0,SSD,,
,Retailer Trade-in,Machines,Mac,MacBook Pro i7 2.6GHz 15 inch (Late 2016),512GB SSD,675,MacBook Pro i7 2.6GHz 15 inch (Late 2016),2016.0,Mac,MacBook Pro,,Late 2016,15.0,2.6GHz,i7,,512.0,SSD,,
,Retailer Trade-in,Machines,Mac,MacBook Pro i7 2.6GHz 15 inch (Late 2016),1TB SSD,700,MacBook Pro i7 2.6GHz 15 inch (Late 2016),2016.0,Mac,MacBook Pro,,Late 2016,15.0,2.6GHz,i7,,1024.0,SSD,,
,Retailer Trade-in,Machines,Mac,MacBook Pro i7 2.6GHz 15 inch (Late 2016),2TB SSD,750,MacBook Pro i7 2.6GHz 15 inch (Late 2016),2016.0,Mac,MacBook Pro,,Late 2016,15.0,2.6GHz,i7,,2048.0,SSD,,
,Retailer Trade-in,Machines,Mac,MacBook Pro i7 2.7GHz 15 inch (Late 2016),256GB SSD,650,MacBook Pro i7 2.7GHz 15 inch (Late 2016),2016.0,Mac,MacBook Pro,,Late 2016,15.0,2.7GHz,i7,,256.0,SSD,,
,Retailer Trade-in,Machines,Mac,MacBook Pro i7 2.7GHz 15 inch (Late 2016),512GB SSD,675,MacBook Pro i7 2.7GHz 15 inch (Late 2016),2016.0,Mac,MacBook Pro,,Late 2016,15.0,2.7GHz,i7,,512.0,SSD,,
,Retailer Trade-in,Machines,Mac,MacBook Pro i7 2.7GHz 15 inch (Late 2016),1TB SSD,700,MacBook Pro i7 2.7GHz 15 inch (Late 2016),2016.0,Mac,MacBook Pro,,Late 2016,15.0,2.7GHz,i7,,1024.0,SSD,,
,Retailer Trade-in,Machines,Mac,MacBook Pro i7 2.7GHz 15 inch (Late 2016),2TB SSD,750,MacBook Pro i7 2.7GHz 15 inch (Late 2016),2016.0,Mac,MacBook Pro,,Late 2016,15.0,2.7GHz,i7,,2048.0,SSD,,
,Retailer Trade-in,Machines,Mac,MacBook Pro i7 2.9GHz 15 inch (Late 2016),256GB SSD,650,MacBook Pro i7 2.9GHz 15 inch (Late 2016),2016.0,Mac,MacBook Pro,,Late 2016,15.0,2.9GHz,i7,,256.0,SSD,,
,Retailer Trade-in,Machines,Mac,MacBook Pro i7 2.9GHz 15 inch (Late 2016),512GB SSD,675,MacBook Pro i7 2.9GHz 15 inch (Late 2016),2016.0,Mac,MacBook Pro,,Late 2016,15.0,2.9GHz,i7,,512.0,SSD,,
,Retailer Trade-in,Machines,Mac,MacBook Pro i7 2.9GHz 15 inch (Late 2016),1TB SSD,700,MacBook Pro i7 2.9GHz 15 inch (Late 2016),2016.0,Mac,MacBook Pro,,Late 2016,15.0,2.9GHz,i7,,1024.0,SSD,,
,Retailer Trade-in,Machines,Mac,MacBook Pro i7 2.9GHz 15 inch (Late 2016),2TB SSD,750,MacBook Pro i7 2.9GHz 15 inch (Late 2016),2016.0,Mac,MacBook Pro,,Late 2016,15.0,2.9GHz,i7,,2048.0,SSD,,
,Retailer Trade-in,Machines,Mac,MacBook Pro i7 3.3GHz 13 inch (Late 2016),256GB SSD,400,MacBook Pro i7 3.3GHz 13 inch (Late 2016),2016.0,Mac,MacBook Pro,,Late 2016,13.0,3.3GHz,i7,,256.0,SSD,,
,Retailer Trade-in,Machines,Mac,MacBook Pro i7 3.3GHz 13 inch (Late 2016),512GB SSD,400,MacBook Pro i7 3.3GHz 13 inch (Late 2016),2016.0,Mac,MacBook Pro,,Late 2016,13.0,3.3GHz,i7,,512.0,SSD,,
,Retailer Trade-in,Machines,Mac,MacBook Pro i7 3.3GHz 13 inch (Late 2016),1TB SSD,400,MacBook Pro i7 3.3GHz 13 inch (Late 2016),2016.0,Mac,MacBook Pro,,Late 2016,13.0,3.3GHz,i7,,1024.0,SSD,,
,Retailer Trade-in,Machines,Mac,MacBook Pro i5 2.3GHz 13 inch (Mid 2017),128GB SSD,300,MacBook Pro i5 2.3GHz 13 inch (Mid 2017),2017.0,Mac,MacBook Pro,,Mid 2017,13.0,2.3GHz,i5,,128.0,SSD,,
,Retailer Trade-in,Machines,Mac,MacBook Pro i5 2.3GHz 13 inch (Mid 2017),256GB SSD,425,MacBook Pro i5 2.3GHz 13 inch (Mid 2017),2017.0,Mac,MacBook Pro,,Mid 2017,13.0,2.3GHz,i5,,256.0,SSD,,
,Retailer Trade-in,Machines,Mac,MacBook Pro i5 2.3GHz 13 inch (Mid 2017),512GB SSD,450,MacBook Pro i5 2.3GHz 13 inch (Mid 2017),2017.0,Mac,MacBook Pro,,Mid 2017,13.0,2.3GHz,i5,,512.0,SSD,,
,Retailer Trade-in,Machines,Mac,MacBook Pro i5 2.3GHz 13 inch (Mid 2017),1TB SSD,500,MacBook Pro i5 2.3GHz 13 inch (Mid 2017),2017.0,Mac,MacBook Pro,,Mid 2017,13.0,2.3GHz,i5,,1024.0,SSD,,
,Retailer Trade-in,Machines,Mac,MacBook Pro i5 3.1GHz 13 inch (Mid 2017),256GB SSD,450,MacBook Pro i5 3.1GHz 13 inch (Mid 2017),2017.0,Mac,MacBook Pro,,Mid 2017,13.0,3.1GHz,i5,,256.0,SSD,,
,Retailer Trade-in,Machines,Mac,MacBook Pro i5 3.1GHz 13 inch (Mid 2017),512GB SSD,475,MacBook Pro i5 3.1GHz 13 inch (Mid 2017),2017.0,Mac,MacBook Pro,,Mid 2017,13.0,3.1GHz,i5,,512.0,SSD,,
,Retailer Trade-in,Machines,Mac,MacBook Pro i5 3.1GHz 13 inch (Mid 2017),1TB SSD,550,MacBook Pro i5 3.1GHz 13 inch (Mid 2017),2017.0,Mac,MacBook Pro,,Mid 2017,13.0,3.1GHz,i5,,1024.0,SSD,,
,Retailer Trade-in,Machines,Mac,MacBook Pro i5 3.3GHz 13 inch (Mid 2017),256GB SSD,450,MacBook Pro i5 3.3GHz 13 inch (Mid 2017),2017.0,Mac,MacBook Pro,,Mid 2017,13.0,3.3GHz,i5,,256.0,SSD,,
,Retailer Trade-in,Machines,Mac,MacBook Pro i5 3.3GHz 13 inch (Mid 2017),512GB SSD,475,MacBook Pro i5 3.3GHz 13 inch (Mid 2017),2017.0,Mac,MacBook Pro,,Mid 2017,13.0,3.3GHz,i5,,512.0,SSD,,
,Retailer Trade-in,Machines,Mac,MacBook Pro i5 3.3GHz 13 inch (Mid 2017),1TB SSD,550,MacBook Pro i5 3.3GHz 13 inch (Mid 2017),2017.0,Mac,MacBook Pro,,Mid 2017,13.0,3.3GHz,i5,,1024.0,SSD,,
,Retailer Trade-in,Machines,Mac,MacBook Pro i7 2.5GHz 13 inch (Mid 2017),128GB SSD,300,MacBook Pro i7 2.5GHz 13 inch (Mid 2017),2017.0,Mac,MacBook Pro,,Mid 2017,13.0,2.5GHz,i7,,128.0,SSD,,
,Retailer Trade-in,Machines,Mac,MacBook Pro i7 2.5GHz 13 inch (Mid 2017),256GB SSD,450,MacBook Pro i7 2.5GHz 13 inch (Mid 2017),2017.0,Mac,MacBook Pro,,Mid 2017,13.0,2.5GHz,i7,,256.0,SSD,,
,Retailer Trade-in,Machines,Mac,MacBook Pro i7 2.5GHz 13 inch (Mid 2017),512GB SSD,500,MacBook Pro i7 2.5GHz 13 inch (Mid 2017),2017.0,Mac,MacBook Pro,,Mid 2017,13.0,2.5GHz,i7,,512.0,SSD,,
,Retailer Trade-in,Machines,Mac,MacBook Pro i7 2.5GHz 13 inch (Mid 2017),1TB SSD,550,MacBook Pro i7 2.5GHz 13 inch (Mid 2017),2017.0,Mac,MacBook Pro,,Mid 2017,13.0,2.5GHz,i7,,1024.0,SSD,,
,Retailer Trade-in,Machines,Mac,MacBook Pro i7 2.8GHz 15 inch (Mid 2017),256GB SSD,750,MacBook Pro i7 2.8GHz 15 inch (Mid 2017),2017.0,Mac,MacBook Pro,,Mid 2017,15.0,2.8GHz,i7,,256.0,SSD,,
,Retailer Trade-in,Machines,Mac,MacBook Pro i7 2.8GHz 15 inch (Mid 2017),512GB SSD,750,MacBook Pro i7 2.8GHz 15 inch (Mid 2017),2017.0,Mac,MacBook Pro,,Mid 2017,15.0,2.8GHz,i7,,512.0,SSD,,
,Retailer Trade-in,Machines,Mac,MacBook Pro i7 2.8GHz 15 inch (Mid 2017),1TB SSD,775,MacBook Pro i7 2.8GHz 15 inch (Mid 2017),2017.0,Mac,MacBook Pro,,Mid 2017,15.0,2.8GHz,i7,,1024.0,SSD,,
,Retailer Trade-in,Machines,Mac,MacBook Pro i7 2.8GHz 15 inch (Mid 2017),2TB SSD,825,MacBook Pro i7 2.8GHz 15 inch (Mid 2017),2017.0,Mac,MacBook Pro,,Mid 2017,15.0,2.8GHz,i7,,2048.0,SSD,,
,Retailer Trade-in,Machines,Mac,MacBook Pro i7 2.9GHz 15 inch (Mid 2017),256GB SSD,750,MacBook Pro i7 2.9GHz 15 inch (Mid 2017),2017.0,Mac,MacBook Pro,,Mid 2017,15.0,2.9GHz,i7,,256.0,SSD,,
,Retailer Trade-in,Machines,Mac,MacBook Pro i7 2.9GHz 15 inch (Mid 2017),512GB SSD,750,MacBook Pro i7 2.9GHz 15 inch (Mid 2017),2017.0,Mac,MacBook Pro,,Mid 2017,15.0,2.9GHz,i7,,512.0,SSD,,
,Retailer Trade-in,Machines,Mac,MacBook Pro i7 2.9GHz 15 inch (Mid 2017),1TB SSD,775,MacBook Pro i7 2.9GHz 15 inch (Mid 2017),2017.0,Mac,MacBook Pro,,Mid 2017,15.0,2.9GHz,i7,,1024.0,SSD,,
,Retailer Trade-in,Machines,Mac,MacBook Pro i7 2.9GHz 15 inch (Mid 2017),2TB SSD,825,MacBook Pro i7 2.9GHz 15 inch (Mid 2017),2017.0,Mac,MacBook Pro,,Mid 2017,15.0,2.9GHz,i7,,2048.0,SSD,,
,Retailer Trade-in,Machines,Mac,MacBook Pro i7 3.1GHz 15 inch (Mid 2017),256GB SSD,750,MacBook Pro i7 3.1GHz 15 inch (Mid 2017),2017.0,Mac,MacBook Pro,,Mid 2017,15.0,3.1GHz,i7,,256.0,SSD,,
,Retailer Trade-in,Machines,Mac,MacBook Pro i7 3.1GHz 15 inch (Mid 2017),512GB SSD,750,MacBook Pro i7 3.1GHz 15 inch (Mid 2017),2017.0,Mac,MacBook Pro,,Mid 2017,15.0,3.1GHz,i7,,512.0,SSD,,
,Retailer Trade-in,Machines,Mac,MacBook Pro i7 3.1GHz 15 inch (Mid 2017),1TB SSD,775,MacBook Pro i7 3.1GHz 15 inch (Mid 2017),2017.0,Mac,MacBook Pro,,Mid 2017,15.0,3.1GHz,i7,,1024.0,SSD,,
,Retailer Trade-in,Machines,Mac,MacBook Pro i7 3.1GHz 15 inch (Mid 2017),2TB SSD,825,MacBook Pro i7 3.1GHz 15 inch (Mid 2017),2017.0,Mac,MacBook Pro,,Mid 2017,15.0,3.1GHz,i7,,2048.0,SSD,,
,Retailer Trade-in,Machines,Mac,MacBook Pro i7 3.5GHz 13 inch (Mid 2017),256GB SSD,675,MacBook Pro i7 3.5GHz 13 inch (Mid 2017),2017.0,Mac,MacBook Pro,,Mid 2017,13.0,3.5GHz,i7,,256.0,SSD,,
,Retailer Trade-in,Machines,Mac,MacBook Pro i7 3.5GHz 13 inch (Mid 2017),512GB SSD,750,MacBook Pro i7 3.5GHz 13 inch (Mid 2017),2017.0,Mac,MacBook Pro,,Mid 2017,13.0,3.5GHz,i7,,512.0,SSD,,
,Retailer Trade-in,Machines,Mac,MacBook Pro i7 3.5GHz 13 inch (Mid 2017),1TB SSD,775,MacBook Pro i7 3.5GHz 13 inch (Mid 2017),2017.0,Mac,MacBook Pro,,Mid 2017,13.0,3.5GHz,i7,,1024.0,SSD,,
,Retailer Trade-in,Machines,Mac,MacBook Pro i5 2.3GHz 13 inch (Mid 2018),256GB SSD,600,MacBook Pro i5 2.3GHz 13 inch (Mid 2018),2018.0,Mac,MacBook Pro,,Mid 2018,13.0,2.3GHz,i5,,256.0,SSD,,
,Retailer Trade-in,Machines,Mac,MacBook Pro i5 2.3GHz 13 inch (Mid 2018),512GB SSD,650,MacBook Pro i5 2.3GHz 13 inch (Mid 2018),2018.0,Mac,MacBook Pro,,Mid 2018,13.0,2.3GHz,i5,,512.0,SSD,,
,Retailer Trade-in,Machines,Mac,MacBook Pro i5 2.3GHz 13 inch (Mid 2018),1TB SSD,675,MacBook Pro i5 2.3GHz 13 inch (Mid 2018),2018.0,Mac,MacBook Pro,,Mid 2018,13.0,2.3GHz,i5,,1024.0,SSD,,
,Retailer Trade-in,Machines,Mac,MacBook Pro i5 2.3GHz 13 inch (Mid 2018),2TB SSD,700,MacBook Pro i5 2.3GHz 13 inch (Mid 2018),2018.0,Mac,MacBook Pro,,Mid 2018,13.0,2.3GHz,i5,,2048.0,SSD,,
,Retailer Trade-in,Machines,Mac,MacBook Pro i7 2.2GHz 15 inch (Mid 2018),256GB SSD,850,MacBook Pro i7 2.2GHz 15 inch (Mid 2018),2018.0,Mac,MacBook Pro,,Mid 2018,15.0,2.2GHz,i7,,256.0,SSD,,
,Retailer Trade-in,Machines,Mac,MacBook Pro i7 2.2GHz 15 inch (Mid 2018),512GB SSD,850,MacBook Pro i7 2.2GHz 15 inch (Mid 2018),2018.0,Mac,MacBook Pro,,Mid 2018,15.0,2.2GHz,i7,,512.0,SSD,,
,Retailer Trade-in,Machines,Mac,MacBook Pro i7 2.2GHz 15 inch (Mid 2018),1TB SSD,900,MacBook Pro i7 2.2GHz 15 inch (Mid 2018),2018.0,Mac,MacBook Pro,,Mid 2018,15.0,2.2GHz,i7,,1024.0,SSD,,
,Retailer Trade-in,Machines,Mac,MacBook Pro i7 2.2GHz 15 inch (Mid 2018),2TB SSD,1050,MacBook Pro i7 2.2GHz 15 inch (Mid 2018),2018.0,Mac,MacBook Pro,,Mid 2018,15.0,2.2GHz,i7,,2048.0,SSD,,
,Retailer Trade-in,Machines,Mac,MacBook Pro i7 2.2GHz 15 inch (Mid 2018),4TB SSD,1125,MacBook Pro i7 2.2GHz 15 inch (Mid 2018),2018.0,Mac,MacBook Pro,,Mid 2018,15.0,2.2GHz,i7,,4096.0,SSD,,
,Retailer Trade-in,Machines,Mac,MacBook Pro i7 2.6GHz 15 inch (Mid 2018),256GB SSD,850,MacBook Pro i7 2.6GHz 15 inch (Mid 2018),2018.0,Mac,MacBook Pro,,Mid 2018,15.0,2.6GHz,i7,,256.0,SSD,,
,Retailer Trade-in,Machines,Mac,MacBook Pro i7 2.6GHz 15 inch (Mid 2018),512GB SSD,900,MacBook Pro i7 2.6GHz 15 inch (Mid 2018),2018.0,Mac,MacBook Pro,,Mid 2018,15.0,2.6GHz,i7,,512.0,SSD,,
,Retailer Trade-in,Machines,Mac,MacBook Pro i7 2.6GHz 15 inch (Mid 2018),1TB SSD,975,MacBook Pro i7 2.6GHz 15 inch (Mid 2018),2018.0,Mac,MacBook Pro,,Mid 2018,15.0,2.6GHz,i7,,1024.0,SSD,,
,Retailer Trade-in,Machines,Mac,MacBook Pro i7 2.6GHz 15 inch (Mid 2018),2TB SSD,1075,MacBook Pro i7 2.6GHz 15 inch (Mid 2018),2018.0,Mac,MacBook Pro,,Mid 2018,15.0,2.6GHz,i7,,2048.0,SSD,,
,Retailer Trade-in,Machines,Mac,MacBook Pro i7 2.6GHz 15 inch (Mid 2018),4TB SSD,1125,MacBook Pro i7 2.6GHz 15 inch (Mid 2018),2018.0,Mac,MacBook Pro,,Mid 2018,15.0,2.6GHz,i7,,4096.0,SSD,,
,Retailer Trade-in,Machines,Mac,MacBook Pro i7 2.7GHz 13 inch (Mid 2018),2TB SSD,750,MacBook Pro i7 2.7GHz 13 inch (Mid 2018),2018.0,Mac,MacBook Pro,,Mid 2018,13.0,2.7GHz,i7,,2048.0,SSD,,
,Retailer Trade-in,Machines,Mac,MacBook Pro i9 2.9GHz 15 inch (Mid 2018),256GB SSD,850,MacBook Pro i9 2.9GHz 15 inch (Mid 2018),2018.0,Mac,MacBook Pro,,Mid 2018,15.0,2.9GHz,i9,,256.0,SSD,,
,Retailer Trade-in,Machines,Mac,MacBook Pro i9 2.9GHz 15 inch (Mid 2018),512GB SSD,900,MacBook Pro i9 2.9GHz 15 inch (Mid 2018),2018.0,Mac,MacBook Pro,,Mid 2018,15.0,2.9GHz,i9,,512.0,SSD,,
,Retailer Trade-in,Machines,Mac,MacBook Pro i9 2.9GHz 15 inch (Mid 2018),1TB SSD,975,MacBook Pro i9 2.9GHz 15 inch (Mid 2018),2018.0,Mac,MacBook Pro,,Mid 2018,15.0,2.9GHz,i9,,1024.0,SSD,,
,Retailer Trade-in,Machines,Mac,MacBook Pro i9 2.9GHz 15 inch (Mid 2018),2TB SSD,1075,MacBook Pro i9 2.9GHz 15 inch (Mid 2018),2018.0,Mac,MacBook Pro,,Mid 2018,15.0,2.9GHz,i9,,2048.0,SSD,,
,Retailer Trade-in,Machines,Mac,MacBook Pro i9 2.9GHz 15 inch (Mid 2018),4TB SSD,1150,MacBook Pro i9 2.9GHz 15 inch (Mid 2018),2018.0,Mac,MacBook Pro,,Mid 2018,15.0,2.9GHz,i9,,4096.0,SSD,,
,Retailer Trade-in,Machines,Mac,MacBook Pro i5 1.4GHz 13 inch (Mid 2019),128GB SSD,400,MacBook Pro i5 1.4GHz 13 inch (Mid 2019),2019.0,Mac,MacBook Pro,,Mid 2019,13.0,1.4GHz,i5,,128.0,SSD,,
,Retailer Trade-in,Machines,Mac,MacBook Pro i5 1.4GHz 13 inch (Mid 2019),256GB SSD,475,MacBook Pro i5 1.4GHz 13 inch (Mid 2019),2019.0,Mac,MacBook Pro,,Mid 2019,13.0,1.4GHz,i5,,256.0,SSD,,
,Retailer Trade-in,Machines,Mac,MacBook Pro i5 1.4GHz 13 inch (Mid 2019),512GB SSD,525,MacBook Pro i5 1.4GHz 13 inch (Mid 2019),2019.0,Mac,MacBook Pro,,Mid 2019,13.0,1.4GHz,i5,,512.0,SSD,,
,Retailer Trade-in,Machines,Mac,MacBook Pro i5 1.4GHz 13 inch (Mid 2019),1TB SSD,600,MacBook Pro i5 1.4GHz 13 inch (Mid 2019),2019.0,Mac,MacBook Pro,,Mid 2019,13.0,1.4GHz,i5,,1024.0,SSD,,
,Retailer Trade-in,Machines,Mac,MacBook Pro i5 1.4GHz 13 inch (Mid 2019),2TB SSD,650,MacBook Pro i5 1.4GHz 13 inch (Mid 2019),2019.0,Mac,MacBook Pro,,Mid 2019,13.0,1.4GHz,i5,,2048.0,SSD,,
,Retailer Trade-in,Machines,Mac,MacBook Pro i5 2.4GHz 13 inch (Mid 2019),256GB SSD,650,MacBook Pro i5 2.4GHz 13 inch (Mid 2019),2019.0,Mac,MacBook Pro,,Mid 2019,13.0,2.4GHz,i5,,256.0,SSD,,
,Retailer Trade-in,Machines,Mac,MacBook Pro i5 2.4GHz 13 inch (Mid 2019),512GB SSD,650,MacBook Pro i5 2.4GHz 13 inch (Mid 2019),2019.0,Mac,MacBook Pro,,Mid 2019,13.0,2.4GHz,i5,,512.0,SSD,,
,Retailer Trade-in,Machines,Mac,MacBook Pro i5 2.4GHz 13 inch (Mid 2019),1TB SSD,700,MacBook Pro i5 2.4GHz 13 inch (Mid 2019),2019.0,Mac,MacBook Pro,,Mid 2019,13.0,2.4GHz,i5,,1024.0,SSD,,
,Retailer Trade-in,Machines,Mac,MacBook Pro i5 2.4GHz 13 inch (Mid 2019),2TB SSD,725,MacBook Pro i5 2.4GHz 13 inch (Mid 2019),2019.0,Mac,MacBook Pro,,Mid 2019,13.0,2.4GHz,i5,,2048.0,SSD,,
,Retailer Trade-in,Machines,Mac,MacBook Pro i7 1.7GHz 13 inch (Mid 2019),128GB SSD,475,MacBook Pro i7 1.7GHz 13 inch (Mid 2019),2019.0,Mac,MacBook Pro,,Mid 2019,13.0,1.7GHz,i7,,128.0,SSD,,
,Retailer Trade-in,Machines,Mac,MacBook Pro i7 1.7GHz 13 inch (Mid 2019),256GB SSD,525,MacBook Pro i7 1.7GHz 13 inch (Mid 2019),2019.0,Mac,MacBook Pro,,Mid 2019,13.0,1.7GHz,i7,,256.0,SSD,,
,Retailer Trade-in,Machines,Mac,MacBook Pro i7 1.7GHz 13 inch (Mid 2019),512GB SSD,575,MacBook Pro i7 1.7GHz 13 inch (Mid 2019),2019.0,Mac,MacBook Pro,,Mid 2019,13.0,1.7GHz,i7,,512.0,SSD,,
,Retailer Trade-in,Machines,Mac,MacBook Pro i7 1.7GHz 13 inch (Mid 2019),1TB SSD,650,MacBook Pro i7 1.7GHz 13 inch (Mid 2019),2019.0,Mac,MacBook Pro,,Mid 2019,13.0,1.7GHz,i7,,1024.0,SSD,,
,Retailer Trade-in,Machines,Mac,MacBook Pro i7 1.7GHz 13 inch (Mid 2019),2TB SSD,700,MacBook Pro i7 1.7GHz 13 inch (Mid 2019),2019.0,Mac,MacBook Pro,,Mid 2019,13.0,1.7GHz,i7,,2048.0,SSD,,
,Retailer Trade-in,Machines,Mac,MacBook Pro i7 2.6GHz 15 inch (Mid 2019),256GB SSD,1000,MacBook Pro i7 2.6GHz 15 inch (Mid 2019),2019.0,Mac,MacBook Pro,,Mid 2019,15.0,2.6GHz,i7,,256.0,SSD,,
,Retailer Trade-in,Machines,Mac,MacBook Pro i7 2.6GHz 15 inch (Mid 2019),512GB SSD,1050,MacBook Pro i7 2.6GHz 15 inch (Mid 2019),2019.0,Mac,MacBook Pro,,Mid 2019,15.0,2.6GHz,i7,,512.0,SSD,,
,Retailer Trade-in,Machines,Mac,MacBook Pro i7 2.6GHz 15 inch (Mid 2019),1TB SSD,1125,MacBook Pro i7 2.6GHz 15 inch (Mid 2019),2019.0,Mac,MacBook Pro,,Mid 2019,15.0,2.6GHz,i7,,1024.0,SSD,,
,Retailer Trade-in,Machines,Mac,MacBook Pro i7 2.6GHz 15 inch (Mid 2019),2TB SSD,1250,MacBook Pro i7 2.6GHz 15 inch (Mid 2019),2019.0,Mac,MacBook Pro,,Mid 2019,15.0,2.6GHz,i7,,2048.0,SSD,,
,Retailer Trade-in,Machines,Mac,MacBook Pro i7 2.6GHz 15 inch (Mid 2019),4TB SSD,1325,MacBook Pro i7 2.6GHz 15 inch (Mid 2019),2019.0,Mac,MacBook Pro,,Mid 2019,15.0,2.6GHz,i7,,4096.0,SSD,,
,Retailer Trade-in,Machines,Mac,MacBook Pro i7 2.8GHz 13 inch (Mid 2019),256GB SSD,700,MacBook Pro i7 2.8GHz 13 inch (Mid 2019),2019.0,Mac,MacBook Pro,,Mid 2019,13.0,2.8GHz,i7,,256.0,SSD,,
,Retailer Trade-in,Machines,Mac,MacBook Pro i7 2.8GHz 13 inch (Mid 2019),512GB SSD,725,MacBook Pro i7 2.8GHz 13 inch (Mid 2019),2019.0,Mac,MacBook Pro,,Mid 2019,13.0,2.8GHz,i7,,512.0,SSD,,
,Retailer Trade-in,Machines,Mac,MacBook Pro i7 2.8GHz 13 inch (Mid 2019),1TB SSD,725,MacBook Pro i7 2.8GHz 13 inch (Mid 2019),2019.0,Mac,MacBook Pro,,Mid 2019,13.0,2.8GHz,i7,,1024.0,SSD,,
,Retailer Trade-in,Machines,Mac,MacBook Pro i7 2.8GHz 13 inch (Mid 2019),2TB SSD,800,MacBook Pro i7 2.8GHz 13 inch (Mid 2019),2019.0,Mac,MacBook Pro,,Mid 2019,13.0,2.8GHz,i7,,2048.0,SSD,,
,Retailer Trade-in,Machines,Mac,MacBook Pro i9 2.3GHz 15 inch (Mid 2019),256GB SSD,1000,MacBook Pro i9 2.3GHz 15 inch (Mid 2019),2019.0,Mac,MacBook Pro,,Mid 2019,15.0,2.3GHz,i9,,256.0,SSD,,
,Retailer Trade-in,Machines,Mac,MacBook Pro i9 2.3GHz 15 inch (Mid 2019),512GB SSD,1075,MacBook Pro i9 2.3GHz 15 inch (Mid 2019),2019.0,Mac,MacBook Pro,,Mid 2019,15.0,2.3GHz,i9,,512.0,SSD,,
,Retailer Trade-in,Machines,Mac,MacBook Pro i9 2.3GHz 15 inch (Mid 2019),1TB SSD,1250,MacBook Pro i9 2.3GHz 15 inch (Mid 2019),2019.0,Mac,MacBook Pro,,Mid 2019,15.0,2.3GHz,i9,,1024.0,SSD,,
,Retailer Trade-in,Machines,Mac,MacBook Pro i9 2.3GHz 15 inch (Mid 2019),2TB SSD,1350,MacBook Pro i9 2.3GHz 15 inch (Mid 2019),2019.0,Mac,MacBook Pro,,Mid 2019,15.0,2.3GHz,i9,,2048.0,SSD,,
,Retailer Trade-in,Machines,Mac,MacBook Pro i9 2.3GHz 15 inch (Mid 2019),4TB SSD,1475,MacBook Pro i9 2.3GHz 15 inch (Mid 2019),2019.0,Mac,MacBook Pro,,Mid 2019,15.0,2.3GHz,i9,,4096.0,SSD,,
,Retailer Trade-in,Machines,Mac,MacBook Pro i9 2.4GHz 15 inch (Mid 2019),256GB SSD,1000,MacBook Pro i9 2.4GHz 15 inch (Mid 2019),2019.0,Mac,MacBook Pro,,Mid 2019,15.0,2.4GHz,i9,,256.0,SSD,,
,Retailer Trade-in,Machines,Mac,MacBook Pro i9 2.4GHz 15 inch (Mid 2019),512GB SSD,1150,MacBook Pro i9 2.4GHz 15 inch (Mid 2019),2019.0,Mac,MacBook Pro,,Mid 2019,15.0,2.4GHz,i9,,512.0,SSD,,
,Retailer Trade-in,Machines,Mac,MacBook Pro i9 2.4GHz 15 inch (Mid 2019),1TB SSD,1250,MacBook Pro i9 2.4GHz 15 inch (Mid 2019),2019.0,Mac,MacBook Pro,,Mid 2019,15.0,2.4GHz,i9,,1024.0,SSD,,
,Retailer Trade-in,Machines,Mac,MacBook Pro i9 2.4GHz 15 inch (Mid 2019),2TB SSD,1350,MacBook Pro i9 2.4GHz 15 inch (Mid 2019),2019.0,Mac,MacBook Pro,,Mid 2019,15.0,2.4GHz,i9,,2048.0,SSD,,
,Retailer Trade-in,Machines,Mac,MacBook Pro i9 2.4GHz 15 inch (Mid 2019),4TB SSD,1475,MacBook Pro i9 2.4GHz 15 inch (Mid 2019),2019.0,Mac,MacBook Pro,,Mid 2019,15.0,2.4GHz,i9,,4096.0,SSD,,
,Retailer Trade-in,Machines,Mac,MacBook Pro i7 2.6GHz 16 inch (Late 2019),512GB SSD,1075,MacBook Pro i7 2.6GHz 16 inch (Late 2019),2019.0,Mac,MacBook Pro,,Late 2019,16.0,2.6GHz,i7,,512.0,SSD,,
,Retailer Trade-in,Machines,Mac,MacBook Pro i7 2.6GHz 16 inch (Late 2019),1TB SSD,1150,MacBook Pro i7 2.6GHz 16 inch (Late 2019),2019.0,Mac,MacBook Pro,,Late 2019,16.0,2.6GHz,i7,,1024.0,SSD,,
,Retailer Trade-in,Machines,Mac,MacBook Pro i7 2.6GHz 16 inch (Late 2019),2TB SSD,1250,MacBook Pro i7 2.6GHz 16 inch (Late 2019),2019.0,Mac,MacBook Pro,,Late 2019,16.0,2.6GHz,i7,,2048.0,SSD,,
,Retailer Trade-in,Machines,Mac,MacBook Pro i7 2.6GHz 16 inch (Late 2019),4TB SSD,1350,MacBook Pro i7 2.6GHz 16 inch (Late 2019),2019.0,Mac,MacBook Pro,,Late 2019,16.0,2.6GHz,i7,,4096.0,SSD,,
,Retailer Trade-in,Machines,Mac,MacBook Pro i7 2.6GHz 16 inch (Late 2019),8TB SSD,1475,MacBook Pro i7 2.6GHz 16 inch (Late 2019),2019.0,Mac,MacBook Pro,,Late 2019,16.0,2.6GHz,i7,,8192.0,SSD,,
,Retailer Trade-in,Machines,Mac,MacBook Pro i9 2.3GHz 16 inch (Late 2019),1TB SSD,1250,MacBook Pro i9 2.3GHz 16 inch (Late 2019),2019.0,Mac,MacBook Pro,,Late 2019,16.0,2.3GHz,i9,,1024.0,SSD,,
,Retailer Trade-in,Machines,Mac,MacBook Pro i9 2.3GHz 16 inch (Late 2019),2TB SSD,1350,MacBook Pro i9 2.3GHz 16 inch (Late 2019),2019.0,Mac,MacBook Pro,,Late 2019,16.0,2.3GHz,i9,,2048.0,SSD,,
,Retailer Trade-in,Machines,Mac,MacBook Pro i9 2.3GHz 16 inch (Late 2019),4TB SSD,1475,MacBook Pro i9 2.3GHz 16 inch (Late 2019),2019.0,Mac,MacBook Pro,,Late 2019,16.0,2.3GHz,i9,,4096.0,SSD,,
,Retailer Trade-in,Machines,Mac,MacBook Pro i9 2.3GHz 16 inch (Late 2019),8TB SSD,1500,MacBook Pro i9 2.3GHz 16 inch (Late 2019),2019.0,Mac,MacBook Pro,,Late 2019,16.0,2.3GHz,i9,,8192.0,SSD,,
,Retailer Trade-in,Machines,Mac,MacBook Pro i9 2.4GHz 16 inch (Late 2019),512GB SSD,1150,MacBook Pro i9 2.4GHz 16 inch (Late 2019),2019.0,Mac,MacBook Pro,,Late 2019,16.0,2.4GHz,i9,,512.0,SSD,,
,Retailer Trade-in,Machines,Mac,MacBook Pro i9 2.4GHz 16 inch (Late 2019),1TB SSD,1375,MacBook Pro i9 2.4GHz 16 inch (Late 2019),2019.0,Mac,MacBook Pro,,Late 2019,16.0,2.4GHz,i9,,1024.0,SSD,,
,Retailer Trade-in,Machines,Mac,MacBook Pro i9 2.4GHz 16 inch (Late 2019),2TB SSD,1450,MacBook Pro i9 2.4GHz 16 inch (Late 2019),2019.0,Mac,MacBook Pro,,Late 2019,16.0,2.4GHz,i9,,2048.0,SSD,,
,Retailer Trade-in,Machines,Mac,MacBook Pro i9 2.4GHz 16 inch (Late 2019),4TB SSD,1575,MacBook Pro i9 2.4GHz 16 inch (Late 2019),2019.0,Mac,MacBook Pro,,Late 2019,16.0,2.4GHz,i9,,4096.0,SSD,,
,Retailer Trade-in,Machines,Mac,MacBook Pro i9 2.4GHz 16 inch (Late 2019),8TB SSD,1700,MacBook Pro i9 2.4GHz 16 inch (Late 2019),2019.0,Mac,MacBook Pro,,Late 2019,16.0,2.4GHz,i9,,8192.0,SSD,,
,Retailer Trade-in,Machines,Mac,MacBook Pro i5 1.4GHz 13 inch (Mid 2020),256GB SSD,625,MacBook Pro i5 1.4GHz 13 inch (Mid 2020),2020.0,Mac,MacBook Pro,,Mid 2020,13.0,1.4GHz,i5,,256.0,SSD,,
,Retailer Trade-in,Machines,Mac,MacBook Pro i5 1.4GHz 13 inch (Mid 2020),512GB SSD,675,MacBook Pro i5 1.4GHz 13 inch (Mid 2020),2020.0,Mac,MacBook Pro,,Mid 2020,13.0,1.4GHz,i5,,512.0,SSD,,
,Retailer Trade-in,Machines,Mac,MacBook Pro i5 1.4GHz 13 inch (Mid 2020),1TB SSD,725,MacBook Pro i5 1.4GHz 13 inch (Mid 2020),2020.0,Mac,MacBook Pro,,Mid 2020,13.0,1.4GHz,i5,,1024.0,SSD,,
,Retailer Trade-in,Machines,Mac,MacBook Pro i5 1.4GHz 13 inch (Mid 2020),2TB SSD,750,MacBook Pro i5 1.4GHz 13 inch (Mid 2020),2020.0,Mac,MacBook Pro,,Mid 2020,13.0,1.4GHz,i5,,2048.0,SSD,,
,Retailer Trade-in,Machines,Mac,MacBook Pro i5 2.0GHz 13 inch (Mid 2020),512GB SSD,725,MacBook Pro i5 2.0GHz 13 inch (Mid 2020),2020.0,Mac,MacBook Pro,,Mid 2020,13.0,2.0GHz,i5,,512.0,SSD,,
,Retailer Trade-in,Machines,Mac,MacBook Pro i5 2.0GHz 13 inch (Mid 2020),1TB SSD,800,MacBook Pro i5 2.0GHz 13 inch (Mid 2020),2020.0,Mac,MacBook Pro,,Mid 2020,13.0,2.0GHz,i5,,1024.0,SSD,,
,Retailer Trade-in,Machines,Mac,MacBook Pro i5 2.0GHz 13 inch (Mid 2020),2TB SSD,875,MacBook Pro i5 2.0GHz 13 inch (Mid 2020),2020.0,Mac,MacBook Pro,,Mid 2020,13.0,2.0GHz,i5,,2048.0,SSD,,
,Retailer Trade-in,Machines,Mac,MacBook Pro i5 2.0GHz 13 inch (Mid 2020),4TB SSD,1025,MacBook Pro i5 2.0GHz 13 inch (Mid 2020),2020.0,Mac,MacBook Pro,,Mid 2020,13.0,2.0GHz,i5,,4096.0,SSD,,
,Retailer Trade-in,Machines,Mac,MacBook Pro i7 1.7GHz 13 inch (Mid 2020),256GB SSD,750,MacBook Pro i7 1.7GHz 13 inch (Mid 2020),2020.0,Mac,MacBook Pro,,Mid 2020,13.0,1.7GHz,i7,,256.0,SSD,,
,Retailer Trade-in,Machines,Mac,MacBook Pro i7 1.7GHz 13 inch (Mid 2020),512GB SSD,750,MacBook Pro i7 1.7GHz 13 inch (Mid 2020),2020.0,Mac,MacBook Pro,,Mid 2020,13.0,1.7GHz,i7,,512.0,SSD,,
,Retailer Trade-in,Machines,Mac,MacBook Pro i7 1.7GHz 13 inch (Mid 2020),1TB SSD,800,MacBook Pro i7 1.7GHz 13 inch (Mid 2020),2020.0,Mac,MacBook Pro,,Mid 2020,13.0,1.7GHz,i7,,1024.0,SSD,,
,Retailer Trade-in,Machines,Mac,MacBook Pro i7 1.7GHz 13 inch (Mid 2020),2TB SSD,875,MacBook Pro i7 1.7GHz 13 inch (Mid 2020),2020.0,Mac,MacBook Pro,,Mid 2020,13.0,1.7GHz,i7,,2048.0,SSD,,
,Retailer Trade-in,Machines,Mac,MacBook Pro i7 2.3GHz 13 inch (Mid 2020),512GB SSD,750,MacBook Pro i7 2.3GHz 13 inch (Mid 2020),2020.0,Mac,MacBook Pro,,Mid 2020,13.0,2.3GHz,i7,,512.0,SSD,,
,Retailer Trade-in,Machines,Mac,MacBook Pro i7 2.3GHz 13 inch (Mid 2020),1TB SSD,850,MacBook Pro i7 2.3GHz 13 inch (Mid 2020),2020.0,Mac,MacBook Pro,,Mid 2020,13.0,2.3GHz,i7,,1024.0,SSD,,
,Retailer Trade-in,Machines,Mac,MacBook Pro i7 2.3GHz 13 inch (Mid 2020),2TB SSD,925,MacBook Pro i7 2.3GHz 13 inch (Mid 2020),2020.0,Mac,MacBook Pro,,Mid 2020,13.0,2.3GHz,i7,,2048.0,SSD,,
,Retailer Trade-in,Machines,Mac,MacBook Pro i7 2.3GHz 13 inch (Mid 2020),4TB SSD,1075,MacBook Pro i7 2.3GHz 13 inch (Mid 2020),2020.0,Mac,MacBook Pro,,Mid 2020,13.0,2.3GHz,i7,,4096.0,SSD,,
,Retailer Trade-in,Machines,Mac,MacBook Pro M1 8-Core CPU and 8-Core GPU 13 inch (Late 2020),256GB SSD,875,MacBook Pro M1 8-Core CPU and 8-Core GPU 13 inch (Late 2020),2020.0,Mac,MacBook Pro,,Late 2020,13.0,,M1 ,,256.0,SSD,,
,Retailer Trade-in,Machines,Mac,MacBook Pro M1 8-Core CPU and 8-Core GPU 13 inch (Late 2020),512GB SSD,925,MacBook Pro M1 8-Core CPU and 8-Core GPU 13 inch (Late 2020),2020.0,Mac,MacBook Pro,,Late 2020,13.0,,M1 ,,512.0,SSD,,
,Retailer Trade-in,Machines,Mac,MacBook Pro M1 8-Core CPU and 8-Core GPU 13 inch (Late 2020),1TB SSD,1000,MacBook Pro M1 8-Core CPU and 8-Core GPU 13 inch (Late 2020),2020.0,Mac,MacBook Pro,,Late 2020,13.0,,M1 ,,1024.0,SSD,,
,Retailer Trade-in,Machines,Mac,MacBook Pro M1 8-Core CPU and 8-Core GPU 13 inch (Late 2020),2TB SSD,1125,MacBook Pro M1 8-Core CPU and 8-Core GPU 13 inch (Late 2020),2020.0,Mac,MacBook Pro,,Late 2020,13.0,,M1 ,,2048.0,SSD,,
,Retailer Trade-in,Machines,Mac,MacBook Pro 14 inch M1 Pro 8-Core CPU & 14-Core GPU (2021),512GB,1800,MacBook Pro 14 inch M1 Pro 8-Core CPU & 14-Core GPU (2021),2021.0,Mac,MacBook Pro,,2021,14.0,,M1 pro,,512.0,,,
,Retailer Trade-in,Machines,Mac,MacBook Pro 14 inch M1 Pro 8-Core CPU & 14-Core GPU (2021),1TB,2025,MacBook Pro 14 inch M1 Pro 8-Core CPU & 14-Core GPU (2021),2021.0,Mac,MacBook Pro,,2021,14.0,,M1 pro,,1024.0,,,
,Retailer Trade-in,Machines,Mac,MacBook Pro 14 inch M1 Pro 8-Core CPU & 14-Core GPU (2021),2TB,2050,MacBook Pro 14 inch M1 Pro 8-Core CPU & 14-Core GPU (2021),2021.0,Mac,MacBook Pro,,2021,14.0,,M1 pro,,2048.0,,,
,Retailer Trade-in,Machines,Mac,MacBook Pro 14 inch M1 Pro 8-Core CPU & 14-Core GPU (2021),4TB,2475,MacBook Pro 14 inch M1 Pro 8-Core CPU & 14-Core GPU (2021),2021.0,Mac,MacBook Pro,,2021,14.0,,M1 pro,,4096.0,,,
,Retailer Trade-in,Machines,Mac,MacBook Pro 14 inch M1 Pro 8-Core CPU & 14-Core GPU (2021),8TB,3325,MacBook Pro 14 inch M1 Pro 8-Core CPU & 14-Core GPU (2021),2021.0,Mac,MacBook Pro,,2021,14.0,,M1 pro,,8192.0,,,
,Retailer Trade-in,Machines,Mac,MacBook Pro 14 inch M1 Pro 10-Core CPU & 14-Core GPU (2021),512GB,1950,MacBook Pro 14 inch M1 Pro 10-Core CPU & 14-Core GPU (2021),2021.0,Mac,MacBook Pro,,2021,14.0,,M1 pro,,512.0,,,
,Retailer Trade-in,Machines,Mac,MacBook Pro 14 inch M1 Pro 10-Core CPU & 14-Core GPU (2021),1TB,2150,MacBook Pro 14 inch M1 Pro 10-Core CPU & 14-Core GPU (2021),2021.0,Mac,MacBook Pro,,2021,14.0,,M1 pro,,1024.0,,,
,Retailer Trade-in,Machines,Mac,MacBook Pro 14 inch M1 Pro 10-Core CPU & 14-Core GPU (2021),2TB,2375,MacBook Pro 14 inch M1 Pro 10-Core CPU & 14-Core GPU (2021),2021.0,Mac,MacBook Pro,,2021,14.0,,M1 pro,,2048.0,,,
,Retailer Trade-in,Machines,Mac,MacBook Pro 14 inch M1 Pro 10-Core CPU & 14-Core GPU (2021),4TB,2850,MacBook Pro 14 inch M1 Pro 10-Core CPU & 14-Core GPU (2021),2021.0,Mac,MacBook Pro,,2021,14.0,,M1 pro,,4096.0,,,
,Retailer Trade-in,Machines,Mac,MacBook Pro 14 inch M1 Pro 10-Core CPU & 14-Core GPU (2021),8TB,3600,MacBook Pro 14 inch M1 Pro 10-Core CPU & 14-Core GPU (2021),2021.0,Mac,MacBook Pro,,2021,14.0,,M1 pro,,8192.0,,,
,Retailer Trade-in,Machines,Mac,MacBook Pro 14 inch M1 Pro 10-Core CPU & 16-Core GPU (2021),512GB,2100,MacBook Pro 14 inch M1 Pro 10-Core CPU & 16-Core GPU (2021),2021.0,Mac,MacBook Pro,,2021,14.0,,M1 pro,,512.0,,,
,Retailer Trade-in,Machines,Mac,MacBook Pro 14 inch M1 Pro 10-Core CPU & 16-Core GPU (2021),1TB,2275,MacBook Pro 14 inch M1 Pro 10-Core CPU & 16-Core GPU (2021),2021.0,Mac,MacBook Pro,,2021,14.0,,M1 pro,,1024.0,,,
,Retailer Trade-in,Machines,Mac,MacBook Pro 14 inch M1 Pro 10-Core CPU & 16-Core GPU (2021),2TB,2525,MacBook Pro 14 inch M1 Pro 10-Core CPU & 16-Core GPU (2021),2021.0,Mac,MacBook Pro,,2021,14.0,,M1 pro,,2048.0,,,
,Retailer Trade-in,Machines,Mac,MacBook Pro 14 inch M1 Pro 10-Core CPU & 16-Core GPU (2021),4TB,3050,MacBook Pro 14 inch M1 Pro 10-Core CPU & 16-Core GPU (2021),2021.0,Mac,MacBook Pro,,2021,14.0,,M1 pro,,4096.0,,,
,Retailer Trade-in,Machines,Mac,MacBook Pro 14 inch M1 Pro 10-Core CPU & 16-Core GPU (2021),8TB,3725,MacBook Pro 14 inch M1 Pro 10-Core CPU & 16-Core GPU (2021),2021.0,Mac,MacBook Pro,,2021,14.0,,M1 pro,,8192.0,,,
,Retailer Trade-in,Machines,Mac,MacBook Pro 14 inch M1 Max 10-Core CPU & 24-Core GPU (2021),512GB,2525,MacBook Pro 14 inch M1 Max 10-Core CPU & 24-Core GPU (2021),2021.0,Mac,MacBook Pro,,2021,14.0,,M1 Max,,512.0,,,
,Retailer Trade-in,Machines,Mac,MacBook Pro 14 inch M1 Max 10-Core CPU & 24-Core GPU (2021),1TB,2725,MacBook Pro 14 inch M1 Max 10-Core CPU & 24-Core GPU (2021),2021.0,Mac,MacBook Pro,,2021,14.0,,M1 Max,,1024.0,,,
,Retailer Trade-in,Machines,Mac,MacBook Pro 14 inch M1 Max 10-Core CPU & 24-Core GPU (2021),2TB,2775,MacBook Pro 14 inch M1 Max 10-Core CPU & 24-Core GPU (2021),2021.0,Mac,MacBook Pro,,2021,14.0,,M1 Max,,2048.0,,,
,Retailer Trade-in,Machines,Mac,MacBook Pro 14 inch M1 Max 10-Core CPU & 24-Core GPU (2021),4TB,3550,MacBook Pro 14 inch M1 Max 10-Core CPU & 24-Core GPU (2021),2021.0,Mac,MacBook Pro,,2021,14.0,,M1 Max,,4096.0,,,
,Retailer Trade-in,Machines,Mac,MacBook Pro 14 inch M1 Max 10-Core CPU & 24-Core GPU (2021),8TB,4175,MacBook Pro 14 inch M1 Max 10-Core CPU & 24-Core GPU (2021),2021.0,Mac,MacBook Pro,,2021,14.0,,M1 Max,,8192.0,,,
,Retailer Trade-in,Machines,Mac,"MacBook Pro 14 inch M1 Max 10-Core CPU, 32-Core GPU (2021)",512GB,2725,"MacBook Pro 14 inch M1 Max 10-Core CPU, 32-Core GPU (2021)",2021.0,Mac,MacBook Pro,,2021,14.0,,M1 Max,,512.0,,,
,Retailer Trade-in,Machines,Mac,MacBook Pro 14 inch M1 Max 10-Core CPU and 32-Core GPU (2021),1TB,2875,MacBook Pro 14 inch M1 Max 10-Core CPU and 32-Core GPU (2021),2021.0,Mac,MacBook Pro,,2021,14.0,,M1 Max,,1024.0,,,
,Retailer Trade-in,Machines,Mac,MacBook Pro 14 inch M1 Max 10-Core CPU and 32-Core GPU (2021),2TB,3250,MacBook Pro 14 inch M1 Max 10-Core CPU and 32-Core GPU (2021),2021.0,Mac,MacBook Pro,,2021,14.0,,M1 Max,,2048.0,,,
,Retailer Trade-in,Machines,Mac,MacBook Pro 14 inch M1 Max 10-Core CPU and 32-Core GPU (2021),4TB,3725,MacBook Pro 14 inch M1 Max 10-Core CPU and 32-Core GPU (2021),2021.0,Mac,MacBook Pro,,2021,14.0,,M1 Max,,4096.0,,,
,Retailer Trade-in,Machines,Mac,MacBook Pro 14 inch M1 Max 10-Core CPU and 32-Core GPU (2021),8TB,4325,MacBook Pro 14 inch M1 Max 10-Core CPU and 32-Core GPU (2021),2021.0,Mac,MacBook Pro,,2021,14.0,,M1 Max,,8192.0,,,
,Retailer Trade-in,Machines,Mac,MacBook Pro 16 inch M1 Pro 10-Core CPU & 16-Core GPU (2021),512GB,2125,MacBook Pro 16 inch M1 Pro 10-Core CPU & 16-Core GPU (2021),2021.0,Mac,MacBook Pro,,2021,16.0,,M1 pro,,512.0,,,
,Retailer Trade-in,Machines,Mac,MacBook Pro 16 inch M1 Pro 10-Core CPU & 16-Core GPU (2021),1TB,2275,MacBook Pro 16 inch M1 Pro 10-Core CPU & 16-Core GPU (2021),2021.0,Mac,MacBook Pro,,2021,16.0,,M1 pro,,1024.0,,,
,Retailer Trade-in,Machines,Mac,MacBook Pro 16 inch M1 Pro 10-Core CPU & 16-Core GPU (2021),2TB,2650,MacBook Pro 16 inch M1 Pro 10-Core CPU & 16-Core GPU (2021),2021.0,Mac,MacBook Pro,,2021,16.0,,M1 pro,,2048.0,,,
,Retailer Trade-in,Machines,Mac,MacBook Pro 16 inch M1 Pro 10-Core CPU & 16-Core GPU (2021),4TB,3175,MacBook Pro 16 inch M1 Pro 10-Core CPU & 16-Core GPU (2021),2021.0,Mac,MacBook Pro,,2021,16.0,,M1 pro,,4096.0,,,
,Retailer Trade-in,Machines,Mac,MacBook Pro 16 inch M1 Pro 10-Core CPU & 16-Core GPU (2021),8TB,3800,MacBook Pro 16 inch M1 Pro 10-Core CPU & 16-Core GPU (2021),2021.0,Mac,MacBook Pro,,2021,16.0,,M1 pro,,8192.0,,,
,Retailer Trade-in,Machines,Mac,MacBook Pro 16 inch M1 Max 10-Core CPU & 24-Core GPU (2021),512GB,2675,MacBook Pro 16 inch M1 Max 10-Core CPU & 24-Core GPU (2021),2021.0,Mac,MacBook Pro,,2021,16.0,,M1 Max,,512.0,,,
,Retailer Trade-in,Machines,Mac,MacBook Pro 16 inch M1 Max 10-Core CPU & 24-Core GPU (2021),1TB,2725,MacBook Pro 16 inch M1 Max 10-Core CPU & 24-Core GPU (2021),2021.0,Mac,MacBook Pro,,2021,16.0,,M1 Max,,1024.0,,,
,Retailer Trade-in,Machines,Mac,MacBook Pro 16 inch M1 Max 10-Core CPU & 24-Core GPU (2021),2TB,3050,MacBook Pro 16 inch M1 Max 10-Core CPU & 24-Core GPU (2021),2021.0,Mac,MacBook Pro,,2021,16.0,,M1 Max,,2048.0,,,
,Retailer Trade-in,Machines,Mac,MacBook Pro 16 inch M1 Max 10-Core CPU & 24-Core GPU (2021),4TB,3550,MacBook Pro 16 inch M1 Max 10-Core CPU & 24-Core GPU (2021),2021.0,Mac,MacBook Pro,,2021,16.0,,M1 Max,,4096.0,,,
,Retailer Trade-in,Machines,Mac,MacBook Pro 16 inch M1 Max 10-Core CPU & 24-Core GPU (2021),8TB,4225,MacBook Pro 16 inch M1 Max 10-Core CPU & 24-Core GPU (2021),2021.0,Mac,MacBook Pro,,2021,16.0,,M1 Max,,8192.0,,,
,Retailer Trade-in,Machines,Mac,MacBook Pro 16 inch M1 Max 10-Core CPU & 32-Core GPU (2021),512GB,2710,MacBook Pro 16 inch M1 Max 10-Core CPU & 32-Core GPU (2021),2021.0,Mac,MacBook Pro,,2021,16.0,,M1 Max,,512.0,,,
,Retailer Trade-in,Machines,Mac,MacBook Pro 16 inch M1 Max 10-Core CPU & 32-Core GPU (2021),1TB,2900,MacBook Pro 16 inch M1 Max 10-Core CPU & 32-Core GPU (2021),2021.0,Mac,MacBook Pro,,2021,16.0,,M1 Max,,1024.0,,,
,Retailer Trade-in,Machines,Mac,MacBook Pro 16 inch M1 Max 10-Core CPU & 32-Core GPU (2021),2TB,3250,MacBook Pro 16 inch M1 Max 10-Core CPU & 32-Core GPU (2021),2021.0,Mac,MacBook Pro,,2021,16.0,,M1 Max,,2048.0,,,
,Retailer Trade-in,Machines,Mac,MacBook Pro 16 inch M1 Max 10-Core CPU & 32-Core GPU (2021),4TB,3775,MacBook Pro 16 inch M1 Max 10-Core CPU & 32-Core GPU (2021),2021.0,Mac,MacBook Pro,,2021,16.0,,M1 Max,,4096.0,,,
,Retailer Trade-in,Machines,Mac,MacBook Pro 16 inch M1 Max 10-Core CPU & 32-Core GPU (2021),8TB,4400,MacBook Pro 16 inch M1 Max 10-Core CPU & 32-Core GPU (2021),2021.0,Mac,MacBook Pro,,2021,16.0,,M1 Max,,8192.0,,,
,Retailer Trade-in,Machines,Mac,MacBook Pro M2 8-Core CPU and 10-Core GPU 13 inch (Mid 2022),256GB SSD,1375,MacBook Pro M2 8-Core CPU and 10-Core GPU 13 inch (Mid 2022),2022.0,Mac,MacBook Pro,,Mid 2022,13.0,,M2 ,,256.0,SSD,,
,Retailer Trade-in,Machines,Mac,MacBook Pro M2 8-Core CPU and 10-Core GPU 13 inch (Mid 2022),512GB SSD,1675,MacBook Pro M2 8-Core CPU and 10-Core GPU 13 inch (Mid 2022),2022.0,Mac,MacBook Pro,,Mid 2022,13.0,,M2 ,,512.0,SSD,,
,Retailer Trade-in,Machines,Mac,MacBook Pro M2 8-Core CPU and 10-Core GPU 13 inch (Mid 2022),1TB SSD,1875,MacBook Pro M2 8-Core CPU and 10-Core GPU 13 inch (Mid 2022),2022.0,Mac,MacBook Pro,,Mid 2022,13.0,,M2 ,,1024.0,SSD,,
,Retailer Trade-in,Machines,Mac,MacBook Pro M2 8-Core CPU and 10-Core GPU 13 inch (Mid 2022),2TB SSD,2225,MacBook Pro M2 8-Core CPU and 10-Core GPU 13 inch (Mid 2022),2022.0,Mac,MacBook Pro,,Mid 2022,13.0,,M2 ,,2048.0,SSD,,
,Retailer Trade-in,Machines,Mac,MacBook Pro M2 Pro 10-Core CPU and 16-Core GPU 14 inch (Early 2023),512GB SSD,2450,MacBook Pro M2 Pro 10-Core CPU and 16-Core GPU 14 inch (Early 2023),2023.0,Mac,MacBook Pro,,Early 2023,14.0,,M2 pro,,512.0,SSD,,
,Retailer Trade-in,Machines,Mac,MacBook Pro M2 Pro 10-Core CPU and 16-Core GPU 14 inch (Early 2023),1TB SSD,2625,MacBook Pro M2 Pro 10-Core CPU and 16-Core GPU 14 inch (Early 2023),2023.0,Mac,MacBook Pro,,Early 2023,14.0,,M2 pro,,1024.0,SSD,,
,Retailer Trade-in,Machines,Mac,MacBook Pro M2 Pro 10-Core CPU and 16-Core GPU 14 inch (Early 2023),2TB SSD,3075,MacBook Pro M2 Pro 10-Core CPU and 16-Core GPU 14 inch (Early 2023),2023.0,Mac,MacBook Pro,,Early 2023,14.0,,M2 pro,,2048.0,SSD,,
,Retailer Trade-in,Machines,Mac,MacBook Pro M2 Pro 10-Core CPU and 16-Core GPU 14 inch (Early 2023),4TB SSD,3575,MacBook Pro M2 Pro 10-Core CPU and 16-Core GPU 14 inch (Early 2023),2023.0,Mac,MacBook Pro,,Early 2023,14.0,,M2 pro,,4096.0,SSD,,
,Retailer Trade-in,Machines,Mac,MacBook Pro M2 Pro 10-Core CPU and 16-Core GPU 14 inch (Early 2023),8TB SSD,4050,MacBook Pro M2 Pro 10-Core CPU and 16-Core GPU 14 inch (Early 2023),2023.0,Mac,MacBook Pro,,Early 2023,14.0,,M2 pro,,8192.0,SSD,,
,Retailer Trade-in,Machines,Mac,MacBook Pro M2 Pro 12-Core CPU and 19-Core GPU 14 inch (Early 2023),512GB SSD,2500,MacBook Pro M2 Pro 12-Core CPU and 19-Core GPU 14 inch (Early 2023),2023.0,Mac,MacBook Pro,,Early 2023,14.0,,M2 pro,,512.0,SSD,,
,Retailer Trade-in,Machines,Mac,MacBook Pro M2 Pro 12-Core CPU and 19-Core GPU 14 inch (Early 2023),1TB SSD,2625,MacBook Pro M2 Pro 12-Core CPU and 19-Core GPU 14 inch (Early 2023),2023.0,Mac,MacBook Pro,,Early 2023,14.0,,M2 pro,,1024.0,SSD,,
,Retailer Trade-in,Machines,Mac,MacBook Pro M2 Pro 12-Core CPU and 19-Core GPU 14 inch (Early 2023),2TB SSD,3275,MacBook Pro M2 Pro 12-Core CPU and 19-Core GPU 14 inch (Early 2023),2023.0,Mac,MacBook Pro,,Early 2023,14.0,,M2 pro,,2048.0,SSD,,
,Retailer Trade-in,Machines,Mac,MacBook Pro M2 Pro 12-Core CPU and 19-Core GPU 14 inch (Early 2023),4TB SSD,3800,MacBook Pro M2 Pro 12-Core CPU and 19-Core GPU 14 inch (Early 2023),2023.0,Mac,MacBook Pro,,Early 2023,14.0,,M2 pro,,4096.0,SSD,,
,Retailer Trade-in,Machines,Mac,MacBook Pro M2 Pro 12-Core CPU and 19-Core GPU 14 inch (Early 2023),8TB SSD,4625,MacBook Pro M2 Pro 12-Core CPU and 19-Core GPU 14 inch (Early 2023),2023.0,Mac,MacBook Pro,,Early 2023,14.0,,M2 pro,,8192.0,SSD,,
,Retailer Trade-in,Machines,Mac,MacBook Pro M2 Max 12-Core CPU and 30-Core GPU 14 inch (Early 2023),512GB SSD,3000,MacBook Pro M2 Max 12-Core CPU and 30-Core GPU 14 inch (Early 2023),2023.0,Mac,MacBook Pro,,Early 2023,14.0,,M2 Max,,512.0,SSD,,
,Retailer Trade-in,Machines,Mac,MacBook Pro M2 Max 12-Core CPU and 30-Core GPU 14 inch (Early 2023),1TB SSD,3025,MacBook Pro M2 Max 12-Core CPU and 30-Core GPU 14 inch (Early 2023),2023.0,Mac,MacBook Pro,,Early 2023,14.0,,M2 Max,,1024.0,SSD,,
,Retailer Trade-in,Machines,Mac,MacBook Pro M2 Max 12-Core CPU and 30-Core GPU 14 inch (Early 2023),2TB SSD,3800,MacBook Pro M2 Max 12-Core CPU and 30-Core GPU 14 inch (Early 2023),2023.0,Mac,MacBook Pro,,Early 2023,14.0,,M2 Max,,2048.0,SSD,,
,Retailer Trade-in,Machines,Mac,MacBook Pro M2 Max 12-Core CPU and 30-Core GPU 14 inch (Early 2023),4TB SSD,4575,MacBook Pro M2 Max 12-Core CPU and 30-Core GPU 14 inch (Early 2023),2023.0,Mac,MacBook Pro,,Early 2023,14.0,,M2 Max,,4096.0,SSD,,
,Retailer Trade-in,Machines,Mac,MacBook Pro M2 Max 12-Core CPU and 30-Core GPU 14 inch (Early 2023),8TB SSD,5775,MacBook Pro M2 Max 12-Core CPU and 30-Core GPU 14 inch (Early 2023),2023.0,Mac,MacBook Pro,,Early 2023,14.0,,M2 Max,,8192.0,SSD,,
,Retailer Trade-in,Machines,Mac,MacBook Pro M2 Max 12-Core CPU and 38-Core GPU 14 inch (Early 2023),512GB SSD,3475,MacBook Pro M2 Max 12-Core CPU and 38-Core GPU 14 inch (Early 2023),2023.0,Mac,MacBook Pro,,Early 2023,14.0,,M2 Max,,512.0,SSD,,
,Retailer Trade-in,Machines,Mac,MacBook Pro M2 Max 12-Core CPU and 38-Core GPU 14 inch (Early 2023),1TB SSD,3725,MacBook Pro M2 Max 12-Core CPU and 38-Core GPU 14 inch (Early 2023),2023.0,Mac,MacBook Pro,,Early 2023,14.0,,M2 Max,,1024.0,SSD,,
,Retailer Trade-in,Machines,Mac,MacBook Pro M2 Max 12-Core CPU and 38-Core GPU 14 inch (Early 2023),2TB SSD,4125,MacBook Pro M2 Max 12-Core CPU and 38-Core GPU 14 inch (Early 2023),2023.0,Mac,MacBook Pro,,Early 2023,14.0,,M2 Max,,2048.0,SSD,,
,Retailer Trade-in,Machines,Mac,MacBook Pro M2 Max 12-Core CPU and 38-Core GPU 14 inch (Early 2023),4TB SSD,4775,MacBook Pro M2 Max 12-Core CPU and 38-Core GPU 14 inch (Early 2023),2023.0,Mac,MacBook Pro,,Early 2023,14.0,,M2 Max,,4096.0,SSD,,
,Retailer Trade-in,Machines,Mac,MacBook Pro M2 Max 12-Core CPU and 38-Core GPU 14 inch (Early 2023),8TB SSD,5825,MacBook Pro M2 Max 12-Core CPU and 38-Core GPU 14 inch (Early 2023),2023.0,Mac,MacBook Pro,,Early 2023,14.0,,M2 Max,,8192.0,SSD,,
,Retailer Trade-in,Machines,Mac,MacBook Pro M2 Pro 12-Core CPU and 19-Core GPU 16 inch (Early 2023),512GB SSD,2925,MacBook Pro M2 Pro 12-Core CPU and 19-Core GPU 16 inch (Early 2023),2023.0,Mac,MacBook Pro,,Early 2023,16.0,,M2 pro,,512.0,SSD,,
,Retailer Trade-in,Machines,Mac,MacBook Pro M2 Pro 12-Core CPU and 19-Core GPU 16 inch (Early 2023),1TB SSD,3125,MacBook Pro M2 Pro 12-Core CPU and 19-Core GPU 16 inch (Early 2023),2023.0,Mac,MacBook Pro,,Early 2023,16.0,,M2 pro,,1024.0,SSD,,
,Retailer Trade-in,Machines,Mac,MacBook Pro M2 Pro 12-Core CPU and 19-Core GPU 16 inch (Early 2023),2TB SSD,3500,MacBook Pro M2 Pro 12-Core CPU and 19-Core GPU 16 inch (Early 2023),2023.0,Mac,MacBook Pro,,Early 2023,16.0,,M2 pro,,2048.0,SSD,,
,Retailer Trade-in,Machines,Mac,MacBook Pro M2 Pro 12-Core CPU and 19-Core GPU 16 inch (Early 2023),4TB SSD,4300,MacBook Pro M2 Pro 12-Core CPU and 19-Core GPU 16 inch (Early 2023),2023.0,Mac,MacBook Pro,,Early 2023,16.0,,M2 pro,,4096.0,SSD,,
,Retailer Trade-in,Machines,Mac,MacBook Pro M2 Pro 12-Core CPU and 19-Core GPU 16 inch (Early 2023),8TB SSD,5250,MacBook Pro M2 Pro 12-Core CPU and 19-Core GPU 16 inch (Early 2023),2023.0,Mac,MacBook Pro,,Early 2023,16.0,,M2 pro,,8192.0,SSD,,
,Retailer Trade-in,Machines,Mac,MacBook Pro M2 Max 12-Core CPU and 30-Core GPU 16 inch (Early 2023),512GB SSD,3600,MacBook Pro M2 Max 12-Core CPU and 30-Core GPU 16 inch (Early 2023),2023.0,Mac,MacBook Pro,,Early 2023,16.0,,M2 Max,,512.0,SSD,,
,Retailer Trade-in,Machines,Mac,MacBook Pro M2 Max 12-Core CPU and 30-Core GPU 16 inch (Early 2023),1TB SSD,3825,MacBook Pro M2 Max 12-Core CPU and 30-Core GPU 16 inch (Early 2023),2023.0,Mac,MacBook Pro,,Early 2023,16.0,,M2 Max,,1024.0,SSD,,
,Retailer Trade-in,Machines,Mac,MacBook Pro M2 Max 12-Core CPU and 30-Core GPU 16 inch (Early 2023),2TB SSD,4125,MacBook Pro M2 Max 12-Core CPU and 30-Core GPU 16 inch (Early 2023),2023.0,Mac,MacBook Pro,,Early 2023,16.0,,M2 Max,,2048.0,SSD,,
,Retailer Trade-in,Machines,Mac,MacBook Pro M2 Max 12-Core CPU and 30-Core GPU 16 inch (Early 2023),4TB SSD,4725,MacBook Pro M2 Max 12-Core CPU and 30-Core GPU 16 inch (Early 2023),2023.0,Mac,MacBook Pro,,Early 2023,16.0,,M2 Max,,4096.0,SSD,,
,Retailer Trade-in,Machines,Mac,MacBook Pro M2 Max 12-Core CPU and 30-Core GPU 16 inch (Early 2023),8TB SSD,5950,MacBook Pro M2 Max 12-Core CPU and 30-Core GPU 16 inch (Early 2023),2023.0,Mac,MacBook Pro,,Early 2023,16.0,,M2 Max,,8192.0,SSD,,
,Retailer Trade-in,Machines,Mac,MacBook Pro M2 Max 12-Core CPU and 38-Core GPU 16 inch (Early 2023),512GB SSD,3925,MacBook Pro M2 Max 12-Core CPU and 38-Core GPU 16 inch (Early 2023),2023.0,Mac,MacBook Pro,,Early 2023,16.0,,M2 Max,,512.0,SSD,,
,Retailer Trade-in,Machines,Mac,MacBook Pro M2 Max 12-Core CPU and 38-Core GPU 16 inch (Early 2023),1TB SSD,4000,MacBook Pro M2 Max 12-Core CPU and 38-Core GPU 16 inch (Early 2023),2023.0,Mac,MacBook Pro,,Early 2023,16.0,,M2 Max,,1024.0,SSD,,
,Retailer Trade-in,Machines,Mac,MacBook Pro M2 Max 12-Core CPU and 38-Core GPU 16 inch (Early 2023),2TB SSD,4500,MacBook Pro M2 Max 12-Core CPU and 38-Core GPU 16 inch (Early 2023),2023.0,Mac,MacBook Pro,,Early 2023,16.0,,M2 Max,,2048.0,SSD,,
,Retailer Trade-in,Machines,Mac,MacBook Pro M2 Max 12-Core CPU and 38-Core GPU 16 inch (Early 2023),4TB SSD,4950,MacBook Pro M2 Max 12-Core CPU and 38-Core GPU 16 inch (Early 2023),2023.0,Mac,MacBook Pro,,Early 2023,16.0,,M2 Max,,4096.0,SSD,,
,Retailer Trade-in,Machines,Mac,MacBook Pro M2 Max 12-Core CPU and 38-Core GPU 16 inch (Early 2023),8TB SSD,5975,MacBook Pro M2 Max 12-Core CPU and 38-Core GPU 16 inch (Early 2023),2023.0,Mac,MacBook Pro,,Early 2023,16.0,,M2 Max,,8192.0,SSD,,
,Retailer Trade-in,Machines,Mac,MacBook Pro M3 8-Core CPU and 10-Core GPU 14 inch (Late 2023),512GB SSD,2525,MacBook Pro M3 8-Core CPU and 10-Core GPU 14 inch (Late 2023),2023.0,Mac,MacBook Pro,,Late 2023,14.0,,M3 ,,512.0,SSD,,
,Retailer Trade-in,Machines,Mac,MacBook Pro M3 8-Core CPU and 10-Core GPU 14 inch (Late 2023),1TB SSD,2800,MacBook Pro M3 8-Core CPU and 10-Core GPU 14 inch (Late 2023),2023.0,Mac,MacBook Pro,,Late 2023,14.0,,M3 ,,1024.0,SSD,,
,Retailer Trade-in,Machines,Mac,MacBook Pro M3 8-Core CPU and 10-Core GPU 14 inch (Late 2023),2TB SSD,3375,MacBook Pro M3 8-Core CPU and 10-Core GPU 14 inch (Late 2023),2023.0,Mac,MacBook Pro,,Late 2023,14.0,,M3 ,,2048.0,SSD,,
,Retailer Trade-in,Machines,Mac,MacBook Pro M3 Pro 11-Core CPU and 14-Core GPU 14 inch (Late 2023),512GB SSD,3000,MacBook Pro M3 Pro 11-Core CPU and 14-Core GPU 14 inch (Late 2023),2023.0,Mac,MacBook Pro,,Late 2023,14.0,,M3 pro,,512.0,SSD,,
,Retailer Trade-in,Machines,Mac,MacBook Pro M3 Pro 11-Core CPU and 14-Core GPU 14 inch (Late 2023),1TB SSD,3300,MacBook Pro M3 Pro 11-Core CPU and 14-Core GPU 14 inch (Late 2023),2023.0,Mac,MacBook Pro,,Late 2023,14.0,,M3 pro,,1024.0,SSD,,
,Retailer Trade-in,Machines,Mac,MacBook Pro M3 Pro 11-Core CPU and 14-Core GPU 14 inch (Late 2023),2TB SSD,4075,MacBook Pro M3 Pro 11-Core CPU and 14-Core GPU 14 inch (Late 2023),2023.0,Mac,MacBook Pro,,Late 2023,14.0,,M3 pro,,2048.0,SSD,,
,Retailer Trade-in,Machines,Mac,MacBook Pro M3 Pro 11-Core CPU and 14-Core GPU 14 inch (Late 2023),4TB SSD,4725,MacBook Pro M3 Pro 11-Core CPU and 14-Core GPU 14 inch (Late 2023),2023.0,Mac,MacBook Pro,,Late 2023,14.0,,M3 pro,,4096.0,SSD,,
,Retailer Trade-in,Machines,Mac,MacBook Pro M3 Pro 12-Core CPU and 18-Core GPU 14 inch (Late 2023),512GB SSD,3400,MacBook Pro M3 Pro 12-Core CPU and 18-Core GPU 14 inch (Late 2023),2023.0,Mac,MacBook Pro,,Late 2023,14.0,,M3 pro,,512.0,SSD,,
,Retailer Trade-in,Machines,Mac,MacBook Pro M3 Pro 12-Core CPU and 18-Core GPU 14 inch (Late 2023),1TB SSD,3700,MacBook Pro M3 Pro 12-Core CPU and 18-Core GPU 14 inch (Late 2023),2023.0,Mac,MacBook Pro,,Late 2023,14.0,,M3 pro,,1024.0,SSD,,
,Retailer Trade-in,Machines,Mac,MacBook Pro M3 Pro 12-Core CPU and 18-Core GPU 14 inch (Late 2023),2TB SSD,4100,MacBook Pro M3 Pro 12-Core CPU and 18-Core GPU 14 inch (Late 2023),2023.0,Mac,MacBook Pro,,Late 2023,14.0,,M3 pro,,2048.0,SSD,,
,Retailer Trade-in,Machines,Mac,MacBook Pro M3 Pro 12-Core CPU and 18-Core GPU 14 inch (Late 2023),4TB SSD,4725,MacBook Pro M3 Pro 12-Core CPU and 18-Core GPU 14 inch (Late 2023),2023.0,Mac,MacBook Pro,,Late 2023,14.0,,M3 pro,,4096.0,SSD,,
,Retailer Trade-in,Machines,Mac,MacBook Pro M3 Max 14-Core CPU and 30-Core GPU 14 inch (Late 2023),512GB SSD,4600,MacBook Pro M3 Max 14-Core CPU and 30-Core GPU 14 inch (Late 2023),2023.0,Mac,MacBook Pro,,Late 2023,14.0,,M3 Max,,512.0,SSD,,
,Retailer Trade-in,Machines,Mac,MacBook Pro M3 Max 14-Core CPU and 30-Core GPU 14 inch (Late 2023),1TB SSD,4800,MacBook Pro M3 Max 14-Core CPU and 30-Core GPU 14 inch (Late 2023),2023.0,Mac,MacBook Pro,,Late 2023,14.0,,M3 Max,,1024.0,SSD,,
,Retailer Trade-in,Machines,Mac,MacBook Pro M3 Max 14-Core CPU and 30-Core GPU 14 inch (Late 2023),2TB SSD,5225,MacBook Pro M3 Max 14-Core CPU and 30-Core GPU 14 inch (Late 2023),2023.0,Mac,MacBook Pro,,Late 2023,14.0,,M3 Max,,2048.0,SSD,,
,Retailer Trade-in,Machines,Mac,MacBook Pro M3 Max 14-Core CPU and 30-Core GPU 14 inch (Late 2023),4TB SSD,6200,MacBook Pro M3 Max 14-Core CPU and 30-Core GPU 14 inch (Late 2023),2023.0,Mac,MacBook Pro,,Late 2023,14.0,,M3 Max,,4096.0,SSD,,
,Retailer Trade-in,Machines,Mac,MacBook Pro M3 Max 14-Core CPU and 30-Core GPU 14 inch (Late 2023),8TB SSD,7400,MacBook Pro M3 Max 14-Core CPU and 30-Core GPU 14 inch (Late 2023),2023.0,Mac,MacBook Pro,,Late 2023,14.0,,M3 Max,,8192.0,SSD,,
,Retailer Trade-in,Machines,Mac,MacBook Pro M3 Max 16-Core CPU and 40-Core GPU 14 inch (Late 2023),512GB SSD,5225,MacBook Pro M3 Max 16-Core CPU and 40-Core GPU 14 inch (Late 2023),2023.0,Mac,MacBook Pro,,Late 2023,14.0,,M3 Max,,512.0,SSD,,
,Retailer Trade-in,Machines,Mac,MacBook Pro M3 Max 16-Core CPU and 40-Core GPU 14 inch (Late 2023),1TB SSD,5400,MacBook Pro M3 Max 16-Core CPU and 40-Core GPU 14 inch (Late 2023),2023.0,Mac,MacBook Pro,,Late 2023,14.0,,M3 Max,,1024.0,SSD,,
,Retailer Trade-in,Machines,Mac,MacBook Pro M3 Max 16-Core CPU and 40-Core GPU 14 inch (Late 2023),2TB SSD,6075,MacBook Pro M3 Max 16-Core CPU and 40-Core GPU 14 inch (Late 2023),2023.0,Mac,MacBook Pro,,Late 2023,14.0,,M3 Max,,2048.0,SSD,,
,Retailer Trade-in,Machines,Mac,MacBook Pro M3 Max 16-Core CPU and 40-Core GPU 14 inch (Late 2023),4TB SSD,6900,MacBook Pro M3 Max 16-Core CPU and 40-Core GPU 14 inch (Late 2023),2023.0,Mac,MacBook Pro,,Late 2023,14.0,,M3 Max,,4096.0,SSD,,
,Retailer Trade-in,Machines,Mac,MacBook Pro M3 Max 16-Core CPU and 40-Core GPU 14 inch (Late 2023),8TB SSD,8450,MacBook Pro M3 Max 16-Core CPU and 40-Core GPU 14 inch (Late 2023),2023.0,Mac,MacBook Pro,,Late 2023,14.0,,M3 Max,,8192.0,SSD,,
,Retailer Trade-in,Machines,Mac,MacBook Pro M3 Pro 12-Core CPU and 18-Core GPU 16 inch (Late 2023),512GB SSD,3900,MacBook Pro M3 Pro 12-Core CPU and 18-Core GPU 16 inch (Late 2023),2023.0,Mac,MacBook Pro,,Late 2023,16.0,,M3 pro,,512.0,SSD,,
,Retailer Trade-in,Machines,Mac,MacBook Pro M3 Pro 12-Core CPU and 18-Core GPU 16 inch (Late 2023),1TB SSD,4350,MacBook Pro M3 Pro 12-Core CPU and 18-Core GPU 16 inch (Late 2023),2023.0,Mac,MacBook Pro,,Late 2023,16.0,,M3 pro,,1024.0,SSD,,
,Retailer Trade-in,Machines,Mac,MacBook Pro M3 Pro 12-Core CPU and 18-Core GPU 16 inch (Late 2023),2TB SSD,5100,MacBook Pro M3 Pro 12-Core CPU and 18-Core GPU 16 inch (Late 2023),2023.0,Mac,MacBook Pro,,Late 2023,16.0,,M3 pro,,2048.0,SSD,,
,Retailer Trade-in,Machines,Mac,MacBook Pro M3 Pro 12-Core CPU and 18-Core GPU 16 inch (Late 2023),4TB SSD,5875,MacBook Pro M3 Pro 12-Core CPU and 18-Core GPU 16 inch (Late 2023),2023.0,Mac,MacBook Pro,,Late 2023,16.0,,M3 pro,,4096.0,SSD,,
,Retailer Trade-in,Machines,Mac,MacBook Pro M3 Max 14-Core CPU and 30-Core GPU 16 inch (Late 2023),512GB SSD,5200,MacBook Pro M3 Max 14-Core CPU and 30-Core GPU 16 inch (Late 2023),2023.0,Mac,MacBook Pro,,Late 2023,16.0,,M3 Max,,512.0,SSD,,
,Retailer Trade-in,Machines,Mac,MacBook Pro M3 Max 14-Core CPU and 30-Core GPU 16 inch (Late 2023),1TB SSD,5650,MacBook Pro M3 Max 14-Core CPU and 30-Core GPU 16 inch (Late 2023),2023.0,Mac,MacBook Pro,,Late 2023,16.0,,M3 Max,,1024.0,SSD,,
,Retailer Trade-in,Machines,Mac,MacBook Pro M3 Max 14-Core CPU and 30-Core GPU 16 inch (Late 2023),2TB SSD,6125,MacBook Pro M3 Max 14-Core CPU and 30-Core GPU 16 inch (Late 2023),2023.0,Mac,MacBook Pro,,Late 2023,16.0,,M3 Max,,2048.0,SSD,,
,Retailer Trade-in,Machines,Mac,MacBook Pro M3 Max 14-Core CPU and 30-Core GPU 16 inch (Late 2023),4TB SSD,7000,MacBook Pro M3 Max 14-Core CPU and 30-Core GPU 16 inch (Late 2023),2023.0,Mac,MacBook Pro,,Late 2023,16.0,,M3 Max,,4096.0,SSD,,
,Retailer Trade-in,Machines,Mac,MacBook Pro M3 Max 14-Core CPU and 30-Core GPU 16 inch (Late 2023),8TB SSD,8700,MacBook Pro M3 Max 14-Core CPU and 30-Core GPU 16 inch (Late 2023),2023.0,Mac,MacBook Pro,,Late 2023,16.0,,M3 Max,,8192.0,SSD,,
,Retailer Trade-in,Machines,Mac,MacBook Pro M3 Max 16-Core CPU and 40-Core GPU 16 inch (Late 2023),512GB SSD,5975,MacBook Pro M3 Max 16-Core CPU and 40-Core GPU 16 inch (Late 2023),2023.0,Mac,MacBook Pro,,Late 2023,16.0,,M3 Max,,512.0,SSD,,
,Retailer Trade-in,Machines,Mac,MacBook Pro M3 Max 16-Core CPU and 40-Core GPU 16 inch (Late 2023),1TB SSD,6425,MacBook Pro M3 Max 16-Core CPU and 40-Core GPU 16 inch (Late 2023),2023.0,Mac,MacBook Pro,,Late 2023,16.0,,M3 Max,,1024.0,SSD,,
,Retailer Trade-in,Machines,Mac,MacBook Pro M3 Max 16-Core CPU and 40-Core GPU 16 inch (Late 2023),2TB SSD,7000,MacBook Pro M3 Max 16-Core CPU and 40-Core GPU 16 inch (Late 2023),2023.0,Mac,MacBook Pro,,Late 2023,16.0,,M3 Max,,2048.0,SSD,,
,Retailer Trade-in,Machines,Mac,MacBook Pro M3 Max 16-Core CPU and 40-Core GPU 16 inch (Late 2023),4TB SSD,7775,MacBook Pro M3 Max 16-Core CPU and 40-Core GPU 16 inch (Late 2023),2023.0,Mac,MacBook Pro,,Late 2023,16.0,,M3 Max,,4096.0,SSD,,
,Retailer Trade-in,Machines,Mac,MacBook Pro M3 Max 16-Core CPU and 40-Core GPU 16 inch (Late 2023),8TB SSD,9550,MacBook Pro M3 Max 16-Core CPU and 40-Core GPU 16 inch (Late 2023),2023.0,Mac,MacBook Pro,,Late 2023,16.0,,M3 Max,,8192.0,SSD,,
,Retailer Trade-in,Machines,Mac,MacBook Pro M4 10-Core CPU and 10-Core GPU 14 inch (Late 2024),512GB,2925,MacBook Pro M4 10-Core CPU and 10-Core GPU 14 inch (Late 2024),2024.0,Mac,MacBook Pro,,Late 2024,14.0,,M4 ,,512.0,,,
,Retailer Trade-in,Machines,Mac,MacBook Pro M4 10-Core CPU and 10-Core GPU 14 inch (Late 2024),1TB,3300,MacBook Pro M4 10-Core CPU and 10-Core GPU 14 inch (Late 2024),2024.0,Mac,MacBook Pro,,Late 2024,14.0,,M4 ,,1024.0,,,
,Retailer Trade-in,Machines,Mac,MacBook Pro M4 10-Core CPU and 10-Core GPU 14 inch (Late 2024),2TB,4100,MacBook Pro M4 10-Core CPU and 10-Core GPU 14 inch (Late 2024),2024.0,Mac,MacBook Pro,,Late 2024,14.0,,M4 ,,2048.0,,,
,Retailer Trade-in,Machines,Mac,MacBook Pro M4 Pro 12-Core CPU and 16-Core GPU 14 inch (Late 2024),512GB,3475,MacBook Pro M4 Pro 12-Core CPU and 16-Core GPU 14 inch (Late 2024),2024.0,Mac,MacBook Pro,,Late 2024,14.0,,M4 pro,,512.0,,,
,Retailer Trade-in,Machines,Mac,MacBook Pro M4 Pro 12-Core CPU and 16-Core GPU 14 inch (Late 2024),1TB,3900,MacBook Pro M4 Pro 12-Core CPU and 16-Core GPU 14 inch (Late 2024),2024.0,Mac,MacBook Pro,,Late 2024,14.0,,M4 pro,,1024.0,,,
,Retailer Trade-in,Machines,Mac,MacBook Pro M4 Pro 12-Core CPU and 16-Core GPU 14 inch (Late 2024),2TB,4575,MacBook Pro M4 Pro 12-Core CPU and 16-Core GPU 14 inch (Late 2024),2024.0,Mac,MacBook Pro,,Late 2024,14.0,,M4 pro,,2048.0,,,
,Retailer Trade-in,Machines,Mac,MacBook Pro M4 Pro 12-Core CPU and 16-Core GPU 14 inch (Late 2024),4TB,5075,MacBook Pro M4 Pro 12-Core CPU and 16-Core GPU 14 inch (Late 2024),2024.0,Mac,MacBook Pro,,Late 2024,14.0,,M4 pro,,4096.0,,,
,Retailer Trade-in,Machines,Mac,MacBook Pro M4 Pro 14-Core CPU and 20-Core GPU 14 inch (Late 2024),512GB,4150,MacBook Pro M4 Pro 14-Core CPU and 20-Core GPU 14 inch (Late 2024),2024.0,Mac,MacBook Pro,,Late 2024,14.0,,M4 pro,,512.0,,,
,Retailer Trade-in,Machines,Mac,MacBook Pro M4 Pro 14-Core CPU and 20-Core GPU 14 inch (Late 2024),1TB,4275,MacBook Pro M4 Pro 14-Core CPU and 20-Core GPU 14 inch (Late 2024),2024.0,Mac,MacBook Pro,,Late 2024,14.0,,M4 pro,,1024.0,,,
,Retailer Trade-in,Machines,Mac,MacBook Pro M4 Pro 14-Core CPU and 20-Core GPU 14 inch (Late 2024),2TB,4925,MacBook Pro M4 Pro 14-Core CPU and 20-Core GPU 14 inch (Late 2024),2024.0,Mac,MacBook Pro,,Late 2024,14.0,,M4 pro,,2048.0,,,
,Retailer Trade-in,Machines,Mac,MacBook Pro M4 Pro 14-Core CPU and 20-Core GPU 14 inch (Late 2024),4TB,5800,MacBook Pro M4 Pro 14-Core CPU and 20-Core GPU 14 inch (Late 2024),2024.0,Mac,MacBook Pro,,Late 2024,14.0,,M4 pro,,4096.0,,,
,Retailer Trade-in,Machines,Mac,MacBook Pro M4 Max 14-Core CPU and 32-Core GPU 14 inch (Late 2024),1TB,5750,MacBook Pro M4 Max 14-Core CPU and 32-Core GPU 14 inch (Late 2024),2024.0,Mac,MacBook Pro,,Late 2024,14.0,,M4 Max,,1024.0,,,
,Retailer Trade-in,Machines,Mac,MacBook Pro M4 Max 14-Core CPU and 32-Core GPU 14 inch (Late 2024),2TB,6375,MacBook Pro M4 Max 14-Core CPU and 32-Core GPU 14 inch (Late 2024),2024.0,Mac,MacBook Pro,,Late 2024,14.0,,M4 Max,,2048.0,,,
,Retailer Trade-in,Machines,Mac,MacBook Pro M4 Max 14-Core CPU and 32-Core GPU 14 inch (Late 2024),4TB,7425,MacBook Pro M4 Max 14-Core CPU and 32-Core GPU 14 inch (Late 2024),2024.0,Mac,MacBook Pro,,Late 2024,14.0,,M4 Max,,4096.0,,,
,Retailer Trade-in,Machines,Mac,MacBook Pro M4 Max 14-Core CPU and 32-Core GPU 14 inch (Late 2024),8TB,8600,MacBook Pro M4 Max 14-Core CPU and 32-Core GPU 14 inch (Late 2024),2024.0,Mac,MacBook Pro,,Late 2024,14.0,,M4 Max,,8192.0,,,
,Retailer Trade-in,Machines,Mac,MacBook Pro M4 Pro 14-Core CPU and 20-Core GPU 16 inch (Late 2024),512GB,4375,MacBook Pro M4 Pro 14-Core CPU and 20-Core GPU 16 inch (Late 2024),2024.0,Mac,MacBook Pro,,Late 2024,16.0,,M4 pro,,512.0,,,
,Retailer Trade-in,Machines,Mac,MacBook Pro M4 Pro 14-Core CPU and 20-Core GPU 16 inch (Late 2024),1TB,4725,MacBook Pro M4 Pro 14-Core CPU and 20-Core GPU 16 inch (Late 2024),2024.0,Mac,MacBook Pro,,Late 2024,16.0,,M4 pro,,1024.0,,,
,Retailer Trade-in,Machines,Mac,MacBook Pro M4 Pro 14-Core CPU and 20-Core GPU 16 inch (Late 2024),2TB,5400,MacBook Pro M4 Pro 14-Core CPU and 20-Core GPU 16 inch (Late 2024),2024.0,Mac,MacBook Pro,,Late 2024,16.0,,M4 pro,,2048.0,,,
,Retailer Trade-in,Machines,Mac,MacBook Pro M4 Pro 14-Core CPU and 20-Core GPU 16 inch (Late 2024),4TB,5975,MacBook Pro M4 Pro 14-Core CPU and 20-Core GPU 16 inch (Late 2024),2024.0,Mac,MacBook Pro,,Late 2024,16.0,,M4 pro,,4096.0,,,
,Retailer Trade-in,Machines,Mac,MacBook Pro M4 Max 14-Core CPU and 32-Core GPU 16 inch (Late 2024),1TB,6100,MacBook Pro M4 Max 14-Core CPU and 32-Core GPU 16 inch (Late 2024),2024.0,Mac,MacBook Pro,,Late 2024,16.0,,M4 Max,,1024.0,,,
,Retailer Trade-in,Machines,Mac,MacBook Pro M4 Max 14-Core CPU and 32-Core GPU 16 inch (Late 2024),2TB,6775,MacBook Pro M4 Max 14-Core CPU and 32-Core GPU 16 inch (Late 2024),2024.0,Mac,MacBook Pro,,Late 2024,16.0,,M4 Max,,2048.0,,,
,Retailer Trade-in,Machines,Mac,MacBook Pro M4 Max 14-Core CPU and 32-Core GPU 16 inch (Late 2024),4TB,7775,MacBook Pro M4 Max 14-Core CPU and 32-Core GPU 16 inch (Late 2024),2024.0,Mac,MacBook Pro,,Late 2024,16.0,,M4 Max,,4096.0,,,
,Retailer Trade-in,Machines,Mac,MacBook Pro M4 Max 14-Core CPU and 32-Core GPU 16 inch (Late 2024),8TB,8875,MacBook Pro M4 Max 14-Core CPU and 32-Core GPU 16 inch (Late 2024),2024.0,Mac,MacBook Pro,,Late 2024,16.0,,M4 Max,,8192.0,,,
,Retailer Trade-in,Machines,Mac,MacBook Pro M4 Max 16-Core CPU and 40-Core GPU 14 inch (Late 2024),1TB SSD,6550,MacBook Pro M4 Max 16-Core CPU and 40-Core GPU 14 inch (Late 2024),2024.0,Mac,MacBook Pro,,Late 2024,14.0,,M4 Max,,1024.0,SSD,,
,Retailer Trade-in,Machines,Mac,MacBook Pro M4 Max 16-Core CPU and 40-Core GPU 14 inch (Late 2024),2TB SSD,7125,MacBook Pro M4 Max 16-Core CPU and 40-Core GPU 14 inch (Late 2024),2024.0,Mac,MacBook Pro,,Late 2024,14.0,,M4 Max,,2048.0,SSD,,
,Retailer Trade-in,Machines,Mac,MacBook Pro M4 Max 16-Core CPU and 40-Core GPU 14 inch (Late 2024),4TB SSD,8125,MacBook Pro M4 Max 16-Core CPU and 40-Core GPU 14 inch (Late 2024),2024.0,Mac,MacBook Pro,,Late 2024,14.0,,M4 Max,,4096.0,SSD,,
,Retailer Trade-in,Machines,Mac,MacBook Pro M4 Max 16-Core CPU and 40-Core GPU 14 inch (Late 2024),8TB SSD,9200,MacBook Pro M4 Max 16-Core CPU and 40-Core GPU 14 inch (Late 2024),2024.0,Mac,MacBook Pro,,Late 2024,14.0,,M4 Max,,8192.0,SSD,,
,Retailer Trade-in,Machines,Mac,MacBook Pro M4 Max 16-Core CPU and 40-Core GPU 16 inch (Late 2024),1TB,6750,MacBook Pro M4 Max 16-Core CPU and 40-Core GPU 16 inch (Late 2024),2024.0,Mac,MacBook Pro,,Late 2024,16.0,,M4 Max,,1024.0,,,
,Retailer Trade-in,Machines,Mac,MacBook Pro M4 Max 16-Core CPU and 40-Core GPU 16 inch (Late 2024),2TB,7375,MacBook Pro M4 Max 16-Core CPU and 40-Core GPU 16 inch (Late 2024),2024.0,Mac,MacBook Pro,,Late 2024,16.0,,M4 Max,,2048.0,,,
,Retailer Trade-in,Machines,Mac,MacBook Pro M4 Max 16-Core CPU and 40-Core GPU 16 inch (Late 2024),4TB,8650,MacBook Pro M4 Max 16-Core CPU and 40-Core GPU 16 inch (Late 2024),2024.0,Mac,MacBook Pro,,Late 2024,16.0,,M4 Max,,4096.0,,,
,Retailer Trade-in,Machines,Mac,MacBook Pro M4 Max 16-Core CPU and 40-Core GPU 16 inch (Late 2024),8TB,9900,MacBook Pro M4 Max 16-Core CPU and 40-Core GPU 16 inch (Late 2024),2024.0,Mac,MacBook Pro,,Late 2024,16.0,,M4 Max,,8192.0,,,
,Retailer Trade-in,Machines,Mac,MacBook Pro M5 10 -Core CPU and 10-Core GPU 14 inch (Late 2025),512GB,3950,MacBook Pro M5 10 -Core CPU and 10-Core GPU 14 inch (Late 2025),2025.0,Mac,MacBook Pro,,Late 2025,14.0,,,,512.0,,,
,Retailer Trade-in,Machines,Mac,MacBook Pro M5 10 -Core CPU and 10-Core GPU 14 inch (Late 2025),1TB,4425,MacBook Pro M5 10 -Core CPU and 10-Core GPU 14 inch (Late 2025),2025.0,Mac,MacBook Pro,,Late 2025,14.0,,,,1024.0,,,
,Retailer Trade-in,Machines,Mac,MacBook Pro M5 10 -Core CPU and 10-Core GPU 14 inch (Late 2025),2TB,5400,MacBook Pro M5 10 -Core CPU and 10-Core GPU 14 inch (Late 2025),2025.0,Mac,MacBook Pro,,Late 2025,14.0,,,,2048.0,,,
,Retailer Trade-in,Machines,Mac,MacBook Pro M5 10 -Core CPU and 10-Core GPU 14 inch (Late 2025),4TB,6350,MacBook Pro M5 10 -Core CPU and 10-Core GPU 14 inch (Late 2025),2025.0,Mac,MacBook Pro,,Late 2025,14.0,,,,4096.0,,,
,Retailer Trade-in,Switch,Mac,MacBook Air i3 1.1GHz 13 inch (Early 2020),256GB SSD,350,MacBook Air i3 1.1GHz 13 inch (Early 2020),2020.0,Mac,MacBook Air,,Early 2020,13.0,1.1GHz,i3,,256.0,SSD,,
,Retailer Trade-in,Switch,Mac,MacBook Air i3 1.1GHz 13 inch (Early 2020),512GB SSD,360,MacBook Air i3 1.1GHz 13 inch (Early 2020),2020.0,Mac,MacBook Air,,Early 2020,13.0,1.1GHz,i3,,512.0,SSD,,
,Retailer Trade-in,Switch,Mac,MacBook Air i3 1.1GHz 13 inch (Early 2020),1TB SSD,370,MacBook Air i3 1.1GHz 13 inch (Early 2020),2020.0,Mac,MacBook Air,,Early 2020,13.0,1.1GHz,i3,,1024.0,SSD,,
,Retailer Trade-in,Switch,Mac,MacBook Air i3 1.1GHz 13 inch (Early 2020),2TB SSD,430,MacBook Air i3 1.1GHz 13 inch (Early 2020),2020.0,Mac,MacBook Air,,Early 2020,13.0,1.1GHz,i3,,2048.0,SSD,,
,Retailer Trade-in,Switch,Mac,MacBook Air i5 1.1GHz 13 inch (Early 2020),256GB SSD,460,MacBook Air i5 1.1GHz 13 inch (Early 2020),2020.0,Mac,MacBook Air,,Early 2020,13.0,1.1GHz,i5,,256.0,SSD,,
,Retailer Trade-in,Switch,Mac,MacBook Air i5 1.1GHz 13 inch (Early 2020),512GB SSD,500,MacBook Air i5 1.1GHz 13 inch (Early 2020),2020.0,Mac,MacBook Air,,Early 2020,13.0,1.1GHz,i5,,512.0,SSD,,
,Retailer Trade-in,Switch,Mac,MacBook Air i5 1.1GHz 13 inch (Early 2020),1TB SSD,510,MacBook Air i5 1.1GHz 13 inch (Early 2020),2020.0,Mac,MacBook Air,,Early 2020,13.0,1.1GHz,i5,,1024.0,SSD,,
,Retailer Trade-in,Switch,Mac,MacBook Air i5 1.1GHz 13 inch (Early 2020),2TB SSD,580,MacBook Air i5 1.1GHz 13 inch (Early 2020),2020.0,Mac,MacBook Air,,Early 2020,13.0,1.1GHz,i5,,2048.0,SSD,,
,Retailer Trade-in,Switch,Mac,MacBook Air i5 1.6GHz 13 inch (Early 2015),128GB SSD,50,MacBook Air i5 1.6GHz 13 inch (Early 2015),2015.0,Mac,MacBook Air,,Early 2015,13.0,1.6GHz,i5,,128.0,SSD,,
,Retailer Trade-in,Switch,Mac,MacBook Air i5 1.6GHz 13 inch (Early 2015),256GB SSD,50,MacBook Air i5 1.6GHz 13 inch (Early 2015),2015.0,Mac,MacBook Air,,Early 2015,13.0,1.6GHz,i5,,256.0,SSD,,
,Retailer Trade-in,Switch,Mac,MacBook Air i5 1.6GHz 13 inch (Early 2015),512GB SSD,50,MacBook Air i5 1.6GHz 13 inch (Early 2015),2015.0,Mac,MacBook Air,,Early 2015,13.0,1.6GHz,i5,,512.0,SSD,,
,Retailer Trade-in,Switch,Mac,MacBook Air i5 1.6GHz 13 inch (Late 2018),128GB SSD,250,MacBook Air i5 1.6GHz 13 inch (Late 2018),2018.0,Mac,MacBook Air,,Late 2018,13.0,1.6GHz,i5,,128.0,SSD,,
,Retailer Trade-in,Switch,Mac,MacBook Air i5 1.6GHz 13 inch (Late 2018),256GB SSD,350,MacBook Air i5 1.6GHz 13 inch (Late 2018),2018.0,Mac,MacBook Air,,Late 2018,13.0,1.6GHz,i5,,256.0,SSD,,
,Retailer Trade-in,Switch,Mac,MacBook Air i5 1.6GHz 13 inch (Late 2018),512GB SSD,400,MacBook Air i5 1.6GHz 13 inch (Late 2018),2018.0,Mac,MacBook Air,,Late 2018,13.0,1.6GHz,i5,,512.0,SSD,,
,Retailer Trade-in,Switch,Mac,MacBook Air i5 1.6GHz 13 inch (Late 2018),1.5TB SSD,450,MacBook Air i5 1.6GHz 13 inch (Late 2018),2018.0,Mac,MacBook Air,,Late 2018,13.0,1.6GHz,i5,,1536.0,SSD,,
,Retailer Trade-in,Switch,Mac,MacBook Air i5 1.6GHz 13 inch (Mid 2019),128GB SSD,410,MacBook Air i5 1.6GHz 13 inch (Mid 2019),2019.0,Mac,MacBook Air,,Mid 2019,13.0,1.6GHz,i5,,128.0,SSD,,
,Retailer Trade-in,Switch,Mac,MacBook Air i5 1.6GHz 13 inch (Mid 2019),256GB SSD,420,MacBook Air i5 1.6GHz 13 inch (Mid 2019),2019.0,Mac,MacBook Air,,Mid 2019,13.0,1.6GHz,i5,,256.0,SSD,,
,Retailer Trade-in,Switch,Mac,MacBook Air i5 1.6GHz 13 inch (Mid 2019),512GB SSD,490,MacBook Air i5 1.6GHz 13 inch (Mid 2019),2019.0,Mac,MacBook Air,,Mid 2019,13.0,1.6GHz,i5,,512.0,SSD,,
,Retailer Trade-in,Switch,Mac,MacBook Air i5 1.6GHz 13 inch (Mid 2019),1TB SSD,500,MacBook Air i5 1.6GHz 13 inch (Mid 2019),2019.0,Mac,MacBook Air,,Mid 2019,13.0,1.6GHz,i5,,1024.0,SSD,,
,Retailer Trade-in,Switch,Mac,MacBook Air i5 1.8GHz 13 inch (Mid 2017),128GB SSD,180,MacBook Air i5 1.8GHz 13 inch (Mid 2017),2017.0,Mac,MacBook Air,,Mid 2017,13.0,1.8GHz,i5,,128.0,SSD,,
,Retailer Trade-in,Switch,Mac,MacBook Air i5 1.8GHz 13 inch (Mid 2017),256GB SSD,230,MacBook Air i5 1.8GHz 13 inch (Mid 2017),2017.0,Mac,MacBook Air,,Mid 2017,13.0,1.8GHz,i5,,256.0,SSD,,
,Retailer Trade-in,Switch,Mac,MacBook Air i5 1.8GHz 13 inch (Mid 2017),512GB SSD,260,MacBook Air i5 1.8GHz 13 inch (Mid 2017),2017.0,Mac,MacBook Air,,Mid 2017,13.0,1.8GHz,i5,,512.0,SSD,,
,Retailer Trade-in,Switch,Mac,MacBook Air i7 1.2GHz 13 inch (Early 2020),256GB SSD,490,MacBook Air i7 1.2GHz 13 inch (Early 2020),2020.0,Mac,MacBook Air,,Early 2020,13.0,1.2GHz,i7,,256.0,SSD,,
,Retailer Trade-in,Switch,Mac,MacBook Air i7 1.2GHz 13 inch (Early 2020),512GB SSD,500,MacBook Air i7 1.2GHz 13 inch (Early 2020),2020.0,Mac,MacBook Air,,Early 2020,13.0,1.2GHz,i7,,512.0,SSD,,
,Retailer Trade-in,Switch,Mac,MacBook Air i7 1.2GHz 13 inch (Early 2020),1TB SSD,530,MacBook Air i7 1.2GHz 13 inch (Early 2020),2020.0,Mac,MacBook Air,,Early 2020,13.0,1.2GHz,i7,,1024.0,SSD,,
,Retailer Trade-in,Switch,Mac,MacBook Air i7 1.2GHz 13 inch (Early 2020),2TB SSD,600,MacBook Air i7 1.2GHz 13 inch (Early 2020),2020.0,Mac,MacBook Air,,Early 2020,13.0,1.2GHz,i7,,2048.0,SSD,,
,Retailer Trade-in,Switch,Mac,MacBook Air i7 2.2GHz 13 inch (Early 2015),128GB SSD,80,MacBook Air i7 2.2GHz 13 inch (Early 2015),2015.0,Mac,MacBook Air,,Early 2015,13.0,2.2GHz,i7,,128.0,SSD,,
,Retailer Trade-in,Switch,Mac,MacBook Air i7 2.2GHz 13 inch (Early 2015),256GB SSD,80,MacBook Air i7 2.2GHz 13 inch (Early 2015),2015.0,Mac,MacBook Air,,Early 2015,13.0,2.2GHz,i7,,256.0,SSD,,
,Retailer Trade-in,Switch,Mac,MacBook Air i7 2.2GHz 13 inch (Early 2015),512GB SSD,80,MacBook Air i7 2.2GHz 13 inch (Early 2015),2015.0,Mac,MacBook Air,,Early 2015,13.0,2.2GHz,i7,,512.0,SSD,,
,Retailer Trade-in,Switch,Mac,MacBook Air i7 2.2GHz 13 inch (Mid 2017),128GB SSD,260,MacBook Air i7 2.2GHz 13 inch (Mid 2017),2017.0,Mac,MacBook Air,,Mid 2017,13.0,2.2GHz,i7,,128.0,SSD,,
,Retailer Trade-in,Switch,Mac,MacBook Air i7 2.2GHz 13 inch (Mid 2017),256GB SSD,310,MacBook Air i7 2.2GHz 13 inch (Mid 2017),2017.0,Mac,MacBook Air,,Mid 2017,13.0,2.2GHz,i7,,256.0,SSD,,
,Retailer Trade-in,Switch,Mac,MacBook Air i7 2.2GHz 13 inch (Mid 2017),512GB SSD,430,MacBook Air i7 2.2GHz 13 inch (Mid 2017),2017.0,Mac,MacBook Air,,Mid 2017,13.0,2.2GHz,i7,,512.0,SSD,,
,Retailer Trade-in,Switch,Mac,MacBook Air M1 8-Core CPU and 7-Core GPU 13 inch (Late 2020),128GB SSD,460,MacBook Air M1 8-Core CPU and 7-Core GPU 13 inch (Late 2020),2020.0,Mac,MacBook Air,,Late 2020,13.0,,M1 ,,128.0,SSD,,
,Retailer Trade-in,Switch,Mac,MacBook Air M1 8-Core CPU and 7-Core GPU 13 inch (Late 2020),256GB SSD,560,MacBook Air M1 8-Core CPU and 7-Core GPU 13 inch (Late 2020),2020.0,Mac,MacBook Air,,Late 2020,13.0,,M1 ,,256.0,SSD,,
,Retailer Trade-in,Switch,Mac,MacBook Air M1 8-Core CPU and 7-Core GPU 13 inch (Late 2020),512GB SSD,570,MacBook Air M1 8-Core CPU and 7-Core GPU 13 inch (Late 2020),2020.0,Mac,MacBook Air,,Late 2020,13.0,,M1 ,,512.0,SSD,,
,Retailer Trade-in,Switch,Mac,MacBook Air M1 8-Core CPU and 7-Core GPU 13 inch (Late 2020),1TB SSD,580,MacBook Air M1 8-Core CPU and 7-Core GPU 13 inch (Late 2020),2020.0,Mac,MacBook Air,,Late 2020,13.0,,M1 ,,1024.0,SSD,,
,Retailer Trade-in,Switch,Mac,MacBook Air M1 8-Core CPU and 7-Core GPU 13 inch (Late 2020),2TB SSD,660,MacBook Air M1 8-Core CPU and 7-Core GPU 13 inch (Late 2020),2020.0,Mac,MacBook Air,,Late 2020,13.0,,M1 ,,2048.0,SSD,,
,Retailer Trade-in,Switch,Mac,MacBook Air M1 8-Core CPU and 8-Core GPU 13 inch (Late 2020),256GB SSD,580,MacBook Air M1 8-Core CPU and 8-Core GPU 13 inch (Late 2020),2020.0,Mac,MacBook Air,,Late 2020,13.0,,M1 ,,256.0,SSD,,
,Retailer Trade-in,Switch,Mac,MacBook Air M1 8-Core CPU and 8-Core GPU 13 inch (Late 2020),512GB SSD,610,MacBook Air M1 8-Core CPU and 8-Core GPU 13 inch (Late 2020),2020.0,Mac,MacBook Air,,Late 2020,13.0,,M1 ,,512.0,SSD,,
,Retailer Trade-in,Switch,Mac,MacBook Air M1 8-Core CPU and 8-Core GPU 13 inch (Late 2020),1TB SSD,680,MacBook Air M1 8-Core CPU and 8-Core GPU 13 inch (Late 2020),2020.0,Mac,MacBook Air,,Late 2020,13.0,,M1 ,,1024.0,SSD,,
,Retailer Trade-in,Switch,Mac,MacBook Air M1 8-Core CPU and 8-Core GPU 13 inch (Late 2020),2TB SSD,710,MacBook Air M1 8-Core CPU and 8-Core GPU 13 inch (Late 2020),2020.0,Mac,MacBook Air,,Late 2020,13.0,,M1 ,,2048.0,SSD,,
,Retailer Trade-in,Switch,Mac,MacBook Air M2 8-Core CPU and 10-Core GPU 13.6 inch (Mid 2022),256GB SSD,1210,MacBook Air M2 8-Core CPU and 10-Core GPU 13.6 inch (Mid 2022),2022.0,Mac,MacBook Air,,Mid 2022,13.6,,M2 ,,256.0,SSD,,
,Retailer Trade-in,Switch,Mac,MacBook Air M2 8-Core CPU and 10-Core GPU 13.6 inch (Mid 2022),512GB SSD,1400,MacBook Air M2 8-Core CPU and 10-Core GPU 13.6 inch (Mid 2022),2022.0,Mac,MacBook Air,,Mid 2022,13.6,,M2 ,,512.0,SSD,,
,Retailer Trade-in,Switch,Mac,MacBook Air M2 8-Core CPU and 10-Core GPU 13.6 inch (Mid 2022),1TB SSD,1560,MacBook Air M2 8-Core CPU and 10-Core GPU 13.6 inch (Mid 2022),2022.0,Mac,MacBook Air,,Mid 2022,13.6,,M2 ,,1024.0,SSD,,
,Retailer Trade-in,Switch,Mac,MacBook Air M2 8-Core CPU and 10-Core GPU 13.6 inch (Mid 2022),2TB SSD,2020,MacBook Air M2 8-Core CPU and 10-Core GPU 13.6 inch (Mid 2022),2022.0,Mac,MacBook Air,,Mid 2022,13.6,,M2 ,,2048.0,SSD,,
,Retailer Trade-in,Switch,Mac,MacBook Air M2 8-Core CPU and 10-Core GPU 15 inch (Mid 2023),256GB SSD,1860,MacBook Air M2 8-Core CPU and 10-Core GPU 15 inch (Mid 2023),2023.0,Mac,MacBook Air,,Mid 2023,15.0,,M2 ,,256.0,SSD,,
,Retailer Trade-in,Switch,Mac,MacBook Air M2 8-Core CPU and 10-Core GPU 15 inch (Mid 2023),512GB SSD,2020,MacBook Air M2 8-Core CPU and 10-Core GPU 15 inch (Mid 2023),2023.0,Mac,MacBook Air,,Mid 2023,15.0,,M2 ,,512.0,SSD,,
,Retailer Trade-in,Switch,Mac,MacBook Air M2 8-Core CPU and 10-Core GPU 15 inch (Mid 2023),1TB SSD,2250,MacBook Air M2 8-Core CPU and 10-Core GPU 15 inch (Mid 2023),2023.0,Mac,MacBook Air,,Mid 2023,15.0,,M2 ,,1024.0,SSD,,
,Retailer Trade-in,Switch,Mac,MacBook Air M2 8-Core CPU and 10-Core GPU 15 inch (Mid 2023),2TB SSD,2820,MacBook Air M2 8-Core CPU and 10-Core GPU 15 inch (Mid 2023),2023.0,Mac,MacBook Air,,Mid 2023,15.0,,M2 ,,2048.0,SSD,,
,Retailer Trade-in,Switch,Mac,MacBook Air M2 8-Core CPU and 8-Core GPU 13.6 inch (Mid 2022),256GB SSD,1210,MacBook Air M2 8-Core CPU and 8-Core GPU 13.6 inch (Mid 2022),2022.0,Mac,MacBook Air,,Mid 2022,13.6,,M2 ,,256.0,SSD,,
,Retailer Trade-in,Switch,Mac,MacBook Air M2 8-Core CPU and 8-Core GPU 13.6 inch (Mid 2022),512GB SSD,1400,MacBook Air M2 8-Core CPU and 8-Core GPU 13.6 inch (Mid 2022),2022.0,Mac,MacBook Air,,Mid 2022,13.6,,M2 ,,512.0,SSD,,
,Retailer Trade-in,Switch,Mac,MacBook Air M2 8-Core CPU and 8-Core GPU 13.6 inch (Mid 2022),1TB SSD,1560,MacBook Air M2 8-Core CPU and 8-Core GPU 13.6 inch (Mid 2022),2022.0,Mac,MacBook Air,,Mid 2022,13.6,,M2 ,,1024.0,SSD,,
,Retailer Trade-in,Switch,Mac,MacBook Air M2 8-Core CPU and 8-Core GPU 13.6 inch (Mid 2022),2TB SSD,1900,MacBook Air M2 8-Core CPU and 8-Core GPU 13.6 inch (Mid 2022),2022.0,Mac,MacBook Air,,Mid 2022,13.6,,M2 ,,2048.0,SSD,,
,Retailer Trade-in,Switch,Mac,MacBook Air M3 8-Core CPU and 10-Core GPU 13.6 inch (Early 2024),256GB SSD,1980,MacBook Air M3 8-Core CPU and 10-Core GPU 13.6 inch (Early 2024),2024.0,Mac,MacBook Air,,Early 2024,13.6,,M3 ,,256.0,SSD,,
,Retailer Trade-in,Switch,Mac,MacBook Air M3 8-Core CPU and 10-Core GPU 13.6 inch (Early 2024),512GB SSD,2160,MacBook Air M3 8-Core CPU and 10-Core GPU 13.6 inch (Early 2024),2024.0,Mac,MacBook Air,,Early 2024,13.6,,M3 ,,512.0,SSD,,
,Retailer Trade-in,Switch,Mac,MacBook Air M3 8-Core CPU and 10-Core GPU 13.6 inch (Early 2024),1TB SSD,2480,MacBook Air M3 8-Core CPU and 10-Core GPU 13.6 inch (Early 2024),2024.0,Mac,MacBook Air,,Early 2024,13.6,,M3 ,,1024.0,SSD,,
,Retailer Trade-in,Switch,Mac,MacBook Air M3 8-Core CPU and 10-Core GPU 13.6 inch (Early 2024),2TB SSD,3100,MacBook Air M3 8-Core CPU and 10-Core GPU 13.6 inch (Early 2024),2024.0,Mac,MacBook Air,,Early 2024,13.6,,M3 ,,2048.0,SSD,,
,Retailer Trade-in,Switch,Mac,MacBook Air M3 8-Core CPU and 10-Core GPU 15 inch (Early 2024),256GB SSD,2300,MacBook Air M3 8-Core CPU and 10-Core GPU 15 inch (Early 2024),2024.0,Mac,MacBook Air,,Early 2024,15.0,,M3 ,,256.0,SSD,,
,Retailer Trade-in,Switch,Mac,MacBook Air M3 8-Core CPU and 10-Core GPU 15 inch (Early 2024),512GB SSD,2540,MacBook Air M3 8-Core CPU and 10-Core GPU 15 inch (Early 2024),2024.0,Mac,MacBook Air,,Early 2024,15.0,,M3 ,,512.0,SSD,,
,Retailer Trade-in,Switch,Mac,MacBook Air M3 8-Core CPU and 10-Core GPU 15 inch (Early 2024),1TB SSD,3170,MacBook Air M3 8-Core CPU and 10-Core GPU 15 inch (Early 2024),2024.0,Mac,MacBook Air,,Early 2024,15.0,,M3 ,,1024.0,SSD,,
,Retailer Trade-in,Switch,Mac,MacBook Air M3 8-Core CPU and 10-Core GPU 15 inch (Early 2024),2TB SSD,3450,MacBook Air M3 8-Core CPU and 10-Core GPU 15 inch (Early 2024),2024.0,Mac,MacBook Air,,Early 2024,15.0,,M3 ,,2048.0,SSD,,
,Retailer Trade-in,Switch,Mac,MacBook Air M3 8-Core CPU and 8-Core GPU 13.6 inch (Early 2024),256GB SSD,1970,MacBook Air M3 8-Core CPU and 8-Core GPU 13.6 inch (Early 2024),2024.0,Mac,MacBook Air,,Early 2024,13.6,,M3 ,,256.0,SSD,,
,Retailer Trade-in,Switch,Mac,MacBook i5 1.3GHz 12 inch (Mid 2017),256GB SSD,280,MacBook i5 1.3GHz 12 inch (Mid 2017),2017.0,Mac,MacBook,,Mid 2017,12.0,1.3GHz,i5,,256.0,SSD,,
,Retailer Trade-in,Switch,Mac,MacBook i5 1.3GHz 12 inch (Mid 2017),512GB SSD,330,MacBook i5 1.3GHz 12 inch (Mid 2017),2017.0,Mac,MacBook,,Mid 2017,12.0,1.3GHz,i5,,512.0,SSD,,
,Retailer Trade-in,Switch,Mac,MacBook i7 1.4GHz 12 inch (Mid 2017),256GB SSD,330,MacBook i7 1.4GHz 12 inch (Mid 2017),2017.0,Mac,MacBook,,Mid 2017,12.0,1.4GHz,i7,,256.0,SSD,,
,Retailer Trade-in,Switch,Mac,MacBook i7 1.4GHz 12 inch (Mid 2017),512GB SSD,380,MacBook i7 1.4GHz 12 inch (Mid 2017),2017.0,Mac,MacBook,,Mid 2017,12.0,1.4GHz,i7,,512.0,SSD,,
,Retailer Trade-in,Switch,Mac,MacBook m3 1.1GHz 12 inch (Early 2016),256GB SSD,120,MacBook m3 1.1GHz 12 inch (Early 2016),2016.0,Mac,MacBook,,Early 2016,12.0,1.1GHz,M3 ,,256.0,SSD,,
,Retailer Trade-in,Switch,Mac,MacBook m3 1.2GHz 12 inch (Mid 2017),256GB SSD,280,MacBook m3 1.2GHz 12 inch (Mid 2017),2017.0,Mac,MacBook,,Mid 2017,12.0,1.2GHz,M3 ,,256.0,SSD,,
,Retailer Trade-in,Switch,Mac,MacBook m5 1.2GHz 12 inch (Early 2016),512GB SSD,250,MacBook m5 1.2GHz 12 inch (Early 2016),2016.0,Mac,MacBook,,Early 2016,12.0,1.2GHz,,,512.0,SSD,,
,Retailer Trade-in,Switch,Mac,MacBook m7 1.3GHz 12 inch (Early 2016),256GB SSD,190,MacBook m7 1.3GHz 12 inch (Early 2016),2016.0,Mac,MacBook,,Early 2016,12.0,1.3GHz,,,256.0,SSD,,
,Retailer Trade-in,Switch,Mac,MacBook m7 1.3GHz 12 inch (Early 2016),512GB SSD,250,MacBook m7 1.3GHz 12 inch (Early 2016),2016.0,Mac,MacBook,,Early 2016,12.0,1.3GHz,,,512.0,SSD,,
,Retailer Trade-in,Switch,Mac,MacBook Pro 14 inch M1 Max 10-Core CPU & 24-Core GPU (2021),512GB SSD,2520,MacBook Pro 14 inch M1 Max 10-Core CPU & 24-Core GPU (2021),2021.0,Mac,MacBook Pro,,2021,14.0,,M1 Max,,512.0,SSD,,
,Retailer Trade-in,Switch,Mac,MacBook Pro 14 inch M1 Max 10-Core CPU & 24-Core GPU (2021),1TB SSD,2680,MacBook Pro 14 inch M1 Max 10-Core CPU & 24-Core GPU (2021),2021.0,Mac,MacBook Pro,,2021,14.0,,M1 Max,,1024.0,SSD,,
,Retailer Trade-in,Switch,Mac,MacBook Pro 14 inch M1 Max 10-Core CPU & 24-Core GPU (2021),2TB SSD,2680,MacBook Pro 14 inch M1 Max 10-Core CPU & 24-Core GPU (2021),2021.0,Mac,MacBook Pro,,2021,14.0,,M1 Max,,2048.0,SSD,,
,Retailer Trade-in,Switch,Mac,MacBook Pro 14 inch M1 Max 10-Core CPU & 24-Core GPU (2021),4TB SSD,3510,MacBook Pro 14 inch M1 Max 10-Core CPU & 24-Core GPU (2021),2021.0,Mac,MacBook Pro,,2021,14.0,,M1 Max,,4096.0,SSD,,
,Retailer Trade-in,Switch,Mac,MacBook Pro 14 inch M1 Max 10-Core CPU & 24-Core GPU (2021),8TB SSD,4380,MacBook Pro 14 inch M1 Max 10-Core CPU & 24-Core GPU (2021),2021.0,Mac,MacBook Pro,,2021,14.0,,M1 Max,,8192.0,SSD,,
,Retailer Trade-in,Switch,Mac,MacBook Pro 14 inch M1 Max 10-Core CPU and 32-Core GPU (2021),512GB SSD,2690,MacBook Pro 14 inch M1 Max 10-Core CPU and 32-Core GPU (2021),2021.0,Mac,MacBook Pro,,2021,14.0,,M1 Max,,512.0,SSD,,
,Retailer Trade-in,Switch,Mac,MacBook Pro 14 inch M1 Max 10-Core CPU and 32-Core GPU (2021),1TB SSD,2780,MacBook Pro 14 inch M1 Max 10-Core CPU and 32-Core GPU (2021),2021.0,Mac,MacBook Pro,,2021,14.0,,M1 Max,,1024.0,SSD,,
,Retailer Trade-in,Switch,Mac,MacBook Pro 14 inch M1 Max 10-Core CPU and 32-Core GPU (2021),2TB SSD,3130,MacBook Pro 14 inch M1 Max 10-Core CPU and 32-Core GPU (2021),2021.0,Mac,MacBook Pro,,2021,14.0,,M1 Max,,2048.0,SSD,,
,Retailer Trade-in,Switch,Mac,MacBook Pro 14 inch M1 Max 10-Core CPU and 32-Core GPU (2021),4TB SSD,3580,MacBook Pro 14 inch M1 Max 10-Core CPU and 32-Core GPU (2021),2021.0,Mac,MacBook Pro,,2021,14.0,,M1 Max,,4096.0,SSD,,
,Retailer Trade-in,Switch,Mac,MacBook Pro 14 inch M1 Max 10-Core CPU and 32-Core GPU (2021),8TB SSD,4550,MacBook Pro 14 inch M1 Max 10-Core CPU and 32-Core GPU (2021),2021.0,Mac,MacBook Pro,,2021,14.0,,M1 Max,,8192.0,SSD,,
,Retailer Trade-in,Switch,Mac,MacBook Pro 14 inch M1 Pro 10-Core CPU & 14-Core GPU (2021),512GB SSD,1980,MacBook Pro 14 inch M1 Pro 10-Core CPU & 14-Core GPU (2021),2021.0,Mac,MacBook Pro,,2021,14.0,,M1 pro,,512.0,SSD,,
,Retailer Trade-in,Switch,Mac,MacBook Pro 14 inch M1 Pro 10-Core CPU & 14-Core GPU (2021),1TB SSD,2170,MacBook Pro 14 inch M1 Pro 10-Core CPU & 14-Core GPU (2021),2021.0,Mac,MacBook Pro,,2021,14.0,,M1 pro,,1024.0,SSD,,
,Retailer Trade-in,Switch,Mac,MacBook Pro 14 inch M1 Pro 10-Core CPU & 14-Core GPU (2021),2TB SSD,2410,MacBook Pro 14 inch M1 Pro 10-Core CPU & 14-Core GPU (2021),2021.0,Mac,MacBook Pro,,2021,14.0,,M1 pro,,2048.0,SSD,,
,Retailer Trade-in,Switch,Mac,MacBook Pro 14 inch M1 Pro 10-Core CPU & 14-Core GPU (2021),4TB SSD,2890,MacBook Pro 14 inch M1 Pro 10-Core CPU & 14-Core GPU (2021),2021.0,Mac,MacBook Pro,,2021,14.0,,M1 pro,,4096.0,SSD,,
,Retailer Trade-in,Switch,Mac,MacBook Pro 14 inch M1 Pro 10-Core CPU & 14-Core GPU (2021),8TB SSD,3970,MacBook Pro 14 inch M1 Pro 10-Core CPU & 14-Core GPU (2021),2021.0,Mac,MacBook Pro,,2021,14.0,,M1 pro,,8192.0,SSD,,
,Retailer Trade-in,Switch,Mac,MacBook Pro 14 inch M1 Pro 10-Core CPU & 16-Core GPU (2021),512GB SSD,2120,MacBook Pro 14 inch M1 Pro 10-Core CPU & 16-Core GPU (2021),2021.0,Mac,MacBook Pro,,2021,14.0,,M1 pro,,512.0,SSD,,
,Retailer Trade-in,Switch,Mac,MacBook Pro 14 inch M1 Pro 10-Core CPU & 16-Core GPU (2021),1TB SSD,2300,MacBook Pro 14 inch M1 Pro 10-Core CPU & 16-Core GPU (2021),2021.0,Mac,MacBook Pro,,2021,14.0,,M1 pro,,1024.0,SSD,,
,Retailer Trade-in,Switch,Mac,MacBook Pro 14 inch M1 Pro 10-Core CPU & 16-Core GPU (2021),2TB SSD,2560,MacBook Pro 14 inch M1 Pro 10-Core CPU & 16-Core GPU (2021),2021.0,Mac,MacBook Pro,,2021,14.0,,M1 pro,,2048.0,SSD,,
,Retailer Trade-in,Switch,Mac,MacBook Pro 14 inch M1 Pro 10-Core CPU & 16-Core GPU (2021),4TB SSD,3070,MacBook Pro 14 inch M1 Pro 10-Core CPU & 16-Core GPU (2021),2021.0,Mac,MacBook Pro,,2021,14.0,,M1 pro,,4096.0,SSD,,
,Retailer Trade-in,Switch,Mac,MacBook Pro 14 inch M1 Pro 10-Core CPU & 16-Core GPU (2021),8TB SSD,4090,MacBook Pro 14 inch M1 Pro 10-Core CPU & 16-Core GPU (2021),2021.0,Mac,MacBook Pro,,2021,14.0,,M1 pro,,8192.0,SSD,,
,Retailer Trade-in,Switch,Mac,MacBook Pro 14 inch M1 Pro 8-Core CPU & 14-Core GPU (2021),512GB SSD,1840,MacBook Pro 14 inch M1 Pro 8-Core CPU & 14-Core GPU (2021),2021.0,Mac,MacBook Pro,,2021,14.0,,M1 pro,,512.0,SSD,,
,Retailer Trade-in,Switch,Mac,MacBook Pro 14 inch M1 Pro 8-Core CPU & 14-Core GPU (2021),1TB SSD,2050,MacBook Pro 14 inch M1 Pro 8-Core CPU & 14-Core GPU (2021),2021.0,Mac,MacBook Pro,,2021,14.0,,M1 pro,,1024.0,SSD,,
,Retailer Trade-in,Switch,Mac,MacBook Pro 14 inch M1 Pro 8-Core CPU & 14-Core GPU (2021),2TB SSD,2070,MacBook Pro 14 inch M1 Pro 8-Core CPU & 14-Core GPU (2021),2021.0,Mac,MacBook Pro,,2021,14.0,,M1 pro,,2048.0,SSD,,
,Retailer Trade-in,Switch,Mac,MacBook Pro 14 inch M1 Pro 8-Core CPU & 14-Core GPU (2021),4TB SSD,2510,MacBook Pro 14 inch M1 Pro 8-Core CPU & 14-Core GPU (2021),2021.0,Mac,MacBook Pro,,2021,14.0,,M1 pro,,4096.0,SSD,,
,Retailer Trade-in,Switch,Mac,MacBook Pro 14 inch M1 Pro 8-Core CPU & 14-Core GPU (2021),8TB SSD,3700,MacBook Pro 14 inch M1 Pro 8-Core CPU & 14-Core GPU (2021),2021.0,Mac,MacBook Pro,,2021,14.0,,M1 pro,,8192.0,SSD,,
,Retailer Trade-in,Switch,Mac,MacBook Pro 16 inch M1 Max 10-Core CPU & 24-Core GPU (2021),512GB SSD,2700,MacBook Pro 16 inch M1 Max 10-Core CPU & 24-Core GPU (2021),2021.0,Mac,MacBook Pro,,2021,16.0,,M1 Max,,512.0,SSD,,
,Retailer Trade-in,Switch,Mac,MacBook Pro 16 inch M1 Max 10-Core CPU & 24-Core GPU (2021),1TB SSD,2750,MacBook Pro 16 inch M1 Max 10-Core CPU & 24-Core GPU (2021),2021.0,Mac,MacBook Pro,,2021,16.0,,M1 Max,,1024.0,SSD,,
,Retailer Trade-in,Switch,Mac,MacBook Pro 16 inch M1 Max 10-Core CPU & 24-Core GPU (2021),2TB SSD,3090,MacBook Pro 16 inch M1 Max 10-Core CPU & 24-Core GPU (2021),2021.0,Mac,MacBook Pro,,2021,16.0,,M1 Max,,2048.0,SSD,,
,Retailer Trade-in,Switch,Mac,MacBook Pro 16 inch M1 Max 10-Core CPU & 24-Core GPU (2021),4TB SSD,3590,MacBook Pro 16 inch M1 Max 10-Core CPU & 24-Core GPU (2021),2021.0,Mac,MacBook Pro,,2021,16.0,,M1 Max,,4096.0,SSD,,
,Retailer Trade-in,Switch,Mac,MacBook Pro 16 inch M1 Max 10-Core CPU & 24-Core GPU (2021),8TB SSD,4610,MacBook Pro 16 inch M1 Max 10-Core CPU & 24-Core GPU (2021),2021.0,Mac,MacBook Pro,,2021,16.0,,M1 Max,,8192.0,SSD,,
,Retailer Trade-in,Switch,Mac,MacBook Pro 16 inch M1 Max 10-Core CPU & 32-Core GPU (2021),512GB SSD,2720,MacBook Pro 16 inch M1 Max 10-Core CPU & 32-Core GPU (2021),2021.0,Mac,MacBook Pro,,2021,16.0,,M1 Max,,512.0,SSD,,
,Retailer Trade-in,Switch,Mac,MacBook Pro 16 inch M1 Max 10-Core CPU & 32-Core GPU (2021),1TB SSD,2920,MacBook Pro 16 inch M1 Max 10-Core CPU & 32-Core GPU (2021),2021.0,Mac,MacBook Pro,,2021,16.0,,M1 Max,,1024.0,SSD,,
,Retailer Trade-in,Switch,Mac,MacBook Pro 16 inch M1 Max 10-Core CPU & 32-Core GPU (2021),2TB SSD,3260,MacBook Pro 16 inch M1 Max 10-Core CPU & 32-Core GPU (2021),2021.0,Mac,MacBook Pro,,2021,16.0,,M1 Max,,2048.0,SSD,,
,Retailer Trade-in,Switch,Mac,MacBook Pro 16 inch M1 Max 10-Core CPU & 32-Core GPU (2021),4TB SSD,3800,MacBook Pro 16 inch M1 Max 10-Core CPU & 32-Core GPU (2021),2021.0,Mac,MacBook Pro,,2021,16.0,,M1 Max,,4096.0,SSD,,
,Retailer Trade-in,Switch,Mac,MacBook Pro 16 inch M1 Max 10-Core CPU & 32-Core GPU (2021),8TB SSD,4770,MacBook Pro 16 inch M1 Max 10-Core CPU & 32-Core GPU (2021),2021.0,Mac,MacBook Pro,,2021,16.0,,M1 Max,,8192.0,SSD,,
,Retailer Trade-in,Switch,Mac,MacBook Pro 16 inch M1 Pro 10-Core CPU & 16-Core GPU (2021),512GB SSD,2150,MacBook Pro 16 inch M1 Pro 10-Core CPU & 16-Core GPU (2021),2021.0,Mac,MacBook Pro,,2021,16.0,,M1 pro,,512.0,SSD,,
,Retailer Trade-in,Switch,Mac,MacBook Pro 16 inch M1 Pro 10-Core CPU & 16-Core GPU (2021),1TB SSD,2320,MacBook Pro 16 inch M1 Pro 10-Core CPU & 16-Core GPU (2021),2021.0,Mac,MacBook Pro,,2021,16.0,,M1 pro,,1024.0,SSD,,
,Retailer Trade-in,Switch,Mac,MacBook Pro 16 inch M1 Pro 10-Core CPU & 16-Core GPU (2021),2TB SSD,2680,MacBook Pro 16 inch M1 Pro 10-Core CPU & 16-Core GPU (2021),2021.0,Mac,MacBook Pro,,2021,16.0,,M1 pro,,2048.0,SSD,,
,Retailer Trade-in,Switch,Mac,MacBook Pro 16 inch M1 Pro 10-Core CPU & 16-Core GPU (2021),4TB SSD,3100,MacBook Pro 16 inch M1 Pro 10-Core CPU & 16-Core GPU (2021),2021.0,Mac,MacBook Pro,,2021,16.0,,M1 pro,,4096.0,SSD,,
,Retailer Trade-in,Switch,Mac,MacBook Pro 16 inch M1 Pro 10-Core CPU & 16-Core GPU (2021),8TB SSD,3400,MacBook Pro 16 inch M1 Pro 10-Core CPU & 16-Core GPU (2021),2021.0,Mac,MacBook Pro,,2021,16.0,,M1 pro,,8192.0,SSD,,
,Retailer Trade-in,Switch,Mac,MacBook Pro i5 1.4GHz 13 inch (Mid 2019),128GB SSD,420,MacBook Pro i5 1.4GHz 13 inch (Mid 2019),2019.0,Mac,MacBook Pro,,Mid 2019,13.0,1.4GHz,i5,,128.0,SSD,,
,Retailer Trade-in,Switch,Mac,MacBook Pro i5 1.4GHz 13 inch (Mid 2019),256GB SSD,520,MacBook Pro i5 1.4GHz 13 inch (Mid 2019),2019.0,Mac,MacBook Pro,,Mid 2019,13.0,1.4GHz,i5,,256.0,SSD,,
,Retailer Trade-in,Switch,Mac,MacBook Pro i5 1.4GHz 13 inch (Mid 2019),512GB SSD,570,MacBook Pro i5 1.4GHz 13 inch (Mid 2019),2019.0,Mac,MacBook Pro,,Mid 2019,13.0,1.4GHz,i5,,512.0,SSD,,
,Retailer Trade-in,Switch,Mac,MacBook Pro i5 1.4GHz 13 inch (Mid 2019),1TB SSD,640,MacBook Pro i5 1.4GHz 13 inch (Mid 2019),2019.0,Mac,MacBook Pro,,Mid 2019,13.0,1.4GHz,i5,,1024.0,SSD,,
,Retailer Trade-in,Switch,Mac,MacBook Pro i5 1.4GHz 13 inch (Mid 2019),2TB SSD,690,MacBook Pro i5 1.4GHz 13 inch (Mid 2019),2019.0,Mac,MacBook Pro,,Mid 2019,13.0,1.4GHz,i5,,2048.0,SSD,,
,Retailer Trade-in,Switch,Mac,MacBook Pro i5 1.4GHz 13 inch (Mid 2020),256GB SSD,660,MacBook Pro i5 1.4GHz 13 inch (Mid 2020),2020.0,Mac,MacBook Pro,,Mid 2020,13.0,1.4GHz,i5,,256.0,SSD,,
,Retailer Trade-in,Switch,Mac,MacBook Pro i5 1.4GHz 13 inch (Mid 2020),512GB SSD,710,MacBook Pro i5 1.4GHz 13 inch (Mid 2020),2020.0,Mac,MacBook Pro,,Mid 2020,13.0,1.4GHz,i5,,512.0,SSD,,
,Retailer Trade-in,Switch,Mac,MacBook Pro i5 1.4GHz 13 inch (Mid 2020),1TB SSD,760,MacBook Pro i5 1.4GHz 13 inch (Mid 2020),2020.0,Mac,MacBook Pro,,Mid 2020,13.0,1.4GHz,i5,,1024.0,SSD,,
,Retailer Trade-in,Switch,Mac,MacBook Pro i5 1.4GHz 13 inch (Mid 2020),2TB SSD,780,MacBook Pro i5 1.4GHz 13 inch (Mid 2020),2020.0,Mac,MacBook Pro,,Mid 2020,13.0,1.4GHz,i5,,2048.0,SSD,,
,Retailer Trade-in,Switch,Mac,MacBook Pro i5 2.0GHz 13 inch (Late 2016),256GB SSD,250,MacBook Pro i5 2.0GHz 13 inch (Late 2016),2016.0,Mac,MacBook Pro,,Late 2016,13.0,2.0GHz,i5,,256.0,SSD,,
,Retailer Trade-in,Switch,Mac,MacBook Pro i5 2.0GHz 13 inch (Late 2016),512GB SSD,300,MacBook Pro i5 2.0GHz 13 inch (Late 2016),2016.0,Mac,MacBook Pro,,Late 2016,13.0,2.0GHz,i5,,512.0,SSD,,
,Retailer Trade-in,Switch,Mac,MacBook Pro i5 2.0GHz 13 inch (Late 2016),1TB SSD,350,MacBook Pro i5 2.0GHz 13 inch (Late 2016),2016.0,Mac,MacBook Pro,,Late 2016,13.0,2.0GHz,i5,,1024.0,SSD,,
,Retailer Trade-in,Switch,Mac,MacBook Pro i5 2.0GHz 13 inch (Mid 2020),512GB SSD,760,MacBook Pro i5 2.0GHz 13 inch (Mid 2020),2020.0,Mac,MacBook Pro,,Mid 2020,13.0,2.0GHz,i5,,512.0,SSD,,
,Retailer Trade-in,Switch,Mac,MacBook Pro i5 2.0GHz 13 inch (Mid 2020),1TB SSD,830,MacBook Pro i5 2.0GHz 13 inch (Mid 2020),2020.0,Mac,MacBook Pro,,Mid 2020,13.0,2.0GHz,i5,,1024.0,SSD,,
,Retailer Trade-in,Switch,Mac,MacBook Pro i5 2.0GHz 13 inch (Mid 2020),2TB SSD,920,MacBook Pro i5 2.0GHz 13 inch (Mid 2020),2020.0,Mac,MacBook Pro,,Mid 2020,13.0,2.0GHz,i5,,2048.0,SSD,,
,Retailer Trade-in,Switch,Mac,MacBook Pro i5 2.0GHz 13 inch (Mid 2020),4TB SSD,1050,MacBook Pro i5 2.0GHz 13 inch (Mid 2020),2020.0,Mac,MacBook Pro,,Mid 2020,13.0,2.0GHz,i5,,4096.0,SSD,,
,Retailer Trade-in,Switch,Mac,MacBook Pro i5 2.3GHz 13 inch (Mid 2017),128GB SSD,350,MacBook Pro i5 2.3GHz 13 inch (Mid 2017),2017.0,Mac,MacBook Pro,,Mid 2017,13.0,2.3GHz,i5,,128.0,SSD,,
,Retailer Trade-in,Switch,Mac,MacBook Pro i5 2.3GHz 13 inch (Mid 2017),256GB SSD,450,MacBook Pro i5 2.3GHz 13 inch (Mid 2017),2017.0,Mac,MacBook Pro,,Mid 2017,13.0,2.3GHz,i5,,256.0,SSD,,
,Retailer Trade-in,Switch,Mac,MacBook Pro i5 2.3GHz 13 inch (Mid 2017),512GB SSD,500,MacBook Pro i5 2.3GHz 13 inch (Mid 2017),2017.0,Mac,MacBook Pro,,Mid 2017,13.0,2.3GHz,i5,,512.0,SSD,,
,Retailer Trade-in,Switch,Mac,MacBook Pro i5 2.3GHz 13 inch (Mid 2017),1TB SSD,550,MacBook Pro i5 2.3GHz 13 inch (Mid 2017),2017.0,Mac,MacBook Pro,,Mid 2017,13.0,2.3GHz,i5,,1024.0,SSD,,
,Retailer Trade-in,Switch,Mac,MacBook Pro i5 2.3GHz 13 inch (Mid 2018),256GB SSD,500,MacBook Pro i5 2.3GHz 13 inch (Mid 2018),2018.0,Mac,MacBook Pro,,Mid 2018,13.0,2.3GHz,i5,,256.0,SSD,,
,Retailer Trade-in,Switch,Mac,MacBook Pro i5 2.3GHz 13 inch (Mid 2018),512GB SSD,600,MacBook Pro i5 2.3GHz 13 inch (Mid 2018),2018.0,Mac,MacBook Pro,,Mid 2018,13.0,2.3GHz,i5,,512.0,SSD,,
,Retailer Trade-in,Switch,Mac,MacBook Pro i5 2.3GHz 13 inch (Mid 2018),1TB SSD,700,MacBook Pro i5 2.3GHz 13 inch (Mid 2018),2018.0,Mac,MacBook Pro,,Mid 2018,13.0,2.3GHz,i5,,1024.0,SSD,,
,Retailer Trade-in,Switch,Mac,MacBook Pro i5 2.3GHz 13 inch (Mid 2018),2TB SSD,770,MacBook Pro i5 2.3GHz 13 inch (Mid 2018),2018.0,Mac,MacBook Pro,,Mid 2018,13.0,2.3GHz,i5,,2048.0,SSD,,
,Retailer Trade-in,Switch,Mac,MacBook Pro i5 2.4GHz 13 inch (Mid 2019),256GB SSD,690,MacBook Pro i5 2.4GHz 13 inch (Mid 2019),2019.0,Mac,MacBook Pro,,Mid 2019,13.0,2.4GHz,i5,,256.0,SSD,,
,Retailer Trade-in,Switch,Mac,MacBook Pro i5 2.4GHz 13 inch (Mid 2019),512GB SSD,700,MacBook Pro i5 2.4GHz 13 inch (Mid 2019),2019.0,Mac,MacBook Pro,,Mid 2019,13.0,2.4GHz,i5,,512.0,SSD,,
,Retailer Trade-in,Switch,Mac,MacBook Pro i5 2.4GHz 13 inch (Mid 2019),1TB SSD,730,MacBook Pro i5 2.4GHz 13 inch (Mid 2019),2019.0,Mac,MacBook Pro,,Mid 2019,13.0,2.4GHz,i5,,1024.0,SSD,,
,Retailer Trade-in,Switch,Mac,MacBook Pro i5 2.4GHz 13 inch (Mid 2019),2TB SSD,760,MacBook Pro i5 2.4GHz 13 inch (Mid 2019),2019.0,Mac,MacBook Pro,,Mid 2019,13.0,2.4GHz,i5,,2048.0,SSD,,
,Retailer Trade-in,Switch,Mac,MacBook Pro i5 2.7GHz 13 inch (Early 2015),128GB SSD,80,MacBook Pro i5 2.7GHz 13 inch (Early 2015),2015.0,Mac,MacBook Pro,,Early 2015,13.0,2.7GHz,i5,,128.0,SSD,,
,Retailer Trade-in,Switch,Mac,MacBook Pro i5 2.7GHz 13 inch (Early 2015),256GB SSD,80,MacBook Pro i5 2.7GHz 13 inch (Early 2015),2015.0,Mac,MacBook Pro,,Early 2015,13.0,2.7GHz,i5,,256.0,SSD,,
,Retailer Trade-in,Switch,Mac,MacBook Pro i5 2.7GHz 13 inch (Early 2015),512GB SSD,120,MacBook Pro i5 2.7GHz 13 inch (Early 2015),2015.0,Mac,MacBook Pro,,Early 2015,13.0,2.7GHz,i5,,512.0,SSD,,
,Retailer Trade-in,Switch,Mac,MacBook Pro i5 2.7GHz 13 inch (Early 2015),1TB SSD,120,MacBook Pro i5 2.7GHz 13 inch (Early 2015),2015.0,Mac,MacBook Pro,,Early 2015,13.0,2.7GHz,i5,,1024.0,SSD,,
,Retailer Trade-in,Switch,Mac,MacBook Pro i5 2.9GHz 13 inch (Early 2015),128GB SSD,120,MacBook Pro i5 2.9GHz 13 inch (Early 2015),2015.0,Mac,MacBook Pro,,Early 2015,13.0,2.9GHz,i5,,128.0,SSD,,
,Retailer Trade-in,Switch,Mac,MacBook Pro i5 2.9GHz 13 inch (Early 2015),256GB SSD,120,MacBook Pro i5 2.9GHz 13 inch (Early 2015),2015.0,Mac,MacBook Pro,,Early 2015,13.0,2.9GHz,i5,,256.0,SSD,,
,Retailer Trade-in,Switch,Mac,MacBook Pro i5 2.9GHz 13 inch (Early 2015),512GB SSD,120,MacBook Pro i5 2.9GHz 13 inch (Early 2015),2015.0,Mac,MacBook Pro,,Early 2015,13.0,2.9GHz,i5,,512.0,SSD,,
,Retailer Trade-in,Switch,Mac,MacBook Pro i5 2.9GHz 13 inch (Early 2015),1TB SSD,120,MacBook Pro i5 2.9GHz 13 inch (Early 2015),2015.0,Mac,MacBook Pro,,Early 2015,13.0,2.9GHz,i5,,1024.0,SSD,,
,Retailer Trade-in,Switch,Mac,MacBook Pro i5 2.9GHz 13 inch (Late 2016),256GB SSD,400,MacBook Pro i5 2.9GHz 13 inch (Late 2016),2016.0,Mac,MacBook Pro,,Late 2016,13.0,2.9GHz,i5,,256.0,SSD,,
,Retailer Trade-in,Switch,Mac,MacBook Pro i5 2.9GHz 13 inch (Late 2016),512GB SSD,450,MacBook Pro i5 2.9GHz 13 inch (Late 2016),2016.0,Mac,MacBook Pro,,Late 2016,13.0,2.9GHz,i5,,512.0,SSD,,
,Retailer Trade-in,Switch,Mac,MacBook Pro i5 2.9GHz 13 inch (Late 2016),1TB SSD,460,MacBook Pro i5 2.9GHz 13 inch (Late 2016),2016.0,Mac,MacBook Pro,,Late 2016,13.0,2.9GHz,i5,,1024.0,SSD,,
,Retailer Trade-in,Switch,Mac,MacBook Pro i5 3.1GHz 13 inch (Late 2016),256GB SSD,470,MacBook Pro i5 3.1GHz 13 inch (Late 2016),2016.0,Mac,MacBook Pro,,Late 2016,13.0,3.1GHz,i5,,256.0,SSD,,
,Retailer Trade-in,Switch,Mac,MacBook Pro i5 3.1GHz 13 inch (Late 2016),512GB SSD,480,MacBook Pro i5 3.1GHz 13 inch (Late 2016),2016.0,Mac,MacBook Pro,,Late 2016,13.0,3.1GHz,i5,,512.0,SSD,,
,Retailer Trade-in,Switch,Mac,MacBook Pro i5 3.1GHz 13 inch (Late 2016),1TB SSD,490,MacBook Pro i5 3.1GHz 13 inch (Late 2016),2016.0,Mac,MacBook Pro,,Late 2016,13.0,3.1GHz,i5,,1024.0,SSD,,
,Retailer Trade-in,Switch,Mac,MacBook Pro i5 3.1GHz 13 inch (Mid 2017),256GB SSD,500,MacBook Pro i5 3.1GHz 13 inch (Mid 2017),2017.0,Mac,MacBook Pro,,Mid 2017,13.0,3.1GHz,i5,,256.0,SSD,,
,Retailer Trade-in,Switch,Mac,MacBook Pro i5 3.1GHz 13 inch (Mid 2017),512GB SSD,530,MacBook Pro i5 3.1GHz 13 inch (Mid 2017),2017.0,Mac,MacBook Pro,,Mid 2017,13.0,3.1GHz,i5,,512.0,SSD,,
,Retailer Trade-in,Switch,Mac,MacBook Pro i5 3.1GHz 13 inch (Mid 2017),1TB SSD,600,MacBook Pro i5 3.1GHz 13 inch (Mid 2017),2017.0,Mac,MacBook Pro,,Mid 2017,13.0,3.1GHz,i5,,1024.0,SSD,,
,Retailer Trade-in,Switch,Mac,MacBook Pro i5 3.3GHz 13 inch (Mid 2017),256GB SSD,500,MacBook Pro i5 3.3GHz 13 inch (Mid 2017),2017.0,Mac,MacBook Pro,,Mid 2017,13.0,3.3GHz,i5,,256.0,SSD,,
,Retailer Trade-in,Switch,Mac,MacBook Pro i5 3.3GHz 13 inch (Mid 2017),512GB SSD,530,MacBook Pro i5 3.3GHz 13 inch (Mid 2017),2017.0,Mac,MacBook Pro,,Mid 2017,13.0,3.3GHz,i5,,512.0,SSD,,
,Retailer Trade-in,Switch,Mac,MacBook Pro i5 3.3GHz 13 inch (Mid 2017),1TB SSD,600,MacBook Pro i5 3.3GHz 13 inch (Mid 2017),2017.0,Mac,MacBook Pro,,Mid 2017,13.0,3.3GHz,i5,,1024.0,SSD,,
,Retailer Trade-in,Switch,Mac,MacBook Pro i7 1.7GHz 13 inch (Mid 2019),128GB SSD,500,MacBook Pro i7 1.7GHz 13 inch (Mid 2019),2019.0,Mac,MacBook Pro,,Mid 2019,13.0,1.7GHz,i7,,128.0,SSD,,
,Retailer Trade-in,Switch,Mac,MacBook Pro i7 1.7GHz 13 inch (Mid 2019),256GB SSD,570,MacBook Pro i7 1.7GHz 13 inch (Mid 2019),2019.0,Mac,MacBook Pro,,Mid 2019,13.0,1.7GHz,i7,,256.0,SSD,,
,Retailer Trade-in,Switch,Mac,MacBook Pro i7 1.7GHz 13 inch (Mid 2019),512GB SSD,610,MacBook Pro i7 1.7GHz 13 inch (Mid 2019),2019.0,Mac,MacBook Pro,,Mid 2019,13.0,1.7GHz,i7,,512.0,SSD,,
,Retailer Trade-in,Switch,Mac,MacBook Pro i7 1.7GHz 13 inch (Mid 2019),1TB SSD,690,MacBook Pro i7 1.7GHz 13 inch (Mid 2019),2019.0,Mac,MacBook Pro,,Mid 2019,13.0,1.7GHz,i7,,1024.0,SSD,,
,Retailer Trade-in,Switch,Mac,MacBook Pro i7 1.7GHz 13 inch (Mid 2019),2TB SSD,730,MacBook Pro i7 1.7GHz 13 inch (Mid 2019),2019.0,Mac,MacBook Pro,,Mid 2019,13.0,1.7GHz,i7,,2048.0,SSD,,
,Retailer Trade-in,Switch,Mac,MacBook Pro i7 1.7GHz 13 inch (Mid 2020),256GB SSD,780,MacBook Pro i7 1.7GHz 13 inch (Mid 2020),2020.0,Mac,MacBook Pro,,Mid 2020,13.0,1.7GHz,i7,,256.0,SSD,,
,Retailer Trade-in,Switch,Mac,MacBook Pro i7 1.7GHz 13 inch (Mid 2020),512GB SSD,790,MacBook Pro i7 1.7GHz 13 inch (Mid 2020),2020.0,Mac,MacBook Pro,,Mid 2020,13.0,1.7GHz,i7,,512.0,SSD,,
,Retailer Trade-in,Switch,Mac,MacBook Pro i7 1.7GHz 13 inch (Mid 2020),1TB SSD,830,MacBook Pro i7 1.7GHz 13 inch (Mid 2020),2020.0,Mac,MacBook Pro,,Mid 2020,13.0,1.7GHz,i7,,1024.0,SSD,,
,Retailer Trade-in,Switch,Mac,MacBook Pro i7 1.7GHz 13 inch (Mid 2020),2TB SSD,920,MacBook Pro i7 1.7GHz 13 inch (Mid 2020),2020.0,Mac,MacBook Pro,,Mid 2020,13.0,1.7GHz,i7,,2048.0,SSD,,
,Retailer Trade-in,Switch,Mac,MacBook Pro i7 2.2GHz 15 inch (Mid 2015),256GB SSD,200,MacBook Pro i7 2.2GHz 15 inch (Mid 2015),2015.0,Mac,MacBook Pro,,Mid 2015,15.0,2.2GHz,i7,,256.0,SSD,,
,Retailer Trade-in,Switch,Mac,MacBook Pro i7 2.2GHz 15 inch (Mid 2015),512GB SSD,200,MacBook Pro i7 2.2GHz 15 inch (Mid 2015),2015.0,Mac,MacBook Pro,,Mid 2015,15.0,2.2GHz,i7,,512.0,SSD,,
,Retailer Trade-in,Switch,Mac,MacBook Pro i7 2.2GHz 15 inch (Mid 2015),1TB SSD,200,MacBook Pro i7 2.2GHz 15 inch (Mid 2015),2015.0,Mac,MacBook Pro,,Mid 2015,15.0,2.2GHz,i7,,1024.0,SSD,,
,Retailer Trade-in,Switch,Mac,MacBook Pro i7 2.2GHz 15 inch (Mid 2018),256GB SSD,910,MacBook Pro i7 2.2GHz 15 inch (Mid 2018),2018.0,Mac,MacBook Pro,,Mid 2018,15.0,2.2GHz,i7,,256.0,SSD,,
,Retailer Trade-in,Switch,Mac,MacBook Pro i7 2.2GHz 15 inch (Mid 2018),512GB SSD,920,MacBook Pro i7 2.2GHz 15 inch (Mid 2018),2018.0,Mac,MacBook Pro,,Mid 2018,15.0,2.2GHz,i7,,512.0,SSD,,
,Retailer Trade-in,Switch,Mac,MacBook Pro i7 2.2GHz 15 inch (Mid 2018),1TB SSD,960,MacBook Pro i7 2.2GHz 15 inch (Mid 2018),2018.0,Mac,MacBook Pro,,Mid 2018,15.0,2.2GHz,i7,,1024.0,SSD,,
,Retailer Trade-in,Switch,Mac,MacBook Pro i7 2.2GHz 15 inch (Mid 2018),2TB SSD,1110,MacBook Pro i7 2.2GHz 15 inch (Mid 2018),2018.0,Mac,MacBook Pro,,Mid 2018,15.0,2.2GHz,i7,,2048.0,SSD,,
,Retailer Trade-in,Switch,Mac,MacBook Pro i7 2.2GHz 15 inch (Mid 2018),4TB SSD,1210,MacBook Pro i7 2.2GHz 15 inch (Mid 2018),2018.0,Mac,MacBook Pro,,Mid 2018,15.0,2.2GHz,i7,,4096.0,SSD,,
,Retailer Trade-in,Switch,Mac,MacBook Pro i7 2.3GHz 13 inch (Mid 2020),512GB SSD,780,MacBook Pro i7 2.3GHz 13 inch (Mid 2020),2020.0,Mac,MacBook Pro,,Mid 2020,13.0,2.3GHz,i7,,512.0,SSD,,
,Retailer Trade-in,Switch,Mac,MacBook Pro i7 2.3GHz 13 inch (Mid 2020),1TB SSD,880,MacBook Pro i7 2.3GHz 13 inch (Mid 2020),2020.0,Mac,MacBook Pro,,Mid 2020,13.0,2.3GHz,i7,,1024.0,SSD,,
,Retailer Trade-in,Switch,Mac,MacBook Pro i7 2.3GHz 13 inch (Mid 2020),2TB SSD,960,MacBook Pro i7 2.3GHz 13 inch (Mid 2020),2020.0,Mac,MacBook Pro,,Mid 2020,13.0,2.3GHz,i7,,2048.0,SSD,,
,Retailer Trade-in,Switch,Mac,MacBook Pro i7 2.3GHz 13 inch (Mid 2020),4TB SSD,1100,MacBook Pro i7 2.3GHz 13 inch (Mid 2020),2020.0,Mac,MacBook Pro,,Mid 2020,13.0,2.3GHz,i7,,4096.0,SSD,,
,Retailer Trade-in,Switch,Mac,MacBook Pro i7 2.4GHz 13 inch (Late 2016),256GB SSD,360,MacBook Pro i7 2.4GHz 13 inch (Late 2016),2016.0,Mac,MacBook Pro,,Late 2016,13.0,2.4GHz,i7,,256.0,SSD,,
,Retailer Trade-in,Switch,Mac,MacBook Pro i7 2.4GHz 13 inch (Late 2016),512GB SSD,400,MacBook Pro i7 2.4GHz 13 inch (Late 2016),2016.0,Mac,MacBook Pro,,Late 2016,13.0,2.4GHz,i7,,512.0,SSD,,
,Retailer Trade-in,Switch,Mac,MacBook Pro i7 2.4GHz 13 inch (Late 2016),1TB SSD,450,MacBook Pro i7 2.4GHz 13 inch (Late 2016),2016.0,Mac,MacBook Pro,,Late 2016,13.0,2.4GHz,i7,,1024.0,SSD,,
,Retailer Trade-in,Switch,Mac,MacBook Pro i7 2.5GHz 13 inch (Mid 2017),128GB SSD,360,MacBook Pro i7 2.5GHz 13 inch (Mid 2017),2017.0,Mac,MacBook Pro,,Mid 2017,13.0,2.5GHz,i7,,128.0,SSD,,
,Retailer Trade-in,Switch,Mac,MacBook Pro i7 2.5GHz 13 inch (Mid 2017),256GB SSD,500,MacBook Pro i7 2.5GHz 13 inch (Mid 2017),2017.0,Mac,MacBook Pro,,Mid 2017,13.0,2.5GHz,i7,,256.0,SSD,,
,Retailer Trade-in,Switch,Mac,MacBook Pro i7 2.5GHz 13 inch (Mid 2017),512GB SSD,550,MacBook Pro i7 2.5GHz 13 inch (Mid 2017),2017.0,Mac,MacBook Pro,,Mid 2017,13.0,2.5GHz,i7,,512.0,SSD,,
,Retailer Trade-in,Switch,Mac,MacBook Pro i7 2.5GHz 13 inch (Mid 2017),1TB SSD,600,MacBook Pro i7 2.5GHz 13 inch (Mid 2017),2017.0,Mac,MacBook Pro,,Mid 2017,13.0,2.5GHz,i7,,1024.0,SSD,,
,Retailer Trade-in,Switch,Mac,MacBook Pro i7 2.5GHz 15 inch (Mid 2015),256GB SSD,200,MacBook Pro i7 2.5GHz 15 inch (Mid 2015),2015.0,Mac,MacBook Pro,,Mid 2015,15.0,2.5GHz,i7,,256.0,SSD,,
,Retailer Trade-in,Switch,Mac,MacBook Pro i7 2.5GHz 15 inch (Mid 2015),512GB SSD,240,MacBook Pro i7 2.5GHz 15 inch (Mid 2015),2015.0,Mac,MacBook Pro,,Mid 2015,15.0,2.5GHz,i7,,512.0,SSD,,
,Retailer Trade-in,Switch,Mac,MacBook Pro i7 2.5GHz 15 inch (Mid 2015),1TB SSD,250,MacBook Pro i7 2.5GHz 15 inch (Mid 2015),2015.0,Mac,MacBook Pro,,Mid 2015,15.0,2.5GHz,i7,,1024.0,SSD,,
,Retailer Trade-in,Switch,Mac,MacBook Pro i7 2.6GHz 15 inch (Late 2016),256GB SSD,600,MacBook Pro i7 2.6GHz 15 inch (Late 2016),2016.0,Mac,MacBook Pro,,Late 2016,15.0,2.6GHz,i7,,256.0,SSD,,
,Retailer Trade-in,Switch,Mac,MacBook Pro i7 2.6GHz 15 inch (Late 2016),512GB SSD,700,MacBook Pro i7 2.6GHz 15 inch (Late 2016),2016.0,Mac,MacBook Pro,,Late 2016,15.0,2.6GHz,i7,,512.0,SSD,,
,Retailer Trade-in,Switch,Mac,MacBook Pro i7 2.6GHz 15 inch (Late 2016),1TB SSD,770,MacBook Pro i7 2.6GHz 15 inch (Late 2016),2016.0,Mac,MacBook Pro,,Late 2016,15.0,2.6GHz,i7,,1024.0,SSD,,
,Retailer Trade-in,Switch,Mac,MacBook Pro i7 2.6GHz 15 inch (Late 2016),2TB SSD,820,MacBook Pro i7 2.6GHz 15 inch (Late 2016),2016.0,Mac,MacBook Pro,,Late 2016,15.0,2.6GHz,i7,,2048.0,SSD,,
,Retailer Trade-in,Switch,Mac,MacBook Pro i7 2.6GHz 15 inch (Mid 2018),256GB SSD,800,MacBook Pro i7 2.6GHz 15 inch (Mid 2018),2018.0,Mac,MacBook Pro,,Mid 2018,15.0,2.6GHz,i7,,256.0,SSD,,
,Retailer Trade-in,Switch,Mac,MacBook Pro i7 2.6GHz 15 inch (Mid 2018),512GB SSD,900,MacBook Pro i7 2.6GHz 15 inch (Mid 2018),2018.0,Mac,MacBook Pro,,Mid 2018,15.0,2.6GHz,i7,,512.0,SSD,,
,Retailer Trade-in,Switch,Mac,MacBook Pro i7 2.6GHz 15 inch (Mid 2018),1TB SSD,950,MacBook Pro i7 2.6GHz 15 inch (Mid 2018),2018.0,Mac,MacBook Pro,,Mid 2018,15.0,2.6GHz,i7,,1024.0,SSD,,
,Retailer Trade-in,Switch,Mac,MacBook Pro i7 2.6GHz 15 inch (Mid 2018),2TB SSD,1050,MacBook Pro i7 2.6GHz 15 inch (Mid 2018),2018.0,Mac,MacBook Pro,,Mid 2018,15.0,2.6GHz,i7,,2048.0,SSD,,
,Retailer Trade-in,Switch,Mac,MacBook Pro i7 2.6GHz 15 inch (Mid 2018),4TB SSD,1150,MacBook Pro i7 2.6GHz 15 inch (Mid 2018),2018.0,Mac,MacBook Pro,,Mid 2018,15.0,2.6GHz,i7,,4096.0,SSD,,
,Retailer Trade-in,Switch,Mac,MacBook Pro i7 2.6GHz 15 inch (Mid 2019),256GB SSD,1030,MacBook Pro i7 2.6GHz 15 inch (Mid 2019),2019.0,Mac,MacBook Pro,,Mid 2019,15.0,2.6GHz,i7,,256.0,SSD,,
,Retailer Trade-in,Switch,Mac,MacBook Pro i7 2.6GHz 15 inch (Mid 2019),512GB SSD,1070,MacBook Pro i7 2.6GHz 15 inch (Mid 2019),2019.0,Mac,MacBook Pro,,Mid 2019,15.0,2.6GHz,i7,,512.0,SSD,,
,Retailer Trade-in,Switch,Mac,MacBook Pro i7 2.6GHz 15 inch (Mid 2019),1TB SSD,1150,MacBook Pro i7 2.6GHz 15 inch (Mid 2019),2019.0,Mac,MacBook Pro,,Mid 2019,15.0,2.6GHz,i7,,1024.0,SSD,,
,Retailer Trade-in,Switch,Mac,MacBook Pro i7 2.6GHz 15 inch (Mid 2019),2TB SSD,1270,MacBook Pro i7 2.6GHz 15 inch (Mid 2019),2019.0,Mac,MacBook Pro,,Mid 2019,15.0,2.6GHz,i7,,2048.0,SSD,,
,Retailer Trade-in,Switch,Mac,MacBook Pro i7 2.6GHz 15 inch (Mid 2019),4TB SSD,1370,MacBook Pro i7 2.6GHz 15 inch (Mid 2019),2019.0,Mac,MacBook Pro,,Mid 2019,15.0,2.6GHz,i7,,4096.0,SSD,,
,Retailer Trade-in,Switch,Mac,MacBook Pro i7 2.6GHz 16 inch (Late 2019),512GB SSD,1100,MacBook Pro i7 2.6GHz 16 inch (Late 2019),2019.0,Mac,MacBook Pro,,Late 2019,16.0,2.6GHz,i7,,512.0,SSD,,
,Retailer Trade-in,Switch,Mac,MacBook Pro i7 2.6GHz 16 inch (Late 2019),1TB SSD,1190,MacBook Pro i7 2.6GHz 16 inch (Late 2019),2019.0,Mac,MacBook Pro,,Late 2019,16.0,2.6GHz,i7,,1024.0,SSD,,
,Retailer Trade-in,Switch,Mac,MacBook Pro i7 2.6GHz 16 inch (Late 2019),2TB SSD,1290,MacBook Pro i7 2.6GHz 16 inch (Late 2019),2019.0,Mac,MacBook Pro,,Late 2019,16.0,2.6GHz,i7,,2048.0,SSD,,
,Retailer Trade-in,Switch,Mac,MacBook Pro i7 2.6GHz 16 inch (Late 2019),4TB SSD,1380,MacBook Pro i7 2.6GHz 16 inch (Late 2019),2019.0,Mac,MacBook Pro,,Late 2019,16.0,2.6GHz,i7,,4096.0,SSD,,
,Retailer Trade-in,Switch,Mac,MacBook Pro i7 2.6GHz 16 inch (Late 2019),8TB SSD,1500,MacBook Pro i7 2.6GHz 16 inch (Late 2019),2019.0,Mac,MacBook Pro,,Late 2019,16.0,2.6GHz,i7,,8192.0,SSD,,
,Retailer Trade-in,Switch,Mac,MacBook Pro i7 2.7GHz 13 inch (Mid 2018),256GB SSD,700,MacBook Pro i7 2.7GHz 13 inch (Mid 2018),2018.0,Mac,MacBook Pro,,Mid 2018,13.0,2.7GHz,i7,,256.0,SSD,,
,Retailer Trade-in,Switch,Mac,MacBook Pro i7 2.7GHz 13 inch (Mid 2018),512GB SSD,720,MacBook Pro i7 2.7GHz 13 inch (Mid 2018),2018.0,Mac,MacBook Pro,,Mid 2018,13.0,2.7GHz,i7,,512.0,SSD,,
,Retailer Trade-in,Switch,Mac,MacBook Pro i7 2.7GHz 13 inch (Mid 2018),1TB SSD,770,MacBook Pro i7 2.7GHz 13 inch (Mid 2018),2018.0,Mac,MacBook Pro,,Mid 2018,13.0,2.7GHz,i7,,1024.0,SSD,,
,Retailer Trade-in,Switch,Mac,MacBook Pro i7 2.7GHz 13 inch (Mid 2018),2TB SSD,820,MacBook Pro i7 2.7GHz 13 inch (Mid 2018),2018.0,Mac,MacBook Pro,,Mid 2018,13.0,2.7GHz,i7,,2048.0,SSD,,
,Retailer Trade-in,Switch,Mac,MacBook Pro i7 2.7GHz 15 inch (Late 2016),256GB SSD,700,MacBook Pro i7 2.7GHz 15 inch (Late 2016),2016.0,Mac,MacBook Pro,,Late 2016,15.0,2.7GHz,i7,,256.0,SSD,,
,Retailer Trade-in,Switch,Mac,MacBook Pro i7 2.7GHz 15 inch (Late 2016),512GB SSD,720,MacBook Pro i7 2.7GHz 15 inch (Late 2016),2016.0,Mac,MacBook Pro,,Late 2016,15.0,2.7GHz,i7,,512.0,SSD,,
,Retailer Trade-in,Switch,Mac,MacBook Pro i7 2.7GHz 15 inch (Late 2016),1TB SSD,770,MacBook Pro i7 2.7GHz 15 inch (Late 2016),2016.0,Mac,MacBook Pro,,Late 2016,15.0,2.7GHz,i7,,1024.0,SSD,,
,Retailer Trade-in,Switch,Mac,MacBook Pro i7 2.7GHz 15 inch (Late 2016),2TB SSD,820,MacBook Pro i7 2.7GHz 15 inch (Late 2016),2016.0,Mac,MacBook Pro,,Late 2016,15.0,2.7GHz,i7,,2048.0,SSD,,
,Retailer Trade-in,Switch,Mac,MacBook Pro i7 2.8GHz 13 inch (Mid 2019),256GB SSD,730,MacBook Pro i7 2.8GHz 13 inch (Mid 2019),2019.0,Mac,MacBook Pro,,Mid 2019,13.0,2.8GHz,i7,,256.0,SSD,,
,Retailer Trade-in,Switch,Mac,MacBook Pro i7 2.8GHz 13 inch (Mid 2019),512GB SSD,760,MacBook Pro i7 2.8GHz 13 inch (Mid 2019),2019.0,Mac,MacBook Pro,,Mid 2019,13.0,2.8GHz,i7,,512.0,SSD,,
,Retailer Trade-in,Switch,Mac,MacBook Pro i7 2.8GHz 13 inch (Mid 2019),1TB SSD,770,MacBook Pro i7 2.8GHz 13 inch (Mid 2019),2019.0,Mac,MacBook Pro,,Mid 2019,13.0,2.8GHz,i7,,1024.0,SSD,,
,Retailer Trade-in,Switch,Mac,MacBook Pro i7 2.8GHz 13 inch (Mid 2019),2TB SSD,830,MacBook Pro i7 2.8GHz 13 inch (Mid 2019),2019.0,Mac,MacBook Pro,,Mid 2019,13.0,2.8GHz,i7,,2048.0,SSD,,
,Retailer Trade-in,Switch,Mac,MacBook Pro i7 2.8GHz 15 inch (Mid 2015),256GB SSD,240,MacBook Pro i7 2.8GHz 15 inch (Mid 2015),2015.0,Mac,MacBook Pro,,Mid 2015,15.0,2.8GHz,i7,,256.0,SSD,,
,Retailer Trade-in,Switch,Mac,MacBook Pro i7 2.8GHz 15 inch (Mid 2015),512GB SSD,250,MacBook Pro i7 2.8GHz 15 inch (Mid 2015),2015.0,Mac,MacBook Pro,,Mid 2015,15.0,2.8GHz,i7,,512.0,SSD,,
,Retailer Trade-in,Switch,Mac,MacBook Pro i7 2.8GHz 15 inch (Mid 2015),1TB SSD,290,MacBook Pro i7 2.8GHz 15 inch (Mid 2015),2015.0,Mac,MacBook Pro,,Mid 2015,15.0,2.8GHz,i7,,1024.0,SSD,,
,Retailer Trade-in,Switch,Mac,MacBook Pro i7 2.8GHz 15 inch (Mid 2017),256GB SSD,790,MacBook Pro i7 2.8GHz 15 inch (Mid 2017),2017.0,Mac,MacBook Pro,,Mid 2017,15.0,2.8GHz,i7,,256.0,SSD,,
,Retailer Trade-in,Switch,Mac,MacBook Pro i7 2.8GHz 15 inch (Mid 2017),512GB SSD,820,MacBook Pro i7 2.8GHz 15 inch (Mid 2017),2017.0,Mac,MacBook Pro,,Mid 2017,15.0,2.8GHz,i7,,512.0,SSD,,
,Retailer Trade-in,Switch,Mac,MacBook Pro i7 2.8GHz 15 inch (Mid 2017),1TB SSD,840,MacBook Pro i7 2.8GHz 15 inch (Mid 2017),2017.0,Mac,MacBook Pro,,Mid 2017,15.0,2.8GHz,i7,,1024.0,SSD,,
,Retailer Trade-in,Switch,Mac,MacBook Pro i7 2.8GHz 15 inch (Mid 2017),2TB SSD,890,MacBook Pro i7 2.8GHz 15 inch (Mid 2017),2017.0,Mac,MacBook Pro,,Mid 2017,15.0,2.8GHz,i7,,2048.0,SSD,,
,Retailer Trade-in,Switch,Mac,MacBook Pro i7 2.9GHz 15 inch (Late 2016),256GB SSD,700,MacBook Pro i7 2.9GHz 15 inch (Late 2016),2016.0,Mac,MacBook Pro,,Late 2016,15.0,2.9GHz,i7,,256.0,SSD,,
,Retailer Trade-in,Switch,Mac,MacBook Pro i7 2.9GHz 15 inch (Late 2016),512GB SSD,720,MacBook Pro i7 2.9GHz 15 inch (Late 2016),2016.0,Mac,MacBook Pro,,Late 2016,15.0,2.9GHz,i7,,512.0,SSD,,
,Retailer Trade-in,Switch,Mac,MacBook Pro i7 2.9GHz 15 inch (Late 2016),1TB SSD,770,MacBook Pro i7 2.9GHz 15 inch (Late 2016),2016.0,Mac,MacBook Pro,,Late 2016,15.0,2.9GHz,i7,,1024.0,SSD,,
,Retailer Trade-in,Switch,Mac,MacBook Pro i7 2.9GHz 15 inch (Late 2016),2TB SSD,820,MacBook Pro i7 2.9GHz 15 inch (Late 2016),2016.0,Mac,MacBook Pro,,Late 2016,15.0,2.9GHz,i7,,2048.0,SSD,,
,Retailer Trade-in,Switch,Mac,MacBook Pro i7 2.9GHz 15 inch (Mid 2017),256GB SSD,800,MacBook Pro i7 2.9GHz 15 inch (Mid 2017),2017.0,Mac,MacBook Pro,,Mid 2017,15.0,2.9GHz,i7,,256.0,SSD,,
,Retailer Trade-in,Switch,Mac,MacBook Pro i7 2.9GHz 15 inch (Mid 2017),512GB SSD,820,MacBook Pro i7 2.9GHz 15 inch (Mid 2017),2017.0,Mac,MacBook Pro,,Mid 2017,15.0,2.9GHz,i7,,512.0,SSD,,
,Retailer Trade-in,Switch,Mac,MacBook Pro i7 2.9GHz 15 inch (Mid 2017),1TB SSD,840,MacBook Pro i7 2.9GHz 15 inch (Mid 2017),2017.0,Mac,MacBook Pro,,Mid 2017,15.0,2.9GHz,i7,,1024.0,SSD,,
,Retailer Trade-in,Switch,Mac,MacBook Pro i7 2.9GHz 15 inch (Mid 2017),2TB SSD,900,MacBook Pro i7 2.9GHz 15 inch (Mid 2017),2017.0,Mac,MacBook Pro,,Mid 2017,15.0,2.9GHz,i7,,2048.0,SSD,,
,Retailer Trade-in,Switch,Mac,MacBook Pro i7 3.1GHz 13 inch (Early 2015),128GB SSD,120,MacBook Pro i7 3.1GHz 13 inch (Early 2015),2015.0,Mac,MacBook Pro,,Early 2015,13.0,3.1GHz,i7,,128.0,SSD,,
,Retailer Trade-in,Switch,Mac,MacBook Pro i7 3.1GHz 13 inch (Early 2015),256GB SSD,120,MacBook Pro i7 3.1GHz 13 inch (Early 2015),2015.0,Mac,MacBook Pro,,Early 2015,13.0,3.1GHz,i7,,256.0,SSD,,
,Retailer Trade-in,Switch,Mac,MacBook Pro i7 3.1GHz 13 inch (Early 2015),512GB SSD,150,MacBook Pro i7 3.1GHz 13 inch (Early 2015),2015.0,Mac,MacBook Pro,,Early 2015,13.0,3.1GHz,i7,,512.0,SSD,,
,Retailer Trade-in,Switch,Mac,MacBook Pro i7 3.1GHz 13 inch (Early 2015),1TB SSD,150,MacBook Pro i7 3.1GHz 13 inch (Early 2015),2015.0,Mac,MacBook Pro,,Early 2015,13.0,3.1GHz,i7,,1024.0,SSD,,
,Retailer Trade-in,Switch,Mac,MacBook Pro i7 3.1GHz 15 inch (Mid 2017),256GB SSD,800,MacBook Pro i7 3.1GHz 15 inch (Mid 2017),2017.0,Mac,MacBook Pro,,Mid 2017,15.0,3.1GHz,i7,,256.0,SSD,,
,Retailer Trade-in,Switch,Mac,MacBook Pro i7 3.1GHz 15 inch (Mid 2017),512GB SSD,820,MacBook Pro i7 3.1GHz 15 inch (Mid 2017),2017.0,Mac,MacBook Pro,,Mid 2017,15.0,3.1GHz,i7,,512.0,SSD,,
,Retailer Trade-in,Switch,Mac,MacBook Pro i7 3.1GHz 15 inch (Mid 2017),1TB SSD,840,MacBook Pro i7 3.1GHz 15 inch (Mid 2017),2017.0,Mac,MacBook Pro,,Mid 2017,15.0,3.1GHz,i7,,1024.0,SSD,,
,Retailer Trade-in,Switch,Mac,MacBook Pro i7 3.1GHz 15 inch (Mid 2017),2TB SSD,890,MacBook Pro i7 3.1GHz 15 inch (Mid 2017),2017.0,Mac,MacBook Pro,,Mid 2017,15.0,3.1GHz,i7,,2048.0,SSD,,
,Retailer Trade-in,Switch,Mac,MacBook Pro i7 3.3GHz 13 inch (Late 2016),256GB SSD,450,MacBook Pro i7 3.3GHz 13 inch (Late 2016),2016.0,Mac,MacBook Pro,,Late 2016,13.0,3.3GHz,i7,,256.0,SSD,,
,Retailer Trade-in,Switch,Mac,MacBook Pro i7 3.3GHz 13 inch (Late 2016),512GB SSD,460,MacBook Pro i7 3.3GHz 13 inch (Late 2016),2016.0,Mac,MacBook Pro,,Late 2016,13.0,3.3GHz,i7,,512.0,SSD,,
,Retailer Trade-in,Switch,Mac,MacBook Pro i7 3.3GHz 13 inch (Late 2016),1TB SSD,470,MacBook Pro i7 3.3GHz 13 inch (Late 2016),2016.0,Mac,MacBook Pro,,Late 2016,13.0,3.3GHz,i7,,1024.0,SSD,,
,Retailer Trade-in,Switch,Mac,MacBook Pro i7 3.5GHz 13 inch (Mid 2017),256GB SSD,720,MacBook Pro i7 3.5GHz 13 inch (Mid 2017),2017.0,Mac,MacBook Pro,,Mid 2017,13.0,3.5GHz,i7,,256.0,SSD,,
,Retailer Trade-in,Switch,Mac,MacBook Pro i7 3.5GHz 13 inch (Mid 2017),512GB SSD,800,MacBook Pro i7 3.5GHz 13 inch (Mid 2017),2017.0,Mac,MacBook Pro,,Mid 2017,13.0,3.5GHz,i7,,512.0,SSD,,
,Retailer Trade-in,Switch,Mac,MacBook Pro i7 3.5GHz 13 inch (Mid 2017),1TB SSD,840,MacBook Pro i7 3.5GHz 13 inch (Mid 2017),2017.0,Mac,MacBook Pro,,Mid 2017,13.0,3.5GHz,i7,,1024.0,SSD,,
,Retailer Trade-in,Switch,Mac,MacBook Pro i9 2.3GHz 15 inch (Mid 2019),256GB SSD,1030,MacBook Pro i9 2.3GHz 15 inch (Mid 2019),2019.0,Mac,MacBook Pro,,Mid 2019,15.0,2.3GHz,i9,,256.0,SSD,,
,Retailer Trade-in,Switch,Mac,MacBook Pro i9 2.3GHz 15 inch (Mid 2019),512GB SSD,1100,MacBook Pro i9 2.3GHz 15 inch (Mid 2019),2019.0,Mac,MacBook Pro,,Mid 2019,15.0,2.3GHz,i9,,512.0,SSD,,
,Retailer Trade-in,Switch,Mac,MacBook Pro i9 2.3GHz 15 inch (Mid 2019),1TB SSD,1290,MacBook Pro i9 2.3GHz 15 inch (Mid 2019),2019.0,Mac,MacBook Pro,,Mid 2019,15.0,2.3GHz,i9,,1024.0,SSD,,
,Retailer Trade-in,Switch,Mac,MacBook Pro i9 2.3GHz 15 inch (Mid 2019),2TB SSD,1390,MacBook Pro i9 2.3GHz 15 inch (Mid 2019),2019.0,Mac,MacBook Pro,,Mid 2019,15.0,2.3GHz,i9,,2048.0,SSD,,
,Retailer Trade-in,Switch,Mac,MacBook Pro i9 2.3GHz 15 inch (Mid 2019),4TB SSD,1510,MacBook Pro i9 2.3GHz 15 inch (Mid 2019),2019.0,Mac,MacBook Pro,,Mid 2019,15.0,2.3GHz,i9,,4096.0,SSD,,
,Retailer Trade-in,Switch,Mac,MacBook Pro i9 2.3GHz 16 inch (Late 2019),1TB SSD,1280,MacBook Pro i9 2.3GHz 16 inch (Late 2019),2019.0,Mac,MacBook Pro,,Late 2019,16.0,2.3GHz,i9,,1024.0,SSD,,
,Retailer Trade-in,Switch,Mac,MacBook Pro i9 2.3GHz 16 inch (Late 2019),2TB SSD,1380,MacBook Pro i9 2.3GHz 16 inch (Late 2019),2019.0,Mac,MacBook Pro,,Late 2019,16.0,2.3GHz,i9,,2048.0,SSD,,
,Retailer Trade-in,Switch,Mac,MacBook Pro i9 2.3GHz 16 inch (Late 2019),4TB SSD,1560,MacBook Pro i9 2.3GHz 16 inch (Late 2019),2019.0,Mac,MacBook Pro,,Late 2019,16.0,2.3GHz,i9,,4096.0,SSD,,
,Retailer Trade-in,Switch,Mac,MacBook Pro i9 2.3GHz 16 inch (Late 2019),8TB SSD,1570,MacBook Pro i9 2.3GHz 16 inch (Late 2019),2019.0,Mac,MacBook Pro,,Late 2019,16.0,2.3GHz,i9,,8192.0,SSD,,
,Retailer Trade-in,Switch,Mac,MacBook Pro i9 2.4GHz 15 inch (Mid 2019),256GB SSD,1030,MacBook Pro i9 2.4GHz 15 inch (Mid 2019),2019.0,Mac,MacBook Pro,,Mid 2019,15.0,2.4GHz,i9,,256.0,SSD,,
,Retailer Trade-in,Switch,Mac,MacBook Pro i9 2.4GHz 15 inch (Mid 2019),512GB SSD,1180,MacBook Pro i9 2.4GHz 15 inch (Mid 2019),2019.0,Mac,MacBook Pro,,Mid 2019,15.0,2.4GHz,i9,,512.0,SSD,,
,Retailer Trade-in,Switch,Mac,MacBook Pro i9 2.4GHz 15 inch (Mid 2019),1TB SSD,1290,MacBook Pro i9 2.4GHz 15 inch (Mid 2019),2019.0,Mac,MacBook Pro,,Mid 2019,15.0,2.4GHz,i9,,1024.0,SSD,,
,Retailer Trade-in,Switch,Mac,MacBook Pro i9 2.4GHz 15 inch (Mid 2019),2TB SSD,1390,MacBook Pro i9 2.4GHz 15 inch (Mid 2019),2019.0,Mac,MacBook Pro,,Mid 2019,15.0,2.4GHz,i9,,2048.0,SSD,,
,Retailer Trade-in,Switch,Mac,MacBook Pro i9 2.4GHz 15 inch (Mid 2019),4TB SSD,1510,MacBook Pro i9 2.4GHz 15 inch (Mid 2019),2019.0,Mac,MacBook Pro,,Mid 2019,15.0,2.4GHz,i9,,4096.0,SSD,,
,Retailer Trade-in,Switch,Mac,MacBook Pro i9 2.4GHz 16 inch (Late 2019),512GB SSD,1190,MacBook Pro i9 2.4GHz 16 inch (Late 2019),2019.0,Mac,MacBook Pro,,Late 2019,16.0,2.4GHz,i9,,512.0,SSD,,
,Retailer Trade-in,Switch,Mac,MacBook Pro i9 2.4GHz 16 inch (Late 2019),1TB SSD,1410,MacBook Pro i9 2.4GHz 16 inch (Late 2019),2019.0,Mac,MacBook Pro,,Late 2019,16.0,2.4GHz,i9,,1024.0,SSD,,
,Retailer Trade-in,Switch,Mac,MacBook Pro i9 2.4GHz 16 inch (Late 2019),2TB SSD,1480,MacBook Pro i9 2.4GHz 16 inch (Late 2019),2019.0,Mac,MacBook Pro,,Late 2019,16.0,2.4GHz,i9,,2048.0,SSD,,
,Retailer Trade-in,Switch,Mac,MacBook Pro i9 2.4GHz 16 inch (Late 2019),4TB SSD,1600,MacBook Pro i9 2.4GHz 16 inch (Late 2019),2019.0,Mac,MacBook Pro,,Late 2019,16.0,2.4GHz,i9,,4096.0,SSD,,
,Retailer Trade-in,Switch,Mac,MacBook Pro i9 2.4GHz 16 inch (Late 2019),8TB SSD,1740,MacBook Pro i9 2.4GHz 16 inch (Late 2019),2019.0,Mac,MacBook Pro,,Late 2019,16.0,2.4GHz,i9,,8192.0,SSD,,
,Retailer Trade-in,Switch,Mac,MacBook Pro i9 2.9GHz 15 inch (Mid 2018),256GB SSD,910,MacBook Pro i9 2.9GHz 15 inch (Mid 2018),2018.0,Mac,MacBook Pro,,Mid 2018,15.0,2.9GHz,i9,,256.0,SSD,,
,Retailer Trade-in,Switch,Mac,MacBook Pro i9 2.9GHz 15 inch (Mid 2018),512GB SSD,960,MacBook Pro i9 2.9GHz 15 inch (Mid 2018),2018.0,Mac,MacBook Pro,,Mid 2018,15.0,2.9GHz,i9,,512.0,SSD,,
,Retailer Trade-in,Switch,Mac,MacBook Pro i9 2.9GHz 15 inch (Mid 2018),1TB SSD,1040,MacBook Pro i9 2.9GHz 15 inch (Mid 2018),2018.0,Mac,MacBook Pro,,Mid 2018,15.0,2.9GHz,i9,,1024.0,SSD,,
,Retailer Trade-in,Switch,Mac,MacBook Pro i9 2.9GHz 15 inch (Mid 2018),2TB SSD,1130,MacBook Pro i9 2.9GHz 15 inch (Mid 2018),2018.0,Mac,MacBook Pro,,Mid 2018,15.0,2.9GHz,i9,,2048.0,SSD,,
,Retailer Trade-in,Switch,Mac,MacBook Pro i9 2.9GHz 15 inch (Mid 2018),4TB SSD,1230,MacBook Pro i9 2.9GHz 15 inch (Mid 2018),2018.0,Mac,MacBook Pro,,Mid 2018,15.0,2.9GHz,i9,,4096.0,SSD,,
,Retailer Trade-in,Switch,Mac,MacBook Pro M1 8-Core CPU and 8-Core GPU 13 inch (Late 2020),256GB SSD,910,MacBook Pro M1 8-Core CPU and 8-Core GPU 13 inch (Late 2020),2020.0,Mac,MacBook Pro,,Late 2020,13.0,,M1 ,,256.0,SSD,,
,Retailer Trade-in,Switch,Mac,MacBook Pro M1 8-Core CPU and 8-Core GPU 13 inch (Late 2020),512GB SSD,960,MacBook Pro M1 8-Core CPU and 8-Core GPU 13 inch (Late 2020),2020.0,Mac,MacBook Pro,,Late 2020,13.0,,M1 ,,512.0,SSD,,
,Retailer Trade-in,Switch,Mac,MacBook Pro M1 8-Core CPU and 8-Core GPU 13 inch (Late 2020),1TB SSD,1030,MacBook Pro M1 8-Core CPU and 8-Core GPU 13 inch (Late 2020),2020.0,Mac,MacBook Pro,,Late 2020,13.0,,M1 ,,1024.0,SSD,,
,Retailer Trade-in,Switch,Mac,MacBook Pro M1 8-Core CPU and 8-Core GPU 13 inch (Late 2020),2TB SSD,1150,MacBook Pro M1 8-Core CPU and 8-Core GPU 13 inch (Late 2020),2020.0,Mac,MacBook Pro,,Late 2020,13.0,,M1 ,,2048.0,SSD,,
,Retailer Trade-in,Switch,Mac,MacBook Pro M2 8-Core CPU and 10-Core GPU 13 inch (Mid 2022),256GB SSD,1400,MacBook Pro M2 8-Core CPU and 10-Core GPU 13 inch (Mid 2022),2022.0,Mac,MacBook Pro,,Mid 2022,13.0,,M2 ,,256.0,SSD,,
,Retailer Trade-in,Switch,Mac,MacBook Pro M2 8-Core CPU and 10-Core GPU 13 inch (Mid 2022),512GB SSD,1680,MacBook Pro M2 8-Core CPU and 10-Core GPU 13 inch (Mid 2022),2022.0,Mac,MacBook Pro,,Mid 2022,13.0,,M2 ,,512.0,SSD,,
,Retailer Trade-in,Switch,Mac,MacBook Pro M2 8-Core CPU and 10-Core GPU 13 inch (Mid 2022),1TB SSD,1900,MacBook Pro M2 8-Core CPU and 10-Core GPU 13 inch (Mid 2022),2022.0,Mac,MacBook Pro,,Mid 2022,13.0,,M2 ,,1024.0,SSD,,
,Retailer Trade-in,Switch,Mac,MacBook Pro M2 8-Core CPU and 10-Core GPU 13 inch (Mid 2022),2TB SSD,2260,MacBook Pro M2 8-Core CPU and 10-Core GPU 13 inch (Mid 2022),2022.0,Mac,MacBook Pro,,Mid 2022,13.0,,M2 ,,2048.0,SSD,,
,Retailer Trade-in,Switch,Mac,MacBook Pro M2 Max 12-Core CPU and 30-Core GPU 14 inch (Early 2023),512GB SSD,2910,MacBook Pro M2 Max 12-Core CPU and 30-Core GPU 14 inch (Early 2023),2023.0,Mac,MacBook Pro,,Early 2023,14.0,,M2 Max,,512.0,SSD,,
,Retailer Trade-in,Switch,Mac,MacBook Pro M2 Max 12-Core CPU and 30-Core GPU 14 inch (Early 2023),1TB SSD,2940,MacBook Pro M2 Max 12-Core CPU and 30-Core GPU 14 inch (Early 2023),2023.0,Mac,MacBook Pro,,Early 2023,14.0,,M2 Max,,1024.0,SSD,,
,Retailer Trade-in,Switch,Mac,MacBook Pro M2 Max 12-Core CPU and 30-Core GPU 14 inch (Early 2023),2TB SSD,3950,MacBook Pro M2 Max 12-Core CPU and 30-Core GPU 14 inch (Early 2023),2023.0,Mac,MacBook Pro,,Early 2023,14.0,,M2 Max,,2048.0,SSD,,
,Retailer Trade-in,Switch,Mac,MacBook Pro M2 Max 12-Core CPU and 30-Core GPU 14 inch (Early 2023),4TB SSD,4460,MacBook Pro M2 Max 12-Core CPU and 30-Core GPU 14 inch (Early 2023),2023.0,Mac,MacBook Pro,,Early 2023,14.0,,M2 Max,,4096.0,SSD,,
,Retailer Trade-in,Switch,Mac,MacBook Pro M2 Max 12-Core CPU and 30-Core GPU 14 inch (Early 2023),8TB SSD,5630,MacBook Pro M2 Max 12-Core CPU and 30-Core GPU 14 inch (Early 2023),2023.0,Mac,MacBook Pro,,Early 2023,14.0,,M2 Max,,8192.0,SSD,,
,Retailer Trade-in,Switch,Mac,MacBook Pro M2 Max 12-Core CPU and 30-Core GPU 16 inch (Early 2023),512GB SSD,3540,MacBook Pro M2 Max 12-Core CPU and 30-Core GPU 16 inch (Early 2023),2023.0,Mac,MacBook Pro,,Early 2023,16.0,,M2 Max,,512.0,SSD,,
,Retailer Trade-in,Switch,Mac,MacBook Pro M2 Max 12-Core CPU and 30-Core GPU 16 inch (Early 2023),1TB SSD,3720,MacBook Pro M2 Max 12-Core CPU and 30-Core GPU 16 inch (Early 2023),2023.0,Mac,MacBook Pro,,Early 2023,16.0,,M2 Max,,1024.0,SSD,,
,Retailer Trade-in,Switch,Mac,MacBook Pro M2 Max 12-Core CPU and 30-Core GPU 16 inch (Early 2023),2TB SSD,4040,MacBook Pro M2 Max 12-Core CPU and 30-Core GPU 16 inch (Early 2023),2023.0,Mac,MacBook Pro,,Early 2023,16.0,,M2 Max,,2048.0,SSD,,
,Retailer Trade-in,Switch,Mac,MacBook Pro M2 Max 12-Core CPU and 30-Core GPU 16 inch (Early 2023),4TB SSD,4670,MacBook Pro M2 Max 12-Core CPU and 30-Core GPU 16 inch (Early 2023),2023.0,Mac,MacBook Pro,,Early 2023,16.0,,M2 Max,,4096.0,SSD,,
,Retailer Trade-in,Switch,Mac,MacBook Pro M2 Max 12-Core CPU and 30-Core GPU 16 inch (Early 2023),8TB SSD,5920,MacBook Pro M2 Max 12-Core CPU and 30-Core GPU 16 inch (Early 2023),2023.0,Mac,MacBook Pro,,Early 2023,16.0,,M2 Max,,8192.0,SSD,,
,Retailer Trade-in,Switch,Mac,MacBook Pro M2 Max 12-Core CPU and 38-Core GPU 14 inch (Early 2023),512GB SSD,3360,MacBook Pro M2 Max 12-Core CPU and 38-Core GPU 14 inch (Early 2023),2023.0,Mac,MacBook Pro,,Early 2023,14.0,,M2 Max,,512.0,SSD,,
,Retailer Trade-in,Switch,Mac,MacBook Pro M2 Max 12-Core CPU and 38-Core GPU 14 inch (Early 2023),1TB SSD,3640,MacBook Pro M2 Max 12-Core CPU and 38-Core GPU 14 inch (Early 2023),2023.0,Mac,MacBook Pro,,Early 2023,14.0,,M2 Max,,1024.0,SSD,,
,Retailer Trade-in,Switch,Mac,MacBook Pro M2 Max 12-Core CPU and 38-Core GPU 14 inch (Early 2023),2TB SSD,4120,MacBook Pro M2 Max 12-Core CPU and 38-Core GPU 14 inch (Early 2023),2023.0,Mac,MacBook Pro,,Early 2023,14.0,,M2 Max,,2048.0,SSD,,
,Retailer Trade-in,Switch,Mac,MacBook Pro M2 Max 12-Core CPU and 38-Core GPU 14 inch (Early 2023),4TB SSD,4800,MacBook Pro M2 Max 12-Core CPU and 38-Core GPU 14 inch (Early 2023),2023.0,Mac,MacBook Pro,,Early 2023,14.0,,M2 Max,,4096.0,SSD,,
,Retailer Trade-in,Switch,Mac,MacBook Pro M2 Max 12-Core CPU and 38-Core GPU 14 inch (Early 2023),8TB SSD,6030,MacBook Pro M2 Max 12-Core CPU and 38-Core GPU 14 inch (Early 2023),2023.0,Mac,MacBook Pro,,Early 2023,14.0,,M2 Max,,8192.0,SSD,,
,Retailer Trade-in,Switch,Mac,MacBook Pro M2 Max 12-Core CPU and 38-Core GPU 16 inch (Early 2023),512GB SSD,3700,MacBook Pro M2 Max 12-Core CPU and 38-Core GPU 16 inch (Early 2023),2023.0,Mac,MacBook Pro,,Early 2023,16.0,,M2 Max,,512.0,SSD,,
,Retailer Trade-in,Switch,Mac,MacBook Pro M2 Max 12-Core CPU and 38-Core GPU 16 inch (Early 2023),1TB SSD,3800,MacBook Pro M2 Max 12-Core CPU and 38-Core GPU 16 inch (Early 2023),2023.0,Mac,MacBook Pro,,Early 2023,16.0,,M2 Max,,1024.0,SSD,,
,Retailer Trade-in,Switch,Mac,MacBook Pro M2 Max 12-Core CPU and 38-Core GPU 16 inch (Early 2023),2TB SSD,4460,MacBook Pro M2 Max 12-Core CPU and 38-Core GPU 16 inch (Early 2023),2023.0,Mac,MacBook Pro,,Early 2023,16.0,,M2 Max,,2048.0,SSD,,
,Retailer Trade-in,Switch,Mac,MacBook Pro M2 Max 12-Core CPU and 38-Core GPU 16 inch (Early 2023),4TB SSD,4870,MacBook Pro M2 Max 12-Core CPU and 38-Core GPU 16 inch (Early 2023),2023.0,Mac,MacBook Pro,,Early 2023,16.0,,M2 Max,,4096.0,SSD,,
,Retailer Trade-in,Switch,Mac,MacBook Pro M2 Max 12-Core CPU and 38-Core GPU 16 inch (Early 2023),8TB SSD,6330,MacBook Pro M2 Max 12-Core CPU and 38-Core GPU 16 inch (Early 2023),2023.0,Mac,MacBook Pro,,Early 2023,16.0,,M2 Max,,8192.0,SSD,,
,Retailer Trade-in,Switch,Mac,MacBook Pro M2 Pro 10-Core CPU and 16-Core GPU 14 inch (Early 2023),512GB SSD,2490,MacBook Pro M2 Pro 10-Core CPU and 16-Core GPU 14 inch (Early 2023),2023.0,Mac,MacBook Pro,,Early 2023,14.0,,M2 pro,,512.0,SSD,,
,Retailer Trade-in,Switch,Mac,MacBook Pro M2 Pro 10-Core CPU and 16-Core GPU 14 inch (Early 2023),1TB SSD,2650,MacBook Pro M2 Pro 10-Core CPU and 16-Core GPU 14 inch (Early 2023),2023.0,Mac,MacBook Pro,,Early 2023,14.0,,M2 pro,,1024.0,SSD,,
,Retailer Trade-in,Switch,Mac,MacBook Pro M2 Pro 10-Core CPU and 16-Core GPU 14 inch (Early 2023),2TB SSD,2930,MacBook Pro M2 Pro 10-Core CPU and 16-Core GPU 14 inch (Early 2023),2023.0,Mac,MacBook Pro,,Early 2023,14.0,,M2 pro,,2048.0,SSD,,
,Retailer Trade-in,Switch,Mac,MacBook Pro M2 Pro 10-Core CPU and 16-Core GPU 14 inch (Early 2023),4TB SSD,3370,MacBook Pro M2 Pro 10-Core CPU and 16-Core GPU 14 inch (Early 2023),2023.0,Mac,MacBook Pro,,Early 2023,14.0,,M2 pro,,4096.0,SSD,,
,Retailer Trade-in,Switch,Mac,MacBook Pro M2 Pro 10-Core CPU and 16-Core GPU 14 inch (Early 2023),8TB SSD,4290,MacBook Pro M2 Pro 10-Core CPU and 16-Core GPU 14 inch (Early 2023),2023.0,Mac,MacBook Pro,,Early 2023,14.0,,M2 pro,,8192.0,SSD,,
,Retailer Trade-in,Switch,Mac,MacBook Pro M2 Pro 12-Core CPU and 19-Core GPU 14 inch (Early 2023),512GB SSD,2530,MacBook Pro M2 Pro 12-Core CPU and 19-Core GPU 14 inch (Early 2023),2023.0,Mac,MacBook Pro,,Early 2023,14.0,,M2 pro,,512.0,SSD,,
,Retailer Trade-in,Switch,Mac,MacBook Pro M2 Pro 12-Core CPU and 19-Core GPU 14 inch (Early 2023),1TB SSD,2650,MacBook Pro M2 Pro 12-Core CPU and 19-Core GPU 14 inch (Early 2023),2023.0,Mac,MacBook Pro,,Early 2023,14.0,,M2 pro,,1024.0,SSD,,
,Retailer Trade-in,Switch,Mac,MacBook Pro M2 Pro 12-Core CPU and 19-Core GPU 14 inch (Early 2023),2TB SSD,3250,MacBook Pro M2 Pro 12-Core CPU and 19-Core GPU 14 inch (Early 2023),2023.0,Mac,MacBook Pro,,Early 2023,14.0,,M2 pro,,2048.0,SSD,,
,Retailer Trade-in,Switch,Mac,MacBook Pro M2 Pro 12-Core CPU and 19-Core GPU 14 inch (Early 2023),4TB SSD,3840,MacBook Pro M2 Pro 12-Core CPU and 19-Core GPU 14 inch (Early 2023),2023.0,Mac,MacBook Pro,,Early 2023,14.0,,M2 pro,,4096.0,SSD,,
,Retailer Trade-in,Switch,Mac,MacBook Pro M2 Pro 12-Core CPU and 19-Core GPU 14 inch (Early 2023),8TB SSD,4780,MacBook Pro M2 Pro 12-Core CPU and 19-Core GPU 14 inch (Early 2023),2023.0,Mac,MacBook Pro,,Early 2023,14.0,,M2 pro,,8192.0,SSD,,
,Retailer Trade-in,Switch,Mac,MacBook Pro M2 Pro 12-Core CPU and 19-Core GPU 16 inch (Early 2023),512GB SSD,2950,MacBook Pro M2 Pro 12-Core CPU and 19-Core GPU 16 inch (Early 2023),2023.0,Mac,MacBook Pro,,Early 2023,16.0,,M2 pro,,512.0,SSD,,
,Retailer Trade-in,Switch,Mac,MacBook Pro M2 Pro 12-Core CPU and 19-Core GPU 16 inch (Early 2023),1TB SSD,3160,MacBook Pro M2 Pro 12-Core CPU and 19-Core GPU 16 inch (Early 2023),2023.0,Mac,MacBook Pro,,Early 2023,16.0,,M2 pro,,1024.0,SSD,,
,Retailer Trade-in,Switch,Mac,MacBook Pro M2 Pro 12-Core CPU and 19-Core GPU 16 inch (Early 2023),2TB SSD,3540,MacBook Pro M2 Pro 12-Core CPU and 19-Core GPU 16 inch (Early 2023),2023.0,Mac,MacBook Pro,,Early 2023,16.0,,M2 pro,,2048.0,SSD,,
,Retailer Trade-in,Switch,Mac,MacBook Pro M2 Pro 12-Core CPU and 19-Core GPU 16 inch (Early 2023),4TB SSD,4330,MacBook Pro M2 Pro 12-Core CPU and 19-Core GPU 16 inch (Early 2023),2023.0,Mac,MacBook Pro,,Early 2023,16.0,,M2 pro,,4096.0,SSD,,
,Retailer Trade-in,Switch,Mac,MacBook Pro M2 Pro 12-Core CPU and 19-Core GPU 16 inch (Early 2023),8TB SSD,5570,MacBook Pro M2 Pro 12-Core CPU and 19-Core GPU 16 inch (Early 2023),2023.0,Mac,MacBook Pro,,Early 2023,16.0,,M2 pro,,8192.0,SSD,,
,Retailer Trade-in,Switch,Mac,MacBook Pro M3 8-Core CPU and 10-Core GPU 14 inch (Late 2023),512GB SSD,2560,MacBook Pro M3 8-Core CPU and 10-Core GPU 14 inch (Late 2023),2023.0,Mac,MacBook Pro,,Late 2023,14.0,,M3 ,,512.0,SSD,,
,Retailer Trade-in,Switch,Mac,MacBook Pro M3 8-Core CPU and 10-Core GPU 14 inch (Late 2023),1TB SSD,2820,MacBook Pro M3 8-Core CPU and 10-Core GPU 14 inch (Late 2023),2023.0,Mac,MacBook Pro,,Late 2023,14.0,,M3 ,,1024.0,SSD,,
,Retailer Trade-in,Switch,Mac,MacBook Pro M3 8-Core CPU and 10-Core GPU 14 inch (Late 2023),2TB SSD,3550,MacBook Pro M3 8-Core CPU and 10-Core GPU 14 inch (Late 2023),2023.0,Mac,MacBook Pro,,Late 2023,14.0,,M3 ,,2048.0,SSD,,
,Retailer Trade-in,Switch,Mac,MacBook Pro M3 Max 14-Core CPU and 30-Core GPU 14 inch (Late 2023),512GB SSD,4640,MacBook Pro M3 Max 14-Core CPU and 30-Core GPU 14 inch (Late 2023),2023.0,Mac,MacBook Pro,,Late 2023,14.0,,M3 Max,,512.0,SSD,,
,Retailer Trade-in,Switch,Mac,MacBook Pro M3 Max 14-Core CPU and 30-Core GPU 14 inch (Late 2023),1TB SSD,4830,MacBook Pro M3 Max 14-Core CPU and 30-Core GPU 14 inch (Late 2023),2023.0,Mac,MacBook Pro,,Late 2023,14.0,,M3 Max,,1024.0,SSD,,
,Retailer Trade-in,Switch,Mac,MacBook Pro M3 Max 14-Core CPU and 30-Core GPU 14 inch (Late 2023),2TB SSD,5260,MacBook Pro M3 Max 14-Core CPU and 30-Core GPU 14 inch (Late 2023),2023.0,Mac,MacBook Pro,,Late 2023,14.0,,M3 Max,,2048.0,SSD,,
,Retailer Trade-in,Switch,Mac,MacBook Pro M3 Max 14-Core CPU and 30-Core GPU 14 inch (Late 2023),4TB SSD,6450,MacBook Pro M3 Max 14-Core CPU and 30-Core GPU 14 inch (Late 2023),2023.0,Mac,MacBook Pro,,Late 2023,14.0,,M3 Max,,4096.0,SSD,,
,Retailer Trade-in,Switch,Mac,MacBook Pro M3 Max 14-Core CPU and 30-Core GPU 14 inch (Late 2023),8TB SSD,7450,MacBook Pro M3 Max 14-Core CPU and 30-Core GPU 14 inch (Late 2023),2023.0,Mac,MacBook Pro,,Late 2023,14.0,,M3 Max,,8192.0,SSD,,
,Retailer Trade-in,Switch,Mac,MacBook Pro M3 Max 14-Core CPU and 30-Core GPU 16 inch (Late 2023),512GB SSD,5240,MacBook Pro M3 Max 14-Core CPU and 30-Core GPU 16 inch (Late 2023),2023.0,Mac,MacBook Pro,,Late 2023,16.0,,M3 Max,,512.0,SSD,,
,Retailer Trade-in,Switch,Mac,MacBook Pro M3 Max 14-Core CPU and 30-Core GPU 16 inch (Late 2023),1TB SSD,5680,MacBook Pro M3 Max 14-Core CPU and 30-Core GPU 16 inch (Late 2023),2023.0,Mac,MacBook Pro,,Late 2023,16.0,,M3 Max,,1024.0,SSD,,
,Retailer Trade-in,Switch,Mac,MacBook Pro M3 Max 14-Core CPU and 30-Core GPU 16 inch (Late 2023),2TB SSD,6150,MacBook Pro M3 Max 14-Core CPU and 30-Core GPU 16 inch (Late 2023),2023.0,Mac,MacBook Pro,,Late 2023,16.0,,M3 Max,,2048.0,SSD,,
,Retailer Trade-in,Switch,Mac,MacBook Pro M3 Max 14-Core CPU and 30-Core GPU 16 inch (Late 2023),4TB SSD,7200,MacBook Pro M3 Max 14-Core CPU and 30-Core GPU 16 inch (Late 2023),2023.0,Mac,MacBook Pro,,Late 2023,16.0,,M3 Max,,4096.0,SSD,,
,Retailer Trade-in,Switch,Mac,MacBook Pro M3 Max 14-Core CPU and 30-Core GPU 16 inch (Late 2023),8TB SSD,8710,MacBook Pro M3 Max 14-Core CPU and 30-Core GPU 16 inch (Late 2023),2023.0,Mac,MacBook Pro,,Late 2023,16.0,,M3 Max,,8192.0,SSD,,
,Retailer Trade-in,Switch,Mac,MacBook Pro M3 Max 16-Core CPU and 40-Core GPU 14 inch (Late 2023),512GB SSD,5260,MacBook Pro M3 Max 16-Core CPU and 40-Core GPU 14 inch (Late 2023),2023.0,Mac,MacBook Pro,,Late 2023,14.0,,M3 Max,,512.0,SSD,,
,Retailer Trade-in,Switch,Mac,MacBook Pro M3 Max 16-Core CPU and 40-Core GPU 14 inch (Late 2023),1TB SSD,5420,MacBook Pro M3 Max 16-Core CPU and 40-Core GPU 14 inch (Late 2023),2023.0,Mac,MacBook Pro,,Late 2023,14.0,,M3 Max,,1024.0,SSD,,
,Retailer Trade-in,Switch,Mac,MacBook Pro M3 Max 16-Core CPU and 40-Core GPU 14 inch (Late 2023),2TB SSD,6100,MacBook Pro M3 Max 16-Core CPU and 40-Core GPU 14 inch (Late 2023),2023.0,Mac,MacBook Pro,,Late 2023,14.0,,M3 Max,,2048.0,SSD,,
,Retailer Trade-in,Switch,Mac,MacBook Pro M3 Max 16-Core CPU and 40-Core GPU 14 inch (Late 2023),4TB SSD,6940,MacBook Pro M3 Max 16-Core CPU and 40-Core GPU 14 inch (Late 2023),2023.0,Mac,MacBook Pro,,Late 2023,14.0,,M3 Max,,4096.0,SSD,,
,Retailer Trade-in,Switch,Mac,MacBook Pro M3 Max 16-Core CPU and 40-Core GPU 14 inch (Late 2023),8TB SSD,8600,MacBook Pro M3 Max 16-Core CPU and 40-Core GPU 14 inch (Late 2023),2023.0,Mac,MacBook Pro,,Late 2023,14.0,,M3 Max,,8192.0,SSD,,
,Retailer Trade-in,Switch,Mac,MacBook Pro M3 Max 16-Core CPU and 40-Core GPU 16 inch (Late 2023),512GB SSD,6000,MacBook Pro M3 Max 16-Core CPU and 40-Core GPU 16 inch (Late 2023),2023.0,Mac,MacBook Pro,,Late 2023,16.0,,M3 Max,,512.0,SSD,,
,Retailer Trade-in,Switch,Mac,MacBook Pro M3 Max 16-Core CPU and 40-Core GPU 16 inch (Late 2023),1TB SSD,6450,MacBook Pro M3 Max 16-Core CPU and 40-Core GPU 16 inch (Late 2023),2023.0,Mac,MacBook Pro,,Late 2023,16.0,,M3 Max,,1024.0,SSD,,
,Retailer Trade-in,Switch,Mac,MacBook Pro M3 Max 16-Core CPU and 40-Core GPU 16 inch (Late 2023),2TB SSD,7030,MacBook Pro M3 Max 16-Core CPU and 40-Core GPU 16 inch (Late 2023),2023.0,Mac,MacBook Pro,,Late 2023,16.0,,M3 Max,,2048.0,SSD,,
,Retailer Trade-in,Switch,Mac,MacBook Pro M3 Max 16-Core CPU and 40-Core GPU 16 inch (Late 2023),4TB SSD,7660,MacBook Pro M3 Max 16-Core CPU and 40-Core GPU 16 inch (Late 2023),2023.0,Mac,MacBook Pro,,Late 2023,16.0,,M3 Max,,4096.0,SSD,,
,Retailer Trade-in,Switch,Mac,MacBook Pro M3 Max 16-Core CPU and 40-Core GPU 16 inch (Late 2023),8TB SSD,9570,MacBook Pro M3 Max 16-Core CPU and 40-Core GPU 16 inch (Late 2023),2023.0,Mac,MacBook Pro,,Late 2023,16.0,,M3 Max,,8192.0,SSD,,
,Retailer Trade-in,Switch,Mac,MacBook Pro M3 Pro 11-Core CPU and 14-Core GPU 14 inch (Late 2023),512GB SSD,3040,MacBook Pro M3 Pro 11-Core CPU and 14-Core GPU 14 inch (Late 2023),2023.0,Mac,MacBook Pro,,Late 2023,14.0,,M3 pro,,512.0,SSD,,
,Retailer Trade-in,Switch,Mac,MacBook Pro M3 Pro 11-Core CPU and 14-Core GPU 14 inch (Late 2023),1TB SSD,3320,MacBook Pro M3 Pro 11-Core CPU and 14-Core GPU 14 inch (Late 2023),2023.0,Mac,MacBook Pro,,Late 2023,14.0,,M3 pro,,1024.0,SSD,,
,Retailer Trade-in,Switch,Mac,MacBook Pro M3 Pro 11-Core CPU and 14-Core GPU 14 inch (Late 2023),2TB SSD,4100,MacBook Pro M3 Pro 11-Core CPU and 14-Core GPU 14 inch (Late 2023),2023.0,Mac,MacBook Pro,,Late 2023,14.0,,M3 pro,,2048.0,SSD,,
,Retailer Trade-in,Switch,Mac,MacBook Pro M3 Pro 11-Core CPU and 14-Core GPU 14 inch (Late 2023),4TB SSD,4950,MacBook Pro M3 Pro 11-Core CPU and 14-Core GPU 14 inch (Late 2023),2023.0,Mac,MacBook Pro,,Late 2023,14.0,,M3 pro,,4096.0,SSD,,
,Retailer Trade-in,Switch,Mac,MacBook Pro M3 Pro 12-Core CPU and 18-Core GPU 14 inch (Late 2023),512GB SSD,3440,MacBook Pro M3 Pro 12-Core CPU and 18-Core GPU 14 inch (Late 2023),2023.0,Mac,MacBook Pro,,Late 2023,14.0,,M3 pro,,512.0,SSD,,
,Retailer Trade-in,Switch,Mac,MacBook Pro M3 Pro 12-Core CPU and 18-Core GPU 14 inch (Late 2023),1TB SSD,3720,MacBook Pro M3 Pro 12-Core CPU and 18-Core GPU 14 inch (Late 2023),2023.0,Mac,MacBook Pro,,Late 2023,14.0,,M3 pro,,1024.0,SSD,,
,Retailer Trade-in,Switch,Mac,MacBook Pro M3 Pro 12-Core CPU and 18-Core GPU 14 inch (Late 2023),2TB SSD,4130,MacBook Pro M3 Pro 12-Core CPU and 18-Core GPU 14 inch (Late 2023),2023.0,Mac,MacBook Pro,,Late 2023,14.0,,M3 pro,,2048.0,SSD,,
,Retailer Trade-in,Switch,Mac,MacBook Pro M3 Pro 12-Core CPU and 18-Core GPU 14 inch (Late 2023),4TB SSD,4800,MacBook Pro M3 Pro 12-Core CPU and 18-Core GPU 14 inch (Late 2023),2023.0,Mac,MacBook Pro,,Late 2023,14.0,,M3 pro,,4096.0,SSD,,
,Retailer Trade-in,Switch,Mac,MacBook Pro M3 Pro 12-Core CPU and 18-Core GPU 16 inch (Late 2023),512GB SSD,3940,MacBook Pro M3 Pro 12-Core CPU and 18-Core GPU 16 inch (Late 2023),2023.0,Mac,MacBook Pro,,Late 2023,16.0,,M3 pro,,512.0,SSD,,
,Retailer Trade-in,Switch,Mac,MacBook Pro M3 Pro 12-Core CPU and 18-Core GPU 16 inch (Late 2023),1TB SSD,4380,MacBook Pro M3 Pro 12-Core CPU and 18-Core GPU 16 inch (Late 2023),2023.0,Mac,MacBook Pro,,Late 2023,16.0,,M3 pro,,1024.0,SSD,,
,Retailer Trade-in,Switch,Mac,MacBook Pro M3 Pro 12-Core CPU and 18-Core GPU 16 inch (Late 2023),2TB SSD,5130,MacBook Pro M3 Pro 12-Core CPU and 18-Core GPU 16 inch (Late 2023),2023.0,Mac,MacBook Pro,,Late 2023,16.0,,M3 pro,,2048.0,SSD,,
,Retailer Trade-in,Switch,Mac,MacBook Pro M3 Pro 12-Core CPU and 18-Core GPU 16 inch (Late 2023),4TB SSD,5910,MacBook Pro M3 Pro 12-Core CPU and 18-Core GPU 16 inch (Late 2023),2023.0,Mac,MacBook Pro,,Late 2023,16.0,,M3 pro,,4096.0,SSD,,
,Retailer Trade-in,UR,Mac,MacBook Air i3 1.1GHz 13 inch (Early 2020),256GB SSD,350,MacBook Air i3 1.1GHz 13 inch (Early 2020),2020.0,Mac,MacBook Air,,Early 2020,13.0,1.1GHz,i3,,256.0,SSD,,
,Retailer Trade-in,UR,Mac,MacBook Air i3 1.1GHz 13 inch (Early 2020),512GB SSD,360,MacBook Air i3 1.1GHz 13 inch (Early 2020),2020.0,Mac,MacBook Air,,Early 2020,13.0,1.1GHz,i3,,512.0,SSD,,
,Retailer Trade-in,UR,Mac,MacBook Air i3 1.1GHz 13 inch (Early 2020),1TB SSD,370,MacBook Air i3 1.1GHz 13 inch (Early 2020),2020.0,Mac,MacBook Air,,Early 2020,13.0,1.1GHz,i3,,1024.0,SSD,,
,Retailer Trade-in,UR,Mac,MacBook Air i3 1.1GHz 13 inch (Early 2020),2TB SSD,430,MacBook Air i3 1.1GHz 13 inch (Early 2020),2020.0,Mac,MacBook Air,,Early 2020,13.0,1.1GHz,i3,,2048.0,SSD,,
,Retailer Trade-in,UR,Mac,MacBook Air i5 1.1GHz 13 inch (Early 2020),256GB SSD,460,MacBook Air i5 1.1GHz 13 inch (Early 2020),2020.0,Mac,MacBook Air,,Early 2020,13.0,1.1GHz,i5,,256.0,SSD,,
,Retailer Trade-in,UR,Mac,MacBook Air i5 1.1GHz 13 inch (Early 2020),512GB SSD,500,MacBook Air i5 1.1GHz 13 inch (Early 2020),2020.0,Mac,MacBook Air,,Early 2020,13.0,1.1GHz,i5,,512.0,SSD,,
,Retailer Trade-in,UR,Mac,MacBook Air i5 1.1GHz 13 inch (Early 2020),1TB SSD,510,MacBook Air i5 1.1GHz 13 inch (Early 2020),2020.0,Mac,MacBook Air,,Early 2020,13.0,1.1GHz,i5,,1024.0,SSD,,
,Retailer Trade-in,UR,Mac,MacBook Air i5 1.1GHz 13 inch (Early 2020),2TB SSD,580,MacBook Air i5 1.1GHz 13 inch (Early 2020),2020.0,Mac,MacBook Air,,Early 2020,13.0,1.1GHz,i5,,2048.0,SSD,,
,Retailer Trade-in,UR,Mac,MacBook Air i5 1.6GHz 13 inch (Early 2015),128GB SSD,50,MacBook Air i5 1.6GHz 13 inch (Early 2015),2015.0,Mac,MacBook Air,,Early 2015,13.0,1.6GHz,i5,,128.0,SSD,,
,Retailer Trade-in,UR,Mac,MacBook Air i5 1.6GHz 13 inch (Early 2015),256GB SSD,50,MacBook Air i5 1.6GHz 13 inch (Early 2015),2015.0,Mac,MacBook Air,,Early 2015,13.0,1.6GHz,i5,,256.0,SSD,,
,Retailer Trade-in,UR,Mac,MacBook Air i5 1.6GHz 13 inch (Early 2015),512GB SSD,50,MacBook Air i5 1.6GHz 13 inch (Early 2015),2015.0,Mac,MacBook Air,,Early 2015,13.0,1.6GHz,i5,,512.0,SSD,,
,Retailer Trade-in,UR,Mac,MacBook Air i5 1.6GHz 13 inch (Late 2018),128GB SSD,250,MacBook Air i5 1.6GHz 13 inch (Late 2018),2018.0,Mac,MacBook Air,,Late 2018,13.0,1.6GHz,i5,,128.0,SSD,,
,Retailer Trade-in,UR,Mac,MacBook Air i5 1.6GHz 13 inch (Late 2018),256GB SSD,350,MacBook Air i5 1.6GHz 13 inch (Late 2018),2018.0,Mac,MacBook Air,,Late 2018,13.0,1.6GHz,i5,,256.0,SSD,,
,Retailer Trade-in,UR,Mac,MacBook Air i5 1.6GHz 13 inch (Late 2018),512GB SSD,400,MacBook Air i5 1.6GHz 13 inch (Late 2018),2018.0,Mac,MacBook Air,,Late 2018,13.0,1.6GHz,i5,,512.0,SSD,,
,Retailer Trade-in,UR,Mac,MacBook Air i5 1.6GHz 13 inch (Late 2018),1.5TB SSD,450,MacBook Air i5 1.6GHz 13 inch (Late 2018),2018.0,Mac,MacBook Air,,Late 2018,13.0,1.6GHz,i5,,1536.0,SSD,,
,Retailer Trade-in,UR,Mac,MacBook Air i5 1.6GHz 13 inch (Mid 2019),128GB SSD,410,MacBook Air i5 1.6GHz 13 inch (Mid 2019),2019.0,Mac,MacBook Air,,Mid 2019,13.0,1.6GHz,i5,,128.0,SSD,,
,Retailer Trade-in,UR,Mac,MacBook Air i5 1.6GHz 13 inch (Mid 2019),256GB SSD,420,MacBook Air i5 1.6GHz 13 inch (Mid 2019),2019.0,Mac,MacBook Air,,Mid 2019,13.0,1.6GHz,i5,,256.0,SSD,,
,Retailer Trade-in,UR,Mac,MacBook Air i5 1.6GHz 13 inch (Mid 2019),512GB SSD,490,MacBook Air i5 1.6GHz 13 inch (Mid 2019),2019.0,Mac,MacBook Air,,Mid 2019,13.0,1.6GHz,i5,,512.0,SSD,,
,Retailer Trade-in,UR,Mac,MacBook Air i5 1.6GHz 13 inch (Mid 2019),1TB SSD,500,MacBook Air i5 1.6GHz 13 inch (Mid 2019),2019.0,Mac,MacBook Air,,Mid 2019,13.0,1.6GHz,i5,,1024.0,SSD,,
,Retailer Trade-in,UR,Mac,MacBook Air i5 1.8GHz 13 inch (Mid 2017),128GB SSD,180,MacBook Air i5 1.8GHz 13 inch (Mid 2017),2017.0,Mac,MacBook Air,,Mid 2017,13.0,1.8GHz,i5,,128.0,SSD,,
,Retailer Trade-in,UR,Mac,MacBook Air i5 1.8GHz 13 inch (Mid 2017),256GB SSD,230,MacBook Air i5 1.8GHz 13 inch (Mid 2017),2017.0,Mac,MacBook Air,,Mid 2017,13.0,1.8GHz,i5,,256.0,SSD,,
,Retailer Trade-in,UR,Mac,MacBook Air i5 1.8GHz 13 inch (Mid 2017),512GB SSD,260,MacBook Air i5 1.8GHz 13 inch (Mid 2017),2017.0,Mac,MacBook Air,,Mid 2017,13.0,1.8GHz,i5,,512.0,SSD,,
,Retailer Trade-in,UR,Mac,MacBook Air i7 1.2GHz 13 inch (Early 2020),256GB SSD,490,MacBook Air i7 1.2GHz 13 inch (Early 2020),2020.0,Mac,MacBook Air,,Early 2020,13.0,1.2GHz,i7,,256.0,SSD,,
,Retailer Trade-in,UR,Mac,MacBook Air i7 1.2GHz 13 inch (Early 2020),512GB SSD,500,MacBook Air i7 1.2GHz 13 inch (Early 2020),2020.0,Mac,MacBook Air,,Early 2020,13.0,1.2GHz,i7,,512.0,SSD,,
,Retailer Trade-in,UR,Mac,MacBook Air i7 1.2GHz 13 inch (Early 2020),1TB SSD,530,MacBook Air i7 1.2GHz 13 inch (Early 2020),2020.0,Mac,MacBook Air,,Early 2020,13.0,1.2GHz,i7,,1024.0,SSD,,
,Retailer Trade-in,UR,Mac,MacBook Air i7 1.2GHz 13 inch (Early 2020),2TB SSD,600,MacBook Air i7 1.2GHz 13 inch (Early 2020),2020.0,Mac,MacBook Air,,Early 2020,13.0,1.2GHz,i7,,2048.0,SSD,,
,Retailer Trade-in,UR,Mac,MacBook Air i7 2.2GHz 13 inch (Early 2015),128GB SSD,80,MacBook Air i7 2.2GHz 13 inch (Early 2015),2015.0,Mac,MacBook Air,,Early 2015,13.0,2.2GHz,i7,,128.0,SSD,,
,Retailer Trade-in,UR,Mac,MacBook Air i7 2.2GHz 13 inch (Early 2015),256GB SSD,80,MacBook Air i7 2.2GHz 13 inch (Early 2015),2015.0,Mac,MacBook Air,,Early 2015,13.0,2.2GHz,i7,,256.0,SSD,,
,Retailer Trade-in,UR,Mac,MacBook Air i7 2.2GHz 13 inch (Early 2015),512GB SSD,80,MacBook Air i7 2.2GHz 13 inch (Early 2015),2015.0,Mac,MacBook Air,,Early 2015,13.0,2.2GHz,i7,,512.0,SSD,,
,Retailer Trade-in,UR,Mac,MacBook Air i7 2.2GHz 13 inch (Mid 2017),128GB SSD,260,MacBook Air i7 2.2GHz 13 inch (Mid 2017),2017.0,Mac,MacBook Air,,Mid 2017,13.0,2.2GHz,i7,,128.0,SSD,,
,Retailer Trade-in,UR,Mac,MacBook Air i7 2.2GHz 13 inch (Mid 2017),256GB SSD,310,MacBook Air i7 2.2GHz 13 inch (Mid 2017),2017.0,Mac,MacBook Air,,Mid 2017,13.0,2.2GHz,i7,,256.0,SSD,,
,Retailer Trade-in,UR,Mac,MacBook Air i7 2.2GHz 13 inch (Mid 2017),512GB SSD,430,MacBook Air i7 2.2GHz 13 inch (Mid 2017),2017.0,Mac,MacBook Air,,Mid 2017,13.0,2.2GHz,i7,,512.0,SSD,,
,Retailer Trade-in,UR,Mac,MacBook Air M1 8-Core CPU and 7-Core GPU 13 inch (Late 2020),128GB SSD,460,MacBook Air M1 8-Core CPU and 7-Core GPU 13 inch (Late 2020),2020.0,Mac,MacBook Air,,Late 2020,13.0,,M1 ,,128.0,SSD,,
,Retailer Trade-in,UR,Mac,MacBook Air M1 8-Core CPU and 7-Core GPU 13 inch (Late 2020),256GB SSD,560,MacBook Air M1 8-Core CPU and 7-Core GPU 13 inch (Late 2020),2020.0,Mac,MacBook Air,,Late 2020,13.0,,M1 ,,256.0,SSD,,
,Retailer Trade-in,UR,Mac,MacBook Air M1 8-Core CPU and 7-Core GPU 13 inch (Late 2020),512GB SSD,570,MacBook Air M1 8-Core CPU and 7-Core GPU 13 inch (Late 2020),2020.0,Mac,MacBook Air,,Late 2020,13.0,,M1 ,,512.0,SSD,,
,Retailer Trade-in,UR,Mac,MacBook Air M1 8-Core CPU and 7-Core GPU 13 inch (Late 2020),1TB SSD,580,MacBook Air M1 8-Core CPU and 7-Core GPU 13 inch (Late 2020),2020.0,Mac,MacBook Air,,Late 2020,13.0,,M1 ,,1024.0,SSD,,
,Retailer Trade-in,UR,Mac,MacBook Air M1 8-Core CPU and 7-Core GPU 13 inch (Late 2020),2TB SSD,660,MacBook Air M1 8-Core CPU and 7-Core GPU 13 inch (Late 2020),2020.0,Mac,MacBook Air,,Late 2020,13.0,,M1 ,,2048.0,SSD,,
,Retailer Trade-in,UR,Mac,MacBook Air M1 8-Core CPU and 8-Core GPU 13 inch (Late 2020),256GB SSD,580,MacBook Air M1 8-Core CPU and 8-Core GPU 13 inch (Late 2020),2020.0,Mac,MacBook Air,,Late 2020,13.0,,M1 ,,256.0,SSD,,
,Retailer Trade-in,UR,Mac,MacBook Air M1 8-Core CPU and 8-Core GPU 13 inch (Late 2020),512GB SSD,610,MacBook Air M1 8-Core CPU and 8-Core GPU 13 inch (Late 2020),2020.0,Mac,MacBook Air,,Late 2020,13.0,,M1 ,,512.0,SSD,,
,Retailer Trade-in,UR,Mac,MacBook Air M1 8-Core CPU and 8-Core GPU 13 inch (Late 2020),1TB SSD,680,MacBook Air M1 8-Core CPU and 8-Core GPU 13 inch (Late 2020),2020.0,Mac,MacBook Air,,Late 2020,13.0,,M1 ,,1024.0,SSD,,
,Retailer Trade-in,UR,Mac,MacBook Air M1 8-Core CPU and 8-Core GPU 13 inch (Late 2020),2TB SSD,710,MacBook Air M1 8-Core CPU and 8-Core GPU 13 inch (Late 2020),2020.0,Mac,MacBook Air,,Late 2020,13.0,,M1 ,,2048.0,SSD,,
,Retailer Trade-in,UR,Mac,MacBook Air M2 8-Core CPU and 10-Core GPU 13.6 inch (Mid 2022),256GB SSD,1210,MacBook Air M2 8-Core CPU and 10-Core GPU 13.6 inch (Mid 2022),2022.0,Mac,MacBook Air,,Mid 2022,13.6,,M2 ,,256.0,SSD,,
,Retailer Trade-in,UR,Mac,MacBook Air M2 8-Core CPU and 10-Core GPU 13.6 inch (Mid 2022),512GB SSD,1400,MacBook Air M2 8-Core CPU and 10-Core GPU 13.6 inch (Mid 2022),2022.0,Mac,MacBook Air,,Mid 2022,13.6,,M2 ,,512.0,SSD,,
,Retailer Trade-in,UR,Mac,MacBook Air M2 8-Core CPU and 10-Core GPU 13.6 inch (Mid 2022),1TB SSD,1560,MacBook Air M2 8-Core CPU and 10-Core GPU 13.6 inch (Mid 2022),2022.0,Mac,MacBook Air,,Mid 2022,13.6,,M2 ,,1024.0,SSD,,
,Retailer Trade-in,UR,Mac,MacBook Air M2 8-Core CPU and 10-Core GPU 13.6 inch (Mid 2022),2TB SSD,2020,MacBook Air M2 8-Core CPU and 10-Core GPU 13.6 inch (Mid 2022),2022.0,Mac,MacBook Air,,Mid 2022,13.6,,M2 ,,2048.0,SSD,,
,Retailer Trade-in,UR,Mac,MacBook Air M2 8-Core CPU and 10-Core GPU 15 inch (Mid 2023),256GB SSD,1860,MacBook Air M2 8-Core CPU and 10-Core GPU 15 inch (Mid 2023),2023.0,Mac,MacBook Air,,Mid 2023,15.0,,M2 ,,256.0,SSD,,
,Retailer Trade-in,UR,Mac,MacBook Air M2 8-Core CPU and 10-Core GPU 15 inch (Mid 2023),512GB SSD,2020,MacBook Air M2 8-Core CPU and 10-Core GPU 15 inch (Mid 2023),2023.0,Mac,MacBook Air,,Mid 2023,15.0,,M2 ,,512.0,SSD,,
,Retailer Trade-in,UR,Mac,MacBook Air M2 8-Core CPU and 10-Core GPU 15 inch (Mid 2023),1TB SSD,2250,MacBook Air M2 8-Core CPU and 10-Core GPU 15 inch (Mid 2023),2023.0,Mac,MacBook Air,,Mid 2023,15.0,,M2 ,,1024.0,SSD,,
,Retailer Trade-in,UR,Mac,MacBook Air M2 8-Core CPU and 10-Core GPU 15 inch (Mid 2023),2TB SSD,2820,MacBook Air M2 8-Core CPU and 10-Core GPU 15 inch (Mid 2023),2023.0,Mac,MacBook Air,,Mid 2023,15.0,,M2 ,,2048.0,SSD,,
,Retailer Trade-in,UR,Mac,MacBook Air M2 8-Core CPU and 8-Core GPU 13.6 inch (Mid 2022),256GB SSD,1210,MacBook Air M2 8-Core CPU and 8-Core GPU 13.6 inch (Mid 2022),2022.0,Mac,MacBook Air,,Mid 2022,13.6,,M2 ,,256.0,SSD,,
,Retailer Trade-in,UR,Mac,MacBook Air M2 8-Core CPU and 8-Core GPU 13.6 inch (Mid 2022),512GB SSD,1400,MacBook Air M2 8-Core CPU and 8-Core GPU 13.6 inch (Mid 2022),2022.0,Mac,MacBook Air,,Mid 2022,13.6,,M2 ,,512.0,SSD,,
,Retailer Trade-in,UR,Mac,MacBook Air M2 8-Core CPU and 8-Core GPU 13.6 inch (Mid 2022),1TB SSD,1560,MacBook Air M2 8-Core CPU and 8-Core GPU 13.6 inch (Mid 2022),2022.0,Mac,MacBook Air,,Mid 2022,13.6,,M2 ,,1024.0,SSD,,
,Retailer Trade-in,UR,Mac,MacBook Air M2 8-Core CPU and 8-Core GPU 13.6 inch (Mid 2022),2TB SSD,1900,MacBook Air M2 8-Core CPU and 8-Core GPU 13.6 inch (Mid 2022),2022.0,Mac,MacBook Air,,Mid 2022,13.6,,M2 ,,2048.0,SSD,,
,Retailer Trade-in,UR,Mac,MacBook Air M3 8-Core CPU and 10-Core GPU 13.6 inch (Early 2024),256GB SSD,1980,MacBook Air M3 8-Core CPU and 10-Core GPU 13.6 inch (Early 2024),2024.0,Mac,MacBook Air,,Early 2024,13.6,,M3 ,,256.0,SSD,,
,Retailer Trade-in,UR,Mac,MacBook Air M3 8-Core CPU and 10-Core GPU 13.6 inch (Early 2024),512GB SSD,2160,MacBook Air M3 8-Core CPU and 10-Core GPU 13.6 inch (Early 2024),2024.0,Mac,MacBook Air,,Early 2024,13.6,,M3 ,,512.0,SSD,,
,Retailer Trade-in,UR,Mac,MacBook Air M3 8-Core CPU and 10-Core GPU 13.6 inch (Early 2024),1TB SSD,2480,MacBook Air M3 8-Core CPU and 10-Core GPU 13.6 inch (Early 2024),2024.0,Mac,MacBook Air,,Early 2024,13.6,,M3 ,,1024.0,SSD,,
,Retailer Trade-in,UR,Mac,MacBook Air M3 8-Core CPU and 10-Core GPU 13.6 inch (Early 2024),2TB SSD,3100,MacBook Air M3 8-Core CPU and 10-Core GPU 13.6 inch (Early 2024),2024.0,Mac,MacBook Air,,Early 2024,13.6,,M3 ,,2048.0,SSD,,
,Retailer Trade-in,UR,Mac,MacBook Air M3 8-Core CPU and 10-Core GPU 15 inch (Early 2024),256GB SSD,2300,MacBook Air M3 8-Core CPU and 10-Core GPU 15 inch (Early 2024),2024.0,Mac,MacBook Air,,Early 2024,15.0,,M3 ,,256.0,SSD,,
,Retailer Trade-in,UR,Mac,MacBook Air M3 8-Core CPU and 10-Core GPU 15 inch (Early 2024),512GB SSD,2540,MacBook Air M3 8-Core CPU and 10-Core GPU 15 inch (Early 2024),2024.0,Mac,MacBook Air,,Early 2024,15.0,,M3 ,,512.0,SSD,,
,Retailer Trade-in,UR,Mac,MacBook Air M3 8-Core CPU and 10-Core GPU 15 inch (Early 2024),1TB SSD,3170,MacBook Air M3 8-Core CPU and 10-Core GPU 15 inch (Early 2024),2024.0,Mac,MacBook Air,,Early 2024,15.0,,M3 ,,1024.0,SSD,,
,Retailer Trade-in,UR,Mac,MacBook Air M3 8-Core CPU and 10-Core GPU 15 inch (Early 2024),2TB SSD,3450,MacBook Air M3 8-Core CPU and 10-Core GPU 15 inch (Early 2024),2024.0,Mac,MacBook Air,,Early 2024,15.0,,M3 ,,2048.0,SSD,,
,Retailer Trade-in,UR,Mac,MacBook Air M3 8-Core CPU and 8-Core GPU 13.6 inch (Early 2024),256GB SSD,1970,MacBook Air M3 8-Core CPU and 8-Core GPU 13.6 inch (Early 2024),2024.0,Mac,MacBook Air,,Early 2024,13.6,,M3 ,,256.0,SSD,,
,Retailer Trade-in,UR,Mac,MacBook i5 1.3GHz 12 inch (Mid 2017),256GB SSD,280,MacBook i5 1.3GHz 12 inch (Mid 2017),2017.0,Mac,MacBook,,Mid 2017,12.0,1.3GHz,i5,,256.0,SSD,,
,Retailer Trade-in,UR,Mac,MacBook i5 1.3GHz 12 inch (Mid 2017),512GB SSD,330,MacBook i5 1.3GHz 12 inch (Mid 2017),2017.0,Mac,MacBook,,Mid 2017,12.0,1.3GHz,i5,,512.0,SSD,,
,Retailer Trade-in,UR,Mac,MacBook i7 1.4GHz 12 inch (Mid 2017),256GB SSD,330,MacBook i7 1.4GHz 12 inch (Mid 2017),2017.0,Mac,MacBook,,Mid 2017,12.0,1.4GHz,i7,,256.0,SSD,,
,Retailer Trade-in,UR,Mac,MacBook i7 1.4GHz 12 inch (Mid 2017),512GB SSD,380,MacBook i7 1.4GHz 12 inch (Mid 2017),2017.0,Mac,MacBook,,Mid 2017,12.0,1.4GHz,i7,,512.0,SSD,,
,Retailer Trade-in,UR,Mac,MacBook m3 1.1GHz 12 inch (Early 2016),256GB SSD,120,MacBook m3 1.1GHz 12 inch (Early 2016),2016.0,Mac,MacBook,,Early 2016,12.0,1.1GHz,M3 ,,256.0,SSD,,
,Retailer Trade-in,UR,Mac,MacBook m3 1.2GHz 12 inch (Mid 2017),256GB SSD,280,MacBook m3 1.2GHz 12 inch (Mid 2017),2017.0,Mac,MacBook,,Mid 2017,12.0,1.2GHz,M3 ,,256.0,SSD,,
,Retailer Trade-in,UR,Mac,MacBook m5 1.2GHz 12 inch (Early 2016),512GB SSD,250,MacBook m5 1.2GHz 12 inch (Early 2016),2016.0,Mac,MacBook,,Early 2016,12.0,1.2GHz,,,512.0,SSD,,
,Retailer Trade-in,UR,Mac,MacBook m7 1.3GHz 12 inch (Early 2016),256GB SSD,190,MacBook m7 1.3GHz 12 inch (Early 2016),2016.0,Mac,MacBook,,Early 2016,12.0,1.3GHz,,,256.0,SSD,,
,Retailer Trade-in,UR,Mac,MacBook m7 1.3GHz 12 inch (Early 2016),512GB SSD,250,MacBook m7 1.3GHz 12 inch (Early 2016),2016.0,Mac,MacBook,,Early 2016,12.0,1.3GHz,,,512.0,SSD,,
,Retailer Trade-in,UR,Mac,MacBook Pro 14 inch M1 Max 10-Core CPU & 24-Core GPU (2021),512GB SSD,2520,MacBook Pro 14 inch M1 Max 10-Core CPU & 24-Core GPU (2021),2021.0,Mac,MacBook Pro,,2021,14.0,,M1 Max,,512.0,SSD,,
,Retailer Trade-in,UR,Mac,MacBook Pro 14 inch M1 Max 10-Core CPU & 24-Core GPU (2021),1TB SSD,2680,MacBook Pro 14 inch M1 Max 10-Core CPU & 24-Core GPU (2021),2021.0,Mac,MacBook Pro,,2021,14.0,,M1 Max,,1024.0,SSD,,
,Retailer Trade-in,UR,Mac,MacBook Pro 14 inch M1 Max 10-Core CPU & 24-Core GPU (2021),2TB SSD,2680,MacBook Pro 14 inch M1 Max 10-Core CPU & 24-Core GPU (2021),2021.0,Mac,MacBook Pro,,2021,14.0,,M1 Max,,2048.0,SSD,,
,Retailer Trade-in,UR,Mac,MacBook Pro 14 inch M1 Max 10-Core CPU & 24-Core GPU (2021),4TB SSD,3510,MacBook Pro 14 inch M1 Max 10-Core CPU & 24-Core GPU (2021),2021.0,Mac,MacBook Pro,,2021,14.0,,M1 Max,,4096.0,SSD,,
,Retailer Trade-in,UR,Mac,MacBook Pro 14 inch M1 Max 10-Core CPU & 24-Core GPU (2021),8TB SSD,4380,MacBook Pro 14 inch M1 Max 10-Core CPU & 24-Core GPU (2021),2021.0,Mac,MacBook Pro,,2021,14.0,,M1 Max,,8192.0,SSD,,
,Retailer Trade-in,UR,Mac,MacBook Pro 14 inch M1 Max 10-Core CPU and 32-Core GPU (2021),512GB SSD,2690,MacBook Pro 14 inch M1 Max 10-Core CPU and 32-Core GPU (2021),2021.0,Mac,MacBook Pro,,2021,14.0,,M1 Max,,512.0,SSD,,
,Retailer Trade-in,UR,Mac,MacBook Pro 14 inch M1 Max 10-Core CPU and 32-Core GPU (2021),1TB SSD,2780,MacBook Pro 14 inch M1 Max 10-Core CPU and 32-Core GPU (2021),2021.0,Mac,MacBook Pro,,2021,14.0,,M1 Max,,1024.0,SSD,,
,Retailer Trade-in,UR,Mac,MacBook Pro 14 inch M1 Max 10-Core CPU and 32-Core GPU (2021),2TB SSD,3130,MacBook Pro 14 inch M1 Max 10-Core CPU and 32-Core GPU (2021),2021.0,Mac,MacBook Pro,,2021,14.0,,M1 Max,,2048.0,SSD,,
,Retailer Trade-in,UR,Mac,MacBook Pro 14 inch M1 Max 10-Core CPU and 32-Core GPU (2021),4TB SSD,3580,MacBook Pro 14 inch M1 Max 10-Core CPU and 32-Core GPU (2021),2021.0,Mac,MacBook Pro,,2021,14.0,,M1 Max,,4096.0,SSD,,
,Retailer Trade-in,UR,Mac,MacBook Pro 14 inch M1 Max 10-Core CPU and 32-Core GPU (2021),8TB SSD,4550,MacBook Pro 14 inch M1 Max 10-Core CPU and 32-Core GPU (2021),2021.0,Mac,MacBook Pro,,2021,14.0,,M1 Max,,8192.0,SSD,,
,Retailer Trade-in,UR,Mac,MacBook Pro 14 inch M1 Pro 10-Core CPU & 14-Core GPU (2021),512GB SSD,1980,MacBook Pro 14 inch M1 Pro 10-Core CPU & 14-Core GPU (2021),2021.0,Mac,MacBook Pro,,2021,14.0,,M1 pro,,512.0,SSD,,
,Retailer Trade-in,UR,Mac,MacBook Pro 14 inch M1 Pro 10-Core CPU & 14-Core GPU (2021),1TB SSD,2170,MacBook Pro 14 inch M1 Pro 10-Core CPU & 14-Core GPU (2021),2021.0,Mac,MacBook Pro,,2021,14.0,,M1 pro,,1024.0,SSD,,
,Retailer Trade-in,UR,Mac,MacBook Pro 14 inch M1 Pro 10-Core CPU & 14-Core GPU (2021),2TB SSD,2410,MacBook Pro 14 inch M1 Pro 10-Core CPU & 14-Core GPU (2021),2021.0,Mac,MacBook Pro,,2021,14.0,,M1 pro,,2048.0,SSD,,
,Retailer Trade-in,UR,Mac,MacBook Pro 14 inch M1 Pro 10-Core CPU & 14-Core GPU (2021),4TB SSD,2890,MacBook Pro 14 inch M1 Pro 10-Core CPU & 14-Core GPU (2021),2021.0,Mac,MacBook Pro,,2021,14.0,,M1 pro,,4096.0,SSD,,
,Retailer Trade-in,UR,Mac,MacBook Pro 14 inch M1 Pro 10-Core CPU & 14-Core GPU (2021),8TB SSD,3970,MacBook Pro 14 inch M1 Pro 10-Core CPU & 14-Core GPU (2021),2021.0,Mac,MacBook Pro,,2021,14.0,,M1 pro,,8192.0,SSD,,
,Retailer Trade-in,UR,Mac,MacBook Pro 14 inch M1 Pro 10-Core CPU & 16-Core GPU (2021),512GB SSD,2120,MacBook Pro 14 inch M1 Pro 10-Core CPU & 16-Core GPU (2021),2021.0,Mac,MacBook Pro,,2021,14.0,,M1 pro,,512.0,SSD,,
,Retailer Trade-in,UR,Mac,MacBook Pro 14 inch M1 Pro 10-Core CPU & 16-Core GPU (2021),1TB SSD,2300,MacBook Pro 14 inch M1 Pro 10-Core CPU & 16-Core GPU (2021),2021.0,Mac,MacBook Pro,,2021,14.0,,M1 pro,,1024.0,SSD,,
,Retailer Trade-in,UR,Mac,MacBook Pro 14 inch M1 Pro 10-Core CPU & 16-Core GPU (2021),2TB SSD,2560,MacBook Pro 14 inch M1 Pro 10-Core CPU & 16-Core GPU (2021),2021.0,Mac,MacBook Pro,,2021,14.0,,M1 pro,,2048.0,SSD,,
,Retailer Trade-in,UR,Mac,MacBook Pro 14 inch M1 Pro 10-Core CPU & 16-Core GPU (2021),4TB SSD,3070,MacBook Pro 14 inch M1 Pro 10-Core CPU & 16-Core GPU (2021),2021.0,Mac,MacBook Pro,,2021,14.0,,M1 pro,,4096.0,SSD,,
,Retailer Trade-in,UR,Mac,MacBook Pro 14 inch M1 Pro 10-Core CPU & 16-Core GPU (2021),8TB SSD,4090,MacBook Pro 14 inch M1 Pro 10-Core CPU & 16-Core GPU (2021),2021.0,Mac,MacBook Pro,,2021,14.0,,M1 pro,,8192.0,SSD,,
,Retailer Trade-in,UR,Mac,MacBook Pro 14 inch M1 Pro 8-Core CPU & 14-Core GPU (2021),512GB SSD,1840,MacBook Pro 14 inch M1 Pro 8-Core CPU & 14-Core GPU (2021),2021.0,Mac,MacBook Pro,,2021,14.0,,M1 pro,,512.0,SSD,,
,Retailer Trade-in,UR,Mac,MacBook Pro 14 inch M1 Pro 8-Core CPU & 14-Core GPU (2021),1TB SSD,2050,MacBook Pro 14 inch M1 Pro 8-Core CPU & 14-Core GPU (2021),2021.0,Mac,MacBook Pro,,2021,14.0,,M1 pro,,1024.0,SSD,,
,Retailer Trade-in,UR,Mac,MacBook Pro 14 inch M1 Pro 8-Core CPU & 14-Core GPU (2021),2TB SSD,2070,MacBook Pro 14 inch M1 Pro 8-Core CPU & 14-Core GPU (2021),2021.0,Mac,MacBook Pro,,2021,14.0,,M1 pro,,2048.0,SSD,,
,Retailer Trade-in,UR,Mac,MacBook Pro 14 inch M1 Pro 8-Core CPU & 14-Core GPU (2021),4TB SSD,2510,MacBook Pro 14 inch M1 Pro 8-Core CPU & 14-Core GPU (2021),2021.0,Mac,MacBook Pro,,2021,14.0,,M1 pro,,4096.0,SSD,,
,Retailer Trade-in,UR,Mac,MacBook Pro 14 inch M1 Pro 8-Core CPU & 14-Core GPU (2021),8TB SSD,3700,MacBook Pro 14 inch M1 Pro 8-Core CPU & 14-Core GPU (2021),2021.0,Mac,MacBook Pro,,2021,14.0,,M1 pro,,8192.0,SSD,,
,Retailer Trade-in,UR,Mac,MacBook Pro 16 inch M1 Max 10-Core CPU & 24-Core GPU (2021),512GB SSD,2700,MacBook Pro 16 inch M1 Max 10-Core CPU & 24-Core GPU (2021),2021.0,Mac,MacBook Pro,,2021,16.0,,M1 Max,,512.0,SSD,,
,Retailer Trade-in,UR,Mac,MacBook Pro 16 inch M1 Max 10-Core CPU & 24-Core GPU (2021),1TB SSD,2750,MacBook Pro 16 inch M1 Max 10-Core CPU & 24-Core GPU (2021),2021.0,Mac,MacBook Pro,,2021,16.0,,M1 Max,,1024.0,SSD,,
,Retailer Trade-in,UR,Mac,MacBook Pro 16 inch M1 Max 10-Core CPU & 24-Core GPU (2021),2TB SSD,3090,MacBook Pro 16 inch M1 Max 10-Core CPU & 24-Core GPU (2021),2021.0,Mac,MacBook Pro,,2021,16.0,,M1 Max,,2048.0,SSD,,
,Retailer Trade-in,UR,Mac,MacBook Pro 16 inch M1 Max 10-Core CPU & 24-Core GPU (2021),4TB SSD,3590,MacBook Pro 16 inch M1 Max 10-Core CPU & 24-Core GPU (2021),2021.0,Mac,MacBook Pro,,2021,16.0,,M1 Max,,4096.0,SSD,,
,Retailer Trade-in,UR,Mac,MacBook Pro 16 inch M1 Max 10-Core CPU & 24-Core GPU (2021),8TB SSD,4610,MacBook Pro 16 inch M1 Max 10-Core CPU & 24-Core GPU (2021),2021.0,Mac,MacBook Pro,,2021,16.0,,M1 Max,,8192.0,SSD,,
,Retailer Trade-in,UR,Mac,MacBook Pro 16 inch M1 Max 10-Core CPU & 32-Core GPU (2021),512GB SSD,2720,MacBook Pro 16 inch M1 Max 10-Core CPU & 32-Core GPU (2021),2021.0,Mac,MacBook Pro,,2021,16.0,,M1 Max,,512.0,SSD,,
,Retailer Trade-in,UR,Mac,MacBook Pro 16 inch M1 Max 10-Core CPU & 32-Core GPU (2021),1TB SSD,2920,MacBook Pro 16 inch M1 Max 10-Core CPU & 32-Core GPU (2021),2021.0,Mac,MacBook Pro,,2021,16.0,,M1 Max,,1024.0,SSD,,
,Retailer Trade-in,UR,Mac,MacBook Pro 16 inch M1 Max 10-Core CPU & 32-Core GPU (2021),2TB SSD,3260,MacBook Pro 16 inch M1 Max 10-Core CPU & 32-Core GPU (2021),2021.0,Mac,MacBook Pro,,2021,16.0,,M1 Max,,2048.0,SSD,,
,Retailer Trade-in,UR,Mac,MacBook Pro 16 inch M1 Max 10-Core CPU & 32-Core GPU (2021),4TB SSD,3800,MacBook Pro 16 inch M1 Max 10-Core CPU & 32-Core GPU (2021),2021.0,Mac,MacBook Pro,,2021,16.0,,M1 Max,,4096.0,SSD,,
,Retailer Trade-in,UR,Mac,MacBook Pro 16 inch M1 Max 10-Core CPU & 32-Core GPU (2021),8TB SSD,4770,MacBook Pro 16 inch M1 Max 10-Core CPU & 32-Core GPU (2021),2021.0,Mac,MacBook Pro,,2021,16.0,,M1 Max,,8192.0,SSD,,
,Retailer Trade-in,UR,Mac,MacBook Pro 16 inch M1 Pro 10-Core CPU & 16-Core GPU (2021),512GB SSD,2150,MacBook Pro 16 inch M1 Pro 10-Core CPU & 16-Core GPU (2021),2021.0,Mac,MacBook Pro,,2021,16.0,,M1 pro,,512.0,SSD,,
,Retailer Trade-in,UR,Mac,MacBook Pro 16 inch M1 Pro 10-Core CPU & 16-Core GPU (2021),1TB SSD,2320,MacBook Pro 16 inch M1 Pro 10-Core CPU & 16-Core GPU (2021),2021.0,Mac,MacBook Pro,,2021,16.0,,M1 pro,,1024.0,SSD,,
,Retailer Trade-in,UR,Mac,MacBook Pro 16 inch M1 Pro 10-Core CPU & 16-Core GPU (2021),2TB SSD,2680,MacBook Pro 16 inch M1 Pro 10-Core CPU & 16-Core GPU (2021),2021.0,Mac,MacBook Pro,,2021,16.0,,M1 pro,,2048.0,SSD,,
,Retailer Trade-in,UR,Mac,MacBook Pro 16 inch M1 Pro 10-Core CPU & 16-Core GPU (2021),4TB SSD,3100,MacBook Pro 16 inch M1 Pro 10-Core CPU & 16-Core GPU (2021),2021.0,Mac,MacBook Pro,,2021,16.0,,M1 pro,,4096.0,SSD,,
,Retailer Trade-in,UR,Mac,MacBook Pro 16 inch M1 Pro 10-Core CPU & 16-Core GPU (2021),8TB SSD,3400,MacBook Pro 16 inch M1 Pro 10-Core CPU & 16-Core GPU (2021),2021.0,Mac,MacBook Pro,,2021,16.0,,M1 pro,,8192.0,SSD,,
,Retailer Trade-in,UR,Mac,MacBook Pro i5 1.4GHz 13 inch (Mid 2019),128GB SSD,420,MacBook Pro i5 1.4GHz 13 inch (Mid 2019),2019.0,Mac,MacBook Pro,,Mid 2019,13.0,1.4GHz,i5,,128.0,SSD,,
,Retailer Trade-in,UR,Mac,MacBook Pro i5 1.4GHz 13 inch (Mid 2019),256GB SSD,520,MacBook Pro i5 1.4GHz 13 inch (Mid 2019),2019.0,Mac,MacBook Pro,,Mid 2019,13.0,1.4GHz,i5,,256.0,SSD,,
,Retailer Trade-in,UR,Mac,MacBook Pro i5 1.4GHz 13 inch (Mid 2019),512GB SSD,570,MacBook Pro i5 1.4GHz 13 inch (Mid 2019),2019.0,Mac,MacBook Pro,,Mid 2019,13.0,1.4GHz,i5,,512.0,SSD,,
,Retailer Trade-in,UR,Mac,MacBook Pro i5 1.4GHz 13 inch (Mid 2019),1TB SSD,640,MacBook Pro i5 1.4GHz 13 inch (Mid 2019),2019.0,Mac,MacBook Pro,,Mid 2019,13.0,1.4GHz,i5,,1024.0,SSD,,
,Retailer Trade-in,UR,Mac,MacBook Pro i5 1.4GHz 13 inch (Mid 2019),2TB SSD,690,MacBook Pro i5 1.4GHz 13 inch (Mid 2019),2019.0,Mac,MacBook Pro,,Mid 2019,13.0,1.4GHz,i5,,2048.0,SSD,,
,Retailer Trade-in,UR,Mac,MacBook Pro i5 1.4GHz 13 inch (Mid 2020),256GB SSD,660,MacBook Pro i5 1.4GHz 13 inch (Mid 2020),2020.0,Mac,MacBook Pro,,Mid 2020,13.0,1.4GHz,i5,,256.0,SSD,,
,Retailer Trade-in,UR,Mac,MacBook Pro i5 1.4GHz 13 inch (Mid 2020),512GB SSD,710,MacBook Pro i5 1.4GHz 13 inch (Mid 2020),2020.0,Mac,MacBook Pro,,Mid 2020,13.0,1.4GHz,i5,,512.0,SSD,,
,Retailer Trade-in,UR,Mac,MacBook Pro i5 1.4GHz 13 inch (Mid 2020),1TB SSD,760,MacBook Pro i5 1.4GHz 13 inch (Mid 2020),2020.0,Mac,MacBook Pro,,Mid 2020,13.0,1.4GHz,i5,,1024.0,SSD,,
,Retailer Trade-in,UR,Mac,MacBook Pro i5 1.4GHz 13 inch (Mid 2020),2TB SSD,780,MacBook Pro i5 1.4GHz 13 inch (Mid 2020),2020.0,Mac,MacBook Pro,,Mid 2020,13.0,1.4GHz,i5,,2048.0,SSD,,
,Retailer Trade-in,UR,Mac,MacBook Pro i5 2.0GHz 13 inch (Late 2016),256GB SSD,250,MacBook Pro i5 2.0GHz 13 inch (Late 2016),2016.0,Mac,MacBook Pro,,Late 2016,13.0,2.0GHz,i5,,256.0,SSD,,
,Retailer Trade-in,UR,Mac,MacBook Pro i5 2.0GHz 13 inch (Late 2016),512GB SSD,300,MacBook Pro i5 2.0GHz 13 inch (Late 2016),2016.0,Mac,MacBook Pro,,Late 2016,13.0,2.0GHz,i5,,512.0,SSD,,
,Retailer Trade-in,UR,Mac,MacBook Pro i5 2.0GHz 13 inch (Late 2016),1TB SSD,350,MacBook Pro i5 2.0GHz 13 inch (Late 2016),2016.0,Mac,MacBook Pro,,Late 2016,13.0,2.0GHz,i5,,1024.0,SSD,,
,Retailer Trade-in,UR,Mac,MacBook Pro i5 2.0GHz 13 inch (Mid 2020),512GB SSD,760,MacBook Pro i5 2.0GHz 13 inch (Mid 2020),2020.0,Mac,MacBook Pro,,Mid 2020,13.0,2.0GHz,i5,,512.0,SSD,,
,Retailer Trade-in,UR,Mac,MacBook Pro i5 2.0GHz 13 inch (Mid 2020),1TB SSD,830,MacBook Pro i5 2.0GHz 13 inch (Mid 2020),2020.0,Mac,MacBook Pro,,Mid 2020,13.0,2.0GHz,i5,,1024.0,SSD,,
,Retailer Trade-in,UR,Mac,MacBook Pro i5 2.0GHz 13 inch (Mid 2020),2TB SSD,920,MacBook Pro i5 2.0GHz 13 inch (Mid 2020),2020.0,Mac,MacBook Pro,,Mid 2020,13.0,2.0GHz,i5,,2048.0,SSD,,
,Retailer Trade-in,UR,Mac,MacBook Pro i5 2.0GHz 13 inch (Mid 2020),4TB SSD,1050,MacBook Pro i5 2.0GHz 13 inch (Mid 2020),2020.0,Mac,MacBook Pro,,Mid 2020,13.0,2.0GHz,i5,,4096.0,SSD,,
,Retailer Trade-in,UR,Mac,MacBook Pro i5 2.3GHz 13 inch (Mid 2017),128GB SSD,350,MacBook Pro i5 2.3GHz 13 inch (Mid 2017),2017.0,Mac,MacBook Pro,,Mid 2017,13.0,2.3GHz,i5,,128.0,SSD,,
,Retailer Trade-in,UR,Mac,MacBook Pro i5 2.3GHz 13 inch (Mid 2017),256GB SSD,450,MacBook Pro i5 2.3GHz 13 inch (Mid 2017),2017.0,Mac,MacBook Pro,,Mid 2017,13.0,2.3GHz,i5,,256.0,SSD,,
,Retailer Trade-in,UR,Mac,MacBook Pro i5 2.3GHz 13 inch (Mid 2017),512GB SSD,500,MacBook Pro i5 2.3GHz 13 inch (Mid 2017),2017.0,Mac,MacBook Pro,,Mid 2017,13.0,2.3GHz,i5,,512.0,SSD,,
,Retailer Trade-in,UR,Mac,MacBook Pro i5 2.3GHz 13 inch (Mid 2017),1TB SSD,550,MacBook Pro i5 2.3GHz 13 inch (Mid 2017),2017.0,Mac,MacBook Pro,,Mid 2017,13.0,2.3GHz,i5,,1024.0,SSD,,
,Retailer Trade-in,UR,Mac,MacBook Pro i5 2.3GHz 13 inch (Mid 2018),256GB SSD,500,MacBook Pro i5 2.3GHz 13 inch (Mid 2018),2018.0,Mac,MacBook Pro,,Mid 2018,13.0,2.3GHz,i5,,256.0,SSD,,
,Retailer Trade-in,UR,Mac,MacBook Pro i5 2.3GHz 13 inch (Mid 2018),512GB SSD,600,MacBook Pro i5 2.3GHz 13 inch (Mid 2018),2018.0,Mac,MacBook Pro,,Mid 2018,13.0,2.3GHz,i5,,512.0,SSD,,
,Retailer Trade-in,UR,Mac,MacBook Pro i5 2.3GHz 13 inch (Mid 2018),1TB SSD,700,MacBook Pro i5 2.3GHz 13 inch (Mid 2018),2018.0,Mac,MacBook Pro,,Mid 2018,13.0,2.3GHz,i5,,1024.0,SSD,,
,Retailer Trade-in,UR,Mac,MacBook Pro i5 2.3GHz 13 inch (Mid 2018),2TB SSD,770,MacBook Pro i5 2.3GHz 13 inch (Mid 2018),2018.0,Mac,MacBook Pro,,Mid 2018,13.0,2.3GHz,i5,,2048.0,SSD,,
,Retailer Trade-in,UR,Mac,MacBook Pro i5 2.4GHz 13 inch (Mid 2019),256GB SSD,690,MacBook Pro i5 2.4GHz 13 inch (Mid 2019),2019.0,Mac,MacBook Pro,,Mid 2019,13.0,2.4GHz,i5,,256.0,SSD,,
,Retailer Trade-in,UR,Mac,MacBook Pro i5 2.4GHz 13 inch (Mid 2019),512GB SSD,700,MacBook Pro i5 2.4GHz 13 inch (Mid 2019),2019.0,Mac,MacBook Pro,,Mid 2019,13.0,2.4GHz,i5,,512.0,SSD,,
,Retailer Trade-in,UR,Mac,MacBook Pro i5 2.4GHz 13 inch (Mid 2019),1TB SSD,730,MacBook Pro i5 2.4GHz 13 inch (Mid 2019),2019.0,Mac,MacBook Pro,,Mid 2019,13.0,2.4GHz,i5,,1024.0,SSD,,
,Retailer Trade-in,UR,Mac,MacBook Pro i5 2.4GHz 13 inch (Mid 2019),2TB SSD,760,MacBook Pro i5 2.4GHz 13 inch (Mid 2019),2019.0,Mac,MacBook Pro,,Mid 2019,13.0,2.4GHz,i5,,2048.0,SSD,,
,Retailer Trade-in,UR,Mac,MacBook Pro i5 2.7GHz 13 inch (Early 2015),128GB SSD,80,MacBook Pro i5 2.7GHz 13 inch (Early 2015),2015.0,Mac,MacBook Pro,,Early 2015,13.0,2.7GHz,i5,,128.0,SSD,,
,Retailer Trade-in,UR,Mac,MacBook Pro i5 2.7GHz 13 inch (Early 2015),256GB SSD,80,MacBook Pro i5 2.7GHz 13 inch (Early 2015),2015.0,Mac,MacBook Pro,,Early 2015,13.0,2.7GHz,i5,,256.0,SSD,,
,Retailer Trade-in,UR,Mac,MacBook Pro i5 2.7GHz 13 inch (Early 2015),512GB SSD,120,MacBook Pro i5 2.7GHz 13 inch (Early 2015),2015.0,Mac,MacBook Pro,,Early 2015,13.0,2.7GHz,i5,,512.0,SSD,,
,Retailer Trade-in,UR,Mac,MacBook Pro i5 2.7GHz 13 inch (Early 2015),1TB SSD,120,MacBook Pro i5 2.7GHz 13 inch (Early 2015),2015.0,Mac,MacBook Pro,,Early 2015,13.0,2.7GHz,i5,,1024.0,SSD,,
,Retailer Trade-in,UR,Mac,MacBook Pro i5 2.9GHz 13 inch (Early 2015),128GB SSD,120,MacBook Pro i5 2.9GHz 13 inch (Early 2015),2015.0,Mac,MacBook Pro,,Early 2015,13.0,2.9GHz,i5,,128.0,SSD,,
,Retailer Trade-in,UR,Mac,MacBook Pro i5 2.9GHz 13 inch (Early 2015),256GB SSD,120,MacBook Pro i5 2.9GHz 13 inch (Early 2015),2015.0,Mac,MacBook Pro,,Early 2015,13.0,2.9GHz,i5,,256.0,SSD,,
,Retailer Trade-in,UR,Mac,MacBook Pro i5 2.9GHz 13 inch (Early 2015),512GB SSD,120,MacBook Pro i5 2.9GHz 13 inch (Early 2015),2015.0,Mac,MacBook Pro,,Early 2015,13.0,2.9GHz,i5,,512.0,SSD,,
,Retailer Trade-in,UR,Mac,MacBook Pro i5 2.9GHz 13 inch (Early 2015),1TB SSD,120,MacBook Pro i5 2.9GHz 13 inch (Early 2015),2015.0,Mac,MacBook Pro,,Early 2015,13.0,2.9GHz,i5,,1024.0,SSD,,
,Retailer Trade-in,UR,Mac,MacBook Pro i5 2.9GHz 13 inch (Late 2016),256GB SSD,400,MacBook Pro i5 2.9GHz 13 inch (Late 2016),2016.0,Mac,MacBook Pro,,Late 2016,13.0,2.9GHz,i5,,256.0,SSD,,
,Retailer Trade-in,UR,Mac,MacBook Pro i5 2.9GHz 13 inch (Late 2016),512GB SSD,450,MacBook Pro i5 2.9GHz 13 inch (Late 2016),2016.0,Mac,MacBook Pro,,Late 2016,13.0,2.9GHz,i5,,512.0,SSD,,
,Retailer Trade-in,UR,Mac,MacBook Pro i5 2.9GHz 13 inch (Late 2016),1TB SSD,460,MacBook Pro i5 2.9GHz 13 inch (Late 2016),2016.0,Mac,MacBook Pro,,Late 2016,13.0,2.9GHz,i5,,1024.0,SSD,,
,Retailer Trade-in,UR,Mac,MacBook Pro i5 3.1GHz 13 inch (Late 2016),256GB SSD,470,MacBook Pro i5 3.1GHz 13 inch (Late 2016),2016.0,Mac,MacBook Pro,,Late 2016,13.0,3.1GHz,i5,,256.0,SSD,,
,Retailer Trade-in,UR,Mac,MacBook Pro i5 3.1GHz 13 inch (Late 2016),512GB SSD,480,MacBook Pro i5 3.1GHz 13 inch (Late 2016),2016.0,Mac,MacBook Pro,,Late 2016,13.0,3.1GHz,i5,,512.0,SSD,,
,Retailer Trade-in,UR,Mac,MacBook Pro i5 3.1GHz 13 inch (Late 2016),1TB SSD,490,MacBook Pro i5 3.1GHz 13 inch (Late 2016),2016.0,Mac,MacBook Pro,,Late 2016,13.0,3.1GHz,i5,,1024.0,SSD,,
,Retailer Trade-in,UR,Mac,MacBook Pro i5 3.1GHz 13 inch (Mid 2017),256GB SSD,500,MacBook Pro i5 3.1GHz 13 inch (Mid 2017),2017.0,Mac,MacBook Pro,,Mid 2017,13.0,3.1GHz,i5,,256.0,SSD,,
,Retailer Trade-in,UR,Mac,MacBook Pro i5 3.1GHz 13 inch (Mid 2017),512GB SSD,530,MacBook Pro i5 3.1GHz 13 inch (Mid 2017),2017.0,Mac,MacBook Pro,,Mid 2017,13.0,3.1GHz,i5,,512.0,SSD,,
,Retailer Trade-in,UR,Mac,MacBook Pro i5 3.1GHz 13 inch (Mid 2017),1TB SSD,600,MacBook Pro i5 3.1GHz 13 inch (Mid 2017),2017.0,Mac,MacBook Pro,,Mid 2017,13.0,3.1GHz,i5,,1024.0,SSD,,
,Retailer Trade-in,UR,Mac,MacBook Pro i5 3.3GHz 13 inch (Mid 2017),256GB SSD,500,MacBook Pro i5 3.3GHz 13 inch (Mid 2017),2017.0,Mac,MacBook Pro,,Mid 2017,13.0,3.3GHz,i5,,256.0,SSD,,
,Retailer Trade-in,UR,Mac,MacBook Pro i5 3.3GHz 13 inch (Mid 2017),512GB SSD,530,MacBook Pro i5 3.3GHz 13 inch (Mid 2017),2017.0,Mac,MacBook Pro,,Mid 2017,13.0,3.3GHz,i5,,512.0,SSD,,
,Retailer Trade-in,UR,Mac,MacBook Pro i5 3.3GHz 13 inch (Mid 2017),1TB SSD,600,MacBook Pro i5 3.3GHz 13 inch (Mid 2017),2017.0,Mac,MacBook Pro,,Mid 2017,13.0,3.3GHz,i5,,1024.0,SSD,,
,Retailer Trade-in,UR,Mac,MacBook Pro i7 1.7GHz 13 inch (Mid 2019),128GB SSD,500,MacBook Pro i7 1.7GHz 13 inch (Mid 2019),2019.0,Mac,MacBook Pro,,Mid 2019,13.0,1.7GHz,i7,,128.0,SSD,,
,Retailer Trade-in,UR,Mac,MacBook Pro i7 1.7GHz 13 inch (Mid 2019),256GB SSD,570,MacBook Pro i7 1.7GHz 13 inch (Mid 2019),2019.0,Mac,MacBook Pro,,Mid 2019,13.0,1.7GHz,i7,,256.0,SSD,,
,Retailer Trade-in,UR,Mac,MacBook Pro i7 1.7GHz 13 inch (Mid 2019),512GB SSD,610,MacBook Pro i7 1.7GHz 13 inch (Mid 2019),2019.0,Mac,MacBook Pro,,Mid 2019,13.0,1.7GHz,i7,,512.0,SSD,,
,Retailer Trade-in,UR,Mac,MacBook Pro i7 1.7GHz 13 inch (Mid 2019),1TB SSD,690,MacBook Pro i7 1.7GHz 13 inch (Mid 2019),2019.0,Mac,MacBook Pro,,Mid 2019,13.0,1.7GHz,i7,,1024.0,SSD,,
,Retailer Trade-in,UR,Mac,MacBook Pro i7 1.7GHz 13 inch (Mid 2019),2TB SSD,730,MacBook Pro i7 1.7GHz 13 inch (Mid 2019),2019.0,Mac,MacBook Pro,,Mid 2019,13.0,1.7GHz,i7,,2048.0,SSD,,
,Retailer Trade-in,UR,Mac,MacBook Pro i7 1.7GHz 13 inch (Mid 2020),256GB SSD,780,MacBook Pro i7 1.7GHz 13 inch (Mid 2020),2020.0,Mac,MacBook Pro,,Mid 2020,13.0,1.7GHz,i7,,256.0,SSD,,
,Retailer Trade-in,UR,Mac,MacBook Pro i7 1.7GHz 13 inch (Mid 2020),512GB SSD,790,MacBook Pro i7 1.7GHz 13 inch (Mid 2020),2020.0,Mac,MacBook Pro,,Mid 2020,13.0,1.7GHz,i7,,512.0,SSD,,
,Retailer Trade-in,UR,Mac,MacBook Pro i7 1.7GHz 13 inch (Mid 2020),1TB SSD,830,MacBook Pro i7 1.7GHz 13 inch (Mid 2020),2020.0,Mac,MacBook Pro,,Mid 2020,13.0,1.7GHz,i7,,1024.0,SSD,,
,Retailer Trade-in,UR,Mac,MacBook Pro i7 1.7GHz 13 inch (Mid 2020),2TB SSD,920,MacBook Pro i7 1.7GHz 13 inch (Mid 2020),2020.0,Mac,MacBook Pro,,Mid 2020,13.0,1.7GHz,i7,,2048.0,SSD,,
,Retailer Trade-in,UR,Mac,MacBook Pro i7 2.2GHz 15 inch (Mid 2015),256GB SSD,200,MacBook Pro i7 2.2GHz 15 inch (Mid 2015),2015.0,Mac,MacBook Pro,,Mid 2015,15.0,2.2GHz,i7,,256.0,SSD,,
,Retailer Trade-in,UR,Mac,MacBook Pro i7 2.2GHz 15 inch (Mid 2015),512GB SSD,200,MacBook Pro i7 2.2GHz 15 inch (Mid 2015),2015.0,Mac,MacBook Pro,,Mid 2015,15.0,2.2GHz,i7,,512.0,SSD,,
,Retailer Trade-in,UR,Mac,MacBook Pro i7 2.2GHz 15 inch (Mid 2015),1TB SSD,200,MacBook Pro i7 2.2GHz 15 inch (Mid 2015),2015.0,Mac,MacBook Pro,,Mid 2015,15.0,2.2GHz,i7,,1024.0,SSD,,
,Retailer Trade-in,UR,Mac,MacBook Pro i7 2.2GHz 15 inch (Mid 2018),256GB SSD,910,MacBook Pro i7 2.2GHz 15 inch (Mid 2018),2018.0,Mac,MacBook Pro,,Mid 2018,15.0,2.2GHz,i7,,256.0,SSD,,
,Retailer Trade-in,UR,Mac,MacBook Pro i7 2.2GHz 15 inch (Mid 2018),512GB SSD,920,MacBook Pro i7 2.2GHz 15 inch (Mid 2018),2018.0,Mac,MacBook Pro,,Mid 2018,15.0,2.2GHz,i7,,512.0,SSD,,
,Retailer Trade-in,UR,Mac,MacBook Pro i7 2.2GHz 15 inch (Mid 2018),1TB SSD,960,MacBook Pro i7 2.2GHz 15 inch (Mid 2018),2018.0,Mac,MacBook Pro,,Mid 2018,15.0,2.2GHz,i7,,1024.0,SSD,,
,Retailer Trade-in,UR,Mac,MacBook Pro i7 2.2GHz 15 inch (Mid 2018),2TB SSD,1110,MacBook Pro i7 2.2GHz 15 inch (Mid 2018),2018.0,Mac,MacBook Pro,,Mid 2018,15.0,2.2GHz,i7,,2048.0,SSD,,
,Retailer Trade-in,UR,Mac,MacBook Pro i7 2.2GHz 15 inch (Mid 2018),4TB SSD,1210,MacBook Pro i7 2.2GHz 15 inch (Mid 2018),2018.0,Mac,MacBook Pro,,Mid 2018,15.0,2.2GHz,i7,,4096.0,SSD,,
,Retailer Trade-in,UR,Mac,MacBook Pro i7 2.3GHz 13 inch (Mid 2020),512GB SSD,780,MacBook Pro i7 2.3GHz 13 inch (Mid 2020),2020.0,Mac,MacBook Pro,,Mid 2020,13.0,2.3GHz,i7,,512.0,SSD,,
,Retailer Trade-in,UR,Mac,MacBook Pro i7 2.3GHz 13 inch (Mid 2020),1TB SSD,880,MacBook Pro i7 2.3GHz 13 inch (Mid 2020),2020.0,Mac,MacBook Pro,,Mid 2020,13.0,2.3GHz,i7,,1024.0,SSD,,
,Retailer Trade-in,UR,Mac,MacBook Pro i7 2.3GHz 13 inch (Mid 2020),2TB SSD,960,MacBook Pro i7 2.3GHz 13 inch (Mid 2020),2020.0,Mac,MacBook Pro,,Mid 2020,13.0,2.3GHz,i7,,2048.0,SSD,,
,Retailer Trade-in,UR,Mac,MacBook Pro i7 2.3GHz 13 inch (Mid 2020),4TB SSD,1100,MacBook Pro i7 2.3GHz 13 inch (Mid 2020),2020.0,Mac,MacBook Pro,,Mid 2020,13.0,2.3GHz,i7,,4096.0,SSD,,
,Retailer Trade-in,UR,Mac,MacBook Pro i7 2.4GHz 13 inch (Late 2016),256GB SSD,360,MacBook Pro i7 2.4GHz 13 inch (Late 2016),2016.0,Mac,MacBook Pro,,Late 2016,13.0,2.4GHz,i7,,256.0,SSD,,
,Retailer Trade-in,UR,Mac,MacBook Pro i7 2.4GHz 13 inch (Late 2016),512GB SSD,400,MacBook Pro i7 2.4GHz 13 inch (Late 2016),2016.0,Mac,MacBook Pro,,Late 2016,13.0,2.4GHz,i7,,512.0,SSD,,
,Retailer Trade-in,UR,Mac,MacBook Pro i7 2.4GHz 13 inch (Late 2016),1TB SSD,450,MacBook Pro i7 2.4GHz 13 inch (Late 2016),2016.0,Mac,MacBook Pro,,Late 2016,13.0,2.4GHz,i7,,1024.0,SSD,,
,Retailer Trade-in,UR,Mac,MacBook Pro i7 2.5GHz 13 inch (Mid 2017),128GB SSD,360,MacBook Pro i7 2.5GHz 13 inch (Mid 2017),2017.0,Mac,MacBook Pro,,Mid 2017,13.0,2.5GHz,i7,,128.0,SSD,,
,Retailer Trade-in,UR,Mac,MacBook Pro i7 2.5GHz 13 inch (Mid 2017),256GB SSD,500,MacBook Pro i7 2.5GHz 13 inch (Mid 2017),2017.0,Mac,MacBook Pro,,Mid 2017,13.0,2.5GHz,i7,,256.0,SSD,,
,Retailer Trade-in,UR,Mac,MacBook Pro i7 2.5GHz 13 inch (Mid 2017),512GB SSD,550,MacBook Pro i7 2.5GHz 13 inch (Mid 2017),2017.0,Mac,MacBook Pro,,Mid 2017,13.0,2.5GHz,i7,,512.0,SSD,,
,Retailer Trade-in,UR,Mac,MacBook Pro i7 2.5GHz 13 inch (Mid 2017),1TB SSD,600,MacBook Pro i7 2.5GHz 13 inch (Mid 2017),2017.0,Mac,MacBook Pro,,Mid 2017,13.0,2.5GHz,i7,,1024.0,SSD,,
,Retailer Trade-in,UR,Mac,MacBook Pro i7 2.5GHz 15 inch (Mid 2015),256GB SSD,200,MacBook Pro i7 2.5GHz 15 inch (Mid 2015),2015.0,Mac,MacBook Pro,,Mid 2015,15.0,2.5GHz,i7,,256.0,SSD,,
,Retailer Trade-in,UR,Mac,MacBook Pro i7 2.5GHz 15 inch (Mid 2015),512GB SSD,240,MacBook Pro i7 2.5GHz 15 inch (Mid 2015),2015.0,Mac,MacBook Pro,,Mid 2015,15.0,2.5GHz,i7,,512.0,SSD,,
,Retailer Trade-in,UR,Mac,MacBook Pro i7 2.5GHz 15 inch (Mid 2015),1TB SSD,250,MacBook Pro i7 2.5GHz 15 inch (Mid 2015),2015.0,Mac,MacBook Pro,,Mid 2015,15.0,2.5GHz,i7,,1024.0,SSD,,
,Retailer Trade-in,UR,Mac,MacBook Pro i7 2.6GHz 15 inch (Late 2016),256GB SSD,600,MacBook Pro i7 2.6GHz 15 inch (Late 2016),2016.0,Mac,MacBook Pro,,Late 2016,15.0,2.6GHz,i7,,256.0,SSD,,
,Retailer Trade-in,UR,Mac,MacBook Pro i7 2.6GHz 15 inch (Late 2016),512GB SSD,700,MacBook Pro i7 2.6GHz 15 inch (Late 2016),2016.0,Mac,MacBook Pro,,Late 2016,15.0,2.6GHz,i7,,512.0,SSD,,
,Retailer Trade-in,UR,Mac,MacBook Pro i7 2.6GHz 15 inch (Late 2016),1TB SSD,770,MacBook Pro i7 2.6GHz 15 inch (Late 2016),2016.0,Mac,MacBook Pro,,Late 2016,15.0,2.6GHz,i7,,1024.0,SSD,,
,Retailer Trade-in,UR,Mac,MacBook Pro i7 2.6GHz 15 inch (Late 2016),2TB SSD,820,MacBook Pro i7 2.6GHz 15 inch (Late 2016),2016.0,Mac,MacBook Pro,,Late 2016,15.0,2.6GHz,i7,,2048.0,SSD,,
,Retailer Trade-in,UR,Mac,MacBook Pro i7 2.6GHz 15 inch (Mid 2018),256GB SSD,800,MacBook Pro i7 2.6GHz 15 inch (Mid 2018),2018.0,Mac,MacBook Pro,,Mid 2018,15.0,2.6GHz,i7,,256.0,SSD,,
,Retailer Trade-in,UR,Mac,MacBook Pro i7 2.6GHz 15 inch (Mid 2018),512GB SSD,900,MacBook Pro i7 2.6GHz 15 inch (Mid 2018),2018.0,Mac,MacBook Pro,,Mid 2018,15.0,2.6GHz,i7,,512.0,SSD,,
,Retailer Trade-in,UR,Mac,MacBook Pro i7 2.6GHz 15 inch (Mid 2018),1TB SSD,950,MacBook Pro i7 2.6GHz 15 inch (Mid 2018),2018.0,Mac,MacBook Pro,,Mid 2018,15.0,2.6GHz,i7,,1024.0,SSD,,
,Retailer Trade-in,UR,Mac,MacBook Pro i7 2.6GHz 15 inch (Mid 2018),2TB SSD,1050,MacBook Pro i7 2.6GHz 15 inch (Mid 2018),2018.0,Mac,MacBook Pro,,Mid 2018,15.0,2.6GHz,i7,,2048.0,SSD,,
,Retailer Trade-in,UR,Mac,MacBook Pro i7 2.6GHz 15 inch (Mid 2018),4TB SSD,1150,MacBook Pro i7 2.6GHz 15 inch (Mid 2018),2018.0,Mac,MacBook Pro,,Mid 2018,15.0,2.6GHz,i7,,4096.0,SSD,,
,Retailer Trade-in,UR,Mac,MacBook Pro i7 2.6GHz 15 inch (Mid 2019),256GB SSD,1030,MacBook Pro i7 2.6GHz 15 inch (Mid 2019),2019.0,Mac,MacBook Pro,,Mid 2019,15.0,2.6GHz,i7,,256.0,SSD,,
,Retailer Trade-in,UR,Mac,MacBook Pro i7 2.6GHz 15 inch (Mid 2019),512GB SSD,1070,MacBook Pro i7 2.6GHz 15 inch (Mid 2019),2019.0,Mac,MacBook Pro,,Mid 2019,15.0,2.6GHz,i7,,512.0,SSD,,
,Retailer Trade-in,UR,Mac,MacBook Pro i7 2.6GHz 15 inch (Mid 2019),1TB SSD,1150,MacBook Pro i7 2.6GHz 15 inch (Mid 2019),2019.0,Mac,MacBook Pro,,Mid 2019,15.0,2.6GHz,i7,,1024.0,SSD,,
,Retailer Trade-in,UR,Mac,MacBook Pro i7 2.6GHz 15 inch (Mid 2019),2TB SSD,1270,MacBook Pro i7 2.6GHz 15 inch (Mid 2019),2019.0,Mac,MacBook Pro,,Mid 2019,15.0,2.6GHz,i7,,2048.0,SSD,,
,Retailer Trade-in,UR,Mac,MacBook Pro i7 2.6GHz 15 inch (Mid 2019),4TB SSD,1370,MacBook Pro i7 2.6GHz 15 inch (Mid 2019),2019.0,Mac,MacBook Pro,,Mid 2019,15.0,2.6GHz,i7,,4096.0,SSD,,
,Retailer Trade-in,UR,Mac,MacBook Pro i7 2.6GHz 16 inch (Late 2019),512GB SSD,1100,MacBook Pro i7 2.6GHz 16 inch (Late 2019),2019.0,Mac,MacBook Pro,,Late 2019,16.0,2.6GHz,i7,,512.0,SSD,,
,Retailer Trade-in,UR,Mac,MacBook Pro i7 2.6GHz 16 inch (Late 2019),1TB SSD,1190,MacBook Pro i7 2.6GHz 16 inch (Late 2019),2019.0,Mac,MacBook Pro,,Late 2019,16.0,2.6GHz,i7,,1024.0,SSD,,
,Retailer Trade-in,UR,Mac,MacBook Pro i7 2.6GHz 16 inch (Late 2019),2TB SSD,1290,MacBook Pro i7 2.6GHz 16 inch (Late 2019),2019.0,Mac,MacBook Pro,,Late 2019,16.0,2.6GHz,i7,,2048.0,SSD,,
,Retailer Trade-in,UR,Mac,MacBook Pro i7 2.6GHz 16 inch (Late 2019),4TB SSD,1380,MacBook Pro i7 2.6GHz 16 inch (Late 2019),2019.0,Mac,MacBook Pro,,Late 2019,16.0,2.6GHz,i7,,4096.0,SSD,,
,Retailer Trade-in,UR,Mac,MacBook Pro i7 2.6GHz 16 inch (Late 2019),8TB SSD,1500,MacBook Pro i7 2.6GHz 16 inch (Late 2019),2019.0,Mac,MacBook Pro,,Late 2019,16.0,2.6GHz,i7,,8192.0,SSD,,
,Retailer Trade-in,UR,Mac,MacBook Pro i7 2.7GHz 13 inch (Mid 2018),256GB SSD,700,MacBook Pro i7 2.7GHz 13 inch (Mid 2018),2018.0,Mac,MacBook Pro,,Mid 2018,13.0,2.7GHz,i7,,256.0,SSD,,
,Retailer Trade-in,UR,Mac,MacBook Pro i7 2.7GHz 13 inch (Mid 2018),512GB SSD,720,MacBook Pro i7 2.7GHz 13 inch (Mid 2018),2018.0,Mac,MacBook Pro,,Mid 2018,13.0,2.7GHz,i7,,512.0,SSD,,
,Retailer Trade-in,UR,Mac,MacBook Pro i7 2.7GHz 13 inch (Mid 2018),1TB SSD,770,MacBook Pro i7 2.7GHz 13 inch (Mid 2018),2018.0,Mac,MacBook Pro,,Mid 2018,13.0,2.7GHz,i7,,1024.0,SSD,,
,Retailer Trade-in,UR,Mac,MacBook Pro i7 2.7GHz 13 inch (Mid 2018),2TB SSD,820,MacBook Pro i7 2.7GHz 13 inch (Mid 2018),2018.0,Mac,MacBook Pro,,Mid 2018,13.0,2.7GHz,i7,,2048.0,SSD,,
,Retailer Trade-in,UR,Mac,MacBook Pro i7 2.7GHz 15 inch (Late 2016),256GB SSD,700,MacBook Pro i7 2.7GHz 15 inch (Late 2016),2016.0,Mac,MacBook Pro,,Late 2016,15.0,2.7GHz,i7,,256.0,SSD,,
,Retailer Trade-in,UR,Mac,MacBook Pro i7 2.7GHz 15 inch (Late 2016),512GB SSD,720,MacBook Pro i7 2.7GHz 15 inch (Late 2016),2016.0,Mac,MacBook Pro,,Late 2016,15.0,2.7GHz,i7,,512.0,SSD,,
,Retailer Trade-in,UR,Mac,MacBook Pro i7 2.7GHz 15 inch (Late 2016),1TB SSD,770,MacBook Pro i7 2.7GHz 15 inch (Late 2016),2016.0,Mac,MacBook Pro,,Late 2016,15.0,2.7GHz,i7,,1024.0,SSD,,
,Retailer Trade-in,UR,Mac,MacBook Pro i7 2.7GHz 15 inch (Late 2016),2TB SSD,820,MacBook Pro i7 2.7GHz 15 inch (Late 2016),2016.0,Mac,MacBook Pro,,Late 2016,15.0,2.7GHz,i7,,2048.0,SSD,,
,Retailer Trade-in,UR,Mac,MacBook Pro i7 2.8GHz 13 inch (Mid 2019),256GB SSD,730,MacBook Pro i7 2.8GHz 13 inch (Mid 2019),2019.0,Mac,MacBook Pro,,Mid 2019,13.0,2.8GHz,i7,,256.0,SSD,,
,Retailer Trade-in,UR,Mac,MacBook Pro i7 2.8GHz 13 inch (Mid 2019),512GB SSD,760,MacBook Pro i7 2.8GHz 13 inch (Mid 2019),2019.0,Mac,MacBook Pro,,Mid 2019,13.0,2.8GHz,i7,,512.0,SSD,,
,Retailer Trade-in,UR,Mac,MacBook Pro i7 2.8GHz 13 inch (Mid 2019),1TB SSD,770,MacBook Pro i7 2.8GHz 13 inch (Mid 2019),2019.0,Mac,MacBook Pro,,Mid 2019,13.0,2.8GHz,i7,,1024.0,SSD,,
,Retailer Trade-in,UR,Mac,MacBook Pro i7 2.8GHz 13 inch (Mid 2019),2TB SSD,830,MacBook Pro i7 2.8GHz 13 inch (Mid 2019),2019.0,Mac,MacBook Pro,,Mid 2019,13.0,2.8GHz,i7,,2048.0,SSD,,
,Retailer Trade-in,UR,Mac,MacBook Pro i7 2.8GHz 15 inch (Mid 2015),256GB SSD,240,MacBook Pro i7 2.8GHz 15 inch (Mid 2015),2015.0,Mac,MacBook Pro,,Mid 2015,15.0,2.8GHz,i7,,256.0,SSD,,
,Retailer Trade-in,UR,Mac,MacBook Pro i7 2.8GHz 15 inch (Mid 2015),512GB SSD,250,MacBook Pro i7 2.8GHz 15 inch (Mid 2015),2015.0,Mac,MacBook Pro,,Mid 2015,15.0,2.8GHz,i7,,512.0,SSD,,
,Retailer Trade-in,UR,Mac,MacBook Pro i7 2.8GHz 15 inch (Mid 2015),1TB SSD,290,MacBook Pro i7 2.8GHz 15 inch (Mid 2015),2015.0,Mac,MacBook Pro,,Mid 2015,15.0,2.8GHz,i7,,1024.0,SSD,,
,Retailer Trade-in,UR,Mac,MacBook Pro i7 2.8GHz 15 inch (Mid 2017),256GB SSD,790,MacBook Pro i7 2.8GHz 15 inch (Mid 2017),2017.0,Mac,MacBook Pro,,Mid 2017,15.0,2.8GHz,i7,,256.0,SSD,,
,Retailer Trade-in,UR,Mac,MacBook Pro i7 2.8GHz 15 inch (Mid 2017),512GB SSD,820,MacBook Pro i7 2.8GHz 15 inch (Mid 2017),2017.0,Mac,MacBook Pro,,Mid 2017,15.0,2.8GHz,i7,,512.0,SSD,,
,Retailer Trade-in,UR,Mac,MacBook Pro i7 2.8GHz 15 inch (Mid 2017),1TB SSD,840,MacBook Pro i7 2.8GHz 15 inch (Mid 2017),2017.0,Mac,MacBook Pro,,Mid 2017,15.0,2.8GHz,i7,,1024.0,SSD,,
,Retailer Trade-in,UR,Mac,MacBook Pro i7 2.8GHz 15 inch (Mid 2017),2TB SSD,890,MacBook Pro i7 2.8GHz 15 inch (Mid 2017),2017.0,Mac,MacBook Pro,,Mid 2017,15.0,2.8GHz,i7,,2048.0,SSD,,
,Retailer Trade-in,UR,Mac,MacBook Pro i7 2.9GHz 15 inch (Late 2016),256GB SSD,700,MacBook Pro i7 2.9GHz 15 inch (Late 2016),2016.0,Mac,MacBook Pro,,Late 2016,15.0,2.9GHz,i7,,256.0,SSD,,
,Retailer Trade-in,UR,Mac,MacBook Pro i7 2.9GHz 15 inch (Late 2016),512GB SSD,720,MacBook Pro i7 2.9GHz 15 inch (Late 2016),2016.0,Mac,MacBook Pro,,Late 2016,15.0,2.9GHz,i7,,512.0,SSD,,
,Retailer Trade-in,UR,Mac,MacBook Pro i7 2.9GHz 15 inch (Late 2016),1TB SSD,770,MacBook Pro i7 2.9GHz 15 inch (Late 2016),2016.0,Mac,MacBook Pro,,Late 2016,15.0,2.9GHz,i7,,1024.0,SSD,,
,Retailer Trade-in,UR,Mac,MacBook Pro i7 2.9GHz 15 inch (Late 2016),2TB SSD,820,MacBook Pro i7 2.9GHz 15 inch (Late 2016),2016.0,Mac,MacBook Pro,,Late 2016,15.0,2.9GHz,i7,,2048.0,SSD,,
,Retailer Trade-in,UR,Mac,MacBook Pro i7 2.9GHz 15 inch (Mid 2017),256GB SSD,800,MacBook Pro i7 2.9GHz 15 inch (Mid 2017),2017.0,Mac,MacBook Pro,,Mid 2017,15.0,2.9GHz,i7,,256.0,SSD,,
,Retailer Trade-in,UR,Mac,MacBook Pro i7 2.9GHz 15 inch (Mid 2017),512GB SSD,820,MacBook Pro i7 2.9GHz 15 inch (Mid 2017),2017.0,Mac,MacBook Pro,,Mid 2017,15.0,2.9GHz,i7,,512.0,SSD,,
,Retailer Trade-in,UR,Mac,MacBook Pro i7 2.9GHz 15 inch (Mid 2017),1TB SSD,840,MacBook Pro i7 2.9GHz 15 inch (Mid 2017),2017.0,Mac,MacBook Pro,,Mid 2017,15.0,2.9GHz,i7,,1024.0,SSD,,
,Retailer Trade-in,UR,Mac,MacBook Pro i7 2.9GHz 15 inch (Mid 2017),2TB SSD,900,MacBook Pro i7 2.9GHz 15 inch (Mid 2017),2017.0,Mac,MacBook Pro,,Mid 2017,15.0,2.9GHz,i7,,2048.0,SSD,,
,Retailer Trade-in,UR,Mac,MacBook Pro i7 3.1GHz 13 inch (Early 2015),128GB SSD,120,MacBook Pro i7 3.1GHz 13 inch (Early 2015),2015.0,Mac,MacBook Pro,,Early 2015,13.0,3.1GHz,i7,,128.0,SSD,,
,Retailer Trade-in,UR,Mac,MacBook Pro i7 3.1GHz 13 inch (Early 2015),256GB SSD,120,MacBook Pro i7 3.1GHz 13 inch (Early 2015),2015.0,Mac,MacBook Pro,,Early 2015,13.0,3.1GHz,i7,,256.0,SSD,,
,Retailer Trade-in,UR,Mac,MacBook Pro i7 3.1GHz 13 inch (Early 2015),512GB SSD,150,MacBook Pro i7 3.1GHz 13 inch (Early 2015),2015.0,Mac,MacBook Pro,,Early 2015,13.0,3.1GHz,i7,,512.0,SSD,,
,Retailer Trade-in,UR,Mac,MacBook Pro i7 3.1GHz 13 inch (Early 2015),1TB SSD,150,MacBook Pro i7 3.1GHz 13 inch (Early 2015),2015.0,Mac,MacBook Pro,,Early 2015,13.0,3.1GHz,i7,,1024.0,SSD,,
,Retailer Trade-in,UR,Mac,MacBook Pro i7 3.1GHz 15 inch (Mid 2017),256GB SSD,800,MacBook Pro i7 3.1GHz 15 inch (Mid 2017),2017.0,Mac,MacBook Pro,,Mid 2017,15.0,3.1GHz,i7,,256.0,SSD,,
,Retailer Trade-in,UR,Mac,MacBook Pro i7 3.1GHz 15 inch (Mid 2017),512GB SSD,820,MacBook Pro i7 3.1GHz 15 inch (Mid 2017),2017.0,Mac,MacBook Pro,,Mid 2017,15.0,3.1GHz,i7,,512.0,SSD,,
,Retailer Trade-in,UR,Mac,MacBook Pro i7 3.1GHz 15 inch (Mid 2017),1TB SSD,840,MacBook Pro i7 3.1GHz 15 inch (Mid 2017),2017.0,Mac,MacBook Pro,,Mid 2017,15.0,3.1GHz,i7,,1024.0,SSD,,
,Retailer Trade-in,UR,Mac,MacBook Pro i7 3.1GHz 15 inch (Mid 2017),2TB SSD,890,MacBook Pro i7 3.1GHz 15 inch (Mid 2017),2017.0,Mac,MacBook Pro,,Mid 2017,15.0,3.1GHz,i7,,2048.0,SSD,,
,Retailer Trade-in,UR,Mac,MacBook Pro i7 3.3GHz 13 inch (Late 2016),256GB SSD,450,MacBook Pro i7 3.3GHz 13 inch (Late 2016),2016.0,Mac,MacBook Pro,,Late 2016,13.0,3.3GHz,i7,,256.0,SSD,,
,Retailer Trade-in,UR,Mac,MacBook Pro i7 3.3GHz 13 inch (Late 2016),512GB SSD,460,MacBook Pro i7 3.3GHz 13 inch (Late 2016),2016.0,Mac,MacBook Pro,,Late 2016,13.0,3.3GHz,i7,,512.0,SSD,,
,Retailer Trade-in,UR,Mac,MacBook Pro i7 3.3GHz 13 inch (Late 2016),1TB SSD,470,MacBook Pro i7 3.3GHz 13 inch (Late 2016),2016.0,Mac,MacBook Pro,,Late 2016,13.0,3.3GHz,i7,,1024.0,SSD,,
,Retailer Trade-in,UR,Mac,MacBook Pro i7 3.5GHz 13 inch (Mid 2017),256GB SSD,720,MacBook Pro i7 3.5GHz 13 inch (Mid 2017),2017.0,Mac,MacBook Pro,,Mid 2017,13.0,3.5GHz,i7,,256.0,SSD,,
,Retailer Trade-in,UR,Mac,MacBook Pro i7 3.5GHz 13 inch (Mid 2017),512GB SSD,800,MacBook Pro i7 3.5GHz 13 inch (Mid 2017),2017.0,Mac,MacBook Pro,,Mid 2017,13.0,3.5GHz,i7,,512.0,SSD,,
,Retailer Trade-in,UR,Mac,MacBook Pro i7 3.5GHz 13 inch (Mid 2017),1TB SSD,840,MacBook Pro i7 3.5GHz 13 inch (Mid 2017),2017.0,Mac,MacBook Pro,,Mid 2017,13.0,3.5GHz,i7,,1024.0,SSD,,
,Retailer Trade-in,UR,Mac,MacBook Pro i9 2.3GHz 15 inch (Mid 2019),256GB SSD,1030,MacBook Pro i9 2.3GHz 15 inch (Mid 2019),2019.0,Mac,MacBook Pro,,Mid 2019,15.0,2.3GHz,i9,,256.0,SSD,,
,Retailer Trade-in,UR,Mac,MacBook Pro i9 2.3GHz 15 inch (Mid 2019),512GB SSD,1100,MacBook Pro i9 2.3GHz 15 inch (Mid 2019),2019.0,Mac,MacBook Pro,,Mid 2019,15.0,2.3GHz,i9,,512.0,SSD,,
,Retailer Trade-in,UR,Mac,MacBook Pro i9 2.3GHz 15 inch (Mid 2019),1TB SSD,1290,MacBook Pro i9 2.3GHz 15 inch (Mid 2019),2019.0,Mac,MacBook Pro,,Mid 2019,15.0,2.3GHz,i9,,1024.0,SSD,,
,Retailer Trade-in,UR,Mac,MacBook Pro i9 2.3GHz 15 inch (Mid 2019),2TB SSD,1390,MacBook Pro i9 2.3GHz 15 inch (Mid 2019),2019.0,Mac,MacBook Pro,,Mid 2019,15.0,2.3GHz,i9,,2048.0,SSD,,
,Retailer Trade-in,UR,Mac,MacBook Pro i9 2.3GHz 15 inch (Mid 2019),4TB SSD,1510,MacBook Pro i9 2.3GHz 15 inch (Mid 2019),2019.0,Mac,MacBook Pro,,Mid 2019,15.0,2.3GHz,i9,,4096.0,SSD,,
,Retailer Trade-in,UR,Mac,MacBook Pro i9 2.3GHz 16 inch (Late 2019),1TB SSD,1280,MacBook Pro i9 2.3GHz 16 inch (Late 2019),2019.0,Mac,MacBook Pro,,Late 2019,16.0,2.3GHz,i9,,1024.0,SSD,,
,Retailer Trade-in,UR,Mac,MacBook Pro i9 2.3GHz 16 inch (Late 2019),2TB SSD,1380,MacBook Pro i9 2.3GHz 16 inch (Late 2019),2019.0,Mac,MacBook Pro,,Late 2019,16.0,2.3GHz,i9,,2048.0,SSD,,
,Retailer Trade-in,UR,Mac,MacBook Pro i9 2.3GHz 16 inch (Late 2019),4TB SSD,1560,MacBook Pro i9 2.3GHz 16 inch (Late 2019),2019.0,Mac,MacBook Pro,,Late 2019,16.0,2.3GHz,i9,,4096.0,SSD,,
,Retailer Trade-in,UR,Mac,MacBook Pro i9 2.3GHz 16 inch (Late 2019),8TB SSD,1570,MacBook Pro i9 2.3GHz 16 inch (Late 2019),2019.0,Mac,MacBook Pro,,Late 2019,16.0,2.3GHz,i9,,8192.0,SSD,,
,Retailer Trade-in,UR,Mac,MacBook Pro i9 2.4GHz 15 inch (Mid 2019),256GB SSD,1030,MacBook Pro i9 2.4GHz 15 inch (Mid 2019),2019.0,Mac,MacBook Pro,,Mid 2019,15.0,2.4GHz,i9,,256.0,SSD,,
,Retailer Trade-in,UR,Mac,MacBook Pro i9 2.4GHz 15 inch (Mid 2019),512GB SSD,1180,MacBook Pro i9 2.4GHz 15 inch (Mid 2019),2019.0,Mac,MacBook Pro,,Mid 2019,15.0,2.4GHz,i9,,512.0,SSD,,
,Retailer Trade-in,UR,Mac,MacBook Pro i9 2.4GHz 15 inch (Mid 2019),1TB SSD,1290,MacBook Pro i9 2.4GHz 15 inch (Mid 2019),2019.0,Mac,MacBook Pro,,Mid 2019,15.0,2.4GHz,i9,,1024.0,SSD,,
,Retailer Trade-in,UR,Mac,MacBook Pro i9 2.4GHz 15 inch (Mid 2019),2TB SSD,1390,MacBook Pro i9 2.4GHz 15 inch (Mid 2019),2019.0,Mac,MacBook Pro,,Mid 2019,15.0,2.4GHz,i9,,2048.0,SSD,,
,Retailer Trade-in,UR,Mac,MacBook Pro i9 2.4GHz 15 inch (Mid 2019),4TB SSD,1510,MacBook Pro i9 2.4GHz 15 inch (Mid 2019),2019.0,Mac,MacBook Pro,,Mid 2019,15.0,2.4GHz,i9,,4096.0,SSD,,
,Retailer Trade-in,UR,Mac,MacBook Pro i9 2.4GHz 16 inch (Late 2019),512GB SSD,1190,MacBook Pro i9 2.4GHz 16 inch (Late 2019),2019.0,Mac,MacBook Pro,,Late 2019,16.0,2.4GHz,i9,,512.0,SSD,,
,Retailer Trade-in,UR,Mac,MacBook Pro i9 2.4GHz 16 inch (Late 2019),1TB SSD,1410,MacBook Pro i9 2.4GHz 16 inch (Late 2019),2019.0,Mac,MacBook Pro,,Late 2019,16.0,2.4GHz,i9,,1024.0,SSD,,
,Retailer Trade-in,UR,Mac,MacBook Pro i9 2.4GHz 16 inch (Late 2019),2TB SSD,1480,MacBook Pro i9 2.4GHz 16 inch (Late 2019),2019.0,Mac,MacBook Pro,,Late 2019,16.0,2.4GHz,i9,,2048.0,SSD,,
,Retailer Trade-in,UR,Mac,MacBook Pro i9 2.4GHz 16 inch (Late 2019),4TB SSD,1600,MacBook Pro i9 2.4GHz 16 inch (Late 2019),2019.0,Mac,MacBook Pro,,Late 2019,16.0,2.4GHz,i9,,4096.0,SSD,,
,Retailer Trade-in,UR,Mac,MacBook Pro i9 2.4GHz 16 inch (Late 2019),8TB SSD,1740,MacBook Pro i9 2.4GHz 16 inch (Late 2019),2019.0,Mac,MacBook Pro,,Late 2019,16.0,2.4GHz,i9,,8192.0,SSD,,
,Retailer Trade-in,UR,Mac,MacBook Pro i9 2.9GHz 15 inch (Mid 2018),256GB SSD,910,MacBook Pro i9 2.9GHz 15 inch (Mid 2018),2018.0,Mac,MacBook Pro,,Mid 2018,15.0,2.9GHz,i9,,256.0,SSD,,
,Retailer Trade-in,UR,Mac,MacBook Pro i9 2.9GHz 15 inch (Mid 2018),512GB SSD,960,MacBook Pro i9 2.9GHz 15 inch (Mid 2018),2018.0,Mac,MacBook Pro,,Mid 2018,15.0,2.9GHz,i9,,512.0,SSD,,
,Retailer Trade-in,UR,Mac,MacBook Pro i9 2.9GHz 15 inch (Mid 2018),1TB SSD,1040,MacBook Pro i9 2.9GHz 15 inch (Mid 2018),2018.0,Mac,MacBook Pro,,Mid 2018,15.0,2.9GHz,i9,,1024.0,SSD,,
,Retailer Trade-in,UR,Mac,MacBook Pro i9 2.9GHz 15 inch (Mid 2018),2TB SSD,1130,MacBook Pro i9 2.9GHz 15 inch (Mid 2018),2018.0,Mac,MacBook Pro,,Mid 2018,15.0,2.9GHz,i9,,2048.0,SSD,,
,Retailer Trade-in,UR,Mac,MacBook Pro i9 2.9GHz 15 inch (Mid 2018),4TB SSD,1230,MacBook Pro i9 2.9GHz 15 inch (Mid 2018),2018.0,Mac,MacBook Pro,,Mid 2018,15.0,2.9GHz,i9,,4096.0,SSD,,
,Retailer Trade-in,UR,Mac,MacBook Pro M1 8-Core CPU and 8-Core GPU 13 inch (Late 2020),256GB SSD,910,MacBook Pro M1 8-Core CPU and 8-Core GPU 13 inch (Late 2020),2020.0,Mac,MacBook Pro,,Late 2020,13.0,,M1 ,,256.0,SSD,,
,Retailer Trade-in,UR,Mac,MacBook Pro M1 8-Core CPU and 8-Core GPU 13 inch (Late 2020),512GB SSD,960,MacBook Pro M1 8-Core CPU and 8-Core GPU 13 inch (Late 2020),2020.0,Mac,MacBook Pro,,Late 2020,13.0,,M1 ,,512.0,SSD,,
,Retailer Trade-in,UR,Mac,MacBook Pro M1 8-Core CPU and 8-Core GPU 13 inch (Late 2020),1TB SSD,1030,MacBook Pro M1 8-Core CPU and 8-Core GPU 13 inch (Late 2020),2020.0,Mac,MacBook Pro,,Late 2020,13.0,,M1 ,,1024.0,SSD,,
,Retailer Trade-in,UR,Mac,MacBook Pro M1 8-Core CPU and 8-Core GPU 13 inch (Late 2020),2TB SSD,1150,MacBook Pro M1 8-Core CPU and 8-Core GPU 13 inch (Late 2020),2020.0,Mac,MacBook Pro,,Late 2020,13.0,,M1 ,,2048.0,SSD,,
,Retailer Trade-in,UR,Mac,MacBook Pro M2 8-Core CPU and 10-Core GPU 13 inch (Mid 2022),256GB SSD,1400,MacBook Pro M2 8-Core CPU and 10-Core GPU 13 inch (Mid 2022),2022.0,Mac,MacBook Pro,,Mid 2022,13.0,,M2 ,,256.0,SSD,,
,Retailer Trade-in,UR,Mac,MacBook Pro M2 8-Core CPU and 10-Core GPU 13 inch (Mid 2022),512GB SSD,1680,MacBook Pro M2 8-Core CPU and 10-Core GPU 13 inch (Mid 2022),2022.0,Mac,MacBook Pro,,Mid 2022,13.0,,M2 ,,512.0,SSD,,
,Retailer Trade-in,UR,Mac,MacBook Pro M2 8-Core CPU and 10-Core GPU 13 inch (Mid 2022),1TB SSD,1900,MacBook Pro M2 8-Core CPU and 10-Core GPU 13 inch (Mid 2022),2022.0,Mac,MacBook Pro,,Mid 2022,13.0,,M2 ,,1024.0,SSD,,
,Retailer Trade-in,UR,Mac,MacBook Pro M2 8-Core CPU and 10-Core GPU 13 inch (Mid 2022),2TB SSD,2260,MacBook Pro M2 8-Core CPU and 10-Core GPU 13 inch (Mid 2022),2022.0,Mac,MacBook Pro,,Mid 2022,13.0,,M2 ,,2048.0,SSD,,
,Retailer Trade-in,UR,Mac,MacBook Pro M2 Max 12-Core CPU and 30-Core GPU 14 inch (Early 2023),512GB SSD,2910,MacBook Pro M2 Max 12-Core CPU and 30-Core GPU 14 inch (Early 2023),2023.0,Mac,MacBook Pro,,Early 2023,14.0,,M2 Max,,512.0,SSD,,
,Retailer Trade-in,UR,Mac,MacBook Pro M2 Max 12-Core CPU and 30-Core GPU 14 inch (Early 2023),1TB SSD,2940,MacBook Pro M2 Max 12-Core CPU and 30-Core GPU 14 inch (Early 2023),2023.0,Mac,MacBook Pro,,Early 2023,14.0,,M2 Max,,1024.0,SSD,,
,Retailer Trade-in,UR,Mac,MacBook Pro M2 Max 12-Core CPU and 30-Core GPU 14 inch (Early 2023),2TB SSD,3950,MacBook Pro M2 Max 12-Core CPU and 30-Core GPU 14 inch (Early 2023),2023.0,Mac,MacBook Pro,,Early 2023,14.0,,M2 Max,,2048.0,SSD,,
,Retailer Trade-in,UR,Mac,MacBook Pro M2 Max 12-Core CPU and 30-Core GPU 14 inch (Early 2023),4TB SSD,4460,MacBook Pro M2 Max 12-Core CPU and 30-Core GPU 14 inch (Early 2023),2023.0,Mac,MacBook Pro,,Early 2023,14.0,,M2 Max,,4096.0,SSD,,
,Retailer Trade-in,UR,Mac,MacBook Pro M2 Max 12-Core CPU and 30-Core GPU 14 inch (Early 2023),8TB SSD,5630,MacBook Pro M2 Max 12-Core CPU and 30-Core GPU 14 inch (Early 2023),2023.0,Mac,MacBook Pro,,Early 2023,14.0,,M2 Max,,8192.0,SSD,,
,Retailer Trade-in,UR,Mac,MacBook Pro M2 Max 12-Core CPU and 30-Core GPU 16 inch (Early 2023),512GB SSD,3540,MacBook Pro M2 Max 12-Core CPU and 30-Core GPU 16 inch (Early 2023),2023.0,Mac,MacBook Pro,,Early 2023,16.0,,M2 Max,,512.0,SSD,,
,Retailer Trade-in,UR,Mac,MacBook Pro M2 Max 12-Core CPU and 30-Core GPU 16 inch (Early 2023),1TB SSD,3720,MacBook Pro M2 Max 12-Core CPU and 30-Core GPU 16 inch (Early 2023),2023.0,Mac,MacBook Pro,,Early 2023,16.0,,M2 Max,,1024.0,SSD,,
,Retailer Trade-in,UR,Mac,MacBook Pro M2 Max 12-Core CPU and 30-Core GPU 16 inch (Early 2023),2TB SSD,4040,MacBook Pro M2 Max 12-Core CPU and 30-Core GPU 16 inch (Early 2023),2023.0,Mac,MacBook Pro,,Early 2023,16.0,,M2 Max,,2048.0,SSD,,
,Retailer Trade-in,UR,Mac,MacBook Pro M2 Max 12-Core CPU and 30-Core GPU 16 inch (Early 2023),4TB SSD,4670,MacBook Pro M2 Max 12-Core CPU and 30-Core GPU 16 inch (Early 2023),2023.0,Mac,MacBook Pro,,Early 2023,16.0,,M2 Max,,4096.0,SSD,,
,Retailer Trade-in,UR,Mac,MacBook Pro M2 Max 12-Core CPU and 30-Core GPU 16 inch (Early 2023),8TB SSD,5920,MacBook Pro M2 Max 12-Core CPU and 30-Core GPU 16 inch (Early 2023),2023.0,Mac,MacBook Pro,,Early 2023,16.0,,M2 Max,,8192.0,SSD,,
,Retailer Trade-in,UR,Mac,MacBook Pro M2 Max 12-Core CPU and 38-Core GPU 14 inch (Early 2023),512GB SSD,3360,MacBook Pro M2 Max 12-Core CPU and 38-Core GPU 14 inch (Early 2023),2023.0,Mac,MacBook Pro,,Early 2023,14.0,,M2 Max,,512.0,SSD,,
,Retailer Trade-in,UR,Mac,MacBook Pro M2 Max 12-Core CPU and 38-Core GPU 14 inch (Early 2023),1TB SSD,3640,MacBook Pro M2 Max 12-Core CPU and 38-Core GPU 14 inch (Early 2023),2023.0,Mac,MacBook Pro,,Early 2023,14.0,,M2 Max,,1024.0,SSD,,
,Retailer Trade-in,UR,Mac,MacBook Pro M2 Max 12-Core CPU and 38-Core GPU 14 inch (Early 2023),2TB SSD,4120,MacBook Pro M2 Max 12-Core CPU and 38-Core GPU 14 inch (Early 2023),2023.0,Mac,MacBook Pro,,Early 2023,14.0,,M2 Max,,2048.0,SSD,,
,Retailer Trade-in,UR,Mac,MacBook Pro M2 Max 12-Core CPU and 38-Core GPU 14 inch (Early 2023),4TB SSD,4800,MacBook Pro M2 Max 12-Core CPU and 38-Core GPU 14 inch (Early 2023),2023.0,Mac,MacBook Pro,,Early 2023,14.0,,M2 Max,,4096.0,SSD,,
,Retailer Trade-in,UR,Mac,MacBook Pro M2 Max 12-Core CPU and 38-Core GPU 14 inch (Early 2023),8TB SSD,6030,MacBook Pro M2 Max 12-Core CPU and 38-Core GPU 14 inch (Early 2023),2023.0,Mac,MacBook Pro,,Early 2023,14.0,,M2 Max,,8192.0,SSD,,
,Retailer Trade-in,UR,Mac,MacBook Pro M2 Max 12-Core CPU and 38-Core GPU 16 inch (Early 2023),512GB SSD,3700,MacBook Pro M2 Max 12-Core CPU and 38-Core GPU 16 inch (Early 2023),2023.0,Mac,MacBook Pro,,Early 2023,16.0,,M2 Max,,512.0,SSD,,
,Retailer Trade-in,UR,Mac,MacBook Pro M2 Max 12-Core CPU and 38-Core GPU 16 inch (Early 2023),1TB SSD,3800,MacBook Pro M2 Max 12-Core CPU and 38-Core GPU 16 inch (Early 2023),2023.0,Mac,MacBook Pro,,Early 2023,16.0,,M2 Max,,1024.0,SSD,,
,Retailer Trade-in,UR,Mac,MacBook Pro M2 Max 12-Core CPU and 38-Core GPU 16 inch (Early 2023),2TB SSD,4460,MacBook Pro M2 Max 12-Core CPU and 38-Core GPU 16 inch (Early 2023),2023.0,Mac,MacBook Pro,,Early 2023,16.0,,M2 Max,,2048.0,SSD,,
,Retailer Trade-in,UR,Mac,MacBook Pro M2 Max 12-Core CPU and 38-Core GPU 16 inch (Early 2023),4TB SSD,4870,MacBook Pro M2 Max 12-Core CPU and 38-Core GPU 16 inch (Early 2023),2023.0,Mac,MacBook Pro,,Early 2023,16.0,,M2 Max,,4096.0,SSD,,
,Retailer Trade-in,UR,Mac,MacBook Pro M2 Max 12-Core CPU and 38-Core GPU 16 inch (Early 2023),8TB SSD,6330,MacBook Pro M2 Max 12-Core CPU and 38-Core GPU 16 inch (Early 2023),2023.0,Mac,MacBook Pro,,Early 2023,16.0,,M2 Max,,8192.0,SSD,,
,Retailer Trade-in,UR,Mac,MacBook Pro M2 Pro 10-Core CPU and 16-Core GPU 14 inch (Early 2023),512GB SSD,2490,MacBook Pro M2 Pro 10-Core CPU and 16-Core GPU 14 inch (Early 2023),2023.0,Mac,MacBook Pro,,Early 2023,14.0,,M2 pro,,512.0,SSD,,
,Retailer Trade-in,UR,Mac,MacBook Pro M2 Pro 10-Core CPU and 16-Core GPU 14 inch (Early 2023),1TB SSD,2650,MacBook Pro M2 Pro 10-Core CPU and 16-Core GPU 14 inch (Early 2023),2023.0,Mac,MacBook Pro,,Early 2023,14.0,,M2 pro,,1024.0,SSD,,
,Retailer Trade-in,UR,Mac,MacBook Pro M2 Pro 10-Core CPU and 16-Core GPU 14 inch (Early 2023),2TB SSD,2930,MacBook Pro M2 Pro 10-Core CPU and 16-Core GPU 14 inch (Early 2023),2023.0,Mac,MacBook Pro,,Early 2023,14.0,,M2 pro,,2048.0,SSD,,
,Retailer Trade-in,UR,Mac,MacBook Pro M2 Pro 10-Core CPU and 16-Core GPU 14 inch (Early 2023),4TB SSD,3370,MacBook Pro M2 Pro 10-Core CPU and 16-Core GPU 14 inch (Early 2023),2023.0,Mac,MacBook Pro,,Early 2023,14.0,,M2 pro,,4096.0,SSD,,
,Retailer Trade-in,UR,Mac,MacBook Pro M2 Pro 10-Core CPU and 16-Core GPU 14 inch (Early 2023),8TB SSD,4290,MacBook Pro M2 Pro 10-Core CPU and 16-Core GPU 14 inch (Early 2023),2023.0,Mac,MacBook Pro,,Early 2023,14.0,,M2 pro,,8192.0,SSD,,
,Retailer Trade-in,UR,Mac,MacBook Pro M2 Pro 12-Core CPU and 19-Core GPU 14 inch (Early 2023),512GB SSD,2530,MacBook Pro M2 Pro 12-Core CPU and 19-Core GPU 14 inch (Early 2023),2023.0,Mac,MacBook Pro,,Early 2023,14.0,,M2 pro,,512.0,SSD,,
,Retailer Trade-in,UR,Mac,MacBook Pro M2 Pro 12-Core CPU and 19-Core GPU 14 inch (Early 2023),1TB SSD,2650,MacBook Pro M2 Pro 12-Core CPU and 19-Core GPU 14 inch (Early 2023),2023.0,Mac,MacBook Pro,,Early 2023,14.0,,M2 pro,,1024.0,SSD,,
,Retailer Trade-in,UR,Mac,MacBook Pro M2 Pro 12-Core CPU and 19-Core GPU 14 inch (Early 2023),2TB SSD,3250,MacBook Pro M2 Pro 12-Core CPU and 19-Core GPU 14 inch (Early 2023),2023.0,Mac,MacBook Pro,,Early 2023,14.0,,M2 pro,,2048.0,SSD,,
,Retailer Trade-in,UR,Mac,MacBook Pro M2 Pro 12-Core CPU and 19-Core GPU 14 inch (Early 2023),4TB SSD,3840,MacBook Pro M2 Pro 12-Core CPU and 19-Core GPU 14 inch (Early 2023),2023.0,Mac,MacBook Pro,,Early 2023,14.0,,M2 pro,,4096.0,SSD,,
,Retailer Trade-in,UR,Mac,MacBook Pro M2 Pro 12-Core CPU and 19-Core GPU 14 inch (Early 2023),8TB SSD,4780,MacBook Pro M2 Pro 12-Core CPU and 19-Core GPU 14 inch (Early 2023),2023.0,Mac,MacBook Pro,,Early 2023,14.0,,M2 pro,,8192.0,SSD,,
,Retailer Trade-in,UR,Mac,MacBook Pro M2 Pro 12-Core CPU and 19-Core GPU 16 inch (Early 2023),512GB SSD,2950,MacBook Pro M2 Pro 12-Core CPU and 19-Core GPU 16 inch (Early 2023),2023.0,Mac,MacBook Pro,,Early 2023,16.0,,M2 pro,,512.0,SSD,,
,Retailer Trade-in,UR,Mac,MacBook Pro M2 Pro 12-Core CPU and 19-Core GPU 16 inch (Early 2023),1TB SSD,3160,MacBook Pro M2 Pro 12-Core CPU and 19-Core GPU 16 inch (Early 2023),2023.0,Mac,MacBook Pro,,Early 2023,16.0,,M2 pro,,1024.0,SSD,,
,Retailer Trade-in,UR,Mac,MacBook Pro M2 Pro 12-Core CPU and 19-Core GPU 16 inch (Early 2023),2TB SSD,3540,MacBook Pro M2 Pro 12-Core CPU and 19-Core GPU 16 inch (Early 2023),2023.0,Mac,MacBook Pro,,Early 2023,16.0,,M2 pro,,2048.0,SSD,,
,Retailer Trade-in,UR,Mac,MacBook Pro M2 Pro 12-Core CPU and 19-Core GPU 16 inch (Early 2023),4TB SSD,4330,MacBook Pro M2 Pro 12-Core CPU and 19-Core GPU 16 inch (Early 2023),2023.0,Mac,MacBook Pro,,Early 2023,16.0,,M2 pro,,4096.0,SSD,,
,Retailer Trade-in,UR,Mac,MacBook Pro M2 Pro 12-Core CPU and 19-Core GPU 16 inch (Early 2023),8TB SSD,5570,MacBook Pro M2 Pro 12-Core CPU and 19-Core GPU 16 inch (Early 2023),2023.0,Mac,MacBook Pro,,Early 2023,16.0,,M2 pro,,8192.0,SSD,,
,Retailer Trade-in,UR,Mac,MacBook Pro M3 8-Core CPU and 10-Core GPU 14 inch (Late 2023),512GB SSD,2560,MacBook Pro M3 8-Core CPU and 10-Core GPU 14 inch (Late 2023),2023.0,Mac,MacBook Pro,,Late 2023,14.0,,M3 ,,512.0,SSD,,
,Retailer Trade-in,UR,Mac,MacBook Pro M3 8-Core CPU and 10-Core GPU 14 inch (Late 2023),1TB SSD,2820,MacBook Pro M3 8-Core CPU and 10-Core GPU 14 inch (Late 2023),2023.0,Mac,MacBook Pro,,Late 2023,14.0,,M3 ,,1024.0,SSD,,
,Retailer Trade-in,UR,Mac,MacBook Pro M3 8-Core CPU and 10-Core GPU 14 inch (Late 2023),2TB SSD,3550,MacBook Pro M3 8-Core CPU and 10-Core GPU 14 inch (Late 2023),2023.0,Mac,MacBook Pro,,Late 2023,14.0,,M3 ,,2048.0,SSD,,
,Retailer Trade-in,UR,Mac,MacBook Pro M3 Max 14-Core CPU and 30-Core GPU 14 inch (Late 2023),512GB SSD,4640,MacBook Pro M3 Max 14-Core CPU and 30-Core GPU 14 inch (Late 2023),2023.0,Mac,MacBook Pro,,Late 2023,14.0,,M3 Max,,512.0,SSD,,
,Retailer Trade-in,UR,Mac,MacBook Pro M3 Max 14-Core CPU and 30-Core GPU 14 inch (Late 2023),1TB SSD,4830,MacBook Pro M3 Max 14-Core CPU and 30-Core GPU 14 inch (Late 2023),2023.0,Mac,MacBook Pro,,Late 2023,14.0,,M3 Max,,1024.0,SSD,,
,Retailer Trade-in,UR,Mac,MacBook Pro M3 Max 14-Core CPU and 30-Core GPU 14 inch (Late 2023),2TB SSD,5260,MacBook Pro M3 Max 14-Core CPU and 30-Core GPU 14 inch (Late 2023),2023.0,Mac,MacBook Pro,,Late 2023,14.0,,M3 Max,,2048.0,SSD,,
,Retailer Trade-in,UR,Mac,MacBook Pro M3 Max 14-Core CPU and 30-Core GPU 14 inch (Late 2023),4TB SSD,6450,MacBook Pro M3 Max 14-Core CPU and 30-Core GPU 14 inch (Late 2023),2023.0,Mac,MacBook Pro,,Late 2023,14.0,,M3 Max,,4096.0,SSD,,
,Retailer Trade-in,UR,Mac,MacBook Pro M3 Max 14-Core CPU and 30-Core GPU 14 inch (Late 2023),8TB SSD,7450,MacBook Pro M3 Max 14-Core CPU and 30-Core GPU 14 inch (Late 2023),2023.0,Mac,MacBook Pro,,Late 2023,14.0,,M3 Max,,8192.0,SSD,,
,Retailer Trade-in,UR,Mac,MacBook Pro M3 Max 14-Core CPU and 30-Core GPU 16 inch (Late 2023),512GB SSD,5240,MacBook Pro M3 Max 14-Core CPU and 30-Core GPU 16 inch (Late 2023),2023.0,Mac,MacBook Pro,,Late 2023,16.0,,M3 Max,,512.0,SSD,,
,Retailer Trade-in,UR,Mac,MacBook Pro M3 Max 14-Core CPU and 30-Core GPU 16 inch (Late 2023),1TB SSD,5680,MacBook Pro M3 Max 14-Core CPU and 30-Core GPU 16 inch (Late 2023),2023.0,Mac,MacBook Pro,,Late 2023,16.0,,M3 Max,,1024.0,SSD,,
,Retailer Trade-in,UR,Mac,MacBook Pro M3 Max 14-Core CPU and 30-Core GPU 16 inch (Late 2023),2TB SSD,6150,MacBook Pro M3 Max 14-Core CPU and 30-Core GPU 16 inch (Late 2023),2023.0,Mac,MacBook Pro,,Late 2023,16.0,,M3 Max,,2048.0,SSD,,
,Retailer Trade-in,UR,Mac,MacBook Pro M3 Max 14-Core CPU and 30-Core GPU 16 inch (Late 2023),4TB SSD,7200,MacBook Pro M3 Max 14-Core CPU and 30-Core GPU 16 inch (Late 2023),2023.0,Mac,MacBook Pro,,Late 2023,16.0,,M3 Max,,4096.0,SSD,,
,Retailer Trade-in,UR,Mac,MacBook Pro M3 Max 14-Core CPU and 30-Core GPU 16 inch (Late 2023),8TB SSD,8710,MacBook Pro M3 Max 14-Core CPU and 30-Core GPU 16 inch (Late 2023),2023.0,Mac,MacBook Pro,,Late 2023,16.0,,M3 Max,,8192.0,SSD,,
,Retailer Trade-in,UR,Mac,MacBook Pro M3 Max 16-Core CPU and 40-Core GPU 14 inch (Late 2023),512GB SSD,5260,MacBook Pro M3 Max 16-Core CPU and 40-Core GPU 14 inch (Late 2023),2023.0,Mac,MacBook Pro,,Late 2023,14.0,,M3 Max,,512.0,SSD,,
,Retailer Trade-in,UR,Mac,MacBook Pro M3 Max 16-Core CPU and 40-Core GPU 14 inch (Late 2023),1TB SSD,5420,MacBook Pro M3 Max 16-Core CPU and 40-Core GPU 14 inch (Late 2023),2023.0,Mac,MacBook Pro,,Late 2023,14.0,,M3 Max,,1024.0,SSD,,
,Retailer Trade-in,UR,Mac,MacBook Pro M3 Max 16-Core CPU and 40-Core GPU 14 inch (Late 2023),2TB SSD,6100,MacBook Pro M3 Max 16-Core CPU and 40-Core GPU 14 inch (Late 2023),2023.0,Mac,MacBook Pro,,Late 2023,14.0,,M3 Max,,2048.0,SSD,,
,Retailer Trade-in,UR,Mac,MacBook Pro M3 Max 16-Core CPU and 40-Core GPU 14 inch (Late 2023),4TB SSD,6940,MacBook Pro M3 Max 16-Core CPU and 40-Core GPU 14 inch (Late 2023),2023.0,Mac,MacBook Pro,,Late 2023,14.0,,M3 Max,,4096.0,SSD,,
,Retailer Trade-in,UR,Mac,MacBook Pro M3 Max 16-Core CPU and 40-Core GPU 14 inch (Late 2023),8TB SSD,8600,MacBook Pro M3 Max 16-Core CPU and 40-Core GPU 14 inch (Late 2023),2023.0,Mac,MacBook Pro,,Late 2023,14.0,,M3 Max,,8192.0,SSD,,
,Retailer Trade-in,UR,Mac,MacBook Pro M3 Max 16-Core CPU and 40-Core GPU 16 inch (Late 2023),512GB SSD,6000,MacBook Pro M3 Max 16-Core CPU and 40-Core GPU 16 inch (Late 2023),2023.0,Mac,MacBook Pro,,Late 2023,16.0,,M3 Max,,512.0,SSD,,
,Retailer Trade-in,UR,Mac,MacBook Pro M3 Max 16-Core CPU and 40-Core GPU 16 inch (Late 2023),1TB SSD,6450,MacBook Pro M3 Max 16-Core CPU and 40-Core GPU 16 inch (Late 2023),2023.0,Mac,MacBook Pro,,Late 2023,16.0,,M3 Max,,1024.0,SSD,,
,Retailer Trade-in,UR,Mac,MacBook Pro M3 Max 16-Core CPU and 40-Core GPU 16 inch (Late 2023),2TB SSD,7030,MacBook Pro M3 Max 16-Core CPU and 40-Core GPU 16 inch (Late 2023),2023.0,Mac,MacBook Pro,,Late 2023,16.0,,M3 Max,,2048.0,SSD,,
,Retailer Trade-in,UR,Mac,MacBook Pro M3 Max 16-Core CPU and 40-Core GPU 16 inch (Late 2023),4TB SSD,7660,MacBook Pro M3 Max 16-Core CPU and 40-Core GPU 16 inch (Late 2023),2023.0,Mac,MacBook Pro,,Late 2023,16.0,,M3 Max,,4096.0,SSD,,
,Retailer Trade-in,UR,Mac,MacBook Pro M3 Max 16-Core CPU and 40-Core GPU 16 inch (Late 2023),8TB SSD,9570,MacBook Pro M3 Max 16-Core CPU and 40-Core GPU 16 inch (Late 2023),2023.0,Mac,MacBook Pro,,Late 2023,16.0,,M3 Max,,8192.0,SSD,,
,Retailer Trade-in,UR,Mac,MacBook Pro M3 Pro 11-Core CPU and 14-Core GPU 14 inch (Late 2023),512GB SSD,3040,MacBook Pro M3 Pro 11-Core CPU and 14-Core GPU 14 inch (Late 2023),2023.0,Mac,MacBook Pro,,Late 2023,14.0,,M3 pro,,512.0,SSD,,
,Retailer Trade-in,UR,Mac,MacBook Pro M3 Pro 11-Core CPU and 14-Core GPU 14 inch (Late 2023),1TB SSD,3320,MacBook Pro M3 Pro 11-Core CPU and 14-Core GPU 14 inch (Late 2023),2023.0,Mac,MacBook Pro,,Late 2023,14.0,,M3 pro,,1024.0,SSD,,
,Retailer Trade-in,UR,Mac,MacBook Pro M3 Pro 11-Core CPU and 14-Core GPU 14 inch (Late 2023),2TB SSD,4100,MacBook Pro M3 Pro 11-Core CPU and 14-Core GPU 14 inch (Late 2023),2023.0,Mac,MacBook Pro,,Late 2023,14.0,,M3 pro,,2048.0,SSD,,
,Retailer Trade-in,UR,Mac,MacBook Pro M3 Pro 11-Core CPU and 14-Core GPU 14 inch (Late 2023),4TB SSD,4950,MacBook Pro M3 Pro 11-Core CPU and 14-Core GPU 14 inch (Late 2023),2023.0,Mac,MacBook Pro,,Late 2023,14.0,,M3 pro,,4096.0,SSD,,
,Retailer Trade-in,UR,Mac,MacBook Pro M3 Pro 12-Core CPU and 18-Core GPU 14 inch (Late 2023),512GB SSD,3440,MacBook Pro M3 Pro 12-Core CPU and 18-Core GPU 14 inch (Late 2023),2023.0,Mac,MacBook Pro,,Late 2023,14.0,,M3 pro,,512.0,SSD,,
,Retailer Trade-in,UR,Mac,MacBook Pro M3 Pro 12-Core CPU and 18-Core GPU 14 inch (Late 2023),1TB SSD,3720,MacBook Pro M3 Pro 12-Core CPU and 18-Core GPU 14 inch (Late 2023),2023.0,Mac,MacBook Pro,,Late 2023,14.0,,M3 pro,,1024.0,SSD,,
,Retailer Trade-in,UR,Mac,MacBook Pro M3 Pro 12-Core CPU and 18-Core GPU 14 inch (Late 2023),2TB SSD,4130,MacBook Pro M3 Pro 12-Core CPU and 18-Core GPU 14 inch (Late 2023),2023.0,Mac,MacBook Pro,,Late 2023,14.0,,M3 pro,,2048.0,SSD,,
,Retailer Trade-in,UR,Mac,MacBook Pro M3 Pro 12-Core CPU and 18-Core GPU 14 inch (Late 2023),4TB SSD,4800,MacBook Pro M3 Pro 12-Core CPU and 18-Core GPU 14 inch (Late 2023),2023.0,Mac,MacBook Pro,,Late 2023,14.0,,M3 pro,,4096.0,SSD,,
,Retailer Trade-in,UR,Mac,MacBook Pro M3 Pro 12-Core CPU and 18-Core GPU 16 inch (Late 2023),512GB SSD,3940,MacBook Pro M3 Pro 12-Core CPU and 18-Core GPU 16 inch (Late 2023),2023.0,Mac,MacBook Pro,,Late 2023,16.0,,M3 pro,,512.0,SSD,,
,Retailer Trade-in,UR,Mac,MacBook Pro M3 Pro 12-Core CPU and 18-Core GPU 16 inch (Late 2023),1TB SSD,4380,MacBook Pro M3 Pro 12-Core CPU and 18-Core GPU 16 inch (Late 2023),2023.0,Mac,MacBook Pro,,Late 2023,16.0,,M3 pro,,1024.0,SSD,,
,Retailer Trade-in,UR,Mac,MacBook Pro M3 Pro 12-Core CPU and 18-Core GPU 16 inch (Late 2023),2TB SSD,5130,MacBook Pro M3 Pro 12-Core CPU and 18-Core GPU 16 inch (Late 2023),2023.0,Mac,MacBook Pro,,Late 2023,16.0,,M3 pro,,2048.0,SSD,,
,Retailer Trade-in,UR,Mac,MacBook Pro M3 Pro 12-Core CPU and 18-Core GPU 16 inch (Late 2023),4TB SSD,5910,MacBook Pro M3 Pro 12-Core CPU and 18-Core GPU 16 inch (Late 2023),2023.0,Mac,MacBook Pro,,Late 2023,16.0,,M3 pro,,4096.0,SSD,,
,Retailer Trade-in,Apple,Mac,MacBook Pro,,3125,MacBook Pro,,Mac,MacBook Pro,,,,,,,,,,
,Retailer Trade-in,Apple,Mac,MacBook Air,,1550,MacBook Air,,Mac,MacBook Air,,,,,,,,,,
,Retailer Trade-in,Apple,Mac,MacBook,,375,MacBook,,Mac,MacBook,,,,,,,,,,
,Retailer Trade-in,Apple,Mac,iMac,,2800,iMac,,Mac,iMac,,,,,,,,,,
,Retailer Trade-in,Apple,Mac,iMac Pro,,1050,iMac Pro,,Mac,iMac Pro,,,,,,,,,,
,Retailer Trade-in,Apple,Mac,Mac mini,,750,Mac mini,,Mac,Mac mini,,,,,,,,,,
,Retailer Trade-in,Apple,Mac,Mac Studio,,5925,Mac Studio,,Mac,Mac Studio,,,,,,,,,,
,Retailer Trade-in,Apple,Mac,Mac Pro,,9950,Mac Pro,,Mac,Mac Pro,,,,,,,,,,
