Provider,Device,Sub-device,Standardized Model,MSRP,Specification,Storage (GB),Storage Type,Connectivity,Material,Max. Trade-In Value (RM),Model_Year,Chipset,Screen Size,Case Size,Charging Method,RAM Configurations (GB),RAM Min (GB),Mac Storage Category,Mac Generation
CompAsia,iPhone,Standard,iPhone 11,3599.0,,128.0,Unknown,Unknown,,390.0,2019,A13 Bionic,,,,,,,Unknown
CompAsia,iPhone,Standard,iPhone 11,4099.0,,256.0,Unknown,Unknown,,450.0,2019,A13 Bionic,,,,,,,Unknown
CompAsia,iPhone,Standard,iPhone 11,3399.0,,64.0,Unknown,Unknown,,340.0,2019,A13 Bionic,,,,,,,Unknown
CompAsia,iPhone,Pro,iPhone 11 Pro,5599.0,,256.0,Unknown,Unknown,,490.0,2019,A13 Bionic,,,,,,,Unknown
CompAsia,iPhone,Pro,iPhone 11 Pro,6499.0,,512.0,Unknown,Unknown,,575.0,2019,A13 Bionic,,,,,,,Unknown
CompAsia,iPhone,Pro,iPhone 11 Pro,4899.0,,64.0,Unknown,Unknown,,415.0,2019,A13 Bionic,,,,,,,Unknown
CompAsia,iPhone,Pro Max,iPhone 11 Pro Max,5999.0,,256.0,Unknown,Unknown,,550.0,2019,A13 Bionic,,,,,,,Unknown
CompAsia,iPhone,Pro Max,iPhone 11 Pro Max,6899.0,,512.0,Unknown,Unknown,,625.0,2019,A13 Bionic,,,,,,,Unknown
CompAsia,iPhone,Pro Max,iPhone 11 Pro Max,5299.0,,64.0,Unknown,Unknown,,475.0,2019,A13 Bionic,,,,,,,Unknown
CompAsia,iPhone,Standard,iPhone 12,4099.0,,128.0,Unknown,Unknown,,500.0,2020,A14 Bionic,,,,,,,Unknown
CompAsia,iPhone,Standard,iPhone 12,4599.0,,256.0,Unknown,Unknown,,575.0,2020,A14 Bionic,,,,,,,Unknown
CompAsia,iPhone,Standard,iPhone 12,3899.0,,64.0,Unknown,Unknown,,450.0,2020,A14 Bionic,,,,,,,Unknown
CompAsia,iPhone,Mini,iPhone 12 Mini,3599.0,,128.0,Unknown,Unknown,,375.0,2020,A14 Bionic,,,,,,,Unknown
CompAsia,iPhone,Mini,iPhone 12 Mini,4099.0,,256.0,Unknown,Unknown,,400.0,2020,A14 Bionic,,,,,,,Unknown
CompAsia,iPhone,Mini,iPhone 12 Mini,3399.0,,64.0,Unknown,Unknown,,300.0,2020,A14 Bionic,,,,,,,Unknown
CompAsia,iPhone,Pro,iPhone 12 Pro,4899.0,,128.0,Unknown,Unknown,,625.0,2020,A14 Bionic,,,,,,,Unknown
CompAsia,iPhone,Pro,iPhone 12 Pro,5399.0,,256.0,Unknown,Unknown,,700.0,2020,A14 Bionic,,,,,,,Unknown
CompAsia,iPhone,Pro,iPhone 12 Pro,6299.0,,512.0,Unknown,Unknown,,750.0,2020,A14 Bionic,,,,,,,Unknown
CompAsia,iPhone,Pro Max,iPhone 12 Pro Max,5299.0,,128.0,Unknown,Unknown,,800.0,2020,A14 Bionic,,,,,,,Unknown
CompAsia,iPhone,Pro Max,iPhone 12 Pro Max,5799.0,,256.0,Unknown,Unknown,,900.0,2020,A14 Bionic,,,,,,,Unknown
CompAsia,iPhone,Pro Max,iPhone 12 Pro Max,6699.0,,512.0,Unknown,Unknown,,975.0,2020,A14 Bionic,,,,,,,Unknown
CompAsia,iPhone,Standard,iPhone 13,3899.0,,128.0,Unknown,Unknown,,740.0,2021,A15 Bionic,,,,,,,Unknown
CompAsia,iPhone,Standard,iPhone 13,4399.0,,256.0,Unknown,Unknown,,840.0,2021,A15 Bionic,,,,,,,Unknown
CompAsia,iPhone,Standard,iPhone 13,5299.0,,512.0,Unknown,Unknown,,900.0,2021,A15 Bionic,,,,,,,Unknown
CompAsia,iPhone,Mini,iPhone 13 Mini,3399.0,,128.0,Unknown,Unknown,,550.0,2021,A15 Bionic,,,,,,,Unknown
CompAsia,iPhone,Mini,iPhone 13 Mini,3899.0,,256.0,Unknown,Unknown,,600.0,2021,A15 Bionic,,,,,,,Unknown
CompAsia,iPhone,Mini,iPhone 13 Mini,4799.0,,512.0,Unknown,Unknown,,675.0,2021,A15 Bionic,,,,,,,Unknown
CompAsia,iPhone,Pro,iPhone 13 Pro,4899.0,,128.0,Unknown,Unknown,,975.0,2021,A15 Bionic,,,,,,,Unknown
CompAsia,iPhone,Pro,iPhone 13 Pro,7199.0,,1024.0,Unknown,Unknown,,1250.0,2021,A15 Bionic,,,,,,,Unknown
CompAsia,iPhone,Pro,iPhone 13 Pro,5399.0,,256.0,Unknown,Unknown,,1050.0,2021,A15 Bionic,,,,,,,Unknown
CompAsia,iPhone,Pro,iPhone 13 Pro,6299.0,,512.0,Unknown,Unknown,,1140.0,2021,A15 Bionic,,,,,,,Unknown
CompAsia,iPhone,Pro Max,iPhone 13 Pro Max,5299.0,,128.0,Unknown,Unknown,,1100.0,2021,A15 Bionic,,,,,,,Unknown
CompAsia,iPhone,Pro Max,iPhone 13 Pro Max,7599.0,,1024.0,Unknown,Unknown,,1450.0,2021,A15 Bionic,,,,,,,Unknown
CompAsia,iPhone,Pro Max,iPhone 13 Pro Max,5799.0,,256.0,Unknown,Unknown,,1275.0,2021,A15 Bionic,,,,,,,Unknown
CompAsia,iPhone,Pro Max,iPhone 13 Pro Max,6699.0,,512.0,Unknown,Unknown,,1325.0,2021,A15 Bionic,,,,,,,Unknown
CompAsia,iPhone,Standard,iPhone 14,4199.0,,128.0,Unknown,Unknown,,925.0,2022,A15 Bionic,,,,,,,Unknown
CompAsia,iPhone,Standard,iPhone 14,4699.0,,256.0,Unknown,Unknown,,1000.0,2022,A15 Bionic,,,,,,,Unknown
CompAsia,iPhone,Standard,iPhone 14,5699.0,,512.0,Unknown,Unknown,,1100.0,2022,A15 Bionic,,,,,,,Unknown
CompAsia,iPhone,Standard,iPhone 14 (eSIM),4199.0,,128.0,Unknown,Unknown,,850.0,2022,A15 Bionic,,,,,,,Unknown
CompAsia,iPhone,Standard,iPhone 14 (eSIM),4699.0,,256.0,Unknown,Unknown,,935.0,2022,A15 Bionic,,,,,,,Unknown
CompAsia,iPhone,Standard,iPhone 14 (eSIM),5699.0,,512.0,Unknown,Unknown,,1020.0,2022,A15 Bionic,,,,,,,Unknown
CompAsia,iPhone,Plus,iPhone 14 Plus,4699.0,,128.0,Unknown,Unknown,,1000.0,2022,A15 Bionic,,,,,,,Unknown
CompAsia,iPhone,Plus,iPhone 14 Plus,5199.0,,256.0,Unknown,Unknown,,1100.0,2022,A15 Bionic,,,,,,,Unknown
CompAsia,iPhone,Plus,iPhone 14 Plus,6199.0,,512.0,Unknown,Unknown,,1225.0,2022,A15 Bionic,,,,,,,Unknown
CompAsia,iPhone,Plus,iPhone 14 Plus (eSIM),4699.0,,128.0,Unknown,Unknown,,895.0,2022,A15 Bionic,,,,,,,Unknown
CompAsia,iPhone,Plus,iPhone 14 Plus (eSIM),5199.0,,256.0,Unknown,Unknown,,985.0,2022,A15 Bionic,,,,,,,Unknown
CompAsia,iPhone,Plus,iPhone 14 Plus (eSIM),6199.0,,512.0,Unknown,Unknown,,1080.0,2022,A15 Bionic,,,,,,,Unknown
CompAsia,iPhone,Pro,iPhone 14 Pro,5299.0,,128.0,Unknown,Unknown,,1325.0,2022,A16 Bionic,,,,,,,Unknown
CompAsia,iPhone,Pro,iPhone 14 Pro,7799.0,,1024.0,Unknown,Unknown,,1675.0,2022,A16 Bionic,,,,,,,Unknown
CompAsia,iPhone,Pro,iPhone 14 Pro,6799.0,,512.0,Unknown,Unknown,,1600.0,2022,A16 Bionic,,,,,,,Unknown
CompAsia,iPhone,Pro,iPhone 14 Pro (eSIM),5299.0,,128.0,Unknown,Unknown,,1140.0,2022,A16 Bionic,,,,,,,Unknown
CompAsia,iPhone,Pro,iPhone 14 Pro (eSIM),7799.0,,1024.0,Unknown,Unknown,,1465.0,2022,A16 Bionic,,,,,,,Unknown
CompAsia,iPhone,Pro,iPhone 14 Pro (eSIM),5799.0,,256.0,Unknown,Unknown,,1310.0,2022,A16 Bionic,,,,,,,Unknown
CompAsia,iPhone,Pro,iPhone 14 Pro (eSIM),6799.0,,512.0,Unknown,Unknown,,1375.0,2022,A16 Bionic,,,,,,,Unknown
CompAsia,iPhone,Pro Max,iPhone 14 Pro Max,5799.0,,128.0,Unknown,Unknown,,1575.0,2022,A16 Bionic,,,,,,,Unknown
CompAsia,iPhone,Pro Max,iPhone 14 Pro Max,8299.0,,1024.0,Unknown,Unknown,,1975.0,2022,A16 Bionic,,,,,,,Unknown
CompAsia,iPhone,Pro Max,iPhone 14 Pro Max,6299.0,,256.0,Unknown,Unknown,,1700.0,2022,A16 Bionic,,,,,,,Unknown
CompAsia,iPhone,Pro Max,iPhone 14 Pro Max,7299.0,,512.0,Unknown,Unknown,,1835.0,2022,A16 Bionic,,,,,,,Unknown
CompAsia,iPhone,Pro Max,iPhone 14 Pro Max (eSIM),5799.0,,128.0,Unknown,Unknown,,1350.0,2022,A16 Bionic,,,,,,,Unknown
CompAsia,iPhone,Pro Max,iPhone 14 Pro Max (eSIM),8299.0,,1024.0,Unknown,Unknown,,1700.0,2022,A16 Bionic,,,,,,,Unknown
CompAsia,iPhone,Pro Max,iPhone 14 Pro Max (eSIM),6299.0,,256.0,Unknown,Unknown,,1445.0,2022,A16 Bionic,,,,,,,Unknown
CompAsia,iPhone,Pro Max,iPhone 14 Pro Max (eSIM),7299.0,,512.0,Unknown,Unknown,,1560.0,2022,A16 Bionic,,,,,,,Unknown
CompAsia,iPhone,Standard,iPhone 15,3499.0,,128.0,Unknown,Unknown,,1460.0,2023,A16 Bionic,,,,,,,Unknown
CompAsia,iPhone,Standard,iPhone 15,3999.0,,256.0,Unknown,Unknown,,1625.0,2023,A16 Bionic,,,,,,,Unknown
CompAsia,iPhone,Standard,iPhone 15,4999.0,,512.0,Unknown,Unknown,,1775.0,2023,A16 Bionic,,,,,,,Unknown
CompAsia,iPhone,Standard,iPhone 15 (eSIM),3499.0,,128.0,Unknown,Unknown,,1210.0,2023,A16 Bionic,,,,,,,Unknown
CompAsia,iPhone,Standard,iPhone 15 (eSIM),3999.0,,256.0,Unknown,Unknown,,1320.0,2023,A16 Bionic,,,,,,,Unknown
CompAsia,iPhone,Standard,iPhone 15 (eSIM),4999.0,,512.0,Unknown,Unknown,,1445.0,2023,A16 Bionic,,,,,,,Unknown
CompAsia,iPhone,Plus,iPhone 15 Plus,3999.0,,128.0,Unknown,Unknown,,1550.0,2023,A16 Bionic,,,,,,,Unknown
CompAsia,iPhone,Plus,iPhone 15 Plus,4499.0,,256.0,Unknown,Unknown,,1775.0,2023,A16 Bionic,,,,,,,Unknown
CompAsia,iPhone,Plus,iPhone 15 Plus (eSIM),3999.0,,128.0,Unknown,Unknown,,1295.0,2023,A16 Bionic,,,,,,,Unknown
CompAsia,iPhone,Plus,iPhone 15 Plus (eSIM),4499.0,,256.0,Unknown,Unknown,,1440.0,2023,A16 Bionic,,,,,,,Unknown
CompAsia,iPhone,Plus,iPhone 15 Plus (eSIM),5499.0,,512.0,Unknown,Unknown,,1640.0,2023,A16 Bionic,,,,,,,Unknown
CompAsia,iPhone,Pro,iPhone 15 Pro,4999.0,,128.0,Unknown,Unknown,,1725.0,2023,A17 Pro,,,,,,,Unknown
CompAsia,iPhone,Pro,iPhone 15 Pro,7499.0,,1024.0,Unknown,Unknown,,2350.0,2023,A17 Pro,,,,,,,Unknown
CompAsia,iPhone,Pro,iPhone 15 Pro,5499.0,,256.0,Unknown,Unknown,,2000.0,2023,A17 Pro,,,,,,,Unknown
CompAsia,iPhone,Pro,iPhone 15 Pro,6499.0,,512.0,Unknown,Unknown,,2125.0,2023,A17 Pro,,,,,,,Unknown
CompAsia,iPhone,Pro,iPhone 15 Pro (eSIM),4999.0,,128.0,Unknown,Unknown,,1535.0,2023,A17 Pro,,,,,,,Unknown
CompAsia,iPhone,Pro,iPhone 15 Pro (eSIM),7499.0,,1024.0,Unknown,Unknown,,2050.0,2023,A17 Pro,,,,,,,Unknown
CompAsia,iPhone,Pro,iPhone 15 Pro (eSIM),5499.0,,256.0,Unknown,Unknown,,1665.0,2023,A17 Pro,,,,,,,Unknown
CompAsia,iPhone,Pro,iPhone 15 Pro (eSIM),6499.0,,512.0,Unknown,Unknown,,1830.0,2023,A17 Pro,,,,,,,Unknown
CompAsia,iPhone,Pro Max,iPhone 15 Pro Max,7999.0,,1024.0,Unknown,Unknown,,2650.0,2023,A17 Pro,,,,,,,Unknown
CompAsia,iPhone,Pro Max,iPhone 15 Pro Max,5999.0,,256.0,Unknown,Unknown,,2200.0,2023,A17 Pro,,,,,,,Unknown
CompAsia,iPhone,Pro Max,iPhone 15 Pro Max,6999.0,,512.0,Unknown,Unknown,,2425.0,2023,A17 Pro,,,,,,,Unknown
CompAsia,iPhone,Pro Max,iPhone 15 Pro Max (eSIM),7999.0,,1024.0,Unknown,Unknown,,2340.0,2023,A17 Pro,,,,,,,Unknown
CompAsia,iPhone,Pro Max,iPhone 15 Pro Max (eSIM),5999.0,,256.0,Unknown,Unknown,,1830.0,2023,A17 Pro,,,,,,,Unknown
CompAsia,iPhone,Pro Max,iPhone 15 Pro Max (eSIM),6999.0,,512.0,Unknown,Unknown,,2090.0,2023,A17 Pro,,,,,,,Unknown
CompAsia,iPhone,Standard,iPhone 16,3499.0,,128.0,Unknown,Unknown,,1800.0,2024,A18,,,,,,,Unknown
CompAsia,iPhone,Standard,iPhone 16,3999.0,,256.0,Unknown,Unknown,,2075.0,2024,A18,,,,,,,Unknown
CompAsia,iPhone,Standard,iPhone 16,4999.0,,512.0,Unknown,Unknown,,2430.0,2024,A18,,,,,,,Unknown
CompAsia,iPhone,Standard,iPhone 16e,2999.0,,128.0,Unknown,Unknown,,1125.0,2025,A18,,,,,,,Unknown
CompAsia,iPhone,Standard,iPhone 16e,3499.0,,256.0,Unknown,Unknown,,1275.0,2025,A18,,,,,,,Unknown
CompAsia,iPhone,Standard,iPhone 16e,4499.0,,512.0,Unknown,Unknown,,1675.0,2025,A18,,,,,,,Unknown
CompAsia,iPhone,Standard,iPhone 16e (eSIM),2999.0,,128.0,Unknown,Unknown,,1065.0,2025,A18,,,,,,,Unknown
CompAsia,iPhone,Standard,iPhone 16e (eSIM),3499.0,,256.0,Unknown,Unknown,,1225.0,2025,A18,,,,,,,Unknown
CompAsia,iPhone,Standard,iPhone 16e (eSIM),4499.0,,512.0,Unknown,Unknown,,1590.0,2025,A18,,,,,,,Unknown
CompAsia,iPhone,Standard,iPhone 16 (eSIM),3499.0,,128.0,Unknown,Unknown,,1570.0,2024,A18,,,,,,,Unknown
CompAsia,iPhone,Standard,iPhone 16 (eSIM),3999.0,,256.0,Unknown,Unknown,,1785.0,2024,A18,,,,,,,Unknown
CompAsia,iPhone,Standard,iPhone 16 (eSIM),4999.0,,512.0,Unknown,Unknown,,2065.0,2024,A18,,,,,,,Unknown
CompAsia,iPhone,Plus,iPhone 16 Plus,3999.0,,128.0,Unknown,Unknown,,2120.0,2024,A18,,,,,,,Unknown
CompAsia,iPhone,Plus,iPhone 16 Plus,4499.0,,256.0,Unknown,Unknown,,2335.0,2024,A18,,,,,,,Unknown
CompAsia,iPhone,Plus,iPhone 16 Plus,5499.0,,512.0,Unknown,Unknown,,2690.0,2024,A18,,,,,,,Unknown
CompAsia,iPhone,Plus,iPhone 16 Plus (eSIM),3999.0,,128.0,Unknown,Unknown,,1800.0,2024,A18,,,,,,,Unknown
CompAsia,iPhone,Plus,iPhone 16 Plus (eSIM),4499.0,,256.0,Unknown,Unknown,,1985.0,2024,A18,,,,,,,Unknown
CompAsia,iPhone,Plus,iPhone 16 Plus (eSIM),5499.0,,512.0,Unknown,Unknown,,2285.0,2024,A18,,,,,,,Unknown
CompAsia,iPhone,Pro,iPhone 16 Pro,4999.0,,128.0,Unknown,Unknown,,2300.0,2024,A18 Pro,,,,,,,Unknown
CompAsia,iPhone,Pro,iPhone 16 Pro,7499.0,,1024.0,Unknown,Unknown,,3400.0,2024,A18 Pro,,,,,,,Unknown
CompAsia,iPhone,Pro,iPhone 16 Pro,5499.0,,256.0,Unknown,Unknown,,2525.0,2024,A18 Pro,,,,,,,Unknown
CompAsia,iPhone,Pro,iPhone 16 Pro,6499.0,,512.0,Unknown,Unknown,,2925.0,2024,A18 Pro,,,,,,,Unknown
CompAsia,iPhone,Pro,iPhone 16 Pro (eSIM),4999.0,,128.0,Unknown,Unknown,,2110.0,2024,A18 Pro,,,,,,,Unknown
CompAsia,iPhone,Pro,iPhone 16 Pro (eSIM),7499.0,,1024.0,Unknown,Unknown,,2945.0,2024,A18 Pro,,,,,,,Unknown
CompAsia,iPhone,Pro,iPhone 16 Pro (eSIM),5499.0,,256.0,Unknown,Unknown,,2295.0,2024,A18 Pro,,,,,,,Unknown
CompAsia,iPhone,Pro,iPhone 16 Pro (eSIM),6499.0,,512.0,Unknown,Unknown,,2600.0,2024,A18 Pro,,,,,,,Unknown
CompAsia,iPhone,Pro Max,iPhone 16 Pro Max,7999.0,,1024.0,Unknown,Unknown,,3675.0,2024,A18 Pro,,,,,,,Unknown
CompAsia,iPhone,Pro Max,iPhone 16 Pro Max,5999.0,,256.0,Unknown,Unknown,,3075.0,2024,A18 Pro,,,,,,,Unknown
CompAsia,iPhone,Pro Max,iPhone 16 Pro Max,6999.0,,512.0,Unknown,Unknown,,3300.0,2024,A18 Pro,,,,,,,Unknown
CompAsia,iPhone,Pro Max,iPhone 16 Pro Max (eSIM),7999.0,,1024.0,Unknown,Unknown,,3245.0,2024,A18 Pro,,,,,,,Unknown
CompAsia,iPhone,Pro Max,iPhone 16 Pro Max (eSIM),5999.0,,256.0,Unknown,Unknown,,2665.0,2024,A18 Pro,,,,,,,Unknown
CompAsia,iPhone,Pro Max,iPhone 16 Pro Max (eSIM),6999.0,,512.0,Unknown,Unknown,,2940.0,2024,A18 Pro,,,,,,,Unknown
CompAsia,iPhone,Standard,iPhone 17,3999.0,,256.0,Unknown,Unknown,,2135.0,2025,A19,,,,,,,Unknown
CompAsia,iPhone,Standard,iPhone 17,4999.0,,512.0,Unknown,Unknown,,2670.0,2025,A19,,,,,,,Unknown
CompAsia,iPhone,Pro,iPhone 17 Pro,7499.0,,1024.0,Unknown,Unknown,,4100.0,2025,A19 Pro,,,,,,,Unknown
CompAsia,iPhone,Pro,iPhone 17 Pro,5499.0,,256.0,Unknown,Unknown,,3035.0,2025,A19 Pro,,,,,,,Unknown
CompAsia,iPhone,Pro,iPhone 17 Pro,6499.0,,512.0,Unknown,Unknown,,3570.0,2025,A19 Pro,,,,,,,Unknown
CompAsia,iPhone,Pro Max,iPhone 17 Pro Max,7999.0,,1024.0,Unknown,Unknown,,4370.0,2025,A19 Pro,,,,,,,Unknown
CompAsia,iPhone,Pro Max,iPhone 17 Pro Max,5999.0,,256.0,Unknown,Unknown,,3300.0,2025,A19 Pro,,,,,,,Unknown
CompAsia,iPhone,Pro Max,iPhone 17 Pro Max,9999.0,,2048.0,Unknown,Unknown,,5435.0,2025,A19 Pro,,,,,,,Unknown
CompAsia,iPhone,Pro Max,iPhone 17 Pro Max,6999.0,,512.0,Unknown,Unknown,,3835.0,2025,A19 Pro,,,,,,,Unknown
CompAsia,iPhone,Plus,iPhone 8 Plus,4599.0,,128.0,Unknown,Unknown,,150.0,2017,A11 Bionic,,,,,,,Unknown
CompAsia,iPhone,Plus,iPhone 8 Plus,5049.0,,256.0,Unknown,Unknown,,180.0,2017,A11 Bionic,,,,,,,Unknown
CompAsia,iPhone,Plus,iPhone 8 Plus,4149.0,,64.0,Unknown,Unknown,,120.0,2017,A11 Bionic,,,,,,,Unknown
CompAsia,iPhone,Air,iPhone Air,6999.0,,1024.0,Unknown,Unknown,,3445.0,2025,A19 Pro,,,,,,,Unknown
CompAsia,iPhone,Air,iPhone Air,4999.0,,256.0,Unknown,Unknown,,2490.0,2025,A19 Pro,,,,,,,Unknown
CompAsia,iPhone,Air,iPhone Air,5999.0,,512.0,Unknown,Unknown,,2965.0,2025,A19 Pro,,,,,,,Unknown
CompAsia,iPhone,SE,iPhone SE (2020),2199.0,,128.0,Unknown,Unknown,,175.0,2020,A13 Bionic,,,,,,,Unknown
CompAsia,iPhone,SE,iPhone SE (2020),2699.0,,256.0,Unknown,Unknown,,200.0,2020,A13 Bionic,,,,,,,Unknown
CompAsia,iPhone,SE,iPhone SE (2020),1999.0,,64.0,Unknown,Unknown,,125.0,2020,A13 Bionic,,,,,,,Unknown
CompAsia,iPhone,SE,iPhone SE (2022),2299.0,,128.0,Unknown,Unknown,,325.0,2022,A15 Bionic,,,,,,,Unknown
CompAsia,iPhone,SE,iPhone SE (2022),2799.0,,256.0,Unknown,Unknown,,350.0,2022,A15 Bionic,,,,,,,Unknown
CompAsia,iPhone,SE,iPhone SE (2022),2099.0,,64.0,Unknown,Unknown,,275.0,2022,A15 Bionic,,,,,,,Unknown
CompAsia,iPhone,Standard,iPhone X,5899.0,,256.0,Unknown,Unknown,,185.0,2017,A11 Bionic,,,,,,,Unknown
CompAsia,iPhone,Standard,iPhone X,5149.0,,64.0,Unknown,Unknown,,130.0,2017,A11 Bionic,,,,,,,Unknown
CompAsia,iPhone,Standard,iPhone XR,3849.0,,128.0,Unknown,Unknown,,220.0,2018,A12 Bionic,,,,,,,Unknown
CompAsia,iPhone,Standard,iPhone XR,4299.0,,256.0,Unknown,Unknown,,270.0,2018,A12 Bionic,,,,,,,Unknown
CompAsia,iPhone,Standard,iPhone XR,3599.0,,64.0,Unknown,Unknown,,155.0,2018,A12 Bionic,,,,,,,Unknown
CompAsia,iPhone,Standard,iPhone XS,5699.0,,256.0,Unknown,Unknown,,255.0,2018,A12 Bionic,,,,,,,Unknown
CompAsia,iPhone,Standard,iPhone XS,6649.0,,512.0,Unknown,Unknown,,305.0,2018,A12 Bionic,,,,,,,Unknown
CompAsia,iPhone,Standard,iPhone XS,4999.0,,64.0,Unknown,Unknown,,205.0,2018,A12 Bionic,,,,,,,Unknown
CompAsia,iPhone,Standard,iPhone XS Max,6099.0,,256.0,Unknown,Unknown,,365.0,2018,A12 Bionic,,,,,,,Unknown
CompAsia,iPhone,Standard,iPhone XS Max,7049.0,,512.0,Unknown,Unknown,,390.0,2018,A12 Bionic,,,,,,,Unknown
CompAsia,iPhone,Standard,iPhone XS Max,5399.0,,64.0,Unknown,Unknown,,285.0,2018,A12 Bionic,,,,,,,Unknown
iTworld,iPhone,Standard,iPhone 11,3399.0,,64.0,Unknown,Unknown,,300.0,2019,A13 Bionic,,,,,,,Unknown
iTworld,iPhone,Standard,iPhone 11,3599.0,,128.0,Unknown,Unknown,,350.0,2019,A13 Bionic,,,,,,,Unknown
iTworld,iPhone,Standard,iPhone 11,4099.0,,256.0,Unknown,Unknown,,460.0,2019,A13 Bionic,,,,,,,Unknown
iTworld,iPhone,Pro,iPhone 11 Pro,4899.0,,64.0,Unknown,Unknown,,400.0,2019,A13 Bionic,,,,,,,Unknown
iTworld,iPhone,Pro,iPhone 11 Pro,5599.0,,256.0,Unknown,Unknown,,450.0,2019,A13 Bionic,,,,,,,Unknown
iTworld,iPhone,Pro,iPhone 11 Pro,6499.0,,512.0,Unknown,Unknown,,590.0,2019,A13 Bionic,,,,,,,Unknown
iTworld,iPhone,Pro Max,iPhone 11 Pro Max,5299.0,,64.0,Unknown,Unknown,,490.0,2019,A13 Bionic,,,,,,,Unknown
iTworld,iPhone,Pro Max,iPhone 11 Pro Max,5999.0,,256.0,Unknown,Unknown,,560.0,2019,A13 Bionic,,,,,,,Unknown
iTworld,iPhone,Pro Max,iPhone 11 Pro Max,6899.0,,512.0,Unknown,Unknown,,650.0,2019,A13 Bionic,,,,,,,Unknown
iTworld,iPhone,Standard,iPhone 12,3899.0,,64.0,Unknown,Unknown,,460.0,2020,A14 Bionic,,,,,,,Unknown
iTworld,iPhone,Standard,iPhone 12,4099.0,,128.0,Unknown,Unknown,,510.0,2020,A14 Bionic,,,,,,,Unknown
iTworld,iPhone,Standard,iPhone 12,4599.0,,256.0,Unknown,Unknown,,590.0,2020,A14 Bionic,,,,,,,Unknown
iTworld,iPhone,Mini,iPhone 12 Mini,3399.0,,64.0,Unknown,Unknown,,300.0,2020,A14 Bionic,,,,,,,Unknown
iTworld,iPhone,Mini,iPhone 12 Mini,3599.0,,128.0,Unknown,Unknown,,400.0,2020,A14 Bionic,,,,,,,Unknown
iTworld,iPhone,Mini,iPhone 12 Mini,4099.0,,256.0,Unknown,Unknown,,450.0,2020,A14 Bionic,,,,,,,Unknown
iTworld,iPhone,Pro,iPhone 12 Pro,4899.0,,128.0,Unknown,Unknown,,640.0,2020,A14 Bionic,,,,,,,Unknown
iTworld,iPhone,Pro,iPhone 12 Pro,5399.0,,256.0,Unknown,Unknown,,710.0,2020,A14 Bionic,,,,,,,Unknown
iTworld,iPhone,Pro,iPhone 12 Pro,6299.0,,512.0,Unknown,Unknown,,760.0,2020,A14 Bionic,,,,,,,Unknown
iTworld,iPhone,Pro Max,iPhone 12 Pro Max,5299.0,,128.0,Unknown,Unknown,,810.0,2020,A14 Bionic,,,,,,,Unknown
iTworld,iPhone,Pro Max,iPhone 12 Pro Max,5799.0,,256.0,Unknown,Unknown,,910.0,2020,A14 Bionic,,,,,,,Unknown
iTworld,iPhone,Pro Max,iPhone 12 Pro Max,6699.0,,512.0,Unknown,Unknown,,990.0,2020,A14 Bionic,,,,,,,Unknown
iTworld,iPhone,Standard,iPhone 13,3899.0,,128.0,Unknown,Unknown,,750.0,2021,A15 Bionic,,,,,,,Unknown
iTworld,iPhone,Standard,iPhone 13,4399.0,,256.0,Unknown,Unknown,,850.0,2021,A15 Bionic,,,,,,,Unknown
iTworld,iPhone,Standard,iPhone 13,5299.0,,512.0,Unknown,Unknown,,910.0,2021,A15 Bionic,,,,,,,Unknown
iTworld,iPhone,Mini,iPhone 13 Mini,3399.0,,128.0,Unknown,Unknown,,500.0,2021,A15 Bionic,,,,,,,Unknown
iTworld,iPhone,Mini,iPhone 13 Mini,3899.0,,256.0,Unknown,Unknown,,550.0,2021,A15 Bionic,,,,,,,Unknown
iTworld,iPhone,Mini,iPhone 13 Mini,4799.0,,512.0,Unknown,Unknown,,600.0,2021,A15 Bionic,,,,,,,Unknown
iTworld,iPhone,Pro,iPhone 13 Pro,4899.0,,128.0,Unknown,Unknown,,990.0,2021,A15 Bionic,,,,,,,Unknown
iTworld,iPhone,Pro,iPhone 13 Pro,5399.0,,256.0,Unknown,Unknown,,1060.0,2021,A15 Bionic,,,,,,,Unknown
iTworld,iPhone,Pro,iPhone 13 Pro,6299.0,,512.0,Unknown,Unknown,,1150.0,2021,A15 Bionic,,,,,,,Unknown
iTworld,iPhone,Pro,iPhone 13 Pro,7199.0,,1024.0,Unknown,Unknown,,1260.0,2021,A15 Bionic,,,,,,,Unknown
iTworld,iPhone,Pro Max,iPhone 13 Pro Max,5299.0,,128.0,Unknown,Unknown,,1110.0,2021,A15 Bionic,,,,,,,Unknown
iTworld,iPhone,Pro Max,iPhone 13 Pro Max,5799.0,,256.0,Unknown,Unknown,,1290.0,2021,A15 Bionic,,,,,,,Unknown
iTworld,iPhone,Pro Max,iPhone 13 Pro Max,6699.0,,512.0,Unknown,Unknown,,1340.0,2021,A15 Bionic,,,,,,,Unknown
iTworld,iPhone,Pro Max,iPhone 13 Pro Max,7599.0,,1024.0,Unknown,Unknown,,1460.0,2021,A15 Bionic,,,,,,,Unknown
iTworld,iPhone,Standard,iPhone 14,4199.0,,128.0,Unknown,Unknown,,850.0,2022,A15 Bionic,,,,,,,Unknown
iTworld,iPhone,Standard,iPhone 14,4699.0,,256.0,Unknown,Unknown,,950.0,2022,A15 Bionic,,,,,,,Unknown
iTworld,iPhone,Standard,iPhone 14,5699.0,,512.0,Unknown,Unknown,,1110.0,2022,A15 Bionic,,,,,,,Unknown
iTworld,iPhone,Plus,iPhone 14 Plus,4699.0,,128.0,Unknown,Unknown,,950.0,2022,A15 Bionic,,,,,,,Unknown
iTworld,iPhone,Plus,iPhone 14 Plus,5199.0,,256.0,Unknown,Unknown,,1050.0,2022,A15 Bionic,,,,,,,Unknown
iTworld,iPhone,Plus,iPhone 14 Plus,6199.0,,512.0,Unknown,Unknown,,1240.0,2022,A15 Bionic,,,,,,,Unknown
iTworld,iPhone,Pro,iPhone 14 Pro,5299.0,,128.0,Unknown,Unknown,,1340.0,2022,A16 Bionic,,,,,,,Unknown
iTworld,iPhone,Pro,iPhone 14 Pro,5799.0,,256.0,Unknown,Unknown,,1540.0,2022,A16 Bionic,,,,,,,Unknown
iTworld,iPhone,Pro,iPhone 14 Pro,6799.0,,512.0,Unknown,Unknown,,1610.0,2022,A16 Bionic,,,,,,,Unknown
iTworld,iPhone,Pro,iPhone 14 Pro,7799.0,,1024.0,Unknown,Unknown,,1690.0,2022,A16 Bionic,,,,,,,Unknown
iTworld,iPhone,Pro Max,iPhone 14 Pro Max,5799.0,,128.0,Unknown,Unknown,,1590.0,2022,A16 Bionic,,,,,,,Unknown
iTworld,iPhone,Pro Max,iPhone 14 Pro Max,6299.0,,256.0,Unknown,Unknown,,1710.0,2022,A16 Bionic,,,,,,,Unknown
iTworld,iPhone,Pro Max,iPhone 14 Pro Max,7299.0,,512.0,Unknown,Unknown,,1850.0,2022,A16 Bionic,,,,,,,Unknown
iTworld,iPhone,Pro Max,iPhone 14 Pro Max,8299.0,,1024.0,Unknown,Unknown,,1990.0,2022,A16 Bionic,,,,,,,Unknown
iTworld,iPhone,Standard,iPhone 15,3499.0,,128.0,Unknown,Unknown,,1300.0,2023,A16 Bionic,,,,,,,Unknown
iTworld,iPhone,Standard,iPhone 15,3999.0,,256.0,Unknown,Unknown,,1450.0,2023,A16 Bionic,,,,,,,Unknown
iTworld,iPhone,Standard,iPhone 15,4999.0,,512.0,Unknown,Unknown,,1600.0,2023,A16 Bionic,,,,,,,Unknown
iTworld,iPhone,Plus,iPhone 15 Plus,3999.0,,128.0,Unknown,Unknown,,1450.0,2023,A16 Bionic,,,,,,,Unknown
iTworld,iPhone,Plus,iPhone 15 Plus,4499.0,,256.0,Unknown,Unknown,,1600.0,2023,A16 Bionic,,,,,,,Unknown
iTworld,iPhone,Plus,iPhone 15 Plus,5499.0,,512.0,Unknown,Unknown,,1800.0,2023,A16 Bionic,,,,,,,Unknown
iTworld,iPhone,Pro,iPhone 15 Pro,4999.0,,128.0,Unknown,Unknown,,1740.0,2023,A17 Pro,,,,,,,Unknown
iTworld,iPhone,Pro,iPhone 15 Pro,5499.0,,256.0,Unknown,Unknown,,2010.0,2023,A17 Pro,,,,,,,Unknown
iTworld,iPhone,Pro,iPhone 15 Pro,6499.0,,512.0,Unknown,Unknown,,2140.0,2023,A17 Pro,,,,,,,Unknown
iTworld,iPhone,Pro,iPhone 15 Pro,7499.0,,1024.0,Unknown,Unknown,,2360.0,2023,A17 Pro,,,,,,,Unknown
iTworld,iPhone,Pro Max,iPhone 15 Pro Max,5999.0,,256.0,Unknown,Unknown,,2210.0,2023,A17 Pro,,,,,,,Unknown
iTworld,iPhone,Pro Max,iPhone 15 Pro Max,6999.0,,512.0,Unknown,Unknown,,2440.0,2023,A17 Pro,,,,,,,Unknown
iTworld,iPhone,Pro Max,iPhone 15 Pro Max,7999.0,,1024.0,Unknown,Unknown,,2660.0,2023,A17 Pro,,,,,,,Unknown
iTworld,iPhone,Standard,iPhone 16,3499.0,,128.0,Unknown,Unknown,,1800.0,2024,A18,,,,,,,Unknown
iTworld,iPhone,Standard,iPhone 16,3999.0,,256.0,Unknown,Unknown,,1980.0,2024,A18,,,,,,,Unknown
iTworld,iPhone,Standard,iPhone 16,4999.0,,512.0,Unknown,Unknown,,2180.0,2024,A18,,,,,,,Unknown
iTworld,iPhone,Plus,iPhone 16 Plus,3999.0,,128.0,Unknown,Unknown,,2090.0,2024,A18,,,,,,,Unknown
iTworld,iPhone,Plus,iPhone 16 Plus,4499.0,,256.0,Unknown,Unknown,,2250.0,2024,A18,,,,,,,Unknown
iTworld,iPhone,Plus,iPhone 16 Plus,5499.0,,512.0,Unknown,Unknown,,2500.0,2024,A18,,,,,,,Unknown
iTworld,iPhone,Pro,iPhone 16 Pro,4999.0,,128.0,Unknown,Unknown,,2310.0,2024,A18 Pro,,,,,,,Unknown
iTworld,iPhone,Pro,iPhone 16 Pro,5499.0,,256.0,Unknown,Unknown,,2540.0,2024,A18 Pro,,,,,,,Unknown
iTworld,iPhone,Pro,iPhone 16 Pro,6499.0,,512.0,Unknown,Unknown,,2700.0,2024,A18 Pro,,,,,,,Unknown
iTworld,iPhone,Pro,iPhone 16 Pro,7499.0,,1024.0,Unknown,Unknown,,2900.0,2024,A18 Pro,,,,,,,Unknown
iTworld,iPhone,Pro Max,iPhone 16 Pro Max,5999.0,,256.0,Unknown,Unknown,,3010.0,2024,A18 Pro,,,,,,,Unknown
iTworld,iPhone,Pro Max,iPhone 16 Pro Max,6999.0,,512.0,Unknown,Unknown,,3200.0,2024,A18 Pro,,,,,,,Unknown
iTworld,iPhone,Pro Max,iPhone 16 Pro Max,7999.0,,1024.0,Unknown,Unknown,,3500.0,2024,A18 Pro,,,,,,,Unknown
iTworld,iPhone,Standard,iPhone 16e,2999.0,,128.0,Unknown,Unknown,,1050.0,2025,A18,,,,,,,Unknown
iTworld,iPhone,Standard,iPhone 16e,3499.0,,256.0,Unknown,Unknown,,1200.0,2025,A18,,,,,,,Unknown
iTworld,iPhone,Standard,iPhone 16e,4499.0,,512.0,Unknown,Unknown,,1500.0,2025,A18,,,,,,,Unknown
iTworld,iPhone,Standard,iPhone 17,3999.0,,256.0,Unknown,Unknown,,2290.0,2025,A19,,,,,,,Unknown
iTworld,iPhone,Standard,iPhone 17,4999.0,,512.0,Unknown,Unknown,,2700.0,2025,A19,,,,,,,Unknown
iTworld,iPhone,Pro,iPhone 17 Pro,5499.0,,256.0,Unknown,Unknown,,3190.0,2025,A19 Pro,,,,,,,Unknown
iTworld,iPhone,Pro,iPhone 17 Pro,6499.0,,512.0,Unknown,Unknown,,3600.0,2025,A19 Pro,,,,,,,Unknown
iTworld,iPhone,Pro,iPhone 17 Pro,7499.0,,1024.0,Unknown,Unknown,,4150.0,2025,A19 Pro,,,,,,,Unknown
iTworld,iPhone,Pro Max,iPhone 17 Pro Max,5999.0,,256.0,Unknown,Unknown,,3500.0,2025,A19 Pro,,,,,,,Unknown
iTworld,iPhone,Pro Max,iPhone 17 Pro Max,6999.0,,512.0,Unknown,Unknown,,4130.0,2025,A19 Pro,,,,,,,Unknown
iTworld,iPhone,Pro Max,iPhone 17 Pro Max,7999.0,,1024.0,Unknown,Unknown,,4800.0,2025,A19 Pro,,,,,,,Unknown
iTworld,iPhone,Pro Max,iPhone 17 Pro Max,9999.0,,2048.0,Unknown,Unknown,,6010.0,2025,A19 Pro,,,,,,,Unknown
iTworld,iPhone,Standard,iPhone 5s,1749.0,,16.0,Unknown,Unknown,,5.0,2013,A7,,,,,,,Unknown
iTworld,iPhone,Standard,iPhone 5s,2049.0,,32.0,Unknown,Unknown,,5.0,2013,A7,,,,,,,Unknown
iTworld,iPhone,Standard,iPhone 5s,2349.0,,64.0,Unknown,Unknown,,5.0,2013,A7,,,,,,,Unknown
iTworld,iPhone,Standard,iPhone 6,2399.0,,16.0,Unknown,Unknown,,5.0,2014,A8,,,,,,,Unknown
iTworld,iPhone,Standard,iPhone 6,2699.0,,32.0,Unknown,Unknown,,5.0,2014,A8,,,,,,,Unknown
iTworld,iPhone,Standard,iPhone 6,2999.0,,64.0,Unknown,Unknown,,5.0,2014,A8,,,,,,,Unknown
iTworld,iPhone,Standard,iPhone 6,3299.0,,128.0,Unknown,Unknown,,5.0,2014,A8,,,,,,,Unknown
iTworld,iPhone,Plus,iPhone 6 Plus,2749.0,,16.0,Unknown,Unknown,,10.0,2014,A8,,,,,,,Unknown
iTworld,iPhone,Plus,iPhone 6 Plus,3349.0,,64.0,Unknown,Unknown,,10.0,2014,A8,,,,,,,Unknown
iTworld,iPhone,Plus,iPhone 6 Plus,3649.0,,128.0,Unknown,Unknown,,10.0,2014,A8,,,,,,,Unknown
iTworld,iPhone,Standard,iPhone 6s,2699.0,,16.0,Unknown,Unknown,,10.0,2015,A9,,,,,,,Unknown
iTworld,iPhone,Standard,iPhone 6s,2699.0,,32.0,Unknown,Unknown,,10.0,2015,A9,,,,,,,Unknown
iTworld,iPhone,Standard,iPhone 6s,3099.0,,64.0,Unknown,Unknown,,10.0,2015,A9,,,,,,,Unknown
iTworld,iPhone,Standard,iPhone 6s,3499.0,,128.0,Unknown,Unknown,,10.0,2015,A9,,,,,,,Unknown
iTworld,iPhone,Plus,iPhone 6s Plus,3099.0,,16.0,Unknown,Unknown,,20.0,2015,A9,,,,,,,Unknown
iTworld,iPhone,Plus,iPhone 6s Plus,3099.0,,32.0,Unknown,Unknown,,20.0,2015,A9,,,,,,,Unknown
iTworld,iPhone,Plus,iPhone 6s Plus,3499.0,,64.0,Unknown,Unknown,,20.0,2015,A9,,,,,,,Unknown
iTworld,iPhone,Plus,iPhone 6s Plus,3899.0,,128.0,Unknown,Unknown,,20.0,2015,A9,,,,,,,Unknown
iTworld,iPhone,Standard,iPhone 7,3199.0,,32.0,Unknown,Unknown,,50.0,2016,A10 Fusion,,,,,,,Unknown
iTworld,iPhone,Standard,iPhone 7,3699.0,,128.0,Unknown,Unknown,,70.0,2016,A10 Fusion,,,,,,,Unknown
iTworld,iPhone,Standard,iPhone 7,4199.0,,256.0,Unknown,Unknown,,90.0,2016,A10 Fusion,,,,,,,Unknown
iTworld,iPhone,Plus,iPhone 7 Plus,3799.0,,32.0,Unknown,Unknown,,80.0,2016,A10 Fusion,,,,,,,Unknown
iTworld,iPhone,Plus,iPhone 7 Plus,4299.0,,128.0,Unknown,Unknown,,110.0,2016,A10 Fusion,,,,,,,Unknown
iTworld,iPhone,Plus,iPhone 7 Plus,4799.0,,256.0,Unknown,Unknown,,140.0,2016,A10 Fusion,,,,,,,Unknown
iTworld,iPhone,Standard,iPhone 8,3649.0,,64.0,Unknown,Unknown,,120.0,2017,A11 Bionic,,,,,,,Unknown
iTworld,iPhone,Standard,iPhone 8,4099.0,,128.0,Unknown,Unknown,,140.0,2017,A11 Bionic,,,,,,,Unknown
iTworld,iPhone,Standard,iPhone 8,4549.0,,256.0,Unknown,Unknown,,180.0,2017,A11 Bionic,,,,,,,Unknown
iTworld,iPhone,Plus,iPhone 8 Plus,4149.0,,64.0,Unknown,Unknown,,130.0,2017,A11 Bionic,,,,,,,Unknown
iTworld,iPhone,Plus,iPhone 8 Plus,4599.0,,128.0,Unknown,Unknown,,160.0,2017,A11 Bionic,,,,,,,Unknown
iTworld,iPhone,Plus,iPhone 8 Plus,5049.0,,256.0,Unknown,Unknown,,190.0,2017,A11 Bionic,,,,,,,Unknown
iTworld,iPhone,Air,iPhone Air,4999.0,,256.0,Unknown,Unknown,,2200.0,2025,A19 Pro,,,,,,,Unknown
iTworld,iPhone,Air,iPhone Air,5999.0,,512.0,Unknown,Unknown,,2400.0,2025,A19 Pro,,,,,,,Unknown
iTworld,iPhone,Air,iPhone Air,6999.0,,1024.0,Unknown,Unknown,,2800.0,2025,A19 Pro,,,,,,,Unknown
iTworld,iPhone,SE,iPhone SE (2016),1949.0,,16.0,Unknown,Unknown,,5.0,2016,A9,,,,,,,Unknown
iTworld,iPhone,SE,iPhone SE (2016),,,32.0,Unknown,Unknown,,5.0,2016,A9,,,,,,,Unknown
iTworld,iPhone,SE,iPhone SE (2016),2449.0,,64.0,Unknown,Unknown,,5.0,2016,A9,,,,,,,Unknown
iTworld,iPhone,SE,iPhone SE (2016),,,128.0,Unknown,Unknown,,5.0,2016,A9,,,,,,,Unknown
iTworld,iPhone,SE,iPhone SE (2020),1999.0,,64.0,Unknown,Unknown,,120.0,2020,A13 Bionic,,,,,,,Unknown
iTworld,iPhone,SE,iPhone SE (2020),2199.0,,128.0,Unknown,Unknown,,170.0,2020,A13 Bionic,,,,,,,Unknown
iTworld,iPhone,SE,iPhone SE (2020),2699.0,,256.0,Unknown,Unknown,,220.0,2020,A13 Bionic,,,,,,,Unknown
iTworld,iPhone,SE,iPhone SE (2022),2099.0,,64.0,Unknown,Unknown,,170.0,2022,A15 Bionic,,,,,,,Unknown
iTworld,iPhone,SE,iPhone SE (2022),2299.0,,128.0,Unknown,Unknown,,220.0,2022,A15 Bionic,,,,,,,Unknown
iTworld,iPhone,SE,iPhone SE (2022),2799.0,,256.0,Unknown,Unknown,,270.0,2022,A15 Bionic,,,,,,,Unknown
iTworld,iPhone,Standard,iPhone X,5149.0,,64.0,Unknown,Unknown,,140.0,2017,A11 Bionic,,,,,,,Unknown
iTworld,iPhone,Standard,iPhone X,5899.0,,256.0,Unknown,Unknown,,190.0,2017,A11 Bionic,,,,,,,Unknown
iTworld,iPhone,Standard,iPhone XR,3599.0,,64.0,Unknown,Unknown,,160.0,2018,A12 Bionic,,,,,,,Unknown
iTworld,iPhone,Standard,iPhone XR,3849.0,,128.0,Unknown,Unknown,,230.0,2018,A12 Bionic,,,,,,,Unknown
iTworld,iPhone,Standard,iPhone XR,4299.0,,256.0,Unknown,Unknown,,280.0,2018,A12 Bionic,,,,,,,Unknown
iTworld,iPhone,Standard,iPhone XS,4999.0,,64.0,Unknown,Unknown,,210.0,2018,A12 Bionic,,,,,,,Unknown
iTworld,iPhone,Standard,iPhone XS,5699.0,,256.0,Unknown,Unknown,,260.0,2018,A12 Bionic,,,,,,,Unknown
iTworld,iPhone,Standard,iPhone XS,6649.0,,512.0,Unknown,Unknown,,310.0,2018,A12 Bionic,,,,,,,Unknown
iTworld,iPhone,Standard,iPhone XS Max,5399.0,,64.0,Unknown,Unknown,,290.0,2018,A12 Bionic,,,,,,,Unknown
iTworld,iPhone,Standard,iPhone XS Max,6099.0,,256.0,Unknown,Unknown,,370.0,2018,A12 Bionic,,,,,,,Unknown
iTworld,iPhone,Standard,iPhone XS Max,7049.0,,512.0,Unknown,Unknown,,400.0,2018,A12 Bionic,,,,,,,Unknown
Machines,iPhone,SE,iPhone SE (2020),1999.0,,64.0,Unknown,Unknown,,125.0,2020,A13 Bionic,,,,,,,Unknown
Machines,iPhone,SE,iPhone SE (2020),2199.0,,128.0,Unknown,Unknown,,175.0,2020,A13 Bionic,,,,,,,Unknown
Machines,iPhone,SE,iPhone SE (2020),2699.0,,256.0,Unknown,Unknown,,200.0,2020,A13 Bionic,,,,,,,Unknown
Machines,iPhone,SE,iPhone SE (2022),2099.0,,64.0,Unknown,Unknown,,275.0,2022,A15 Bionic,,,,,,,Unknown
Machines,iPhone,SE,iPhone SE (2022),2299.0,,128.0,Unknown,Unknown,,325.0,2022,A15 Bionic,,,,,,,Unknown
Machines,iPhone,SE,iPhone SE (2022),2799.0,,256.0,Unknown,Unknown,,350.0,2022,A15 Bionic,,,,,,,Unknown
Machines,iPhone,Plus,iPhone 8 Plus,4149.0,,64.0,Unknown,Unknown,,120.0,2017,A11 Bionic,,,,,,,Unknown
Machines,iPhone,Plus,iPhone 8 Plus,4599.0,,128.0,Unknown,Unknown,,150.0,2017,A11 Bionic,,,,,,,Unknown
Machines,iPhone,Plus,iPhone 8 Plus,5049.0,,256.0,Unknown,Unknown,,180.0,2017,A11 Bionic,,,,,,,Unknown
Machines,iPhone,Standard,iPhone X,5149.0,,64.0,Unknown,Unknown,,130.0,2017,A11 Bionic,,,,,,,Unknown
Machines,iPhone,Standard,iPhone X,5899.0,,256.0,Unknown,Unknown,,185.0,2017,A11 Bionic,,,,,,,Unknown
Machines,iPhone,Standard,iPhone XR,3599.0,,64.0,Unknown,Unknown,,155.0,2018,A12 Bionic,,,,,,,Unknown
Machines,iPhone,Standard,iPhone XR,3849.0,,128.0,Unknown,Unknown,,220.0,2018,A12 Bionic,,,,,,,Unknown
Machines,iPhone,Standard,iPhone XR,4299.0,,256.0,Unknown,Unknown,,270.0,2018,A12 Bionic,,,,,,,Unknown
Machines,iPhone,Standard,iPhone XS,4999.0,,64.0,Unknown,Unknown,,205.0,2018,A12 Bionic,,,,,,,Unknown
Machines,iPhone,Standard,iPhone XS,5699.0,,256.0,Unknown,Unknown,,255.0,2018,A12 Bionic,,,,,,,Unknown
Machines,iPhone,Standard,iPhone XS,6649.0,,512.0,Unknown,Unknown,,305.0,2018,A12 Bionic,,,,,,,Unknown
Machines,iPhone,Standard,iPhone XS Max,5399.0,,64.0,Unknown,Unknown,,285.0,2018,A12 Bionic,,,,,,,Unknown
Machines,iPhone,Standard,iPhone XS Max,6099.0,,256.0,Unknown,Unknown,,365.0,2018,A12 Bionic,,,,,,,Unknown
Machines,iPhone,Standard,iPhone XS Max,7049.0,,512.0,Unknown,Unknown,,390.0,2018,A12 Bionic,,,,,,,Unknown
Machines,iPhone,Standard,iPhone 11,3399.0,,64.0,Unknown,Unknown,,340.0,2019,A13 Bionic,,,,,,,Unknown
Machines,iPhone,Standard,iPhone 11,3599.0,,128.0,Unknown,Unknown,,390.0,2019,A13 Bionic,,,,,,,Unknown
Machines,iPhone,Standard,iPhone 11,4099.0,,256.0,Unknown,Unknown,,450.0,2019,A13 Bionic,,,,,,,Unknown
Machines,iPhone,Pro,iPhone 11 Pro,4899.0,,64.0,Unknown,Unknown,,415.0,2019,A13 Bionic,,,,,,,Unknown
Machines,iPhone,Pro,iPhone 11 Pro,5599.0,,256.0,Unknown,Unknown,,490.0,2019,A13 Bionic,,,,,,,Unknown
Machines,iPhone,Pro,iPhone 11 Pro,6499.0,,512.0,Unknown,Unknown,,575.0,2019,A13 Bionic,,,,,,,Unknown
Machines,iPhone,Pro Max,iPhone 11 Pro Max,5299.0,,64.0,Unknown,Unknown,,475.0,2019,A13 Bionic,,,,,,,Unknown
Machines,iPhone,Pro Max,iPhone 11 Pro Max,5999.0,,256.0,Unknown,Unknown,,550.0,2019,A13 Bionic,,,,,,,Unknown
Machines,iPhone,Pro Max,iPhone 11 Pro Max,6899.0,,512.0,Unknown,Unknown,,625.0,2019,A13 Bionic,,,,,,,Unknown
Machines,iPhone,Mini,iPhone 12 Mini,3399.0,,64.0,Unknown,Unknown,,300.0,2020,A14 Bionic,,,,,,,Unknown
Machines,iPhone,Mini,iPhone 12 Mini,3599.0,,128.0,Unknown,Unknown,,375.0,2020,A14 Bionic,,,,,,,Unknown
Machines,iPhone,Mini,iPhone 12 Mini,4099.0,,256.0,Unknown,Unknown,,400.0,2020,A14 Bionic,,,,,,,Unknown
Machines,iPhone,Standard,iPhone 12,3899.0,,64.0,Unknown,Unknown,,450.0,2020,A14 Bionic,,,,,,,Unknown
Machines,iPhone,Standard,iPhone 12,4099.0,,128.0,Unknown,Unknown,,500.0,2020,A14 Bionic,,,,,,,Unknown
Machines,iPhone,Standard,iPhone 12,4599.0,,256.0,Unknown,Unknown,,575.0,2020,A14 Bionic,,,,,,,Unknown
Machines,iPhone,Pro,iPhone 12 Pro,4899.0,,128.0,Unknown,Unknown,,625.0,2020,A14 Bionic,,,,,,,Unknown
Machines,iPhone,Pro,iPhone 12 Pro,5399.0,,256.0,Unknown,Unknown,,700.0,2020,A14 Bionic,,,,,,,Unknown
Machines,iPhone,Pro,iPhone 12 Pro,6299.0,,512.0,Unknown,Unknown,,750.0,2020,A14 Bionic,,,,,,,Unknown
Machines,iPhone,Pro Max,iPhone 12 Pro Max,5299.0,,128.0,Unknown,Unknown,,800.0,2020,A14 Bionic,,,,,,,Unknown
Machines,iPhone,Pro Max,iPhone 12 Pro Max,5799.0,,256.0,Unknown,Unknown,,900.0,2020,A14 Bionic,,,,,,,Unknown
Machines,iPhone,Pro Max,iPhone 12 Pro Max,6699.0,,512.0,Unknown,Unknown,,975.0,2020,A14 Bionic,,,,,,,Unknown
Machines,iPhone,Mini,iPhone 13 Mini,3399.0,,128.0,Unknown,Unknown,,550.0,2021,A15 Bionic,,,,,,,Unknown
Machines,iPhone,Mini,iPhone 13 Mini,3899.0,,256.0,Unknown,Unknown,,600.0,2021,A15 Bionic,,,,,,,Unknown
Machines,iPhone,Mini,iPhone 13 Mini,4799.0,,512.0,Unknown,Unknown,,675.0,2021,A15 Bionic,,,,,,,Unknown
Machines,iPhone,Standard,iPhone 13,3899.0,,128.0,Unknown,Unknown,,740.0,2021,A15 Bionic,,,,,,,Unknown
Machines,iPhone,Standard,iPhone 13,4399.0,,256.0,Unknown,Unknown,,840.0,2021,A15 Bionic,,,,,,,Unknown
Machines,iPhone,Standard,iPhone 13,5299.0,,512.0,Unknown,Unknown,,900.0,2021,A15 Bionic,,,,,,,Unknown
Machines,iPhone,Pro,iPhone 13 Pro,4899.0,,128.0,Unknown,Unknown,,975.0,2021,A15 Bionic,,,,,,,Unknown
Machines,iPhone,Pro,iPhone 13 Pro,5399.0,,256.0,Unknown,Unknown,,1050.0,2021,A15 Bionic,,,,,,,Unknown
Machines,iPhone,Pro,iPhone 13 Pro,6299.0,,512.0,Unknown,Unknown,,1140.0,2021,A15 Bionic,,,,,,,Unknown
Machines,iPhone,Pro,iPhone 13 Pro,7199.0,,1024.0,Unknown,Unknown,,1250.0,2021,A15 Bionic,,,,,,,Unknown
Machines,iPhone,Pro Max,iPhone 13 Pro Max,5299.0,,128.0,Unknown,Unknown,,1100.0,2021,A15 Bionic,,,,,,,Unknown
Machines,iPhone,Pro Max,iPhone 13 Pro Max,5799.0,,256.0,Unknown,Unknown,,1275.0,2021,A15 Bionic,,,,,,,Unknown
Machines,iPhone,Pro Max,iPhone 13 Pro Max,6699.0,,512.0,Unknown,Unknown,,1325.0,2021,A15 Bionic,,,,,,,Unknown
Machines,iPhone,Pro Max,iPhone 13 Pro Max,7599.0,,1024.0,Unknown,Unknown,,1450.0,2021,A15 Bionic,,,,,,,Unknown
Machines,iPhone,Standard,iPhone 14,4199.0,,128.0,Unknown,Unknown,,925.0,2022,A15 Bionic,,,,,,,Unknown
Machines,iPhone,Standard,iPhone 14,4699.0,,256.0,Unknown,Unknown,,1000.0,2022,A15 Bionic,,,,,,,Unknown
Machines,iPhone,Standard,iPhone 14,5699.0,,512.0,Unknown,Unknown,,1100.0,2022,A15 Bionic,,,,,,,Unknown
Machines,iPhone,Plus,iPhone 14 Plus,4699.0,,128.0,Unknown,Unknown,,1000.0,2022,A15 Bionic,,,,,,,Unknown
Machines,iPhone,Plus,iPhone 14 Plus,5199.0,,256.0,Unknown,Unknown,,1100.0,2022,A15 Bionic,,,,,,,Unknown
Machines,iPhone,Plus,iPhone 14 Plus,6199.0,,512.0,Unknown,Unknown,,1225.0,2022,A15 Bionic,,,,,,,Unknown
Machines,iPhone,Pro,iPhone 14 Pro,5299.0,,128.0,Unknown,Unknown,,1325.0,2022,A16 Bionic,,,,,,,Unknown
Machines,iPhone,Pro,iPhone 14 Pro,5799.0,,256.0,Unknown,Unknown,,1540.0,2022,A16 Bionic,,,,,,,Unknown
Machines,iPhone,Pro,iPhone 14 Pro,6799.0,,512.0,Unknown,Unknown,,1600.0,2022,A16 Bionic,,,,,,,Unknown
Machines,iPhone,Pro,iPhone 14 Pro,7799.0,,1024.0,Unknown,Unknown,,1675.0,2022,A16 Bionic,,,,,,,Unknown
Machines,iPhone,Pro Max,iPhone 14 Pro Max,5799.0,,128.0,Unknown,Unknown,,1575.0,2022,A16 Bionic,,,,,,,Unknown
Machines,iPhone,Pro Max,iPhone 14 Pro Max,6299.0,,256.0,Unknown,Unknown,,1700.0,2022,A16 Bionic,,,,,,,Unknown
Machines,iPhone,Pro Max,iPhone 14 Pro Max,7299.0,,512.0,Unknown,Unknown,,1835.0,2022,A16 Bionic,,,,,,,Unknown
Machines,iPhone,Pro Max,iPhone 14 Pro Max,8299.0,,1024.0,Unknown,Unknown,,1975.0,2022,A16 Bionic,,,,,,,Unknown
Machines,iPhone,Standard,iPhone 14 (eSIM),4199.0,,128.0,Unknown,Unknown,,850.0,2022,A15 Bionic,,,,,,,Unknown
Machines,iPhone,Standard,iPhone 14 (eSIM),4699.0,,256.0,Unknown,Unknown,,935.0,2022,A15 Bionic,,,,,,,Unknown
Machines,iPhone,Standard,iPhone 14 (eSIM),5699.0,,512.0,Unknown,Unknown,,1020.0,2022,A15 Bionic,,,,,,,Unknown
Machines,iPhone,Plus,iPhone 14 Plus (eSIM),4699.0,,128.0,Unknown,Unknown,,895.0,2022,A15 Bionic,,,,,,,Unknown
Machines,iPhone,Plus,iPhone 14 Plus (eSIM),5199.0,,256.0,Unknown,Unknown,,985.0,2022,A15 Bionic,,,,,,,Unknown
Machines,iPhone,Plus,iPhone 14 Plus (eSIM),6199.0,,512.0,Unknown,Unknown,,1080.0,2022,A15 Bionic,,,,,,,Unknown
Machines,iPhone,Pro,iPhone 14 Pro (eSIM),5299.0,,128.0,Unknown,Unknown,,1140.0,2022,A16 Bionic,,,,,,,Unknown
Machines,iPhone,Pro,iPhone 14 Pro (eSIM),5799.0,,256.0,Unknown,Unknown,,1310.0,2022,A16 Bionic,,,,,,,Unknown
Machines,iPhone,Pro,iPhone 14 Pro (eSIM),6799.0,,512.0,Unknown,Unknown,,1375.0,2022,A16 Bionic,,,,,,,Unknown
Machines,iPhone,Pro,iPhone 14 Pro (eSIM),7799.0,,1024.0,Unknown,Unknown,,1465.0,2022,A16 Bionic,,,,,,,Unknown
Machines,iPhone,Pro Max,iPhone 14 Pro Max (eSIM),5799.0,,128.0,Unknown,Unknown,,1350.0,2022,A16 Bionic,,,,,,,Unknown
Machines,iPhone,Pro Max,iPhone 14 Pro Max (eSIM),6299.0,,256.0,Unknown,Unknown,,1445.0,2022,A16 Bionic,,,,,,,Unknown
Machines,iPhone,Pro Max,iPhone 14 Pro Max (eSIM),7299.0,,512.0,Unknown,Unknown,,1560.0,2022,A16 Bionic,,,,,,,Unknown
Machines,iPhone,Pro Max,iPhone 14 Pro Max (eSIM),8299.0,,1024.0,Unknown,Unknown,,1700.0,2022,A16 Bionic,,,,,,,Unknown
Machines,iPhone,Standard,iPhone 15,3499.0,,128.0,Unknown,Unknown,,1460.0,2023,A16 Bionic,,,,,,,Unknown
Machines,iPhone,Standard,iPhone 15,3999.0,,256.0,Unknown,Unknown,,1625.0,2023,A16 Bionic,,,,,,,Unknown
Machines,iPhone,Standard,iPhone 15,4999.0,,512.0,Unknown,Unknown,,1775.0,2023,A16 Bionic,,,,,,,Unknown
Machines,iPhone,Plus,iPhone 15 Plus,3999.0,,128.0,Unknown,Unknown,,1550.0,2023,A16 Bionic,,,,,,,Unknown
Machines,iPhone,Plus,iPhone 15 Plus,4499.0,,256.0,Unknown,Unknown,,1775.0,2023,A16 Bionic,,,,,,,Unknown
Machines,iPhone,Plus,iPhone 15 Plus,5499.0,,512.0,Unknown,Unknown,,1975.0,2023,A16 Bionic,,,,,,,Unknown
Machines,iPhone,Pro,iPhone 15 Pro,4999.0,,128.0,Unknown,Unknown,,1725.0,2023,A17 Pro,,,,,,,Unknown
Machines,iPhone,Pro,iPhone 15 Pro,5499.0,,256.0,Unknown,Unknown,,2000.0,2023,A17 Pro,,,,,,,Unknown
Machines,iPhone,Pro,iPhone 15 Pro,6499.0,,512.0,Unknown,Unknown,,2125.0,2023,A17 Pro,,,,,,,Unknown
Machines,iPhone,Pro,iPhone 15 Pro,7499.0,,1024.0,Unknown,Unknown,,2350.0,2023,A17 Pro,,,,,,,Unknown
Machines,iPhone,Pro Max,iPhone 15 Pro Max,5999.0,,256.0,Unknown,Unknown,,2200.0,2023,A17 Pro,,,,,,,Unknown
Machines,iPhone,Pro Max,iPhone 15 Pro Max,6999.0,,512.0,Unknown,Unknown,,2425.0,2023,A17 Pro,,,,,,,Unknown
Machines,iPhone,Pro Max,iPhone 15 Pro Max,7999.0,,1024.0,Unknown,Unknown,,2650.0,2023,A17 Pro,,,,,,,Unknown
Machines,iPhone,Standard,iPhone 15 (eSIM),3499.0,,128.0,Unknown,Unknown,,1210.0,2023,A16 Bionic,,,,,,,Unknown
Machines,iPhone,Standard,iPhone 15 (eSIM),3999.0,,256.0,Unknown,Unknown,,1320.0,2023,A16 Bionic,,,,,,,Unknown
Machines,iPhone,Standard,iPhone 15 (eSIM),4999.0,,512.0,Unknown,Unknown,,1445.0,2023,A16 Bionic,,,,,,,Unknown
Machines,iPhone,Plus,iPhone 15 Plus (eSIM),3999.0,,128.0,Unknown,Unknown,,1295.0,2023,A16 Bionic,,,,,,,Unknown
Machines,iPhone,Plus,iPhone 15 Plus (eSIM),4499.0,,256.0,Unknown,Unknown,,1440.0,2023,A16 Bionic,,,,,,,Unknown
Machines,iPhone,Plus,iPhone 15 Plus (eSIM),5499.0,,512.0,Unknown,Unknown,,1640.0,2023,A16 Bionic,,,,,,,Unknown
Machines,iPhone,Pro,iPhone 15 Pro (eSIM),4999.0,,128.0,Unknown,Unknown,,1535.0,2023,A17 Pro,,,,,,,Unknown
Machines,iPhone,Pro,iPhone 15 Pro (eSIM),5499.0,,256.0,Unknown,Unknown,,1665.0,2023,A17 Pro,,,,,,,Unknown
Machines,iPhone,Pro,iPhone 15 Pro (eSIM),6499.0,,512.0,Unknown,Unknown,,1830.0,2023,A17 Pro,,,,,,,Unknown
Machines,iPhone,Pro,iPhone 15 Pro (eSIM),7499.0,,1024.0,Unknown,Unknown,,2050.0,2023,A17 Pro,,,,,,,Unknown
Machines,iPhone,Pro Max,iPhone 15 Pro Max (eSIM),5999.0,,256.0,Unknown,Unknown,,1830.0,2023,A17 Pro,,,,,,,Unknown
Machines,iPhone,Pro Max,iPhone 15 Pro Max (eSIM),6999.0,,512.0,Unknown,Unknown,,2090.0,2023,A17 Pro,,,,,,,Unknown
Machines,iPhone,Pro Max,iPhone 15 Pro Max (eSIM),7999.0,,1024.0,Unknown,Unknown,,2340.0,2023,A17 Pro,,,,,,,Unknown
Machines,iPhone,Standard,iPhone 16e,2999.0,,128.0,Unknown,Unknown,,1125.0,2025,A18,,,,,,,Unknown
Machines,iPhone,Standard,iPhone 16e,3499.0,,256.0,Unknown,Unknown,,1275.0,2025,A18,,,,,,,Unknown
Machines,iPhone,Standard,iPhone 16e,4499.0,,512.0,Unknown,Unknown,,1675.0,2025,A18,,,,,,,Unknown
Machines,iPhone,Standard,iPhone 16,3499.0,,128.0,Unknown,Unknown,,1800.0,2024,A18,,,,,,,Unknown
Machines,iPhone,Standard,iPhone 16,3999.0,,256.0,Unknown,Unknown,,2075.0,2024,A18,,,,,,,Unknown
Machines,iPhone,Standard,iPhone 16,4999.0,,512.0,Unknown,Unknown,,2430.0,2024,A18,,,,,,,Unknown
Machines,iPhone,Plus,iPhone 16 Plus,3999.0,,128.0,Unknown,Unknown,,2120.0,2024,A18,,,,,,,Unknown
Machines,iPhone,Plus,iPhone 16 Plus,4499.0,,256.0,Unknown,Unknown,,2335.0,2024,A18,,,,,,,Unknown
Machines,iPhone,Plus,iPhone 16 Plus,5499.0,,512.0,Unknown,Unknown,,2690.0,2024,A18,,,,,,,Unknown
Machines,iPhone,Pro,iPhone 16 Pro,4999.0,,128.0,Unknown,Unknown,,2300.0,2024,A18 Pro,,,,,,,Unknown
Machines,iPhone,Pro,iPhone 16 Pro,5499.0,,256.0,Unknown,Unknown,,2525.0,2024,A18 Pro,,,,,,,Unknown
Machines,iPhone,Pro,iPhone 16 Pro,6499.0,,512.0,Unknown,Unknown,,2925.0,2024,A18 Pro,,,,,,,Unknown
Machines,iPhone,Pro,iPhone 16 Pro,7499.0,,1024.0,Unknown,Unknown,,3400.0,2024,A18 Pro,,,,,,,Unknown
Machines,iPhone,Pro Max,iPhone 16 Pro Max,5999.0,,256.0,Unknown,Unknown,,3075.0,2024,A18 Pro,,,,,,,Unknown
Machines,iPhone,Pro Max,iPhone 16 Pro Max,6999.0,,512.0,Unknown,Unknown,,3300.0,2024,A18 Pro,,,,,,,Unknown
Machines,iPhone,Pro Max,iPhone 16 Pro Max,7999.0,,1024.0,Unknown,Unknown,,3675.0,2024,A18 Pro,,,,,,,Unknown
Machines,iPhone,Standard,iPhone 16e (eSIM),2999.0,,128.0,Unknown,Unknown,,1065.0,2025,A18,,,,,,,Unknown
Machines,iPhone,Standard,iPhone 16e (eSIM),3499.0,,256.0,Unknown,Unknown,,1225.0,2025,A18,,,,,,,Unknown
Machines,iPhone,Standard,iPhone 16e (eSIM),4499.0,,512.0,Unknown,Unknown,,1590.0,2025,A18,,,,,,,Unknown
Machines,iPhone,Standard,iPhone 16 (eSIM),3499.0,,128.0,Unknown,Unknown,,1570.0,2024,A18,,,,,,,Unknown
Machines,iPhone,Standard,iPhone 16 (eSIM),3999.0,,256.0,Unknown,Unknown,,1785.0,2024,A18,,,,,,,Unknown
Machines,iPhone,Standard,iPhone 16 (eSIM),4999.0,,512.0,Unknown,Unknown,,2065.0,2024,A18,,,,,,,Unknown
Machines,iPhone,Plus,iPhone 16 Plus (eSIM),3999.0,,128.0,Unknown,Unknown,,1800.0,2024,A18,,,,,,,Unknown
Machines,iPhone,Plus,iPhone 16 Plus (eSIM),4499.0,,256.0,Unknown,Unknown,,1985.0,2024,A18,,,,,,,Unknown
Machines,iPhone,Plus,iPhone 16 Plus (eSIM),5499.0,,512.0,Unknown,Unknown,,2285.0,2024,A18,,,,,,,Unknown
Machines,iPhone,Pro,iPhone 16 Pro (eSIM),4999.0,,128.0,Unknown,Unknown,,2110.0,2024,A18 Pro,,,,,,,Unknown
Machines,iPhone,Pro,iPhone 16 Pro (eSIM),5499.0,,256.0,Unknown,Unknown,,2295.0,2024,A18 Pro,,,,,,,Unknown
Machines,iPhone,Pro,iPhone 16 Pro (eSIM),6499.0,,512.0,Unknown,Unknown,,2600.0,2024,A18 Pro,,,,,,,Unknown
Machines,iPhone,Pro,iPhone 16 Pro (eSIM),7499.0,,1024.0,Unknown,Unknown,,2945.0,2024,A18 Pro,,,,,,,Unknown
Machines,iPhone,Pro Max,iPhone 16 Pro Max (eSIM),5999.0,,256.0,Unknown,Unknown,,2665.0,2024,A18 Pro,,,,,,,Unknown
Machines,iPhone,Pro Max,iPhone 16 Pro Max (eSIM),6999.0,,512.0,Unknown,Unknown,,2940.0,2024,A18 Pro,,,,,,,Unknown
Machines,iPhone,Pro Max,iPhone 16 Pro Max (eSIM),7999.0,,1024.0,Unknown,Unknown,,3245.0,2024,A18 Pro,,,,,,,Unknown
Machines,iPhone,Standard,iPhone 17,3999.0,,256.0,Unknown,Unknown,,2135.0,2025,A19,,,,,,,Unknown
Machines,iPhone,Standard,iPhone 17,4999.0,,512.0,Unknown,Unknown,,2670.0,2025,A19,,,,,,,Unknown
Machines,iPhone,Air,iPhone Air,4999.0,,256.0,Unknown,Unknown,,2490.0,2025,A19 Pro,,,,,,,Unknown
Machines,iPhone,Air,iPhone Air,5999.0,,512.0,Unknown,Unknown,,2965.0,2025,A19 Pro,,,,,,,Unknown
Machines,iPhone,Air,iPhone Air,6999.0,,1024.0,Unknown,Unknown,,3445.0,2025,A19 Pro,,,,,,,Unknown
Machines,iPhone,Pro,iPhone 17 Pro,5499.0,,256.0,Unknown,Unknown,,3035.0,2025,A19 Pro,,,,,,,Unknown
Machines,iPhone,Pro,iPhone 17 Pro,6499.0,,512.0,Unknown,Unknown,,3570.0,2025,A19 Pro,,,,,,,Unknown
Machines,iPhone,Pro,iPhone 17 Pro,7499.0,,1024.0,Unknown,Unknown,,4100.0,2025,A19 Pro,,,,,,,Unknown
Machines,iPhone,Pro Max,iPhone 17 Pro Max,5999.0,,256.0,Unknown,Unknown,,3300.0,2025,A19 Pro,,,,,,,Unknown
Machines,iPhone,Pro Max,iPhone 17 Pro Max,6999.0,,512.0,Unknown,Unknown,,3835.0,2025,A19 Pro,,,,,,,Unknown
Machines,iPhone,Pro Max,iPhone 17 Pro Max,7999.0,,1024.0,Unknown,Unknown,,4370.0,2025,A19 Pro,,,,,,,Unknown
Machines,iPhone,Pro Max,iPhone 17 Pro Max,9999.0,,2048.0,Unknown,Unknown,,5435.0,2025,A19 Pro,,,,,,,Unknown
Switch,iPhone,Pro Max,iPhone 17 Pro Max,9999.0,,2048.0,Unknown,Unknown,,6010.0,2025,A19 Pro,,,,,,,Unknown
Switch,iPhone,Pro Max,iPhone 17 Pro Max,7999.0,,1024.0,Unknown,Unknown,,4800.0,2025,A19 Pro,,,,,,,Unknown
Switch,iPhone,Pro Max,iPhone 17 Pro Max,6999.0,,512.0,Unknown,Unknown,,4130.0,2025,A19 Pro,,,,,,,Unknown
Switch,iPhone,Pro Max,iPhone 17 Pro Max,5999.0,,256.0,Unknown,Unknown,,3500.0,2025,A19 Pro,,,,,,,Unknown
Switch,iPhone,Pro,iPhone 17 Pro,7499.0,,1024.0,Unknown,Unknown,,4150.0,2025,A19 Pro,,,,,,,Unknown
Switch,iPhone,Pro,iPhone 17 Pro,6499.0,,512.0,Unknown,Unknown,,3600.0,2025,A19 Pro,,,,,,,Unknown
Switch,iPhone,Pro,iPhone 17 Pro,5499.0,,256.0,Unknown,Unknown,,3190.0,2025,A19 Pro,,,,,,,Unknown
Switch,iPhone,Standard,iPhone 17,4999.0,,512.0,Unknown,Unknown,,2700.0,2025,A19,,,,,,,Unknown
Switch,iPhone,Standard,iPhone 17,3999.0,,256.0,Unknown,Unknown,,2290.0,2025,A19,,,,,,,Unknown
Switch,iPhone,Air,iPhone Air,4999.0,,256.0,Unknown,Unknown,,2200.0,2025,A19 Pro,,,,,,,Unknown
Switch,iPhone,Air,iPhone Air,5999.0,,512.0,Unknown,Unknown,,2400.0,2025,A19 Pro,,,,,,,Unknown
Switch,iPhone,Air,iPhone Air,6999.0,,1024.0,Unknown,Unknown,,2800.0,2025,A19 Pro,,,,,,,Unknown
Switch,iPhone,Pro Max,iPhone 16 Pro Max,7999.0,,1024.0,Unknown,Unknown,,3500.0,2024,A18 Pro,,,,,,,Unknown
Switch,iPhone,Pro Max,iPhone 16 Pro Max,6999.0,,512.0,Unknown,Unknown,,3200.0,2024,A18 Pro,,,,,,,Unknown
Switch,iPhone,Pro Max,iPhone 16 Pro Max,5999.0,,256.0,Unknown,Unknown,,3010.0,2024,A18 Pro,,,,,,,Unknown
Switch,iPhone,Pro,iPhone 16 Pro,7499.0,,1024.0,Unknown,Unknown,,2900.0,2024,A18 Pro,,,,,,,Unknown
Switch,iPhone,Pro,iPhone 16 Pro,6499.0,,512.0,Unknown,Unknown,,2700.0,2024,A18 Pro,,,,,,,Unknown
Switch,iPhone,Pro,iPhone 16 Pro,5499.0,,256.0,Unknown,Unknown,,2540.0,2024,A18 Pro,,,,,,,Unknown
Switch,iPhone,Pro,iPhone 16 Pro,4999.0,,128.0,Unknown,Unknown,,2310.0,2024,A18 Pro,,,,,,,Unknown
Switch,iPhone,Plus,iPhone 16 Plus,5499.0,,512.0,Unknown,Unknown,,2500.0,2024,A18,,,,,,,Unknown
Switch,iPhone,Plus,iPhone 16 Plus,4499.0,,256.0,Unknown,Unknown,,2250.0,2024,A18,,,,,,,Unknown
Switch,iPhone,Plus,iPhone 16 Plus,3999.0,,128.0,Unknown,Unknown,,2090.0,2024,A18,,,,,,,Unknown
Switch,iPhone,Standard,iPhone 16,4999.0,,512.0,Unknown,Unknown,,2180.0,2024,A18,,,,,,,Unknown
Switch,iPhone,Standard,iPhone 16,3999.0,,256.0,Unknown,Unknown,,1980.0,2024,A18,,,,,,,Unknown
Switch,iPhone,Standard,iPhone 16,3499.0,,128.0,Unknown,Unknown,,1800.0,2024,A18,,,,,,,Unknown
Switch,iPhone,Standard,iPhone 16e,4499.0,,512.0,Unknown,Unknown,,1500.0,2025,A18,,,,,,,Unknown
Switch,iPhone,Standard,iPhone 16e,3499.0,,256.0,Unknown,Unknown,,1200.0,2025,A18,,,,,,,Unknown
Switch,iPhone,Standard,iPhone 16e,2999.0,,128.0,Unknown,Unknown,,1050.0,2025,A18,,,,,,,Unknown
Switch,iPhone,Pro Max,iPhone 15 Pro Max,7999.0,,1024.0,Unknown,Unknown,,2660.0,2023,A17 Pro,,,,,,,Unknown
Switch,iPhone,Pro Max,iPhone 15 Pro Max,6999.0,,512.0,Unknown,Unknown,,2440.0,2023,A17 Pro,,,,,,,Unknown
Switch,iPhone,Pro Max,iPhone 15 Pro Max,5999.0,,256.0,Unknown,Unknown,,2210.0,2023,A17 Pro,,,,,,,Unknown
Switch,iPhone,Pro,iPhone 15 Pro,7499.0,,1024.0,Unknown,Unknown,,2360.0,2023,A17 Pro,,,,,,,Unknown
Switch,iPhone,Pro,iPhone 15 Pro,6499.0,,512.0,Unknown,Unknown,,2140.0,2023,A17 Pro,,,,,,,Unknown
Switch,iPhone,Pro,iPhone 15 Pro,5499.0,,256.0,Unknown,Unknown,,2010.0,2023,A17 Pro,,,,,,,Unknown
Switch,iPhone,Pro,iPhone 15 Pro,4999.0,,128.0,Unknown,Unknown,,1740.0,2023,A17 Pro,,,,,,,Unknown
Switch,iPhone,Plus,iPhone 15 Plus,5499.0,,512.0,Unknown,Unknown,,1800.0,2023,A16 Bionic,,,,,,,Unknown
Switch,iPhone,Plus,iPhone 15 Plus,4499.0,,256.0,Unknown,Unknown,,1600.0,2023,A16 Bionic,,,,,,,Unknown
Switch,iPhone,Plus,iPhone 15 Plus,3999.0,,128.0,Unknown,Unknown,,1450.0,2023,A16 Bionic,,,,,,,Unknown
Switch,iPhone,Standard,iPhone 15,4999.0,,512.0,Unknown,Unknown,,1600.0,2023,A16 Bionic,,,,,,,Unknown
Switch,iPhone,Standard,iPhone 15,3999.0,,256.0,Unknown,Unknown,,1450.0,2023,A16 Bionic,,,,,,,Unknown
Switch,iPhone,Standard,iPhone 15,3499.0,,128.0,Unknown,Unknown,,1300.0,2023,A16 Bionic,,,,,,,Unknown
Switch,iPhone,Pro Max,iPhone 14 Pro Max,8299.0,,1024.0,Unknown,Unknown,,1990.0,2022,A16 Bionic,,,,,,,Unknown
Switch,iPhone,Pro Max,iPhone 14 Pro Max,7299.0,,512.0,Unknown,Unknown,,1850.0,2022,A16 Bionic,,,,,,,Unknown
Switch,iPhone,Pro Max,iPhone 14 Pro Max,6299.0,,256.0,Unknown,Unknown,,1710.0,2022,A16 Bionic,,,,,,,Unknown
Switch,iPhone,Pro Max,iPhone 14 Pro Max,5799.0,,128.0,Unknown,Unknown,,1590.0,2022,A16 Bionic,,,,,,,Unknown
Switch,iPhone,Pro,iPhone 14 Pro,7799.0,,1024.0,Unknown,Unknown,,1690.0,2022,A16 Bionic,,,,,,,Unknown
Switch,iPhone,Pro,iPhone 14 Pro,6799.0,,512.0,Unknown,Unknown,,1610.0,2022,A16 Bionic,,,,,,,Unknown
Switch,iPhone,Pro,iPhone 14 Pro,5799.0,,256.0,Unknown,Unknown,,1540.0,2022,A16 Bionic,,,,,,,Unknown
Switch,iPhone,Pro,iPhone 14 Pro,5299.0,,128.0,Unknown,Unknown,,1340.0,2022,A16 Bionic,,,,,,,Unknown
Switch,iPhone,Plus,iPhone 14 Plus,6199.0,,512.0,Unknown,Unknown,,1240.0,2022,A15 Bionic,,,,,,,Unknown
Switch,iPhone,Plus,iPhone 14 Plus,5199.0,,256.0,Unknown,Unknown,,1050.0,2022,A15 Bionic,,,,,,,Unknown
Switch,iPhone,Plus,iPhone 14 Plus,4699.0,,128.0,Unknown,Unknown,,950.0,2022,A15 Bionic,,,,,,,Unknown
Switch,iPhone,Standard,iPhone 14,5699.0,,512.0,Unknown,Unknown,,1110.0,2022,A15 Bionic,,,,,,,Unknown
Switch,iPhone,Standard,iPhone 14,4699.0,,256.0,Unknown,Unknown,,950.0,2022,A15 Bionic,,,,,,,Unknown
Switch,iPhone,Standard,iPhone 14,4199.0,,128.0,Unknown,Unknown,,850.0,2022,A15 Bionic,,,,,,,Unknown
Switch,iPhone,Pro Max,iPhone 13 Pro Max,7599.0,,1024.0,Unknown,Unknown,,1460.0,2021,A15 Bionic,,,,,,,Unknown
Switch,iPhone,Pro Max,iPhone 13 Pro Max,6699.0,,512.0,Unknown,Unknown,,1340.0,2021,A15 Bionic,,,,,,,Unknown
Switch,iPhone,Pro Max,iPhone 13 Pro Max,5799.0,,256.0,Unknown,Unknown,,1290.0,2021,A15 Bionic,,,,,,,Unknown
Switch,iPhone,Pro Max,iPhone 13 Pro Max,5299.0,,128.0,Unknown,Unknown,,1110.0,2021,A15 Bionic,,,,,,,Unknown
Switch,iPhone,Pro,iPhone 13 Pro,7199.0,,1024.0,Unknown,Unknown,,1260.0,2021,A15 Bionic,,,,,,,Unknown
Switch,iPhone,Pro,iPhone 13 Pro,6299.0,,512.0,Unknown,Unknown,,1150.0,2021,A15 Bionic,,,,,,,Unknown
Switch,iPhone,Pro,iPhone 13 Pro,5399.0,,256.0,Unknown,Unknown,,1060.0,2021,A15 Bionic,,,,,,,Unknown
Switch,iPhone,Pro,iPhone 13 Pro,4899.0,,128.0,Unknown,Unknown,,990.0,2021,A15 Bionic,,,,,,,Unknown
Switch,iPhone,Mini,iPhone 13 Mini,4799.0,,512.0,Unknown,Unknown,,600.0,2021,A15 Bionic,,,,,,,Unknown
Switch,iPhone,Mini,iPhone 13 Mini,3899.0,,256.0,Unknown,Unknown,,550.0,2021,A15 Bionic,,,,,,,Unknown
Switch,iPhone,Mini,iPhone 13 Mini,3399.0,,128.0,Unknown,Unknown,,500.0,2021,A15 Bionic,,,,,,,Unknown
Switch,iPhone,Standard,iPhone 13,5299.0,,512.0,Unknown,Unknown,,910.0,2021,A15 Bionic,,,,,,,Unknown
Switch,iPhone,Standard,iPhone 13,4399.0,,256.0,Unknown,Unknown,,850.0,2021,A15 Bionic,,,,,,,Unknown
Switch,iPhone,Standard,iPhone 13,3899.0,,128.0,Unknown,Unknown,,750.0,2021,A15 Bionic,,,,,,,Unknown
Switch,iPhone,Pro Max,iPhone 12 Pro Max,6699.0,,512.0,Unknown,Unknown,,990.0,2020,A14 Bionic,,,,,,,Unknown
Switch,iPhone,Pro Max,iPhone 12 Pro Max,5799.0,,256.0,Unknown,Unknown,,910.0,2020,A14 Bionic,,,,,,,Unknown
Switch,iPhone,Pro Max,iPhone 12 Pro Max,5299.0,,128.0,Unknown,Unknown,,810.0,2020,A14 Bionic,,,,,,,Unknown
Switch,iPhone,Pro,iPhone 12 Pro,6299.0,,512.0,Unknown,Unknown,,760.0,2020,A14 Bionic,,,,,,,Unknown
Switch,iPhone,Pro,iPhone 12 Pro,5399.0,,256.0,Unknown,Unknown,,710.0,2020,A14 Bionic,,,,,,,Unknown
Switch,iPhone,Pro,iPhone 12 Pro,4899.0,,128.0,Unknown,Unknown,,640.0,2020,A14 Bionic,,,,,,,Unknown
Switch,iPhone,Mini,iPhone 12 Mini,4099.0,,256.0,Unknown,Unknown,,450.0,2020,A14 Bionic,,,,,,,Unknown
Switch,iPhone,Mini,iPhone 12 Mini,3599.0,,128.0,Unknown,Unknown,,400.0,2020,A14 Bionic,,,,,,,Unknown
Switch,iPhone,Mini,iPhone 12 Mini,3399.0,,64.0,Unknown,Unknown,,300.0,2020,A14 Bionic,,,,,,,Unknown
Switch,iPhone,Standard,iPhone 12,4599.0,,256.0,Unknown,Unknown,,590.0,2020,A14 Bionic,,,,,,,Unknown
Switch,iPhone,Standard,iPhone 12,4099.0,,128.0,Unknown,Unknown,,510.0,2020,A14 Bionic,,,,,,,Unknown
Switch,iPhone,Standard,iPhone 12,3899.0,,64.0,Unknown,Unknown,,460.0,2020,A14 Bionic,,,,,,,Unknown
Switch,iPhone,Pro Max,iPhone 11 Pro Max,6899.0,,512.0,Unknown,Unknown,,650.0,2019,A13 Bionic,,,,,,,Unknown
Switch,iPhone,Pro Max,iPhone 11 Pro Max,5999.0,,256.0,Unknown,Unknown,,560.0,2019,A13 Bionic,,,,,,,Unknown
Switch,iPhone,Pro Max,iPhone 11 Pro Max,5299.0,,64.0,Unknown,Unknown,,490.0,2019,A13 Bionic,,,,,,,Unknown
Switch,iPhone,Pro,iPhone 11 Pro,6499.0,,512.0,Unknown,Unknown,,590.0,2019,A13 Bionic,,,,,,,Unknown
Switch,iPhone,Pro,iPhone 11 Pro,5599.0,,256.0,Unknown,Unknown,,450.0,2019,A13 Bionic,,,,,,,Unknown
Switch,iPhone,Pro,iPhone 11 Pro,4899.0,,64.0,Unknown,Unknown,,400.0,2019,A13 Bionic,,,,,,,Unknown
Switch,iPhone,Standard,iPhone 11,4099.0,,256.0,Unknown,Unknown,,460.0,2019,A13 Bionic,,,,,,,Unknown
Switch,iPhone,Standard,iPhone 11,3599.0,,128.0,Unknown,Unknown,,350.0,2019,A13 Bionic,,,,,,,Unknown
Switch,iPhone,Standard,iPhone 11,3399.0,,64.0,Unknown,Unknown,,300.0,2019,A13 Bionic,,,,,,,Unknown
Switch,iPhone,Standard,iPhone XS Max,7049.0,,512.0,Unknown,Unknown,,400.0,2018,A12 Bionic,,,,,,,Unknown
Switch,iPhone,Standard,iPhone XS Max,6099.0,,256.0,Unknown,Unknown,,370.0,2018,A12 Bionic,,,,,,,Unknown
Switch,iPhone,Standard,iPhone XS Max,5399.0,,64.0,Unknown,Unknown,,290.0,2018,A12 Bionic,,,,,,,Unknown
Switch,iPhone,Standard,iPhone XS,6649.0,,512.0,Unknown,Unknown,,310.0,2018,A12 Bionic,,,,,,,Unknown
Switch,iPhone,Standard,iPhone XS,5699.0,,256.0,Unknown,Unknown,,260.0,2018,A12 Bionic,,,,,,,Unknown
Switch,iPhone,Standard,iPhone XS,4999.0,,64.0,Unknown,Unknown,,210.0,2018,A12 Bionic,,,,,,,Unknown
Switch,iPhone,Standard,iPhone XR,4299.0,,256.0,Unknown,Unknown,,280.0,2018,A12 Bionic,,,,,,,Unknown
Switch,iPhone,Standard,iPhone XR,3849.0,,128.0,Unknown,Unknown,,230.0,2018,A12 Bionic,,,,,,,Unknown
Switch,iPhone,Standard,iPhone XR,3599.0,,64.0,Unknown,Unknown,,160.0,2018,A12 Bionic,,,,,,,Unknown
Switch,iPhone,Standard,iPhone X,5899.0,,256.0,Unknown,Unknown,,190.0,2017,A11 Bionic,,,,,,,Unknown
Switch,iPhone,Standard,iPhone X,5149.0,,64.0,Unknown,Unknown,,140.0,2017,A11 Bionic,,,,,,,Unknown
Switch,iPhone,SE,iPhone SE (2022),2799.0,,256.0,Unknown,Unknown,,270.0,2022,A15 Bionic,,,,,,,Unknown
Switch,iPhone,SE,iPhone SE (2022),2299.0,,128.0,Unknown,Unknown,,220.0,2022,A15 Bionic,,,,,,,Unknown
Switch,iPhone,SE,iPhone SE (2022),2099.0,,64.0,Unknown,Unknown,,170.0,2022,A15 Bionic,,,,,,,Unknown
Switch,iPhone,SE,iPhone SE (2020),2699.0,,256.0,Unknown,Unknown,,220.0,2020,A13 Bionic,,,,,,,Unknown
Switch,iPhone,SE,iPhone SE (2020),2199.0,,128.0,Unknown,Unknown,,170.0,2020,A13 Bionic,,,,,,,Unknown
Switch,iPhone,SE,iPhone SE (2020),1999.0,,64.0,Unknown,Unknown,,120.0,2020,A13 Bionic,,,,,,,Unknown
Switch,iPhone,SE,iPhone SE (2016),,,128.0,Unknown,Unknown,,5.0,2016,A9,,,,,,,Unknown
Switch,iPhone,SE,iPhone SE (2016),2449.0,,64.0,Unknown,Unknown,,5.0,2016,A9,,,,,,,Unknown
Switch,iPhone,SE,iPhone SE (2016),,,32.0,Unknown,Unknown,,5.0,2016,A9,,,,,,,Unknown
Switch,iPhone,SE,iPhone SE (2016),1949.0,,16.0,Unknown,Unknown,,5.0,2016,A9,,,,,,,Unknown
Switch,iPhone,Plus,iPhone 8 Plus,5049.0,,256.0,Unknown,Unknown,,190.0,2017,A11 Bionic,,,,,,,Unknown
Switch,iPhone,Plus,iPhone 8 Plus,4599.0,,128.0,Unknown,Unknown,,160.0,2017,A11 Bionic,,,,,,,Unknown
Switch,iPhone,Plus,iPhone 8 Plus,4149.0,,64.0,Unknown,Unknown,,130.0,2017,A11 Bionic,,,,,,,Unknown
Switch,iPhone,Standard,iPhone 8,4549.0,,256.0,Unknown,Unknown,,180.0,2017,A11 Bionic,,,,,,,Unknown
Switch,iPhone,Standard,iPhone 8,4099.0,,128.0,Unknown,Unknown,,140.0,2017,A11 Bionic,,,,,,,Unknown
Switch,iPhone,Standard,iPhone 8,3649.0,,64.0,Unknown,Unknown,,120.0,2017,A11 Bionic,,,,,,,Unknown
Switch,iPhone,Plus,iPhone 7 Plus,4799.0,,256.0,Unknown,Unknown,,140.0,2016,A10 Fusion,,,,,,,Unknown
Switch,iPhone,Plus,iPhone 7 Plus,4299.0,,128.0,Unknown,Unknown,,110.0,2016,A10 Fusion,,,,,,,Unknown
Switch,iPhone,Plus,iPhone 7 Plus,3799.0,,32.0,Unknown,Unknown,,80.0,2016,A10 Fusion,,,,,,,Unknown
Switch,iPhone,Standard,iPhone 7,4199.0,,256.0,Unknown,Unknown,,90.0,2016,A10 Fusion,,,,,,,Unknown
Switch,iPhone,Standard,iPhone 7,3699.0,,128.0,Unknown,Unknown,,70.0,2016,A10 Fusion,,,,,,,Unknown
Switch,iPhone,Standard,iPhone 7,3199.0,,32.0,Unknown,Unknown,,50.0,2016,A10 Fusion,,,,,,,Unknown
Switch,iPhone,Plus,iPhone 6s Plus,3899.0,,128.0,Unknown,Unknown,,20.0,2015,A9,,,,,,,Unknown
Switch,iPhone,Plus,iPhone 6s Plus,3499.0,,64.0,Unknown,Unknown,,20.0,2015,A9,,,,,,,Unknown
Switch,iPhone,Plus,iPhone 6s Plus,3099.0,,32.0,Unknown,Unknown,,20.0,2015,A9,,,,,,,Unknown
Switch,iPhone,Plus,iPhone 6s Plus,3099.0,,16.0,Unknown,Unknown,,20.0,2015,A9,,,,,,,Unknown
Switch,iPhone,Standard,iPhone 6s,3499.0,,128.0,Unknown,Unknown,,10.0,2015,A9,,,,,,,Unknown
Switch,iPhone,Standard,iPhone 6s,3099.0,,64.0,Unknown,Unknown,,10.0,2015,A9,,,,,,,Unknown
Switch,iPhone,Standard,iPhone 6s,2699.0,,32.0,Unknown,Unknown,,10.0,2015,A9,,,,,,,Unknown
Switch,iPhone,Standard,iPhone 6s,2699.0,,16.0,Unknown,Unknown,,10.0,2015,A9,,,,,,,Unknown
Switch,iPhone,Plus,iPhone 6 Plus,3649.0,,128.0,Unknown,Unknown,,10.0,2014,A8,,,,,,,Unknown
Switch,iPhone,Plus,iPhone 6 Plus,3349.0,,64.0,Unknown,Unknown,,10.0,2014,A8,,,,,,,Unknown
Switch,iPhone,Plus,iPhone 6 Plus,2749.0,,16.0,Unknown,Unknown,,10.0,2014,A8,,,,,,,Unknown
Switch,iPhone,Standard,iPhone 6,3299.0,,128.0,Unknown,Unknown,,5.0,2014,A8,,,,,,,Unknown
Switch,iPhone,Standard,iPhone 6,2999.0,,64.0,Unknown,Unknown,,5.0,2014,A8,,,,,,,Unknown
Switch,iPhone,Standard,iPhone 6,2699.0,,32.0,Unknown,Unknown,,5.0,2014,A8,,,,,,,Unknown
Switch,iPhone,Standard,iPhone 6,2399.0,,16.0,Unknown,Unknown,,5.0,2014,A8,,,,,,,Unknown
Switch,iPhone,Standard,iPhone 5s,2349.0,,64.0,Unknown,Unknown,,5.0,2013,A7,,,,,,,Unknown
Switch,iPhone,Standard,iPhone 5s,2049.0,,32.0,Unknown,Unknown,,5.0,2013,A7,,,,,,,Unknown
Switch,iPhone,Standard,iPhone 5s,1749.0,,16.0,Unknown,Unknown,,5.0,2013,A7,,,,,,,Unknown
UR,iPhone,Pro Max,iPhone 17 Pro Max,9999.0,,2048.0,Unknown,Unknown,,6010.0,2025,A19 Pro,,,,,,,Unknown
UR,iPhone,Pro Max,iPhone 17 Pro Max,7999.0,,1024.0,Unknown,Unknown,,4800.0,2025,A19 Pro,,,,,,,Unknown
UR,iPhone,Pro Max,iPhone 17 Pro Max,6999.0,,512.0,Unknown,Unknown,,4130.0,2025,A19 Pro,,,,,,,Unknown
UR,iPhone,Pro Max,iPhone 17 Pro Max,5999.0,,256.0,Unknown,Unknown,,3500.0,2025,A19 Pro,,,,,,,Unknown
UR,iPhone,Pro,iPhone 17 Pro,7499.0,,1024.0,Unknown,Unknown,,4150.0,2025,A19 Pro,,,,,,,Unknown
UR,iPhone,Pro,iPhone 17 Pro,6499.0,,512.0,Unknown,Unknown,,3600.0,2025,A19 Pro,,,,,,,Unknown
UR,iPhone,Pro,iPhone 17 Pro,5499.0,,256.0,Unknown,Unknown,,3190.0,2025,A19 Pro,,,,,,,Unknown
UR,iPhone,Standard,iPhone 17,4999.0,,512.0,Unknown,Unknown,,2700.0,2025,A19,,,,,,,Unknown
UR,iPhone,Standard,iPhone 17,3999.0,,256.0,Unknown,Unknown,,2290.0,2025,A19,,,,,,,Unknown
UR,iPhone,Air,iPhone Air,4999.0,,256.0,Unknown,Unknown,,2200.0,2025,A19 Pro,,,,,,,Unknown
UR,iPhone,Air,iPhone Air,5999.0,,512.0,Unknown,Unknown,,2400.0,2025,A19 Pro,,,,,,,Unknown
UR,iPhone,Air,iPhone Air,6999.0,,1024.0,Unknown,Unknown,,2800.0,2025,A19 Pro,,,,,,,Unknown
UR,iPhone,Pro Max,iPhone 16 Pro Max,7999.0,,1024.0,Unknown,Unknown,,3500.0,2024,A18 Pro,,,,,,,Unknown
UR,iPhone,Pro Max,iPhone 16 Pro Max,6999.0,,512.0,Unknown,Unknown,,3200.0,2024,A18 Pro,,,,,,,Unknown
UR,iPhone,Pro Max,iPhone 16 Pro Max,5999.0,,256.0,Unknown,Unknown,,3010.0,2024,A18 Pro,,,,,,,Unknown
UR,iPhone,Pro,iPhone 16 Pro,7499.0,,1024.0,Unknown,Unknown,,2900.0,2024,A18 Pro,,,,,,,Unknown
UR,iPhone,Pro,iPhone 16 Pro,6499.0,,512.0,Unknown,Unknown,,2700.0,2024,A18 Pro,,,,,,,Unknown
UR,iPhone,Pro,iPhone 16 Pro,5499.0,,256.0,Unknown,Unknown,,2540.0,2024,A18 Pro,,,,,,,Unknown
UR,iPhone,Pro,iPhone 16 Pro,4999.0,,128.0,Unknown,Unknown,,2310.0,2024,A18 Pro,,,,,,,Unknown
UR,iPhone,Plus,iPhone 16 Plus,5499.0,,512.0,Unknown,Unknown,,2500.0,2024,A18,,,,,,,Unknown
UR,iPhone,Plus,iPhone 16 Plus,4499.0,,256.0,Unknown,Unknown,,2250.0,2024,A18,,,,,,,Unknown
UR,iPhone,Plus,iPhone 16 Plus,3999.0,,128.0,Unknown,Unknown,,2090.0,2024,A18,,,,,,,Unknown
UR,iPhone,Standard,iPhone 16,4999.0,,512.0,Unknown,Unknown,,2180.0,2024,A18,,,,,,,Unknown
UR,iPhone,Standard,iPhone 16,3999.0,,256.0,Unknown,Unknown,,1980.0,2024,A18,,,,,,,Unknown
UR,iPhone,Standard,iPhone 16,3499.0,,128.0,Unknown,Unknown,,1800.0,2024,A18,,,,,,,Unknown
UR,iPhone,Standard,iPhone 16e,4499.0,,512.0,Unknown,Unknown,,1500.0,2025,A18,,,,,,,Unknown
UR,iPhone,Standard,iPhone 16e,3499.0,,256.0,Unknown,Unknown,,1200.0,2025,A18,,,,,,,Unknown
UR,iPhone,Standard,iPhone 16e,2999.0,,128.0,Unknown,Unknown,,1050.0,2025,A18,,,,,,,Unknown
UR,iPhone,Pro Max,iPhone 15 Pro Max,7999.0,,1024.0,Unknown,Unknown,,2660.0,2023,A17 Pro,,,,,,,Unknown
UR,iPhone,Pro Max,iPhone 15 Pro Max,6999.0,,512.0,Unknown,Unknown,,2440.0,2023,A17 Pro,,,,,,,Unknown
UR,iPhone,Pro Max,iPhone 15 Pro Max,5999.0,,256.0,Unknown,Unknown,,2210.0,2023,A17 Pro,,,,,,,Unknown
UR,iPhone,Pro,iPhone 15 Pro,7499.0,,1024.0,Unknown,Unknown,,2360.0,2023,A17 Pro,,,,,,,Unknown
UR,iPhone,Pro,iPhone 15 Pro,6499.0,,512.0,Unknown,Unknown,,2140.0,2023,A17 Pro,,,,,,,Unknown
UR,iPhone,Pro,iPhone 15 Pro,5499.0,,256.0,Unknown,Unknown,,2010.0,2023,A17 Pro,,,,,,,Unknown
UR,iPhone,Pro,iPhone 15 Pro,4999.0,,128.0,Unknown,Unknown,,1740.0,2023,A17 Pro,,,,,,,Unknown
UR,iPhone,Plus,iPhone 15 Plus,5499.0,,512.0,Unknown,Unknown,,1800.0,2023,A16 Bionic,,,,,,,Unknown
UR,iPhone,Plus,iPhone 15 Plus,4499.0,,256.0,Unknown,Unknown,,1600.0,2023,A16 Bionic,,,,,,,Unknown
UR,iPhone,Plus,iPhone 15 Plus,3999.0,,128.0,Unknown,Unknown,,1450.0,2023,A16 Bionic,,,,,,,Unknown
UR,iPhone,Standard,iPhone 15,4999.0,,512.0,Unknown,Unknown,,1600.0,2023,A16 Bionic,,,,,,,Unknown
UR,iPhone,Standard,iPhone 15,3999.0,,256.0,Unknown,Unknown,,1450.0,2023,A16 Bionic,,,,,,,Unknown
UR,iPhone,Standard,iPhone 15,3499.0,,128.0,Unknown,Unknown,,1300.0,2023,A16 Bionic,,,,,,,Unknown
UR,iPhone,Pro Max,iPhone 14 Pro Max,8299.0,,1024.0,Unknown,Unknown,,1990.0,2022,A16 Bionic,,,,,,,Unknown
UR,iPhone,Pro Max,iPhone 14 Pro Max,7299.0,,512.0,Unknown,Unknown,,1850.0,2022,A16 Bionic,,,,,,,Unknown
UR,iPhone,Pro Max,iPhone 14 Pro Max,6299.0,,256.0,Unknown,Unknown,,1710.0,2022,A16 Bionic,,,,,,,Unknown
UR,iPhone,Pro Max,iPhone 14 Pro Max,5799.0,,128.0,Unknown,Unknown,,1590.0,2022,A16 Bionic,,,,,,,Unknown
UR,iPhone,Pro,iPhone 14 Pro,7799.0,,1024.0,Unknown,Unknown,,1690.0,2022,A16 Bionic,,,,,,,Unknown
UR,iPhone,Pro,iPhone 14 Pro,6799.0,,512.0,Unknown,Unknown,,1610.0,2022,A16 Bionic,,,,,,,Unknown
UR,iPhone,Pro,iPhone 14 Pro,5799.0,,256.0,Unknown,Unknown,,1540.0,2022,A16 Bionic,,,,,,,Unknown
UR,iPhone,Pro,iPhone 14 Pro,5299.0,,128.0,Unknown,Unknown,,1340.0,2022,A16 Bionic,,,,,,,Unknown
UR,iPhone,Plus,iPhone 14 Plus,6199.0,,512.0,Unknown,Unknown,,1240.0,2022,A15 Bionic,,,,,,,Unknown
UR,iPhone,Plus,iPhone 14 Plus,5199.0,,256.0,Unknown,Unknown,,1050.0,2022,A15 Bionic,,,,,,,Unknown
UR,iPhone,Plus,iPhone 14 Plus,4699.0,,128.0,Unknown,Unknown,,950.0,2022,A15 Bionic,,,,,,,Unknown
UR,iPhone,Standard,iPhone 14,5699.0,,512.0,Unknown,Unknown,,1110.0,2022,A15 Bionic,,,,,,,Unknown
UR,iPhone,Standard,iPhone 14,4699.0,,256.0,Unknown,Unknown,,950.0,2022,A15 Bionic,,,,,,,Unknown
UR,iPhone,Standard,iPhone 14,4199.0,,128.0,Unknown,Unknown,,850.0,2022,A15 Bionic,,,,,,,Unknown
UR,iPhone,Pro Max,iPhone 13 Pro Max,7599.0,,1024.0,Unknown,Unknown,,1460.0,2021,A15 Bionic,,,,,,,Unknown
UR,iPhone,Pro Max,iPhone 13 Pro Max,6699.0,,512.0,Unknown,Unknown,,1340.0,2021,A15 Bionic,,,,,,,Unknown
UR,iPhone,Pro Max,iPhone 13 Pro Max,5799.0,,256.0,Unknown,Unknown,,1290.0,2021,A15 Bionic,,,,,,,Unknown
UR,iPhone,Pro Max,iPhone 13 Pro Max,5299.0,,128.0,Unknown,Unknown,,1110.0,2021,A15 Bionic,,,,,,,Unknown
UR,iPhone,Pro,iPhone 13 Pro,7199.0,,1024.0,Unknown,Unknown,,1260.0,2021,A15 Bionic,,,,,,,Unknown
UR,iPhone,Pro,iPhone 13 Pro,6299.0,,512.0,Unknown,Unknown,,1150.0,2021,A15 Bionic,,,,,,,Unknown
UR,iPhone,Pro,iPhone 13 Pro,5399.0,,256.0,Unknown,Unknown,,1060.0,2021,A15 Bionic,,,,,,,Unknown
UR,iPhone,Pro,iPhone 13 Pro,4899.0,,128.0,Unknown,Unknown,,990.0,2021,A15 Bionic,,,,,,,Unknown
UR,iPhone,Mini,iPhone 13 Mini,4799.0,,512.0,Unknown,Unknown,,600.0,2021,A15 Bionic,,,,,,,Unknown
UR,iPhone,Mini,iPhone 13 Mini,3899.0,,256.0,Unknown,Unknown,,550.0,2021,A15 Bionic,,,,,,,Unknown
UR,iPhone,Mini,iPhone 13 Mini,3399.0,,128.0,Unknown,Unknown,,500.0,2021,A15 Bionic,,,,,,,Unknown
UR,iPhone,Standard,iPhone 13,5299.0,,512.0,Unknown,Unknown,,910.0,2021,A15 Bionic,,,,,,,Unknown
UR,iPhone,Standard,iPhone 13,4399.0,,256.0,Unknown,Unknown,,850.0,2021,A15 Bionic,,,,,,,Unknown
UR,iPhone,Standard,iPhone 13,3899.0,,128.0,Unknown,Unknown,,750.0,2021,A15 Bionic,,,,,,,Unknown
UR,iPhone,Pro Max,iPhone 12 Pro Max,6699.0,,512.0,Unknown,Unknown,,990.0,2020,A14 Bionic,,,,,,,Unknown
UR,iPhone,Pro Max,iPhone 12 Pro Max,5799.0,,256.0,Unknown,Unknown,,910.0,2020,A14 Bionic,,,,,,,Unknown
UR,iPhone,Pro Max,iPhone 12 Pro Max,5299.0,,128.0,Unknown,Unknown,,810.0,2020,A14 Bionic,,,,,,,Unknown
UR,iPhone,Pro,iPhone 12 Pro,6299.0,,512.0,Unknown,Unknown,,760.0,2020,A14 Bionic,,,,,,,Unknown
UR,iPhone,Pro,iPhone 12 Pro,5399.0,,256.0,Unknown,Unknown,,710.0,2020,A14 Bionic,,,,,,,Unknown
UR,iPhone,Pro,iPhone 12 Pro,4899.0,,128.0,Unknown,Unknown,,640.0,2020,A14 Bionic,,,,,,,Unknown
UR,iPhone,Mini,iPhone 12 Mini,4099.0,,256.0,Unknown,Unknown,,450.0,2020,A14 Bionic,,,,,,,Unknown
UR,iPhone,Mini,iPhone 12 Mini,3599.0,,128.0,Unknown,Unknown,,400.0,2020,A14 Bionic,,,,,,,Unknown
UR,iPhone,Mini,iPhone 12 Mini,3399.0,,64.0,Unknown,Unknown,,300.0,2020,A14 Bionic,,,,,,,Unknown
UR,iPhone,Standard,iPhone 12,4599.0,,256.0,Unknown,Unknown,,590.0,2020,A14 Bionic,,,,,,,Unknown
UR,iPhone,Standard,iPhone 12,4099.0,,128.0,Unknown,Unknown,,510.0,2020,A14 Bionic,,,,,,,Unknown
UR,iPhone,Standard,iPhone 12,3899.0,,64.0,Unknown,Unknown,,460.0,2020,A14 Bionic,,,,,,,Unknown
UR,iPhone,Pro Max,iPhone 11 Pro Max,6899.0,,512.0,Unknown,Unknown,,650.0,2019,A13 Bionic,,,,,,,Unknown
UR,iPhone,Pro Max,iPhone 11 Pro Max,5999.0,,256.0,Unknown,Unknown,,560.0,2019,A13 Bionic,,,,,,,Unknown
UR,iPhone,Pro Max,iPhone 11 Pro Max,5299.0,,64.0,Unknown,Unknown,,490.0,2019,A13 Bionic,,,,,,,Unknown
UR,iPhone,Pro,iPhone 11 Pro,6499.0,,512.0,Unknown,Unknown,,590.0,2019,A13 Bionic,,,,,,,Unknown
UR,iPhone,Pro,iPhone 11 Pro,5599.0,,256.0,Unknown,Unknown,,450.0,2019,A13 Bionic,,,,,,,Unknown
UR,iPhone,Pro,iPhone 11 Pro,4899.0,,64.0,Unknown,Unknown,,400.0,2019,A13 Bionic,,,,,,,Unknown
UR,iPhone,Standard,iPhone 11,4099.0,,256.0,Unknown,Unknown,,460.0,2019,A13 Bionic,,,,,,,Unknown
UR,iPhone,Standard,iPhone 11,3599.0,,128.0,Unknown,Unknown,,350.0,2019,A13 Bionic,,,,,,,Unknown
UR,iPhone,Standard,iPhone 11,3399.0,,64.0,Unknown,Unknown,,300.0,2019,A13 Bionic,,,,,,,Unknown
UR,iPhone,Standard,iPhone XS Max,7049.0,,512.0,Unknown,Unknown,,400.0,2018,A12 Bionic,,,,,,,Unknown
UR,iPhone,Standard,iPhone XS Max,6099.0,,256.0,Unknown,Unknown,,370.0,2018,A12 Bionic,,,,,,,Unknown
UR,iPhone,Standard,iPhone XS Max,5399.0,,64.0,Unknown,Unknown,,290.0,2018,A12 Bionic,,,,,,,Unknown
UR,iPhone,Standard,iPhone XS,6649.0,,512.0,Unknown,Unknown,,310.0,2018,A12 Bionic,,,,,,,Unknown
UR,iPhone,Standard,iPhone XS,5699.0,,256.0,Unknown,Unknown,,260.0,2018,A12 Bionic,,,,,,,Unknown
UR,iPhone,Standard,iPhone XS,4999.0,,64.0,Unknown,Unknown,,210.0,2018,A12 Bionic,,,,,,,Unknown
UR,iPhone,Standard,iPhone XR,4299.0,,256.0,Unknown,Unknown,,280.0,2018,A12 Bionic,,,,,,,Unknown
UR,iPhone,Standard,iPhone XR,3849.0,,128.0,Unknown,Unknown,,230.0,2018,A12 Bionic,,,,,,,Unknown
UR,iPhone,Standard,iPhone XR,3599.0,,64.0,Unknown,Unknown,,160.0,2018,A12 Bionic,,,,,,,Unknown
UR,iPhone,Standard,iPhone X,5899.0,,256.0,Unknown,Unknown,,190.0,2017,A11 Bionic,,,,,,,Unknown
UR,iPhone,Standard,iPhone X,5149.0,,64.0,Unknown,Unknown,,140.0,2017,A11 Bionic,,,,,,,Unknown
UR,iPhone,SE,iPhone SE (2022),2799.0,,256.0,Unknown,Unknown,,270.0,2022,A15 Bionic,,,,,,,Unknown
UR,iPhone,SE,iPhone SE (2022),2299.0,,128.0,Unknown,Unknown,,220.0,2022,A15 Bionic,,,,,,,Unknown
UR,iPhone,SE,iPhone SE (2022),2099.0,,64.0,Unknown,Unknown,,170.0,2022,A15 Bionic,,,,,,,Unknown
UR,iPhone,SE,iPhone SE (2020),2699.0,,256.0,Unknown,Unknown,,220.0,2020,A13 Bionic,,,,,,,Unknown
UR,iPhone,SE,iPhone SE (2020),2199.0,,128.0,Unknown,Unknown,,170.0,2020,A13 Bionic,,,,,,,Unknown
UR,iPhone,SE,iPhone SE (2020),1999.0,,64.0,Unknown,Unknown,,120.0,2020,A13 Bionic,,,,,,,Unknown
UR,iPhone,SE,iPhone SE (2016),,,128.0,Unknown,Unknown,,5.0,2016,A9,,,,,,,Unknown
UR,iPhone,SE,iPhone SE (2016),2449.0,,64.0,Unknown,Unknown,,5.0,2016,A9,,,,,,,Unknown
UR,iPhone,SE,iPhone SE (2016),,,32.0,Unknown,Unknown,,5.0,2016,A9,,,,,,,Unknown
UR,iPhone,SE,iPhone SE (2016),1949.0,,16.0,Unknown,Unknown,,5.0,2016,A9,,,,,,,Unknown
UR,iPhone,Plus,iPhone 8 Plus,5049.0,,256.0,Unknown,Unknown,,190.0,2017,A11 Bionic,,,,,,,Unknown
UR,iPhone,Plus,iPhone 8 Plus,4599.0,,128.0,Unknown,Unknown,,160.0,2017,A11 Bionic,,,,,,,Unknown
UR,iPhone,Plus,iPhone 8 Plus,4149.0,,64.0,Unknown,Unknown,,130.0,2017,A11 Bionic,,,,,,,Unknown
UR,iPhone,Standard,iPhone 8,4549.0,,256.0,Unknown,Unknown,,180.0,2017,A11 Bionic,,,,,,,Unknown
UR,iPhone,Standard,iPhone 8,4099.0,,128.0,Unknown,Unknown,,140.0,2017,A11 Bionic,,,,,,,Unknown
UR,iPhone,Standard,iPhone 8,3649.0,,64.0,Unknown,Unknown,,120.0,2017,A11 Bionic,,,,,,,Unknown
UR,iPhone,Plus,iPhone 7 Plus,4799.0,,256.0,Unknown,Unknown,,140.0,2016,A10 Fusion,,,,,,,Unknown
UR,iPhone,Plus,iPhone 7 Plus,4299.0,,128.0,Unknown,Unknown,,110.0,2016,A10 Fusion,,,,,,,Unknown
UR,iPhone,Plus,iPhone 7 Plus,3799.0,,32.0,Unknown,Unknown,,80.0,2016,A10 Fusion,,,,,,,Unknown
UR,iPhone,Standard,iPhone 7,4199.0,,256.0,Unknown,Unknown,,90.0,2016,A10 Fusion,,,,,,,Unknown
UR,iPhone,Standard,iPhone 7,3699.0,,128.0,Unknown,Unknown,,70.0,2016,A10 Fusion,,,,,,,Unknown
UR,iPhone,Standard,iPhone 7,3199.0,,32.0,Unknown,Unknown,,50.0,2016,A10 Fusion,,,,,,,Unknown
UR,iPhone,Plus,iPhone 6s Plus,3899.0,,128.0,Unknown,Unknown,,20.0,2015,A9,,,,,,,Unknown
UR,iPhone,Plus,iPhone 6s Plus,3499.0,,64.0,Unknown,Unknown,,20.0,2015,A9,,,,,,,Unknown
UR,iPhone,Plus,iPhone 6s Plus,3099.0,,32.0,Unknown,Unknown,,20.0,2015,A9,,,,,,,Unknown
UR,iPhone,Plus,iPhone 6s Plus,3099.0,,16.0,Unknown,Unknown,,20.0,2015,A9,,,,,,,Unknown
UR,iPhone,Standard,iPhone 6s,3499.0,,128.0,Unknown,Unknown,,10.0,2015,A9,,,,,,,Unknown
UR,iPhone,Standard,iPhone 6s,3099.0,,64.0,Unknown,Unknown,,10.0,2015,A9,,,,,,,Unknown
UR,iPhone,Standard,iPhone 6s,2699.0,,32.0,Unknown,Unknown,,10.0,2015,A9,,,,,,,Unknown
UR,iPhone,Standard,iPhone 6s,2699.0,,16.0,Unknown,Unknown,,10.0,2015,A9,,,,,,,Unknown
UR,iPhone,Plus,iPhone 6 Plus,3649.0,,128.0,Unknown,Unknown,,10.0,2014,A8,,,,,,,Unknown
UR,iPhone,Plus,iPhone 6 Plus,3349.0,,64.0,Unknown,Unknown,,10.0,2014,A8,,,,,,,Unknown
UR,iPhone,Plus,iPhone 6 Plus,2749.0,,16.0,Unknown,Unknown,,10.0,2014,A8,,,,,,,Unknown
UR,iPhone,Standard,iPhone 6,3299.0,,128.0,Unknown,Unknown,,5.0,2014,A8,,,,,,,Unknown
UR,iPhone,Standard,iPhone 6,2999.0,,64.0,Unknown,Unknown,,5.0,2014,A8,,,,,,,Unknown
UR,iPhone,Standard,iPhone 6,2699.0,,32.0,Unknown,Unknown,,5.0,2014,A8,,,,,,,Unknown
UR,iPhone,Standard,iPhone 6,2399.0,,16.0,Unknown,Unknown,,5.0,2014,A8,,,,,,,Unknown
UR,iPhone,Standard,iPhone 5s,2349.0,,64.0,Unknown,Unknown,,5.0,2013,A7,,,,,,,Unknown
UR,iPhone,Standard,iPhone 5s,2049.0,,32.0,Unknown,Unknown,,5.0,2013,A7,,,,,,,Unknown
UR,iPhone,Standard,iPhone 5s,1749.0,,16.0,Unknown,Unknown,,5.0,2013,A7,,,,,,,Unknown
U Mobile,iPhone,Standard,iPhone 15,3499.0,,128.0,Unknown,Unknown,,1425.0,2023,A16 Bionic,,,,,,,Unknown
U Mobile,iPhone,Standard,iPhone 15,3999.0,,256.0,Unknown,Unknown,,1550.0,2023,A16 Bionic,,,,,,,Unknown
U Mobile,iPhone,Standard,iPhone 15,4999.0,,512.0,Unknown,Unknown,,1700.0,2023,A16 Bionic,,,,,,,Unknown
U Mobile,iPhone,Plus,iPhone 15 Plus,3999.0,,128.0,Unknown,Unknown,,1525.0,2023,A16 Bionic,,,,,,,Unknown
U Mobile,iPhone,Plus,iPhone 15 Plus,4499.0,,256.0,Unknown,Unknown,,1695.0,2023,A16 Bionic,,,,,,,Unknown
U Mobile,iPhone,Plus,iPhone 15 Plus,5499.0,,512.0,Unknown,Unknown,,1930.0,2023,A16 Bionic,,,,,,,Unknown
U Mobile,iPhone,Pro,iPhone 15 Pro,4999.0,,128.0,Unknown,Unknown,,1840.0,2023,A17 Pro,,,,,,,Unknown
U Mobile,iPhone,Pro,iPhone 15 Pro,5499.0,,256.0,Unknown,Unknown,,2000.0,2023,A17 Pro,,,,,,,Unknown
U Mobile,iPhone,Pro,iPhone 15 Pro,6499.0,,512.0,Unknown,Unknown,,2200.0,2023,A17 Pro,,,,,,,Unknown
U Mobile,iPhone,Pro Max,iPhone 15 Pro Max,7999.0,,1024.0,Unknown,Unknown,,2810.0,2023,A17 Pro,,,,,,,Unknown
U Mobile,iPhone,Pro Max,iPhone 15 Pro Max,5999.0,,256.0,Unknown,Unknown,,2200.0,2023,A17 Pro,,,,,,,Unknown
U Mobile,iPhone,Pro Max,iPhone 15 Pro Max,6999.0,,512.0,Unknown,Unknown,,2510.0,2023,A17 Pro,,,,,,,Unknown
U Mobile,iPhone,Standard,iPhone 11,3599.0,,128.0,Unknown,Unknown,,390.0,2019,A13 Bionic,,,,,,,Unknown
U Mobile,iPhone,Standard,iPhone 11,4099.0,,256.0,Unknown,Unknown,,470.0,2019,A13 Bionic,,,,,,,Unknown
U Mobile,iPhone,Standard,iPhone 11,3399.0,,64.0,Unknown,Unknown,,340.0,2019,A13 Bionic,,,,,,,Unknown
U Mobile,iPhone,Pro,iPhone 11 Pro,5599.0,,256.0,Unknown,Unknown,,490.0,2019,A13 Bionic,,,,,,,Unknown
U Mobile,iPhone,Pro,iPhone 11 Pro,6499.0,,512.0,Unknown,Unknown,,580.0,2019,A13 Bionic,,,,,,,Unknown
U Mobile,iPhone,Pro,iPhone 11 Pro,4899.0,,64.0,Unknown,Unknown,,415.0,2019,A13 Bionic,,,,,,,Unknown
U Mobile,iPhone,Pro Max,iPhone 11 Pro Max,5999.0,,256.0,Unknown,Unknown,,600.0,2019,A13 Bionic,,,,,,,Unknown
U Mobile,iPhone,Pro Max,iPhone 11 Pro Max,6899.0,,512.0,Unknown,Unknown,,680.0,2019,A13 Bionic,,,,,,,Unknown
U Mobile,iPhone,Pro Max,iPhone 11 Pro Max,5299.0,,64.0,Unknown,Unknown,,495.0,2019,A13 Bionic,,,,,,,Unknown
U Mobile,iPhone,Standard,iPhone 12,4099.0,,128.0,Unknown,Unknown,,520.0,2020,A14 Bionic,,,,,,,Unknown
U Mobile,iPhone,Standard,iPhone 12,4599.0,,256.0,Unknown,Unknown,,600.0,2020,A14 Bionic,,,,,,,Unknown
U Mobile,iPhone,Standard,iPhone 12,3899.0,,64.0,Unknown,Unknown,,470.0,2020,A14 Bionic,,,,,,,Unknown
U Mobile,iPhone,Pro,iPhone 12 Pro,4899.0,,128.0,Unknown,Unknown,,670.0,2020,A14 Bionic,,,,,,,Unknown
U Mobile,iPhone,Pro,iPhone 12 Pro,5399.0,,256.0,Unknown,Unknown,,710.0,2020,A14 Bionic,,,,,,,Unknown
U Mobile,iPhone,Pro,iPhone 12 Pro,6299.0,,512.0,Unknown,Unknown,,800.0,2020,A14 Bionic,,,,,,,Unknown
U Mobile,iPhone,Pro Max,iPhone 12 Pro Max,5299.0,,128.0,Unknown,Unknown,,830.0,2020,A14 Bionic,,,,,,,Unknown
U Mobile,iPhone,Pro Max,iPhone 12 Pro Max,5799.0,,256.0,Unknown,Unknown,,910.0,2020,A14 Bionic,,,,,,,Unknown
U Mobile,iPhone,Pro Max,iPhone 12 Pro Max,6699.0,,512.0,Unknown,Unknown,,1000.0,2020,A14 Bionic,,,,,,,Unknown
U Mobile,iPhone,Mini,iPhone 12 Mini,3599.0,,128.0,Unknown,Unknown,,400.0,2020,A14 Bionic,,,,,,,Unknown
U Mobile,iPhone,Mini,iPhone 12 Mini,4099.0,,256.0,Unknown,Unknown,,450.0,2020,A14 Bionic,,,,,,,Unknown
U Mobile,iPhone,Mini,iPhone 12 Mini,3399.0,,64.0,Unknown,Unknown,,320.0,2020,A14 Bionic,,,,,,,Unknown
U Mobile,iPhone,Standard,iPhone 13,3899.0,,128.0,Unknown,Unknown,,740.0,2021,A15 Bionic,,,,,,,Unknown
U Mobile,iPhone,Standard,iPhone 13,4399.0,,256.0,Unknown,Unknown,,840.0,2021,A15 Bionic,,,,,,,Unknown
U Mobile,iPhone,Standard,iPhone 13,5299.0,,512.0,Unknown,Unknown,,900.0,2021,A15 Bionic,,,,,,,Unknown
U Mobile,iPhone,Pro,iPhone 13 Pro,4899.0,,128.0,Unknown,Unknown,,975.0,2021,A15 Bionic,,,,,,,Unknown
U Mobile,iPhone,Pro,iPhone 13 Pro,7199.0,,1024.0,Unknown,Unknown,,1305.0,2021,A15 Bionic,,,,,,,Unknown
U Mobile,iPhone,Pro,iPhone 13 Pro,5399.0,,256.0,Unknown,Unknown,,1080.0,2021,A15 Bionic,,,,,,,Unknown
U Mobile,iPhone,Pro,iPhone 13 Pro,6299.0,,512.0,Unknown,Unknown,,1140.0,2021,A15 Bionic,,,,,,,Unknown
U Mobile,iPhone,Pro Max,iPhone 13 Pro Max,5299.0,,128.0,Unknown,Unknown,,1140.0,2021,A15 Bionic,,,,,,,Unknown
U Mobile,iPhone,Pro Max,iPhone 13 Pro Max,7599.0,,1024.0,Unknown,Unknown,,1560.0,2021,A15 Bionic,,,,,,,Unknown
U Mobile,iPhone,Pro Max,iPhone 13 Pro Max,5799.0,,256.0,Unknown,Unknown,,1310.0,2021,A15 Bionic,,,,,,,Unknown
U Mobile,iPhone,Pro Max,iPhone 13 Pro Max,6699.0,,512.0,Unknown,Unknown,,1370.0,2021,A15 Bionic,,,,,,,Unknown
U Mobile,iPhone,Mini,iPhone 13 Mini,3399.0,,128.0,Unknown,Unknown,,580.0,2021,A15 Bionic,,,,,,,Unknown
U Mobile,iPhone,Mini,iPhone 13 Mini,3899.0,,256.0,Unknown,Unknown,,640.0,2021,A15 Bionic,,,,,,,Unknown
U Mobile,iPhone,Mini,iPhone 13 Mini,4799.0,,512.0,Unknown,Unknown,,700.0,2021,A15 Bionic,,,,,,,Unknown
U Mobile,iPhone,Standard,iPhone 14,4199.0,,128.0,Unknown,Unknown,,935.0,2022,A15 Bionic,,,,,,,Unknown
U Mobile,iPhone,Standard,iPhone 14,4699.0,,256.0,Unknown,Unknown,,1040.0,2022,A15 Bionic,,,,,,,Unknown
U Mobile,iPhone,Standard,iPhone 14,5699.0,,512.0,Unknown,Unknown,,1160.0,2022,A15 Bionic,,,,,,,Unknown
U Mobile,iPhone,Plus,iPhone 14 Plus,4699.0,,128.0,Unknown,Unknown,,1055.0,2022,A15 Bionic,,,,,,,Unknown
U Mobile,iPhone,Plus,iPhone 14 Plus,5199.0,,256.0,Unknown,Unknown,,1160.0,2022,A15 Bionic,,,,,,,Unknown
U Mobile,iPhone,Plus,iPhone 14 Plus,6199.0,,512.0,Unknown,Unknown,,1270.0,2022,A15 Bionic,,,,,,,Unknown
U Mobile,iPhone,Pro,iPhone 14 Pro,5299.0,,128.0,Unknown,Unknown,,1340.0,2022,A16 Bionic,,,,,,,Unknown
U Mobile,iPhone,Pro,iPhone 14 Pro,7799.0,,1024.0,Unknown,Unknown,,1725.0,2022,A16 Bionic,,,,,,,Unknown
U Mobile,iPhone,Pro,iPhone 14 Pro,5799.0,,256.0,Unknown,Unknown,,1540.0,2022,A16 Bionic,,,,,,,Unknown
U Mobile,iPhone,Pro,iPhone 14 Pro,6799.0,,512.0,Unknown,Unknown,,1620.0,2022,A16 Bionic,,,,,,,Unknown
U Mobile,iPhone,Pro Max,iPhone 14 Pro Max,5799.0,,128.0,Unknown,Unknown,,1590.0,2022,A16 Bionic,,,,,,,Unknown
U Mobile,iPhone,Pro Max,iPhone 14 Pro Max,8299.0,,1024.0,Unknown,Unknown,,2000.0,2022,A16 Bionic,,,,,,,Unknown
U Mobile,iPhone,Pro Max,iPhone 14 Pro Max,6299.0,,256.0,Unknown,Unknown,,1700.0,2022,A16 Bionic,,,,,,,Unknown
U Mobile,iPhone,Pro Max,iPhone 14 Pro Max,7299.0,,512.0,Unknown,Unknown,,1835.0,2022,A16 Bionic,,,,,,,Unknown
U Mobile,iPhone,Standard,iPhone 16,3499.0,,128.0,Unknown,Unknown,,1845.0,2024,A18,,,,,,,Unknown
U Mobile,iPhone,Standard,iPhone 16,3999.0,,256.0,Unknown,Unknown,,2100.0,2024,A18,,,,,,,Unknown
U Mobile,iPhone,Standard,iPhone 16,4999.0,,512.0,Unknown,Unknown,,2430.0,2024,A18,,,,,,,Unknown
U Mobile,iPhone,Plus,iPhone 16 Plus,3999.0,,128.0,Unknown,Unknown,,2120.0,2024,A18,,,,,,,Unknown
U Mobile,iPhone,Plus,iPhone 16 Plus,4499.0,,256.0,Unknown,Unknown,,2335.0,2024,A18,,,,,,,Unknown
U Mobile,iPhone,Plus,iPhone 16 Plus,5499.0,,512.0,Unknown,Unknown,,2690.0,2024,A18,,,,,,,Unknown
U Mobile,iPhone,Pro,iPhone 16 Pro,4999.0,,128.0,Unknown,Unknown,,2485.0,2024,A18 Pro,,,,,,,Unknown
U Mobile,iPhone,Pro,iPhone 16 Pro,7499.0,,1024.0,Unknown,Unknown,,3465.0,2024,A18 Pro,,,,,,,Unknown
U Mobile,iPhone,Pro,iPhone 16 Pro,5499.0,,256.0,Unknown,Unknown,,2700.0,2024,A18 Pro,,,,,,,Unknown
U Mobile,iPhone,Pro,iPhone 16 Pro,6499.0,,512.0,Unknown,Unknown,,3060.0,2024,A18 Pro,,,,,,,Unknown
U Mobile,iPhone,Pro Max,iPhone 16 Pro Max,7999.0,,1024.0,Unknown,Unknown,,3820.0,2024,A18 Pro,,,,,,,Unknown
U Mobile,iPhone,Pro Max,iPhone 16 Pro Max,5999.0,,256.0,Unknown,Unknown,,3135.0,2024,A18 Pro,,,,,,,Unknown
U Mobile,iPhone,Pro Max,iPhone 16 Pro Max,6999.0,,512.0,Unknown,Unknown,,3460.0,2024,A18 Pro,,,,,,,Unknown
U Mobile,iPhone,Standard,iPhone 16e,2999.0,,128.0,Unknown,Unknown,,1250.0,2025,A18,,,,,,,Unknown
U Mobile,iPhone,Standard,iPhone 16e,3499.0,,256.0,Unknown,Unknown,,1440.0,2025,A18,,,,,,,Unknown
U Mobile,iPhone,Standard,iPhone 16e,4499.0,,512.0,Unknown,Unknown,,1870.0,2025,A18,,,,,,,Unknown
U Mobile,iPhone,Standard,iPhone 17,3999.0,,256.0,Unknown,Unknown,,2200.0,2025,A19,,,,,,,Unknown
U Mobile,iPhone,Standard,iPhone 17,4999.0,,512.0,Unknown,Unknown,,2750.0,2025,A19,,,,,,,Unknown
U Mobile,iPhone,Pro,iPhone 17 Pro,7499.0,,1024.0,Unknown,Unknown,,4125.0,2025,A19 Pro,,,,,,,Unknown
U Mobile,iPhone,Pro,iPhone 17 Pro,5499.0,,256.0,Unknown,Unknown,,3025.0,2025,A19 Pro,,,,,,,Unknown
U Mobile,iPhone,Pro,iPhone 17 Pro,6499.0,,512.0,Unknown,Unknown,,3575.0,2025,A19 Pro,,,,,,,Unknown
U Mobile,iPhone,Pro Max,iPhone 17 Pro Max,7999.0,,1024.0,Unknown,Unknown,,4400.0,2025,A19 Pro,,,,,,,Unknown
U Mobile,iPhone,Pro Max,iPhone 17 Pro Max,5999.0,,256.0,Unknown,Unknown,,3300.0,2025,A19 Pro,,,,,,,Unknown
U Mobile,iPhone,Pro Max,iPhone 17 Pro Max,9999.0,,2048.0,Unknown,Unknown,,5500.0,2025,A19 Pro,,,,,,,Unknown
U Mobile,iPhone,Pro Max,iPhone 17 Pro Max,6999.0,,512.0,Unknown,Unknown,,3850.0,2025,A19 Pro,,,,,,,Unknown
U Mobile,iPhone,Standard,iPhone 17e,2999.0,,256.0,Unknown,Unknown,,1095.0,2026,A19,,,,,,,Unknown
U Mobile,iPhone,Standard,iPhone 17e,3999.0,,512.0,Unknown,Unknown,,1440.0,2026,A19,,,,,,,Unknown
U Mobile,iPhone,Standard,iPhone 8,4099.0,,128.0,Unknown,Unknown,,145.0,2017,A11 Bionic,,,,,,,Unknown
U Mobile,iPhone,Standard,iPhone 8,4549.0,,256.0,Unknown,Unknown,,185.0,2017,A11 Bionic,,,,,,,Unknown
U Mobile,iPhone,Standard,iPhone 8,3649.0,,64.0,Unknown,Unknown,,140.0,2017,A11 Bionic,,,,,,,Unknown
U Mobile,iPhone,Plus,iPhone 8 Plus,4599.0,,128.0,Unknown,Unknown,,225.0,2017,A11 Bionic,,,,,,,Unknown
U Mobile,iPhone,Plus,iPhone 8 Plus,5049.0,,256.0,Unknown,Unknown,,260.0,2017,A11 Bionic,,,,,,,Unknown
U Mobile,iPhone,Plus,iPhone 8 Plus,4149.0,,64.0,Unknown,Unknown,,190.0,2017,A11 Bionic,,,,,,,Unknown
U Mobile,iPhone,SE,iPhone SE (2020),2199.0,,128.0,Unknown,Unknown,,210.0,2020,A13 Bionic,,,,,,,Unknown
U Mobile,iPhone,SE,iPhone SE (2020),2699.0,,256.0,Unknown,Unknown,,245.0,2020,A13 Bionic,,,,,,,Unknown
U Mobile,iPhone,SE,iPhone SE (2020),1999.0,,64.0,Unknown,Unknown,,160.0,2020,A13 Bionic,,,,,,,Unknown
U Mobile,iPhone,SE,iPhone SE (2022),2299.0,,128.0,Unknown,Unknown,,350.0,2022,A15 Bionic,,,,,,,Unknown
U Mobile,iPhone,SE,iPhone SE (2022),2799.0,,256.0,Unknown,Unknown,,380.0,2022,A15 Bionic,,,,,,,Unknown
U Mobile,iPhone,SE,iPhone SE (2022),2099.0,,64.0,Unknown,Unknown,,300.0,2022,A15 Bionic,,,,,,,Unknown
U Mobile,iPhone,Standard,iPhone X,5899.0,,256.0,Unknown,Unknown,,130.0,2017,A11 Bionic,,,,,,,Unknown
U Mobile,iPhone,Standard,iPhone X,5149.0,,64.0,Unknown,Unknown,,185.0,2017,A11 Bionic,,,,,,,Unknown
U Mobile,iPhone,Standard,iPhone XR,3849.0,,128.0,Unknown,Unknown,,220.0,2018,A12 Bionic,,,,,,,Unknown
U Mobile,iPhone,Standard,iPhone XR,4299.0,,256.0,Unknown,Unknown,,270.0,2018,A12 Bionic,,,,,,,Unknown
U Mobile,iPhone,Standard,iPhone XR,3599.0,,64.0,Unknown,Unknown,,155.0,2018,A12 Bionic,,,,,,,Unknown
U Mobile,iPhone,Standard,iPhone XS,5699.0,,256.0,Unknown,Unknown,,255.0,2018,A12 Bionic,,,,,,,Unknown
U Mobile,iPhone,Standard,iPhone XS,6649.0,,512.0,Unknown,Unknown,,305.0,2018,A12 Bionic,,,,,,,Unknown
U Mobile,iPhone,Standard,iPhone XS,4999.0,,64.0,Unknown,Unknown,,205.0,2018,A12 Bionic,,,,,,,Unknown
U Mobile,iPhone,Standard,iPhone XS Max,6099.0,,256.0,Unknown,Unknown,,365.0,2018,A12 Bionic,,,,,,,Unknown
U Mobile,iPhone,Standard,iPhone XS Max,7049.0,,512.0,Unknown,Unknown,,390.0,2018,A12 Bionic,,,,,,,Unknown
U Mobile,iPhone,Standard,iPhone XS Max,5399.0,,64.0,Unknown,Unknown,,285.0,2018,A12 Bionic,,,,,,,Unknown
CompAsia,iPad,iPad,iPad 10,2549.0,,256.0,Unknown,Wi-Fi,,800.0,2022,A14 Bionic,10.9,,,,,,Unknown
CompAsia,iPad,iPad,iPad 10,2099.0,,64.0,Unknown,Wi-Fi,,600.0,2022,A14 Bionic,10.9,,,,,,Unknown
CompAsia,iPad,iPad,iPad 10,3299.0,,256.0,Unknown,Wi-Fi + Cellular,,975.0,2022,A14 Bionic,10.9,,,,,,Unknown
CompAsia,iPad,iPad,iPad 10,2849.0,,64.0,Unknown,Wi-Fi + Cellular,,750.0,2022,A14 Bionic,10.9,,,,,,Unknown
CompAsia,iPad,iPad,iPad 11,1599.0,,128.0,Unknown,Wi-Fi,,600.0,2025,A16,11.0,,,,,,Unknown
CompAsia,iPad,iPad,iPad 11,1999.0,,256.0,Unknown,Wi-Fi,,775.0,2025,A16,11.0,,,,,,Unknown
CompAsia,iPad,iPad,iPad 11,2799.0,,512.0,Unknown,Wi-Fi,,1075.0,2025,A16,11.0,,,,,,Unknown
CompAsia,iPad,iPad,iPad 11,2299.0,,128.0,Unknown,Wi-Fi + Cellular,,800.0,2025,A16,11.0,,,,,,Unknown
CompAsia,iPad,iPad,iPad 11,2699.0,,256.0,Unknown,Wi-Fi + Cellular,,1000.0,2025,A16,11.0,,,,,,Unknown
CompAsia,iPad,iPad,iPad 11,3499.0,,512.0,Unknown,Wi-Fi + Cellular,,1325.0,2025,A16,11.0,,,,,,Unknown
CompAsia,iPad,iPad,iPad 7,1849.0,,128.0,Unknown,Wi-Fi,,225.0,2019,A10 Fusion,10.2,,,,,,Unknown
CompAsia,iPad,iPad,iPad 7,1449.0,,32.0,Unknown,Wi-Fi,,125.0,2019,A10 Fusion,10.2,,,,,,Unknown
CompAsia,iPad,iPad,iPad 7,2399.0,,128.0,Unknown,Wi-Fi + Cellular,,325.0,2019,A10 Fusion,10.2,,,,,,Unknown
CompAsia,iPad,iPad,iPad 7,1999.0,,32.0,Unknown,Wi-Fi + Cellular,,150.0,2019,A10 Fusion,10.2,,,,,,Unknown
CompAsia,iPad,iPad,iPad 8,1849.0,,128.0,Unknown,Wi-Fi,,300.0,2020,A12 Bionic,10.2,,,,,,Unknown
CompAsia,iPad,iPad,iPad 8,1449.0,,32.0,Unknown,Wi-Fi,,225.0,2020,A12 Bionic,10.2,,,,,,Unknown
CompAsia,iPad,iPad,iPad 8,2399.0,,128.0,Unknown,Wi-Fi + Cellular,,400.0,2020,A12 Bionic,10.2,,,,,,Unknown
CompAsia,iPad,iPad,iPad 8,1999.0,,32.0,Unknown,Wi-Fi + Cellular,,300.0,2020,A12 Bionic,10.2,,,,,,Unknown
CompAsia,iPad,iPad,iPad 9,2199.0,,256.0,Unknown,Wi-Fi,,525.0,2021,A13 Bionic,10.2,,,,,,Unknown
CompAsia,iPad,iPad,iPad 9,1599.0,,64.0,Unknown,Wi-Fi,,350.0,2021,A13 Bionic,10.2,,,,,,Unknown
CompAsia,iPad,iPad,iPad 9,2899.0,,256.0,Unknown,Wi-Fi + Cellular,,650.0,2021,A13 Bionic,10.2,,,,,,Unknown
CompAsia,iPad,iPad,iPad 9,2299.0,,64.0,Unknown,Wi-Fi + Cellular,,525.0,2021,A13 Bionic,10.2,,,,,,Unknown
CompAsia,iPad,iPad Air,iPad Air 7 11-inch M3 (2025),2799.0,,128.0,Unknown,Wi-Fi,,1225.0,2025,M3,11.0,,,,,,Unknown
CompAsia,iPad,iPad Air,iPad Air 7 11-inch M3 (2025),4999.0,,1024.0,Unknown,Wi-Fi,,2175.0,2025,M3,11.0,,,,,,Unknown
CompAsia,iPad,iPad Air,iPad Air 7 11-inch M3 (2025),3199.0,,256.0,Unknown,Wi-Fi,,1425.0,2025,M3,11.0,,,,,,Unknown
CompAsia,iPad,iPad Air,iPad Air 7 11-inch M3 (2025),4099.0,,512.0,Unknown,Wi-Fi,,1825.0,2025,M3,11.0,,,,,,Unknown
CompAsia,iPad,iPad Air,iPad Air 7 11-inch M3 (2025),3499.0,,128.0,Unknown,Wi-Fi + Cellular,,1600.0,2025,M3,11.0,,,,,,Unknown
CompAsia,iPad,iPad Air,iPad Air 7 11-inch M3 (2025),5699.0,,1024.0,Unknown,Wi-Fi + Cellular,,2575.0,2025,M3,11.0,,,,,,Unknown
CompAsia,iPad,iPad Air,iPad Air 7 11-inch M3 (2025),3899.0,,256.0,Unknown,Wi-Fi + Cellular,,1825.0,2025,M3,11.0,,,,,,Unknown
CompAsia,iPad,iPad Air,iPad Air 7 11-inch M3 (2025),4799.0,,512.0,Unknown,Wi-Fi + Cellular,,2200.0,2025,M3,11.0,,,,,,Unknown
CompAsia,iPad,iPad Air,iPad Air 7 13-inch M3 (2025),3699.0,,128.0,Unknown,Wi-Fi,,1600.0,2025,M3,13.0,,,,,,Unknown
CompAsia,iPad,iPad Air,iPad Air 7 13-inch M3 (2025),5899.0,,1024.0,Unknown,Wi-Fi,,2400.0,2025,M3,13.0,,,,,,Unknown
CompAsia,iPad,iPad Air,iPad Air 7 13-inch M3 (2025),4099.0,,256.0,Unknown,Wi-Fi,,1800.0,2025,M3,13.0,,,,,,Unknown
CompAsia,iPad,iPad Air,iPad Air 7 13-inch M3 (2025),4999.0,,512.0,Unknown,Wi-Fi,,2050.0,2025,M3,13.0,,,,,,Unknown
CompAsia,iPad,iPad Air,iPad Air 7 13-inch M3 (2025),4399.0,,128.0,Unknown,Wi-Fi + Cellular,,1875.0,2025,M3,13.0,,,,,,Unknown
CompAsia,iPad,iPad Air,iPad Air 7 13-inch M3 (2025),6599.0,,1024.0,Unknown,Wi-Fi + Cellular,,2700.0,2025,M3,13.0,,,,,,Unknown
CompAsia,iPad,iPad Air,iPad Air 7 13-inch M3 (2025),4799.0,,256.0,Unknown,Wi-Fi + Cellular,,2100.0,2025,M3,13.0,,,,,,Unknown
CompAsia,iPad,iPad Air,iPad Air 7 13-inch M3 (2025),5699.0,,512.0,Unknown,Wi-Fi + Cellular,,2400.0,2025,M3,13.0,,,,,,Unknown
CompAsia,iPad,iPad Air,iPad Air 6 13-inch M2 (2024),3999.0,,128.0,Unknown,Wi-Fi,,1250.0,2024,M2,13.0,,,,,,Unknown
CompAsia,iPad,iPad Air,iPad Air 6 13-inch M2 (2024),6499.0,,1024.0,Unknown,Wi-Fi,,2075.0,2024,M2,13.0,,,,,,Unknown
CompAsia,iPad,iPad Air,iPad Air 6 13-inch M2 (2024),4499.0,,256.0,Unknown,Wi-Fi,,1425.0,2024,M2,13.0,,,,,,Unknown
CompAsia,iPad,iPad Air,iPad Air 6 13-inch M2 (2024),5499.0,,512.0,Unknown,Wi-Fi,,1750.0,2024,M2,13.0,,,,,,Unknown
CompAsia,iPad,iPad Air,iPad Air 6 13-inch M2 (2024),4749.0,,128.0,Unknown,Wi-Fi + Cellular,,1525.0,2024,M2,13.0,,,,,,Unknown
CompAsia,iPad,iPad Air,iPad Air 6 13-inch M2 (2024),7249.0,,1024.0,Unknown,Wi-Fi + Cellular,,2300.0,2024,M2,13.0,,,,,,Unknown
CompAsia,iPad,iPad Air,iPad Air 6 13-inch M2 (2024),5249.0,,256.0,Unknown,Wi-Fi + Cellular,,1725.0,2024,M2,13.0,,,,,,Unknown
CompAsia,iPad,iPad Air,iPad Air 6 13-inch M2 (2024),6249.0,,512.0,Unknown,Wi-Fi + Cellular,,2075.0,2024,M2,13.0,,,,,,Unknown
CompAsia,iPad,iPad Air,iPad Air 4 10.9-inch A14 (2020),3199.0,,256.0,Unknown,Wi-Fi,,725.0,2020,A14 Bionic,10.9,,,,,,Unknown
CompAsia,iPad,iPad Air,iPad Air 4 10.9-inch A14 (2020),2499.0,,64.0,Unknown,Wi-Fi,,550.0,2020,A14 Bionic,10.9,,,,,,Unknown
CompAsia,iPad,iPad Air,iPad Air 4 10.9-inch A14 (2020),3899.0,,256.0,Unknown,Wi-Fi + Cellular,,845.0,2020,A14 Bionic,10.9,,,,,,Unknown
CompAsia,iPad,iPad Air,iPad Air 4 10.9-inch A14 (2020),3199.0,,64.0,Unknown,Wi-Fi + Cellular,,720.0,2020,A14 Bionic,10.9,,,,,,Unknown
CompAsia,iPad,iPad Air,iPad Air 5 10.9-inch M1 (2022),3199.0,,256.0,Unknown,Wi-Fi,,975.0,2022,M1,10.9,,,,,,Unknown
CompAsia,iPad,iPad Air,iPad Air 5 10.9-inch M1 (2022),2499.0,,64.0,Unknown,Wi-Fi,,835.0,2022,M1,10.9,,,,,,Unknown
CompAsia,iPad,iPad Air,iPad Air 5 10.9-inch M1 (2022),3899.0,,256.0,Unknown,Wi-Fi + Cellular,,1075.0,2022,M1,10.9,,,,,,Unknown
CompAsia,iPad,iPad Air,iPad Air 5 10.9-inch M1 (2022),3199.0,,64.0,Unknown,Wi-Fi + Cellular,,975.0,2022,M1,10.9,,,,,,Unknown
CompAsia,iPad,iPad Air,iPad Air 6 11-inch M2 (2024),2999.0,,128.0,Unknown,Wi-Fi,,1150.0,2024,M2,11.0,,,,,,Unknown
CompAsia,iPad,iPad Air,iPad Air 6 11-inch M2 (2024),5499.0,,1024.0,Unknown,Wi-Fi,,1900.0,2024,M2,11.0,,,,,,Unknown
CompAsia,iPad,iPad Air,iPad Air 6 11-inch M2 (2024),3499.0,,256.0,Unknown,Wi-Fi,,1375.0,2024,M2,11.0,,,,,,Unknown
CompAsia,iPad,iPad Air,iPad Air 6 11-inch M2 (2024),4499.0,,512.0,Unknown,Wi-Fi,,1575.0,2024,M2,11.0,,,,,,Unknown
CompAsia,iPad,iPad Air,iPad Air 6 11-inch M2 (2024),3749.0,,128.0,Unknown,Wi-Fi + Cellular,,1350.0,2024,M2,11.0,,,,,,Unknown
CompAsia,iPad,iPad Air,iPad Air 6 11-inch M2 (2024),6249.0,,1024.0,Unknown,Wi-Fi + Cellular,,2050.0,2024,M2,11.0,,,,,,Unknown
CompAsia,iPad,iPad Air,iPad Air 6 11-inch M2 (2024),4249.0,,256.0,Unknown,Wi-Fi + Cellular,,1475.0,2024,M2,11.0,,,,,,Unknown
CompAsia,iPad,iPad Air,iPad Air 6 11-inch M2 (2024),5249.0,,512.0,Unknown,Wi-Fi + Cellular,,1800.0,2024,M2,11.0,,,,,,Unknown
CompAsia,iPad,iPad mini,iPad Mini 6,2949.0,,256.0,Unknown,Wi-Fi,,775.0,2021,A15 Bionic,8.3,,,,,,Unknown
CompAsia,iPad,iPad mini,iPad Mini 6,2299.0,,64.0,Unknown,Wi-Fi,,585.0,2021,A15 Bionic,8.3,,,,,,Unknown
CompAsia,iPad,iPad mini,iPad Mini 6,3599.0,,256.0,Unknown,Wi-Fi + Cellular,,925.0,2021,A15 Bionic,8.3,,,,,,Unknown
CompAsia,iPad,iPad mini,iPad Mini 6,2949.0,,64.0,Unknown,Wi-Fi + Cellular,,775.0,2021,A15 Bionic,8.3,,,,,,Unknown
CompAsia,iPad,iPad mini,iPad Mini 7,2199.0,,128.0,Unknown,Wi-Fi,,850.0,2024,A17 Pro,8.3,,,,,,Unknown
CompAsia,iPad,iPad mini,iPad Mini 7,2599.0,,256.0,Unknown,Wi-Fi,,1010.0,2024,A17 Pro,8.3,,,,,,Unknown
CompAsia,iPad,iPad mini,iPad Mini 7,3499.0,,512.0,Unknown,Wi-Fi,,1375.0,2024,A17 Pro,8.3,,,,,,Unknown
CompAsia,iPad,iPad mini,iPad Mini 7,2899.0,,128.0,Unknown,Wi-Fi + Cellular,,1050.0,2024,A17 Pro,8.3,,,,,,Unknown
CompAsia,iPad,iPad mini,iPad Mini 7,3299.0,,256.0,Unknown,Wi-Fi + Cellular,,1275.0,2024,A17 Pro,8.3,,,,,,Unknown
CompAsia,iPad,iPad mini,iPad Mini 7,4199.0,,512.0,Unknown,Wi-Fi + Cellular,,1475.0,2024,A17 Pro,8.3,,,,,,Unknown
CompAsia,iPad,iPad Pro,iPad Pro 11-inch A12Z (2020),3499.0,,128.0,Unknown,Wi-Fi,,700.0,2020,A12Z,11.0,,,,,,Unknown
CompAsia,iPad,iPad Pro,iPad Pro 11-inch A12Z (2020),5749.0,,1024.0,Unknown,Wi-Fi,,950.0,2020,A12Z,11.0,,,,,,Unknown
CompAsia,iPad,iPad Pro,iPad Pro 11-inch A12Z (2020),3949.0,,256.0,Unknown,Wi-Fi,,775.0,2020,A12Z,11.0,,,,,,Unknown
CompAsia,iPad,iPad Pro,iPad Pro 11-inch A12Z (2020),4849.0,,512.0,Unknown,Wi-Fi,,900.0,2020,A12Z,11.0,,,,,,Unknown
CompAsia,iPad,iPad Pro,iPad Pro 11-inch A12Z (2020),4149.0,,128.0,Unknown,Wi-Fi + Cellular,,775.0,2020,A12Z,11.0,,,,,,Unknown
CompAsia,iPad,iPad Pro,iPad Pro 11-inch A12Z (2020),6399.0,,1024.0,Unknown,Wi-Fi + Cellular,,1075.0,2020,A12Z,11.0,,,,,,Unknown
CompAsia,iPad,iPad Pro,iPad Pro 11-inch A12Z (2020),4599.0,,256.0,Unknown,Wi-Fi + Cellular,,875.0,2020,A12Z,11.0,,,,,,Unknown
CompAsia,iPad,iPad Pro,iPad Pro 11-inch A12Z (2020),5499.0,,512.0,Unknown,Wi-Fi + Cellular,,1050.0,2020,A12Z,11.0,,,,,,Unknown
CompAsia,iPad,iPad Pro,iPad Pro 11-inch M1 (2021),6649.0,,1024.0,Unknown,Wi-Fi,,1325.0,2021,M1,11.0,,,,,,Unknown
CompAsia,iPad,iPad Pro,iPad Pro 11-inch M1 (2021),8449.0,,2048.0,Unknown,Wi-Fi,,1525.0,2021,M1,11.0,,,,,,Unknown
CompAsia,iPad,iPad Pro,iPad Pro 11-inch M1 (2021),3499.0,,128.0,Unknown,Wi-Fi,,975.0,2021,M1,11.0,,,,,,Unknown
CompAsia,iPad,iPad Pro,iPad Pro 11-inch M1 (2021),3949.0,,256.0,Unknown,Wi-Fi,,1150.0,2021,M1,11.0,,,,,,Unknown
CompAsia,iPad,iPad Pro,iPad Pro 11-inch M1 (2021),4849.0,,512.0,Unknown,Wi-Fi,,1275.0,2021,M1,11.0,,,,,,Unknown
CompAsia,iPad,iPad Pro,iPad Pro 11-inch M1 (2021),7299.0,,1024.0,Unknown,Wi-Fi + Cellular,,1525.0,2021,M1,11.0,,,,,,Unknown
CompAsia,iPad,iPad Pro,iPad Pro 11-inch M1 (2021),9099.0,,2048.0,Unknown,Wi-Fi + Cellular,,1700.0,2021,M1,11.0,,,,,,Unknown
CompAsia,iPad,iPad Pro,iPad Pro 11-inch M1 (2021),4149.0,,128.0,Unknown,Wi-Fi + Cellular,,1075.0,2021,M1,11.0,,,,,,Unknown
CompAsia,iPad,iPad Pro,iPad Pro 11-inch M1 (2021),4599.0,,256.0,Unknown,Wi-Fi + Cellular,,1275.0,2021,M1,11.0,,,,,,Unknown
CompAsia,iPad,iPad Pro,iPad Pro 11-inch M1 (2021),5499.0,,512.0,Unknown,Wi-Fi + Cellular,,1425.0,2021,M1,11.0,,,,,,Unknown
CompAsia,iPad,iPad Pro,iPad Pro 11-inch M2 (2022),7399.0,,1024.0,Unknown,Wi-Fi,,1650.0,2022,M2,11.0,,,,,,Unknown
CompAsia,iPad,iPad Pro,iPad Pro 11-inch M2 (2022),9399.0,,2048.0,Unknown,Wi-Fi,,1900.0,2022,M2,11.0,,,,,,Unknown
CompAsia,iPad,iPad Pro,iPad Pro 11-inch M2 (2022),3899.0,,128.0,Unknown,Wi-Fi,,1175.0,2022,M2,11.0,,,,,,Unknown
CompAsia,iPad,iPad Pro,iPad Pro 11-inch M2 (2022),4399.0,,256.0,Unknown,Wi-Fi,,1325.0,2022,M2,11.0,,,,,,Unknown
CompAsia,iPad,iPad Pro,iPad Pro 11-inch M2 (2022),5399.0,,512.0,Unknown,Wi-Fi,,1525.0,2022,M2,11.0,,,,,,Unknown
CompAsia,iPad,iPad Pro,iPad Pro 11-inch M2 (2022),8149.0,,1024.0,Unknown,Wi-Fi + Cellular,,1750.0,2022,M2,11.0,,,,,,Unknown
CompAsia,iPad,iPad Pro,iPad Pro 11-inch M2 (2022),10149.0,,2048.0,Unknown,Wi-Fi + Cellular,,2025.0,2022,M2,11.0,,,,,,Unknown
CompAsia,iPad,iPad Pro,iPad Pro 11-inch M2 (2022),4649.0,,128.0,Unknown,Wi-Fi + Cellular,,1350.0,2022,M2,11.0,,,,,,Unknown
CompAsia,iPad,iPad Pro,iPad Pro 11-inch M2 (2022),5149.0,,256.0,Unknown,Wi-Fi + Cellular,,1475.0,2022,M2,11.0,,,,,,Unknown
CompAsia,iPad,iPad Pro,iPad Pro 11-inch M2 (2022),6149.0,,512.0,Unknown,Wi-Fi + Cellular,,1650.0,2022,M2,11.0,,,,,,Unknown
CompAsia,iPad,iPad Pro,iPad Pro 11-inch M4 (2024),8299.0,,1024.0,Unknown,Wi-Fi,,2625.0,2024,M4,11.0,,,,,,Unknown
CompAsia,iPad,iPad Pro,iPad Pro 11-inch M4 (2024),10299.0,,2048.0,Unknown,Wi-Fi,,3150.0,2024,M4,11.0,,,,,,Unknown
CompAsia,iPad,iPad Pro,iPad Pro 11-inch M4 (2024),5299.0,,256.0,Unknown,Wi-Fi,,1750.0,2024,M4,11.0,,,,,,Unknown
CompAsia,iPad,iPad Pro,iPad Pro 11-inch M4 (2024),6299.0,,512.0,Unknown,Wi-Fi,,2125.0,2024,M4,11.0,,,,,,Unknown
CompAsia,iPad,iPad Pro,iPad Pro 11-inch M4 (2024),9299.0,,1024.0,Unknown,Wi-Fi + Cellular,,2900.0,2024,M4,11.0,,,,,,Unknown
CompAsia,iPad,iPad Pro,iPad Pro 11-inch M4 (2024),11299.0,,2048.0,Unknown,Wi-Fi + Cellular,,3450.0,2024,M4,11.0,,,,,,Unknown
CompAsia,iPad,iPad Pro,iPad Pro 11-inch M4 (2024),6299.0,,256.0,Unknown,Wi-Fi + Cellular,,2050.0,2024,M4,11.0,,,,,,Unknown
CompAsia,iPad,iPad Pro,iPad Pro 11-inch M4 (2024),7299.0,,512.0,Unknown,Wi-Fi + Cellular,,2375.0,2024,M4,11.0,,,,,,Unknown
CompAsia,iPad,iPad Pro,iPad Pro 11-inch M5 (2025),4499.0,,256.0,Unknown,Wi-Fi,,2550.0,2025,M5,11.0,,,,,,Unknown
CompAsia,iPad,iPad Pro,iPad Pro 11-inch M5 (2025),5399.0,,512.0,Unknown,Wi-Fi,,3100.0,2025,M5,11.0,,,,,,Unknown
CompAsia,iPad,iPad Pro,iPad Pro 11-inch M5 (2025),7199.0,,1024.0,Unknown,Wi-Fi,,3950.0,2025,M5,11.0,,,,,,Unknown
CompAsia,iPad,iPad Pro,iPad Pro 11-inch M5 (2025),8999.0,,2048.0,Unknown,Wi-Fi,,4950.0,2025,M5,11.0,,,,,,Unknown
CompAsia,iPad,iPad Pro,iPad Pro 11-inch M5 (2025),5399.0,,256.0,Unknown,Wi-Fi + Cellular,,3100.0,2025,M5,11.0,,,,,,Unknown
CompAsia,iPad,iPad Pro,iPad Pro 11-inch M5 (2025),6299.0,,512.0,Unknown,Wi-Fi + Cellular,,3575.0,2025,M5,11.0,,,,,,Unknown
CompAsia,iPad,iPad Pro,iPad Pro 11-inch M5 (2025),8099.0,,1024.0,Unknown,Wi-Fi + Cellular,,4425.0,2025,M5,11.0,,,,,,Unknown
CompAsia,iPad,iPad Pro,iPad Pro 11-inch M5 (2025),9899.0,,2048.0,Unknown,Wi-Fi + Cellular,,5425.0,2025,M5,11.0,,,,,,Unknown
CompAsia,iPad,iPad Pro,iPad Pro 12.9-inch M2 (2022),8549.0,,1024.0,Unknown,Wi-Fi,,1825.0,2022,M2,12.9,,,,,,Unknown
CompAsia,iPad,iPad Pro,iPad Pro 12.9-inch M2 (2022),10349.0,,2048.0,Unknown,Wi-Fi,,2025.0,2022,M2,12.9,,,,,,Unknown
CompAsia,iPad,iPad Pro,iPad Pro 12.9-inch M2 (2022),5399.0,,128.0,Unknown,Wi-Fi,,1400.0,2022,M2,12.9,,,,,,Unknown
CompAsia,iPad,iPad Pro,iPad Pro 12.9-inch M2 (2022),5849.0,,256.0,Unknown,Wi-Fi,,1500.0,2022,M2,12.9,,,,,,Unknown
CompAsia,iPad,iPad Pro,iPad Pro 12.9-inch M2 (2022),6749.0,,512.0,Unknown,Wi-Fi,,1625.0,2022,M2,12.9,,,,,,Unknown
CompAsia,iPad,iPad Pro,iPad Pro 12.9-inch M2 (2022),9299.0,,1024.0,Unknown,Wi-Fi + Cellular,,1875.0,2022,M2,12.9,,,,,,Unknown
CompAsia,iPad,iPad Pro,iPad Pro 12.9-inch M2 (2022),11099.0,,2048.0,Unknown,Wi-Fi + Cellular,,2075.0,2022,M2,12.9,,,,,,Unknown
CompAsia,iPad,iPad Pro,iPad Pro 12.9-inch M2 (2022),6149.0,,128.0,Unknown,Wi-Fi + Cellular,,1525.0,2022,M2,12.9,,,,,,Unknown
CompAsia,iPad,iPad Pro,iPad Pro 12.9-inch M2 (2022),6599.0,,256.0,Unknown,Wi-Fi + Cellular,,1650.0,2022,M2,12.9,,,,,,Unknown
CompAsia,iPad,iPad Pro,iPad Pro 12.9-inch M2 (2022),7499.0,,512.0,Unknown,Wi-Fi + Cellular,,1800.0,2022,M2,12.9,,,,,,Unknown
CompAsia,iPad,iPad Pro,iPad Pro 13-inch M4 (2024),9299.0,,1024.0,Unknown,Wi-Fi,,3175.0,2024,M4,13.0,,,,,,Unknown
CompAsia,iPad,iPad Pro,iPad Pro 13-inch M4 (2024),11299.0,,2048.0,Unknown,Wi-Fi,,3725.0,2024,M4,13.0,,,,,,Unknown
CompAsia,iPad,iPad Pro,iPad Pro 13-inch M4 (2024),6299.0,,256.0,Unknown,Wi-Fi,,2175.0,2024,M4,13.0,,,,,,Unknown
CompAsia,iPad,iPad Pro,iPad Pro 13-inch M4 (2024),7299.0,,512.0,Unknown,Wi-Fi,,2600.0,2024,M4,13.0,,,,,,Unknown
CompAsia,iPad,iPad Pro,iPad Pro 13-inch M4 (2024),10299.0,,1024.0,Unknown,Wi-Fi + Cellular,,3550.0,2024,M4,13.0,,,,,,Unknown
CompAsia,iPad,iPad Pro,iPad Pro 13-inch M4 (2024),12299.0,,2048.0,Unknown,Wi-Fi + Cellular,,4100.0,2024,M4,13.0,,,,,,Unknown
CompAsia,iPad,iPad Pro,iPad Pro 13-inch M4 (2024),7299.0,,256.0,Unknown,Wi-Fi + Cellular,,2575.0,2024,M4,13.0,,,,,,Unknown
CompAsia,iPad,iPad Pro,iPad Pro 13-inch M4 (2024),8299.0,,512.0,Unknown,Wi-Fi + Cellular,,2950.0,2024,M4,13.0,,,,,,Unknown
CompAsia,iPad,iPad Pro,iPad Pro 13-inch M5 (2025),5499.0,,256.0,Unknown,Wi-Fi,,3275.0,2025,M5,13.0,,,,,,Unknown
CompAsia,iPad,iPad Pro,iPad Pro 13-inch M5 (2025),6399.0,,512.0,Unknown,Wi-Fi,,3800.0,2025,M5,13.0,,,,,,Unknown
CompAsia,iPad,iPad Pro,iPad Pro 13-inch M5 (2025),8199.0,,1024.0,Unknown,Wi-Fi,,4825.0,2025,M5,13.0,,,,,,Unknown
CompAsia,iPad,iPad Pro,iPad Pro 13-inch M5 (2025),9999.0,,2048.0,Unknown,Wi-Fi,,5825.0,2025,M5,13.0,,,,,,Unknown
CompAsia,iPad,iPad Pro,iPad Pro 13-inch M5 (2025),6399.0,,256.0,Unknown,Wi-Fi + Cellular,,3800.0,2025,M5,13.0,,,,,,Unknown
CompAsia,iPad,iPad Pro,iPad Pro 13-inch M5 (2025),7299.0,,512.0,Unknown,Wi-Fi + Cellular,,4300.0,2025,M5,13.0,,,,,,Unknown
CompAsia,iPad,iPad Pro,iPad Pro 13-inch M5 (2025),9099.0,,1024.0,Unknown,Wi-Fi + Cellular,,5325.0,2025,M5,13.0,,,,,,Unknown
CompAsia,iPad,iPad Pro,iPad Pro 13-inch M5 (2025),10899.0,,2048.0,Unknown,Wi-Fi + Cellular,,6325.0,2025,M5,13.0,,,,,,Unknown
CompAsia,iPad,iPad Pro,iPad Pro 12.9-inch A12Z (2020),4399.0,,128.0,Unknown,Wi-Fi,,900.0,2020,A12Z,12.9,,,,,,Unknown
CompAsia,iPad,iPad Pro,iPad Pro 12.9-inch A12Z (2020),6649.0,,1024.0,Unknown,Wi-Fi,,1275.0,2020,A12Z,12.9,,,,,,Unknown
CompAsia,iPad,iPad Pro,iPad Pro 12.9-inch A12Z (2020),4849.0,,256.0,Unknown,Wi-Fi,,1050.0,2020,A12Z,12.9,,,,,,Unknown
CompAsia,iPad,iPad Pro,iPad Pro 12.9-inch A12Z (2020),5749.0,,512.0,Unknown,Wi-Fi,,1175.0,2020,A12Z,12.9,,,,,,Unknown
CompAsia,iPad,iPad Pro,iPad Pro 12.9-inch A12Z (2020),5049.0,,128.0,Unknown,Wi-Fi + Cellular,,1050.0,2020,A12Z,12.9,,,,,,Unknown
CompAsia,iPad,iPad Pro,iPad Pro 12.9-inch A12Z (2020),7299.0,,1024.0,Unknown,Wi-Fi + Cellular,,1400.0,2020,A12Z,12.9,,,,,,Unknown
CompAsia,iPad,iPad Pro,iPad Pro 12.9-inch A12Z (2020),5499.0,,256.0,Unknown,Wi-Fi + Cellular,,1175.0,2020,A12Z,12.9,,,,,,Unknown
CompAsia,iPad,iPad Pro,iPad Pro 12.9-inch A12Z (2020),6399.0,,512.0,Unknown,Wi-Fi + Cellular,,1325.0,2020,A12Z,12.9,,,,,,Unknown
CompAsia,iPad,iPad Pro,iPad Pro 12.9-inch M1 (2021),7949.0,,1024.0,Unknown,Wi-Fi,,1475.0,2021,M1,12.9,,,,,,Unknown
CompAsia,iPad,iPad Pro,iPad Pro 12.9-inch M1 (2021),9749.0,,2048.0,Unknown,Wi-Fi,,1700.0,2021,M1,12.9,,,,,,Unknown
CompAsia,iPad,iPad Pro,iPad Pro 12.9-inch M1 (2021),4799.0,,128.0,Unknown,Wi-Fi,,1150.0,2021,M1,12.9,,,,,,Unknown
CompAsia,iPad,iPad Pro,iPad Pro 12.9-inch M1 (2021),5249.0,,256.0,Unknown,Wi-Fi,,1250.0,2021,M1,12.9,,,,,,Unknown
CompAsia,iPad,iPad Pro,iPad Pro 12.9-inch M1 (2021),6149.0,,512.0,Unknown,Wi-Fi,,1350.0,2021,M1,12.9,,,,,,Unknown
CompAsia,iPad,iPad Pro,iPad Pro 12.9-inch M1 (2021),8599.0,,1024.0,Unknown,Wi-Fi + Cellular,,1625.0,2021,M1,12.9,,,,,,Unknown
CompAsia,iPad,iPad Pro,iPad Pro 12.9-inch M1 (2021),10399.0,,2048.0,Unknown,Wi-Fi + Cellular,,1775.0,2021,M1,12.9,,,,,,Unknown
CompAsia,iPad,iPad Pro,iPad Pro 12.9-inch M1 (2021),5449.0,,128.0,Unknown,Wi-Fi + Cellular,,1225.0,2021,M1,12.9,,,,,,Unknown
CompAsia,iPad,iPad Pro,iPad Pro 12.9-inch M1 (2021),5899.0,,256.0,Unknown,Wi-Fi + Cellular,,1325.0,2021,M1,12.9,,,,,,Unknown
CompAsia,iPad,iPad Pro,iPad Pro 12.9-inch M1 (2021),6799.0,,512.0,Unknown,Wi-Fi + Cellular,,1475.0,2021,M1,12.9,,,,,,Unknown
iTworld,iPad,iPad,iPad 10,2849.0,,64.0,Unknown,Wi-Fi + Cellular,,690.0,2022,A14 Bionic,10.9,,,,,,Unknown
iTworld,iPad,iPad,iPad 10,3299.0,,256.0,Unknown,Wi-Fi + Cellular,,800.0,2022,A14 Bionic,10.9,,,,,,Unknown
iTworld,iPad,iPad,iPad 10,2099.0,,64.0,Unknown,Wi-Fi,,610.0,2022,A14 Bionic,10.9,,,,,,Unknown
iTworld,iPad,iPad,iPad 10,2549.0,,256.0,Unknown,Wi-Fi,,690.0,2022,A14 Bionic,10.9,,,,,,Unknown
iTworld,iPad,iPad,iPad 11,2299.0,,128.0,Unknown,Wi-Fi + Cellular,,840.0,2025,A16,11.0,,,,,,Unknown
iTworld,iPad,iPad,iPad 11,2699.0,,256.0,Unknown,Wi-Fi + Cellular,,1040.0,2025,A16,11.0,,,,,,Unknown
iTworld,iPad,iPad,iPad 11,3499.0,,512.0,Unknown,Wi-Fi + Cellular,,1370.0,2025,A16,11.0,,,,,,Unknown
iTworld,iPad,iPad,iPad 11,1599.0,,128.0,Unknown,Wi-Fi,,640.0,2025,A16,11.0,,,,,,Unknown
iTworld,iPad,iPad,iPad 11,1999.0,,256.0,Unknown,Wi-Fi,,820.0,2025,A16,11.0,,,,,,Unknown
iTworld,iPad,iPad,iPad 11,2799.0,,512.0,Unknown,Wi-Fi,,1110.0,2025,A16,11.0,,,,,,Unknown
iTworld,iPad,iPad,iPad 4,1899.0,,16.0,Unknown,Wi-Fi + Cellular,,60.0,2012,A6X,9.7,,,,,,Unknown
iTworld,iPad,iPad,iPad 4,1499.0,,16.0,Unknown,Wi-Fi,,50.0,2012,A6X,9.7,,,,,,Unknown
iTworld,iPad,iPad,iPad 4,2199.0,,32.0,Unknown,Wi-Fi + Cellular,,60.0,2012,A6X,9.7,,,,,,Unknown
iTworld,iPad,iPad,iPad 4,1799.0,,32.0,Unknown,Wi-Fi,,50.0,2012,A6X,9.7,,,,,,Unknown
iTworld,iPad,iPad,iPad 4,2499.0,,64.0,Unknown,Wi-Fi + Cellular,,60.0,2012,A6X,9.7,,,,,,Unknown
iTworld,iPad,iPad,iPad 4,2099.0,,64.0,Unknown,Wi-Fi,,50.0,2012,A6X,9.7,,,,,,Unknown
iTworld,iPad,iPad,iPad 4,2799.0,,128.0,Unknown,Wi-Fi + Cellular,,60.0,2012,A6X,9.7,,,,,,Unknown
iTworld,iPad,iPad,iPad 4,2799.0,,128.0,Unknown,Wi-Fi,,50.0,2012,A6X,9.7,,,,,,Unknown
iTworld,iPad,iPad,iPad 5,1999.0,,32.0,Unknown,Wi-Fi + Cellular,,100.0,2017,A9,9.7,,,,,,Unknown
iTworld,iPad,iPad,iPad 5,1449.0,,32.0,Unknown,Wi-Fi,,80.0,2017,A9,9.7,,,,,,Unknown
iTworld,iPad,iPad,iPad 5,2399.0,,128.0,Unknown,Wi-Fi + Cellular,,130.0,2017,A9,9.7,,,,,,Unknown
iTworld,iPad,iPad,iPad 5,1849.0,,128.0,Unknown,Wi-Fi,,100.0,2017,A9,9.7,,,,,,Unknown
iTworld,iPad,iPad,iPad 6,1999.0,,32.0,Unknown,Wi-Fi + Cellular,,130.0,2018,A10 Fusion,9.7,,,,,,Unknown
iTworld,iPad,iPad,iPad 6,1449.0,,32.0,Unknown,Wi-Fi,,100.0,2018,A10 Fusion,9.7,,,,,,Unknown
iTworld,iPad,iPad,iPad 6,2399.0,,128.0,Unknown,Wi-Fi + Cellular,,170.0,2018,A10 Fusion,9.7,,,,,,Unknown
iTworld,iPad,iPad,iPad 6,1849.0,,128.0,Unknown,Wi-Fi,,130.0,2018,A10 Fusion,9.7,,,,,,Unknown
iTworld,iPad,iPad,iPad 7,1999.0,,32.0,Unknown,Wi-Fi + Cellular,,170.0,2019,A10 Fusion,10.2,,,,,,Unknown
iTworld,iPad,iPad,iPad 7,1449.0,,32.0,Unknown,Wi-Fi,,150.0,2019,A10 Fusion,10.2,,,,,,Unknown
iTworld,iPad,iPad,iPad 7,2399.0,,128.0,Unknown,Wi-Fi + Cellular,,340.0,2019,A10 Fusion,10.2,,,,,,Unknown
iTworld,iPad,iPad,iPad 7,1849.0,,128.0,Unknown,Wi-Fi,,240.0,2019,A10 Fusion,10.2,,,,,,Unknown
iTworld,iPad,iPad,iPad 8,1999.0,,32.0,Unknown,Wi-Fi + Cellular,,310.0,2020,A12 Bionic,10.2,,,,,,Unknown
iTworld,iPad,iPad,iPad 8,1449.0,,32.0,Unknown,Wi-Fi,,200.0,2020,A12 Bionic,10.2,,,,,,Unknown
iTworld,iPad,iPad,iPad 8,2399.0,,128.0,Unknown,Wi-Fi + Cellular,,360.0,2020,A12 Bionic,10.2,,,,,,Unknown
iTworld,iPad,iPad,iPad 8,1849.0,,128.0,Unknown,Wi-Fi,,260.0,2020,A12 Bionic,10.2,,,,,,Unknown
iTworld,iPad,iPad,iPad 9,2299.0,,64.0,Unknown,Wi-Fi + Cellular,,350.0,2021,A13 Bionic,10.2,,,,,,Unknown
iTworld,iPad,iPad,iPad 9,1599.0,,64.0,Unknown,Wi-Fi,,300.0,2021,A13 Bionic,10.2,,,,,,Unknown
iTworld,iPad,iPad,iPad 9,2899.0,,256.0,Unknown,Wi-Fi + Cellular,,450.0,2021,A13 Bionic,10.2,,,,,,Unknown
iTworld,iPad,iPad,iPad 9,2199.0,,256.0,Unknown,Wi-Fi,,400.0,2021,A13 Bionic,10.2,,,,,,Unknown
iTworld,iPad,iPad Air,iPad Air 1 9.7-inch A7 (2013),1899.0,,16.0,Unknown,Wi-Fi + Cellular,,60.0,2013,A7,9.7,,,,,,Unknown
iTworld,iPad,iPad Air,iPad Air 1 9.7-inch A7 (2013),1499.0,,16.0,Unknown,Wi-Fi,,40.0,2013,A7,9.7,,,,,,Unknown
iTworld,iPad,iPad Air,iPad Air 1 9.7-inch A7 (2013),2199.0,,32.0,Unknown,Wi-Fi + Cellular,,80.0,2013,A7,9.7,,,,,,Unknown
iTworld,iPad,iPad Air,iPad Air 1 9.7-inch A7 (2013),1799.0,,32.0,Unknown,Wi-Fi,,60.0,2013,A7,9.7,,,,,,Unknown
iTworld,iPad,iPad Air,iPad Air 1 9.7-inch A7 (2013),2499.0,,64.0,Unknown,Wi-Fi + Cellular,,90.0,2013,A7,9.7,,,,,,Unknown
iTworld,iPad,iPad Air,iPad Air 1 9.7-inch A7 (2013),2099.0,,64.0,Unknown,Wi-Fi,,70.0,2013,A7,9.7,,,,,,Unknown
iTworld,iPad,iPad Air,iPad Air 1 9.7-inch A7 (2013),2799.0,,128.0,Unknown,Wi-Fi + Cellular,,100.0,2013,A7,9.7,,,,,,Unknown
iTworld,iPad,iPad Air,iPad Air 1 9.7-inch A7 (2013),2399.0,,128.0,Unknown,Wi-Fi,,80.0,2013,A7,9.7,,,,,,Unknown
iTworld,iPad,iPad Air,iPad Air 2 9.7-inch A8X (2014),2029.0,,16.0,Unknown,Wi-Fi + Cellular,,100.0,2014,A8X,9.7,,,,,,Unknown
iTworld,iPad,iPad Air,iPad Air 2 9.7-inch A8X (2014),1599.0,,16.0,Unknown,Wi-Fi,,80.0,2014,A8X,9.7,,,,,,Unknown
iTworld,iPad,iPad Air,iPad Air 2 9.7-inch A8X (2014),2229.0,,32.0,Unknown,Wi-Fi + Cellular,,120.0,2014,A8X,9.7,,,,,,Unknown
iTworld,iPad,iPad Air,iPad Air 2 9.7-inch A8X (2014),1799.0,,32.0,Unknown,Wi-Fi,,90.0,2014,A8X,9.7,,,,,,Unknown
iTworld,iPad,iPad Air,iPad Air 2 9.7-inch A8X (2014),2349.0,,64.0,Unknown,Wi-Fi + Cellular,,130.0,2014,A8X,9.7,,,,,,Unknown
iTworld,iPad,iPad Air,iPad Air 2 9.7-inch A8X (2014),1929.0,,64.0,Unknown,Wi-Fi,,100.0,2014,A8X,9.7,,,,,,Unknown
iTworld,iPad,iPad Air,iPad Air 2 9.7-inch A8X (2014),2679.0,,128.0,Unknown,Wi-Fi + Cellular,,150.0,2014,A8X,9.7,,,,,,Unknown
iTworld,iPad,iPad Air,iPad Air 2 9.7-inch A8X (2014),2249.0,,128.0,Unknown,Wi-Fi,,120.0,2014,A8X,9.7,,,,,,Unknown
iTworld,iPad,iPad Air,iPad Air 3 10.5-inch A12 (2019),2749.0,,64.0,Unknown,Wi-Fi + Cellular,,350.0,2019,A12 Bionic,10.5,,,,,,Unknown
iTworld,iPad,iPad Air,iPad Air 3 10.5-inch A12 (2019),2199.0,,64.0,Unknown,Wi-Fi,,250.0,2019,A12 Bionic,10.5,,,,,,Unknown
iTworld,iPad,iPad Air,iPad Air 3 10.5-inch A12 (2019),3399.0,,256.0,Unknown,Wi-Fi + Cellular,,500.0,2019,A12 Bionic,10.5,,,,,,Unknown
iTworld,iPad,iPad Air,iPad Air 3 10.5-inch A12 (2019),2849.0,,256.0,Unknown,Wi-Fi,,400.0,2019,A12 Bionic,10.5,,,,,,Unknown
iTworld,iPad,iPad Air,iPad Air 4 10.9-inch A14 (2020),3199.0,,64.0,Unknown,Wi-Fi + Cellular,,730.0,2020,A14 Bionic,10.9,,,,,,Unknown
iTworld,iPad,iPad Air,iPad Air 4 10.9-inch A14 (2020),2499.0,,64.0,Unknown,Wi-Fi,,560.0,2020,A14 Bionic,10.9,,,,,,Unknown
iTworld,iPad,iPad Air,iPad Air 4 10.9-inch A14 (2020),3899.0,,256.0,Unknown,Wi-Fi + Cellular,,850.0,2020,A14 Bionic,10.9,,,,,,Unknown
iTworld,iPad,iPad Air,iPad Air 4 10.9-inch A14 (2020),3199.0,,256.0,Unknown,Wi-Fi,,700.0,2020,A14 Bionic,10.9,,,,,,Unknown
iTworld,iPad,iPad Air,iPad Air 5 10.9-inch M1 (2022),3199.0,,64.0,Unknown,Wi-Fi + Cellular,,950.0,2022,M1,10.9,,,,,,Unknown
iTworld,iPad,iPad Air,iPad Air 5 10.9-inch M1 (2022),2499.0,,64.0,Unknown,Wi-Fi,,840.0,2022,M1,10.9,,,,,,Unknown
iTworld,iPad,iPad Air,iPad Air 5 10.9-inch M1 (2022),3899.0,,256.0,Unknown,Wi-Fi + Cellular,,1050.0,2022,M1,10.9,,,,,,Unknown
iTworld,iPad,iPad Air,iPad Air 5 10.9-inch M1 (2022),3199.0,,256.0,Unknown,Wi-Fi,,950.0,2022,M1,10.9,,,,,,Unknown
iTworld,iPad,iPad Air,iPad Air 6 11-inch M2 (2024),3749.0,,128.0,Unknown,Wi-Fi + Cellular,,1400.0,2024,M2,11.0,,,,,,Unknown
iTworld,iPad,iPad Air,iPad Air 6 11-inch M2 (2024),4249.0,,256.0,Unknown,Wi-Fi + Cellular,,1530.0,2024,M2,11.0,,,,,,Unknown
iTworld,iPad,iPad Air,iPad Air 6 11-inch M2 (2024),5249.0,,512.0,Unknown,Wi-Fi + Cellular,,1650.0,2024,M2,11.0,,,,,,Unknown
iTworld,iPad,iPad Air,iPad Air 6 11-inch M2 (2024),6249.0,,1024.0,Unknown,Wi-Fi + Cellular,,1850.0,2024,M2,11.0,,,,,,Unknown
iTworld,iPad,iPad Air,iPad Air 6 11-inch M2 (2024),2999.0,,128.0,Unknown,Wi-Fi,,1050.0,2024,M2,11.0,,,,,,Unknown
iTworld,iPad,iPad Air,iPad Air 6 11-inch M2 (2024),3499.0,,256.0,Unknown,Wi-Fi,,1150.0,2024,M2,11.0,,,,,,Unknown
iTworld,iPad,iPad Air,iPad Air 6 11-inch M2 (2024),4499.0,,512.0,Unknown,Wi-Fi,,1300.0,2024,M2,11.0,,,,,,Unknown
iTworld,iPad,iPad Air,iPad Air 6 11-inch M2 (2024),5499.0,,1024.0,Unknown,Wi-Fi,,1450.0,2024,M2,11.0,,,,,,Unknown
iTworld,iPad,iPad Air,iPad Air 6 13-inch M2 (2024),4749.0,,128.0,Unknown,Wi-Fi + Cellular,,1580.0,2024,M2,13.0,,,,,,Unknown
iTworld,iPad,iPad Air,iPad Air 6 13-inch M2 (2024),5249.0,,256.0,Unknown,Wi-Fi + Cellular,,1780.0,2024,M2,13.0,,,,,,Unknown
iTworld,iPad,iPad Air,iPad Air 6 13-inch M2 (2024),6249.0,,512.0,Unknown,Wi-Fi + Cellular,,1900.0,2024,M2,13.0,,,,,,Unknown
iTworld,iPad,iPad Air,iPad Air 6 13-inch M2 (2024),7249.0,,1024.0,Unknown,Wi-Fi + Cellular,,2100.0,2024,M2,13.0,,,,,,Unknown
iTworld,iPad,iPad Air,iPad Air 6 13-inch M2 (2024),3999.0,,128.0,Unknown,Wi-Fi,,1300.0,2024,M2,13.0,,,,,,Unknown
iTworld,iPad,iPad Air,iPad Air 6 13-inch M2 (2024),4499.0,,256.0,Unknown,Wi-Fi,,1480.0,2024,M2,13.0,,,,,,Unknown
iTworld,iPad,iPad Air,iPad Air 6 13-inch M2 (2024),5499.0,,512.0,Unknown,Wi-Fi,,1700.0,2024,M2,13.0,,,,,,Unknown
iTworld,iPad,iPad Air,iPad Air 6 13-inch M2 (2024),6499.0,,1024.0,Unknown,Wi-Fi,,1850.0,2024,M2,13.0,,,,,,Unknown
iTworld,iPad,iPad Air,iPad Air 7 11-inch M3 (2025),3499.0,,128.0,Unknown,Wi-Fi + Cellular,,1660.0,2025,M3,11.0,,,,,,Unknown
iTworld,iPad,iPad Air,iPad Air 7 11-inch M3 (2025),3899.0,,256.0,Unknown,Wi-Fi + Cellular,,1850.0,2025,M3,11.0,,,,,,Unknown
iTworld,iPad,iPad Air,iPad Air 7 11-inch M3 (2025),4799.0,,512.0,Unknown,Wi-Fi + Cellular,,2100.0,2025,M3,11.0,,,,,,Unknown
iTworld,iPad,iPad Air,iPad Air 7 11-inch M3 (2025),5699.0,,1024.0,Unknown,Wi-Fi + Cellular,,2350.0,2025,M3,11.0,,,,,,Unknown
iTworld,iPad,iPad Air,iPad Air 7 11-inch M3 (2025),2799.0,,128.0,Unknown,Wi-Fi,,1280.0,2025,M3,11.0,,,,,,Unknown
iTworld,iPad,iPad Air,iPad Air 7 11-inch M3 (2025),3199.0,,256.0,Unknown,Wi-Fi,,1480.0,2025,M3,11.0,,,,,,Unknown
iTworld,iPad,iPad Air,iPad Air 7 11-inch M3 (2025),4099.0,,512.0,Unknown,Wi-Fi,,1700.0,2025,M3,11.0,,,,,,Unknown
iTworld,iPad,iPad Air,iPad Air 7 11-inch M3 (2025),4999.0,,1024.0,Unknown,Wi-Fi,,1900.0,2025,M3,11.0,,,,,,Unknown
iTworld,iPad,iPad Air,iPad Air 7 13-inch M3 (2025),4399.0,,128.0,Unknown,Wi-Fi + Cellular,,1930.0,2025,M3,13.0,,,,,,Unknown
iTworld,iPad,iPad Air,iPad Air 7 13-inch M3 (2025),4799.0,,256.0,Unknown,Wi-Fi + Cellular,,2150.0,2025,M3,13.0,,,,,,Unknown
iTworld,iPad,iPad Air,iPad Air 7 13-inch M3 (2025),5699.0,,512.0,Unknown,Wi-Fi + Cellular,,2400.0,2025,M3,13.0,,,,,,Unknown
iTworld,iPad,iPad Air,iPad Air 7 13-inch M3 (2025),6599.0,,1024.0,Unknown,Wi-Fi + Cellular,,2700.0,2025,M3,13.0,,,,,,Unknown
iTworld,iPad,iPad Air,iPad Air 7 13-inch M3 (2025),3699.0,,128.0,Unknown,Wi-Fi,,1680.0,2025,M3,13.0,,,,,,Unknown
iTworld,iPad,iPad Air,iPad Air 7 13-inch M3 (2025),4099.0,,256.0,Unknown,Wi-Fi,,1870.0,2025,M3,13.0,,,,,,Unknown
iTworld,iPad,iPad Air,iPad Air 7 13-inch M3 (2025),4999.0,,512.0,Unknown,Wi-Fi,,2100.0,2025,M3,13.0,,,,,,Unknown
iTworld,iPad,iPad Air,iPad Air 7 13-inch M3 (2025),5899.0,,1024.0,Unknown,Wi-Fi,,2450.0,2025,M3,13.0,,,,,,Unknown
iTworld,iPad,iPad mini,iPad Mini 1,1399.0,,16.0,Unknown,Wi-Fi + Cellular,,40.0,2012,A5,7.9,,,,,,Unknown
iTworld,iPad,iPad mini,iPad Mini 1,999.0,,16.0,Unknown,Wi-Fi,,40.0,2012,A5,7.9,,,,,,Unknown
iTworld,iPad,iPad mini,iPad Mini 1,1699.0,,32.0,Unknown,Wi-Fi + Cellular,,40.0,2012,A5,7.9,,,,,,Unknown
iTworld,iPad,iPad mini,iPad Mini 1,1299.0,,32.0,Unknown,Wi-Fi,,40.0,2012,A5,7.9,,,,,,Unknown
iTworld,iPad,iPad mini,iPad Mini 1,1999.0,,64.0,Unknown,Wi-Fi + Cellular,,40.0,2012,A5,7.9,,,,,,Unknown
iTworld,iPad,iPad mini,iPad Mini 1,1599.0,,64.0,Unknown,Wi-Fi,,40.0,2012,A5,7.9,,,,,,Unknown
iTworld,iPad,iPad mini,iPad Mini 2,1699.0,,16.0,Unknown,Wi-Fi + Cellular,,60.0,2013,A7,7.9,,,,,,Unknown
iTworld,iPad,iPad mini,iPad Mini 2,1279.0,,16.0,Unknown,Wi-Fi,,40.0,2013,A7,7.9,,,,,,Unknown
iTworld,iPad,iPad mini,iPad Mini 2,2029.0,,32.0,Unknown,Wi-Fi + Cellular,,60.0,2013,A7,7.9,,,,,,Unknown
iTworld,iPad,iPad mini,iPad Mini 2,1599.0,,32.0,Unknown,Wi-Fi,,40.0,2013,A7,7.9,,,,,,Unknown
iTworld,iPad,iPad mini,iPad Mini 2,2349.0,,64.0,Unknown,Wi-Fi + Cellular,,60.0,2013,A7,7.9,,,,,,Unknown
iTworld,iPad,iPad mini,iPad Mini 2,1929.0,,64.0,Unknown,Wi-Fi,,40.0,2013,A7,7.9,,,,,,Unknown
iTworld,iPad,iPad mini,iPad Mini 2,2699.0,,128.0,Unknown,Wi-Fi + Cellular,,60.0,2013,A7,7.9,,,,,,Unknown
iTworld,iPad,iPad mini,iPad Mini 2,2249.0,,128.0,Unknown,Wi-Fi,,40.0,2013,A7,7.9,,,,,,Unknown
iTworld,iPad,iPad mini,iPad Mini 3,1801.0,,16.0,Unknown,Wi-Fi + Cellular,,90.0,2014,A7,7.9,,,,,,Unknown
iTworld,iPad,iPad mini,iPad Mini 3,1356.0,,16.0,Unknown,Wi-Fi,,80.0,2014,A7,7.9,,,,,,Unknown
iTworld,iPad,iPad mini,iPad Mini 3,2249.0,,64.0,Unknown,Wi-Fi + Cellular,,120.0,2014,A7,7.9,,,,,,Unknown
iTworld,iPad,iPad mini,iPad Mini 3,1695.0,,64.0,Unknown,Wi-Fi,,100.0,2014,A7,7.9,,,,,,Unknown
iTworld,iPad,iPad mini,iPad Mini 3,2679.0,,128.0,Unknown,Wi-Fi + Cellular,,150.0,2014,A7,7.9,,,,,,Unknown
iTworld,iPad,iPad mini,iPad Mini 3,2045.0,,128.0,Unknown,Wi-Fi,,130.0,2014,A7,7.9,,,,,,Unknown
iTworld,iPad,iPad mini,iPad Mini 4,2099.0,,16.0,Unknown,Wi-Fi + Cellular,,120.0,2015,A8,7.9,,,,,,Unknown
iTworld,iPad,iPad mini,iPad Mini 4,1599.0,,16.0,Unknown,Wi-Fi,,100.0,2015,A8,7.9,,,,,,Unknown
iTworld,iPad,iPad mini,iPad Mini 4,2199.0,,32.0,Unknown,Wi-Fi + Cellular,,170.0,2015,A8,7.9,,,,,,Unknown
iTworld,iPad,iPad mini,iPad Mini 4,1699.0,,32.0,Unknown,Wi-Fi,,140.0,2015,A8,7.9,,,,,,Unknown
iTworld,iPad,iPad mini,iPad Mini 4,2499.0,,64.0,Unknown,Wi-Fi + Cellular,,200.0,2015,A8,7.9,,,,,,Unknown
iTworld,iPad,iPad mini,iPad Mini 4,1999.0,,64.0,Unknown,Wi-Fi,,170.0,2015,A8,7.9,,,,,,Unknown
iTworld,iPad,iPad mini,iPad Mini 4,2899.0,,128.0,Unknown,Wi-Fi + Cellular,,250.0,2015,A8,7.9,,,,,,Unknown
iTworld,iPad,iPad mini,iPad Mini 4,2399.0,,128.0,Unknown,Wi-Fi,,200.0,2015,A8,7.9,,,,,,Unknown
iTworld,iPad,iPad mini,iPad Mini 5,2249.0,,64.0,Unknown,Wi-Fi + Cellular,,350.0,2019,A12 Bionic,7.9,,,,,,Unknown
iTworld,iPad,iPad mini,iPad Mini 5,1699.0,,64.0,Unknown,Wi-Fi,,300.0,2019,A12 Bionic,7.9,,,,,,Unknown
iTworld,iPad,iPad mini,iPad Mini 5,2899.0,,256.0,Unknown,Wi-Fi + Cellular,,400.0,2019,A12 Bionic,7.9,,,,,,Unknown
iTworld,iPad,iPad mini,iPad Mini 5,2349.0,,256.0,Unknown,Wi-Fi,,350.0,2019,A12 Bionic,7.9,,,,,,Unknown
iTworld,iPad,iPad mini,iPad Mini 6,2949.0,,64.0,Unknown,Wi-Fi + Cellular,,800.0,2021,A15 Bionic,8.3,,,,,,Unknown
iTworld,iPad,iPad mini,iPad Mini 6,2299.0,,64.0,Unknown,Wi-Fi,,590.0,2021,A15 Bionic,8.3,,,,,,Unknown
iTworld,iPad,iPad mini,iPad Mini 6,3599.0,,256.0,Unknown,Wi-Fi + Cellular,,900.0,2021,A15 Bionic,8.3,,,,,,Unknown
iTworld,iPad,iPad mini,iPad Mini 6,2949.0,,256.0,Unknown,Wi-Fi,,700.0,2021,A15 Bionic,8.3,,,,,,Unknown
iTworld,iPad,iPad mini,iPad Mini 7,2899.0,,128.0,Unknown,Wi-Fi + Cellular,,1070.0,2024,A17 Pro,8.3,,,,,,Unknown
iTworld,iPad,iPad mini,iPad Mini 7,3299.0,,256.0,Unknown,Wi-Fi + Cellular,,1290.0,2024,A17 Pro,8.3,,,,,,Unknown
iTworld,iPad,iPad mini,iPad Mini 7,4199.0,,512.0,Unknown,Wi-Fi + Cellular,,1520.0,2024,A17 Pro,8.3,,,,,,Unknown
iTworld,iPad,iPad mini,iPad Mini 7,2199.0,,128.0,Unknown,Wi-Fi,,890.0,2024,A17 Pro,8.3,,,,,,Unknown
iTworld,iPad,iPad mini,iPad Mini 7,2599.0,,256.0,Unknown,Wi-Fi,,1010.0,2024,A17 Pro,8.3,,,,,,Unknown
iTworld,iPad,iPad mini,iPad Mini 7,3499.0,,512.0,Unknown,Wi-Fi,,1350.0,2024,A17 Pro,8.3,,,,,,Unknown
iTworld,iPad,iPad Pro,iPad Pro 10.5-inch A10X (2017),3599.0,,64.0,Unknown,Wi-Fi + Cellular,,200.0,2017,A10X,10.5,,,,,,Unknown
iTworld,iPad,iPad Pro,iPad Pro 10.5-inch A10X (2017),2999.0,,64.0,Unknown,Wi-Fi,,150.0,2017,A10X,10.5,,,,,,Unknown
iTworld,iPad,iPad Pro,iPad Pro 10.5-inch A10X (2017),4299.0,,256.0,Unknown,Wi-Fi + Cellular,,300.0,2017,A10X,10.5,,,,,,Unknown
iTworld,iPad,iPad Pro,iPad Pro 10.5-inch A10X (2017),3699.0,,256.0,Unknown,Wi-Fi,,250.0,2017,A10X,10.5,,,,,,Unknown
iTworld,iPad,iPad Pro,iPad Pro 10.5-inch A10X (2017),4999.0,,512.0,Unknown,Wi-Fi + Cellular,,350.0,2017,A10X,10.5,,,,,,Unknown
iTworld,iPad,iPad Pro,iPad Pro 10.5-inch A10X (2017),4399.0,,512.0,Unknown,Wi-Fi,,300.0,2017,A10X,10.5,,,,,,Unknown
iTworld,iPad,iPad Pro,iPad Pro 11-inch A12Z (2020),4149.0,,128.0,Unknown,Wi-Fi + Cellular,,830.0,2020,A12Z,11.0,,,,,,Unknown
iTworld,iPad,iPad Pro,iPad Pro 11-inch A12Z (2020),3499.0,,128.0,Unknown,Wi-Fi,,750.0,2020,A12Z,11.0,,,,,,Unknown
iTworld,iPad,iPad Pro,iPad Pro 11-inch A12Z (2020),4599.0,,256.0,Unknown,Wi-Fi + Cellular,,930.0,2020,A12Z,11.0,,,,,,Unknown
iTworld,iPad,iPad Pro,iPad Pro 11-inch A12Z (2020),3949.0,,256.0,Unknown,Wi-Fi,,830.0,2020,A12Z,11.0,,,,,,Unknown
iTworld,iPad,iPad Pro,iPad Pro 11-inch A12Z (2020),5499.0,,512.0,Unknown,Wi-Fi + Cellular,,1100.0,2020,A12Z,11.0,,,,,,Unknown
iTworld,iPad,iPad Pro,iPad Pro 11-inch A12Z (2020),4849.0,,512.0,Unknown,Wi-Fi,,950.0,2020,A12Z,11.0,,,,,,Unknown
iTworld,iPad,iPad Pro,iPad Pro 11-inch A12Z (2020),6399.0,,1024.0,Unknown,Wi-Fi + Cellular,,1130.0,2020,A12Z,11.0,,,,,,Unknown
iTworld,iPad,iPad Pro,iPad Pro 11-inch A12Z (2020),5749.0,,1024.0,Unknown,Wi-Fi,,1000.0,2020,A12Z,11.0,,,,,,Unknown
iTworld,iPad,iPad Pro,iPad Pro 11-inch M1 (2021),4149.0,,128.0,Unknown,Wi-Fi + Cellular,,1130.0,2021,M1,11.0,,,,,,Unknown
iTworld,iPad,iPad Pro,iPad Pro 11-inch M1 (2021),3499.0,,128.0,Unknown,Wi-Fi,,1030.0,2021,M1,11.0,,,,,,Unknown
iTworld,iPad,iPad Pro,iPad Pro 11-inch M1 (2021),4599.0,,256.0,Unknown,Wi-Fi + Cellular,,1320.0,2021,M1,11.0,,,,,,Unknown
iTworld,iPad,iPad Pro,iPad Pro 11-inch M1 (2021),3949.0,,256.0,Unknown,Wi-Fi,,1200.0,2021,M1,11.0,,,,,,Unknown
iTworld,iPad,iPad Pro,iPad Pro 11-inch M1 (2021),5499.0,,512.0,Unknown,Wi-Fi + Cellular,,1480.0,2021,M1,11.0,,,,,,Unknown
iTworld,iPad,iPad Pro,iPad Pro 11-inch M1 (2021),4849.0,,512.0,Unknown,Wi-Fi,,1330.0,2021,M1,11.0,,,,,,Unknown
iTworld,iPad,iPad Pro,iPad Pro 11-inch M1 (2021),7299.0,,1024.0,Unknown,Wi-Fi + Cellular,,1560.0,2021,M1,11.0,,,,,,Unknown
iTworld,iPad,iPad Pro,iPad Pro 11-inch M1 (2021),6649.0,,1024.0,Unknown,Wi-Fi,,1370.0,2021,M1,11.0,,,,,,Unknown
iTworld,iPad,iPad Pro,iPad Pro 11-inch M1 (2021),9099.0,,2048.0,Unknown,Wi-Fi + Cellular,,1750.0,2021,M1,11.0,,,,,,Unknown
iTworld,iPad,iPad Pro,iPad Pro 11-inch M1 (2021),8449.0,,2048.0,Unknown,Wi-Fi,,1560.0,2021,M1,11.0,,,,,,Unknown
iTworld,iPad,iPad Pro,iPad Pro 11-inch M2 (2022),4649.0,,128.0,Unknown,Wi-Fi + Cellular,,1400.0,2022,M2,11.0,,,,,,Unknown
iTworld,iPad,iPad Pro,iPad Pro 11-inch M2 (2022),3899.0,,128.0,Unknown,Wi-Fi,,1230.0,2022,M2,11.0,,,,,,Unknown
iTworld,iPad,iPad Pro,iPad Pro 11-inch M2 (2022),5149.0,,256.0,Unknown,Wi-Fi + Cellular,,1530.0,2022,M2,11.0,,,,,,Unknown
iTworld,iPad,iPad Pro,iPad Pro 11-inch M2 (2022),4399.0,,256.0,Unknown,Wi-Fi,,1380.0,2022,M2,11.0,,,,,,Unknown
iTworld,iPad,iPad Pro,iPad Pro 11-inch M2 (2022),6149.0,,512.0,Unknown,Wi-Fi + Cellular,,1650.0,2022,M2,11.0,,,,,,Unknown
iTworld,iPad,iPad Pro,iPad Pro 11-inch M2 (2022),5399.0,,512.0,Unknown,Wi-Fi,,1500.0,2022,M2,11.0,,,,,,Unknown
iTworld,iPad,iPad Pro,iPad Pro 11-inch M2 (2022),8149.0,,1024.0,Unknown,Wi-Fi + Cellular,,1750.0,2022,M2,11.0,,,,,,Unknown
iTworld,iPad,iPad Pro,iPad Pro 11-inch M2 (2022),7399.0,,1024.0,Unknown,Wi-Fi,,1600.0,2022,M2,11.0,,,,,,Unknown
iTworld,iPad,iPad Pro,iPad Pro 11-inch M2 (2022),10149.0,,2048.0,Unknown,Wi-Fi + Cellular,,1950.0,2022,M2,11.0,,,,,,Unknown
iTworld,iPad,iPad Pro,iPad Pro 11-inch M2 (2022),9399.0,,2048.0,Unknown,Wi-Fi,,1800.0,2022,M2,11.0,,,,,,Unknown
iTworld,iPad,iPad Pro,iPad Pro 11-inch M4 (2024) Nano Glass,9799.0,,1024.0,Unknown,Wi-Fi + Cellular,,3000.0,2024,M4,11.0,,,,,,Unknown
iTworld,iPad,iPad Pro,iPad Pro 11-inch M4 (2024) Nano Glass,11799.0,,2048.0,Unknown,Wi-Fi + Cellular,,3550.0,2024,M4,11.0,,,,,,Unknown
iTworld,iPad,iPad Pro,iPad Pro 11-inch M4 (2024) Standard Glass,6299.0,,256.0,Unknown,Wi-Fi + Cellular,,2100.0,2024,M4,11.0,,,,,,Unknown
iTworld,iPad,iPad Pro,iPad Pro 11-inch M4 (2024) Standard Glass,7299.0,,512.0,Unknown,Wi-Fi + Cellular,,2430.0,2024,M4,11.0,,,,,,Unknown
iTworld,iPad,iPad Pro,iPad Pro 11-inch M4 (2024) Standard Glass,9299.0,,1024.0,Unknown,Wi-Fi + Cellular,,2950.0,2024,M4,11.0,,,,,,Unknown
iTworld,iPad,iPad Pro,iPad Pro 11-inch M4 (2024) Standard Glass,11299.0,,2048.0,Unknown,Wi-Fi + Cellular,,3500.0,2024,M4,11.0,,,,,,Unknown
iTworld,iPad,iPad Pro,iPad Pro 11-inch M4 (2024) Nano Glass,8799.0,,1024.0,Unknown,Wi-Fi,,2700.0,2024,M4,11.0,,,,,,Unknown
iTworld,iPad,iPad Pro,iPad Pro 11-inch M4 (2024) Nano Glass,10799.0,,2048.0,Unknown,Wi-Fi,,3250.0,2024,M4,11.0,,,,,,Unknown
iTworld,iPad,iPad Pro,iPad Pro 11-inch M4 (2024) Standard Glass,5299.0,,256.0,Unknown,Wi-Fi,,1800.0,2024,M4,11.0,,,,,,Unknown
iTworld,iPad,iPad Pro,iPad Pro 11-inch M4 (2024) Standard Glass,6299.0,,512.0,Unknown,Wi-Fi,,2180.0,2024,M4,11.0,,,,,,Unknown
iTworld,iPad,iPad Pro,iPad Pro 11-inch M4 (2024) Standard Glass,8299.0,,1024.0,Unknown,Wi-Fi,,2680.0,2024,M4,11.0,,,,,,Unknown
iTworld,iPad,iPad Pro,iPad Pro 11-inch M4 (2024) Standard Glass,10299.0,,2048.0,Unknown,Wi-Fi,,3210.0,2024,M4,11.0,,,,,,Unknown
iTworld,iPad,iPad Pro,iPad Pro 11-inch A12X (2018),4349.0,,64.0,Unknown,Wi-Fi + Cellular,,650.0,2018,A12X,11.0,,,,,,Unknown
iTworld,iPad,iPad Pro,iPad Pro 11-inch A12X (2018),3699.0,,64.0,Unknown,Wi-Fi,,550.0,2018,A12X,11.0,,,,,,Unknown
iTworld,iPad,iPad Pro,iPad Pro 11-inch A12X (2018),4999.0,,256.0,Unknown,Wi-Fi + Cellular,,750.0,2018,A12X,11.0,,,,,,Unknown
iTworld,iPad,iPad Pro,iPad Pro 11-inch A12X (2018),4349.0,,256.0,Unknown,Wi-Fi,,650.0,2018,A12X,11.0,,,,,,Unknown
iTworld,iPad,iPad Pro,iPad Pro 11-inch A12X (2018),5849.0,,512.0,Unknown,Wi-Fi + Cellular,,850.0,2018,A12X,11.0,,,,,,Unknown
iTworld,iPad,iPad Pro,iPad Pro 11-inch A12X (2018),5199.0,,512.0,Unknown,Wi-Fi,,750.0,2018,A12X,11.0,,,,,,Unknown
iTworld,iPad,iPad Pro,iPad Pro 11-inch A12X (2018),7149.0,,1024.0,Unknown,Wi-Fi + Cellular,,950.0,2018,A12X,11.0,,,,,,Unknown
iTworld,iPad,iPad Pro,iPad Pro 11-inch A12X (2018),6499.0,,1024.0,Unknown,Wi-Fi,,850.0,2018,A12X,11.0,,,,,,Unknown
iTworld,iPad,iPad Pro,iPad Pro 12.9-inch A9X (2015),3599.0,,32.0,Unknown,Wi-Fi,,160.0,2015,A9X,12.9,,,,,,Unknown
iTworld,iPad,iPad Pro,iPad Pro 12.9-inch M1 (2021),5449.0,,128.0,Unknown,Wi-Fi + Cellular,,1280.0,2021,M1,12.9,,,,,,Unknown
iTworld,iPad,iPad Pro,iPad Pro 12.9-inch M1 (2021),4799.0,,128.0,Unknown,Wi-Fi,,1180.0,2021,M1,12.9,,,,,,Unknown
iTworld,iPad,iPad Pro,iPad Pro 12.9-inch M1 (2021),5899.0,,256.0,Unknown,Wi-Fi + Cellular,,1380.0,2021,M1,12.9,,,,,,Unknown
iTworld,iPad,iPad Pro,iPad Pro 12.9-inch M1 (2021),5249.0,,256.0,Unknown,Wi-Fi,,1300.0,2021,M1,12.9,,,,,,Unknown
iTworld,iPad,iPad Pro,iPad Pro 12.9-inch M1 (2021),6799.0,,512.0,Unknown,Wi-Fi + Cellular,,1510.0,2021,M1,12.9,,,,,,Unknown
iTworld,iPad,iPad Pro,iPad Pro 12.9-inch M1 (2021),6149.0,,512.0,Unknown,Wi-Fi,,1400.0,2021,M1,12.9,,,,,,Unknown
iTworld,iPad,iPad Pro,iPad Pro 12.9-inch M1 (2021),8599.0,,1024.0,Unknown,Wi-Fi + Cellular,,1660.0,2021,M1,12.9,,,,,,Unknown
iTworld,iPad,iPad Pro,iPad Pro 12.9-inch M1 (2021),7949.0,,1024.0,Unknown,Wi-Fi,,1510.0,2021,M1,12.9,,,,,,Unknown
iTworld,iPad,iPad Pro,iPad Pro 12.9-inch M1 (2021),10399.0,,2048.0,Unknown,Wi-Fi + Cellular,,1810.0,2021,M1,12.9,,,,,,Unknown
iTworld,iPad,iPad Pro,iPad Pro 12.9-inch M1 (2021),9749.0,,2048.0,Unknown,Wi-Fi,,1740.0,2021,M1,12.9,,,,,,Unknown
iTworld,iPad,iPad Pro,iPad Pro 12.9-inch M2 (2022),6149.0,,128.0,Unknown,Wi-Fi + Cellular,,1580.0,2022,M2,12.9,,,,,,Unknown
iTworld,iPad,iPad Pro,iPad Pro 12.9-inch M2 (2022),5399.0,,128.0,Unknown,Wi-Fi,,1430.0,2022,M2,12.9,,,,,,Unknown
iTworld,iPad,iPad Pro,iPad Pro 12.9-inch M2 (2022),6599.0,,256.0,Unknown,Wi-Fi + Cellular,,1700.0,2022,M2,12.9,,,,,,Unknown
iTworld,iPad,iPad Pro,iPad Pro 12.9-inch M2 (2022),5849.0,,256.0,Unknown,Wi-Fi,,1550.0,2022,M2,12.9,,,,,,Unknown
iTworld,iPad,iPad Pro,iPad Pro 12.9-inch M2 (2022),7499.0,,512.0,Unknown,Wi-Fi + Cellular,,1850.0,2022,M2,12.9,,,,,,Unknown
iTworld,iPad,iPad Pro,iPad Pro 12.9-inch M2 (2022),6749.0,,512.0,Unknown,Wi-Fi,,1680.0,2022,M2,12.9,,,,,,Unknown
iTworld,iPad,iPad Pro,iPad Pro 12.9-inch M2 (2022),9299.0,,1024.0,Unknown,Wi-Fi + Cellular,,1930.0,2022,M2,12.9,,,,,,Unknown
iTworld,iPad,iPad Pro,iPad Pro 12.9-inch M2 (2022),8549.0,,1024.0,Unknown,Wi-Fi,,1880.0,2022,M2,12.9,,,,,,Unknown
iTworld,iPad,iPad Pro,iPad Pro 12.9-inch M2 (2022),11099.0,,2048.0,Unknown,Wi-Fi + Cellular,,2130.0,2022,M2,12.9,,,,,,Unknown
iTworld,iPad,iPad Pro,iPad Pro 12.9-inch M2 (2022),10349.0,,2048.0,Unknown,Wi-Fi,,2080.0,2022,M2,12.9,,,,,,Unknown
iTworld,iPad,iPad Pro,iPad Pro 12.9-inch A9X (2015),4899.0,,128.0,Unknown,Wi-Fi + Cellular,,200.0,2015,A9X,12.9,,,,,,Unknown
iTworld,iPad,iPad Pro,iPad Pro 12.9-inch A9X (2015),4299.0,,128.0,Unknown,Wi-Fi,,170.0,2015,A9X,12.9,,,,,,Unknown
iTworld,iPad,iPad Pro,iPad Pro 12.9-inch A9X (2015),5699.0,,256.0,Unknown,Wi-Fi + Cellular,,250.0,2015,A9X,12.9,,,,,,Unknown
iTworld,iPad,iPad Pro,iPad Pro 12.9-inch A9X (2015),4999.0,,256.0,Unknown,Wi-Fi,,200.0,2015,A9X,12.9,,,,,,Unknown
iTworld,iPad,iPad Pro,iPad Pro 12.9-inch A10X (2017),4849.0,,64.0,Unknown,Wi-Fi + Cellular,,410.0,2017,A10X,12.9,,,,,,Unknown
iTworld,iPad,iPad Pro,iPad Pro 12.9-inch A10X (2017),4199.0,,64.0,Unknown,Wi-Fi,,380.0,2017,A10X,12.9,,,,,,Unknown
iTworld,iPad,iPad Pro,iPad Pro 12.9-inch A10X (2017),5499.0,,256.0,Unknown,Wi-Fi + Cellular,,480.0,2017,A10X,12.9,,,,,,Unknown
iTworld,iPad,iPad Pro,iPad Pro 12.9-inch A10X (2017),4849.0,,256.0,Unknown,Wi-Fi,,430.0,2017,A10X,12.9,,,,,,Unknown
iTworld,iPad,iPad Pro,iPad Pro 12.9-inch A10X (2017),6399.0,,512.0,Unknown,Wi-Fi + Cellular,,580.0,2017,A10X,12.9,,,,,,Unknown
iTworld,iPad,iPad Pro,iPad Pro 12.9-inch A10X (2017),5749.0,,512.0,Unknown,Wi-Fi,,560.0,2017,A10X,12.9,,,,,,Unknown
iTworld,iPad,iPad Pro,iPad Pro 12.9-inch A12X (2018),4999.0,,64.0,Unknown,Wi-Fi + Cellular,,750.0,2018,A12X,12.9,,,,,,Unknown
iTworld,iPad,iPad Pro,iPad Pro 12.9-inch A12X (2018),4349.0,,64.0,Unknown,Wi-Fi,,650.0,2018,A12X,12.9,,,,,,Unknown
iTworld,iPad,iPad Pro,iPad Pro 12.9-inch A12X (2018),5649.0,,256.0,Unknown,Wi-Fi + Cellular,,850.0,2018,A12X,12.9,,,,,,Unknown
iTworld,iPad,iPad Pro,iPad Pro 12.9-inch A12X (2018),4999.0,,256.0,Unknown,Wi-Fi,,750.0,2018,A12X,12.9,,,,,,Unknown
iTworld,iPad,iPad Pro,iPad Pro 12.9-inch A12X (2018),6499.0,,512.0,Unknown,Wi-Fi + Cellular,,950.0,2018,A12X,12.9,,,,,,Unknown
iTworld,iPad,iPad Pro,iPad Pro 12.9-inch A12X (2018),5849.0,,512.0,Unknown,Wi-Fi,,850.0,2018,A12X,12.9,,,,,,Unknown
iTworld,iPad,iPad Pro,iPad Pro 12.9-inch A12X (2018),8199.0,,1024.0,Unknown,Wi-Fi + Cellular,,1050.0,2018,A12X,12.9,,,,,,Unknown
iTworld,iPad,iPad Pro,iPad Pro 12.9-inch A12X (2018),7549.0,,1024.0,Unknown,Wi-Fi,,950.0,2018,A12X,12.9,,,,,,Unknown
iTworld,iPad,iPad Pro,iPad Pro 12.9-inch A12Z (2020),5049.0,,128.0,Unknown,Wi-Fi + Cellular,,1100.0,2020,A12Z,12.9,,,,,,Unknown
iTworld,iPad,iPad Pro,iPad Pro 12.9-inch A12Z (2020),4399.0,,128.0,Unknown,Wi-Fi,,930.0,2020,A12Z,12.9,,,,,,Unknown
iTworld,iPad,iPad Pro,iPad Pro 12.9-inch A12Z (2020),5499.0,,256.0,Unknown,Wi-Fi + Cellular,,1230.0,2020,A12Z,12.9,,,,,,Unknown
iTworld,iPad,iPad Pro,iPad Pro 12.9-inch A12Z (2020),4849.0,,256.0,Unknown,Wi-Fi,,1100.0,2020,A12Z,12.9,,,,,,Unknown
iTworld,iPad,iPad Pro,iPad Pro 12.9-inch A12Z (2020),6399.0,,512.0,Unknown,Wi-Fi + Cellular,,1380.0,2020,A12Z,12.9,,,,,,Unknown
iTworld,iPad,iPad Pro,iPad Pro 12.9-inch A12Z (2020),5749.0,,512.0,Unknown,Wi-Fi,,1230.0,2020,A12Z,12.9,,,,,,Unknown
iTworld,iPad,iPad Pro,iPad Pro 12.9-inch A12Z (2020),7299.0,,1024.0,Unknown,Wi-Fi + Cellular,,1450.0,2020,A12Z,12.9,,,,,,Unknown
iTworld,iPad,iPad Pro,iPad Pro 12.9-inch A12Z (2020),6649.0,,1024.0,Unknown,Wi-Fi,,1310.0,2020,A12Z,12.9,,,,,,Unknown
iTworld,iPad,iPad Pro,iPad Pro 13-inch M4 (2024) Nano Glass,9999.0,,1024.0,Unknown,Wi-Fi + Cellular,,3650.0,2024,M4,13.0,,,,,,Unknown
iTworld,iPad,iPad Pro,iPad Pro 13-inch M4 (2024) Nano Glass,11999.0,,2048.0,Unknown,Wi-Fi + Cellular,,4200.0,2024,M4,13.0,,,,,,Unknown
iTworld,iPad,iPad Pro,iPad Pro 13-inch M4 (2024) Standard Glass,6499.0,,256.0,Unknown,Wi-Fi + Cellular,,2620.0,2024,M4,13.0,,,,,,Unknown
iTworld,iPad,iPad Pro,iPad Pro 13-inch M4 (2024) Standard Glass,7499.0,,512.0,Unknown,Wi-Fi + Cellular,,3000.0,2024,M4,13.0,,,,,,Unknown
iTworld,iPad,iPad Pro,iPad Pro 13-inch M4 (2024) Standard Glass,9499.0,,1024.0,Unknown,Wi-Fi + Cellular,,3600.0,2024,M4,13.0,,,,,,Unknown
iTworld,iPad,iPad Pro,iPad Pro 13-inch M4 (2024) Standard Glass,11499.0,,2048.0,Unknown,Wi-Fi + Cellular,,4150.0,2024,M4,13.0,,,,,,Unknown
iTworld,iPad,iPad Pro,iPad Pro 13-inch M4 (2024) Nano Glass,8999.0,,1024.0,Unknown,Wi-Fi,,3250.0,2024,M4,13.0,,,,,,Unknown
iTworld,iPad,iPad Pro,iPad Pro 13-inch M4 (2024) Nano Glass,10999.0,,2048.0,Unknown,Wi-Fi,,3800.0,2024,M4,13.0,,,,,,Unknown
iTworld,iPad,iPad Pro,iPad Pro 13-inch M4 (2024) Standard Glass,5499.0,,256.0,Unknown,Wi-Fi,,2230.0,2024,M4,13.0,,,,,,Unknown
iTworld,iPad,iPad Pro,iPad Pro 13-inch M4 (2024) Standard Glass,6499.0,,512.0,Unknown,Wi-Fi,,2650.0,2024,M4,13.0,,,,,,Unknown
iTworld,iPad,iPad Pro,iPad Pro 13-inch M4 (2024) Standard Glass,8499.0,,1024.0,Unknown,Wi-Fi,,3210.0,2024,M4,13.0,,,,,,Unknown
iTworld,iPad,iPad Pro,iPad Pro 13-inch M4 (2024) Standard Glass,10499.0,,2048.0,Unknown,Wi-Fi,,3780.0,2024,M4,13.0,,,,,,Unknown
iTworld,iPad,iPad Pro,iPad Pro 9.7-inch A9X (2016),3299.0,,32.0,Unknown,Wi-Fi + Cellular,,160.0,2016,A9X,9.7,,,,,,Unknown
iTworld,iPad,iPad Pro,iPad Pro 9.7-inch A9X (2016),2699.0,,32.0,Unknown,Wi-Fi,,150.0,2016,A9X,9.7,,,,,,Unknown
iTworld,iPad,iPad Pro,iPad Pro 9.7-inch A9X (2016),3999.0,,128.0,Unknown,Wi-Fi + Cellular,,170.0,2016,A9X,9.7,,,,,,Unknown
iTworld,iPad,iPad Pro,iPad Pro 9.7-inch A9X (2016),3399.0,,128.0,Unknown,Wi-Fi,,160.0,2016,A9X,9.7,,,,,,Unknown
iTworld,iPad,iPad Pro,iPad Pro 9.7-inch A9X (2016),4699.0,,256.0,Unknown,Wi-Fi + Cellular,,210.0,2016,A9X,9.7,,,,,,Unknown
iTworld,iPad,iPad Pro,iPad Pro 9.7-inch A9X (2016),4099.0,,256.0,Unknown,Wi-Fi,,200.0,2016,A9X,9.7,,,,,,Unknown
Machines,iPad,iPad,iPad 7,1849.0,,128.0,Unknown,Wi-Fi,,225.0,2019,A10 Fusion,10.2,,,,,,Unknown
Machines,iPad,iPad,iPad 7,1999.0,,32.0,Unknown,Wi-Fi + Cellular,,150.0,2019,A10 Fusion,10.2,,,,,,Unknown
Machines,iPad,iPad,iPad 7,2399.0,,128.0,Unknown,Wi-Fi + Cellular,,325.0,2019,A10 Fusion,10.2,,,,,,Unknown
Machines,iPad,iPad,iPad 8,1449.0,,32.0,Unknown,Wi-Fi,,225.0,2020,A12 Bionic,10.2,,,,,,Unknown
Machines,iPad,iPad,iPad 8,1849.0,,128.0,Unknown,Wi-Fi,,300.0,2020,A12 Bionic,10.2,,,,,,Unknown
Machines,iPad,iPad,iPad 8,1999.0,,32.0,Unknown,Wi-Fi + Cellular,,300.0,2020,A12 Bionic,10.2,,,,,,Unknown
Machines,iPad,iPad,iPad 8,2399.0,,128.0,Unknown,Wi-Fi + Cellular,,400.0,2020,A12 Bionic,10.2,,,,,,Unknown
Machines,iPad,iPad,iPad 9,1599.0,,64.0,Unknown,Wi-Fi,,350.0,2021,A13 Bionic,10.2,,,,,,Unknown
Machines,iPad,iPad,iPad 9,2199.0,,256.0,Unknown,Wi-Fi,,525.0,2021,A13 Bionic,10.2,,,,,,Unknown
Machines,iPad,iPad,iPad 9,2299.0,,64.0,Unknown,Wi-Fi + Cellular,,525.0,2021,A13 Bionic,10.2,,,,,,Unknown
Machines,iPad,iPad,iPad 9,2899.0,,256.0,Unknown,Wi-Fi + Cellular,,650.0,2021,A13 Bionic,10.2,,,,,,Unknown
Machines,iPad,iPad,iPad 10,2099.0,,64.0,Unknown,Wi-Fi,,600.0,2022,A14 Bionic,10.9,,,,,,Unknown
Machines,iPad,iPad,iPad 10,2549.0,,256.0,Unknown,Wi-Fi,,800.0,2022,A14 Bionic,10.9,,,,,,Unknown
Machines,iPad,iPad,iPad 10,2849.0,,64.0,Unknown,Wi-Fi + Cellular,,750.0,2022,A14 Bionic,10.9,,,,,,Unknown
Machines,iPad,iPad,iPad 10,3299.0,,256.0,Unknown,Wi-Fi + Cellular,,975.0,2022,A14 Bionic,10.9,,,,,,Unknown
Machines,iPad,iPad,iPad 11,1599.0,,128.0,Unknown,Wi-Fi,,600.0,2025,A16,11.0,,,,,,Unknown
Machines,iPad,iPad,iPad 11,1999.0,,256.0,Unknown,Wi-Fi,,775.0,2025,A16,11.0,,,,,,Unknown
Machines,iPad,iPad,iPad 11,2799.0,,512.0,Unknown,Wi-Fi,,1075.0,2025,A16,11.0,,,,,,Unknown
Machines,iPad,iPad,iPad 11,2299.0,,128.0,Unknown,Wi-Fi + Cellular,,800.0,2025,A16,11.0,,,,,,Unknown
Machines,iPad,iPad,iPad 11,2699.0,,256.0,Unknown,Wi-Fi + Cellular,,1000.0,2025,A16,11.0,,,,,,Unknown
Machines,iPad,iPad,iPad 11,3499.0,,512.0,Unknown,Wi-Fi + Cellular,,1325.0,2025,A16,11.0,,,,,,Unknown
Machines,iPad,iPad Air,iPad Air 4 10.9-inch A14 (2020),2499.0,,64.0,Unknown,Wi-Fi,,550.0,2020,A14 Bionic,10.9,,,,,,Unknown
Machines,iPad,iPad Air,iPad Air 4 10.9-inch A14 (2020),3199.0,,256.0,Unknown,Wi-Fi,,725.0,2020,A14 Bionic,10.9,,,,,,Unknown
Machines,iPad,iPad Air,iPad Air 4 10.9-inch A14 (2020),3199.0,,64.0,Unknown,Wi-Fi + Cellular,,720.0,2020,A14 Bionic,10.9,,,,,,Unknown
Machines,iPad,iPad Air,iPad Air 4 10.9-inch A14 (2020),3899.0,,256.0,Unknown,Wi-Fi + Cellular,,845.0,2020,A14 Bionic,10.9,,,,,,Unknown
Machines,iPad,iPad Air,iPad Air 5 10.9-inch M1 (2022),2499.0,,64.0,Unknown,Wi-Fi,,835.0,2022,M1,10.9,,,,,,Unknown
Machines,iPad,iPad Air,iPad Air 5 10.9-inch M1 (2022),3199.0,,256.0,Unknown,Wi-Fi,,975.0,2022,M1,10.9,,,,,,Unknown
Machines,iPad,iPad Air,iPad Air 5 10.9-inch M1 (2022),3199.0,,64.0,Unknown,Wi-Fi + Cellular,,975.0,2022,M1,10.9,,,,,,Unknown
Machines,iPad,iPad Air,iPad Air 5 10.9-inch M1 (2022),3899.0,,256.0,Unknown,Wi-Fi + Cellular,,1075.0,2022,M1,10.9,,,,,,Unknown
Machines,iPad,iPad Air,iPad Air 6 11-inch M2 (2024),2999.0,,128.0,Unknown,Wi-Fi,,1150.0,2024,M2,11.0,,,,,,Unknown
Machines,iPad,iPad Air,iPad Air 6 11-inch M2 (2024),3499.0,,256.0,Unknown,Wi-Fi,,1375.0,2024,M2,11.0,,,,,,Unknown
Machines,iPad,iPad Air,iPad Air 6 11-inch M2 (2024),4499.0,,512.0,Unknown,Wi-Fi,,1575.0,2024,M2,11.0,,,,,,Unknown
Machines,iPad,iPad Air,iPad Air 6 11-inch M2 (2024),5499.0,,1024.0,Unknown,Wi-Fi,,1900.0,2024,M2,11.0,,,,,,Unknown
Machines,iPad,iPad Air,iPad Air 6 11-inch M2 (2024),3749.0,,128.0,Unknown,Wi-Fi + Cellular,,1350.0,2024,M2,11.0,,,,,,Unknown
Machines,iPad,iPad Air,iPad Air 6 11-inch M2 (2024),4249.0,,256.0,Unknown,Wi-Fi + Cellular,,1475.0,2024,M2,11.0,,,,,,Unknown
Machines,iPad,iPad Air,iPad Air 6 11-inch M2 (2024),5249.0,,512.0,Unknown,Wi-Fi + Cellular,,1800.0,2024,M2,11.0,,,,,,Unknown
Machines,iPad,iPad Air,iPad Air 6 11-inch M2 (2024),6249.0,,1024.0,Unknown,Wi-Fi + Cellular,,2050.0,2024,M2,11.0,,,,,,Unknown
Machines,iPad,iPad Air,iPad Air 6 13-inch M2 (2024),3999.0,,128.0,Unknown,Wi-Fi,,1250.0,2024,M2,13.0,,,,,,Unknown
Machines,iPad,iPad Air,iPad Air 6 13-inch M2 (2024),4499.0,,256.0,Unknown,Wi-Fi,,1425.0,2024,M2,13.0,,,,,,Unknown
Machines,iPad,iPad Air,iPad Air 6 13-inch M2 (2024),5499.0,,512.0,Unknown,Wi-Fi,,1750.0,2024,M2,13.0,,,,,,Unknown
Machines,iPad,iPad Air,iPad Air 6 13-inch M2 (2024),6499.0,,1024.0,Unknown,Wi-Fi,,2075.0,2024,M2,13.0,,,,,,Unknown
Machines,iPad,iPad Air,iPad Air 6 13-inch M2 (2024),4749.0,,128.0,Unknown,Wi-Fi + Cellular,,1525.0,2024,M2,13.0,,,,,,Unknown
Machines,iPad,iPad Air,iPad Air 6 13-inch M2 (2024),5249.0,,256.0,Unknown,Wi-Fi + Cellular,,1725.0,2024,M2,13.0,,,,,,Unknown
Machines,iPad,iPad Air,iPad Air 6 13-inch M2 (2024),6249.0,,512.0,Unknown,Wi-Fi + Cellular,,2075.0,2024,M2,13.0,,,,,,Unknown
Machines,iPad,iPad Air,iPad Air 6 13-inch M2 (2024),7249.0,,1024.0,Unknown,Wi-Fi + Cellular,,2300.0,2024,M2,13.0,,,,,,Unknown
Machines,iPad,iPad Air,iPad Air 7 11-inch M3 (2025),2799.0,,128.0,Unknown,Wi-Fi,,1225.0,2025,M3,11.0,,,,,,Unknown
Machines,iPad,iPad Air,iPad Air 7 11-inch M3 (2025),3199.0,,256.0,Unknown,Wi-Fi,,1425.0,2025,M3,11.0,,,,,,Unknown
Machines,iPad,iPad Air,iPad Air 7 11-inch M3 (2025),4099.0,,512.0,Unknown,Wi-Fi,,1825.0,2025,M3,11.0,,,,,,Unknown
Machines,iPad,iPad Air,iPad Air 7 11-inch M3 (2025),4999.0,,1024.0,Unknown,Wi-Fi,,2175.0,2025,M3,11.0,,,,,,Unknown
Machines,iPad,iPad Air,iPad Air 7 11-inch M3 (2025),3499.0,,128.0,Unknown,Wi-Fi + Cellular,,1600.0,2025,M3,11.0,,,,,,Unknown
Machines,iPad,iPad Air,iPad Air 7 11-inch M3 (2025),3899.0,,256.0,Unknown,Wi-Fi + Cellular,,1825.0,2025,M3,11.0,,,,,,Unknown
Machines,iPad,iPad Air,iPad Air 7 11-inch M3 (2025),4799.0,,512.0,Unknown,Wi-Fi + Cellular,,2200.0,2025,M3,11.0,,,,,,Unknown
Machines,iPad,iPad Air,iPad Air 7 11-inch M3 (2025),5699.0,,1024.0,Unknown,Wi-Fi + Cellular,,2575.0,2025,M3,11.0,,,,,,Unknown
Machines,iPad,iPad Air,iPad Air 7 13-inch M3 (2025),3699.0,,128.0,Unknown,Wi-Fi,,1600.0,2025,M3,13.0,,,,,,Unknown
Machines,iPad,iPad Air,iPad Air 7 13-inch M3 (2025),4099.0,,256.0,Unknown,Wi-Fi,,1800.0,2025,M3,13.0,,,,,,Unknown
Machines,iPad,iPad Air,iPad Air 7 13-inch M3 (2025),4999.0,,512.0,Unknown,Wi-Fi,,2050.0,2025,M3,13.0,,,,,,Unknown
Machines,iPad,iPad Air,iPad Air 7 13-inch M3 (2025),5899.0,,1024.0,Unknown,Wi-Fi,,2400.0,2025,M3,13.0,,,,,,Unknown
Machines,iPad,iPad Air,iPad Air 7 13-inch M3 (2025),4399.0,,128.0,Unknown,Wi-Fi + Cellular,,1875.0,2025,M3,13.0,,,,,,Unknown
Machines,iPad,iPad Air,iPad Air 7 13-inch M3 (2025),4799.0,,256.0,Unknown,Wi-Fi + Cellular,,2100.0,2025,M3,13.0,,,,,,Unknown
Machines,iPad,iPad Air,iPad Air 7 13-inch M3 (2025),5699.0,,512.0,Unknown,Wi-Fi + Cellular,,2400.0,2025,M3,13.0,,,,,,Unknown
Machines,iPad,iPad Air,iPad Air 7 13-inch M3 (2025),6599.0,,1024.0,Unknown,Wi-Fi + Cellular,,2700.0,2025,M3,13.0,,,,,,Unknown
Machines,iPad,iPad mini,iPad Mini 6,2299.0,,64.0,Unknown,Wi-Fi,,585.0,2021,A15 Bionic,8.3,,,,,,Unknown
Machines,iPad,iPad mini,iPad Mini 6,2949.0,,256.0,Unknown,Wi-Fi,,775.0,2021,A15 Bionic,8.3,,,,,,Unknown
Machines,iPad,iPad mini,iPad Mini 6,2949.0,,64.0,Unknown,Wi-Fi + Cellular,,775.0,2021,A15 Bionic,8.3,,,,,,Unknown
Machines,iPad,iPad mini,iPad Mini 6,3599.0,,256.0,Unknown,Wi-Fi + Cellular,,925.0,2021,A15 Bionic,8.3,,,,,,Unknown
Machines,iPad,iPad mini,iPad Mini 7,2199.0,,128.0,Unknown,Wi-Fi,,850.0,2024,A17 Pro,8.3,,,,,,Unknown
Machines,iPad,iPad mini,iPad Mini 7,2599.0,,256.0,Unknown,Wi-Fi,,1010.0,2024,A17 Pro,8.3,,,,,,Unknown
Machines,iPad,iPad mini,iPad Mini 7,3499.0,,512.0,Unknown,Wi-Fi,,1375.0,2024,A17 Pro,8.3,,,,,,Unknown
Machines,iPad,iPad mini,iPad Mini 7,2899.0,,128.0,Unknown,Wi-Fi + Cellular,,1050.0,2024,A17 Pro,8.3,,,,,,Unknown
Machines,iPad,iPad mini,iPad Mini 7,3299.0,,256.0,Unknown,Wi-Fi + Cellular,,1275.0,2024,A17 Pro,8.3,,,,,,Unknown
Machines,iPad,iPad mini,iPad Mini 7,4199.0,,512.0,Unknown,Wi-Fi + Cellular,,1475.0,2024,A17 Pro,8.3,,,,,,Unknown
Machines,iPad,iPad Pro,iPad Pro 11-inch A12Z (2020),3499.0,,128.0,Unknown,Wi-Fi,,700.0,2020,A12Z,11.0,,,,,,Unknown
Machines,iPad,iPad Pro,iPad Pro 11-inch A12Z (2020),3949.0,,256.0,Unknown,Wi-Fi,,775.0,2020,A12Z,11.0,,,,,,Unknown
Machines,iPad,iPad Pro,iPad Pro 11-inch A12Z (2020),4849.0,,512.0,Unknown,Wi-Fi,,900.0,2020,A12Z,11.0,,,,,,Unknown
Machines,iPad,iPad Pro,iPad Pro 11-inch A12Z (2020),5749.0,,1024.0,Unknown,Wi-Fi,,950.0,2020,A12Z,11.0,,,,,,Unknown
Machines,iPad,iPad Pro,iPad Pro 11-inch A12Z (2020),4149.0,,128.0,Unknown,Wi-Fi + Cellular,,775.0,2020,A12Z,11.0,,,,,,Unknown
Machines,iPad,iPad Pro,iPad Pro 11-inch A12Z (2020),4599.0,,256.0,Unknown,Wi-Fi + Cellular,,875.0,2020,A12Z,11.0,,,,,,Unknown
Machines,iPad,iPad Pro,iPad Pro 11-inch A12Z (2020),5499.0,,512.0,Unknown,Wi-Fi + Cellular,,1050.0,2020,A12Z,11.0,,,,,,Unknown
Machines,iPad,iPad Pro,iPad Pro 11-inch A12Z (2020),6399.0,,1024.0,Unknown,Wi-Fi + Cellular,,1075.0,2020,A12Z,11.0,,,,,,Unknown
Machines,iPad,iPad Pro,iPad Pro 12.9-inch A12Z (2020),4399.0,,128.0,Unknown,Wi-Fi,,900.0,2020,A12Z,12.9,,,,,,Unknown
Machines,iPad,iPad Pro,iPad Pro 12.9-inch A12Z (2020),4849.0,,256.0,Unknown,Wi-Fi,,1050.0,2020,A12Z,12.9,,,,,,Unknown
Machines,iPad,iPad Pro,iPad Pro 12.9-inch A12Z (2020),5749.0,,512.0,Unknown,Wi-Fi,,1175.0,2020,A12Z,12.9,,,,,,Unknown
Machines,iPad,iPad Pro,iPad Pro 12.9-inch A12Z (2020),6649.0,,1024.0,Unknown,Wi-Fi,,1275.0,2020,A12Z,12.9,,,,,,Unknown
Machines,iPad,iPad Pro,iPad Pro 12.9-inch A12Z (2020),5049.0,,128.0,Unknown,Wi-Fi + Cellular,,1050.0,2020,A12Z,12.9,,,,,,Unknown
Machines,iPad,iPad Pro,iPad Pro 12.9-inch A12Z (2020),5499.0,,256.0,Unknown,Wi-Fi + Cellular,,1175.0,2020,A12Z,12.9,,,,,,Unknown
Machines,iPad,iPad Pro,iPad Pro 12.9-inch A12Z (2020),6399.0,,512.0,Unknown,Wi-Fi + Cellular,,1325.0,2020,A12Z,12.9,,,,,,Unknown
Machines,iPad,iPad Pro,iPad Pro 12.9-inch A12Z (2020),7299.0,,1024.0,Unknown,Wi-Fi + Cellular,,1400.0,2020,A12Z,12.9,,,,,,Unknown
Machines,iPad,iPad Pro,iPad Pro 11-inch M1 (2021),3499.0,,128.0,Unknown,Wi-Fi,,975.0,2021,M1,11.0,,,,,,Unknown
Machines,iPad,iPad Pro,iPad Pro 11-inch M1 (2021),3949.0,,256.0,Unknown,Wi-Fi,,1150.0,2021,M1,11.0,,,,,,Unknown
Machines,iPad,iPad Pro,iPad Pro 11-inch M1 (2021),4849.0,,512.0,Unknown,Wi-Fi,,1275.0,2021,M1,11.0,,,,,,Unknown
Machines,iPad,iPad Pro,iPad Pro 11-inch M1 (2021),6649.0,,1024.0,Unknown,Wi-Fi,,1325.0,2021,M1,11.0,,,,,,Unknown
Machines,iPad,iPad Pro,iPad Pro 11-inch M1 (2021),8449.0,,2048.0,Unknown,Wi-Fi,,1525.0,2021,M1,11.0,,,,,,Unknown
Machines,iPad,iPad Pro,iPad Pro 11-inch M1 (2021),4149.0,,128.0,Unknown,Wi-Fi + Cellular,,1075.0,2021,M1,11.0,,,,,,Unknown
Machines,iPad,iPad Pro,iPad Pro 11-inch M1 (2021),4599.0,,256.0,Unknown,Wi-Fi + Cellular,,1275.0,2021,M1,11.0,,,,,,Unknown
Machines,iPad,iPad Pro,iPad Pro 11-inch M1 (2021),5499.0,,512.0,Unknown,Wi-Fi + Cellular,,1425.0,2021,M1,11.0,,,,,,Unknown
Machines,iPad,iPad Pro,iPad Pro 11-inch M1 (2021),7299.0,,1024.0,Unknown,Wi-Fi + Cellular,,1525.0,2021,M1,11.0,,,,,,Unknown
Machines,iPad,iPad Pro,iPad Pro 11-inch M1 (2021),9099.0,,2048.0,Unknown,Wi-Fi + Cellular,,1700.0,2021,M1,11.0,,,,,,Unknown
Machines,iPad,iPad Pro,iPad Pro 12.9-inch M1 (2021),4799.0,,128.0,Unknown,Wi-Fi,,1150.0,2021,M1,12.9,,,,,,Unknown
Machines,iPad,iPad Pro,iPad Pro 12.9-inch M1 (2021),5249.0,,256.0,Unknown,Wi-Fi,,1250.0,2021,M1,12.9,,,,,,Unknown
Machines,iPad,iPad Pro,iPad Pro 12.9-inch M1 (2021),6149.0,,512.0,Unknown,Wi-Fi,,1350.0,2021,M1,12.9,,,,,,Unknown
Machines,iPad,iPad Pro,iPad Pro 12.9-inch M1 (2021),7949.0,,1024.0,Unknown,Wi-Fi,,1475.0,2021,M1,12.9,,,,,,Unknown
Machines,iPad,iPad Pro,iPad Pro 12.9-inch M1 (2021),9749.0,,2048.0,Unknown,Wi-Fi,,1700.0,2021,M1,12.9,,,,,,Unknown
Machines,iPad,iPad Pro,iPad Pro 12.9-inch M1 (2021),5449.0,,128.0,Unknown,Wi-Fi + Cellular,,1225.0,2021,M1,12.9,,,,,,Unknown
Machines,iPad,iPad Pro,iPad Pro 12.9-inch M1 (2021),5899.0,,256.0,Unknown,Wi-Fi + Cellular,,1325.0,2021,M1,12.9,,,,,,Unknown
Machines,iPad,iPad Pro,iPad Pro 12.9-inch M1 (2021),6799.0,,512.0,Unknown,Wi-Fi + Cellular,,1475.0,2021,M1,12.9,,,,,,Unknown
Machines,iPad,iPad Pro,iPad Pro 12.9-inch M1 (2021),8599.0,,1024.0,Unknown,Wi-Fi + Cellular,,1625.0,2021,M1,12.9,,,,,,Unknown
Machines,iPad,iPad Pro,iPad Pro 12.9-inch M1 (2021),10399.0,,2048.0,Unknown,Wi-Fi + Cellular,,1775.0,2021,M1,12.9,,,,,,Unknown
Machines,iPad,iPad Pro,iPad Pro 11-inch M2 (2022),3899.0,,128.0,Unknown,Wi-Fi,,1175.0,2022,M2,11.0,,,,,,Unknown
Machines,iPad,iPad Pro,iPad Pro 11-inch M2 (2022),4399.0,,256.0,Unknown,Wi-Fi,,1325.0,2022,M2,11.0,,,,,,Unknown
Machines,iPad,iPad Pro,iPad Pro 11-inch M2 (2022),5399.0,,512.0,Unknown,Wi-Fi,,1525.0,2022,M2,11.0,,,,,,Unknown
Machines,iPad,iPad Pro,iPad Pro 11-inch M2 (2022),7399.0,,1024.0,Unknown,Wi-Fi,,1650.0,2022,M2,11.0,,,,,,Unknown
Machines,iPad,iPad Pro,iPad Pro 11-inch M2 (2022),9399.0,,2048.0,Unknown,Wi-Fi,,1900.0,2022,M2,11.0,,,,,,Unknown
Machines,iPad,iPad Pro,iPad Pro 11-inch M2 (2022),4649.0,,128.0,Unknown,Wi-Fi + Cellular,,1350.0,2022,M2,11.0,,,,,,Unknown
Machines,iPad,iPad Pro,iPad Pro 11-inch M2 (2022),5149.0,,256.0,Unknown,Wi-Fi + Cellular,,1475.0,2022,M2,11.0,,,,,,Unknown
Machines,iPad,iPad Pro,iPad Pro 11-inch M2 (2022),6149.0,,512.0,Unknown,Wi-Fi + Cellular,,1650.0,2022,M2,11.0,,,,,,Unknown
Machines,iPad,iPad Pro,iPad Pro 11-inch M2 (2022),8149.0,,1024.0,Unknown,Wi-Fi + Cellular,,1750.0,2022,M2,11.0,,,,,,Unknown
Machines,iPad,iPad Pro,iPad Pro 11-inch M2 (2022),10149.0,,2048.0,Unknown,Wi-Fi + Cellular,,2025.0,2022,M2,11.0,,,,,,Unknown
Machines,iPad,iPad Pro,iPad Pro 12.9-inch M2 (2022),5399.0,,128.0,Unknown,Wi-Fi,,1400.0,2022,M2,12.9,,,,,,Unknown
Machines,iPad,iPad Pro,iPad Pro 12.9-inch M2 (2022),5849.0,,256.0,Unknown,Wi-Fi,,1500.0,2022,M2,12.9,,,,,,Unknown
Machines,iPad,iPad Pro,iPad Pro 12.9-inch M2 (2022),6749.0,,512.0,Unknown,Wi-Fi,,1625.0,2022,M2,12.9,,,,,,Unknown
Machines,iPad,iPad Pro,iPad Pro 12.9-inch M2 (2022),8549.0,,1024.0,Unknown,Wi-Fi,,1825.0,2022,M2,12.9,,,,,,Unknown
Machines,iPad,iPad Pro,iPad Pro 12.9-inch M2 (2022),10349.0,,2048.0,Unknown,Wi-Fi,,2025.0,2022,M2,12.9,,,,,,Unknown
Machines,iPad,iPad Pro,iPad Pro 12.9-inch M2 (2022),6149.0,,128.0,Unknown,Wi-Fi + Cellular,,1525.0,2022,M2,12.9,,,,,,Unknown
Machines,iPad,iPad Pro,iPad Pro 12.9-inch M2 (2022),6599.0,,256.0,Unknown,Wi-Fi + Cellular,,1650.0,2022,M2,12.9,,,,,,Unknown
Machines,iPad,iPad Pro,iPad Pro 12.9-inch M2 (2022),7499.0,,512.0,Unknown,Wi-Fi + Cellular,,1800.0,2022,M2,12.9,,,,,,Unknown
Machines,iPad,iPad Pro,iPad Pro 12.9-inch M2 (2022),9299.0,,1024.0,Unknown,Wi-Fi + Cellular,,1875.0,2022,M2,12.9,,,,,,Unknown
Machines,iPad,iPad Pro,iPad Pro 12.9-inch M2 (2022),11099.0,,2048.0,Unknown,Wi-Fi + Cellular,,2075.0,2022,M2,12.9,,,,,,Unknown
Machines,iPad,iPad Pro,iPad Pro 11-inch M4 (2024),5299.0,,256.0,Unknown,Wi-Fi,,1750.0,2024,M4,11.0,,,,,,Unknown
Machines,iPad,iPad Pro,iPad Pro 11-inch M4 (2024),6299.0,,512.0,Unknown,Wi-Fi,,2125.0,2024,M4,11.0,,,,,,Unknown
Machines,iPad,iPad Pro,iPad Pro 11-inch M4 (2024),8299.0,,1024.0,Unknown,Wi-Fi,,2625.0,2024,M4,11.0,,,,,,Unknown
Machines,iPad,iPad Pro,iPad Pro 11-inch M4 (2024),10299.0,,2048.0,Unknown,Wi-Fi,,3150.0,2024,M4,11.0,,,,,,Unknown
Machines,iPad,iPad Pro,iPad Pro 11-inch M4 (2024),6299.0,,256.0,Unknown,Wi-Fi + Cellular,,2050.0,2024,M4,11.0,,,,,,Unknown
Machines,iPad,iPad Pro,iPad Pro 11-inch M4 (2024),7299.0,,512.0,Unknown,Wi-Fi + Cellular,,2375.0,2024,M4,11.0,,,,,,Unknown
Machines,iPad,iPad Pro,iPad Pro 11-inch M4 (2024),9299.0,,1024.0,Unknown,Wi-Fi + Cellular,,2900.0,2024,M4,11.0,,,,,,Unknown
Machines,iPad,iPad Pro,iPad Pro 11-inch M4 (2024),11299.0,,2048.0,Unknown,Wi-Fi + Cellular,,3450.0,2024,M4,11.0,,,,,,Unknown
Machines,iPad,iPad Pro,iPad Pro 13-inch M4 (2024),6299.0,,256.0,Unknown,Wi-Fi,,2175.0,2024,M4,13.0,,,,,,Unknown
Machines,iPad,iPad Pro,iPad Pro 13-inch M4 (2024),7299.0,,512.0,Unknown,Wi-Fi,,2600.0,2024,M4,13.0,,,,,,Unknown
Machines,iPad,iPad Pro,iPad Pro 13-inch M4 (2024),9299.0,,1024.0,Unknown,Wi-Fi,,3175.0,2024,M4,13.0,,,,,,Unknown
Machines,iPad,iPad Pro,iPad Pro 13-inch M4 (2024),11299.0,,2048.0,Unknown,Wi-Fi,,3725.0,2024,M4,13.0,,,,,,Unknown
Machines,iPad,iPad Pro,iPad Pro 13-inch M4 (2024),7299.0,,256.0,Unknown,Wi-Fi + Cellular,,2575.0,2024,M4,13.0,,,,,,Unknown
Machines,iPad,iPad Pro,iPad Pro 13-inch M4 (2024),8299.0,,512.0,Unknown,Wi-Fi + Cellular,,2950.0,2024,M4,13.0,,,,,,Unknown
Machines,iPad,iPad Pro,iPad Pro 13-inch M4 (2024),10299.0,,1024.0,Unknown,Wi-Fi + Cellular,,3550.0,2024,M4,13.0,,,,,,Unknown
Machines,iPad,iPad Pro,iPad Pro 13-inch M4 (2024),12299.0,,2048.0,Unknown,Wi-Fi + Cellular,,4100.0,2024,M4,13.0,,,,,,Unknown
Machines,iPad,iPad Pro,iPad Pro 11-inch M5 (2025),4499.0,,256.0,Unknown,Wi-Fi,,2550.0,2025,M5,11.0,,,,,,Unknown
Machines,iPad,iPad Pro,iPad Pro 11-inch M5 (2025),5399.0,,512.0,Unknown,Wi-Fi,,3100.0,2025,M5,11.0,,,,,,Unknown
Machines,iPad,iPad Pro,iPad Pro 11-inch M5 (2025),7199.0,,1024.0,Unknown,Wi-Fi,,3950.0,2025,M5,11.0,,,,,,Unknown
Machines,iPad,iPad Pro,iPad Pro 11-inch M5 (2025),8999.0,,2048.0,Unknown,Wi-Fi,,4950.0,2025,M5,11.0,,,,,,Unknown
Machines,iPad,iPad Pro,iPad Pro 11-inch M5 (2025),5399.0,,256.0,Unknown,Wi-Fi + Cellular,,3100.0,2025,M5,11.0,,,,,,Unknown
Machines,iPad,iPad Pro,iPad Pro 11-inch M5 (2025),6299.0,,512.0,Unknown,Wi-Fi + Cellular,,3575.0,2025,M5,11.0,,,,,,Unknown
Machines,iPad,iPad Pro,iPad Pro 11-inch M5 (2025),8099.0,,1024.0,Unknown,Wi-Fi + Cellular,,4425.0,2025,M5,11.0,,,,,,Unknown
Machines,iPad,iPad Pro,iPad Pro 11-inch M5 (2025),9899.0,,2048.0,Unknown,Wi-Fi + Cellular,,5425.0,2025,M5,11.0,,,,,,Unknown
Machines,iPad,iPad Pro,iPad Pro 13-inch M5 (2025),5499.0,,256.0,Unknown,Wi-Fi,,3275.0,2025,M5,13.0,,,,,,Unknown
Machines,iPad,iPad Pro,iPad Pro 13-inch M5 (2025),6399.0,,512.0,Unknown,Wi-Fi,,3800.0,2025,M5,13.0,,,,,,Unknown
Machines,iPad,iPad Pro,iPad Pro 13-inch M5 (2025),8199.0,,1024.0,Unknown,Wi-Fi,,4825.0,2025,M5,13.0,,,,,,Unknown
Machines,iPad,iPad Pro,iPad Pro 13-inch M5 (2025),9999.0,,2048.0,Unknown,Wi-Fi,,5825.0,2025,M5,13.0,,,,,,Unknown
Machines,iPad,iPad Pro,iPad Pro 13-inch M5 (2025),6399.0,,256.0,Unknown,Wi-Fi + Cellular,,3800.0,2025,M5,13.0,,,,,,Unknown
Machines,iPad,iPad Pro,iPad Pro 13-inch M5 (2025),7299.0,,512.0,Unknown,Wi-Fi + Cellular,,4300.0,2025,M5,13.0,,,,,,Unknown
Machines,iPad,iPad Pro,iPad Pro 13-inch M5 (2025),9099.0,,1024.0,Unknown,Wi-Fi + Cellular,,5325.0,2025,M5,13.0,,,,,,Unknown
Machines,iPad,iPad Pro,iPad Pro 13-inch M5 (2025),10899.0,,2048.0,Unknown,Wi-Fi + Cellular,,6325.0,2025,M5,13.0,,,,,,Unknown
Switch,iPad,iPad,iPad 10,2849.0,,64.0,Unknown,Wi-Fi + Cellular,,690.0,2022,A14 Bionic,10.9,,,,,,Unknown
Switch,iPad,iPad,iPad 10,3299.0,,256.0,Unknown,Wi-Fi + Cellular,,800.0,2022,A14 Bionic,10.9,,,,,,Unknown
Switch,iPad,iPad,iPad 10,2099.0,,64.0,Unknown,Wi-Fi,,610.0,2022,A14 Bionic,10.9,,,,,,Unknown
Switch,iPad,iPad,iPad 10,2549.0,,256.0,Unknown,Wi-Fi,,690.0,2022,A14 Bionic,10.9,,,,,,Unknown
Switch,iPad,iPad,iPad 11,2299.0,,128.0,Unknown,Wi-Fi + Cellular,,840.0,2025,A16,11.0,,,,,,Unknown
Switch,iPad,iPad,iPad 11,2699.0,,256.0,Unknown,Wi-Fi + Cellular,,1040.0,2025,A16,11.0,,,,,,Unknown
Switch,iPad,iPad,iPad 11,3499.0,,512.0,Unknown,Wi-Fi + Cellular,,1370.0,2025,A16,11.0,,,,,,Unknown
Switch,iPad,iPad,iPad 11,1599.0,,128.0,Unknown,Wi-Fi,,640.0,2025,A16,11.0,,,,,,Unknown
Switch,iPad,iPad,iPad 11,1999.0,,256.0,Unknown,Wi-Fi,,820.0,2025,A16,11.0,,,,,,Unknown
Switch,iPad,iPad,iPad 11,2799.0,,512.0,Unknown,Wi-Fi,,1110.0,2025,A16,11.0,,,,,,Unknown
Switch,iPad,iPad,iPad 4,1899.0,,16.0,Unknown,Wi-Fi + Cellular,,60.0,2012,A6X,9.7,,,,,,Unknown
Switch,iPad,iPad,iPad 4,1499.0,,16.0,Unknown,Wi-Fi,,50.0,2012,A6X,9.7,,,,,,Unknown
Switch,iPad,iPad,iPad 4,2199.0,,32.0,Unknown,Wi-Fi + Cellular,,60.0,2012,A6X,9.7,,,,,,Unknown
Switch,iPad,iPad,iPad 4,1799.0,,32.0,Unknown,Wi-Fi,,50.0,2012,A6X,9.7,,,,,,Unknown
Switch,iPad,iPad,iPad 4,2499.0,,64.0,Unknown,Wi-Fi + Cellular,,60.0,2012,A6X,9.7,,,,,,Unknown
Switch,iPad,iPad,iPad 4,2099.0,,64.0,Unknown,Wi-Fi,,50.0,2012,A6X,9.7,,,,,,Unknown
Switch,iPad,iPad,iPad 4,2799.0,,128.0,Unknown,Wi-Fi + Cellular,,60.0,2012,A6X,9.7,,,,,,Unknown
Switch,iPad,iPad,iPad 4,2799.0,,128.0,Unknown,Wi-Fi,,50.0,2012,A6X,9.7,,,,,,Unknown
Switch,iPad,iPad,iPad 5,1999.0,,32.0,Unknown,Wi-Fi + Cellular,,100.0,2017,A9,9.7,,,,,,Unknown
Switch,iPad,iPad,iPad 5,1449.0,,32.0,Unknown,Wi-Fi,,80.0,2017,A9,9.7,,,,,,Unknown
Switch,iPad,iPad,iPad 5,2399.0,,128.0,Unknown,Wi-Fi + Cellular,,130.0,2017,A9,9.7,,,,,,Unknown
Switch,iPad,iPad,iPad 5,1849.0,,128.0,Unknown,Wi-Fi,,100.0,2017,A9,9.7,,,,,,Unknown
Switch,iPad,iPad,iPad 6,1999.0,,32.0,Unknown,Wi-Fi + Cellular,,130.0,2018,A10 Fusion,9.7,,,,,,Unknown
Switch,iPad,iPad,iPad 6,1449.0,,32.0,Unknown,Wi-Fi,,100.0,2018,A10 Fusion,9.7,,,,,,Unknown
Switch,iPad,iPad,iPad 6,2399.0,,128.0,Unknown,Wi-Fi + Cellular,,170.0,2018,A10 Fusion,9.7,,,,,,Unknown
Switch,iPad,iPad,iPad 6,1849.0,,128.0,Unknown,Wi-Fi,,130.0,2018,A10 Fusion,9.7,,,,,,Unknown
Switch,iPad,iPad,iPad 7,1999.0,,32.0,Unknown,Wi-Fi + Cellular,,170.0,2019,A10 Fusion,10.2,,,,,,Unknown
Switch,iPad,iPad,iPad 7,1449.0,,32.0,Unknown,Wi-Fi,,150.0,2019,A10 Fusion,10.2,,,,,,Unknown
Switch,iPad,iPad,iPad 7,2399.0,,128.0,Unknown,Wi-Fi + Cellular,,340.0,2019,A10 Fusion,10.2,,,,,,Unknown
Switch,iPad,iPad,iPad 7,1849.0,,128.0,Unknown,Wi-Fi,,240.0,2019,A10 Fusion,10.2,,,,,,Unknown
Switch,iPad,iPad,iPad 8,1999.0,,32.0,Unknown,Wi-Fi + Cellular,,310.0,2020,A12 Bionic,10.2,,,,,,Unknown
Switch,iPad,iPad,iPad 8,1449.0,,32.0,Unknown,Wi-Fi,,200.0,2020,A12 Bionic,10.2,,,,,,Unknown
Switch,iPad,iPad,iPad 8,2399.0,,128.0,Unknown,Wi-Fi + Cellular,,360.0,2020,A12 Bionic,10.2,,,,,,Unknown
Switch,iPad,iPad,iPad 8,1849.0,,128.0,Unknown,Wi-Fi,,260.0,2020,A12 Bionic,10.2,,,,,,Unknown
Switch,iPad,iPad,iPad 9,2299.0,,64.0,Unknown,Wi-Fi + Cellular,,350.0,2021,A13 Bionic,10.2,,,,,,Unknown
Switch,iPad,iPad,iPad 9,1599.0,,64.0,Unknown,Wi-Fi,,300.0,2021,A13 Bionic,10.2,,,,,,Unknown
Switch,iPad,iPad,iPad 9,2899.0,,256.0,Unknown,Wi-Fi + Cellular,,450.0,2021,A13 Bionic,10.2,,,,,,Unknown
Switch,iPad,iPad,iPad 9,2199.0,,256.0,Unknown,Wi-Fi,,400.0,2021,A13 Bionic,10.2,,,,,,Unknown
Switch,iPad,iPad Air,iPad Air 1 9.7-inch A7 (2013),1899.0,,16.0,Unknown,Wi-Fi + Cellular,,60.0,2013,A7,9.7,,,,,,Unknown
Switch,iPad,iPad Air,iPad Air 1 9.7-inch A7 (2013),1499.0,,16.0,Unknown,Wi-Fi,,40.0,2013,A7,9.7,,,,,,Unknown
Switch,iPad,iPad Air,iPad Air 1 9.7-inch A7 (2013),2199.0,,32.0,Unknown,Wi-Fi + Cellular,,80.0,2013,A7,9.7,,,,,,Unknown
Switch,iPad,iPad Air,iPad Air 1 9.7-inch A7 (2013),1799.0,,32.0,Unknown,Wi-Fi,,60.0,2013,A7,9.7,,,,,,Unknown
Switch,iPad,iPad Air,iPad Air 1 9.7-inch A7 (2013),2499.0,,64.0,Unknown,Wi-Fi + Cellular,,90.0,2013,A7,9.7,,,,,,Unknown
Switch,iPad,iPad Air,iPad Air 1 9.7-inch A7 (2013),2099.0,,64.0,Unknown,Wi-Fi,,70.0,2013,A7,9.7,,,,,,Unknown
Switch,iPad,iPad Air,iPad Air 1 9.7-inch A7 (2013),2799.0,,128.0,Unknown,Wi-Fi + Cellular,,100.0,2013,A7,9.7,,,,,,Unknown
Switch,iPad,iPad Air,iPad Air 1 9.7-inch A7 (2013),2399.0,,128.0,Unknown,Wi-Fi,,80.0,2013,A7,9.7,,,,,,Unknown
Switch,iPad,iPad Air,iPad Air 2 9.7-inch A8X (2014),2029.0,,16.0,Unknown,Wi-Fi + Cellular,,100.0,2014,A8X,9.7,,,,,,Unknown
Switch,iPad,iPad Air,iPad Air 2 9.7-inch A8X (2014),1599.0,,16.0,Unknown,Wi-Fi,,80.0,2014,A8X,9.7,,,,,,Unknown
Switch,iPad,iPad Air,iPad Air 2 9.7-inch A8X (2014),2229.0,,32.0,Unknown,Wi-Fi + Cellular,,120.0,2014,A8X,9.7,,,,,,Unknown
Switch,iPad,iPad Air,iPad Air 2 9.7-inch A8X (2014),1799.0,,32.0,Unknown,Wi-Fi,,90.0,2014,A8X,9.7,,,,,,Unknown
Switch,iPad,iPad Air,iPad Air 2 9.7-inch A8X (2014),2349.0,,64.0,Unknown,Wi-Fi + Cellular,,130.0,2014,A8X,9.7,,,,,,Unknown
Switch,iPad,iPad Air,iPad Air 2 9.7-inch A8X (2014),1929.0,,64.0,Unknown,Wi-Fi,,100.0,2014,A8X,9.7,,,,,,Unknown
Switch,iPad,iPad Air,iPad Air 2 9.7-inch A8X (2014),2679.0,,128.0,Unknown,Wi-Fi + Cellular,,150.0,2014,A8X,9.7,,,,,,Unknown
Switch,iPad,iPad Air,iPad Air 2 9.7-inch A8X (2014),2249.0,,128.0,Unknown,Wi-Fi,,120.0,2014,A8X,9.7,,,,,,Unknown
Switch,iPad,iPad Air,iPad Air 3 10.5-inch A12 (2019),2749.0,,64.0,Unknown,Wi-Fi + Cellular,,350.0,2019,A12 Bionic,10.5,,,,,,Unknown
Switch,iPad,iPad Air,iPad Air 3 10.5-inch A12 (2019),2199.0,,64.0,Unknown,Wi-Fi,,250.0,2019,A12 Bionic,10.5,,,,,,Unknown
Switch,iPad,iPad Air,iPad Air 3 10.5-inch A12 (2019),3399.0,,256.0,Unknown,Wi-Fi + Cellular,,500.0,2019,A12 Bionic,10.5,,,,,,Unknown
Switch,iPad,iPad Air,iPad Air 3 10.5-inch A12 (2019),2849.0,,256.0,Unknown,Wi-Fi,,400.0,2019,A12 Bionic,10.5,,,,,,Unknown
Switch,iPad,iPad Air,iPad Air 4 10.9-inch A14 (2020),3199.0,,64.0,Unknown,Wi-Fi + Cellular,,730.0,2020,A14 Bionic,10.9,,,,,,Unknown
Switch,iPad,iPad Air,iPad Air 4 10.9-inch A14 (2020),2499.0,,64.0,Unknown,Wi-Fi,,560.0,2020,A14 Bionic,10.9,,,,,,Unknown
Switch,iPad,iPad Air,iPad Air 4 10.9-inch A14 (2020),3899.0,,256.0,Unknown,Wi-Fi + Cellular,,850.0,2020,A14 Bionic,10.9,,,,,,Unknown
Switch,iPad,iPad Air,iPad Air 4 10.9-inch A14 (2020),3199.0,,256.0,Unknown,Wi-Fi,,700.0,2020,A14 Bionic,10.9,,,,,,Unknown
Switch,iPad,iPad Air,iPad Air 5 10.9-inch M1 (2022),3199.0,,64.0,Unknown,Wi-Fi + Cellular,,950.0,2022,M1,10.9,,,,,,Unknown
Switch,iPad,iPad Air,iPad Air 5 10.9-inch M1 (2022),2499.0,,64.0,Unknown,Wi-Fi,,840.0,2022,M1,10.9,,,,,,Unknown
Switch,iPad,iPad Air,iPad Air 5 10.9-inch M1 (2022),3899.0,,256.0,Unknown,Wi-Fi + Cellular,,1050.0,2022,M1,10.9,,,,,,Unknown
Switch,iPad,iPad Air,iPad Air 5 10.9-inch M1 (2022),3199.0,,256.0,Unknown,Wi-Fi,,950.0,2022,M1,10.9,,,,,,Unknown
Switch,iPad,iPad Air,iPad Air 6 11-inch M2 (2024),3749.0,,128.0,Unknown,Wi-Fi + Cellular,,1400.0,2024,M2,11.0,,,,,,Unknown
Switch,iPad,iPad Air,iPad Air 6 11-inch M2 (2024),4249.0,,256.0,Unknown,Wi-Fi + Cellular,,1530.0,2024,M2,11.0,,,,,,Unknown
Switch,iPad,iPad Air,iPad Air 6 11-inch M2 (2024),5249.0,,512.0,Unknown,Wi-Fi + Cellular,,1650.0,2024,M2,11.0,,,,,,Unknown
Switch,iPad,iPad Air,iPad Air 6 11-inch M2 (2024),6249.0,,1024.0,Unknown,Wi-Fi + Cellular,,1850.0,2024,M2,11.0,,,,,,Unknown
Switch,iPad,iPad Air,iPad Air 6 11-inch M2 (2024),2999.0,,128.0,Unknown,Wi-Fi,,1050.0,2024,M2,11.0,,,,,,Unknown
Switch,iPad,iPad Air,iPad Air 6 11-inch M2 (2024),3499.0,,256.0,Unknown,Wi-Fi,,1150.0,2024,M2,11.0,,,,,,Unknown
Switch,iPad,iPad Air,iPad Air 6 11-inch M2 (2024),4499.0,,512.0,Unknown,Wi-Fi,,1300.0,2024,M2,11.0,,,,,,Unknown
Switch,iPad,iPad Air,iPad Air 6 11-inch M2 (2024),5499.0,,1024.0,Unknown,Wi-Fi,,1450.0,2024,M2,11.0,,,,,,Unknown
Switch,iPad,iPad Air,iPad Air 6 13-inch M2 (2024),4749.0,,128.0,Unknown,Wi-Fi + Cellular,,1580.0,2024,M2,13.0,,,,,,Unknown
Switch,iPad,iPad Air,iPad Air 6 13-inch M2 (2024),5249.0,,256.0,Unknown,Wi-Fi + Cellular,,1780.0,2024,M2,13.0,,,,,,Unknown
Switch,iPad,iPad Air,iPad Air 6 13-inch M2 (2024),6249.0,,512.0,Unknown,Wi-Fi + Cellular,,1900.0,2024,M2,13.0,,,,,,Unknown
Switch,iPad,iPad Air,iPad Air 6 13-inch M2 (2024),7249.0,,1024.0,Unknown,Wi-Fi + Cellular,,2100.0,2024,M2,13.0,,,,,,Unknown
Switch,iPad,iPad Air,iPad Air 6 13-inch M2 (2024),3999.0,,128.0,Unknown,Wi-Fi,,1300.0,2024,M2,13.0,,,,,,Unknown
Switch,iPad,iPad Air,iPad Air 6 13-inch M2 (2024),4499.0,,256.0,Unknown,Wi-Fi,,1480.0,2024,M2,13.0,,,,,,Unknown
Switch,iPad,iPad Air,iPad Air 6 13-inch M2 (2024),5499.0,,512.0,Unknown,Wi-Fi,,1700.0,2024,M2,13.0,,,,,,Unknown
Switch,iPad,iPad Air,iPad Air 6 13-inch M2 (2024),6499.0,,1024.0,Unknown,Wi-Fi,,1850.0,2024,M2,13.0,,,,,,Unknown
Switch,iPad,iPad Air,iPad Air 7 11-inch M3 (2025),3499.0,,128.0,Unknown,Wi-Fi + Cellular,,1660.0,2025,M3,11.0,,,,,,Unknown
Switch,iPad,iPad Air,iPad Air 7 11-inch M3 (2025),3899.0,,256.0,Unknown,Wi-Fi + Cellular,,1850.0,2025,M3,11.0,,,,,,Unknown
Switch,iPad,iPad Air,iPad Air 7 11-inch M3 (2025),4799.0,,512.0,Unknown,Wi-Fi + Cellular,,2100.0,2025,M3,11.0,,,,,,Unknown
Switch,iPad,iPad Air,iPad Air 7 11-inch M3 (2025),5699.0,,1024.0,Unknown,Wi-Fi + Cellular,,2350.0,2025,M3,11.0,,,,,,Unknown
Switch,iPad,iPad Air,iPad Air 7 11-inch M3 (2025),2799.0,,128.0,Unknown,Wi-Fi,,1280.0,2025,M3,11.0,,,,,,Unknown
Switch,iPad,iPad Air,iPad Air 7 11-inch M3 (2025),3199.0,,256.0,Unknown,Wi-Fi,,1480.0,2025,M3,11.0,,,,,,Unknown
Switch,iPad,iPad Air,iPad Air 7 11-inch M3 (2025),4099.0,,512.0,Unknown,Wi-Fi,,1700.0,2025,M3,11.0,,,,,,Unknown
Switch,iPad,iPad Air,iPad Air 7 11-inch M3 (2025),4999.0,,1024.0,Unknown,Wi-Fi,,1900.0,2025,M3,11.0,,,,,,Unknown
Switch,iPad,iPad Air,iPad Air 7 13-inch M3 (2025),4399.0,,128.0,Unknown,Wi-Fi + Cellular,,1930.0,2025,M3,13.0,,,,,,Unknown
Switch,iPad,iPad Air,iPad Air 7 13-inch M3 (2025),4799.0,,256.0,Unknown,Wi-Fi + Cellular,,2150.0,2025,M3,13.0,,,,,,Unknown
Switch,iPad,iPad Air,iPad Air 7 13-inch M3 (2025),5699.0,,512.0,Unknown,Wi-Fi + Cellular,,2400.0,2025,M3,13.0,,,,,,Unknown
Switch,iPad,iPad Air,iPad Air 7 13-inch M3 (2025),6599.0,,1024.0,Unknown,Wi-Fi + Cellular,,2700.0,2025,M3,13.0,,,,,,Unknown
Switch,iPad,iPad Air,iPad Air 7 13-inch M3 (2025),3699.0,,128.0,Unknown,Wi-Fi,,1680.0,2025,M3,13.0,,,,,,Unknown
Switch,iPad,iPad Air,iPad Air 7 13-inch M3 (2025),4099.0,,256.0,Unknown,Wi-Fi,,1870.0,2025,M3,13.0,,,,,,Unknown
Switch,iPad,iPad Air,iPad Air 7 13-inch M3 (2025),4999.0,,512.0,Unknown,Wi-Fi,,2100.0,2025,M3,13.0,,,,,,Unknown
Switch,iPad,iPad Air,iPad Air 7 13-inch M3 (2025),5899.0,,1024.0,Unknown,Wi-Fi,,2450.0,2025,M3,13.0,,,,,,Unknown
Switch,iPad,iPad mini,iPad Mini 1,1399.0,,16.0,Unknown,Wi-Fi + Cellular,,40.0,2012,A5,7.9,,,,,,Unknown
Switch,iPad,iPad mini,iPad Mini 1,999.0,,16.0,Unknown,Wi-Fi,,40.0,2012,A5,7.9,,,,,,Unknown
Switch,iPad,iPad mini,iPad Mini 1,1699.0,,32.0,Unknown,Wi-Fi + Cellular,,40.0,2012,A5,7.9,,,,,,Unknown
Switch,iPad,iPad mini,iPad Mini 1,1299.0,,32.0,Unknown,Wi-Fi,,40.0,2012,A5,7.9,,,,,,Unknown
Switch,iPad,iPad mini,iPad Mini 1,1999.0,,64.0,Unknown,Wi-Fi + Cellular,,40.0,2012,A5,7.9,,,,,,Unknown
Switch,iPad,iPad mini,iPad Mini 1,1599.0,,64.0,Unknown,Wi-Fi,,40.0,2012,A5,7.9,,,,,,Unknown
Switch,iPad,iPad mini,iPad Mini 2,1699.0,,16.0,Unknown,Wi-Fi + Cellular,,60.0,2013,A7,7.9,,,,,,Unknown
Switch,iPad,iPad mini,iPad Mini 2,1279.0,,16.0,Unknown,Wi-Fi,,40.0,2013,A7,7.9,,,,,,Unknown
Switch,iPad,iPad mini,iPad Mini 2,2029.0,,32.0,Unknown,Wi-Fi + Cellular,,60.0,2013,A7,7.9,,,,,,Unknown
Switch,iPad,iPad mini,iPad Mini 2,1599.0,,32.0,Unknown,Wi-Fi,,40.0,2013,A7,7.9,,,,,,Unknown
Switch,iPad,iPad mini,iPad Mini 2,2349.0,,64.0,Unknown,Wi-Fi + Cellular,,60.0,2013,A7,7.9,,,,,,Unknown
Switch,iPad,iPad mini,iPad Mini 2,1929.0,,64.0,Unknown,Wi-Fi,,40.0,2013,A7,7.9,,,,,,Unknown
Switch,iPad,iPad mini,iPad Mini 2,2699.0,,128.0,Unknown,Wi-Fi + Cellular,,60.0,2013,A7,7.9,,,,,,Unknown
Switch,iPad,iPad mini,iPad Mini 2,2249.0,,128.0,Unknown,Wi-Fi,,40.0,2013,A7,7.9,,,,,,Unknown
Switch,iPad,iPad mini,iPad Mini 3,1801.0,,16.0,Unknown,Wi-Fi + Cellular,,90.0,2014,A7,7.9,,,,,,Unknown
Switch,iPad,iPad mini,iPad Mini 3,1356.0,,16.0,Unknown,Wi-Fi,,80.0,2014,A7,7.9,,,,,,Unknown
Switch,iPad,iPad mini,iPad Mini 3,2249.0,,64.0,Unknown,Wi-Fi + Cellular,,120.0,2014,A7,7.9,,,,,,Unknown
Switch,iPad,iPad mini,iPad Mini 3,1695.0,,64.0,Unknown,Wi-Fi,,100.0,2014,A7,7.9,,,,,,Unknown
Switch,iPad,iPad mini,iPad Mini 3,2679.0,,128.0,Unknown,Wi-Fi + Cellular,,150.0,2014,A7,7.9,,,,,,Unknown
Switch,iPad,iPad mini,iPad Mini 3,2045.0,,128.0,Unknown,Wi-Fi,,130.0,2014,A7,7.9,,,,,,Unknown
Switch,iPad,iPad mini,iPad Mini 4,2099.0,,16.0,Unknown,Wi-Fi + Cellular,,120.0,2015,A8,7.9,,,,,,Unknown
Switch,iPad,iPad mini,iPad Mini 4,1599.0,,16.0,Unknown,Wi-Fi,,100.0,2015,A8,7.9,,,,,,Unknown
Switch,iPad,iPad mini,iPad Mini 4,2199.0,,32.0,Unknown,Wi-Fi + Cellular,,170.0,2015,A8,7.9,,,,,,Unknown
Switch,iPad,iPad mini,iPad Mini 4,1699.0,,32.0,Unknown,Wi-Fi,,140.0,2015,A8,7.9,,,,,,Unknown
Switch,iPad,iPad mini,iPad Mini 4,2499.0,,64.0,Unknown,Wi-Fi + Cellular,,200.0,2015,A8,7.9,,,,,,Unknown
Switch,iPad,iPad mini,iPad Mini 4,1999.0,,64.0,Unknown,Wi-Fi,,170.0,2015,A8,7.9,,,,,,Unknown
Switch,iPad,iPad mini,iPad Mini 4,2899.0,,128.0,Unknown,Wi-Fi + Cellular,,250.0,2015,A8,7.9,,,,,,Unknown
Switch,iPad,iPad mini,iPad Mini 4,2399.0,,128.0,Unknown,Wi-Fi,,200.0,2015,A8,7.9,,,,,,Unknown
Switch,iPad,iPad mini,iPad Mini 5,2249.0,,64.0,Unknown,Wi-Fi + Cellular,,350.0,2019,A12 Bionic,7.9,,,,,,Unknown
Switch,iPad,iPad mini,iPad Mini 5,1699.0,,64.0,Unknown,Wi-Fi,,300.0,2019,A12 Bionic,7.9,,,,,,Unknown
Switch,iPad,iPad mini,iPad Mini 5,2899.0,,256.0,Unknown,Wi-Fi + Cellular,,400.0,2019,A12 Bionic,7.9,,,,,,Unknown
Switch,iPad,iPad mini,iPad Mini 5,2349.0,,256.0,Unknown,Wi-Fi,,350.0,2019,A12 Bionic,7.9,,,,,,Unknown
Switch,iPad,iPad mini,iPad Mini 6,2949.0,,64.0,Unknown,Wi-Fi + Cellular,,800.0,2021,A15 Bionic,8.3,,,,,,Unknown
Switch,iPad,iPad mini,iPad Mini 6,2299.0,,64.0,Unknown,Wi-Fi,,590.0,2021,A15 Bionic,8.3,,,,,,Unknown
Switch,iPad,iPad mini,iPad Mini 6,3599.0,,256.0,Unknown,Wi-Fi + Cellular,,900.0,2021,A15 Bionic,8.3,,,,,,Unknown
Switch,iPad,iPad mini,iPad Mini 6,2949.0,,256.0,Unknown,Wi-Fi,,700.0,2021,A15 Bionic,8.3,,,,,,Unknown
Switch,iPad,iPad mini,iPad Mini 7,2899.0,,128.0,Unknown,Wi-Fi + Cellular,,1070.0,2024,A17 Pro,8.3,,,,,,Unknown
Switch,iPad,iPad mini,iPad Mini 7,3299.0,,256.0,Unknown,Wi-Fi + Cellular,,1290.0,2024,A17 Pro,8.3,,,,,,Unknown
Switch,iPad,iPad mini,iPad Mini 7,4199.0,,512.0,Unknown,Wi-Fi + Cellular,,1520.0,2024,A17 Pro,8.3,,,,,,Unknown
Switch,iPad,iPad mini,iPad Mini 7,2199.0,,128.0,Unknown,Wi-Fi,,890.0,2024,A17 Pro,8.3,,,,,,Unknown
Switch,iPad,iPad mini,iPad Mini 7,2599.0,,256.0,Unknown,Wi-Fi,,1010.0,2024,A17 Pro,8.3,,,,,,Unknown
Switch,iPad,iPad mini,iPad Mini 7,3499.0,,512.0,Unknown,Wi-Fi,,1350.0,2024,A17 Pro,8.3,,,,,,Unknown
Switch,iPad,iPad Pro,iPad Pro 10.5-inch A10X (2017),3599.0,,64.0,Unknown,Wi-Fi + Cellular,,200.0,2017,A10X,10.5,,,,,,Unknown
Switch,iPad,iPad Pro,iPad Pro 10.5-inch A10X (2017),2999.0,,64.0,Unknown,Wi-Fi,,150.0,2017,A10X,10.5,,,,,,Unknown
Switch,iPad,iPad Pro,iPad Pro 10.5-inch A10X (2017),4299.0,,256.0,Unknown,Wi-Fi + Cellular,,300.0,2017,A10X,10.5,,,,,,Unknown
Switch,iPad,iPad Pro,iPad Pro 10.5-inch A10X (2017),3699.0,,256.0,Unknown,Wi-Fi,,250.0,2017,A10X,10.5,,,,,,Unknown
Switch,iPad,iPad Pro,iPad Pro 10.5-inch A10X (2017),4999.0,,512.0,Unknown,Wi-Fi + Cellular,,350.0,2017,A10X,10.5,,,,,,Unknown
Switch,iPad,iPad Pro,iPad Pro 10.5-inch A10X (2017),4399.0,,512.0,Unknown,Wi-Fi,,300.0,2017,A10X,10.5,,,,,,Unknown
Switch,iPad,iPad Pro,iPad Pro 11-inch A12Z (2020),4149.0,,128.0,Unknown,Wi-Fi + Cellular,,830.0,2020,A12Z,11.0,,,,,,Unknown
Switch,iPad,iPad Pro,iPad Pro 11-inch A12Z (2020),3499.0,,128.0,Unknown,Wi-Fi,,750.0,2020,A12Z,11.0,,,,,,Unknown
Switch,iPad,iPad Pro,iPad Pro 11-inch A12Z (2020),4599.0,,256.0,Unknown,Wi-Fi + Cellular,,930.0,2020,A12Z,11.0,,,,,,Unknown
Switch,iPad,iPad Pro,iPad Pro 11-inch A12Z (2020),3949.0,,256.0,Unknown,Wi-Fi,,830.0,2020,A12Z,11.0,,,,,,Unknown
Switch,iPad,iPad Pro,iPad Pro 11-inch A12Z (2020),5499.0,,512.0,Unknown,Wi-Fi + Cellular,,1100.0,2020,A12Z,11.0,,,,,,Unknown
Switch,iPad,iPad Pro,iPad Pro 11-inch A12Z (2020),4849.0,,512.0,Unknown,Wi-Fi,,950.0,2020,A12Z,11.0,,,,,,Unknown
Switch,iPad,iPad Pro,iPad Pro 11-inch A12Z (2020),6399.0,,1024.0,Unknown,Wi-Fi + Cellular,,1130.0,2020,A12Z,11.0,,,,,,Unknown
Switch,iPad,iPad Pro,iPad Pro 11-inch A12Z (2020),5749.0,,1024.0,Unknown,Wi-Fi,,1000.0,2020,A12Z,11.0,,,,,,Unknown
Switch,iPad,iPad Pro,iPad Pro 11-inch M1 (2021),4149.0,,128.0,Unknown,Wi-Fi + Cellular,,1130.0,2021,M1,11.0,,,,,,Unknown
Switch,iPad,iPad Pro,iPad Pro 11-inch M1 (2021),3499.0,,128.0,Unknown,Wi-Fi,,1030.0,2021,M1,11.0,,,,,,Unknown
Switch,iPad,iPad Pro,iPad Pro 11-inch M1 (2021),4599.0,,256.0,Unknown,Wi-Fi + Cellular,,1320.0,2021,M1,11.0,,,,,,Unknown
Switch,iPad,iPad Pro,iPad Pro 11-inch M1 (2021),3949.0,,256.0,Unknown,Wi-Fi,,1200.0,2021,M1,11.0,,,,,,Unknown
Switch,iPad,iPad Pro,iPad Pro 11-inch M1 (2021),5499.0,,512.0,Unknown,Wi-Fi + Cellular,,1480.0,2021,M1,11.0,,,,,,Unknown
Switch,iPad,iPad Pro,iPad Pro 11-inch M1 (2021),4849.0,,512.0,Unknown,Wi-Fi,,1330.0,2021,M1,11.0,,,,,,Unknown
Switch,iPad,iPad Pro,iPad Pro 11-inch M1 (2021),7299.0,,1024.0,Unknown,Wi-Fi + Cellular,,1560.0,2021,M1,11.0,,,,,,Unknown
Switch,iPad,iPad Pro,iPad Pro 11-inch M1 (2021),6649.0,,1024.0,Unknown,Wi-Fi,,1370.0,2021,M1,11.0,,,,,,Unknown
Switch,iPad,iPad Pro,iPad Pro 11-inch M1 (2021),9099.0,,2048.0,Unknown,Wi-Fi + Cellular,,1750.0,2021,M1,11.0,,,,,,Unknown
Switch,iPad,iPad Pro,iPad Pro 11-inch M1 (2021),8449.0,,2048.0,Unknown,Wi-Fi,,1560.0,2021,M1,11.0,,,,,,Unknown
Switch,iPad,iPad Pro,iPad Pro 11-inch M2 (2022),4649.0,,128.0,Unknown,Wi-Fi + Cellular,,1400.0,2022,M2,11.0,,,,,,Unknown
Switch,iPad,iPad Pro,iPad Pro 11-inch M2 (2022),3899.0,,128.0,Unknown,Wi-Fi,,1230.0,2022,M2,11.0,,,,,,Unknown
Switch,iPad,iPad Pro,iPad Pro 11-inch M2 (2022),5149.0,,256.0,Unknown,Wi-Fi + Cellular,,1530.0,2022,M2,11.0,,,,,,Unknown
Switch,iPad,iPad Pro,iPad Pro 11-inch M2 (2022),4399.0,,256.0,Unknown,Wi-Fi,,1380.0,2022,M2,11.0,,,,,,Unknown
Switch,iPad,iPad Pro,iPad Pro 11-inch M2 (2022),6149.0,,512.0,Unknown,Wi-Fi + Cellular,,1650.0,2022,M2,11.0,,,,,,Unknown
Switch,iPad,iPad Pro,iPad Pro 11-inch M2 (2022),5399.0,,512.0,Unknown,Wi-Fi,,1500.0,2022,M2,11.0,,,,,,Unknown
Switch,iPad,iPad Pro,iPad Pro 11-inch M2 (2022),8149.0,,1024.0,Unknown,Wi-Fi + Cellular,,1750.0,2022,M2,11.0,,,,,,Unknown
Switch,iPad,iPad Pro,iPad Pro 11-inch M2 (2022),7399.0,,1024.0,Unknown,Wi-Fi,,1600.0,2022,M2,11.0,,,,,,Unknown
Switch,iPad,iPad Pro,iPad Pro 11-inch M2 (2022),10149.0,,2048.0,Unknown,Wi-Fi + Cellular,,1950.0,2022,M2,11.0,,,,,,Unknown
Switch,iPad,iPad Pro,iPad Pro 11-inch M2 (2022),9399.0,,2048.0,Unknown,Wi-Fi,,1800.0,2022,M2,11.0,,,,,,Unknown
Switch,iPad,iPad Pro,iPad Pro 11-inch M4 (2024) Nano Glass,9799.0,,1024.0,Unknown,Wi-Fi + Cellular,,3000.0,2024,M4,11.0,,,,,,Unknown
Switch,iPad,iPad Pro,iPad Pro 11-inch M4 (2024) Nano Glass,11799.0,,2048.0,Unknown,Wi-Fi + Cellular,,3550.0,2024,M4,11.0,,,,,,Unknown
Switch,iPad,iPad Pro,iPad Pro 11-inch M4 (2024) Standard Glass,6299.0,,256.0,Unknown,Wi-Fi + Cellular,,2100.0,2024,M4,11.0,,,,,,Unknown
Switch,iPad,iPad Pro,iPad Pro 11-inch M4 (2024) Standard Glass,7299.0,,512.0,Unknown,Wi-Fi + Cellular,,2430.0,2024,M4,11.0,,,,,,Unknown
Switch,iPad,iPad Pro,iPad Pro 11-inch M4 (2024) Standard Glass,9299.0,,1024.0,Unknown,Wi-Fi + Cellular,,2950.0,2024,M4,11.0,,,,,,Unknown
Switch,iPad,iPad Pro,iPad Pro 11-inch M4 (2024) Standard Glass,11299.0,,2048.0,Unknown,Wi-Fi + Cellular,,3500.0,2024,M4,11.0,,,,,,Unknown
Switch,iPad,iPad Pro,iPad Pro 11-inch M4 (2024) Nano Glass,8799.0,,1024.0,Unknown,Wi-Fi,,2700.0,2024,M4,11.0,,,,,,Unknown
Switch,iPad,iPad Pro,iPad Pro 11-inch M4 (2024) Nano Glass,10799.0,,2048.0,Unknown,Wi-Fi,,3250.0,2024,M4,11.0,,,,,,Unknown
Switch,iPad,iPad Pro,iPad Pro 11-inch M4 (2024) Standard Glass,5299.0,,256.0,Unknown,Wi-Fi,,1800.0,2024,M4,11.0,,,,,,Unknown
Switch,iPad,iPad Pro,iPad Pro 11-inch M4 (2024) Standard Glass,6299.0,,512.0,Unknown,Wi-Fi,,2180.0,2024,M4,11.0,,,,,,Unknown
Switch,iPad,iPad Pro,iPad Pro 11-inch M4 (2024) Standard Glass,8299.0,,1024.0,Unknown,Wi-Fi,,2680.0,2024,M4,11.0,,,,,,Unknown
Switch,iPad,iPad Pro,iPad Pro 11-inch M4 (2024) Standard Glass,10299.0,,2048.0,Unknown,Wi-Fi,,3210.0,2024,M4,11.0,,,,,,Unknown
Switch,iPad,iPad Pro,iPad Pro 11-inch A12X (2018),4349.0,,64.0,Unknown,Wi-Fi + Cellular,,650.0,2018,A12X,11.0,,,,,,Unknown
Switch,iPad,iPad Pro,iPad Pro 11-inch A12X (2018),3699.0,,64.0,Unknown,Wi-Fi,,550.0,2018,A12X,11.0,,,,,,Unknown
Switch,iPad,iPad Pro,iPad Pro 11-inch A12X (2018),4999.0,,256.0,Unknown,Wi-Fi + Cellular,,750.0,2018,A12X,11.0,,,,,,Unknown
Switch,iPad,iPad Pro,iPad Pro 11-inch A12X (2018),4349.0,,256.0,Unknown,Wi-Fi,,650.0,2018,A12X,11.0,,,,,,Unknown
Switch,iPad,iPad Pro,iPad Pro 11-inch A12X (2018),5849.0,,512.0,Unknown,Wi-Fi + Cellular,,850.0,2018,A12X,11.0,,,,,,Unknown
Switch,iPad,iPad Pro,iPad Pro 11-inch A12X (2018),5199.0,,512.0,Unknown,Wi-Fi,,750.0,2018,A12X,11.0,,,,,,Unknown
Switch,iPad,iPad Pro,iPad Pro 11-inch A12X (2018),7149.0,,1024.0,Unknown,Wi-Fi + Cellular,,950.0,2018,A12X,11.0,,,,,,Unknown
Switch,iPad,iPad Pro,iPad Pro 11-inch A12X (2018),6499.0,,1024.0,Unknown,Wi-Fi,,850.0,2018,A12X,11.0,,,,,,Unknown
Switch,iPad,iPad Pro,iPad Pro 12.9-inch A9X (2015),3599.0,,32.0,Unknown,Wi-Fi,,160.0,2015,A9X,12.9,,,,,,Unknown
Switch,iPad,iPad Pro,iPad Pro 12.9-inch M1 (2021),5449.0,,128.0,Unknown,Wi-Fi + Cellular,,1280.0,2021,M1,12.9,,,,,,Unknown
Switch,iPad,iPad Pro,iPad Pro 12.9-inch M1 (2021),4799.0,,128.0,Unknown,Wi-Fi,,1180.0,2021,M1,12.9,,,,,,Unknown
Switch,iPad,iPad Pro,iPad Pro 12.9-inch M1 (2021),5899.0,,256.0,Unknown,Wi-Fi + Cellular,,1380.0,2021,M1,12.9,,,,,,Unknown
Switch,iPad,iPad Pro,iPad Pro 12.9-inch M1 (2021),5249.0,,256.0,Unknown,Wi-Fi,,1300.0,2021,M1,12.9,,,,,,Unknown
Switch,iPad,iPad Pro,iPad Pro 12.9-inch M1 (2021),6799.0,,512.0,Unknown,Wi-Fi + Cellular,,1510.0,2021,M1,12.9,,,,,,Unknown
Switch,iPad,iPad Pro,iPad Pro 12.9-inch M1 (2021),6149.0,,512.0,Unknown,Wi-Fi,,1400.0,2021,M1,12.9,,,,,,Unknown
Switch,iPad,iPad Pro,iPad Pro 12.9-inch M1 (2021),8599.0,,1024.0,Unknown,Wi-Fi + Cellular,,1660.0,2021,M1,12.9,,,,,,Unknown
Switch,iPad,iPad Pro,iPad Pro 12.9-inch M1 (2021),7949.0,,1024.0,Unknown,Wi-Fi,,1510.0,2021,M1,12.9,,,,,,Unknown
Switch,iPad,iPad Pro,iPad Pro 12.9-inch M1 (2021),10399.0,,2048.0,Unknown,Wi-Fi + Cellular,,1810.0,2021,M1,12.9,,,,,,Unknown
Switch,iPad,iPad Pro,iPad Pro 12.9-inch M1 (2021),9749.0,,2048.0,Unknown,Wi-Fi,,1740.0,2021,M1,12.9,,,,,,Unknown
Switch,iPad,iPad Pro,iPad Pro 12.9-inch M2 (2022),6149.0,,128.0,Unknown,Wi-Fi + Cellular,,1580.0,2022,M2,12.9,,,,,,Unknown
Switch,iPad,iPad Pro,iPad Pro 12.9-inch M2 (2022),5399.0,,128.0,Unknown,Wi-Fi,,1430.0,2022,M2,12.9,,,,,,Unknown
Switch,iPad,iPad Pro,iPad Pro 12.9-inch M2 (2022),6599.0,,256.0,Unknown,Wi-Fi + Cellular,,1700.0,2022,M2,12.9,,,,,,Unknown
Switch,iPad,iPad Pro,iPad Pro 12.9-inch M2 (2022),5849.0,,256.0,Unknown,Wi-Fi,,1550.0,2022,M2,12.9,,,,,,Unknown
Switch,iPad,iPad Pro,iPad Pro 12.9-inch M2 (2022),7499.0,,512.0,Unknown,Wi-Fi + Cellular,,1850.0,2022,M2,12.9,,,,,,Unknown
Switch,iPad,iPad Pro,iPad Pro 12.9-inch M2 (2022),6749.0,,512.0,Unknown,Wi-Fi,,1680.0,2022,M2,12.9,,,,,,Unknown
Switch,iPad,iPad Pro,iPad Pro 12.9-inch M2 (2022),9299.0,,1024.0,Unknown,Wi-Fi + Cellular,,1930.0,2022,M2,12.9,,,,,,Unknown
Switch,iPad,iPad Pro,iPad Pro 12.9-inch M2 (2022),8549.0,,1024.0,Unknown,Wi-Fi,,1880.0,2022,M2,12.9,,,,,,Unknown
Switch,iPad,iPad Pro,iPad Pro 12.9-inch M2 (2022),11099.0,,2048.0,Unknown,Wi-Fi + Cellular,,2130.0,2022,M2,12.9,,,,,,Unknown
Switch,iPad,iPad Pro,iPad Pro 12.9-inch M2 (2022),10349.0,,2048.0,Unknown,Wi-Fi,,2080.0,2022,M2,12.9,,,,,,Unknown
Switch,iPad,iPad Pro,iPad Pro 12.9-inch A9X (2015),4899.0,,128.0,Unknown,Wi-Fi + Cellular,,200.0,2015,A9X,12.9,,,,,,Unknown
Switch,iPad,iPad Pro,iPad Pro 12.9-inch A9X (2015),4299.0,,128.0,Unknown,Wi-Fi,,170.0,2015,A9X,12.9,,,,,,Unknown
Switch,iPad,iPad Pro,iPad Pro 12.9-inch A9X (2015),5699.0,,256.0,Unknown,Wi-Fi + Cellular,,250.0,2015,A9X,12.9,,,,,,Unknown
Switch,iPad,iPad Pro,iPad Pro 12.9-inch A9X (2015),4999.0,,256.0,Unknown,Wi-Fi,,200.0,2015,A9X,12.9,,,,,,Unknown
Switch,iPad,iPad Pro,iPad Pro 12.9-inch A10X (2017),4849.0,,64.0,Unknown,Wi-Fi + Cellular,,410.0,2017,A10X,12.9,,,,,,Unknown
Switch,iPad,iPad Pro,iPad Pro 12.9-inch A10X (2017),4199.0,,64.0,Unknown,Wi-Fi,,380.0,2017,A10X,12.9,,,,,,Unknown
Switch,iPad,iPad Pro,iPad Pro 12.9-inch A10X (2017),5499.0,,256.0,Unknown,Wi-Fi + Cellular,,480.0,2017,A10X,12.9,,,,,,Unknown
Switch,iPad,iPad Pro,iPad Pro 12.9-inch A10X (2017),4849.0,,256.0,Unknown,Wi-Fi,,430.0,2017,A10X,12.9,,,,,,Unknown
Switch,iPad,iPad Pro,iPad Pro 12.9-inch A10X (2017),6399.0,,512.0,Unknown,Wi-Fi + Cellular,,580.0,2017,A10X,12.9,,,,,,Unknown
Switch,iPad,iPad Pro,iPad Pro 12.9-inch A10X (2017),5749.0,,512.0,Unknown,Wi-Fi,,560.0,2017,A10X,12.9,,,,,,Unknown
Switch,iPad,iPad Pro,iPad Pro 12.9-inch A12X (2018),4999.0,,64.0,Unknown,Wi-Fi + Cellular,,750.0,2018,A12X,12.9,,,,,,Unknown
Switch,iPad,iPad Pro,iPad Pro 12.9-inch A12X (2018),4349.0,,64.0,Unknown,Wi-Fi,,650.0,2018,A12X,12.9,,,,,,Unknown
Switch,iPad,iPad Pro,iPad Pro 12.9-inch A12X (2018),5649.0,,256.0,Unknown,Wi-Fi + Cellular,,850.0,2018,A12X,12.9,,,,,,Unknown
Switch,iPad,iPad Pro,iPad Pro 12.9-inch A12X (2018),4999.0,,256.0,Unknown,Wi-Fi,,750.0,2018,A12X,12.9,,,,,,Unknown
Switch,iPad,iPad Pro,iPad Pro 12.9-inch A12X (2018),6499.0,,512.0,Unknown,Wi-Fi + Cellular,,950.0,2018,A12X,12.9,,,,,,Unknown
Switch,iPad,iPad Pro,iPad Pro 12.9-inch A12X (2018),5849.0,,512.0,Unknown,Wi-Fi,,850.0,2018,A12X,12.9,,,,,,Unknown
Switch,iPad,iPad Pro,iPad Pro 12.9-inch A12X (2018),8199.0,,1024.0,Unknown,Wi-Fi + Cellular,,1050.0,2018,A12X,12.9,,,,,,Unknown
Switch,iPad,iPad Pro,iPad Pro 12.9-inch A12X (2018),7549.0,,1024.0,Unknown,Wi-Fi,,950.0,2018,A12X,12.9,,,,,,Unknown
Switch,iPad,iPad Pro,iPad Pro 12.9-inch A12Z (2020),5049.0,,128.0,Unknown,Wi-Fi + Cellular,,1100.0,2020,A12Z,12.9,,,,,,Unknown
Switch,iPad,iPad Pro,iPad Pro 12.9-inch A12Z (2020),4399.0,,128.0,Unknown,Wi-Fi,,930.0,2020,A12Z,12.9,,,,,,Unknown
Switch,iPad,iPad Pro,iPad Pro 12.9-inch A12Z (2020),5499.0,,256.0,Unknown,Wi-Fi + Cellular,,1230.0,2020,A12Z,12.9,,,,,,Unknown
Switch,iPad,iPad Pro,iPad Pro 12.9-inch A12Z (2020),4849.0,,256.0,Unknown,Wi-Fi,,1100.0,2020,A12Z,12.9,,,,,,Unknown
Switch,iPad,iPad Pro,iPad Pro 12.9-inch A12Z (2020),6399.0,,512.0,Unknown,Wi-Fi + Cellular,,1380.0,2020,A12Z,12.9,,,,,,Unknown
Switch,iPad,iPad Pro,iPad Pro 12.9-inch A12Z (2020),5749.0,,512.0,Unknown,Wi-Fi,,1230.0,2020,A12Z,12.9,,,,,,Unknown
Switch,iPad,iPad Pro,iPad Pro 12.9-inch A12Z (2020),7299.0,,1024.0,Unknown,Wi-Fi + Cellular,,1450.0,2020,A12Z,12.9,,,,,,Unknown
Switch,iPad,iPad Pro,iPad Pro 12.9-inch A12Z (2020),6649.0,,1024.0,Unknown,Wi-Fi,,1310.0,2020,A12Z,12.9,,,,,,Unknown
Switch,iPad,iPad Pro,iPad Pro 13-inch M4 (2024) Nano Glass,9999.0,,1024.0,Unknown,Wi-Fi + Cellular,,3650.0,2024,M4,13.0,,,,,,Unknown
Switch,iPad,iPad Pro,iPad Pro 13-inch M4 (2024) Nano Glass,11999.0,,2048.0,Unknown,Wi-Fi + Cellular,,4200.0,2024,M4,13.0,,,,,,Unknown
Switch,iPad,iPad Pro,iPad Pro 13-inch M4 (2024) Standard Glass,6499.0,,256.0,Unknown,Wi-Fi + Cellular,,2620.0,2024,M4,13.0,,,,,,Unknown
Switch,iPad,iPad Pro,iPad Pro 13-inch M4 (2024) Standard Glass,7499.0,,512.0,Unknown,Wi-Fi + Cellular,,3000.0,2024,M4,13.0,,,,,,Unknown
Switch,iPad,iPad Pro,iPad Pro 13-inch M4 (2024) Standard Glass,9499.0,,1024.0,Unknown,Wi-Fi + Cellular,,3600.0,2024,M4,13.0,,,,,,Unknown
Switch,iPad,iPad Pro,iPad Pro 13-inch M4 (2024) Standard Glass,11499.0,,2048.0,Unknown,Wi-Fi + Cellular,,4150.0,2024,M4,13.0,,,,,,Unknown
Switch,iPad,iPad Pro,iPad Pro 13-inch M4 (2024) Nano Glass,8999.0,,1024.0,Unknown,Wi-Fi,,3250.0,2024,M4,13.0,,,,,,Unknown
Switch,iPad,iPad Pro,iPad Pro 13-inch M4 (2024) Nano Glass,10999.0,,2048.0,Unknown,Wi-Fi,,3800.0,2024,M4,13.0,,,,,,Unknown
Switch,iPad,iPad Pro,iPad Pro 13-inch M4 (2024) Standard Glass,5499.0,,256.0,Unknown,Wi-Fi,,2230.0,2024,M4,13.0,,,,,,Unknown
Switch,iPad,iPad Pro,iPad Pro 13-inch M4 (2024) Standard Glass,6499.0,,512.0,Unknown,Wi-Fi,,2650.0,2024,M4,13.0,,,,,,Unknown
Switch,iPad,iPad Pro,iPad Pro 13-inch M4 (2024) Standard Glass,8499.0,,1024.0,Unknown,Wi-Fi,,3210.0,2024,M4,13.0,,,,,,Unknown
Switch,iPad,iPad Pro,iPad Pro 13-inch M4 (2024) Standard Glass,10499.0,,2048.0,Unknown,Wi-Fi,,3780.0,2024,M4,13.0,,,,,,Unknown
Switch,iPad,iPad Pro,iPad Pro 9.7-inch A9X (2016),3299.0,,32.0,Unknown,Wi-Fi + Cellular,,160.0,2016,A9X,9.7,,,,,,Unknown
Switch,iPad,iPad Pro,iPad Pro 9.7-inch A9X (2016),2699.0,,32.0,Unknown,Wi-Fi,,150.0,2016,A9X,9.7,,,,,,Unknown
Switch,iPad,iPad Pro,iPad Pro 9.7-inch A9X (2016),3999.0,,128.0,Unknown,Wi-Fi + Cellular,,170.0,2016,A9X,9.7,,,,,,Unknown
Switch,iPad,iPad Pro,iPad Pro 9.7-inch A9X (2016),3399.0,,128.0,Unknown,Wi-Fi,,160.0,2016,A9X,9.7,,,,,,Unknown
Switch,iPad,iPad Pro,iPad Pro 9.7-inch A9X (2016),4699.0,,256.0,Unknown,Wi-Fi + Cellular,,210.0,2016,A9X,9.7,,,,,,Unknown
Switch,iPad,iPad Pro,iPad Pro 9.7-inch A9X (2016),4099.0,,256.0,Unknown,Wi-Fi,,200.0,2016,A9X,9.7,,,,,,Unknown
UR,iPad,iPad,iPad 10,2849.0,,64.0,Unknown,Wi-Fi + Cellular,,690.0,2022,A14 Bionic,10.9,,,,,,Unknown
UR,iPad,iPad,iPad 10,3299.0,,256.0,Unknown,Wi-Fi + Cellular,,800.0,2022,A14 Bionic,10.9,,,,,,Unknown
UR,iPad,iPad,iPad 10,2099.0,,64.0,Unknown,Wi-Fi,,610.0,2022,A14 Bionic,10.9,,,,,,Unknown
UR,iPad,iPad,iPad 10,2549.0,,256.0,Unknown,Wi-Fi,,690.0,2022,A14 Bionic,10.9,,,,,,Unknown
UR,iPad,iPad,iPad 11,2299.0,,128.0,Unknown,Wi-Fi + Cellular,,840.0,2025,A16,11.0,,,,,,Unknown
UR,iPad,iPad,iPad 11,2699.0,,256.0,Unknown,Wi-Fi + Cellular,,1040.0,2025,A16,11.0,,,,,,Unknown
UR,iPad,iPad,iPad 11,3499.0,,512.0,Unknown,Wi-Fi + Cellular,,1370.0,2025,A16,11.0,,,,,,Unknown
UR,iPad,iPad,iPad 11,1599.0,,128.0,Unknown,Wi-Fi,,640.0,2025,A16,11.0,,,,,,Unknown
UR,iPad,iPad,iPad 11,1999.0,,256.0,Unknown,Wi-Fi,,820.0,2025,A16,11.0,,,,,,Unknown
UR,iPad,iPad,iPad 11,2799.0,,512.0,Unknown,Wi-Fi,,1110.0,2025,A16,11.0,,,,,,Unknown
UR,iPad,iPad,iPad 4,1899.0,,16.0,Unknown,Wi-Fi + Cellular,,60.0,2012,A6X,9.7,,,,,,Unknown
UR,iPad,iPad,iPad 4,1499.0,,16.0,Unknown,Wi-Fi,,50.0,2012,A6X,9.7,,,,,,Unknown
UR,iPad,iPad,iPad 4,2199.0,,32.0,Unknown,Wi-Fi + Cellular,,60.0,2012,A6X,9.7,,,,,,Unknown
UR,iPad,iPad,iPad 4,1799.0,,32.0,Unknown,Wi-Fi,,50.0,2012,A6X,9.7,,,,,,Unknown
UR,iPad,iPad,iPad 4,2499.0,,64.0,Unknown,Wi-Fi + Cellular,,60.0,2012,A6X,9.7,,,,,,Unknown
UR,iPad,iPad,iPad 4,2099.0,,64.0,Unknown,Wi-Fi,,50.0,2012,A6X,9.7,,,,,,Unknown
UR,iPad,iPad,iPad 4,2799.0,,128.0,Unknown,Wi-Fi + Cellular,,60.0,2012,A6X,9.7,,,,,,Unknown
UR,iPad,iPad,iPad 4,2799.0,,128.0,Unknown,Wi-Fi,,50.0,2012,A6X,9.7,,,,,,Unknown
UR,iPad,iPad,iPad 5,1999.0,,32.0,Unknown,Wi-Fi + Cellular,,100.0,2017,A9,9.7,,,,,,Unknown
UR,iPad,iPad,iPad 5,1449.0,,32.0,Unknown,Wi-Fi,,80.0,2017,A9,9.7,,,,,,Unknown
UR,iPad,iPad,iPad 5,2399.0,,128.0,Unknown,Wi-Fi + Cellular,,130.0,2017,A9,9.7,,,,,,Unknown
UR,iPad,iPad,iPad 5,1849.0,,128.0,Unknown,Wi-Fi,,100.0,2017,A9,9.7,,,,,,Unknown
UR,iPad,iPad,iPad 6,1999.0,,32.0,Unknown,Wi-Fi + Cellular,,130.0,2018,A10 Fusion,9.7,,,,,,Unknown
UR,iPad,iPad,iPad 6,1449.0,,32.0,Unknown,Wi-Fi,,100.0,2018,A10 Fusion,9.7,,,,,,Unknown
UR,iPad,iPad,iPad 6,2399.0,,128.0,Unknown,Wi-Fi + Cellular,,170.0,2018,A10 Fusion,9.7,,,,,,Unknown
UR,iPad,iPad,iPad 6,1849.0,,128.0,Unknown,Wi-Fi,,130.0,2018,A10 Fusion,9.7,,,,,,Unknown
UR,iPad,iPad,iPad 7,1999.0,,32.0,Unknown,Wi-Fi + Cellular,,170.0,2019,A10 Fusion,10.2,,,,,,Unknown
UR,iPad,iPad,iPad 7,1449.0,,32.0,Unknown,Wi-Fi,,150.0,2019,A10 Fusion,10.2,,,,,,Unknown
UR,iPad,iPad,iPad 7,2399.0,,128.0,Unknown,Wi-Fi + Cellular,,340.0,2019,A10 Fusion,10.2,,,,,,Unknown
UR,iPad,iPad,iPad 7,1849.0,,128.0,Unknown,Wi-Fi,,240.0,2019,A10 Fusion,10.2,,,,,,Unknown
UR,iPad,iPad,iPad 8,1999.0,,32.0,Unknown,Wi-Fi + Cellular,,310.0,2020,A12 Bionic,10.2,,,,,,Unknown
UR,iPad,iPad,iPad 8,1449.0,,32.0,Unknown,Wi-Fi,,200.0,2020,A12 Bionic,10.2,,,,,,Unknown
UR,iPad,iPad,iPad 8,2399.0,,128.0,Unknown,Wi-Fi + Cellular,,360.0,2020,A12 Bionic,10.2,,,,,,Unknown
UR,iPad,iPad,iPad 8,1849.0,,128.0,Unknown,Wi-Fi,,260.0,2020,A12 Bionic,10.2,,,,,,Unknown
UR,iPad,iPad,iPad 9,2299.0,,64.0,Unknown,Wi-Fi + Cellular,,350.0,2021,A13 Bionic,10.2,,,,,,Unknown
UR,iPad,iPad,iPad 9,1599.0,,64.0,Unknown,Wi-Fi,,300.0,2021,A13 Bionic,10.2,,,,,,Unknown
UR,iPad,iPad,iPad 9,2899.0,,256.0,Unknown,Wi-Fi + Cellular,,450.0,2021,A13 Bionic,10.2,,,,,,Unknown
UR,iPad,iPad,iPad 9,2199.0,,256.0,Unknown,Wi-Fi,,400.0,2021,A13 Bionic,10.2,,,,,,Unknown
UR,iPad,iPad Air,iPad Air 1 9.7-inch A7 (2013),1899.0,,16.0,Unknown,Wi-Fi + Cellular,,60.0,2013,A7,9.7,,,,,,Unknown
UR,iPad,iPad Air,iPad Air 1 9.7-inch A7 (2013),1499.0,,16.0,Unknown,Wi-Fi,,40.0,2013,A7,9.7,,,,,,Unknown
UR,iPad,iPad Air,iPad Air 1 9.7-inch A7 (2013),2199.0,,32.0,Unknown,Wi-Fi + Cellular,,80.0,2013,A7,9.7,,,,,,Unknown
UR,iPad,iPad Air,iPad Air 1 9.7-inch A7 (2013),1799.0,,32.0,Unknown,Wi-Fi,,60.0,2013,A7,9.7,,,,,,Unknown
UR,iPad,iPad Air,iPad Air 1 9.7-inch A7 (2013),2499.0,,64.0,Unknown,Wi-Fi + Cellular,,90.0,2013,A7,9.7,,,,,,Unknown
UR,iPad,iPad Air,iPad Air 1 9.7-inch A7 (2013),2099.0,,64.0,Unknown,Wi-Fi,,70.0,2013,A7,9.7,,,,,,Unknown
UR,iPad,iPad Air,iPad Air 1 9.7-inch A7 (2013),2799.0,,128.0,Unknown,Wi-Fi + Cellular,,100.0,2013,A7,9.7,,,,,,Unknown
UR,iPad,iPad Air,iPad Air 1 9.7-inch A7 (2013),2399.0,,128.0,Unknown,Wi-Fi,,80.0,2013,A7,9.7,,,,,,Unknown
UR,iPad,iPad Air,iPad Air 2 9.7-inch A8X (2014),2029.0,,16.0,Unknown,Wi-Fi + Cellular,,100.0,2014,A8X,9.7,,,,,,Unknown
UR,iPad,iPad Air,iPad Air 2 9.7-inch A8X (2014),1599.0,,16.0,Unknown,Wi-Fi,,80.0,2014,A8X,9.7,,,,,,Unknown
UR,iPad,iPad Air,iPad Air 2 9.7-inch A8X (2014),2229.0,,32.0,Unknown,Wi-Fi + Cellular,,120.0,2014,A8X,9.7,,,,,,Unknown
UR,iPad,iPad Air,iPad Air 2 9.7-inch A8X (2014),1799.0,,32.0,Unknown,Wi-Fi,,90.0,2014,A8X,9.7,,,,,,Unknown
UR,iPad,iPad Air,iPad Air 2 9.7-inch A8X (2014),2349.0,,64.0,Unknown,Wi-Fi + Cellular,,130.0,2014,A8X,9.7,,,,,,Unknown
UR,iPad,iPad Air,iPad Air 2 9.7-inch A8X (2014),1929.0,,64.0,Unknown,Wi-Fi,,100.0,2014,A8X,9.7,,,,,,Unknown
UR,iPad,iPad Air,iPad Air 2 9.7-inch A8X (2014),2679.0,,128.0,Unknown,Wi-Fi + Cellular,,150.0,2014,A8X,9.7,,,,,,Unknown
UR,iPad,iPad Air,iPad Air 2 9.7-inch A8X (2014),2249.0,,128.0,Unknown,Wi-Fi,,120.0,2014,A8X,9.7,,,,,,Unknown
UR,iPad,iPad Air,iPad Air 3 10.5-inch A12 (2019),2749.0,,64.0,Unknown,Wi-Fi + Cellular,,350.0,2019,A12 Bionic,10.5,,,,,,Unknown
UR,iPad,iPad Air,iPad Air 3 10.5-inch A12 (2019),2199.0,,64.0,Unknown,Wi-Fi,,250.0,2019,A12 Bionic,10.5,,,,,,Unknown
UR,iPad,iPad Air,iPad Air 3 10.5-inch A12 (2019),3399.0,,256.0,Unknown,Wi-Fi + Cellular,,500.0,2019,A12 Bionic,10.5,,,,,,Unknown
UR,iPad,iPad Air,iPad Air 3 10.5-inch A12 (2019),2849.0,,256.0,Unknown,Wi-Fi,,400.0,2019,A12 Bionic,10.5,,,,,,Unknown
UR,iPad,iPad Air,iPad Air 4 10.9-inch A14 (2020),3199.0,,64.0,Unknown,Wi-Fi + Cellular,,730.0,2020,A14 Bionic,10.9,,,,,,Unknown
UR,iPad,iPad Air,iPad Air 4 10.9-inch A14 (2020),2499.0,,64.0,Unknown,Wi-Fi,,560.0,2020,A14 Bionic,10.9,,,,,,Unknown
UR,iPad,iPad Air,iPad Air 4 10.9-inch A14 (2020),3899.0,,256.0,Unknown,Wi-Fi + Cellular,,850.0,2020,A14 Bionic,10.9,,,,,,Unknown
UR,iPad,iPad Air,iPad Air 4 10.9-inch A14 (2020),3199.0,,256.0,Unknown,Wi-Fi,,700.0,2020,A14 Bionic,10.9,,,,,,Unknown
UR,iPad,iPad Air,iPad Air 5 10.9-inch M1 (2022),3199.0,,64.0,Unknown,Wi-Fi + Cellular,,950.0,2022,M1,10.9,,,,,,Unknown
UR,iPad,iPad Air,iPad Air 5 10.9-inch M1 (2022),2499.0,,64.0,Unknown,Wi-Fi,,840.0,2022,M1,10.9,,,,,,Unknown
UR,iPad,iPad Air,iPad Air 5 10.9-inch M1 (2022),3899.0,,256.0,Unknown,Wi-Fi + Cellular,,1050.0,2022,M1,10.9,,,,,,Unknown
UR,iPad,iPad Air,iPad Air 5 10.9-inch M1 (2022),3199.0,,256.0,Unknown,Wi-Fi,,950.0,2022,M1,10.9,,,,,,Unknown
UR,iPad,iPad Air,iPad Air 6 11-inch M2 (2024),3749.0,,128.0,Unknown,Wi-Fi + Cellular,,1400.0,2024,M2,11.0,,,,,,Unknown
UR,iPad,iPad Air,iPad Air 6 11-inch M2 (2024),4249.0,,256.0,Unknown,Wi-Fi + Cellular,,1530.0,2024,M2,11.0,,,,,,Unknown
UR,iPad,iPad Air,iPad Air 6 11-inch M2 (2024),5249.0,,512.0,Unknown,Wi-Fi + Cellular,,1650.0,2024,M2,11.0,,,,,,Unknown
UR,iPad,iPad Air,iPad Air 6 11-inch M2 (2024),6249.0,,1024.0,Unknown,Wi-Fi + Cellular,,1850.0,2024,M2,11.0,,,,,,Unknown
UR,iPad,iPad Air,iPad Air 6 11-inch M2 (2024),2999.0,,128.0,Unknown,Wi-Fi,,1050.0,2024,M2,11.0,,,,,,Unknown
UR,iPad,iPad Air,iPad Air 6 11-inch M2 (2024),3499.0,,256.0,Unknown,Wi-Fi,,1150.0,2024,M2,11.0,,,,,,Unknown
UR,iPad,iPad Air,iPad Air 6 11-inch M2 (2024),4499.0,,512.0,Unknown,Wi-Fi,,1300.0,2024,M2,11.0,,,,,,Unknown
UR,iPad,iPad Air,iPad Air 6 11-inch M2 (2024),5499.0,,1024.0,Unknown,Wi-Fi,,1450.0,2024,M2,11.0,,,,,,Unknown
UR,iPad,iPad Air,iPad Air 6 13-inch M2 (2024),4749.0,,128.0,Unknown,Wi-Fi + Cellular,,1580.0,2024,M2,13.0,,,,,,Unknown
UR,iPad,iPad Air,iPad Air 6 13-inch M2 (2024),5249.0,,256.0,Unknown,Wi-Fi + Cellular,,1780.0,2024,M2,13.0,,,,,,Unknown
UR,iPad,iPad Air,iPad Air 6 13-inch M2 (2024),6249.0,,512.0,Unknown,Wi-Fi + Cellular,,1900.0,2024,M2,13.0,,,,,,Unknown
UR,iPad,iPad Air,iPad Air 6 13-inch M2 (2024),7249.0,,1024.0,Unknown,Wi-Fi + Cellular,,2100.0,2024,M2,13.0,,,,,,Unknown
UR,iPad,iPad Air,iPad Air 6 13-inch M2 (2024),3999.0,,128.0,Unknown,Wi-Fi,,1300.0,2024,M2,13.0,,,,,,Unknown
UR,iPad,iPad Air,iPad Air 6 13-inch M2 (2024),4499.0,,256.0,Unknown,Wi-Fi,,1480.0,2024,M2,13.0,,,,,,Unknown
UR,iPad,iPad Air,iPad Air 6 13-inch M2 (2024),5499.0,,512.0,Unknown,Wi-Fi,,1700.0,2024,M2,13.0,,,,,,Unknown
UR,iPad,iPad Air,iPad Air 6 13-inch M2 (2024),6499.0,,1024.0,Unknown,Wi-Fi,,1850.0,2024,M2,13.0,,,,,,Unknown
UR,iPad,iPad Air,iPad Air 7 11-inch M3 (2025),3499.0,,128.0,Unknown,Wi-Fi + Cellular,,1660.0,2025,M3,11.0,,,,,,Unknown
UR,iPad,iPad Air,iPad Air 7 11-inch M3 (2025),3899.0,,256.0,Unknown,Wi-Fi + Cellular,,1850.0,2025,M3,11.0,,,,,,Unknown
UR,iPad,iPad Air,iPad Air 7 11-inch M3 (2025),4799.0,,512.0,Unknown,Wi-Fi + Cellular,,2100.0,2025,M3,11.0,,,,,,Unknown
UR,iPad,iPad Air,iPad Air 7 11-inch M3 (2025),5699.0,,1024.0,Unknown,Wi-Fi + Cellular,,2350.0,2025,M3,11.0,,,,,,Unknown
UR,iPad,iPad Air,iPad Air 7 11-inch M3 (2025),2799.0,,128.0,Unknown,Wi-Fi,,1280.0,2025,M3,11.0,,,,,,Unknown
UR,iPad,iPad Air,iPad Air 7 11-inch M3 (2025),3199.0,,256.0,Unknown,Wi-Fi,,1480.0,2025,M3,11.0,,,,,,Unknown
UR,iPad,iPad Air,iPad Air 7 11-inch M3 (2025),4099.0,,512.0,Unknown,Wi-Fi,,1700.0,2025,M3,11.0,,,,,,Unknown
UR,iPad,iPad Air,iPad Air 7 11-inch M3 (2025),4999.0,,1024.0,Unknown,Wi-Fi,,1900.0,2025,M3,11.0,,,,,,Unknown
UR,iPad,iPad Air,iPad Air 7 13-inch M3 (2025),4399.0,,128.0,Unknown,Wi-Fi + Cellular,,1930.0,2025,M3,13.0,,,,,,Unknown
UR,iPad,iPad Air,iPad Air 7 13-inch M3 (2025),4799.0,,256.0,Unknown,Wi-Fi + Cellular,,2150.0,2025,M3,13.0,,,,,,Unknown
UR,iPad,iPad Air,iPad Air 7 13-inch M3 (2025),5699.0,,512.0,Unknown,Wi-Fi + Cellular,,2400.0,2025,M3,13.0,,,,,,Unknown
UR,iPad,iPad Air,iPad Air 7 13-inch M3 (2025),6599.0,,1024.0,Unknown,Wi-Fi + Cellular,,2700.0,2025,M3,13.0,,,,,,Unknown
UR,iPad,iPad Air,iPad Air 7 13-inch M3 (2025),3699.0,,128.0,Unknown,Wi-Fi,,1680.0,2025,M3,13.0,,,,,,Unknown
UR,iPad,iPad Air,iPad Air 7 13-inch M3 (2025),4099.0,,256.0,Unknown,Wi-Fi,,1870.0,2025,M3,13.0,,,,,,Unknown
UR,iPad,iPad Air,iPad Air 7 13-inch M3 (2025),4999.0,,512.0,Unknown,Wi-Fi,,2100.0,2025,M3,13.0,,,,,,Unknown
UR,iPad,iPad Air,iPad Air 7 13-inch M3 (2025),5899.0,,1024.0,Unknown,Wi-Fi,,2450.0,2025,M3,13.0,,,,,,Unknown
UR,iPad,iPad mini,iPad Mini 1,1399.0,,16.0,Unknown,Wi-Fi + Cellular,,40.0,2012,A5,7.9,,,,,,Unknown
UR,iPad,iPad mini,iPad Mini 1,999.0,,16.0,Unknown,Wi-Fi,,40.0,2012,A5,7.9,,,,,,Unknown
UR,iPad,iPad mini,iPad Mini 1,1699.0,,32.0,Unknown,Wi-Fi + Cellular,,40.0,2012,A5,7.9,,,,,,Unknown
UR,iPad,iPad mini,iPad Mini 1,1299.0,,32.0,Unknown,Wi-Fi,,40.0,2012,A5,7.9,,,,,,Unknown
UR,iPad,iPad mini,iPad Mini 1,1999.0,,64.0,Unknown,Wi-Fi + Cellular,,40.0,2012,A5,7.9,,,,,,Unknown
UR,iPad,iPad mini,iPad Mini 1,1599.0,,64.0,Unknown,Wi-Fi,,40.0,2012,A5,7.9,,,,,,Unknown
UR,iPad,iPad mini,iPad Mini 2,1699.0,,16.0,Unknown,Wi-Fi + Cellular,,60.0,2013,A7,7.9,,,,,,Unknown
UR,iPad,iPad mini,iPad Mini 2,1279.0,,16.0,Unknown,Wi-Fi,,40.0,2013,A7,7.9,,,,,,Unknown
UR,iPad,iPad mini,iPad Mini 2,2029.0,,32.0,Unknown,Wi-Fi + Cellular,,60.0,2013,A7,7.9,,,,,,Unknown
UR,iPad,iPad mini,iPad Mini 2,1599.0,,32.0,Unknown,Wi-Fi,,40.0,2013,A7,7.9,,,,,,Unknown
UR,iPad,iPad mini,iPad Mini 2,2349.0,,64.0,Unknown,Wi-Fi + Cellular,,60.0,2013,A7,7.9,,,,,,Unknown
UR,iPad,iPad mini,iPad Mini 2,1929.0,,64.0,Unknown,Wi-Fi,,40.0,2013,A7,7.9,,,,,,Unknown
UR,iPad,iPad mini,iPad Mini 2,2699.0,,128.0,Unknown,Wi-Fi + Cellular,,60.0,2013,A7,7.9,,,,,,Unknown
UR,iPad,iPad mini,iPad Mini 2,2249.0,,128.0,Unknown,Wi-Fi,,40.0,2013,A7,7.9,,,,,,Unknown
UR,iPad,iPad mini,iPad Mini 3,1801.0,,16.0,Unknown,Wi-Fi + Cellular,,90.0,2014,A7,7.9,,,,,,Unknown
UR,iPad,iPad mini,iPad Mini 3,1356.0,,16.0,Unknown,Wi-Fi,,80.0,2014,A7,7.9,,,,,,Unknown
UR,iPad,iPad mini,iPad Mini 3,2249.0,,64.0,Unknown,Wi-Fi + Cellular,,120.0,2014,A7,7.9,,,,,,Unknown
UR,iPad,iPad mini,iPad Mini 3,1695.0,,64.0,Unknown,Wi-Fi,,100.0,2014,A7,7.9,,,,,,Unknown
UR,iPad,iPad mini,iPad Mini 3,2679.0,,128.0,Unknown,Wi-Fi + Cellular,,150.0,2014,A7,7.9,,,,,,Unknown
UR,iPad,iPad mini,iPad Mini 3,2045.0,,128.0,Unknown,Wi-Fi,,130.0,2014,A7,7.9,,,,,,Unknown
UR,iPad,iPad mini,iPad Mini 4,2099.0,,16.0,Unknown,Wi-Fi + Cellular,,120.0,2015,A8,7.9,,,,,,Unknown
UR,iPad,iPad mini,iPad Mini 4,1599.0,,16.0,Unknown,Wi-Fi,,100.0,2015,A8,7.9,,,,,,Unknown
UR,iPad,iPad mini,iPad Mini 4,2199.0,,32.0,Unknown,Wi-Fi + Cellular,,170.0,2015,A8,7.9,,,,,,Unknown
UR,iPad,iPad mini,iPad Mini 4,1699.0,,32.0,Unknown,Wi-Fi,,140.0,2015,A8,7.9,,,,,,Unknown
UR,iPad,iPad mini,iPad Mini 4,2499.0,,64.0,Unknown,Wi-Fi + Cellular,,200.0,2015,A8,7.9,,,,,,Unknown
UR,iPad,iPad mini,iPad Mini 4,1999.0,,64.0,Unknown,Wi-Fi,,170.0,2015,A8,7.9,,,,,,Unknown
UR,iPad,iPad mini,iPad Mini 4,2899.0,,128.0,Unknown,Wi-Fi + Cellular,,250.0,2015,A8,7.9,,,,,,Unknown
UR,iPad,iPad mini,iPad Mini 4,2399.0,,128.0,Unknown,Wi-Fi,,200.0,2015,A8,7.9,,,,,,Unknown
UR,iPad,iPad mini,iPad Mini 5,2249.0,,64.0,Unknown,Wi-Fi + Cellular,,350.0,2019,A12 Bionic,7.9,,,,,,Unknown
UR,iPad,iPad mini,iPad Mini 5,1699.0,,64.0,Unknown,Wi-Fi,,300.0,2019,A12 Bionic,7.9,,,,,,Unknown
UR,iPad,iPad mini,iPad Mini 5,2899.0,,256.0,Unknown,Wi-Fi + Cellular,,400.0,2019,A12 Bionic,7.9,,,,,,Unknown
UR,iPad,iPad mini,iPad Mini 5,2349.0,,256.0,Unknown,Wi-Fi,,350.0,2019,A12 Bionic,7.9,,,,,,Unknown
UR,iPad,iPad mini,iPad Mini 6,2949.0,,64.0,Unknown,Wi-Fi + Cellular,,800.0,2021,A15 Bionic,8.3,,,,,,Unknown
UR,iPad,iPad mini,iPad Mini 6,2299.0,,64.0,Unknown,Wi-Fi,,590.0,2021,A15 Bionic,8.3,,,,,,Unknown
UR,iPad,iPad mini,iPad Mini 6,3599.0,,256.0,Unknown,Wi-Fi + Cellular,,900.0,2021,A15 Bionic,8.3,,,,,,Unknown
UR,iPad,iPad mini,iPad Mini 6,2949.0,,256.0,Unknown,Wi-Fi,,700.0,2021,A15 Bionic,8.3,,,,,,Unknown
UR,iPad,iPad mini,iPad Mini 7,2899.0,,128.0,Unknown,Wi-Fi + Cellular,,1070.0,2024,A17 Pro,8.3,,,,,,Unknown
UR,iPad,iPad mini,iPad Mini 7,3299.0,,256.0,Unknown,Wi-Fi + Cellular,,1290.0,2024,A17 Pro,8.3,,,,,,Unknown
UR,iPad,iPad mini,iPad Mini 7,4199.0,,512.0,Unknown,Wi-Fi + Cellular,,1520.0,2024,A17 Pro,8.3,,,,,,Unknown
UR,iPad,iPad mini,iPad Mini 7,2199.0,,128.0,Unknown,Wi-Fi,,890.0,2024,A17 Pro,8.3,,,,,,Unknown
UR,iPad,iPad mini,iPad Mini 7,2599.0,,256.0,Unknown,Wi-Fi,,1010.0,2024,A17 Pro,8.3,,,,,,Unknown
UR,iPad,iPad mini,iPad Mini 7,3499.0,,512.0,Unknown,Wi-Fi,,1350.0,2024,A17 Pro,8.3,,,,,,Unknown
UR,iPad,iPad Pro,iPad Pro 10.5-inch A10X (2017),3599.0,,64.0,Unknown,Wi-Fi + Cellular,,200.0,2017,A10X,10.5,,,,,,Unknown
UR,iPad,iPad Pro,iPad Pro 10.5-inch A10X (2017),2999.0,,64.0,Unknown,Wi-Fi,,150.0,2017,A10X,10.5,,,,,,Unknown
UR,iPad,iPad Pro,iPad Pro 10.5-inch A10X (2017),4299.0,,256.0,Unknown,Wi-Fi + Cellular,,300.0,2017,A10X,10.5,,,,,,Unknown
UR,iPad,iPad Pro,iPad Pro 10.5-inch A10X (2017),3699.0,,256.0,Unknown,Wi-Fi,,250.0,2017,A10X,10.5,,,,,,Unknown
UR,iPad,iPad Pro,iPad Pro 10.5-inch A10X (2017),4999.0,,512.0,Unknown,Wi-Fi + Cellular,,350.0,2017,A10X,10.5,,,,,,Unknown
UR,iPad,iPad Pro,iPad Pro 10.5-inch A10X (2017),4399.0,,512.0,Unknown,Wi-Fi,,300.0,2017,A10X,10.5,,,,,,Unknown
UR,iPad,iPad Pro,iPad Pro 11-inch A12Z (2020),4149.0,,128.0,Unknown,Wi-Fi + Cellular,,830.0,2020,A12Z,11.0,,,,,,Unknown
UR,iPad,iPad Pro,iPad Pro 11-inch A12Z (2020),3499.0,,128.0,Unknown,Wi-Fi,,750.0,2020,A12Z,11.0,,,,,,Unknown
UR,iPad,iPad Pro,iPad Pro 11-inch A12Z (2020),4599.0,,256.0,Unknown,Wi-Fi + Cellular,,930.0,2020,A12Z,11.0,,,,,,Unknown
UR,iPad,iPad Pro,iPad Pro 11-inch A12Z (2020),3949.0,,256.0,Unknown,Wi-Fi,,830.0,2020,A12Z,11.0,,,,,,Unknown
UR,iPad,iPad Pro,iPad Pro 11-inch A12Z (2020),5499.0,,512.0,Unknown,Wi-Fi + Cellular,,1100.0,2020,A12Z,11.0,,,,,,Unknown
UR,iPad,iPad Pro,iPad Pro 11-inch A12Z (2020),4849.0,,512.0,Unknown,Wi-Fi,,950.0,2020,A12Z,11.0,,,,,,Unknown
UR,iPad,iPad Pro,iPad Pro 11-inch A12Z (2020),6399.0,,1024.0,Unknown,Wi-Fi + Cellular,,1130.0,2020,A12Z,11.0,,,,,,Unknown
UR,iPad,iPad Pro,iPad Pro 11-inch A12Z (2020),5749.0,,1024.0,Unknown,Wi-Fi,,1000.0,2020,A12Z,11.0,,,,,,Unknown
UR,iPad,iPad Pro,iPad Pro 11-inch M1 (2021),4149.0,,128.0,Unknown,Wi-Fi + Cellular,,1130.0,2021,M1,11.0,,,,,,Unknown
UR,iPad,iPad Pro,iPad Pro 11-inch M1 (2021),3499.0,,128.0,Unknown,Wi-Fi,,1030.0,2021,M1,11.0,,,,,,Unknown
UR,iPad,iPad Pro,iPad Pro 11-inch M1 (2021),4599.0,,256.0,Unknown,Wi-Fi + Cellular,,1320.0,2021,M1,11.0,,,,,,Unknown
UR,iPad,iPad Pro,iPad Pro 11-inch M1 (2021),3949.0,,256.0,Unknown,Wi-Fi,,1200.0,2021,M1,11.0,,,,,,Unknown
UR,iPad,iPad Pro,iPad Pro 11-inch M1 (2021),5499.0,,512.0,Unknown,Wi-Fi + Cellular,,1480.0,2021,M1,11.0,,,,,,Unknown
UR,iPad,iPad Pro,iPad Pro 11-inch M1 (2021),4849.0,,512.0,Unknown,Wi-Fi,,1330.0,2021,M1,11.0,,,,,,Unknown
UR,iPad,iPad Pro,iPad Pro 11-inch M1 (2021),7299.0,,1024.0,Unknown,Wi-Fi + Cellular,,1560.0,2021,M1,11.0,,,,,,Unknown
UR,iPad,iPad Pro,iPad Pro 11-inch M1 (2021),6649.0,,1024.0,Unknown,Wi-Fi,,1370.0,2021,M1,11.0,,,,,,Unknown
UR,iPad,iPad Pro,iPad Pro 11-inch M1 (2021),9099.0,,2048.0,Unknown,Wi-Fi + Cellular,,1750.0,2021,M1,11.0,,,,,,Unknown
UR,iPad,iPad Pro,iPad Pro 11-inch M1 (2021),8449.0,,2048.0,Unknown,Wi-Fi,,1560.0,2021,M1,11.0,,,,,,Unknown
UR,iPad,iPad Pro,iPad Pro 11-inch M2 (2022),4649.0,,128.0,Unknown,Wi-Fi + Cellular,,1400.0,2022,M2,11.0,,,,,,Unknown
UR,iPad,iPad Pro,iPad Pro 11-inch M2 (2022),3899.0,,128.0,Unknown,Wi-Fi,,1230.0,2022,M2,11.0,,,,,,Unknown
UR,iPad,iPad Pro,iPad Pro 11-inch M2 (2022),5149.0,,256.0,Unknown,Wi-Fi + Cellular,,1530.0,2022,M2,11.0,,,,,,Unknown
UR,iPad,iPad Pro,iPad Pro 11-inch M2 (2022),4399.0,,256.0,Unknown,Wi-Fi,,1380.0,2022,M2,11.0,,,,,,Unknown
UR,iPad,iPad Pro,iPad Pro 11-inch M2 (2022),6149.0,,512.0,Unknown,Wi-Fi + Cellular,,1650.0,2022,M2,11.0,,,,,,Unknown
UR,iPad,iPad Pro,iPad Pro 11-inch M2 (2022),5399.0,,512.0,Unknown,Wi-Fi,,1500.0,2022,M2,11.0,,,,,,Unknown
UR,iPad,iPad Pro,iPad Pro 11-inch M2 (2022),8149.0,,1024.0,Unknown,Wi-Fi + Cellular,,1750.0,2022,M2,11.0,,,,,,Unknown
UR,iPad,iPad Pro,iPad Pro 11-inch M2 (2022),7399.0,,1024.0,Unknown,Wi-Fi,,1600.0,2022,M2,11.0,,,,,,Unknown
UR,iPad,iPad Pro,iPad Pro 11-inch M2 (2022),10149.0,,2048.0,Unknown,Wi-Fi + Cellular,,1950.0,2022,M2,11.0,,,,,,Unknown
UR,iPad,iPad Pro,iPad Pro 11-inch M2 (2022),9399.0,,2048.0,Unknown,Wi-Fi,,1800.0,2022,M2,11.0,,,,,,Unknown
UR,iPad,iPad Pro,iPad Pro 11-inch M4 (2024) Nano Glass,9799.0,,1024.0,Unknown,Wi-Fi + Cellular,,3000.0,2024,M4,11.0,,,,,,Unknown
UR,iPad,iPad Pro,iPad Pro 11-inch M4 (2024) Nano Glass,11799.0,,2048.0,Unknown,Wi-Fi + Cellular,,3550.0,2024,M4,11.0,,,,,,Unknown
UR,iPad,iPad Pro,iPad Pro 11-inch M4 (2024) Standard Glass,6299.0,,256.0,Unknown,Wi-Fi + Cellular,,2100.0,2024,M4,11.0,,,,,,Unknown
UR,iPad,iPad Pro,iPad Pro 11-inch M4 (2024) Standard Glass,7299.0,,512.0,Unknown,Wi-Fi + Cellular,,2430.0,2024,M4,11.0,,,,,,Unknown
UR,iPad,iPad Pro,iPad Pro 11-inch M4 (2024) Standard Glass,9299.0,,1024.0,Unknown,Wi-Fi + Cellular,,2950.0,2024,M4,11.0,,,,,,Unknown
UR,iPad,iPad Pro,iPad Pro 11-inch M4 (2024) Standard Glass,11299.0,,2048.0,Unknown,Wi-Fi + Cellular,,3500.0,2024,M4,11.0,,,,,,Unknown
UR,iPad,iPad Pro,iPad Pro 11-inch M4 (2024) Nano Glass,8799.0,,1024.0,Unknown,Wi-Fi,,2700.0,2024,M4,11.0,,,,,,Unknown
UR,iPad,iPad Pro,iPad Pro 11-inch M4 (2024) Nano Glass,10799.0,,2048.0,Unknown,Wi-Fi,,3250.0,2024,M4,11.0,,,,,,Unknown
UR,iPad,iPad Pro,iPad Pro 11-inch M4 (2024) Standard Glass,5299.0,,256.0,Unknown,Wi-Fi,,1800.0,2024,M4,11.0,,,,,,Unknown
UR,iPad,iPad Pro,iPad Pro 11-inch M4 (2024) Standard Glass,6299.0,,512.0,Unknown,Wi-Fi,,2180.0,2024,M4,11.0,,,,,,Unknown
UR,iPad,iPad Pro,iPad Pro 11-inch M4 (2024) Standard Glass,8299.0,,1024.0,Unknown,Wi-Fi,,2680.0,2024,M4,11.0,,,,,,Unknown
UR,iPad,iPad Pro,iPad Pro 11-inch M4 (2024) Standard Glass,10299.0,,2048.0,Unknown,Wi-Fi,,3210.0,2024,M4,11.0,,,,,,Unknown
UR,iPad,iPad Pro,iPad Pro 11-inch A12X (2018),4349.0,,64.0,Unknown,Wi-Fi + Cellular,,650.0,2018,A12X,11.0,,,,,,Unknown
UR,iPad,iPad Pro,iPad Pro 11-inch A12X (2018),3699.0,,64.0,Unknown,Wi-Fi,,550.0,2018,A12X,11.0,,,,,,Unknown
UR,iPad,iPad Pro,iPad Pro 11-inch A12X (2018),4999.0,,256.0,Unknown,Wi-Fi + Cellular,,750.0,2018,A12X,11.0,,,,,,Unknown
UR,iPad,iPad Pro,iPad Pro 11-inch A12X (2018),4349.0,,256.0,Unknown,Wi-Fi,,650.0,2018,A12X,11.0,,,,,,Unknown
UR,iPad,iPad Pro,iPad Pro 11-inch A12X (2018),5849.0,,512.0,Unknown,Wi-Fi + Cellular,,850.0,2018,A12X,11.0,,,,,,Unknown
UR,iPad,iPad Pro,iPad Pro 11-inch A12X (2018),5199.0,,512.0,Unknown,Wi-Fi,,750.0,2018,A12X,11.0,,,,,,Unknown
UR,iPad,iPad Pro,iPad Pro 11-inch A12X (2018),7149.0,,1024.0,Unknown,Wi-Fi + Cellular,,950.0,2018,A12X,11.0,,,,,,Unknown
UR,iPad,iPad Pro,iPad Pro 11-inch A12X (2018),6499.0,,1024.0,Unknown,Wi-Fi,,850.0,2018,A12X,11.0,,,,,,Unknown
UR,iPad,iPad Pro,iPad Pro 12.9-inch A9X (2015),3599.0,,32.0,Unknown,Wi-Fi,,160.0,2015,A9X,12.9,,,,,,Unknown
UR,iPad,iPad Pro,iPad Pro 12.9-inch M1 (2021),5449.0,,128.0,Unknown,Wi-Fi + Cellular,,1280.0,2021,M1,12.9,,,,,,Unknown
UR,iPad,iPad Pro,iPad Pro 12.9-inch M1 (2021),4799.0,,128.0,Unknown,Wi-Fi,,1180.0,2021,M1,12.9,,,,,,Unknown
UR,iPad,iPad Pro,iPad Pro 12.9-inch M1 (2021),5899.0,,256.0,Unknown,Wi-Fi + Cellular,,1380.0,2021,M1,12.9,,,,,,Unknown
UR,iPad,iPad Pro,iPad Pro 12.9-inch M1 (2021),5249.0,,256.0,Unknown,Wi-Fi,,1300.0,2021,M1,12.9,,,,,,Unknown
UR,iPad,iPad Pro,iPad Pro 12.9-inch M1 (2021),6799.0,,512.0,Unknown,Wi-Fi + Cellular,,1510.0,2021,M1,12.9,,,,,,Unknown
UR,iPad,iPad Pro,iPad Pro 12.9-inch M1 (2021),6149.0,,512.0,Unknown,Wi-Fi,,1400.0,2021,M1,12.9,,,,,,Unknown
UR,iPad,iPad Pro,iPad Pro 12.9-inch M1 (2021),8599.0,,1024.0,Unknown,Wi-Fi + Cellular,,1660.0,2021,M1,12.9,,,,,,Unknown
UR,iPad,iPad Pro,iPad Pro 12.9-inch M1 (2021),7949.0,,1024.0,Unknown,Wi-Fi,,1510.0,2021,M1,12.9,,,,,,Unknown
UR,iPad,iPad Pro,iPad Pro 12.9-inch M1 (2021),10399.0,,2048.0,Unknown,Wi-Fi + Cellular,,1810.0,2021,M1,12.9,,,,,,Unknown
UR,iPad,iPad Pro,iPad Pro 12.9-inch M1 (2021),9749.0,,2048.0,Unknown,Wi-Fi,,1740.0,2021,M1,12.9,,,,,,Unknown
UR,iPad,iPad Pro,iPad Pro 12.9-inch M2 (2022),6149.0,,128.0,Unknown,Wi-Fi + Cellular,,1580.0,2022,M2,12.9,,,,,,Unknown
UR,iPad,iPad Pro,iPad Pro 12.9-inch M2 (2022),5399.0,,128.0,Unknown,Wi-Fi,,1430.0,2022,M2,12.9,,,,,,Unknown
UR,iPad,iPad Pro,iPad Pro 12.9-inch M2 (2022),6599.0,,256.0,Unknown,Wi-Fi + Cellular,,1700.0,2022,M2,12.9,,,,,,Unknown
UR,iPad,iPad Pro,iPad Pro 12.9-inch M2 (2022),5849.0,,256.0,Unknown,Wi-Fi,,1550.0,2022,M2,12.9,,,,,,Unknown
UR,iPad,iPad Pro,iPad Pro 12.9-inch M2 (2022),7499.0,,512.0,Unknown,Wi-Fi + Cellular,,1850.0,2022,M2,12.9,,,,,,Unknown
UR,iPad,iPad Pro,iPad Pro 12.9-inch M2 (2022),6749.0,,512.0,Unknown,Wi-Fi,,1680.0,2022,M2,12.9,,,,,,Unknown
UR,iPad,iPad Pro,iPad Pro 12.9-inch M2 (2022),9299.0,,1024.0,Unknown,Wi-Fi + Cellular,,1930.0,2022,M2,12.9,,,,,,Unknown
UR,iPad,iPad Pro,iPad Pro 12.9-inch M2 (2022),8549.0,,1024.0,Unknown,Wi-Fi,,1880.0,2022,M2,12.9,,,,,,Unknown
UR,iPad,iPad Pro,iPad Pro 12.9-inch M2 (2022),11099.0,,2048.0,Unknown,Wi-Fi + Cellular,,2130.0,2022,M2,12.9,,,,,,Unknown
UR,iPad,iPad Pro,iPad Pro 12.9-inch M2 (2022),10349.0,,2048.0,Unknown,Wi-Fi,,2080.0,2022,M2,12.9,,,,,,Unknown
UR,iPad,iPad Pro,iPad Pro 12.9-inch A9X (2015),4899.0,,128.0,Unknown,Wi-Fi + Cellular,,200.0,2015,A9X,12.9,,,,,,Unknown
UR,iPad,iPad Pro,iPad Pro 12.9-inch A9X (2015),4299.0,,128.0,Unknown,Wi-Fi,,170.0,2015,A9X,12.9,,,,,,Unknown
UR,iPad,iPad Pro,iPad Pro 12.9-inch A9X (2015),5699.0,,256.0,Unknown,Wi-Fi + Cellular,,250.0,2015,A9X,12.9,,,,,,Unknown
UR,iPad,iPad Pro,iPad Pro 12.9-inch A9X (2015),4999.0,,256.0,Unknown,Wi-Fi,,200.0,2015,A9X,12.9,,,,,,Unknown
UR,iPad,iPad Pro,iPad Pro 12.9-inch A10X (2017),4849.0,,64.0,Unknown,Wi-Fi + Cellular,,410.0,2017,A10X,12.9,,,,,,Unknown
UR,iPad,iPad Pro,iPad Pro 12.9-inch A10X (2017),4199.0,,64.0,Unknown,Wi-Fi,,380.0,2017,A10X,12.9,,,,,,Unknown
UR,iPad,iPad Pro,iPad Pro 12.9-inch A10X (2017),5499.0,,256.0,Unknown,Wi-Fi + Cellular,,480.0,2017,A10X,12.9,,,,,,Unknown
UR,iPad,iPad Pro,iPad Pro 12.9-inch A10X (2017),4849.0,,256.0,Unknown,Wi-Fi,,430.0,2017,A10X,12.9,,,,,,Unknown
UR,iPad,iPad Pro,iPad Pro 12.9-inch A10X (2017),6399.0,,512.0,Unknown,Wi-Fi + Cellular,,580.0,2017,A10X,12.9,,,,,,Unknown
UR,iPad,iPad Pro,iPad Pro 12.9-inch A10X (2017),5749.0,,512.0,Unknown,Wi-Fi,,560.0,2017,A10X,12.9,,,,,,Unknown
UR,iPad,iPad Pro,iPad Pro 12.9-inch A12X (2018),4999.0,,64.0,Unknown,Wi-Fi + Cellular,,750.0,2018,A12X,12.9,,,,,,Unknown
UR,iPad,iPad Pro,iPad Pro 12.9-inch A12X (2018),4349.0,,64.0,Unknown,Wi-Fi,,650.0,2018,A12X,12.9,,,,,,Unknown
UR,iPad,iPad Pro,iPad Pro 12.9-inch A12X (2018),5649.0,,256.0,Unknown,Wi-Fi + Cellular,,850.0,2018,A12X,12.9,,,,,,Unknown
UR,iPad,iPad Pro,iPad Pro 12.9-inch A12X (2018),4999.0,,256.0,Unknown,Wi-Fi,,750.0,2018,A12X,12.9,,,,,,Unknown
UR,iPad,iPad Pro,iPad Pro 12.9-inch A12X (2018),6499.0,,512.0,Unknown,Wi-Fi + Cellular,,950.0,2018,A12X,12.9,,,,,,Unknown
UR,iPad,iPad Pro,iPad Pro 12.9-inch A12X (2018),5849.0,,512.0,Unknown,Wi-Fi,,850.0,2018,A12X,12.9,,,,,,Unknown
UR,iPad,iPad Pro,iPad Pro 12.9-inch A12X (2018),8199.0,,1024.0,Unknown,Wi-Fi + Cellular,,1050.0,2018,A12X,12.9,,,,,,Unknown
UR,iPad,iPad Pro,iPad Pro 12.9-inch A12X (2018),7549.0,,1024.0,Unknown,Wi-Fi,,950.0,2018,A12X,12.9,,,,,,Unknown
UR,iPad,iPad Pro,iPad Pro 12.9-inch A12Z (2020),5049.0,,128.0,Unknown,Wi-Fi + Cellular,,1100.0,2020,A12Z,12.9,,,,,,Unknown
UR,iPad,iPad Pro,iPad Pro 12.9-inch A12Z (2020),4399.0,,128.0,Unknown,Wi-Fi,,930.0,2020,A12Z,12.9,,,,,,Unknown
UR,iPad,iPad Pro,iPad Pro 12.9-inch A12Z (2020),5499.0,,256.0,Unknown,Wi-Fi + Cellular,,1230.0,2020,A12Z,12.9,,,,,,Unknown
UR,iPad,iPad Pro,iPad Pro 12.9-inch A12Z (2020),4849.0,,256.0,Unknown,Wi-Fi,,1100.0,2020,A12Z,12.9,,,,,,Unknown
UR,iPad,iPad Pro,iPad Pro 12.9-inch A12Z (2020),6399.0,,512.0,Unknown,Wi-Fi + Cellular,,1380.0,2020,A12Z,12.9,,,,,,Unknown
UR,iPad,iPad Pro,iPad Pro 12.9-inch A12Z (2020),5749.0,,512.0,Unknown,Wi-Fi,,1230.0,2020,A12Z,12.9,,,,,,Unknown
UR,iPad,iPad Pro,iPad Pro 12.9-inch A12Z (2020),7299.0,,1024.0,Unknown,Wi-Fi + Cellular,,1450.0,2020,A12Z,12.9,,,,,,Unknown
UR,iPad,iPad Pro,iPad Pro 12.9-inch A12Z (2020),6649.0,,1024.0,Unknown,Wi-Fi,,1310.0,2020,A12Z,12.9,,,,,,Unknown
UR,iPad,iPad Pro,iPad Pro 13-inch M4 (2024) Nano Glass,9999.0,,1024.0,Unknown,Wi-Fi + Cellular,,3650.0,2024,M4,13.0,,,,,,Unknown
UR,iPad,iPad Pro,iPad Pro 13-inch M4 (2024) Nano Glass,11999.0,,2048.0,Unknown,Wi-Fi + Cellular,,4200.0,2024,M4,13.0,,,,,,Unknown
UR,iPad,iPad Pro,iPad Pro 13-inch M4 (2024) Standard Glass,6499.0,,256.0,Unknown,Wi-Fi + Cellular,,2620.0,2024,M4,13.0,,,,,,Unknown
UR,iPad,iPad Pro,iPad Pro 13-inch M4 (2024) Standard Glass,7499.0,,512.0,Unknown,Wi-Fi + Cellular,,3000.0,2024,M4,13.0,,,,,,Unknown
UR,iPad,iPad Pro,iPad Pro 13-inch M4 (2024) Standard Glass,9499.0,,1024.0,Unknown,Wi-Fi + Cellular,,3600.0,2024,M4,13.0,,,,,,Unknown
UR,iPad,iPad Pro,iPad Pro 13-inch M4 (2024) Standard Glass,11499.0,,2048.0,Unknown,Wi-Fi + Cellular,,4150.0,2024,M4,13.0,,,,,,Unknown
UR,iPad,iPad Pro,iPad Pro 13-inch M4 (2024) Nano Glass,8999.0,,1024.0,Unknown,Wi-Fi,,3250.0,2024,M4,13.0,,,,,,Unknown
UR,iPad,iPad Pro,iPad Pro 13-inch M4 (2024) Nano Glass,10999.0,,2048.0,Unknown,Wi-Fi,,3800.0,2024,M4,13.0,,,,,,Unknown
UR,iPad,iPad Pro,iPad Pro 13-inch M4 (2024) Standard Glass,5499.0,,256.0,Unknown,Wi-Fi,,2230.0,2024,M4,13.0,,,,,,Unknown
UR,iPad,iPad Pro,iPad Pro 13-inch M4 (2024) Standard Glass,6499.0,,512.0,Unknown,Wi-Fi,,2650.0,2024,M4,13.0,,,,,,Unknown
UR,iPad,iPad Pro,iPad Pro 13-inch M4 (2024) Standard Glass,8499.0,,1024.0,Unknown,Wi-Fi,,3210.0,2024,M4,13.0,,,,,,Unknown
UR,iPad,iPad Pro,iPad Pro 13-inch M4 (2024) Standard Glass,10499.0,,2048.0,Unknown,Wi-Fi,,3780.0,2024,M4,13.0,,,,,,Unknown
UR,iPad,iPad Pro,iPad Pro 9.7-inch A9X (2016),3299.0,,32.0,Unknown,Wi-Fi + Cellular,,160.0,2016,A9X,9.7,,,,,,Unknown
UR,iPad,iPad Pro,iPad Pro 9.7-inch A9X (2016),2699.0,,32.0,Unknown,Wi-Fi,,150.0,2016,A9X,9.7,,,,,,Unknown
UR,iPad,iPad Pro,iPad Pro 9.7-inch A9X (2016),3999.0,,128.0,Unknown,Wi-Fi + Cellular,,170.0,2016,A9X,9.7,,,,,,Unknown
UR,iPad,iPad Pro,iPad Pro 9.7-inch A9X (2016),3399.0,,128.0,Unknown,Wi-Fi,,160.0,2016,A9X,9.7,,,,,,Unknown
UR,iPad,iPad Pro,iPad Pro 9.7-inch A9X (2016),4699.0,,256.0,Unknown,Wi-Fi + Cellular,,210.0,2016,A9X,9.7,,,,,,Unknown
UR,iPad,iPad Pro,iPad Pro 9.7-inch A9X (2016),4099.0,,256.0,Unknown,Wi-Fi,,200.0,2016,A9X,9.7,,,,,,Unknown
U Mobile,iPad,iPad,iPad 8,2399.0,,128.0,Unknown,Wi-Fi + Cellular,,400.0,2020,A12 Bionic,10.2,,,,,,Unknown
U Mobile,iPad,iPad,iPad 8,1999.0,,32.0,Unknown,Wi-Fi + Cellular,,300.0,2020,A12 Bionic,10.2,,,,,,Unknown
U Mobile,iPad,iPad,iPad 9,2899.0,,256.0,Unknown,Wi-Fi + Cellular,,650.0,2021,A13 Bionic,10.2,,,,,,Unknown
U Mobile,iPad,iPad,iPad 9,2299.0,,64.0,Unknown,Wi-Fi + Cellular,,525.0,2021,A13 Bionic,10.2,,,,,,Unknown
U Mobile,iPad,iPad Air,iPad Air 4 10.9-inch A14 (2020),3899.0,,256.0,Unknown,Wi-Fi + Cellular,,845.0,2020,A14 Bionic,10.9,,,,,,Unknown
U Mobile,iPad,iPad Air,iPad Air 4 10.9-inch A14 (2020),3199.0,,64.0,Unknown,Wi-Fi + Cellular,,720.0,2020,A14 Bionic,10.9,,,,,,Unknown
U Mobile,iPad,iPad Air,iPad Air 5 10.9-inch M1 (2022),3899.0,,256.0,Unknown,Wi-Fi + Cellular,,1095.0,2022,M1,10.9,,,,,,Unknown
U Mobile,iPad,iPad Air,iPad Air 5 10.9-inch M1 (2022),3199.0,,64.0,Unknown,Wi-Fi + Cellular,,975.0,2022,M1,10.9,,,,,,Unknown
U Mobile,iPad,iPad mini,iPad Mini 5,2899.0,,256.0,Unknown,Wi-Fi + Cellular,,415.0,2019,A12 Bionic,7.9,,,,,,Unknown
U Mobile,iPad,iPad mini,iPad Mini 5,2249.0,,64.0,Unknown,Wi-Fi + Cellular,,380.0,2019,A12 Bionic,7.9,,,,,,Unknown
U Mobile,iPad,iPad mini,iPad Mini 6,3599.0,,256.0,Unknown,Wi-Fi + Cellular,,930.0,2021,A15 Bionic,8.3,,,,,,Unknown
U Mobile,iPad,iPad mini,iPad Mini 6,2949.0,,64.0,Unknown,Wi-Fi + Cellular,,785.0,2021,A15 Bionic,8.3,,,,,,Unknown
U Mobile,iPad,iPad Pro,iPad Pro 11-inch A12Z (2020),4149.0,,128.0,Unknown,Wi-Fi + Cellular,,820.0,2020,A12Z,11.0,,,,,,Unknown
U Mobile,iPad,iPad Pro,iPad Pro 11-inch A12Z (2020),6399.0,,1024.0,Unknown,Wi-Fi + Cellular,,1120.0,2020,A12Z,11.0,,,,,,Unknown
U Mobile,iPad,iPad Pro,iPad Pro 11-inch A12Z (2020),4599.0,,256.0,Unknown,Wi-Fi + Cellular,,920.0,2020,A12Z,11.0,,,,,,Unknown
U Mobile,iPad,iPad Pro,iPad Pro 11-inch A12Z (2020),5499.0,,512.0,Unknown,Wi-Fi + Cellular,,1095.0,2020,A12Z,11.0,,,,,,Unknown
U Mobile,iPad,iPad Pro,iPad Pro 12.9-inch A12X (2018),5649.0,,256.0,Unknown,Wi-Fi + Cellular,,875.0,2018,A12X,12.9,,,,,,Unknown
U Mobile,iPad,iPad Pro,iPad Pro 12.9-inch A12X (2018),4999.0,,64.0,Unknown,Wi-Fi + Cellular,,775.0,2018,A12X,12.9,,,,,,Unknown
U Mobile,iPad,iPad Pro,iPad Pro 12.9-inch M2 (2022),6149.0,,128.0,Unknown,Wi-Fi + Cellular,,1570.0,2022,M2,12.9,,,,,,Unknown
U Mobile,iPad,iPad Pro,iPad Pro 12.9-inch M2 (2022),6599.0,,256.0,Unknown,Wi-Fi + Cellular,,1695.0,2022,M2,12.9,,,,,,Unknown
CompAsia,Mac,iMac,iMac i5 3.0GHz 27-inch (Early 2019),7699.0,,1024.0,Fusion Drive,Unknown,,425.0,2019,Intel Core i5,27.0,,,"8, 16, 32, 64",8.0,1 TB,Unknown
CompAsia,Mac,iMac,iMac i5 3.0GHz 27-inch (Early 2019),7699.0,,1024.0,SSD,Unknown,,450.0,2019,Intel Core i5,27.0,,,"8, 16, 32, 64",8.0,1 TB,Unknown
CompAsia,Mac,iMac,iMac i5 3.0GHz 27-inch (Early 2019),,,256.0,SSD,Unknown,,350.0,2019,Intel Core i5,27.0,,,"8, 16, 32, 64",8.0,256 GB,Unknown
CompAsia,Mac,iMac,iMac i5 3.0GHz 27-inch (Early 2019),,,2048.0,Fusion Drive,Unknown,,475.0,2019,Intel Core i5,27.0,,,"8, 16, 32, 64",8.0,2 TB,Unknown
CompAsia,Mac,iMac,iMac i5 3.0GHz 27-inch (Early 2019),,,512.0,SSD,Unknown,,425.0,2019,Intel Core i5,27.0,,,"8, 16, 32, 64",8.0,512 GB,Unknown
CompAsia,Mac,iMac,iMac i5 3.1GHz 27-inch (Early 2019),8549.0,,1024.0,Fusion Drive,Unknown,,500.0,2019,Intel Core i5,27.0,,,"8, 16, 32, 64",8.0,1 TB,Unknown
CompAsia,Mac,iMac,iMac i5 3.1GHz 27-inch (Early 2019),8549.0,,1024.0,SSD,Unknown,,550.0,2019,Intel Core i5,27.0,,,"8, 16, 32, 64",8.0,1 TB,Unknown
CompAsia,Mac,iMac,iMac i5 3.1GHz 27-inch (Early 2019),,,256.0,SSD,Unknown,,450.0,2019,Intel Core i5,27.0,,,"8, 16, 32, 64",8.0,256 GB,Unknown
CompAsia,Mac,iMac,iMac i5 3.1GHz 27-inch (Early 2019),,,2048.0,Fusion Drive,Unknown,,625.0,2019,Intel Core i5,27.0,,,"8, 16, 32, 64",8.0,2 TB,Unknown
CompAsia,Mac,iMac,iMac i5 3.1GHz 27-inch (Early 2019),,,3072.0,Fusion Drive,Unknown,,700.0,2019,Intel Core i5,27.0,,,"8, 16, 32, 64",8.0,3 TB,Unknown
CompAsia,Mac,iMac,iMac i5 3.1GHz 27-inch (Early 2019),,,512.0,SSD,Unknown,,500.0,2019,Intel Core i5,27.0,,,"8, 16, 32, 64",8.0,512 GB,Unknown
CompAsia,Mac,iMac,iMac i5 3.1GHz 27-inch (Mid 2020),7999.0,,256.0,SSD,Unknown,,650.0,2020,Intel Core i5,27.0,,,"8, 16, 32, 64, 128",8.0,256 GB,Unknown
CompAsia,Mac,iMac,iMac i5 3.3GHz 27-inch (Mid 2020),9349.0,,1024.0,SSD,Unknown,,825.0,2020,Intel Core i5,27.0,,,"8, 16, 32, 64, 128",8.0,1 TB,Unknown
CompAsia,Mac,iMac,iMac i5 3.3GHz 27-inch (Mid 2020),10199.0,,2048.0,SSD,Unknown,,950.0,2020,Intel Core i5,27.0,,,"8, 16, 32, 64, 128",8.0,2 TB,Unknown
CompAsia,Mac,iMac,iMac i5 3.3GHz 27-inch (Mid 2020),8849.0,,512.0,SSD,Unknown,,775.0,2020,Intel Core i5,27.0,,,"8, 16, 32, 64, 128",8.0,512 GB,Unknown
CompAsia,Mac,iMac,iMac i5 3.4GHz 27-inch (Mid 2017),7999.0,,1024.0,Fusion Drive,Unknown,,375.0,2017,Intel Core i5,27.0,,,"8, 16, 32, 64",8.0,1 TB,Unknown
CompAsia,Mac,iMac,iMac i5 3.4GHz 27-inch (Mid 2017),7999.0,,1024.0,SSD,Unknown,,375.0,2017,Intel Core i5,27.0,,,"8, 16, 32, 64",8.0,1 TB,Unknown
CompAsia,Mac,iMac,iMac i5 3.4GHz 27-inch (Mid 2017),,,256.0,SSD,Unknown,,275.0,2017,Intel Core i5,27.0,,,"8, 16, 32, 64",8.0,256 GB,Unknown
CompAsia,Mac,iMac,iMac i5 3.4GHz 27-inch (Mid 2017),,,2048.0,Fusion Drive,Unknown,,425.0,2017,Intel Core i5,27.0,,,"8, 16, 32, 64",8.0,2 TB,Unknown
CompAsia,Mac,iMac,iMac i5 3.4GHz 27-inch (Mid 2017),,,512.0,SSD,Unknown,,300.0,2017,Intel Core i5,27.0,,,"8, 16, 32, 64",8.0,512 GB,Unknown
CompAsia,Mac,iMac,iMac i5 3.5GHz 27-inch (Mid 2017),8899.0,,1024.0,Fusion Drive,Unknown,,375.0,2017,Intel Core i5,27.0,,,"8, 16, 32, 64",8.0,1 TB,Unknown
CompAsia,Mac,iMac,iMac i5 3.5GHz 27-inch (Mid 2017),8899.0,,1024.0,SSD,Unknown,,375.0,2017,Intel Core i5,27.0,,,"8, 16, 32, 64",8.0,1 TB,Unknown
CompAsia,Mac,iMac,iMac i5 3.5GHz 27-inch (Mid 2017),,,256.0,SSD,Unknown,,275.0,2017,Intel Core i5,27.0,,,"8, 16, 32, 64",8.0,256 GB,Unknown
CompAsia,Mac,iMac,iMac i5 3.5GHz 27-inch (Mid 2017),,,2048.0,Fusion Drive,Unknown,,425.0,2017,Intel Core i5,27.0,,,"8, 16, 32, 64",8.0,2 TB,Unknown
CompAsia,Mac,iMac,iMac i5 3.5GHz 27-inch (Mid 2017),,,3072.0,Fusion Drive,Unknown,,450.0,2017,Intel Core i5,27.0,,,"8, 16, 32, 64",8.0,3 TB,Unknown
CompAsia,Mac,iMac,iMac i5 3.5GHz 27-inch (Mid 2017),,,512.0,SSD,Unknown,,300.0,2017,Intel Core i5,27.0,,,"8, 16, 32, 64",8.0,512 GB,Unknown
CompAsia,Mac,iMac,iMac i5 3.7GHz 27-inch (Early 2019),,,1024.0,SSD,Unknown,,625.0,2019,Intel Core i5,27.0,,,"8, 16, 32, 64",8.0,1 TB,Unknown
CompAsia,Mac,iMac,iMac i5 3.7GHz 27-inch (Early 2019),9799.0,,2048.0,Fusion Drive,Unknown,,625.0,2019,Intel Core i5,27.0,,,"8, 16, 32, 64",8.0,2 TB,Unknown
CompAsia,Mac,iMac,iMac i5 3.7GHz 27-inch (Early 2019),9799.0,,2048.0,SSD,Unknown,,675.0,2019,Intel Core i5,27.0,,,"8, 16, 32, 64",8.0,2 TB,Unknown
CompAsia,Mac,iMac,iMac i5 3.7GHz 27-inch (Early 2019),,,3072.0,Fusion Drive,Unknown,,750.0,2019,Intel Core i5,27.0,,,"8, 16, 32, 64",8.0,3 TB,Unknown
CompAsia,Mac,iMac,iMac i5 3.7GHz 27-inch (Early 2019),,,512.0,SSD,Unknown,,625.0,2019,Intel Core i5,27.0,,,"8, 16, 32, 64",8.0,512 GB,Unknown
CompAsia,Mac,iMac,iMac i5 3.8GHz 27-inch (Mid 2017),,,1024.0,SSD,Unknown,,375.0,2017,Intel Core i5,27.0,,,"8, 16, 32, 64",8.0,1 TB,Unknown
CompAsia,Mac,iMac,iMac i5 3.8GHz 27-inch (Mid 2017),10099.0,,2048.0,Fusion Drive,Unknown,,425.0,2017,Intel Core i5,27.0,,,"8, 16, 32, 64",8.0,2 TB,Unknown
CompAsia,Mac,iMac,iMac i5 3.8GHz 27-inch (Mid 2017),10099.0,,2048.0,SSD,Unknown,,425.0,2017,Intel Core i5,27.0,,,"8, 16, 32, 64",8.0,2 TB,Unknown
CompAsia,Mac,iMac,iMac i5 3.8GHz 27-inch (Mid 2017),,,3072.0,Fusion Drive,Unknown,,450.0,2017,Intel Core i5,27.0,,,"8, 16, 32, 64",8.0,3 TB,Unknown
CompAsia,Mac,iMac,iMac i5 3.8GHz 27-inch (Mid 2017),,,512.0,SSD,Unknown,,300.0,2017,Intel Core i5,27.0,,,"8, 16, 32, 64",8.0,512 GB,Unknown
CompAsia,Mac,iMac,iMac i7 3.8GHz 27-inch (Mid 2020),11349.0,,1024.0,SSD,Unknown,,975.0,2020,Intel Core i7,27.0,,,"8, 16, 32, 64, 128",8.0,1 TB,Unknown
CompAsia,Mac,iMac,iMac i7 3.8GHz 27-inch (Mid 2020),12199.0,,2048.0,SSD,Unknown,,1025.0,2020,Intel Core i7,27.0,,,"8, 16, 32, 64, 128",8.0,2 TB,Unknown
CompAsia,Mac,iMac,iMac i7 3.8GHz 27-inch (Mid 2020),13899.0,,4096.0,SSD,Unknown,,1250.0,2020,Intel Core i7,27.0,,,"8, 16, 32, 64, 128",8.0,4 TB,Unknown
CompAsia,Mac,iMac,iMac i7 3.8GHz 27-inch (Mid 2020),10099.0,,512.0,SSD,Unknown,,875.0,2020,Intel Core i7,27.0,,,"8, 16, 32, 64, 128",8.0,512 GB,Unknown
CompAsia,Mac,iMac,iMac i7 3.8GHz 27-inch (Mid 2020),15599.0,,8192.0,SSD,Unknown,,1650.0,2020,Intel Core i7,27.0,,,"8, 16, 32, 64, 128",8.0,8 TB,Unknown
CompAsia,Mac,iMac,iMac i7 4.2GHz 27-inch (Mid 2017),,,1024.0,Fusion Drive,Unknown,,400.0,2017,Intel Core i7,27.0,,,"8, 16, 32, 64",8.0,1 TB,Unknown
CompAsia,Mac,iMac,iMac i7 4.2GHz 27-inch (Mid 2017),,,1024.0,SSD,Unknown,,400.0,2017,Intel Core i7,27.0,,,"8, 16, 32, 64",8.0,1 TB,Unknown
CompAsia,Mac,iMac,iMac i7 4.2GHz 27-inch (Mid 2017),,,256.0,SSD,Unknown,,275.0,2017,Intel Core i7,27.0,,,"8, 16, 32, 64",8.0,256 GB,Unknown
CompAsia,Mac,iMac,iMac i7 4.2GHz 27-inch (Mid 2017),,,2048.0,Fusion Drive,Unknown,,425.0,2017,Intel Core i7,27.0,,,"8, 16, 32, 64",8.0,2 TB,Unknown
CompAsia,Mac,iMac,iMac i7 4.2GHz 27-inch (Mid 2017),,,2048.0,SSD,Unknown,,425.0,2017,Intel Core i7,27.0,,,"8, 16, 32, 64",8.0,2 TB,Unknown
CompAsia,Mac,iMac,iMac i7 4.2GHz 27-inch (Mid 2017),,,3072.0,Fusion Drive,Unknown,,450.0,2017,Intel Core i7,27.0,,,"8, 16, 32, 64",8.0,3 TB,Unknown
CompAsia,Mac,iMac,iMac i7 4.2GHz 27-inch (Mid 2017),10279.0,,512.0,SSD,Unknown,,300.0,2017,Intel Core i7,27.0,,,"8, 16, 32, 64",8.0,512 GB,Unknown
CompAsia,Mac,iMac,iMac i9 3.6GHz 27-inch (Early 2019),10679.0,,1024.0,Fusion Drive,Unknown,,1100.0,2019,Intel Core i9,27.0,,,"8, 16, 32, 64",8.0,1 TB,Unknown
CompAsia,Mac,iMac,iMac i9 3.6GHz 27-inch (Early 2019),10679.0,,1024.0,SSD,Unknown,,1175.0,2019,Intel Core i9,27.0,,,"8, 16, 32, 64",8.0,1 TB,Unknown
CompAsia,Mac,iMac,iMac i9 3.6GHz 27-inch (Early 2019),,,256.0,SSD,Unknown,,850.0,2019,Intel Core i9,27.0,,,"8, 16, 32, 64",8.0,256 GB,Unknown
CompAsia,Mac,iMac,iMac i9 3.6GHz 27-inch (Early 2019),,,2048.0,Fusion Drive,Unknown,,1275.0,2019,Intel Core i9,27.0,,,"8, 16, 32, 64",8.0,2 TB,Unknown
CompAsia,Mac,iMac,iMac i9 3.6GHz 27-inch (Early 2019),,,2048.0,SSD,Unknown,,1350.0,2019,Intel Core i9,27.0,,,"8, 16, 32, 64",8.0,2 TB,Unknown
CompAsia,Mac,iMac,iMac i9 3.6GHz 27-inch (Early 2019),,,3072.0,Fusion Drive,Unknown,,1425.0,2019,Intel Core i9,27.0,,,"8, 16, 32, 64",8.0,3 TB,Unknown
CompAsia,Mac,iMac,iMac i9 3.6GHz 27-inch (Early 2019),,,512.0,SSD,Unknown,,975.0,2019,Intel Core i9,27.0,,,"8, 16, 32, 64",8.0,512 GB,Unknown
CompAsia,Mac,iMac,iMac i9 3.6GHz 27-inch (Mid 2020),13349.0,,1024.0,SSD,Unknown,,1275.0,2020,Intel Core i9,27.0,,,"8, 16, 32, 64, 128",8.0,1 TB,Unknown
CompAsia,Mac,iMac,iMac i9 3.6GHz 27-inch (Mid 2020),14199.0,,2048.0,SSD,Unknown,,1475.0,2020,Intel Core i9,27.0,,,"8, 16, 32, 64, 128",8.0,2 TB,Unknown
CompAsia,Mac,iMac,iMac i9 3.6GHz 27-inch (Mid 2020),15899.0,,4096.0,SSD,Unknown,,1650.0,2020,Intel Core i9,27.0,,,"8, 16, 32, 64, 128",8.0,4 TB,Unknown
CompAsia,Mac,iMac,iMac i9 3.6GHz 27-inch (Mid 2020),10849.0,,512.0,SSD,Unknown,,1175.0,2020,Intel Core i9,27.0,,,"8, 16, 32, 64, 128",8.0,512 GB,Unknown
CompAsia,Mac,iMac,iMac i9 3.6GHz 27-inch (Mid 2020),17599.0,,8192.0,SSD,Unknown,,1775.0,2020,Intel Core i9,27.0,,,"8, 16, 32, 64, 128",8.0,8 TB,Unknown
CompAsia,Mac,iMac,iMac M1 8-Core CPU & 7-Core GPU 24-inch (Early 2021),8049.0,,1024.0,SSD,Unknown,,675.0,2021,M1,24.0,,,"8, 16",8.0,1 TB,M1
CompAsia,Mac,iMac,iMac M1 8-Core CPU & 7-Core GPU 24-inch (Early 2021),5599.0,,256.0,SSD,Unknown,,575.0,2021,M1,24.0,,,"8, 16",8.0,256 GB,M1
CompAsia,Mac,iMac,iMac M1 8-Core CPU & 7-Core GPU 24-inch (Early 2021),6449.0,,512.0,SSD,Unknown,,575.0,2021,M1,24.0,,,"8, 16",8.0,512 GB,M1
CompAsia,Mac,iMac,iMac M1 8-Core CPU & 8-Core GPU 24-inch (Early 2021),8849.0,,1024.0,SSD,Unknown,,725.0,2021,M1,24.0,,,"8, 16",8.0,1 TB,M1
CompAsia,Mac,iMac,iMac M1 8-Core CPU & 8-Core GPU 24-inch (Early 2021),6449.0,,256.0,SSD,Unknown,,650.0,2021,M1,24.0,,,"8, 16",8.0,256 GB,M1
CompAsia,Mac,iMac,iMac M1 8-Core CPU & 8-Core GPU 24-inch (Early 2021),,,2048.0,SSD,Unknown,,725.0,2021,M1,24.0,,,"8, 16",8.0,2 TB,M1
CompAsia,Mac,iMac,iMac M1 8-Core CPU & 8-Core GPU 24-inch (Early 2021),7249.0,,512.0,SSD,Unknown,,725.0,2021,M1,24.0,,,"8, 16",8.0,512 GB,M1
CompAsia,Mac,iMac,iMac M3 8-Core CPU & 10-Core GPU 24-inch (Late 2023),9699.0,,1024.0,SSD,Unknown,,3250.0,2023,M3,24.0,,,"8, 16, 24",8.0,1 TB,M3
CompAsia,Mac,iMac,iMac M3 8-Core CPU & 10-Core GPU 24-inch (Late 2023),7299.0,,256.0,SSD,Unknown,,2650.0,2023,M3,24.0,,,"8, 16, 24",8.0,256 GB,M3
CompAsia,Mac,iMac,iMac M3 8-Core CPU & 10-Core GPU 24-inch (Late 2023),,,2048.0,SSD,Unknown,,3725.0,2023,M3,24.0,,,"8, 16, 24",8.0,2 TB,M3
CompAsia,Mac,iMac,iMac M3 8-Core CPU & 10-Core GPU 24-inch (Late 2023),8099.0,,512.0,SSD,Unknown,,2950.0,2023,M3,24.0,,,"8, 16, 24",8.0,512 GB,M3
CompAsia,Mac,iMac,iMac M3 8-Core CPU & 8-Core GPU 24-inch (Late 2023),8749.0,,1024.0,SSD,Unknown,,2800.0,2023,M3,24.0,,,"8, 16, 24",8.0,1 TB,M3
CompAsia,Mac,iMac,iMac M3 8-Core CPU & 8-Core GPU 24-inch (Late 2023),6299.0,,256.0,SSD,Unknown,,2175.0,2023,M3,24.0,,,"8, 16, 24",8.0,256 GB,M3
CompAsia,Mac,iMac,iMac M3 8-Core CPU & 8-Core GPU 24-inch (Late 2023),7149.0,,512.0,SSD,Unknown,,2500.0,2023,M3,24.0,,,"8, 16, 24",8.0,512 GB,M3
CompAsia,Mac,iMac,iMac M4 10-Core CPU & 10-Core GPU 24-inch (Late 2024),8399.0,,1024.0,SSD,Unknown,,3575.0,2024,M4,24.0,,,"16, 24, 32",16.0,1 TB,M4
CompAsia,Mac,iMac,iMac M4 10-Core CPU & 10-Core GPU 24-inch (Late 2024),6699.0,,256.0,SSD,Unknown,,2725.0,2024,M4,24.0,,,"16, 24, 32",16.0,256 GB,M4
CompAsia,Mac,iMac,iMac M4 10-Core CPU & 10-Core GPU 24-inch (Late 2024),,,2048.0,SSD,Unknown,,3925.0,2024,M4,24.0,,,"16, 24, 32",16.0,2 TB,M4
CompAsia,Mac,iMac,iMac M4 10-Core CPU & 10-Core GPU 24-inch (Late 2024),7549.0,,512.0,SSD,Unknown,,3200.0,2024,M4,24.0,,,"16, 24, 32",16.0,512 GB,M4
CompAsia,Mac,iMac,iMac M4 8-Core CPU & 8-Core GPU 24-inch (Late 2024),8249.0,,1024.0,SSD,Unknown,,3200.0,2024,M4,24.0,,,"16, 24, 32",16.0,1 TB,M4
CompAsia,Mac,iMac,iMac M4 8-Core CPU & 8-Core GPU 24-inch (Late 2024),5799.0,,256.0,SSD,Unknown,,2450.0,2024,M4,24.0,,,"16, 24, 32",16.0,256 GB,M4
CompAsia,Mac,iMac,iMac M4 8-Core CPU & 8-Core GPU 24-inch (Late 2024),6649.0,,512.0,SSD,Unknown,,2825.0,2024,M4,24.0,,,"16, 24, 32",16.0,512 GB,M4
CompAsia,Mac,iMac Pro,iMac Pro Xeon W 2.3GHz 27-inch (Late 2017),20999.0,,1024.0,SSD,Unknown,,750.0,2017,Intel Xeon W,27.0,,,"32, 64, 128",32.0,1 TB,Unknown
CompAsia,Mac,iMac Pro,iMac Pro Xeon W 2.3GHz 27-inch (Late 2017),23399.0,,2048.0,SSD,Unknown,,850.0,2017,Intel Xeon W,27.0,,,"32, 64, 128",32.0,2 TB,Unknown
CompAsia,Mac,iMac Pro,iMac Pro Xeon W 2.3GHz 27-inch (Late 2017),28199.0,,4096.0,SSD,Unknown,,950.0,2017,Intel Xeon W,27.0,,,"32, 64, 128",32.0,4 TB,Unknown
CompAsia,Mac,iMac Pro,iMac Pro Xeon W 2.5GHz 27-inch (Late 2017),20999.0,,1024.0,SSD,Unknown,,900.0,2017,Intel Xeon W,27.0,,,"32, 64, 128",32.0,1 TB,Unknown
CompAsia,Mac,iMac Pro,iMac Pro Xeon W 2.5GHz 27-inch (Late 2017),30759.0,,2048.0,SSD,Unknown,,975.0,2017,Intel Xeon W,27.0,,,"32, 64, 128",32.0,2 TB,Unknown
CompAsia,Mac,iMac Pro,iMac Pro Xeon W 2.5GHz 27-inch (Late 2017),35559.0,,4096.0,SSD,Unknown,,1050.0,2017,Intel Xeon W,27.0,,,"32, 64, 128",32.0,4 TB,Unknown
CompAsia,Mac,iMac Pro,iMac Pro Xeon W 3.0GHz 27-inch (Late 2017),24679.0,,1024.0,SSD,Unknown,,950.0,2017,Intel Xeon W,27.0,,,"32, 64, 128",32.0,1 TB,Unknown
CompAsia,Mac,iMac Pro,iMac Pro Xeon W 3.0GHz 27-inch (Late 2017),27079.0,,2048.0,SSD,Unknown,,975.0,2017,Intel Xeon W,27.0,,,"32, 64, 128",32.0,2 TB,Unknown
CompAsia,Mac,iMac Pro,iMac Pro Xeon W 3.0GHz 27-inch (Late 2017),31879.0,,4096.0,SSD,Unknown,,1000.0,2017,Intel Xeon W,27.0,,,"32, 64, 128",32.0,4 TB,Unknown
CompAsia,Mac,iMac Pro,iMac Pro Xeon W 3.2GHz 27-inch (Late 2017),20999.0,,1024.0,SSD,Unknown,,750.0,2017,Intel Xeon W,27.0,,,"32, 64, 128",32.0,1 TB,Unknown
CompAsia,Mac,iMac Pro,iMac Pro Xeon W 3.2GHz 27-inch (Late 2017),24679.0,,2048.0,SSD,Unknown,,850.0,2017,Intel Xeon W,27.0,,,"32, 64, 128",32.0,2 TB,Unknown
CompAsia,Mac,iMac Pro,iMac Pro Xeon W 3.2GHz 27-inch (Late 2017),28199.0,,4096.0,SSD,Unknown,,950.0,2017,Intel Xeon W,27.0,,,"32, 64, 128",32.0,4 TB,Unknown
CompAsia,Mac,MacBook Air,MacBook Air i3 1.1GHz 13-inch (Early 2020),5999.0,,1024.0,SSD,Unknown,,350.0,2020,Intel Core i3,13.0,,,"8, 16",8.0,1 TB,Unknown
CompAsia,Mac,MacBook Air,MacBook Air i3 1.1GHz 13-inch (Early 2020),4399.0,,256.0,SSD,Unknown,,345.0,2020,Intel Core i3,13.0,,,"8, 16",8.0,256 GB,Unknown
CompAsia,Mac,MacBook Air,MacBook Air i3 1.1GHz 13-inch (Early 2020),7599.0,,2048.0,SSD,Unknown,,420.0,2020,Intel Core i3,13.0,,,"8, 16",8.0,2 TB,Unknown
CompAsia,Mac,MacBook Air,MacBook Air i3 1.1GHz 13-inch (Early 2020),5199.0,,512.0,SSD,Unknown,,350.0,2020,Intel Core i3,13.0,,,"8, 16",8.0,512 GB,Unknown
CompAsia,Mac,MacBook Air,MacBook Air i5 1.1GHz 13-inch (Early 2020),7199.0,,1024.0,SSD,Unknown,,475.0,2020,Intel Core i5,13.0,,,"8, 16",8.0,1 TB,Unknown
CompAsia,Mac,MacBook Air,MacBook Air i5 1.1GHz 13-inch (Early 2020),5599.0,,256.0,SSD,Unknown,,450.0,2020,Intel Core i5,13.0,,,"8, 16",8.0,256 GB,Unknown
CompAsia,Mac,MacBook Air,MacBook Air i5 1.1GHz 13-inch (Early 2020),8799.0,,2048.0,SSD,Unknown,,550.0,2020,Intel Core i5,13.0,,,"8, 16",8.0,2 TB,Unknown
CompAsia,Mac,MacBook Air,MacBook Air i5 1.1GHz 13-inch (Early 2020),5599.0,,512.0,SSD,Unknown,,475.0,2020,Intel Core i5,13.0,,,"8, 16",8.0,512 GB,Unknown
CompAsia,Mac,MacBook Air,MacBook Air i5 1.6GHz 13-inch (Late 2018),5249.0,,128.0,SSD,Unknown,,400.0,2018,Intel Core i5,13.0,,,"8, 16",8.0,128 GB,Unknown
CompAsia,Mac,MacBook Air,MacBook Air i5 1.6GHz 13-inch (Late 2018),10349.0,,1536.0,SSD,Unknown,,500.0,2018,Intel Core i5,13.0,,,"8, 16",8.0,1.5 TB,Unknown
CompAsia,Mac,MacBook Air,MacBook Air i5 1.6GHz 13-inch (Late 2018),6099.0,,256.0,SSD,Unknown,,400.0,2018,Intel Core i5,13.0,,,"8, 16",8.0,256 GB,Unknown
CompAsia,Mac,MacBook Air,MacBook Air i5 1.6GHz 13-inch (Late 2018),6949.0,,512.0,SSD,Unknown,,475.0,2018,Intel Core i5,13.0,,,"8, 16",8.0,512 GB,Unknown
CompAsia,Mac,MacBook Air,MacBook Air i5 1.6GHz 13-inch (Mid 2019),4699.0,,128.0,SSD,Unknown,,400.0,2019,Intel Core i5,13.0,,,"8, 16",8.0,128 GB,Unknown
CompAsia,Mac,MacBook Air,MacBook Air i5 1.6GHz 13-inch (Mid 2019),5499.0,,1024.0,SSD,Unknown,,475.0,2019,Intel Core i5,13.0,,,"8, 16",8.0,1 TB,Unknown
CompAsia,Mac,MacBook Air,MacBook Air i5 1.6GHz 13-inch (Mid 2019),5499.0,,256.0,SSD,Unknown,,400.0,2019,Intel Core i5,13.0,,,"8, 16",8.0,256 GB,Unknown
CompAsia,Mac,MacBook Air,MacBook Air i5 1.6GHz 13-inch (Mid 2019),6349.0,,512.0,SSD,Unknown,,475.0,2019,Intel Core i5,13.0,,,"8, 16",8.0,512 GB,Unknown
CompAsia,Mac,MacBook Air,MacBook Air i5 1.8GHz 13-inch (Mid 2017),4199.0,,128.0,SSD,Unknown,,175.0,2017,Intel Core i5,13.0,,,"8, 16",8.0,128 GB,Unknown
CompAsia,Mac,MacBook Air,MacBook Air i5 1.8GHz 13-inch (Mid 2017),4739.0,,256.0,SSD,Unknown,,225.0,2017,Intel Core i5,13.0,,,"8, 16",8.0,256 GB,Unknown
CompAsia,Mac,MacBook Air,MacBook Air i5 1.8GHz 13-inch (Mid 2017),4999.0,,512.0,SSD,Unknown,,250.0,2017,Intel Core i5,13.0,,,"8, 16",8.0,512 GB,Unknown
CompAsia,Mac,MacBook Air,MacBook Air i7 1.2GHz 13-inch (Early 2020),8199.0,,1024.0,SSD,Unknown,,500.0,2020,Intel Core i7,13.0,,,"8, 16",8.0,1 TB,Unknown
CompAsia,Mac,MacBook Air,MacBook Air i7 1.2GHz 13-inch (Early 2020),6599.0,,256.0,SSD,Unknown,,475.0,2020,Intel Core i7,13.0,,,"8, 16",8.0,256 GB,Unknown
CompAsia,Mac,MacBook Air,MacBook Air i7 1.2GHz 13-inch (Early 2020),9799.0,,2048.0,SSD,Unknown,,575.0,2020,Intel Core i7,13.0,,,"8, 16",8.0,2 TB,Unknown
CompAsia,Mac,MacBook Air,MacBook Air i7 1.2GHz 13-inch (Early 2020),5399.0,,512.0,SSD,Unknown,,475.0,2020,Intel Core i7,13.0,,,"8, 16",8.0,512 GB,Unknown
CompAsia,Mac,MacBook Air,MacBook Air i7 2.2GHz 13-inch (Mid 2017),4039.0,,128.0,SSD,Unknown,,250.0,2017,Intel Core i7,13.0,,,"8, 16",8.0,128 GB,Unknown
CompAsia,Mac,MacBook Air,MacBook Air i7 2.2GHz 13-inch (Mid 2017),4039.0,,256.0,SSD,Unknown,,300.0,2017,Intel Core i7,13.0,,,"8, 16",8.0,256 GB,Unknown
CompAsia,Mac,MacBook Air,MacBook Air i7 2.2GHz 13-inch (Mid 2017),4739.0,,512.0,SSD,Unknown,,425.0,2017,Intel Core i7,13.0,,,"8, 16",8.0,512 GB,Unknown
CompAsia,Mac,MacBook Air,MacBook Air M1 8-Core CPU & 7-Core GPU 13-inch (Late 2020),4399.0,,128.0,SSD,Unknown,,505.0,2020,M1,13.0,,,"8, 16",8.0,128 GB,M1
CompAsia,Mac,MacBook Air,MacBook Air M1 8-Core CPU & 7-Core GPU 13-inch (Late 2020),5799.0,,1024.0,SSD,Unknown,,605.0,2020,M1,13.0,,,"8, 16",8.0,1 TB,M1
CompAsia,Mac,MacBook Air,MacBook Air M1 8-Core CPU & 7-Core GPU 13-inch (Late 2020),4399.0,,256.0,SSD,Unknown,,605.0,2020,M1,13.0,,,"8, 16",8.0,256 GB,M1
CompAsia,Mac,MacBook Air,MacBook Air M1 8-Core CPU & 7-Core GPU 13-inch (Late 2020),7399.0,,2048.0,SSD,Unknown,,705.0,2020,M1,13.0,,,"8, 16",8.0,2 TB,M1
CompAsia,Mac,MacBook Air,MacBook Air M1 8-Core CPU & 7-Core GPU 13-inch (Late 2020),4999.0,,512.0,SSD,Unknown,,605.0,2020,M1,13.0,,,"8, 16",8.0,512 GB,M1
CompAsia,Mac,MacBook Air,MacBook Air M1 8-Core CPU & 8-Core GPU 13-inch (Late 2020),5999.0,,1024.0,SSD,Unknown,,705.0,2020,M1,13.0,,,"8, 16",8.0,1 TB,M1
CompAsia,Mac,MacBook Air,MacBook Air M1 8-Core CPU & 8-Core GPU 13-inch (Late 2020),5399.0,,256.0,SSD,Unknown,,570.0,2020,M1,13.0,,,"8, 16",8.0,256 GB,M1
CompAsia,Mac,MacBook Air,MacBook Air M1 8-Core CPU & 8-Core GPU 13-inch (Late 2020),7599.0,,2048.0,SSD,Unknown,,755.0,2020,M1,13.0,,,"8, 16",8.0,2 TB,M1
CompAsia,Mac,MacBook Air,MacBook Air M1 8-Core CPU & 8-Core GPU 13-inch (Late 2020),5399.0,,512.0,SSD,Unknown,,655.0,2020,M1,13.0,,,"8, 16",8.0,512 GB,M1
CompAsia,Mac,MacBook Air,MacBook Air M2 8-Core CPU & 10-Core GPU 13.6-inch (Mid 2022),6399.0,,1024.0,SSD,Unknown,,1550.0,2022,M2,13.6,,,"8, 16, 24",8.0,1 TB,M2
CompAsia,Mac,MacBook Air,MacBook Air M2 8-Core CPU & 10-Core GPU 13.6-inch (Mid 2022),5499.0,,256.0,SSD,Unknown,,1200.0,2022,M2,13.6,,,"8, 16, 24",8.0,256 GB,M2
CompAsia,Mac,MacBook Air,MacBook Air M2 8-Core CPU & 10-Core GPU 13.6-inch (Mid 2022),7999.0,,2048.0,SSD,Unknown,,2015.0,2022,M2,13.6,,,"8, 16, 24",8.0,2 TB,M2
CompAsia,Mac,MacBook Air,MacBook Air M2 8-Core CPU & 10-Core GPU 13.6-inch (Mid 2022),6699.0,,512.0,SSD,Unknown,,1395.0,2022,M2,13.6,,,"8, 16, 24",8.0,512 GB,M2
CompAsia,Mac,MacBook Air,MacBook Air M2 8-Core CPU & 10-Core GPU 15-inch (Mid 2023),7399.0,,1024.0,SSD,Unknown,,2245.0,2023,M2,15.0,,,"8, 16, 24",8.0,1 TB,M2
CompAsia,Mac,MacBook Air,MacBook Air M2 8-Core CPU & 10-Core GPU 15-inch (Mid 2023),6199.0,,256.0,SSD,Unknown,,1855.0,2023,M2,15.0,,,"8, 16, 24",8.0,256 GB,M2
CompAsia,Mac,MacBook Air,MacBook Air M2 8-Core CPU & 10-Core GPU 15-inch (Mid 2023),8999.0,,2048.0,SSD,Unknown,,2815.0,2023,M2,15.0,,,"8, 16, 24",8.0,2 TB,M2
CompAsia,Mac,MacBook Air,MacBook Air M2 8-Core CPU & 10-Core GPU 15-inch (Mid 2023),6599.0,,512.0,SSD,Unknown,,2015.0,2023,M2,15.0,,,"8, 16, 24",8.0,512 GB,M2
CompAsia,Mac,MacBook Air,MacBook Air M2 8-Core CPU & 8-Core GPU 13.6-inch (Mid 2022),6399.0,,1024.0,SSD,Unknown,,1550.0,2022,M2,13.6,,,"8, 16, 24",8.0,1 TB,M2
CompAsia,Mac,MacBook Air,MacBook Air M2 8-Core CPU & 8-Core GPU 13.6-inch (Mid 2022),5499.0,,256.0,SSD,Unknown,,1200.0,2022,M2,13.6,,,"8, 16, 24",8.0,256 GB,M2
CompAsia,Mac,MacBook Air,MacBook Air M2 8-Core CPU & 8-Core GPU 13.6-inch (Mid 2022),7999.0,,2048.0,SSD,Unknown,,1990.0,2022,M2,13.6,,,"8, 16, 24",8.0,2 TB,M2
CompAsia,Mac,MacBook Air,MacBook Air M2 8-Core CPU & 8-Core GPU 13.6-inch (Mid 2022),5599.0,,512.0,SSD,Unknown,,1395.0,2022,M2,13.6,,,"8, 16, 24",8.0,512 GB,M2
CompAsia,Mac,MacBook Air,MacBook Air M3 8-Core CPU & 10-Core GPU 13.6-inch (Early 2024),5799.0,,1024.0,SSD,Unknown,,2450.0,2024,M3,13.6,,,"8, 16, 24",8.0,1 TB,M3
CompAsia,Mac,MacBook Air,MacBook Air M3 8-Core CPU & 10-Core GPU 13.6-inch (Early 2024),5199.0,,256.0,SSD,Unknown,,1950.0,2024,M3,13.6,,,"8, 16, 24",8.0,256 GB,M3
CompAsia,Mac,MacBook Air,MacBook Air M3 8-Core CPU & 10-Core GPU 13.6-inch (Early 2024),7399.0,,2048.0,SSD,Unknown,,3125.0,2024,M3,13.6,,,"8, 16, 24",8.0,2 TB,M3
CompAsia,Mac,MacBook Air,MacBook Air M3 8-Core CPU & 10-Core GPU 13.6-inch (Early 2024),5999.0,,512.0,SSD,Unknown,,2125.0,2024,M3,13.6,,,"8, 16, 24",8.0,512 GB,M3
CompAsia,Mac,MacBook Air,MacBook Air M3 8-Core CPU & 10-Core GPU 15-inch (Early 2024),6899.0,,1024.0,SSD,Unknown,,3075.0,2024,M3,15.0,,,"8, 16, 24",8.0,1 TB,M3
CompAsia,Mac,MacBook Air,MacBook Air M3 8-Core CPU & 10-Core GPU 15-inch (Early 2024),6199.0,,256.0,SSD,Unknown,,2275.0,2024,M3,15.0,,,"8, 16, 24",8.0,256 GB,M3
CompAsia,Mac,MacBook Air,MacBook Air M3 8-Core CPU & 10-Core GPU 15-inch (Early 2024),8499.0,,2048.0,SSD,Unknown,,3475.0,2024,M3,15.0,,,"8, 16, 24",8.0,2 TB,M3
CompAsia,Mac,MacBook Air,MacBook Air M3 8-Core CPU & 10-Core GPU 15-inch (Early 2024),6099.0,,512.0,SSD,Unknown,,2500.0,2024,M3,15.0,,,"8, 16, 24",8.0,512 GB,M3
CompAsia,Mac,MacBook Air,MacBook Air M3 8-Core CPU & 8-Core GPU 13.6-inch (Early 2024),5199.0,,256.0,SSD,Unknown,,1950.0,2024,M3,13.6,,,"8, 16, 24",8.0,256 GB,M3
CompAsia,Mac,MacBook Air,MacBook Air M4 10-Core CPU & 10-Core GPU 13-inch (Early 2025),5599.0,,1024.0,SSD,Unknown,,3125.0,2025,M4,13.0,,,"16, 24, 32",16.0,1 TB,M4
CompAsia,Mac,MacBook Air,MacBook Air M4 10-Core CPU & 10-Core GPU 13-inch (Early 2025),5349.0,,256.0,SSD,Unknown,,2450.0,2025,M4,13.0,,,"16, 24, 32",16.0,256 GB,M4
CompAsia,Mac,MacBook Air,MacBook Air M4 10-Core CPU & 10-Core GPU 13-inch (Early 2025),7199.0,,2048.0,SSD,Unknown,,4000.0,2025,M4,13.0,,,"16, 24, 32",16.0,2 TB,M4
CompAsia,Mac,MacBook Air,MacBook Air M4 10-Core CPU & 10-Core GPU 13-inch (Early 2025),4799.0,,512.0,SSD,Unknown,,2675.0,2025,M4,13.0,,,"16, 24, 32",16.0,512 GB,M4
CompAsia,Mac,MacBook Air,MacBook Air M4 10-Core CPU & 10-Core GPU 15-inch (Early 2025),6299.0,,1024.0,SSD,Unknown,,3600.0,2025,M4,15.0,,,"16, 24, 32",16.0,1 TB,M4
CompAsia,Mac,MacBook Air,MacBook Air M4 10-Core CPU & 10-Core GPU 15-inch (Early 2025),5499.0,,256.0,SSD,Unknown,,2750.0,2025,M4,15.0,,,"16, 24, 32",16.0,256 GB,M4
CompAsia,Mac,MacBook Air,MacBook Air M4 10-Core CPU & 10-Core GPU 15-inch (Early 2025),7899.0,,2048.0,SSD,Unknown,,4400.0,2025,M4,15.0,,,"16, 24, 32",16.0,2 TB,M4
CompAsia,Mac,MacBook Air,MacBook Air M4 10-Core CPU & 10-Core GPU 15-inch (Early 2025),5499.0,,512.0,SSD,Unknown,,2975.0,2025,M4,15.0,,,"16, 24, 32",16.0,512 GB,M4
CompAsia,Mac,MacBook Air,MacBook Air M4 10-Core CPU & 8-Core GPU 13-inch (Early 2025),4499.0,,256.0,SSD,Unknown,,2250.0,2025,M4,13.0,,,"16, 24, 32",16.0,256 GB,M4
CompAsia,Mac,MacBook,MacBook i5 1.3GHz 12-inch (Mid 2017),7199.0,,256.0,SSD,Unknown,,275.0,2017,Intel Core i5,12.0,,,"8, 16",8.0,256 GB,Unknown
CompAsia,Mac,MacBook,MacBook i5 1.3GHz 12-inch (Mid 2017),7199.0,,512.0,SSD,Unknown,,375.0,2017,Intel Core i5,12.0,,,"8, 16",8.0,512 GB,Unknown
CompAsia,Mac,MacBook,MacBook i7 1.4GHz 12-inch (Mid 2017),7149.0,,256.0,SSD,Unknown,,325.0,2017,Intel Core i7,12.0,,,"8, 16",8.0,256 GB,Unknown
CompAsia,Mac,MacBook,MacBook i7 1.4GHz 12-inch (Mid 2017),7149.0,,512.0,SSD,Unknown,,425.0,2017,Intel Core i7,12.0,,,"8, 16",8.0,512 GB,Unknown
CompAsia,Mac,MacBook,MacBook M3 1.2GHz 12-inch (Mid 2017),5999.0,,256.0,SSD,Unknown,,275.0,2017,Intel Core m3,12.0,,,"8, 16",8.0,256 GB,M3
CompAsia,Mac,MacBook Pro,MacBook Pro 14-inch M1 Max 10-Core CPU & 24-Core GPU (2021),12399.0,,1024.0,SSD,Unknown,,2725.0,2021,M1 Max,14.0,,,"32, 64",32.0,1 TB,M1
CompAsia,Mac,MacBook Pro,MacBook Pro 14-inch M1 Max 10-Core CPU & 24-Core GPU (2021),14799.0,,2048.0,SSD,Unknown,,2775.0,2021,M1 Max,14.0,,,"32, 64",32.0,2 TB,M1
CompAsia,Mac,MacBook Pro,MacBook Pro 14-inch M1 Max 10-Core CPU & 24-Core GPU (2021),17999.0,,4096.0,SSD,Unknown,,3550.0,2021,M1 Max,14.0,,,"32, 64",32.0,4 TB,M1
CompAsia,Mac,MacBook Pro,MacBook Pro 14-inch M1 Max 10-Core CPU & 24-Core GPU (2021),12399.0,,512.0,SSD,Unknown,,2525.0,2021,M1 Max,14.0,,,"32, 64",32.0,512 GB,M1
CompAsia,Mac,MacBook Pro,MacBook Pro 14-inch M1 Max 10-Core CPU & 24-Core GPU (2021),21999.0,,8192.0,SSD,Unknown,,4175.0,2021,M1 Max,14.0,,,"32, 64",32.0,8 TB,M1
CompAsia,Mac,MacBook Pro,MacBook Pro 14-inch M1 Max 10-Core CPU & 32-Core GPU (2021),13199.0,,1024.0,SSD,Unknown,,2875.0,2021,M1 Max,14.0,,,"32, 64",32.0,1 TB,M1
CompAsia,Mac,MacBook Pro,MacBook Pro 14-inch M1 Max 10-Core CPU & 32-Core GPU (2021),15599.0,,2048.0,SSD,Unknown,,3250.0,2021,M1 Max,14.0,,,"32, 64",32.0,2 TB,M1
CompAsia,Mac,MacBook Pro,MacBook Pro 14-inch M1 Max 10-Core CPU & 32-Core GPU (2021),18799.0,,4096.0,SSD,Unknown,,3725.0,2021,M1 Max,14.0,,,"32, 64",32.0,4 TB,M1
CompAsia,Mac,MacBook Pro,MacBook Pro 14-inch M1 Max 10-Core CPU & 32-Core GPU (2021),13199.0,,512.0,SSD,Unknown,,2725.0,2021,M1 Max,14.0,,,"32, 64",32.0,512 GB,M1
CompAsia,Mac,MacBook Pro,MacBook Pro 14-inch M1 Max 10-Core CPU & 32-Core GPU (2021),22799.0,,8192.0,SSD,Unknown,,4325.0,2021,M1 Max,14.0,,,"32, 64",32.0,8 TB,M1
CompAsia,Mac,MacBook Pro,MacBook Pro 14-inch M1 Pro 10-Core CPU & 14-Core GPU (2021),9599.0,,1024.0,SSD,Unknown,,2150.0,2021,M1 Pro,14.0,,,"16, 32",16.0,1 TB,M1
CompAsia,Mac,MacBook Pro,MacBook Pro 14-inch M1 Pro 10-Core CPU & 14-Core GPU (2021),11999.0,,2048.0,SSD,Unknown,,2375.0,2021,M1 Pro,14.0,,,"16, 32",16.0,2 TB,M1
CompAsia,Mac,MacBook Pro,MacBook Pro 14-inch M1 Pro 10-Core CPU & 14-Core GPU (2021),15199.0,,4096.0,SSD,Unknown,,2850.0,2021,M1 Pro,14.0,,,"16, 32",16.0,4 TB,M1
CompAsia,Mac,MacBook Pro,MacBook Pro 14-inch M1 Pro 10-Core CPU & 14-Core GPU (2021),9599.0,,512.0,SSD,Unknown,,1950.0,2021,M1 Pro,14.0,,,"16, 32",16.0,512 GB,M1
CompAsia,Mac,MacBook Pro,MacBook Pro 14-inch M1 Pro 10-Core CPU & 14-Core GPU (2021),19199.0,,8192.0,SSD,Unknown,,3600.0,2021,M1 Pro,14.0,,,"16, 32",16.0,8 TB,M1
CompAsia,Mac,MacBook Pro,MacBook Pro 14-inch M1 Pro 10-Core CPU & 16-Core GPU (2021),10799.0,,1024.0,SSD,Unknown,,2275.0,2021,M1 Pro,14.0,,,"16, 32",16.0,1 TB,M1
CompAsia,Mac,MacBook Pro,MacBook Pro 14-inch M1 Pro 10-Core CPU & 16-Core GPU (2021),12399.0,,2048.0,SSD,Unknown,,2525.0,2021,M1 Pro,14.0,,,"16, 32",16.0,2 TB,M1
CompAsia,Mac,MacBook Pro,MacBook Pro 14-inch M1 Pro 10-Core CPU & 16-Core GPU (2021),15599.0,,4096.0,SSD,Unknown,,3050.0,2021,M1 Pro,14.0,,,"16, 32",16.0,4 TB,M1
CompAsia,Mac,MacBook Pro,MacBook Pro 14-inch M1 Pro 10-Core CPU & 16-Core GPU (2021),9999.0,,512.0,SSD,Unknown,,2100.0,2021,M1 Pro,14.0,,,"16, 32",16.0,512 GB,M1
CompAsia,Mac,MacBook Pro,MacBook Pro 14-inch M1 Pro 10-Core CPU & 16-Core GPU (2021),19599.0,,8192.0,SSD,Unknown,,3725.0,2021,M1 Pro,14.0,,,"16, 32",16.0,8 TB,M1
CompAsia,Mac,MacBook Pro,MacBook Pro 14-inch M1 Pro 8-Core CPU & 14-Core GPU (2021),9599.0,,1024.0,SSD,Unknown,,2025.0,2021,M1 Pro,14.0,,,"16, 32",16.0,1 TB,M1
CompAsia,Mac,MacBook Pro,MacBook Pro 14-inch M1 Pro 8-Core CPU & 14-Core GPU (2021),11199.0,,2048.0,SSD,Unknown,,2050.0,2021,M1 Pro,14.0,,,"16, 32",16.0,2 TB,M1
CompAsia,Mac,MacBook Pro,MacBook Pro 14-inch M1 Pro 8-Core CPU & 14-Core GPU (2021),14399.0,,4096.0,SSD,Unknown,,2475.0,2021,M1 Pro,14.0,,,"16, 32",16.0,4 TB,M1
CompAsia,Mac,MacBook Pro,MacBook Pro 14-inch M1 Pro 8-Core CPU & 14-Core GPU (2021),8799.0,,512.0,SSD,Unknown,,1800.0,2021,M1 Pro,14.0,,,"16, 32",16.0,512 GB,M1
CompAsia,Mac,MacBook Pro,MacBook Pro 14-inch M1 Pro 8-Core CPU & 14-Core GPU (2021),18399.0,,8192.0,SSD,Unknown,,3325.0,2021,M1 Pro,14.0,,,"16, 32",16.0,8 TB,M1
CompAsia,Mac,MacBook Pro,MacBook Pro 16-inch M1 Max 10-Core CPU & 24-Core GPU (2021),14799.0,,1024.0,SSD,Unknown,,2725.0,2021,M1 Max,16.0,,,"32, 64",32.0,1 TB,M1
CompAsia,Mac,MacBook Pro,MacBook Pro 16-inch M1 Max 10-Core CPU & 24-Core GPU (2021),16399.0,,2048.0,SSD,Unknown,,3050.0,2021,M1 Max,16.0,,,"32, 64",32.0,2 TB,M1
CompAsia,Mac,MacBook Pro,MacBook Pro 16-inch M1 Max 10-Core CPU & 24-Core GPU (2021),19599.0,,4096.0,SSD,Unknown,,3550.0,2021,M1 Max,16.0,,,"32, 64",32.0,4 TB,M1
CompAsia,Mac,MacBook Pro,MacBook Pro 16-inch M1 Max 10-Core CPU & 24-Core GPU (2021),13199.0,,512.0,SSD,Unknown,,2675.0,2021,M1 Max,16.0,,,"32, 64",32.0,512 GB,M1
CompAsia,Mac,MacBook Pro,MacBook Pro 16-inch M1 Max 10-Core CPU & 24-Core GPU (2021),23599.0,,8192.0,SSD,Unknown,,4225.0,2021,M1 Max,16.0,,,"32, 64",32.0,8 TB,M1
CompAsia,Mac,MacBook Pro,MacBook Pro 16-inch M1 Max 10-Core CPU & 32-Core GPU (2021),14799.0,,1024.0,SSD,Unknown,,2900.0,2021,M1 Max,16.0,,,"32, 64",32.0,1 TB,M1
CompAsia,Mac,MacBook Pro,MacBook Pro 16-inch M1 Max 10-Core CPU & 32-Core GPU (2021),16399.0,,2048.0,SSD,Unknown,,3250.0,2021,M1 Max,16.0,,,"32, 64",32.0,2 TB,M1
CompAsia,Mac,MacBook Pro,MacBook Pro 16-inch M1 Max 10-Core CPU & 32-Core GPU (2021),19599.0,,4096.0,SSD,Unknown,,3775.0,2021,M1 Max,16.0,,,"32, 64",32.0,4 TB,M1
CompAsia,Mac,MacBook Pro,MacBook Pro 16-inch M1 Max 10-Core CPU & 32-Core GPU (2021),13999.0,,512.0,SSD,Unknown,,2710.0,2021,M1 Max,16.0,,,"32, 64",32.0,512 GB,M1
CompAsia,Mac,MacBook Pro,MacBook Pro 16-inch M1 Max 10-Core CPU & 32-Core GPU (2021),23599.0,,8192.0,SSD,Unknown,,4400.0,2021,M1 Max,16.0,,,"32, 64",32.0,8 TB,M1
CompAsia,Mac,MacBook Pro,MacBook Pro 16-inch M1 Pro 10-Core CPU & 16-Core GPU (2021),11599.0,,1024.0,SSD,Unknown,,2275.0,2021,M1 Pro,16.0,,,"16, 32",16.0,1 TB,M1
CompAsia,Mac,MacBook Pro,MacBook Pro 16-inch M1 Pro 10-Core CPU & 16-Core GPU (2021),13199.0,,2048.0,SSD,Unknown,,2650.0,2021,M1 Pro,16.0,,,"16, 32",16.0,2 TB,M1
CompAsia,Mac,MacBook Pro,MacBook Pro 16-inch M1 Pro 10-Core CPU & 16-Core GPU (2021),16399.0,,4096.0,SSD,Unknown,,3175.0,2021,M1 Pro,16.0,,,"16, 32",16.0,4 TB,M1
CompAsia,Mac,MacBook Pro,MacBook Pro 16-inch M1 Pro 10-Core CPU & 16-Core GPU (2021),10799.0,,512.0,SSD,Unknown,,2125.0,2021,M1 Pro,16.0,,,"16, 32",16.0,512 GB,M1
CompAsia,Mac,MacBook Pro,MacBook Pro 16-inch M1 Pro 10-Core CPU & 16-Core GPU (2021),20399.0,,8192.0,SSD,Unknown,,3800.0,2021,M1 Pro,16.0,,,"16, 32",16.0,8 TB,M1
CompAsia,Mac,MacBook Pro,MacBook Pro i5 1.4GHz 13-inch (Mid 2019),5499.0,,128.0,SSD,Unknown,,400.0,2019,Intel Core i5,13.0,,,"8, 16",8.0,128 GB,Unknown
CompAsia,Mac,MacBook Pro,MacBook Pro i5 1.4GHz 13-inch (Mid 2019),7899.0,,1024.0,SSD,Unknown,,600.0,2019,Intel Core i5,13.0,,,"8, 16",8.0,1 TB,Unknown
CompAsia,Mac,MacBook Pro,MacBook Pro i5 1.4GHz 13-inch (Mid 2019),7849.0,,256.0,SSD,Unknown,,475.0,2019,Intel Core i5,13.0,,,"8, 16",8.0,256 GB,Unknown
CompAsia,Mac,MacBook Pro,MacBook Pro i5 1.4GHz 13-inch (Mid 2019),9499.0,,2048.0,SSD,Unknown,,650.0,2019,Intel Core i5,13.0,,,"8, 16",8.0,2 TB,Unknown
CompAsia,Mac,MacBook Pro,MacBook Pro i5 1.4GHz 13-inch (Mid 2019),7099.0,,512.0,SSD,Unknown,,525.0,2019,Intel Core i5,13.0,,,"8, 16",8.0,512 GB,Unknown
CompAsia,Mac,MacBook Pro,MacBook Pro i5 1.4GHz 13-inch (Mid 2020),8699.0,,1024.0,SSD,Unknown,,725.0,2020,Intel Core i5,13.0,,,"8, 16",8.0,1 TB,Unknown
CompAsia,Mac,MacBook Pro,MacBook Pro i5 1.4GHz 13-inch (Mid 2020),5599.0,,256.0,SSD,Unknown,,625.0,2020,Intel Core i5,13.0,,,"8, 16",8.0,256 GB,Unknown
CompAsia,Mac,MacBook Pro,MacBook Pro i5 1.4GHz 13-inch (Mid 2020),10399.0,,2048.0,SSD,Unknown,,750.0,2020,Intel Core i5,13.0,,,"8, 16",8.0,2 TB,Unknown
CompAsia,Mac,MacBook Pro,MacBook Pro i5 1.4GHz 13-inch (Mid 2020),7849.0,,512.0,SSD,Unknown,,675.0,2020,Intel Core i5,13.0,,,"8, 16",8.0,512 GB,Unknown
CompAsia,Mac,MacBook Pro,MacBook Pro i5 2.0GHz 13-inch (Late 2016),7099.0,,1024.0,SSD,Unknown,,300.0,2016,Intel Core i5,13.0,,,"8, 16",8.0,1 TB,Unknown
CompAsia,Mac,MacBook Pro,MacBook Pro i5 2.0GHz 13-inch (Late 2016),6299.0,,256.0,SSD,Unknown,,250.0,2016,Intel Core i5,13.0,,,"8, 16",8.0,256 GB,Unknown
CompAsia,Mac,MacBook Pro,MacBook Pro i5 2.0GHz 13-inch (Late 2016),6299.0,,512.0,SSD,Unknown,,275.0,2016,Intel Core i5,13.0,,,"8, 16",8.0,512 GB,Unknown
CompAsia,Mac,MacBook Pro,MacBook Pro i5 2.0GHz 13-inch (Mid 2020),8799.0,,1024.0,SSD,Unknown,,800.0,2020,Intel Core i5,13.0,,,"16, 32",16.0,1 TB,Unknown
CompAsia,Mac,MacBook Pro,MacBook Pro i5 2.0GHz 13-inch (Mid 2020),10499.0,,2048.0,SSD,Unknown,,875.0,2020,Intel Core i5,13.0,,,"16, 32",16.0,2 TB,Unknown
CompAsia,Mac,MacBook Pro,MacBook Pro i5 2.0GHz 13-inch (Mid 2020),13899.0,,4096.0,SSD,Unknown,,1025.0,2020,Intel Core i5,13.0,,,"16, 32",16.0,4 TB,Unknown
CompAsia,Mac,MacBook Pro,MacBook Pro i5 2.0GHz 13-inch (Mid 2020),7999.0,,512.0,SSD,Unknown,,725.0,2020,Intel Core i5,13.0,,,"16, 32",16.0,512 GB,Unknown
CompAsia,Mac,MacBook Pro,MacBook Pro i5 2.3GHz 13-inch (Mid 2017),5999.0,,128.0,SSD,Unknown,,300.0,2017,Intel Core i5,13.0,,,"8, 16",8.0,128 GB,Unknown
CompAsia,Mac,MacBook Pro,MacBook Pro i5 2.3GHz 13-inch (Mid 2017),6899.0,,1024.0,SSD,Unknown,,500.0,2017,Intel Core i5,13.0,,,"8, 16",8.0,1 TB,Unknown
CompAsia,Mac,MacBook Pro,MacBook Pro i5 2.3GHz 13-inch (Mid 2017),5999.0,,256.0,SSD,Unknown,,425.0,2017,Intel Core i5,13.0,,,"8, 16",8.0,256 GB,Unknown
CompAsia,Mac,MacBook Pro,MacBook Pro i5 2.3GHz 13-inch (Mid 2017),6899.0,,512.0,SSD,Unknown,,450.0,2017,Intel Core i5,13.0,,,"8, 16",8.0,512 GB,Unknown
CompAsia,Mac,MacBook Pro,MacBook Pro i5 2.3GHz 13-inch (Mid 2018),8299.0,,1024.0,SSD,Unknown,,675.0,2018,Intel Core i5,13.0,,,"8, 16",8.0,1 TB,Unknown
CompAsia,Mac,MacBook Pro,MacBook Pro i5 2.3GHz 13-inch (Mid 2018),7499.0,,256.0,SSD,Unknown,,600.0,2018,Intel Core i5,13.0,,,"8, 16",8.0,256 GB,Unknown
CompAsia,Mac,MacBook Pro,MacBook Pro i5 2.3GHz 13-inch (Mid 2018),9598.0,,2048.0,SSD,Unknown,,700.0,2018,Intel Core i5,13.0,,,"8, 16",8.0,2 TB,Unknown
CompAsia,Mac,MacBook Pro,MacBook Pro i5 2.3GHz 13-inch (Mid 2018),7499.0,,512.0,SSD,Unknown,,650.0,2018,Intel Core i5,13.0,,,"8, 16",8.0,512 GB,Unknown
CompAsia,Mac,MacBook Pro,MacBook Pro i5 2.4GHz 13-inch (Mid 2019),8699.0,,1024.0,SSD,Unknown,,700.0,2019,Intel Core i5,13.0,,,"8, 16",8.0,1 TB,Unknown
CompAsia,Mac,MacBook Pro,MacBook Pro i5 2.4GHz 13-inch (Mid 2019),7849.0,,256.0,SSD,Unknown,,650.0,2019,Intel Core i5,13.0,,,"8, 16",8.0,256 GB,Unknown
CompAsia,Mac,MacBook Pro,MacBook Pro i5 2.4GHz 13-inch (Mid 2019),9549.0,,2048.0,SSD,Unknown,,725.0,2019,Intel Core i5,13.0,,,"8, 16",8.0,2 TB,Unknown
CompAsia,Mac,MacBook Pro,MacBook Pro i5 2.4GHz 13-inch (Mid 2019),7849.0,,512.0,SSD,Unknown,,650.0,2019,Intel Core i5,13.0,,,"8, 16",8.0,512 GB,Unknown
CompAsia,Mac,MacBook Pro,MacBook Pro i5 2.9GHz 13-inch (Late 2016),8399.0,,1024.0,SSD,Unknown,,400.0,2016,Intel Core i5,13.0,,,"8, 16",8.0,1 TB,Unknown
CompAsia,Mac,MacBook Pro,MacBook Pro i5 2.9GHz 13-inch (Late 2016),7599.0,,256.0,SSD,Unknown,,350.0,2016,Intel Core i5,13.0,,,"8, 16",8.0,256 GB,Unknown
CompAsia,Mac,MacBook Pro,MacBook Pro i5 2.9GHz 13-inch (Late 2016),8399.0,,512.0,SSD,Unknown,,400.0,2016,Intel Core i5,13.0,,,"8, 16",8.0,512 GB,Unknown
CompAsia,Mac,MacBook Pro,MacBook Pro i5 3.1GHz 13-inch (Late 2016),8859.0,,1024.0,SSD,Unknown,,400.0,2016,Intel Core i5,13.0,,,"8, 16",8.0,1 TB,Unknown
CompAsia,Mac,MacBook Pro,MacBook Pro i5 3.1GHz 13-inch (Late 2016),8059.0,,256.0,SSD,Unknown,,400.0,2016,Intel Core i5,13.0,,,"8, 16",8.0,256 GB,Unknown
CompAsia,Mac,MacBook Pro,MacBook Pro i5 3.1GHz 13-inch (Late 2016),8059.0,,512.0,SSD,Unknown,,400.0,2016,Intel Core i5,13.0,,,"8, 16",8.0,512 GB,Unknown
CompAsia,Mac,MacBook Pro,MacBook Pro i5 3.1GHz 13-inch (Mid 2017),8899.0,,1024.0,SSD,Unknown,,550.0,2017,Intel Core i5,13.0,,,"8, 16",8.0,1 TB,Unknown
CompAsia,Mac,MacBook Pro,MacBook Pro i5 3.1GHz 13-inch (Mid 2017),7999.0,,256.0,SSD,Unknown,,450.0,2017,Intel Core i5,13.0,,,"8, 16",8.0,256 GB,Unknown
CompAsia,Mac,MacBook Pro,MacBook Pro i5 3.1GHz 13-inch (Mid 2017),7999.0,,512.0,SSD,Unknown,,475.0,2017,Intel Core i5,13.0,,,"8, 16",8.0,512 GB,Unknown
CompAsia,Mac,MacBook Pro,MacBook Pro i5 3.3GHz 13-inch (Mid 2017),9359.0,,1024.0,SSD,Unknown,,550.0,2017,Intel Core i5,13.0,,,"8, 16",8.0,1 TB,Unknown
CompAsia,Mac,MacBook Pro,MacBook Pro i5 3.3GHz 13-inch (Mid 2017),8459.0,,256.0,SSD,Unknown,,450.0,2017,Intel Core i5,13.0,,,"8, 16",8.0,256 GB,Unknown
CompAsia,Mac,MacBook Pro,MacBook Pro i5 3.3GHz 13-inch (Mid 2017),8459.0,,512.0,SSD,Unknown,,475.0,2017,Intel Core i5,13.0,,,"8, 16",8.0,512 GB,Unknown
CompAsia,Mac,MacBook Pro,MacBook Pro i7 1.7GHz 13-inch (Mid 2019),6699.0,,128.0,SSD,Unknown,,475.0,2019,Intel Core i7,13.0,,,"8, 16",8.0,128 GB,Unknown
CompAsia,Mac,MacBook Pro,MacBook Pro i7 1.7GHz 13-inch (Mid 2019),8299.0,,1024.0,SSD,Unknown,,650.0,2019,Intel Core i7,13.0,,,"8, 16",8.0,1 TB,Unknown
CompAsia,Mac,MacBook Pro,MacBook Pro i7 1.7GHz 13-inch (Mid 2019),9169.0,,256.0,SSD,Unknown,,525.0,2019,Intel Core i7,13.0,,,"8, 16",8.0,256 GB,Unknown
CompAsia,Mac,MacBook Pro,MacBook Pro i7 1.7GHz 13-inch (Mid 2019),8999.0,,2048.0,SSD,Unknown,,700.0,2019,Intel Core i7,13.0,,,"8, 16",8.0,2 TB,Unknown
CompAsia,Mac,MacBook Pro,MacBook Pro i7 1.7GHz 13-inch (Mid 2019),7499.0,,512.0,SSD,Unknown,,575.0,2019,Intel Core i7,13.0,,,"8, 16",8.0,512 GB,Unknown
CompAsia,Mac,MacBook Pro,MacBook Pro i7 1.7GHz 13-inch (Mid 2020),10499.0,,1024.0,SSD,Unknown,,800.0,2020,Intel Core i7,13.0,,,"8, 16",8.0,1 TB,Unknown
CompAsia,Mac,MacBook Pro,MacBook Pro i7 1.7GHz 13-inch (Mid 2020),6799.0,,256.0,SSD,Unknown,,750.0,2020,Intel Core i7,13.0,,,"8, 16",8.0,256 GB,Unknown
CompAsia,Mac,MacBook Pro,MacBook Pro i7 1.7GHz 13-inch (Mid 2020),12199.0,,2048.0,SSD,Unknown,,875.0,2020,Intel Core i7,13.0,,,"8, 16",8.0,2 TB,Unknown
CompAsia,Mac,MacBook Pro,MacBook Pro i7 1.7GHz 13-inch (Mid 2020),9649.0,,512.0,SSD,Unknown,,750.0,2020,Intel Core i7,13.0,,,"8, 16",8.0,512 GB,Unknown
CompAsia,Mac,MacBook Pro,MacBook Pro i7 2.2GHz 15-inch (Mid 2018),11599.0,,1024.0,SSD,Unknown,,900.0,2018,Intel Core i7,15.0,,,"16, 32",16.0,1 TB,Unknown
CompAsia,Mac,MacBook Pro,MacBook Pro i7 2.2GHz 15-inch (Mid 2018),9999.0,,256.0,SSD,Unknown,,850.0,2018,Intel Core i7,15.0,,,"16, 32",16.0,256 GB,Unknown
CompAsia,Mac,MacBook Pro,MacBook Pro i7 2.2GHz 15-inch (Mid 2018),13199.0,,2048.0,SSD,Unknown,,1050.0,2018,Intel Core i7,15.0,,,"16, 32",16.0,2 TB,Unknown
CompAsia,Mac,MacBook Pro,MacBook Pro i7 2.2GHz 15-inch (Mid 2018),13498.0,,4096.0,SSD,Unknown,,1125.0,2018,Intel Core i7,15.0,,,"16, 32",16.0,4 TB,Unknown
CompAsia,Mac,MacBook Pro,MacBook Pro i7 2.2GHz 15-inch (Mid 2018),9999.0,,512.0,SSD,Unknown,,850.0,2018,Intel Core i7,15.0,,,"16, 32",16.0,512 GB,Unknown
CompAsia,Mac,MacBook Pro,MacBook Pro i7 2.3GHz 13-inch (Mid 2020),10899.0,,1024.0,SSD,Unknown,,850.0,2020,Intel Core i7,13.0,,,"16, 32",16.0,1 TB,Unknown
CompAsia,Mac,MacBook Pro,MacBook Pro i7 2.3GHz 13-inch (Mid 2020),12599.0,,2048.0,SSD,Unknown,,925.0,2020,Intel Core i7,13.0,,,"16, 32",16.0,2 TB,Unknown
CompAsia,Mac,MacBook Pro,MacBook Pro i7 2.3GHz 13-inch (Mid 2020),15999.0,,4096.0,SSD,Unknown,,1075.0,2020,Intel Core i7,13.0,,,"16, 32",16.0,4 TB,Unknown
CompAsia,Mac,MacBook Pro,MacBook Pro i7 2.3GHz 13-inch (Mid 2020),8799.0,,512.0,SSD,Unknown,,750.0,2020,Intel Core i7,13.0,,,"16, 32",16.0,512 GB,Unknown
CompAsia,Mac,MacBook Pro,MacBook Pro i7 2.4GHz 13-inch (Late 2016),8479.0,,1024.0,SSD,Unknown,,400.0,2016,Intel Core i7,13.0,,,"8, 16",8.0,1 TB,Unknown
CompAsia,Mac,MacBook Pro,MacBook Pro i7 2.4GHz 13-inch (Late 2016),7679.0,,256.0,SSD,Unknown,,300.0,2016,Intel Core i7,13.0,,,"8, 16",8.0,256 GB,Unknown
CompAsia,Mac,MacBook Pro,MacBook Pro i7 2.4GHz 13-inch (Late 2016),7679.0,,512.0,SSD,Unknown,,350.0,2016,Intel Core i7,13.0,,,"8, 16",8.0,512 GB,Unknown
CompAsia,Mac,MacBook Pro,MacBook Pro i7 2.5GHz 13-inch (Mid 2017),7379.0,,128.0,SSD,Unknown,,300.0,2017,Intel Core i7,13.0,,,"8, 16",8.0,128 GB,Unknown
CompAsia,Mac,MacBook Pro,MacBook Pro i7 2.5GHz 13-inch (Mid 2017),8279.0,,1024.0,SSD,Unknown,,550.0,2017,Intel Core i7,13.0,,,"8, 16",8.0,1 TB,Unknown
CompAsia,Mac,MacBook Pro,MacBook Pro i7 2.5GHz 13-inch (Mid 2017),7379.0,,256.0,SSD,Unknown,,450.0,2017,Intel Core i7,13.0,,,"8, 16",8.0,256 GB,Unknown
CompAsia,Mac,MacBook Pro,MacBook Pro i7 2.5GHz 13-inch (Mid 2017),8279.0,,512.0,SSD,Unknown,,500.0,2017,Intel Core i7,13.0,,,"8, 16",8.0,512 GB,Unknown
CompAsia,Mac,MacBook Pro,MacBook Pro i7 2.6GHz 15-inch (Late 2016),12919.0,,1024.0,SSD,Unknown,,700.0,2016,Intel Core i7,15.0,,,16,16.0,1 TB,Unknown
CompAsia,Mac,MacBook Pro,MacBook Pro i7 2.6GHz 15-inch (Late 2016),10199.0,,256.0,SSD,Unknown,,650.0,2016,Intel Core i7,15.0,,,16,16.0,256 GB,Unknown
CompAsia,Mac,MacBook Pro,MacBook Pro i7 2.6GHz 15-inch (Late 2016),14619.0,,2048.0,SSD,Unknown,,750.0,2016,Intel Core i7,15.0,,,16,16.0,2 TB,Unknown
CompAsia,Mac,MacBook Pro,MacBook Pro i7 2.6GHz 15-inch (Late 2016),11539.0,,512.0,SSD,Unknown,,675.0,2016,Intel Core i7,15.0,,,16,16.0,512 GB,Unknown
CompAsia,Mac,MacBook Pro,MacBook Pro i7 2.6GHz 15-inch (Mid 2018),13199.0,,1024.0,SSD,Unknown,,975.0,2018,Intel Core i7,15.0,,,"16, 32",16.0,1 TB,Unknown
CompAsia,Mac,MacBook Pro,MacBook Pro i7 2.6GHz 15-inch (Mid 2018),11599.0,,256.0,SSD,Unknown,,850.0,2018,Intel Core i7,15.0,,,"16, 32",16.0,256 GB,Unknown
CompAsia,Mac,MacBook Pro,MacBook Pro i7 2.6GHz 15-inch (Mid 2018),14799.0,,2048.0,SSD,Unknown,,1075.0,2018,Intel Core i7,15.0,,,"16, 32",16.0,2 TB,Unknown
CompAsia,Mac,MacBook Pro,MacBook Pro i7 2.6GHz 15-inch (Mid 2018),16399.0,,4096.0,SSD,Unknown,,1125.0,2018,Intel Core i7,15.0,,,"16, 32",16.0,4 TB,Unknown
CompAsia,Mac,MacBook Pro,MacBook Pro i7 2.6GHz 15-inch (Mid 2018),11599.0,,512.0,SSD,Unknown,,900.0,2018,Intel Core i7,15.0,,,"16, 32",16.0,512 GB,Unknown
CompAsia,Mac,MacBook Pro,MacBook Pro i7 2.6GHz 15-inch (Mid 2019),11499.0,,1024.0,SSD,Unknown,,1125.0,2019,Intel Core i7,15.0,,,"16, 32",16.0,1 TB,Unknown
CompAsia,Mac,MacBook Pro,MacBook Pro i7 2.6GHz 15-inch (Mid 2019),10499.0,,256.0,SSD,Unknown,,1000.0,2019,Intel Core i7,15.0,,,"16, 32",16.0,256 GB,Unknown
CompAsia,Mac,MacBook Pro,MacBook Pro i7 2.6GHz 15-inch (Mid 2019),12499.0,,2048.0,SSD,Unknown,,1250.0,2019,Intel Core i7,15.0,,,"16, 32",16.0,2 TB,Unknown
CompAsia,Mac,MacBook Pro,MacBook Pro i7 2.6GHz 15-inch (Mid 2019),14499.0,,4096.0,SSD,Unknown,,1325.0,2019,Intel Core i7,15.0,,,"16, 32",16.0,4 TB,Unknown
CompAsia,Mac,MacBook Pro,MacBook Pro i7 2.6GHz 15-inch (Mid 2019),10499.0,,512.0,SSD,Unknown,,1050.0,2019,Intel Core i7,15.0,,,"16, 32",16.0,512 GB,Unknown
CompAsia,Mac,MacBook Pro,MacBook Pro i7 2.6GHz 16-inch (Late 2019),,,1024.0,SSD,Unknown,,1150.0,2019,Intel Core i7,16.0,,,"16, 32, 64",16.0,1 TB,Unknown
CompAsia,Mac,MacBook Pro,MacBook Pro i7 2.6GHz 16-inch (Late 2019),,,2048.0,SSD,Unknown,,1250.0,2019,Intel Core i7,16.0,,,"16, 32, 64",16.0,2 TB,Unknown
CompAsia,Mac,MacBook Pro,MacBook Pro i7 2.6GHz 16-inch (Late 2019),,,4096.0,SSD,Unknown,,1350.0,2019,Intel Core i7,16.0,,,"16, 32, 64",16.0,4 TB,Unknown
CompAsia,Mac,MacBook Pro,MacBook Pro i7 2.6GHz 16-inch (Late 2019),10499.0,,512.0,SSD,Unknown,,1075.0,2019,Intel Core i7,16.0,,,"16, 32, 64",16.0,512 GB,Unknown
CompAsia,Mac,MacBook Pro,MacBook Pro i7 2.6GHz 16-inch (Late 2019),,,8192.0,SSD,Unknown,,1475.0,2019,Intel Core i7,16.0,,,"16, 32, 64",16.0,8 TB,Unknown
CompAsia,Mac,MacBook Pro,MacBook Pro i7 2.7GHz 13-inch (Mid 2018),9598.0,,2048.0,SSD,Unknown,,750.0,2018,Intel Core i7,13.0,,,"8, 16",8.0,2 TB,Unknown
CompAsia,Mac,MacBook Pro,MacBook Pro i7 2.7GHz 15-inch (Late 2016),12799.0,,1024.0,SSD,Unknown,,700.0,2016,Intel Core i7,15.0,,,16,16.0,1 TB,Unknown
CompAsia,Mac,MacBook Pro,MacBook Pro i7 2.7GHz 15-inch (Late 2016),11999.0,,256.0,SSD,Unknown,,650.0,2016,Intel Core i7,15.0,,,16,16.0,256 GB,Unknown
CompAsia,Mac,MacBook Pro,MacBook Pro i7 2.7GHz 15-inch (Late 2016),14999.0,,2048.0,SSD,Unknown,,750.0,2016,Intel Core i7,15.0,,,16,16.0,2 TB,Unknown
CompAsia,Mac,MacBook Pro,MacBook Pro i7 2.7GHz 15-inch (Late 2016),11999.0,,512.0,SSD,Unknown,,675.0,2016,Intel Core i7,15.0,,,16,16.0,512 GB,Unknown
CompAsia,Mac,MacBook Pro,MacBook Pro i7 2.8GHz 13-inch (Mid 2019),10019.0,,1024.0,SSD,Unknown,,725.0,2019,Intel Core i7,13.0,,,"8, 16",8.0,1 TB,Unknown
CompAsia,Mac,MacBook Pro,MacBook Pro i7 2.8GHz 13-inch (Mid 2019),9169.0,,256.0,SSD,Unknown,,700.0,2019,Intel Core i7,13.0,,,"8, 16",8.0,256 GB,Unknown
CompAsia,Mac,MacBook Pro,MacBook Pro i7 2.8GHz 13-inch (Mid 2019),10869.0,,2048.0,SSD,Unknown,,800.0,2019,Intel Core i7,13.0,,,"8, 16",8.0,2 TB,Unknown
CompAsia,Mac,MacBook Pro,MacBook Pro i7 2.8GHz 13-inch (Mid 2019),9169.0,,512.0,SSD,Unknown,,725.0,2019,Intel Core i7,13.0,,,"8, 16",8.0,512 GB,Unknown
CompAsia,Mac,MacBook Pro,MacBook Pro i7 2.8GHz 15-inch (Mid 2017),11599.0,,1024.0,SSD,Unknown,,775.0,2017,Intel Core i7,15.0,,,"16, 32",16.0,1 TB,Unknown
CompAsia,Mac,MacBook Pro,MacBook Pro i7 2.8GHz 15-inch (Mid 2017),10799.0,,256.0,SSD,Unknown,,750.0,2017,Intel Core i7,15.0,,,"16, 32",16.0,256 GB,Unknown
CompAsia,Mac,MacBook Pro,MacBook Pro i7 2.8GHz 15-inch (Mid 2017),13299.0,,2048.0,SSD,Unknown,,825.0,2017,Intel Core i7,15.0,,,"16, 32",16.0,2 TB,Unknown
CompAsia,Mac,MacBook Pro,MacBook Pro i7 2.8GHz 15-inch (Mid 2017),10799.0,,512.0,SSD,Unknown,,750.0,2017,Intel Core i7,15.0,,,"16, 32",16.0,512 GB,Unknown
CompAsia,Mac,MacBook Pro,MacBook Pro i7 2.9GHz 15-inch (Late 2016),12919.0,,1024.0,SSD,Unknown,,700.0,2016,Intel Core i7,15.0,,,16,16.0,1 TB,Unknown
CompAsia,Mac,MacBook Pro,MacBook Pro i7 2.9GHz 15-inch (Late 2016),11539.0,,256.0,SSD,Unknown,,650.0,2016,Intel Core i7,15.0,,,16,16.0,256 GB,Unknown
CompAsia,Mac,MacBook Pro,MacBook Pro i7 2.9GHz 15-inch (Late 2016),14999.0,,2048.0,SSD,Unknown,,750.0,2016,Intel Core i7,15.0,,,16,16.0,2 TB,Unknown
CompAsia,Mac,MacBook Pro,MacBook Pro i7 2.9GHz 15-inch (Late 2016),11539.0,,512.0,SSD,Unknown,,675.0,2016,Intel Core i7,15.0,,,16,16.0,512 GB,Unknown
CompAsia,Mac,MacBook Pro,MacBook Pro i7 2.9GHz 15-inch (Mid 2017),,,1024.0,SSD,Unknown,,775.0,2017,Intel Core i7,15.0,,,"16, 32",16.0,1 TB,Unknown
CompAsia,Mac,MacBook Pro,MacBook Pro i7 2.9GHz 15-inch (Mid 2017),,,256.0,SSD,Unknown,,750.0,2017,Intel Core i7,15.0,,,"16, 32",16.0,256 GB,Unknown
CompAsia,Mac,MacBook Pro,MacBook Pro i7 2.9GHz 15-inch (Mid 2017),,,2048.0,SSD,Unknown,,825.0,2017,Intel Core i7,15.0,,,"16, 32",16.0,2 TB,Unknown
CompAsia,Mac,MacBook Pro,MacBook Pro i7 2.9GHz 15-inch (Mid 2017),12499.0,,512.0,SSD,Unknown,,750.0,2017,Intel Core i7,15.0,,,"16, 32",16.0,512 GB,Unknown
CompAsia,Mac,MacBook Pro,MacBook Pro i7 3.1GHz 15-inch (Mid 2017),13419.0,,1024.0,SSD,Unknown,,775.0,2017,Intel Core i7,15.0,,,"16, 32",16.0,1 TB,Unknown
CompAsia,Mac,MacBook Pro,MacBook Pro i7 3.1GHz 15-inch (Mid 2017),12039.0,,256.0,SSD,Unknown,,750.0,2017,Intel Core i7,15.0,,,"16, 32",16.0,256 GB,Unknown
CompAsia,Mac,MacBook Pro,MacBook Pro i7 3.1GHz 15-inch (Mid 2017),14179.0,,2048.0,SSD,Unknown,,825.0,2017,Intel Core i7,15.0,,,"16, 32",16.0,2 TB,Unknown
CompAsia,Mac,MacBook Pro,MacBook Pro i7 3.1GHz 15-inch (Mid 2017),12039.0,,512.0,SSD,Unknown,,750.0,2017,Intel Core i7,15.0,,,"16, 32",16.0,512 GB,Unknown
CompAsia,Mac,MacBook Pro,MacBook Pro i7 3.3GHz 13-inch (Late 2016),9779.0,,1024.0,SSD,Unknown,,400.0,2016,Intel Core i7,13.0,,,"8, 16",8.0,1 TB,Unknown
CompAsia,Mac,MacBook Pro,MacBook Pro i7 3.3GHz 13-inch (Late 2016),8979.0,,256.0,SSD,Unknown,,400.0,2016,Intel Core i7,13.0,,,"8, 16",8.0,256 GB,Unknown
CompAsia,Mac,MacBook Pro,MacBook Pro i7 3.3GHz 13-inch (Late 2016),8979.0,,512.0,SSD,Unknown,,400.0,2016,Intel Core i7,13.0,,,"8, 16",8.0,512 GB,Unknown
CompAsia,Mac,MacBook Pro,MacBook Pro i7 3.5GHz 13-inch (Mid 2017),10279.0,,1024.0,SSD,Unknown,,775.0,2017,Intel Core i7,13.0,,,"8, 16",8.0,1 TB,Unknown
CompAsia,Mac,MacBook Pro,MacBook Pro i7 3.5GHz 13-inch (Mid 2017),9379.0,,256.0,SSD,Unknown,,675.0,2017,Intel Core i7,13.0,,,"8, 16",8.0,256 GB,Unknown
CompAsia,Mac,MacBook Pro,MacBook Pro i7 3.5GHz 13-inch (Mid 2017),9379.0,,512.0,SSD,Unknown,,750.0,2017,Intel Core i7,13.0,,,"8, 16",8.0,512 GB,Unknown
CompAsia,Mac,MacBook Pro,MacBook Pro i9 2.3GHz 15-inch (Mid 2019),13199.0,,1024.0,SSD,Unknown,,1250.0,2019,Intel Core i9,15.0,,,"16, 32",16.0,1 TB,Unknown
CompAsia,Mac,MacBook Pro,MacBook Pro i9 2.3GHz 15-inch (Mid 2019),12199.0,,256.0,SSD,Unknown,,1000.0,2019,Intel Core i9,15.0,,,"16, 32",16.0,256 GB,Unknown
CompAsia,Mac,MacBook Pro,MacBook Pro i9 2.3GHz 15-inch (Mid 2019),14199.0,,2048.0,SSD,Unknown,,1350.0,2019,Intel Core i9,15.0,,,"16, 32",16.0,2 TB,Unknown
CompAsia,Mac,MacBook Pro,MacBook Pro i9 2.3GHz 15-inch (Mid 2019),16199.0,,4096.0,SSD,Unknown,,1475.0,2019,Intel Core i9,15.0,,,"16, 32",16.0,4 TB,Unknown
CompAsia,Mac,MacBook Pro,MacBook Pro i9 2.3GHz 15-inch (Mid 2019),12199.0,,512.0,SSD,Unknown,,1075.0,2019,Intel Core i9,15.0,,,"16, 32",16.0,512 GB,Unknown
CompAsia,Mac,MacBook Pro,MacBook Pro i9 2.3GHz 16-inch (Late 2019),12199.0,,1024.0,SSD,Unknown,,1250.0,2019,Intel Core i9,16.0,,,"16, 32, 64",16.0,1 TB,Unknown
CompAsia,Mac,MacBook Pro,MacBook Pro i9 2.3GHz 16-inch (Late 2019),,,2048.0,SSD,Unknown,,1350.0,2019,Intel Core i9,16.0,,,"16, 32, 64",16.0,2 TB,Unknown
CompAsia,Mac,MacBook Pro,MacBook Pro i9 2.3GHz 16-inch (Late 2019),,,4096.0,SSD,Unknown,,1475.0,2019,Intel Core i9,16.0,,,"16, 32, 64",16.0,4 TB,Unknown
CompAsia,Mac,MacBook Pro,MacBook Pro i9 2.3GHz 16-inch (Late 2019),,,8192.0,SSD,Unknown,,1500.0,2019,Intel Core i9,16.0,,,"16, 32, 64",16.0,8 TB,Unknown
CompAsia,Mac,MacBook Pro,MacBook Pro i9 2.4GHz 15-inch (Mid 2019),13079.0,,1024.0,SSD,Unknown,,1250.0,2019,Intel Core i9,15.0,,,"16, 32",16.0,1 TB,Unknown
CompAsia,Mac,MacBook Pro,MacBook Pro i9 2.4GHz 15-inch (Mid 2019),11759.0,,256.0,SSD,Unknown,,1000.0,2019,Intel Core i9,15.0,,,"16, 32",16.0,256 GB,Unknown
CompAsia,Mac,MacBook Pro,MacBook Pro i9 2.4GHz 15-inch (Mid 2019),14399.0,,2048.0,SSD,Unknown,,1350.0,2019,Intel Core i9,15.0,,,"16, 32",16.0,2 TB,Unknown
CompAsia,Mac,MacBook Pro,MacBook Pro i9 2.4GHz 15-inch (Mid 2019),16399.0,,4096.0,SSD,Unknown,,1475.0,2019,Intel Core i9,15.0,,,"16, 32",16.0,4 TB,Unknown
CompAsia,Mac,MacBook Pro,MacBook Pro i9 2.4GHz 15-inch (Mid 2019),11759.0,,512.0,SSD,Unknown,,1150.0,2019,Intel Core i9,15.0,,,"16, 32",16.0,512 GB,Unknown
CompAsia,Mac,MacBook Pro,MacBook Pro i9 2.4GHz 16-inch (Late 2019),,,1024.0,SSD,Unknown,,1375.0,2019,Intel Core i9,16.0,,,"16, 32, 64",16.0,1 TB,Unknown
CompAsia,Mac,MacBook Pro,MacBook Pro i9 2.4GHz 16-inch (Late 2019),,,2048.0,SSD,Unknown,,1450.0,2019,Intel Core i9,16.0,,,"16, 32, 64",16.0,2 TB,Unknown
CompAsia,Mac,MacBook Pro,MacBook Pro i9 2.4GHz 16-inch (Late 2019),,,4096.0,SSD,Unknown,,1575.0,2019,Intel Core i9,16.0,,,"16, 32, 64",16.0,4 TB,Unknown
CompAsia,Mac,MacBook Pro,MacBook Pro i9 2.4GHz 16-inch (Late 2019),11799.0,,512.0,SSD,Unknown,,1150.0,2019,Intel Core i9,16.0,,,"16, 32, 64",16.0,512 GB,Unknown
CompAsia,Mac,MacBook Pro,MacBook Pro i9 2.4GHz 16-inch (Late 2019),,,8192.0,SSD,Unknown,,1700.0,2019,Intel Core i9,16.0,,,"16, 32, 64",16.0,8 TB,Unknown
CompAsia,Mac,MacBook Pro,MacBook Pro i9 2.9GHz 15-inch (Mid 2018),12898.0,,1024.0,SSD,Unknown,,975.0,2018,Intel Core i9,15.0,,,"16, 32",16.0,1 TB,Unknown
CompAsia,Mac,MacBook Pro,MacBook Pro i9 2.9GHz 15-inch (Mid 2018),11599.0,,256.0,SSD,Unknown,,850.0,2018,Intel Core i9,15.0,,,"16, 32",16.0,256 GB,Unknown
CompAsia,Mac,MacBook Pro,MacBook Pro i9 2.9GHz 15-inch (Mid 2018),14498.0,,2048.0,SSD,Unknown,,1075.0,2018,Intel Core i9,15.0,,,"16, 32",16.0,2 TB,Unknown
CompAsia,Mac,MacBook Pro,MacBook Pro i9 2.9GHz 15-inch (Mid 2018),16098.0,,4096.0,SSD,Unknown,,1150.0,2018,Intel Core i9,15.0,,,"16, 32",16.0,4 TB,Unknown
CompAsia,Mac,MacBook Pro,MacBook Pro i9 2.9GHz 15-inch (Mid 2018),11599.0,,512.0,SSD,Unknown,,900.0,2018,Intel Core i9,15.0,,,"16, 32",16.0,512 GB,Unknown
CompAsia,Mac,MacBook Pro,MacBook Pro M1 8-Core CPU & 8-Core GPU 13-inch (Late 2020),7199.0,,1024.0,SSD,Unknown,,1000.0,2020,M1,13.0,,,"8, 16",8.0,1 TB,M1
CompAsia,Mac,MacBook Pro,MacBook Pro M1 8-Core CPU & 8-Core GPU 13-inch (Late 2020),5599.0,,256.0,SSD,Unknown,,875.0,2020,M1,13.0,,,"8, 16",8.0,256 GB,M1
CompAsia,Mac,MacBook Pro,MacBook Pro M1 8-Core CPU & 8-Core GPU 13-inch (Late 2020),8799.0,,2048.0,SSD,Unknown,,1125.0,2020,M1,13.0,,,"8, 16",8.0,2 TB,M1
CompAsia,Mac,MacBook Pro,MacBook Pro M1 8-Core CPU & 8-Core GPU 13-inch (Late 2020),6399.0,,512.0,SSD,Unknown,,925.0,2020,M1,13.0,,,"8, 16",8.0,512 GB,M1
CompAsia,Mac,MacBook Pro,MacBook Pro M2 8-Core CPU & 10-Core GPU 13-inch (Mid 2022),7299.0,,1024.0,SSD,Unknown,,1875.0,2022,M2,13.0,,,"8, 16, 24",8.0,1 TB,M2
CompAsia,Mac,MacBook Pro,MacBook Pro M2 8-Core CPU & 10-Core GPU 13-inch (Mid 2022),5699.0,,256.0,SSD,Unknown,,1375.0,2022,M2,13.0,,,"8, 16, 24",8.0,256 GB,M2
CompAsia,Mac,MacBook Pro,MacBook Pro M2 8-Core CPU & 10-Core GPU 13-inch (Mid 2022),8899.0,,2048.0,SSD,Unknown,,2225.0,2022,M2,13.0,,,"8, 16, 24",8.0,2 TB,M2
CompAsia,Mac,MacBook Pro,MacBook Pro M2 8-Core CPU & 10-Core GPU 13-inch (Mid 2022),6499.0,,512.0,SSD,Unknown,,1675.0,2022,M2,13.0,,,"8, 16, 24",8.0,512 GB,M2
CompAsia,Mac,MacBook Pro,MacBook Pro M2 Max 12-Core CPU & 30-Core GPU 14-inch (Early 2023),13199.0,,1024.0,SSD,Unknown,,3025.0,2023,M2 Max,14.0,,,"32, 64",32.0,1 TB,M2
CompAsia,Mac,MacBook Pro,MacBook Pro M2 Max 12-Core CPU & 30-Core GPU 14-inch (Early 2023),15599.0,,2048.0,SSD,Unknown,,3800.0,2023,M2 Max,14.0,,,"32, 64",32.0,2 TB,M2
CompAsia,Mac,MacBook Pro,MacBook Pro M2 Max 12-Core CPU & 30-Core GPU 14-inch (Early 2023),18799.0,,4096.0,SSD,Unknown,,4575.0,2023,M2 Max,14.0,,,"32, 64",32.0,4 TB,M2
CompAsia,Mac,MacBook Pro,MacBook Pro M2 Max 12-Core CPU & 30-Core GPU 14-inch (Early 2023),13199.0,,512.0,SSD,Unknown,,3000.0,2023,M2 Max,14.0,,,"32, 64",32.0,512 GB,M2
CompAsia,Mac,MacBook Pro,MacBook Pro M2 Max 12-Core CPU & 30-Core GPU 14-inch (Early 2023),22799.0,,8192.0,SSD,Unknown,,5775.0,2023,M2 Max,14.0,,,"32, 64",32.0,8 TB,M2
CompAsia,Mac,MacBook Pro,MacBook Pro M2 Max 12-Core CPU & 30-Core GPU 16-inch (Early 2023),13999.0,,1024.0,SSD,Unknown,,3825.0,2023,M2 Max,16.0,,,"32, 64",32.0,1 TB,M2
CompAsia,Mac,MacBook Pro,MacBook Pro M2 Max 12-Core CPU & 30-Core GPU 16-inch (Early 2023),15599.0,,2048.0,SSD,Unknown,,4125.0,2023,M2 Max,16.0,,,"32, 64",32.0,2 TB,M2
CompAsia,Mac,MacBook Pro,MacBook Pro M2 Max 12-Core CPU & 30-Core GPU 16-inch (Early 2023),18799.0,,4096.0,SSD,Unknown,,4725.0,2023,M2 Max,16.0,,,"32, 64",32.0,4 TB,M2
CompAsia,Mac,MacBook Pro,MacBook Pro M2 Max 12-Core CPU & 30-Core GPU 16-inch (Early 2023),13199.0,,512.0,SSD,Unknown,,3600.0,2023,M2 Max,16.0,,,"32, 64",32.0,512 GB,M2
CompAsia,Mac,MacBook Pro,MacBook Pro M2 Max 12-Core CPU & 30-Core GPU 16-inch (Early 2023),22799.0,,8192.0,SSD,Unknown,,5950.0,2023,M2 Max,16.0,,,"32, 64",32.0,8 TB,M2
CompAsia,Mac,MacBook Pro,MacBook Pro M2 Max 12-Core CPU & 38-Core GPU 14-inch (Early 2023),13199.0,,1024.0,SSD,Unknown,,3725.0,2023,M2 Max,14.0,,,"32, 64, 96",32.0,1 TB,M2
CompAsia,Mac,MacBook Pro,MacBook Pro M2 Max 12-Core CPU & 38-Core GPU 14-inch (Early 2023),16399.0,,2048.0,SSD,Unknown,,4125.0,2023,M2 Max,14.0,,,"32, 64, 96",32.0,2 TB,M2
CompAsia,Mac,MacBook Pro,MacBook Pro M2 Max 12-Core CPU & 38-Core GPU 14-inch (Early 2023),19599.0,,4096.0,SSD,Unknown,,4775.0,2023,M2 Max,14.0,,,"32, 64, 96",32.0,4 TB,M2
CompAsia,Mac,MacBook Pro,MacBook Pro M2 Max 12-Core CPU & 38-Core GPU 14-inch (Early 2023),13999.0,,512.0,SSD,Unknown,,3475.0,2023,M2 Max,14.0,,,"32, 64, 96",32.0,512 GB,M2
CompAsia,Mac,MacBook Pro,MacBook Pro M2 Max 12-Core CPU & 38-Core GPU 14-inch (Early 2023),23599.0,,8192.0,SSD,Unknown,,5825.0,2023,M2 Max,14.0,,,"32, 64, 96",32.0,8 TB,M2
CompAsia,Mac,MacBook Pro,MacBook Pro M2 Max 12-Core CPU & 38-Core GPU 16-inch (Early 2023),14799.0,,1024.0,SSD,Unknown,,4000.0,2023,M2 Max,16.0,,,"32, 64, 96",32.0,1 TB,M2
CompAsia,Mac,MacBook Pro,MacBook Pro M2 Max 12-Core CPU & 38-Core GPU 16-inch (Early 2023),17199.0,,2048.0,SSD,Unknown,,4500.0,2023,M2 Max,16.0,,,"32, 64, 96",32.0,2 TB,M2
CompAsia,Mac,MacBook Pro,MacBook Pro M2 Max 12-Core CPU & 38-Core GPU 16-inch (Early 2023),20399.0,,4096.0,SSD,Unknown,,4950.0,2023,M2 Max,16.0,,,"32, 64, 96",32.0,4 TB,M2
CompAsia,Mac,MacBook Pro,MacBook Pro M2 Max 12-Core CPU & 38-Core GPU 16-inch (Early 2023),14799.0,,512.0,SSD,Unknown,,3925.0,2023,M2 Max,16.0,,,"32, 64, 96",32.0,512 GB,M2
CompAsia,Mac,MacBook Pro,MacBook Pro M2 Max 12-Core CPU & 38-Core GPU 16-inch (Early 2023),24399.0,,8192.0,SSD,Unknown,,5975.0,2023,M2 Max,16.0,,,"32, 64, 96",32.0,8 TB,M2
CompAsia,Mac,MacBook Pro,MacBook Pro M2 Pro 10-Core CPU & 16-Core GPU 14-inch (Early 2023),9599.0,,1024.0,SSD,Unknown,,2625.0,2023,M2 Pro,14.0,,,"16, 32",16.0,1 TB,M2
CompAsia,Mac,MacBook Pro,MacBook Pro M2 Pro 10-Core CPU & 16-Core GPU 14-inch (Early 2023),11199.0,,2048.0,SSD,Unknown,,3075.0,2023,M2 Pro,14.0,,,"16, 32",16.0,2 TB,M2
CompAsia,Mac,MacBook Pro,MacBook Pro M2 Pro 10-Core CPU & 16-Core GPU 14-inch (Early 2023),14399.0,,4096.0,SSD,Unknown,,3575.0,2023,M2 Pro,14.0,,,"16, 32",16.0,4 TB,M2
CompAsia,Mac,MacBook Pro,MacBook Pro M2 Pro 10-Core CPU & 16-Core GPU 14-inch (Early 2023),8799.0,,512.0,SSD,Unknown,,2450.0,2023,M2 Pro,14.0,,,"16, 32",16.0,512 GB,M2
CompAsia,Mac,MacBook Pro,MacBook Pro M2 Pro 10-Core CPU & 16-Core GPU 14-inch (Early 2023),18399.0,,8192.0,SSD,Unknown,,4050.0,2023,M2 Pro,14.0,,,"16, 32",16.0,8 TB,M2
CompAsia,Mac,MacBook Pro,MacBook Pro M2 Pro 12-Core CPU & 19-Core GPU 14-inch (Early 2023),11599.0,,1024.0,SSD,Unknown,,2625.0,2023,M2 Pro,14.0,,,"16, 32",16.0,1 TB,M2
CompAsia,Mac,MacBook Pro,MacBook Pro M2 Pro 12-Core CPU & 19-Core GPU 14-inch (Early 2023),13199.0,,2048.0,SSD,Unknown,,3275.0,2023,M2 Pro,14.0,,,"16, 32",16.0,2 TB,M2
CompAsia,Mac,MacBook Pro,MacBook Pro M2 Pro 12-Core CPU & 19-Core GPU 14-inch (Early 2023),16399.0,,4096.0,SSD,Unknown,,3800.0,2023,M2 Pro,14.0,,,"16, 32",16.0,4 TB,M2
CompAsia,Mac,MacBook Pro,MacBook Pro M2 Pro 12-Core CPU & 19-Core GPU 14-inch (Early 2023),10799.0,,512.0,SSD,Unknown,,2500.0,2023,M2 Pro,14.0,,,"16, 32",16.0,512 GB,M2
CompAsia,Mac,MacBook Pro,MacBook Pro M2 Pro 12-Core CPU & 19-Core GPU 14-inch (Early 2023),20399.0,,8192.0,SSD,Unknown,,4625.0,2023,M2 Pro,14.0,,,"16, 32",16.0,8 TB,M2
CompAsia,Mac,MacBook Pro,MacBook Pro M2 Pro 12-Core CPU & 19-Core GPU 16-inch (Early 2023),11599.0,,1024.0,SSD,Unknown,,3125.0,2023,M2 Pro,16.0,,,"16, 32",16.0,1 TB,M2
CompAsia,Mac,MacBook Pro,MacBook Pro M2 Pro 12-Core CPU & 19-Core GPU 16-inch (Early 2023),13199.0,,2048.0,SSD,Unknown,,3500.0,2023,M2 Pro,16.0,,,"16, 32",16.0,2 TB,M2
CompAsia,Mac,MacBook Pro,MacBook Pro M2 Pro 12-Core CPU & 19-Core GPU 16-inch (Early 2023),16399.0,,4096.0,SSD,Unknown,,4300.0,2023,M2 Pro,16.0,,,"16, 32",16.0,4 TB,M2
CompAsia,Mac,MacBook Pro,MacBook Pro M2 Pro 12-Core CPU & 19-Core GPU 16-inch (Early 2023),10799.0,,512.0,SSD,Unknown,,2925.0,2023,M2 Pro,16.0,,,"16, 32",16.0,512 GB,M2
CompAsia,Mac,MacBook Pro,MacBook Pro M2 Pro 12-Core CPU & 19-Core GPU 16-inch (Early 2023),20399.0,,8192.0,SSD,Unknown,,5250.0,2023,M2 Pro,16.0,,,"16, 32",16.0,8 TB,M2
CompAsia,Mac,MacBook Pro,MacBook Pro M3 8-Core CPU & 10-Core GPU 14-inch (Late 2023),8299.0,,1024.0,SSD,Unknown,,2800.0,2023,M3,14.0,,,"8, 16, 24",8.0,1 TB,M3
CompAsia,Mac,MacBook Pro,MacBook Pro M3 8-Core CPU & 10-Core GPU 14-inch (Late 2023),9899.0,,2048.0,SSD,Unknown,,3375.0,2023,M3,14.0,,,"8, 16, 24",8.0,2 TB,M3
CompAsia,Mac,MacBook Pro,MacBook Pro M3 8-Core CPU & 10-Core GPU 14-inch (Late 2023),7499.0,,512.0,SSD,Unknown,,2525.0,2023,M3,14.0,,,"8, 16, 24",8.0,512 GB,M3
CompAsia,Mac,MacBook Pro,MacBook Pro M3 Max 14-Core CPU & 30-Core GPU 14-inch (Late 2023),14799.0,,1024.0,SSD,Unknown,,4800.0,2023,M3 Max,14.0,,,"36, 96",36.0,1 TB,M3
CompAsia,Mac,MacBook Pro,MacBook Pro M3 Max 14-Core CPU & 30-Core GPU 14-inch (Late 2023),15399.0,,2048.0,SSD,Unknown,,5225.0,2023,M3 Max,14.0,,,"36, 96",36.0,2 TB,M3
CompAsia,Mac,MacBook Pro,MacBook Pro M3 Max 14-Core CPU & 30-Core GPU 14-inch (Late 2023),18599.0,,4096.0,SSD,Unknown,,6200.0,2023,M3 Max,14.0,,,"36, 96",36.0,4 TB,M3
CompAsia,Mac,MacBook Pro,MacBook Pro M3 Max 14-Core CPU & 30-Core GPU 14-inch (Late 2023),12999.0,,512.0,SSD,Unknown,,4600.0,2023,M3 Max,14.0,,,"36, 96",36.0,512 GB,M3
CompAsia,Mac,MacBook Pro,MacBook Pro M3 Max 14-Core CPU & 30-Core GPU 14-inch (Late 2023),22599.0,,8192.0,SSD,Unknown,,7400.0,2023,M3 Max,14.0,,,"36, 96",36.0,8 TB,M3
CompAsia,Mac,MacBook Pro,MacBook Pro M3 Max 14-Core CPU & 30-Core GPU 16-inch (Late 2023),15999.0,,1024.0,SSD,Unknown,,5650.0,2023,M3 Max,16.0,,,"36, 96",36.0,1 TB,M3
CompAsia,Mac,MacBook Pro,MacBook Pro M3 Max 14-Core CPU & 30-Core GPU 16-inch (Late 2023),16399.0,,2048.0,SSD,Unknown,,6125.0,2023,M3 Max,16.0,,,"36, 96",36.0,2 TB,M3
CompAsia,Mac,MacBook Pro,MacBook Pro M3 Max 14-Core CPU & 30-Core GPU 16-inch (Late 2023),19599.0,,4096.0,SSD,Unknown,,7000.0,2023,M3 Max,16.0,,,"36, 96",36.0,4 TB,M3
CompAsia,Mac,MacBook Pro,MacBook Pro M3 Max 14-Core CPU & 30-Core GPU 16-inch (Late 2023),13999.0,,512.0,SSD,Unknown,,5200.0,2023,M3 Max,16.0,,,"36, 96",36.0,512 GB,M3
CompAsia,Mac,MacBook Pro,MacBook Pro M3 Max 14-Core CPU & 30-Core GPU 16-inch (Late 2023),23599.0,,8192.0,SSD,Unknown,,8700.0,2023,M3 Max,16.0,,,"36, 96",36.0,8 TB,M3
CompAsia,Mac,MacBook Pro,MacBook Pro M3 Max 16-Core CPU & 40-Core GPU 14-inch (Late 2023),15999.0,,1024.0,SSD,Unknown,,5400.0,2023,M3 Max,14.0,,,"48, 64, 128",48.0,1 TB,M3
CompAsia,Mac,MacBook Pro,MacBook Pro M3 Max 16-Core CPU & 40-Core GPU 14-inch (Late 2023),16799.0,,2048.0,SSD,Unknown,,6075.0,2023,M3 Max,14.0,,,"48, 64, 128",48.0,2 TB,M3
CompAsia,Mac,MacBook Pro,MacBook Pro M3 Max 16-Core CPU & 40-Core GPU 14-inch (Late 2023),19999.0,,4096.0,SSD,Unknown,,6900.0,2023,M3 Max,14.0,,,"48, 64, 128",48.0,4 TB,M3
CompAsia,Mac,MacBook Pro,MacBook Pro M3 Max 16-Core CPU & 40-Core GPU 14-inch (Late 2023),14399.0,,512.0,SSD,Unknown,,5225.0,2023,M3 Max,14.0,,,"48, 64, 128",48.0,512 GB,M3
CompAsia,Mac,MacBook Pro,MacBook Pro M3 Max 16-Core CPU & 40-Core GPU 14-inch (Late 2023),23999.0,,8192.0,SSD,Unknown,,8450.0,2023,M3 Max,14.0,,,"48, 64, 128",48.0,8 TB,M3
CompAsia,Mac,MacBook Pro,MacBook Pro M3 Max 16-Core CPU & 40-Core GPU 16-inch (Late 2023),17999.0,,1024.0,SSD,Unknown,,6425.0,2023,M3 Max,16.0,,,"48, 64, 128",48.0,1 TB,M3
CompAsia,Mac,MacBook Pro,MacBook Pro M3 Max 16-Core CPU & 40-Core GPU 16-inch (Late 2023),17799.0,,2048.0,SSD,Unknown,,7000.0,2023,M3 Max,16.0,,,"48, 64, 128",48.0,2 TB,M3
CompAsia,Mac,MacBook Pro,MacBook Pro M3 Max 16-Core CPU & 40-Core GPU 16-inch (Late 2023),20999.0,,4096.0,SSD,Unknown,,7775.0,2023,M3 Max,16.0,,,"48, 64, 128",48.0,4 TB,M3
CompAsia,Mac,MacBook Pro,MacBook Pro M3 Max 16-Core CPU & 40-Core GPU 16-inch (Late 2023),15399.0,,512.0,SSD,Unknown,,5975.0,2023,M3 Max,16.0,,,"48, 64, 128",48.0,512 GB,M3
CompAsia,Mac,MacBook Pro,MacBook Pro M3 Max 16-Core CPU & 40-Core GPU 16-inch (Late 2023),24999.0,,8192.0,SSD,Unknown,,9550.0,2023,M3 Max,16.0,,,"48, 64, 128",48.0,8 TB,M3
CompAsia,Mac,MacBook Pro,MacBook Pro M3 Pro 11-Core CPU & 14-Core GPU 14-inch (Late 2023),10799.0,,1024.0,SSD,Unknown,,3300.0,2023,M3 Pro,14.0,,,"18, 36",18.0,1 TB,M3
CompAsia,Mac,MacBook Pro,MacBook Pro M3 Pro 11-Core CPU & 14-Core GPU 14-inch (Late 2023),12399.0,,2048.0,SSD,Unknown,,4075.0,2023,M3 Pro,14.0,,,"18, 36",18.0,2 TB,M3
CompAsia,Mac,MacBook Pro,MacBook Pro M3 Pro 11-Core CPU & 14-Core GPU 14-inch (Late 2023),15599.0,,4096.0,SSD,Unknown,,4725.0,2023,M3 Pro,14.0,,,"18, 36",18.0,4 TB,M3
CompAsia,Mac,MacBook Pro,MacBook Pro M3 Pro 11-Core CPU & 14-Core GPU 14-inch (Late 2023),9999.0,,512.0,SSD,Unknown,,3000.0,2023,M3 Pro,14.0,,,"18, 36",18.0,512 GB,M3
CompAsia,Mac,MacBook Pro,MacBook Pro M3 Pro 12-Core CPU & 18-Core GPU 14-inch (Late 2023),12399.0,,1024.0,SSD,Unknown,,3700.0,2023,M3 Pro,14.0,,,"18, 36",18.0,1 TB,M3
CompAsia,Mac,MacBook Pro,MacBook Pro M3 Pro 12-Core CPU & 18-Core GPU 14-inch (Late 2023),13999.0,,2048.0,SSD,Unknown,,4100.0,2023,M3 Pro,14.0,,,"18, 36",18.0,2 TB,M3
CompAsia,Mac,MacBook Pro,MacBook Pro M3 Pro 12-Core CPU & 18-Core GPU 14-inch (Late 2023),17199.0,,4096.0,SSD,Unknown,,4725.0,2023,M3 Pro,14.0,,,"18, 36",18.0,4 TB,M3
CompAsia,Mac,MacBook Pro,MacBook Pro M3 Pro 12-Core CPU & 18-Core GPU 14-inch (Late 2023),11599.0,,512.0,SSD,Unknown,,3400.0,2023,M3 Pro,14.0,,,"18, 36",18.0,512 GB,M3
CompAsia,Mac,MacBook Pro,MacBook Pro M3 Pro 12-Core CPU & 18-Core GPU 16-inch (Late 2023),12799.0,,1024.0,SSD,Unknown,,4350.0,2023,M3 Pro,16.0,,,"18, 36",18.0,1 TB,M3
CompAsia,Mac,MacBook Pro,MacBook Pro M3 Pro 12-Core CPU & 18-Core GPU 16-inch (Late 2023),14399.0,,2048.0,SSD,Unknown,,5100.0,2023,M3 Pro,16.0,,,"18, 36",18.0,2 TB,M3
CompAsia,Mac,MacBook Pro,MacBook Pro M3 Pro 12-Core CPU & 18-Core GPU 16-inch (Late 2023),17599.0,,4096.0,SSD,Unknown,,5875.0,2023,M3 Pro,16.0,,,"18, 36",18.0,4 TB,M3
CompAsia,Mac,MacBook Pro,MacBook Pro M3 Pro 12-Core CPU & 18-Core GPU 16-inch (Late 2023),11999.0,,512.0,SSD,Unknown,,3900.0,2023,M3 Pro,16.0,,,"18, 36",18.0,512 GB,M3
CompAsia,Mac,MacBook Pro,MacBook Pro M4 10-Core CPU & 10-Core GPU 14-inch (Late 2024),7849.0,,1024.0,SSD,Unknown,,3300.0,2024,M4,14.0,,,"16, 24, 32",16.0,1 TB,M4
CompAsia,Mac,MacBook Pro,MacBook Pro M4 10-Core CPU & 10-Core GPU 14-inch (Late 2024),8699.0,,2048.0,SSD,Unknown,,4100.0,2024,M4,14.0,,,"16, 24, 32",16.0,2 TB,M4
CompAsia,Mac,MacBook Pro,MacBook Pro M4 10-Core CPU & 10-Core GPU 14-inch (Late 2024),6999.0,,512.0,SSD,Unknown,,2925.0,2024,M4,14.0,,,"16, 24, 32",16.0,512 GB,M4
CompAsia,Mac,MacBook Pro,MacBook Pro M4 Max 14-Core CPU & 32-Core GPU 14-inch (Late 2024),13999.0,,1024.0,SSD,Unknown,,5750.0,2024,M4 Max,14.0,,,"36, 48, 64, 128",36.0,1 TB,M4
CompAsia,Mac,MacBook Pro,MacBook Pro M4 Max 14-Core CPU & 32-Core GPU 14-inch (Late 2024),15699.0,,2048.0,SSD,Unknown,,6375.0,2024,M4 Max,14.0,,,"36, 48, 64, 128",36.0,2 TB,M4
CompAsia,Mac,MacBook Pro,MacBook Pro M4 Max 14-Core CPU & 32-Core GPU 14-inch (Late 2024),17399.0,,4096.0,SSD,Unknown,,7425.0,2024,M4 Max,14.0,,,"36, 48, 64, 128",36.0,4 TB,M4
CompAsia,Mac,MacBook Pro,MacBook Pro M4 Max 14-Core CPU & 32-Core GPU 14-inch (Late 2024),20799.0,,8192.0,SSD,Unknown,,8600.0,2024,M4 Max,14.0,,,"36, 48, 64, 128",36.0,8 TB,M4
CompAsia,Mac,MacBook Pro,MacBook Pro M4 Max 14-Core CPU & 32-Core GPU 16-inch (Late 2024),15299.0,,1024.0,SSD,Unknown,,6100.0,2024,M4 Max,16.0,,,"36, 48, 64, 128",36.0,1 TB,M4
CompAsia,Mac,MacBook Pro,MacBook Pro M4 Max 14-Core CPU & 32-Core GPU 16-inch (Late 2024),16999.0,,2048.0,SSD,Unknown,,6775.0,2024,M4 Max,16.0,,,"36, 48, 64, 128",36.0,2 TB,M4
CompAsia,Mac,MacBook Pro,MacBook Pro M4 Max 14-Core CPU & 32-Core GPU 16-inch (Late 2024),18699.0,,4096.0,SSD,Unknown,,7775.0,2024,M4 Max,16.0,,,"36, 48, 64, 128",36.0,4 TB,M4
CompAsia,Mac,MacBook Pro,MacBook Pro M4 Max 14-Core CPU & 32-Core GPU 16-inch (Late 2024),22099.0,,8192.0,SSD,Unknown,,8875.0,2024,M4 Max,16.0,,,"36, 48, 64, 128",36.0,8 TB,M4
CompAsia,Mac,MacBook Pro,MacBook Pro M4 Max 16-Core CPU & 40-Core GPU 14-inch (Late 2024),16124.0,,1024.0,SSD,Unknown,,6550.0,2024,M4 Max,14.0,,,"36, 48, 64, 128",36.0,1 TB,M4
CompAsia,Mac,MacBook Pro,MacBook Pro M4 Max 16-Core CPU & 40-Core GPU 14-inch (Late 2024),17824.0,,2048.0,SSD,Unknown,,7125.0,2024,M4 Max,14.0,,,"36, 48, 64, 128",36.0,2 TB,M4
CompAsia,Mac,MacBook Pro,MacBook Pro M4 Max 16-Core CPU & 40-Core GPU 14-inch (Late 2024),19524.0,,4096.0,SSD,Unknown,,8125.0,2024,M4 Max,14.0,,,"36, 48, 64, 128",36.0,4 TB,M4
CompAsia,Mac,MacBook Pro,MacBook Pro M4 Max 16-Core CPU & 40-Core GPU 14-inch (Late 2024),22924.0,,8192.0,SSD,Unknown,,9200.0,2024,M4 Max,14.0,,,"36, 48, 64, 128",36.0,8 TB,M4
CompAsia,Mac,MacBook Pro,MacBook Pro M4 Max 16-Core CPU & 40-Core GPU 16-inch (Late 2024),17499.0,,1024.0,SSD,Unknown,,6750.0,2024,M4 Max,16.0,,,"36, 48, 64, 128",36.0,1 TB,M4
CompAsia,Mac,MacBook Pro,MacBook Pro M4 Max 16-Core CPU & 40-Core GPU 16-inch (Late 2024),19199.0,,2048.0,SSD,Unknown,,7375.0,2024,M4 Max,16.0,,,"36, 48, 64, 128",36.0,2 TB,M4
CompAsia,Mac,MacBook Pro,MacBook Pro M4 Max 16-Core CPU & 40-Core GPU 16-inch (Late 2024),20899.0,,4096.0,SSD,Unknown,,8650.0,2024,M4 Max,16.0,,,"36, 48, 64, 128",36.0,4 TB,M4
CompAsia,Mac,MacBook Pro,MacBook Pro M4 Max 16-Core CPU & 40-Core GPU 16-inch (Late 2024),24299.0,,8192.0,SSD,Unknown,,9900.0,2024,M4 Max,16.0,,,"36, 48, 64, 128",36.0,8 TB,M4
CompAsia,Mac,MacBook Pro,MacBook Pro M4 Pro 12-Core CPU & 16-Core GPU 14-inch (Late 2024),9349.0,,1024.0,SSD,Unknown,,3900.0,2024,M4 Pro,14.0,,,"24, 48, 64",24.0,1 TB,M4
CompAsia,Mac,MacBook Pro,MacBook Pro M4 Pro 12-Core CPU & 16-Core GPU 14-inch (Late 2024),10999.0,,2048.0,SSD,Unknown,,4575.0,2024,M4 Pro,14.0,,,"24, 48, 64",24.0,2 TB,M4
CompAsia,Mac,MacBook Pro,MacBook Pro M4 Pro 12-Core CPU & 16-Core GPU 14-inch (Late 2024),14299.0,,4096.0,SSD,Unknown,,5075.0,2024,M4 Pro,14.0,,,"24, 48, 64",24.0,4 TB,M4
CompAsia,Mac,MacBook Pro,MacBook Pro M4 Pro 12-Core CPU & 16-Core GPU 14-inch (Late 2024),8499.0,,512.0,SSD,Unknown,,3475.0,2024,M4 Pro,14.0,,,"24, 48, 64",24.0,512 GB,M4
CompAsia,Mac,MacBook Pro,MacBook Pro M4 Pro 14-Core CPU & 20-Core GPU 14-inch (Late 2024),10499.0,,1024.0,SSD,Unknown,,4275.0,2024,M4 Pro,14.0,,,"24, 48, 64",24.0,1 TB,M4
CompAsia,Mac,MacBook Pro,MacBook Pro M4 Pro 14-Core CPU & 20-Core GPU 14-inch (Late 2024),12149.0,,2048.0,SSD,Unknown,,4925.0,2024,M4 Pro,14.0,,,"24, 48, 64",24.0,2 TB,M4
CompAsia,Mac,MacBook Pro,MacBook Pro M4 Pro 14-Core CPU & 20-Core GPU 14-inch (Late 2024),15449.0,,4096.0,SSD,Unknown,,5800.0,2024,M4 Pro,14.0,,,"24, 48, 64",24.0,4 TB,M4
CompAsia,Mac,MacBook Pro,MacBook Pro M4 Pro 14-Core CPU & 20-Core GPU 14-inch (Late 2024),9349.0,,512.0,SSD,Unknown,,4150.0,2024,M4 Pro,14.0,,,"24, 48, 64",24.0,512 GB,M4
CompAsia,Mac,MacBook Pro,MacBook Pro M4 Pro 14-Core CPU & 20-Core GPU 16-inch (Late 2024),12699.0,,1024.0,SSD,Unknown,,4725.0,2024,M4 Pro,16.0,,,"24, 48, 64",24.0,1 TB,M4
CompAsia,Mac,MacBook Pro,MacBook Pro M4 Pro 14-Core CPU & 20-Core GPU 16-inch (Late 2024),14349.0,,2048.0,SSD,Unknown,,5400.0,2024,M4 Pro,16.0,,,"24, 48, 64",24.0,2 TB,M4
CompAsia,Mac,MacBook Pro,MacBook Pro M4 Pro 14-Core CPU & 20-Core GPU 16-inch (Late 2024),17649.0,,4096.0,SSD,Unknown,,5975.0,2024,M4 Pro,16.0,,,"24, 48, 64",24.0,4 TB,M4
CompAsia,Mac,MacBook Pro,MacBook Pro M4 Pro 14-Core CPU & 20-Core GPU 16-inch (Late 2024),10999.0,,512.0,SSD,Unknown,,4375.0,2024,M4 Pro,16.0,,,"24, 48, 64",24.0,512 GB,M4
CompAsia,Mac,MacBook Pro,MacBook Pro M5 10-Core CPU & 10-Core GPU 14-inch (Late 2025),8299.0,,1024.0,SSD,Unknown,,4425.0,2025,M5,14.0,,,"16, 24, 32",16.0,1 TB,M5
CompAsia,Mac,MacBook Pro,MacBook Pro M5 10-Core CPU & 10-Core GPU 14-inch (Late 2025),9999.0,,2048.0,SSD,Unknown,,5400.0,2025,M5,14.0,,,"16, 24, 32",16.0,2 TB,M5
CompAsia,Mac,MacBook Pro,MacBook Pro M5 10-Core CPU & 10-Core GPU 14-inch (Late 2025),13399.0,,4096.0,SSD,Unknown,,6350.0,2025,M5,14.0,,,"16, 24, 32",16.0,4 TB,M5
CompAsia,Mac,MacBook Pro,MacBook Pro M5 10-Core CPU & 10-Core GPU 14-inch (Late 2025),6999.0,,512.0,SSD,Unknown,,3950.0,2025,M5,14.0,,,"16, 24, 32",16.0,512 GB,M5
CompAsia,Mac,Mac mini,Mac Mini i3 3.6GHz (Early 2020),4799.0,,1024.0,SSD,Unknown,,340.0,2020,Intel Core i3,,,,"8, 16, 32, 64",8.0,1 TB,Unknown
CompAsia,Mac,Mac mini,Mac Mini i3 3.6GHz (Early 2020),3199.0,,256.0,SSD,Unknown,,200.0,2020,Intel Core i3,,,,"8, 16, 32, 64",8.0,256 GB,Unknown
CompAsia,Mac,Mac mini,Mac Mini i3 3.6GHz (Early 2020),6399.0,,2048.0,SSD,Unknown,,365.0,2020,Intel Core i3,,,,"8, 16, 32, 64",8.0,2 TB,Unknown
CompAsia,Mac,Mac mini,Mac Mini i3 3.6GHz (Early 2020),3999.0,,512.0,SSD,Unknown,,275.0,2020,Intel Core i3,,,,"8, 16, 32, 64",8.0,512 GB,Unknown
CompAsia,Mac,Mac mini,Mac Mini i3 3.6GHz (Late 2018),3449.0,,128.0,SSD,Unknown,,175.0,2018,Intel Core i3,,,,"8, 16, 32, 64",8.0,128 GB,Unknown
CompAsia,Mac,Mac mini,Mac Mini i3 3.6GHz (Late 2018),7449.0,,1024.0,SSD,Unknown,,350.0,2018,Intel Core i3,,,,"8, 16, 32, 64",8.0,1 TB,Unknown
CompAsia,Mac,Mac mini,Mac Mini i3 3.6GHz (Late 2018),4249.0,,256.0,SSD,Unknown,,200.0,2018,Intel Core i3,,,,"8, 16, 32, 64",8.0,256 GB,Unknown
CompAsia,Mac,Mac mini,Mac Mini i3 3.6GHz (Late 2018),10649.0,,2048.0,SSD,Unknown,,375.0,2018,Intel Core i3,,,,"8, 16, 32, 64",8.0,2 TB,Unknown
CompAsia,Mac,Mac mini,Mac Mini i3 3.6GHz (Late 2018),5849.0,,512.0,SSD,Unknown,,275.0,2018,Intel Core i3,,,,"8, 16, 32, 64",8.0,512 GB,Unknown
CompAsia,Mac,Mac mini,Mac Mini i5 3.0GHz (Early 2020),5399.0,,1024.0,SSD,Unknown,,365.0,2020,Intel Core i5,,,,"8, 16, 32, 64",8.0,1 TB,Unknown
CompAsia,Mac,Mac mini,Mac Mini i5 3.0GHz (Early 2020),6999.0,,2048.0,SSD,Unknown,,415.0,2020,Intel Core i5,,,,"8, 16, 32, 64",8.0,2 TB,Unknown
CompAsia,Mac,Mac mini,Mac Mini i5 3.0GHz (Early 2020),4599.0,,512.0,SSD,Unknown,,340.0,2020,Intel Core i5,,,,"8, 16, 32, 64",8.0,512 GB,Unknown
CompAsia,Mac,Mac mini,Mac Mini i5 3.0GHz (Late 2018),4699.0,,128.0,SSD,Unknown,,200.0,2018,Intel Core i5,,,,"8, 16, 32, 64",8.0,128 GB,Unknown
CompAsia,Mac,Mac mini,Mac Mini i5 3.0GHz (Late 2018),8699.0,,1024.0,SSD,Unknown,,375.0,2018,Intel Core i5,,,,"8, 16, 32, 64",8.0,1 TB,Unknown
CompAsia,Mac,Mac mini,Mac Mini i5 3.0GHz (Late 2018),4699.0,,256.0,SSD,Unknown,,300.0,2018,Intel Core i5,,,,"8, 16, 32, 64",8.0,256 GB,Unknown
CompAsia,Mac,Mac mini,Mac Mini i5 3.0GHz (Late 2018),11899.0,,2048.0,SSD,Unknown,,425.0,2018,Intel Core i5,,,,"8, 16, 32, 64",8.0,2 TB,Unknown
CompAsia,Mac,Mac mini,Mac Mini i5 3.0GHz (Late 2018),7099.0,,512.0,SSD,Unknown,,350.0,2018,Intel Core i5,,,,"8, 16, 32, 64",8.0,512 GB,Unknown
CompAsia,Mac,Mac mini,Mac Mini i7 3.2GHz (Early 2020),7099.0,,1024.0,SSD,Unknown,,365.0,2020,Intel Core i7,,,,"8, 16, 32, 64",8.0,1 TB,Unknown
CompAsia,Mac,Mac mini,Mac Mini i7 3.2GHz (Early 2020),5499.0,,256.0,SSD,Unknown,,340.0,2020,Intel Core i7,,,,"8, 16, 32, 64",8.0,256 GB,Unknown
CompAsia,Mac,Mac mini,Mac Mini i7 3.2GHz (Early 2020),8699.0,,2048.0,SSD,Unknown,,475.0,2020,Intel Core i7,,,,"8, 16, 32, 64",8.0,2 TB,Unknown
CompAsia,Mac,Mac mini,Mac Mini i7 3.2GHz (Early 2020),6299.0,,512.0,SSD,Unknown,,340.0,2020,Intel Core i7,,,,"8, 16, 32, 64",8.0,512 GB,Unknown
CompAsia,Mac,Mac mini,Mac Mini i7 3.2GHz (Late 2018),5949.0,,128.0,SSD,Unknown,,300.0,2018,Intel Core i7,,,,"8, 16, 32, 64",8.0,128 GB,Unknown
CompAsia,Mac,Mac mini,Mac Mini i7 3.2GHz (Late 2018),9949.0,,1024.0,SSD,Unknown,,375.0,2018,Intel Core i7,,,,"8, 16, 32, 64",8.0,1 TB,Unknown
CompAsia,Mac,Mac mini,Mac Mini i7 3.2GHz (Late 2018),4699.0,,256.0,SSD,Unknown,,350.0,2018,Intel Core i7,,,,"8, 16, 32, 64",8.0,256 GB,Unknown
CompAsia,Mac,Mac mini,Mac Mini i7 3.2GHz (Late 2018),13149.0,,2048.0,SSD,Unknown,,475.0,2018,Intel Core i7,,,,"8, 16, 32, 64",8.0,2 TB,Unknown
CompAsia,Mac,Mac mini,Mac Mini i7 3.2GHz (Late 2018),5579.0,,512.0,SSD,Unknown,,350.0,2018,Intel Core i7,,,,"8, 16, 32, 64",8.0,512 GB,Unknown
CompAsia,Mac,Mac mini,Mac Mini M1 8-Core CPU & 8-Core GPU (Late 2020),4599.0,,1024.0,SSD,Unknown,,375.0,2020,M1,,,,"8, 16",8.0,1 TB,M1
CompAsia,Mac,Mac mini,Mac Mini M1 8-Core CPU & 8-Core GPU (Late 2020),2999.0,,256.0,SSD,Unknown,,350.0,2020,M1,,,,"8, 16",8.0,256 GB,M1
CompAsia,Mac,Mac mini,Mac Mini M1 8-Core CPU & 8-Core GPU (Late 2020),6199.0,,2048.0,SSD,Unknown,,475.0,2020,M1,,,,"8, 16",8.0,2 TB,M1
CompAsia,Mac,Mac mini,Mac Mini M1 8-Core CPU & 8-Core GPU (Late 2020),3799.0,,512.0,SSD,Unknown,,350.0,2020,M1,,,,"8, 16",8.0,512 GB,M1
CompAsia,Mac,Mac mini,Mac Mini M2 8-Core CPU & 10-Core GPU (Early 2023),4149.0,,1024.0,SSD,Unknown,,525.0,2023,M2,,,,"8, 16, 24",8.0,1 TB,M2
CompAsia,Mac,Mac mini,Mac Mini M2 8-Core CPU & 10-Core GPU (Early 2023),2499.0,,256.0,SSD,Unknown,,425.0,2023,M2,,,,"8, 16, 24",8.0,256 GB,M2
CompAsia,Mac,Mac mini,Mac Mini M2 8-Core CPU & 10-Core GPU (Early 2023),5049.0,,2048.0,SSD,Unknown,,625.0,2023,M2,,,,"8, 16, 24",8.0,2 TB,M2
CompAsia,Mac,Mac mini,Mac Mini M2 8-Core CPU & 10-Core GPU (Early 2023),3299.0,,512.0,SSD,Unknown,,475.0,2023,M2,,,,"8, 16, 24",8.0,512 GB,M2
CompAsia,Mac,Mac mini,Mac Mini M2 Pro 10-Core CPU & 16-Core GPU (Early 2023),6449.0,,1024.0,SSD,Unknown,,525.0,2023,M2 Pro,,,,"16, 32",16.0,1 TB,M2
CompAsia,Mac,Mac mini,Mac Mini M2 Pro 10-Core CPU & 16-Core GPU (Early 2023),7299.0,,2048.0,SSD,Unknown,,675.0,2023,M2 Pro,,,,"16, 32",16.0,2 TB,M2
CompAsia,Mac,Mac mini,Mac Mini M2 Pro 10-Core CPU & 16-Core GPU (Early 2023),9849.0,,4096.0,SSD,Unknown,,675.0,2023,M2 Pro,,,,"16, 32",16.0,4 TB,M2
CompAsia,Mac,Mac mini,Mac Mini M2 Pro 10-Core CPU & 16-Core GPU (Early 2023),5599.0,,512.0,SSD,Unknown,,475.0,2023,M2 Pro,,,,"16, 32",16.0,512 GB,M2
CompAsia,Mac,Mac mini,Mac Mini M2 Pro 10-Core CPU & 16-Core GPU (Early 2023),15799.0,,8192.0,SSD,Unknown,,675.0,2023,M2 Pro,,,,"16, 32",16.0,8 TB,M2
CompAsia,Mac,Mac mini,Mac Mini M2 Pro 12-Core CPU & 19-Core GPU (Early 2023),6799.0,,1024.0,SSD,Unknown,,525.0,2023,M2 Pro,,,,"16, 32",16.0,1 TB,M2
CompAsia,Mac,Mac mini,Mac Mini M2 Pro 12-Core CPU & 19-Core GPU (Early 2023),7649.0,,2048.0,SSD,Unknown,,660.0,2023,M2 Pro,,,,"16, 32",16.0,2 TB,M2
CompAsia,Mac,Mac mini,Mac Mini M2 Pro 12-Core CPU & 19-Core GPU (Early 2023),10199.0,,4096.0,SSD,Unknown,,675.0,2023,M2 Pro,,,,"16, 32",16.0,4 TB,M2
CompAsia,Mac,Mac mini,Mac Mini M2 Pro 12-Core CPU & 19-Core GPU (Early 2023),6799.0,,512.0,SSD,Unknown,,475.0,2023,M2 Pro,,,,"16, 32",16.0,512 GB,M2
CompAsia,Mac,Mac mini,Mac Mini M2 Pro 12-Core CPU & 19-Core GPU (Early 2023),16149.0,,8192.0,SSD,Unknown,,675.0,2023,M2 Pro,,,,"16, 32",16.0,8 TB,M2
CompAsia,Mac,Mac mini,Mac Mini M4 10-Core CPU & 10-Core GPU (Late 2024),4199.0,,1024.0,SSD,Unknown,,1750.0,2024,M4,,,,"16, 24, 32",16.0,1 TB,M4
CompAsia,Mac,Mac mini,Mac Mini M4 10-Core CPU & 10-Core GPU (Late 2024),2499.0,,256.0,SSD,Unknown,,1025.0,2024,M4,,,,"16, 24, 32",16.0,256 GB,M4
CompAsia,Mac,Mac mini,Mac Mini M4 10-Core CPU & 10-Core GPU (Late 2024),5899.0,,2048.0,SSD,Unknown,,2375.0,2024,M4,,,,"16, 24, 32",16.0,2 TB,M4
CompAsia,Mac,Mac mini,Mac Mini M4 10-Core CPU & 10-Core GPU (Late 2024),3349.0,,512.0,SSD,Unknown,,1375.0,2024,M4,,,,"16, 24, 32",16.0,512 GB,M4
CompAsia,Mac,Mac mini,Mac Mini M4 Pro 12-Core CPU & 16-Core GPU (Late 2024),6849.0,,1024.0,SSD,Unknown,,2625.0,2024,M4 Pro,,,,"24, 48, 64",24.0,1 TB,M4
CompAsia,Mac,Mac mini,Mac Mini M4 Pro 12-Core CPU & 16-Core GPU (Late 2024),8549.0,,2048.0,SSD,Unknown,,3175.0,2024,M4 Pro,,,,"24, 48, 64",24.0,2 TB,M4
CompAsia,Mac,Mac mini,Mac Mini M4 Pro 12-Core CPU & 16-Core GPU (Late 2024),11099.0,,4096.0,SSD,Unknown,,4050.0,2024,M4 Pro,,,,"24, 48, 64",24.0,4 TB,M4
CompAsia,Mac,Mac mini,Mac Mini M4 Pro 12-Core CPU & 16-Core GPU (Late 2024),5999.0,,512.0,SSD,Unknown,,2300.0,2024,M4 Pro,,,,"24, 48, 64",24.0,512 GB,M4
CompAsia,Mac,Mac mini,Mac Mini M4 Pro 12-Core CPU & 16-Core GPU (Late 2024),16199.0,,8192.0,SSD,Unknown,,5825.0,2024,M4 Pro,,,,"24, 48, 64",24.0,8 TB,M4
CompAsia,Mac,Mac mini,Mac Mini M4 Pro 14-Core CPU & 20-Core GPU (Late 2024),7699.0,,1024.0,SSD,Unknown,,2975.0,2024,M4 Pro,,,,"24, 48, 64",24.0,1 TB,M4
CompAsia,Mac,Mac mini,Mac Mini M4 Pro 14-Core CPU & 20-Core GPU (Late 2024),9399.0,,2048.0,SSD,Unknown,,3500.0,2024,M4 Pro,,,,"24, 48, 64",24.0,2 TB,M4
CompAsia,Mac,Mac mini,Mac Mini M4 Pro 14-Core CPU & 20-Core GPU (Late 2024),11949.0,,4096.0,SSD,Unknown,,4375.0,2024,M4 Pro,,,,"24, 48, 64",24.0,4 TB,M4
CompAsia,Mac,Mac mini,Mac Mini M4 Pro 14-Core CPU & 20-Core GPU (Late 2024),6849.0,,512.0,SSD,Unknown,,2625.0,2024,M4 Pro,,,,"24, 48, 64",24.0,512 GB,M4
CompAsia,Mac,Mac mini,Mac Mini M4 Pro 14-Core CPU & 20-Core GPU (Late 2024),17049.0,,8192.0,SSD,Unknown,,6175.0,2024,M4 Pro,,,,"24, 48, 64",24.0,8 TB,M4
CompAsia,Mac,Mac Pro,Mac Pro M2 Ultra 24-Core CPU & 60-Core GPU (Mid 2023),18999.0,,1024.0,SSD,Unknown,,10000.0,2023,M2 Ultra,,,,"64, 128, 192",64.0,1 TB,M2
CompAsia,Mac,Mac Pro,Mac Pro M2 Ultra 24-Core CPU & 60-Core GPU (Mid 2023),21399.0,,2048.0,SSD,Unknown,,10600.0,2023,M2 Ultra,,,,"64, 128, 192",64.0,2 TB,M2
CompAsia,Mac,Mac Pro,Mac Pro M2 Ultra 24-Core CPU & 60-Core GPU (Mid 2023),26199.0,,4096.0,SSD,Unknown,,11400.0,2023,M2 Ultra,,,,"64, 128, 192",64.0,4 TB,M2
CompAsia,Mac,Mac Pro,Mac Pro M2 Ultra 24-Core CPU & 60-Core GPU (Mid 2023),35799.0,,8192.0,SSD,Unknown,,12100.0,2023,M2 Ultra,,,,"64, 128, 192",64.0,8 TB,M2
CompAsia,Mac,Mac Pro,Mac Pro M2 Ultra 24-Core CPU & 60-Core GPU Rack (Mid 2023),20999.0,,1024.0,SSD,Unknown,,10000.0,2023,M2 Ultra,,,,"64, 128, 192",64.0,1 TB,M2
CompAsia,Mac,Mac Pro,Mac Pro M2 Ultra 24-Core CPU & 60-Core GPU Rack (Mid 2023),23399.0,,2048.0,SSD,Unknown,,10600.0,2023,M2 Ultra,,,,"64, 128, 192",64.0,2 TB,M2
CompAsia,Mac,Mac Pro,Mac Pro M2 Ultra 24-Core CPU & 60-Core GPU Rack (Mid 2023),28199.0,,4096.0,SSD,Unknown,,11400.0,2023,M2 Ultra,,,,"64, 128, 192",64.0,4 TB,M2
CompAsia,Mac,Mac Pro,Mac Pro M2 Ultra 24-Core CPU & 60-Core GPU Rack (Mid 2023),37799.0,,8192.0,SSD,Unknown,,12100.0,2023,M2 Ultra,,,,"64, 128, 192",64.0,8 TB,M2
CompAsia,Mac,Mac Pro,Mac Pro M2 Ultra 24-Core CPU & 76-Core GPU (Mid 2023),22999.0,,1024.0,SSD,Unknown,,11400.0,2023,M2 Ultra,,,,"64, 128, 192",64.0,1 TB,M2
CompAsia,Mac,Mac Pro,Mac Pro M2 Ultra 24-Core CPU & 76-Core GPU (Mid 2023),25399.0,,2048.0,SSD,Unknown,,12000.0,2023,M2 Ultra,,,,"64, 128, 192",64.0,2 TB,M2
CompAsia,Mac,Mac Pro,Mac Pro M2 Ultra 24-Core CPU & 76-Core GPU (Mid 2023),30199.0,,4096.0,SSD,Unknown,,12900.0,2023,M2 Ultra,,,,"64, 128, 192",64.0,4 TB,M2
CompAsia,Mac,Mac Pro,Mac Pro M2 Ultra 24-Core CPU & 76-Core GPU (Mid 2023),39799.0,,8192.0,SSD,Unknown,,13700.0,2023,M2 Ultra,,,,"64, 128, 192",64.0,8 TB,M2
CompAsia,Mac,Mac Pro,Mac Pro M2 Ultra 24-Core CPU & 76-Core GPU Rack (Mid 2023),24999.0,,1024.0,SSD,Unknown,,11400.0,2023,M2 Ultra,,,,"64, 128, 192",64.0,1 TB,M2
CompAsia,Mac,Mac Pro,Mac Pro M2 Ultra 24-Core CPU & 76-Core GPU Rack (Mid 2023),27399.0,,2048.0,SSD,Unknown,,12025.0,2023,M2 Ultra,,,,"64, 128, 192",64.0,2 TB,M2
CompAsia,Mac,Mac Pro,Mac Pro M2 Ultra 24-Core CPU & 76-Core GPU Rack (Mid 2023),32199.0,,4096.0,SSD,Unknown,,12900.0,2023,M2 Ultra,,,,"64, 128, 192",64.0,4 TB,M2
CompAsia,Mac,Mac Pro,Mac Pro M2 Ultra 24-Core CPU & 76-Core GPU Rack (Mid 2023),41799.0,,8192.0,SSD,Unknown,,13650.0,2023,M2 Ultra,,,,"64, 128, 192",64.0,8 TB,M2
CompAsia,Mac,Mac Studio,Mac Studio M1 Max 10-Core CPU & 24-Core GPU (Early 2022),9649.0,,1024.0,SSD,Unknown,,1975.0,2022,M1 Max,,,,"32, 64",32.0,1 TB,M1
CompAsia,Mac,Mac Studio,Mac Studio M1 Max 10-Core CPU & 24-Core GPU (Early 2022),11349.0,,2048.0,SSD,Unknown,,2375.0,2022,M1 Max,,,,"32, 64",32.0,2 TB,M1
CompAsia,Mac,Mac Studio,Mac Studio M1 Max 10-Core CPU & 24-Core GPU (Early 2022),13899.0,,4096.0,SSD,Unknown,,2925.0,2022,M1 Max,,,,"32, 64",32.0,4 TB,M1
CompAsia,Mac,Mac Studio,Mac Studio M1 Max 10-Core CPU & 24-Core GPU (Early 2022),8799.0,,512.0,SSD,Unknown,,1825.0,2022,M1 Max,,,,"32, 64",32.0,512 GB,M1
CompAsia,Mac,Mac Studio,Mac Studio M1 Max 10-Core CPU & 24-Core GPU (Early 2022),18999.0,,8192.0,SSD,Unknown,,3625.0,2022,M1 Max,,,,"32, 64",32.0,8 TB,M1
CompAsia,Mac,Mac Studio,Mac Studio M1 Max 10-Core CPU & 32-Core GPU (Early 2022),11349.0,,1024.0,SSD,Unknown,,2100.0,2022,M1 Max,,,,"32, 64",32.0,1 TB,M1
CompAsia,Mac,Mac Studio,Mac Studio M1 Max 10-Core CPU & 32-Core GPU (Early 2022),13049.0,,2048.0,SSD,Unknown,,2450.0,2022,M1 Max,,,,"32, 64",32.0,2 TB,M1
CompAsia,Mac,Mac Studio,Mac Studio M1 Max 10-Core CPU & 32-Core GPU (Early 2022),15599.0,,4096.0,SSD,Unknown,,2975.0,2022,M1 Max,,,,"32, 64",32.0,4 TB,M1
CompAsia,Mac,Mac Studio,Mac Studio M1 Max 10-Core CPU & 32-Core GPU (Early 2022),10499.0,,512.0,SSD,Unknown,,1975.0,2022,M1 Max,,,,"32, 64",32.0,512 GB,M1
CompAsia,Mac,Mac Studio,Mac Studio M1 Max 10-Core CPU & 32-Core GPU (Early 2022),20699.0,,8192.0,SSD,Unknown,,3825.0,2022,M1 Max,,,,"32, 64",32.0,8 TB,M1
CompAsia,Mac,Mac Studio,Mac Studio M1 Ultra 20-Core CPU & 48-Core GPU (Early 2022),17499.0,,1024.0,SSD,Unknown,,3250.0,2022,M1 Ultra,,,,"64, 128",64.0,1 TB,M1
CompAsia,Mac,Mac Studio,Mac Studio M1 Ultra 20-Core CPU & 48-Core GPU (Early 2022),19199.0,,2048.0,SSD,Unknown,,3950.0,2022,M1 Ultra,,,,"64, 128",64.0,2 TB,M1
CompAsia,Mac,Mac Studio,Mac Studio M1 Ultra 20-Core CPU & 48-Core GPU (Early 2022),21749.0,,4096.0,SSD,Unknown,,4200.0,2022,M1 Ultra,,,,"64, 128",64.0,4 TB,M1
CompAsia,Mac,Mac Studio,Mac Studio M1 Ultra 20-Core CPU & 48-Core GPU (Early 2022),26849.0,,8192.0,SSD,Unknown,,5075.0,2022,M1 Ultra,,,,"64, 128",64.0,8 TB,M1
CompAsia,Mac,Mac Studio,Mac Studio M1 Ultra 20-Core CPU & 64-Core GPU (Early 2022),20499.0,,1024.0,SSD,Unknown,,4375.0,2022,M1 Ultra,,,,"64, 128",64.0,1 TB,M1
CompAsia,Mac,Mac Studio,Mac Studio M1 Ultra 20-Core CPU & 64-Core GPU (Early 2022),22199.0,,2048.0,SSD,Unknown,,4775.0,2022,M1 Ultra,,,,"64, 128",64.0,2 TB,M1
CompAsia,Mac,Mac Studio,Mac Studio M1 Ultra 20-Core CPU & 64-Core GPU (Early 2022),24749.0,,4096.0,SSD,Unknown,,5325.0,2022,M1 Ultra,,,,"64, 128",64.0,4 TB,M1
CompAsia,Mac,Mac Studio,Mac Studio M1 Ultra 20-Core CPU & 64-Core GPU (Early 2022),29849.0,,8192.0,SSD,Unknown,,5900.0,2022,M1 Ultra,,,,"64, 128",64.0,8 TB,M1
CompAsia,Mac,Mac Studio,Mac Studio M2 Max 12-Core CPU & 30-Core GPU (Mid 2023),9649.0,,1024.0,SSD,Unknown,,3225.0,2023,M2 Max,,,,"32, 64, 96",32.0,1 TB,M2
CompAsia,Mac,Mac Studio,Mac Studio M2 Max 12-Core CPU & 30-Core GPU (Mid 2023),11349.0,,2048.0,SSD,Unknown,,3825.0,2023,M2 Max,,,,"32, 64, 96",32.0,2 TB,M2
CompAsia,Mac,Mac Studio,Mac Studio M2 Max 12-Core CPU & 30-Core GPU (Mid 2023),13899.0,,4096.0,SSD,Unknown,,4700.0,2023,M2 Max,,,,"32, 64, 96",32.0,4 TB,M2
CompAsia,Mac,Mac Studio,Mac Studio M2 Max 12-Core CPU & 30-Core GPU (Mid 2023),8799.0,,512.0,SSD,Unknown,,3000.0,2023,M2 Max,,,,"32, 64, 96",32.0,512 GB,M2
CompAsia,Mac,Mac Studio,Mac Studio M2 Max 12-Core CPU & 30-Core GPU (Mid 2023),18999.0,,8192.0,SSD,Unknown,,5900.0,2023,M2 Max,,,,"32, 64, 96",32.0,8 TB,M2
CompAsia,Mac,Mac Studio,Mac Studio M2 Max 12-Core CPU & 38-Core GPU (Mid 2023),11349.0,,1024.0,SSD,Unknown,,3575.0,2023,M2 Max,,,,"32, 64, 96",32.0,1 TB,M2
CompAsia,Mac,Mac Studio,Mac Studio M2 Max 12-Core CPU & 38-Core GPU (Mid 2023),13049.0,,2048.0,SSD,Unknown,,4150.0,2023,M2 Max,,,,"32, 64, 96",32.0,2 TB,M2
CompAsia,Mac,Mac Studio,Mac Studio M2 Max 12-Core CPU & 38-Core GPU (Mid 2023),15599.0,,4096.0,SSD,Unknown,,5000.0,2023,M2 Max,,,,"32, 64, 96",32.0,4 TB,M2
CompAsia,Mac,Mac Studio,Mac Studio M2 Max 12-Core CPU & 38-Core GPU (Mid 2023),10499.0,,512.0,SSD,Unknown,,3225.0,2023,M2 Max,,,,"32, 64, 96",32.0,512 GB,M2
CompAsia,Mac,Mac Studio,Mac Studio M2 Max 12-Core CPU & 38-Core GPU (Mid 2023),20699.0,,8192.0,SSD,Unknown,,6150.0,2023,M2 Max,,,,"32, 64, 96",32.0,8 TB,M2
CompAsia,Mac,Mac Studio,Mac Studio M2 Ultra 24-Core CPU & 60-Core GPU (Mid 2023),17499.0,,1024.0,SSD,Unknown,,5925.0,2023,M2 Ultra,,,,"64, 128, 192",64.0,1 TB,M2
CompAsia,Mac,Mac Studio,Mac Studio M2 Ultra 24-Core CPU & 60-Core GPU (Mid 2023),19199.0,,2048.0,SSD,Unknown,,6475.0,2023,M2 Ultra,,,,"64, 128, 192",64.0,2 TB,M2
CompAsia,Mac,Mac Studio,Mac Studio M2 Ultra 24-Core CPU & 60-Core GPU (Mid 2023),21749.0,,4096.0,SSD,Unknown,,7150.0,2023,M2 Ultra,,,,"64, 128, 192",64.0,4 TB,M2
CompAsia,Mac,Mac Studio,Mac Studio M2 Ultra 24-Core CPU & 60-Core GPU (Mid 2023),26849.0,,8192.0,SSD,Unknown,,8350.0,2023,M2 Ultra,,,,"64, 128, 192",64.0,8 TB,M2
CompAsia,Mac,Mac Studio,Mac Studio M2 Ultra 24-Core CPU & 76-Core GPU (Mid 2023),20499.0,,1024.0,SSD,Unknown,,7350.0,2023,M2 Ultra,,,,"64, 128, 192",64.0,1 TB,M2
CompAsia,Mac,Mac Studio,Mac Studio M2 Ultra 24-Core CPU & 76-Core GPU (Mid 2023),22199.0,,2048.0,SSD,Unknown,,7950.0,2023,M2 Ultra,,,,"64, 128, 192",64.0,2 TB,M2
CompAsia,Mac,Mac Studio,Mac Studio M2 Ultra 24-Core CPU & 76-Core GPU (Mid 2023),24749.0,,4096.0,SSD,Unknown,,8800.0,2023,M2 Ultra,,,,"64, 128, 192",64.0,4 TB,M2
CompAsia,Mac,Mac Studio,Mac Studio M2 Ultra 24-Core CPU & 76-Core GPU (Mid 2023),29849.0,,8192.0,SSD,Unknown,,9600.0,2023,M2 Ultra,,,,"64, 128, 192",64.0,8 TB,M2
CompAsia,Mac,Mac Studio,Mac Studio M3 Ultra 28-Core CPU & 60‑core GPU (Early 2025),,,16384.0,SSD,Unknown,,13600.0,2025,M3 Ultra,,,,"96, 192, 256",96.0,16 TB,M3
CompAsia,Mac,Mac Studio,Mac Studio M3 Ultra 28-Core CPU & 60‑core GPU (Early 2025),,,1024.0,SSD,Unknown,,8675.0,2025,M3 Ultra,,,,"96, 192, 256",96.0,1 TB,M3
CompAsia,Mac,Mac Studio,Mac Studio M3 Ultra 28-Core CPU & 60‑core GPU (Early 2025),,,2048.0,SSD,Unknown,,9450.0,2025,M3 Ultra,,,,"96, 192, 256",96.0,2 TB,M3
CompAsia,Mac,Mac Studio,Mac Studio M3 Ultra 28-Core CPU & 60‑core GPU (Early 2025),,,4096.0,SSD,Unknown,,10025.0,2025,M3 Ultra,,,,"96, 192, 256",96.0,4 TB,M3
CompAsia,Mac,Mac Studio,Mac Studio M3 Ultra 28-Core CPU & 60‑core GPU (Early 2025),,,8192.0,SSD,Unknown,,11125.0,2025,M3 Ultra,,,,"96, 192, 256",96.0,8 TB,M3
CompAsia,Mac,Mac Studio,Mac Studio M3 Ultra 32-Core CPU & 80‑core GPU (Early 2025),,,16384.0,SSD,Unknown,,15525.0,2025,M3 Ultra,,,,"96, 192, 256",96.0,16 TB,M3
CompAsia,Mac,Mac Studio,Mac Studio M3 Ultra 32-Core CPU & 80‑core GPU (Early 2025),,,1024.0,SSD,Unknown,,10525.0,2025,M3 Ultra,,,,"96, 192, 256",96.0,1 TB,M3
CompAsia,Mac,Mac Studio,Mac Studio M3 Ultra 32-Core CPU & 80‑core GPU (Early 2025),,,2048.0,SSD,Unknown,,11300.0,2025,M3 Ultra,,,,"96, 192, 256",96.0,2 TB,M3
CompAsia,Mac,Mac Studio,Mac Studio M3 Ultra 32-Core CPU & 80‑core GPU (Early 2025),,,4096.0,SSD,Unknown,,11850.0,2025,M3 Ultra,,,,"96, 192, 256",96.0,4 TB,M3
CompAsia,Mac,Mac Studio,Mac Studio M3 Ultra 32-Core CPU & 80‑core GPU (Early 2025),,,8192.0,SSD,Unknown,,12950.0,2025,M3 Ultra,,,,"96, 192, 256",96.0,8 TB,M3
CompAsia,Mac,Mac Studio,Mac Studio M4 Max 14-Core CPU & 32‑core GPU (Early 2025),,,1024.0,SSD,Unknown,,4800.0,2025,M4 Max,,,,"36, 64, 128",36.0,1 TB,M4
CompAsia,Mac,Mac Studio,Mac Studio M4 Max 14-Core CPU & 32‑core GPU (Early 2025),,,2048.0,SSD,Unknown,,5650.0,2025,M4 Max,,,,"36, 64, 128",36.0,2 TB,M4
CompAsia,Mac,Mac Studio,Mac Studio M4 Max 14-Core CPU & 32‑core GPU (Early 2025),,,4096.0,SSD,Unknown,,6175.0,2025,M4 Max,,,,"36, 64, 128",36.0,4 TB,M4
CompAsia,Mac,Mac Studio,Mac Studio M4 Max 14-Core CPU & 32‑core GPU (Early 2025),,,512.0,SSD,Unknown,,4325.0,2025,M4 Max,,,,"36, 64, 128",36.0,512 GB,M4
CompAsia,Mac,Mac Studio,Mac Studio M4 Max 14-Core CPU & 32‑core GPU (Early 2025),,,8192.0,SSD,Unknown,,7575.0,2025,M4 Max,,,,"36, 64, 128",36.0,8 TB,M4
CompAsia,Mac,Mac Studio,Mac Studio M4 Max 16-Core CPU & 40‑core GPU (Early 2025),,,1024.0,SSD,Unknown,,5850.0,2025,M4 Max,,,,"36, 64, 128",36.0,1 TB,M4
CompAsia,Mac,Mac Studio,Mac Studio M4 Max 16-Core CPU & 40‑core GPU (Early 2025),,,2048.0,SSD,Unknown,,6575.0,2025,M4 Max,,,,"36, 64, 128",36.0,2 TB,M4
CompAsia,Mac,Mac Studio,Mac Studio M4 Max 16-Core CPU & 40‑core GPU (Early 2025),,,4096.0,SSD,Unknown,,7050.0,2025,M4 Max,,,,"36, 64, 128",36.0,4 TB,M4
CompAsia,Mac,Mac Studio,Mac Studio M4 Max 16-Core CPU & 40‑core GPU (Early 2025),,,512.0,SSD,Unknown,,5175.0,2025,M4 Max,,,,"36, 64, 128",36.0,512 GB,M4
CompAsia,Mac,Mac Studio,Mac Studio M4 Max 16-Core CPU & 40‑core GPU (Early 2025),,,8192.0,SSD,Unknown,,8375.0,2025,M4 Max,,,,"36, 64, 128",36.0,8 TB,M4
Machines,Mac,Mac Pro,Mac Pro M2 Ultra 24-Core CPU & 60-Core GPU (Mid 2023),18999.0,,1024.0,SSD,Unknown,,10000.0,2023,M2 Ultra,,,,"64, 128, 192",64.0,1 TB,M2
Machines,Mac,Mac Pro,Mac Pro M2 Ultra 24-Core CPU & 60-Core GPU (Mid 2023),21399.0,,2048.0,SSD,Unknown,,10600.0,2023,M2 Ultra,,,,"64, 128, 192",64.0,2 TB,M2
Machines,Mac,Mac Pro,Mac Pro M2 Ultra 24-Core CPU & 60-Core GPU (Mid 2023),26199.0,,4096.0,SSD,Unknown,,11400.0,2023,M2 Ultra,,,,"64, 128, 192",64.0,4 TB,M2
Machines,Mac,Mac Pro,Mac Pro M2 Ultra 24-Core CPU & 60-Core GPU (Mid 2023),35799.0,,8192.0,SSD,Unknown,,12100.0,2023,M2 Ultra,,,,"64, 128, 192",64.0,8 TB,M2
Machines,Mac,Mac Pro,Mac Pro M2 Ultra 24-Core CPU & 60-Core GPU Rack (Mid 2023),20999.0,,1024.0,SSD,Unknown,,10000.0,2023,M2 Ultra,,,,"64, 128, 192",64.0,1 TB,M2
Machines,Mac,Mac Pro,Mac Pro M2 Ultra 24-Core CPU & 60-Core GPU Rack (Mid 2023),23399.0,,2048.0,SSD,Unknown,,10600.0,2023,M2 Ultra,,,,"64, 128, 192",64.0,2 TB,M2
Machines,Mac,Mac Pro,Mac Pro M2 Ultra 24-Core CPU & 60-Core GPU Rack (Mid 2023),28199.0,,4096.0,SSD,Unknown,,11400.0,2023,M2 Ultra,,,,"64, 128, 192",64.0,4 TB,M2
Machines,Mac,Mac Pro,Mac Pro M2 Ultra 24-Core CPU & 60-Core GPU Rack (Mid 2023),37799.0,,8192.0,SSD,Unknown,,12100.0,2023,M2 Ultra,,,,"64, 128, 192",64.0,8 TB,M2
Machines,Mac,Mac Pro,Mac Pro M2 Ultra 24-Core CPU & 76-Core GPU (Mid 2023),22999.0,,1024.0,SSD,Unknown,,11400.0,2023,M2 Ultra,,,,"64, 128, 192",64.0,1 TB,M2
Machines,Mac,Mac Pro,Mac Pro M2 Ultra 24-Core CPU & 76-Core GPU (Mid 2023),25399.0,,2048.0,SSD,Unknown,,12000.0,2023,M2 Ultra,,,,"64, 128, 192",64.0,2 TB,M2
Machines,Mac,Mac Pro,Mac Pro M2 Ultra 24-Core CPU & 76-Core GPU (Mid 2023),30199.0,,4096.0,SSD,Unknown,,12900.0,2023,M2 Ultra,,,,"64, 128, 192",64.0,4 TB,M2
Machines,Mac,Mac Pro,Mac Pro M2 Ultra 24-Core CPU & 76-Core GPU (Mid 2023),39799.0,,8192.0,SSD,Unknown,,13700.0,2023,M2 Ultra,,,,"64, 128, 192",64.0,8 TB,M2
Machines,Mac,Mac Pro,Mac Pro M2 Ultra 24-Core CPU & 76-Core GPU Rack (Mid 2023),24999.0,,1024.0,SSD,Unknown,,11400.0,2023,M2 Ultra,,,,"64, 128, 192",64.0,1 TB,M2
Machines,Mac,Mac Pro,Mac Pro M2 Ultra 24-Core CPU & 76-Core GPU Rack (Mid 2023),27399.0,,2048.0,SSD,Unknown,,12025.0,2023,M2 Ultra,,,,"64, 128, 192",64.0,2 TB,M2
Machines,Mac,Mac Pro,Mac Pro M2 Ultra 24-Core CPU & 76-Core GPU Rack (Mid 2023),32199.0,,4096.0,SSD,Unknown,,12900.0,2023,M2 Ultra,,,,"64, 128, 192",64.0,4 TB,M2
Machines,Mac,Mac Pro,Mac Pro M2 Ultra 24-Core CPU & 76-Core GPU Rack (Mid 2023),41799.0,,8192.0,SSD,Unknown,,13650.0,2023,M2 Ultra,,,,"64, 128, 192",64.0,8 TB,M2
Machines,Mac,Mac mini,Mac Mini i3 3.6GHz (Late 2018),3449.0,,128.0,SSD,Unknown,,175.0,2018,Intel Core i3,,,,"8, 16, 32, 64",8.0,128 GB,Unknown
Machines,Mac,Mac mini,Mac Mini i3 3.6GHz (Late 2018),4249.0,,256.0,SSD,Unknown,,200.0,2018,Intel Core i3,,,,"8, 16, 32, 64",8.0,256 GB,Unknown
Machines,Mac,Mac mini,Mac Mini i3 3.6GHz (Late 2018),5849.0,,512.0,SSD,Unknown,,275.0,2018,Intel Core i3,,,,"8, 16, 32, 64",8.0,512 GB,Unknown
Machines,Mac,Mac mini,Mac Mini i3 3.6GHz (Late 2018),7449.0,,1024.0,SSD,Unknown,,350.0,2018,Intel Core i3,,,,"8, 16, 32, 64",8.0,1 TB,Unknown
Machines,Mac,Mac mini,Mac Mini i3 3.6GHz (Late 2018),10649.0,,2048.0,SSD,Unknown,,375.0,2018,Intel Core i3,,,,"8, 16, 32, 64",8.0,2 TB,Unknown
Machines,Mac,Mac mini,Mac Mini i5 3.0GHz (Late 2018),4699.0,,128.0,SSD,Unknown,,200.0,2018,Intel Core i5,,,,"8, 16, 32, 64",8.0,128 GB,Unknown
Machines,Mac,Mac mini,Mac Mini i5 3.0GHz (Late 2018),4699.0,,256.0,SSD,Unknown,,300.0,2018,Intel Core i5,,,,"8, 16, 32, 64",8.0,256 GB,Unknown
Machines,Mac,Mac mini,Mac Mini i5 3.0GHz (Late 2018),7099.0,,512.0,SSD,Unknown,,350.0,2018,Intel Core i5,,,,"8, 16, 32, 64",8.0,512 GB,Unknown
Machines,Mac,Mac mini,Mac Mini i5 3.0GHz (Late 2018),8699.0,,1024.0,SSD,Unknown,,375.0,2018,Intel Core i5,,,,"8, 16, 32, 64",8.0,1 TB,Unknown
Machines,Mac,Mac mini,Mac Mini i5 3.0GHz (Late 2018),11899.0,,2048.0,SSD,Unknown,,425.0,2018,Intel Core i5,,,,"8, 16, 32, 64",8.0,2 TB,Unknown
Machines,Mac,Mac mini,Mac Mini i7 3.2GHz (Late 2018),5949.0,,128.0,SSD,Unknown,,300.0,2018,Intel Core i7,,,,"8, 16, 32, 64",8.0,128 GB,Unknown
Machines,Mac,Mac mini,Mac Mini i7 3.2GHz (Late 2018),4699.0,,256.0,SSD,Unknown,,350.0,2018,Intel Core i7,,,,"8, 16, 32, 64",8.0,256 GB,Unknown
Machines,Mac,Mac mini,Mac Mini i7 3.2GHz (Late 2018),5579.0,,512.0,SSD,Unknown,,350.0,2018,Intel Core i7,,,,"8, 16, 32, 64",8.0,512 GB,Unknown
Machines,Mac,Mac mini,Mac Mini i7 3.2GHz (Late 2018),9949.0,,1024.0,SSD,Unknown,,375.0,2018,Intel Core i7,,,,"8, 16, 32, 64",8.0,1 TB,Unknown
Machines,Mac,Mac mini,Mac Mini i7 3.2GHz (Late 2018),13149.0,,2048.0,SSD,Unknown,,475.0,2018,Intel Core i7,,,,"8, 16, 32, 64",8.0,2 TB,Unknown
Machines,Mac,Mac mini,Mac Mini i3 3.6GHz (Early 2020),3199.0,,256.0,SSD,Unknown,,200.0,2020,Intel Core i3,,,,"8, 16, 32, 64",8.0,256 GB,Unknown
Machines,Mac,Mac mini,Mac Mini i3 3.6GHz (Early 2020),3999.0,,512.0,SSD,Unknown,,275.0,2020,Intel Core i3,,,,"8, 16, 32, 64",8.0,512 GB,Unknown
Machines,Mac,Mac mini,Mac Mini i3 3.6GHz (Early 2020),4799.0,,1024.0,SSD,Unknown,,340.0,2020,Intel Core i3,,,,"8, 16, 32, 64",8.0,1 TB,Unknown
Machines,Mac,Mac mini,Mac Mini i3 3.6GHz (Early 2020),6399.0,,2048.0,SSD,Unknown,,365.0,2020,Intel Core i3,,,,"8, 16, 32, 64",8.0,2 TB,Unknown
Machines,Mac,Mac mini,Mac Mini i5 3.0GHz (Early 2020),4599.0,,512.0,SSD,Unknown,,340.0,2020,Intel Core i5,,,,"8, 16, 32, 64",8.0,512 GB,Unknown
Machines,Mac,Mac mini,Mac Mini i5 3.0GHz (Early 2020),5399.0,,1024.0,SSD,Unknown,,365.0,2020,Intel Core i5,,,,"8, 16, 32, 64",8.0,1 TB,Unknown
Machines,Mac,Mac mini,Mac Mini i5 3.0GHz (Early 2020),6999.0,,2048.0,SSD,Unknown,,415.0,2020,Intel Core i5,,,,"8, 16, 32, 64",8.0,2 TB,Unknown
Machines,Mac,Mac mini,Mac Mini i7 3.2GHz (Early 2020),5499.0,,256.0,SSD,Unknown,,340.0,2020,Intel Core i7,,,,"8, 16, 32, 64",8.0,256 GB,Unknown
Machines,Mac,Mac mini,Mac Mini i7 3.2GHz (Early 2020),6299.0,,512.0,SSD,Unknown,,340.0,2020,Intel Core i7,,,,"8, 16, 32, 64",8.0,512 GB,Unknown
Machines,Mac,Mac mini,Mac Mini i7 3.2GHz (Early 2020),7099.0,,1024.0,SSD,Unknown,,365.0,2020,Intel Core i7,,,,"8, 16, 32, 64",8.0,1 TB,Unknown
Machines,Mac,Mac mini,Mac Mini i7 3.2GHz (Early 2020),8699.0,,2048.0,SSD,Unknown,,475.0,2020,Intel Core i7,,,,"8, 16, 32, 64",8.0,2 TB,Unknown
Machines,Mac,Mac mini,Mac Mini M1 8-Core CPU & 8-Core GPU (Late 2020),2999.0,,256.0,SSD,Unknown,,350.0,2020,M1,,,,"8, 16",8.0,256 GB,M1
Machines,Mac,Mac mini,Mac Mini M1 8-Core CPU & 8-Core GPU (Late 2020),3799.0,,512.0,SSD,Unknown,,350.0,2020,M1,,,,"8, 16",8.0,512 GB,M1
Machines,Mac,Mac mini,Mac Mini M1 8-Core CPU & 8-Core GPU (Late 2020),4599.0,,1024.0,SSD,Unknown,,375.0,2020,M1,,,,"8, 16",8.0,1 TB,M1
Machines,Mac,Mac mini,Mac Mini M1 8-Core CPU & 8-Core GPU (Late 2020),6199.0,,2048.0,SSD,Unknown,,475.0,2020,M1,,,,"8, 16",8.0,2 TB,M1
Machines,Mac,Mac mini,Mac Mini M2 8-Core CPU & 10-Core GPU (Early 2023),2499.0,,256.0,SSD,Unknown,,425.0,2023,M2,,,,"8, 16, 24",8.0,256 GB,M2
Machines,Mac,Mac mini,Mac Mini M2 8-Core CPU & 10-Core GPU (Early 2023),3299.0,,512.0,SSD,Unknown,,475.0,2023,M2,,,,"8, 16, 24",8.0,512 GB,M2
Machines,Mac,Mac mini,Mac Mini M2 8-Core CPU & 10-Core GPU (Early 2023),4149.0,,1024.0,SSD,Unknown,,525.0,2023,M2,,,,"8, 16, 24",8.0,1 TB,M2
Machines,Mac,Mac mini,Mac Mini M2 8-Core CPU & 10-Core GPU (Early 2023),5049.0,,2048.0,SSD,Unknown,,625.0,2023,M2,,,,"8, 16, 24",8.0,2 TB,M2
Machines,Mac,Mac mini,Mac Mini M2 Pro 10-Core CPU & 16-Core GPU (Early 2023),5599.0,,512.0,SSD,Unknown,,475.0,2023,M2 Pro,,,,"16, 32",16.0,512 GB,M2
Machines,Mac,Mac mini,Mac Mini M2 Pro 10-Core CPU & 16-Core GPU (Early 2023),6449.0,,1024.0,SSD,Unknown,,525.0,2023,M2 Pro,,,,"16, 32",16.0,1 TB,M2
Machines,Mac,Mac mini,Mac Mini M2 Pro 10-Core CPU & 16-Core GPU (Early 2023),7299.0,,2048.0,SSD,Unknown,,675.0,2023,M2 Pro,,,,"16, 32",16.0,2 TB,M2
Machines,Mac,Mac mini,Mac Mini M2 Pro 10-Core CPU & 16-Core GPU (Early 2023),9849.0,,4096.0,SSD,Unknown,,675.0,2023,M2 Pro,,,,"16, 32",16.0,4 TB,M2
Machines,Mac,Mac mini,Mac Mini M2 Pro 10-Core CPU & 16-Core GPU (Early 2023),15799.0,,8192.0,SSD,Unknown,,675.0,2023,M2 Pro,,,,"16, 32",16.0,8 TB,M2
Machines,Mac,Mac mini,Mac Mini M2 Pro 12-Core CPU & 19-Core GPU (Early 2023),6799.0,,512.0,SSD,Unknown,,475.0,2023,M2 Pro,,,,"16, 32",16.0,512 GB,M2
Machines,Mac,Mac mini,Mac Mini M2 Pro 12-Core CPU & 19-Core GPU (Early 2023),6799.0,,1024.0,SSD,Unknown,,525.0,2023,M2 Pro,,,,"16, 32",16.0,1 TB,M2
Machines,Mac,Mac mini,Mac Mini M2 Pro 12-Core CPU & 19-Core GPU (Early 2023),7649.0,,2048.0,SSD,Unknown,,660.0,2023,M2 Pro,,,,"16, 32",16.0,2 TB,M2
Machines,Mac,Mac mini,Mac Mini M2 Pro 12-Core CPU & 19-Core GPU (Early 2023),10199.0,,4096.0,SSD,Unknown,,675.0,2023,M2 Pro,,,,"16, 32",16.0,4 TB,M2
Machines,Mac,Mac mini,Mac Mini M2 Pro 12-Core CPU & 19-Core GPU (Early 2023),16149.0,,8192.0,SSD,Unknown,,675.0,2023,M2 Pro,,,,"16, 32",16.0,8 TB,M2
Machines,Mac,Mac mini,Mac Mini M4 10-Core CPU & 10-Core GPU (Late 2024),2499.0,,256.0,SSD,Unknown,,1025.0,2024,M4,,,,"16, 24, 32",16.0,256 GB,M4
Machines,Mac,Mac mini,Mac Mini M4 10-Core CPU & 10-Core GPU (Late 2024),3349.0,,512.0,SSD,Unknown,,1375.0,2024,M4,,,,"16, 24, 32",16.0,512 GB,M4
Machines,Mac,Mac mini,Mac Mini M4 10-Core CPU & 10-Core GPU (Late 2024),4199.0,,1024.0,SSD,Unknown,,1750.0,2024,M4,,,,"16, 24, 32",16.0,1 TB,M4
Machines,Mac,Mac mini,Mac Mini M4 10-Core CPU & 10-Core GPU (Late 2024),5899.0,,2048.0,SSD,Unknown,,2375.0,2024,M4,,,,"16, 24, 32",16.0,2 TB,M4
Machines,Mac,Mac mini,Mac Mini M4 Pro 12-Core CPU & 16-Core GPU (Late 2024),5999.0,,512.0,SSD,Unknown,,2300.0,2024,M4 Pro,,,,"24, 48, 64",24.0,512 GB,M4
Machines,Mac,Mac mini,Mac Mini M4 Pro 12-Core CPU & 16-Core GPU (Late 2024),6849.0,,1024.0,SSD,Unknown,,2625.0,2024,M4 Pro,,,,"24, 48, 64",24.0,1 TB,M4
Machines,Mac,Mac mini,Mac Mini M4 Pro 12-Core CPU & 16-Core GPU (Late 2024),8549.0,,2048.0,SSD,Unknown,,3175.0,2024,M4 Pro,,,,"24, 48, 64",24.0,2 TB,M4
Machines,Mac,Mac mini,Mac Mini M4 Pro 12-Core CPU & 16-Core GPU (Late 2024),11099.0,,4096.0,SSD,Unknown,,4050.0,2024,M4 Pro,,,,"24, 48, 64",24.0,4 TB,M4
Machines,Mac,Mac mini,Mac Mini M4 Pro 12-Core CPU & 16-Core GPU (Late 2024),16199.0,,8192.0,SSD,Unknown,,5825.0,2024,M4 Pro,,,,"24, 48, 64",24.0,8 TB,M4
Machines,Mac,Mac mini,Mac Mini M4 Pro 14-Core CPU & 20-Core GPU (Late 2024),6849.0,,512.0,SSD,Unknown,,2625.0,2024,M4 Pro,,,,"24, 48, 64",24.0,512 GB,M4
Machines,Mac,Mac mini,Mac Mini M4 Pro 14-Core CPU & 20-Core GPU (Late 2024),7699.0,,1024.0,SSD,Unknown,,2975.0,2024,M4 Pro,,,,"24, 48, 64",24.0,1 TB,M4
Machines,Mac,Mac mini,Mac Mini M4 Pro 14-Core CPU & 20-Core GPU (Late 2024),9399.0,,2048.0,SSD,Unknown,,3500.0,2024,M4 Pro,,,,"24, 48, 64",24.0,2 TB,M4
Machines,Mac,Mac mini,Mac Mini M4 Pro 14-Core CPU & 20-Core GPU (Late 2024),11949.0,,4096.0,SSD,Unknown,,4375.0,2024,M4 Pro,,,,"24, 48, 64",24.0,4 TB,M4
Machines,Mac,Mac mini,Mac Mini M4 Pro 14-Core CPU & 20-Core GPU (Late 2024),17049.0,,8192.0,SSD,Unknown,,6175.0,2024,M4 Pro,,,,"24, 48, 64",24.0,8 TB,M4
Machines,Mac,Mac Studio,Mac Studio M1 Max 10-Core CPU & 24-Core GPU (Early 2022),8799.0,,512.0,SSD,Unknown,,1825.0,2022,M1 Max,,,,"32, 64",32.0,512 GB,M1
Machines,Mac,Mac Studio,Mac Studio M1 Max 10-Core CPU & 24-Core GPU (Early 2022),9649.0,,1024.0,SSD,Unknown,,1975.0,2022,M1 Max,,,,"32, 64",32.0,1 TB,M1
Machines,Mac,Mac Studio,Mac Studio M1 Max 10-Core CPU & 24-Core GPU (Early 2022),11349.0,,2048.0,SSD,Unknown,,2375.0,2022,M1 Max,,,,"32, 64",32.0,2 TB,M1
Machines,Mac,Mac Studio,Mac Studio M1 Max 10-Core CPU & 24-Core GPU (Early 2022),13899.0,,4096.0,SSD,Unknown,,2925.0,2022,M1 Max,,,,"32, 64",32.0,4 TB,M1
Machines,Mac,Mac Studio,Mac Studio M1 Max 10-Core CPU & 24-Core GPU (Early 2022),18999.0,,8192.0,SSD,Unknown,,3625.0,2022,M1 Max,,,,"32, 64",32.0,8 TB,M1
Machines,Mac,Mac Studio,Mac Studio M1 Max 10-Core CPU & 32-Core GPU (Early 2022),10499.0,,512.0,SSD,Unknown,,1975.0,2022,M1 Max,,,,"32, 64",32.0,512 GB,M1
Machines,Mac,Mac Studio,Mac Studio M1 Max 10-Core CPU & 32-Core GPU (Early 2022),11349.0,,1024.0,SSD,Unknown,,2100.0,2022,M1 Max,,,,"32, 64",32.0,1 TB,M1
Machines,Mac,Mac Studio,Mac Studio M1 Max 10-Core CPU & 32-Core GPU (Early 2022),13049.0,,2048.0,SSD,Unknown,,2450.0,2022,M1 Max,,,,"32, 64",32.0,2 TB,M1
Machines,Mac,Mac Studio,Mac Studio M1 Max 10-Core CPU & 32-Core GPU (Early 2022),15599.0,,4096.0,SSD,Unknown,,2975.0,2022,M1 Max,,,,"32, 64",32.0,4 TB,M1
Machines,Mac,Mac Studio,Mac Studio M1 Max 10-Core CPU & 32-Core GPU (Early 2022),20699.0,,8192.0,SSD,Unknown,,3825.0,2022,M1 Max,,,,"32, 64",32.0,8 TB,M1
Machines,Mac,Mac Studio,Mac Studio M1 Ultra 20-Core CPU & 48-Core GPU (Early 2022),17499.0,,1024.0,SSD,Unknown,,3250.0,2022,M1 Ultra,,,,"64, 128",64.0,1 TB,M1
Machines,Mac,Mac Studio,Mac Studio M1 Ultra 20-Core CPU & 48-Core GPU (Early 2022),19199.0,,2048.0,SSD,Unknown,,3950.0,2022,M1 Ultra,,,,"64, 128",64.0,2 TB,M1
Machines,Mac,Mac Studio,Mac Studio M1 Ultra 20-Core CPU & 48-Core GPU (Early 2022),21749.0,,4096.0,SSD,Unknown,,4200.0,2022,M1 Ultra,,,,"64, 128",64.0,4 TB,M1
Machines,Mac,Mac Studio,Mac Studio M1 Ultra 20-Core CPU & 48-Core GPU (Early 2022),26849.0,,8192.0,SSD,Unknown,,5075.0,2022,M1 Ultra,,,,"64, 128",64.0,8 TB,M1
Machines,Mac,Mac Studio,Mac Studio M1 Ultra 20-Core CPU & 64-Core GPU (Early 2022),20499.0,,1024.0,SSD,Unknown,,4375.0,2022,M1 Ultra,,,,"64, 128",64.0,1 TB,M1
Machines,Mac,Mac Studio,Mac Studio M1 Ultra 20-Core CPU & 64-Core GPU (Early 2022),22199.0,,2048.0,SSD,Unknown,,4775.0,2022,M1 Ultra,,,,"64, 128",64.0,2 TB,M1
Machines,Mac,Mac Studio,Mac Studio M1 Ultra 20-Core CPU & 64-Core GPU (Early 2022),24749.0,,4096.0,SSD,Unknown,,5325.0,2022,M1 Ultra,,,,"64, 128",64.0,4 TB,M1
Machines,Mac,Mac Studio,Mac Studio M1 Ultra 20-Core CPU & 64-Core GPU (Early 2022),29849.0,,8192.0,SSD,Unknown,,5900.0,2022,M1 Ultra,,,,"64, 128",64.0,8 TB,M1
Machines,Mac,Mac Studio,Mac Studio M2 Max 12-Core CPU & 30-Core GPU (Mid 2023),8799.0,,512.0,SSD,Unknown,,3000.0,2023,M2 Max,,,,"32, 64, 96",32.0,512 GB,M2
Machines,Mac,Mac Studio,Mac Studio M2 Max 12-Core CPU & 30-Core GPU (Mid 2023),9649.0,,1024.0,SSD,Unknown,,3225.0,2023,M2 Max,,,,"32, 64, 96",32.0,1 TB,M2
Machines,Mac,Mac Studio,Mac Studio M2 Max 12-Core CPU & 30-Core GPU (Mid 2023),11349.0,,2048.0,SSD,Unknown,,3825.0,2023,M2 Max,,,,"32, 64, 96",32.0,2 TB,M2
Machines,Mac,Mac Studio,Mac Studio M2 Max 12-Core CPU & 30-Core GPU (Mid 2023),13899.0,,4096.0,SSD,Unknown,,4700.0,2023,M2 Max,,,,"32, 64, 96",32.0,4 TB,M2
Machines,Mac,Mac Studio,Mac Studio M2 Max 12-Core CPU & 30-Core GPU (Mid 2023),18999.0,,8192.0,SSD,Unknown,,5900.0,2023,M2 Max,,,,"32, 64, 96",32.0,8 TB,M2
Machines,Mac,Mac Studio,Mac Studio M2 Max 12-Core CPU & 38-Core GPU (Mid 2023),10499.0,,512.0,SSD,Unknown,,3225.0,2023,M2 Max,,,,"32, 64, 96",32.0,512 GB,M2
Machines,Mac,Mac Studio,Mac Studio M2 Max 12-Core CPU & 38-Core GPU (Mid 2023),11349.0,,1024.0,SSD,Unknown,,3575.0,2023,M2 Max,,,,"32, 64, 96",32.0,1 TB,M2
Machines,Mac,Mac Studio,Mac Studio M2 Max 12-Core CPU & 38-Core GPU (Mid 2023),13049.0,,2048.0,SSD,Unknown,,4150.0,2023,M2 Max,,,,"32, 64, 96",32.0,2 TB,M2
Machines,Mac,Mac Studio,Mac Studio M2 Max 12-Core CPU & 38-Core GPU (Mid 2023),15599.0,,4096.0,SSD,Unknown,,5000.0,2023,M2 Max,,,,"32, 64, 96",32.0,4 TB,M2
Machines,Mac,Mac Studio,Mac Studio M2 Max 12-Core CPU & 38-Core GPU (Mid 2023),20699.0,,8192.0,SSD,Unknown,,6150.0,2023,M2 Max,,,,"32, 64, 96",32.0,8 TB,M2
Machines,Mac,Mac Studio,Mac Studio M2 Ultra 24-Core CPU & 60-Core GPU (Mid 2023),17499.0,,1024.0,SSD,Unknown,,5925.0,2023,M2 Ultra,,,,"64, 128, 192",64.0,1 TB,M2
Machines,Mac,Mac Studio,Mac Studio M2 Ultra 24-Core CPU & 60-Core GPU (Mid 2023),19199.0,,2048.0,SSD,Unknown,,6475.0,2023,M2 Ultra,,,,"64, 128, 192",64.0,2 TB,M2
Machines,Mac,Mac Studio,Mac Studio M2 Ultra 24-Core CPU & 60-Core GPU (Mid 2023),21749.0,,4096.0,SSD,Unknown,,7150.0,2023,M2 Ultra,,,,"64, 128, 192",64.0,4 TB,M2
Machines,Mac,Mac Studio,Mac Studio M2 Ultra 24-Core CPU & 60-Core GPU (Mid 2023),26849.0,,8192.0,SSD,Unknown,,8350.0,2023,M2 Ultra,,,,"64, 128, 192",64.0,8 TB,M2
Machines,Mac,Mac Studio,Mac Studio M2 Ultra 24-Core CPU & 76-Core GPU (Mid 2023),20499.0,,1024.0,SSD,Unknown,,7350.0,2023,M2 Ultra,,,,"64, 128, 192",64.0,1 TB,M2
Machines,Mac,Mac Studio,Mac Studio M2 Ultra 24-Core CPU & 76-Core GPU (Mid 2023),22199.0,,2048.0,SSD,Unknown,,7950.0,2023,M2 Ultra,,,,"64, 128, 192",64.0,2 TB,M2
Machines,Mac,Mac Studio,Mac Studio M2 Ultra 24-Core CPU & 76-Core GPU (Mid 2023),24749.0,,4096.0,SSD,Unknown,,8800.0,2023,M2 Ultra,,,,"64, 128, 192",64.0,4 TB,M2
Machines,Mac,Mac Studio,Mac Studio M2 Ultra 24-Core CPU & 76-Core GPU (Mid 2023),29849.0,,8192.0,SSD,Unknown,,9600.0,2023,M2 Ultra,,,,"64, 128, 192",64.0,8 TB,M2
Machines,Mac,Mac Studio,Mac Studio M3 Ultra 28-Core CPU & 60‑core GPU (Early 2025),,,1024.0,SSD,Unknown,,8675.0,2025,M3 Ultra,,,,"96, 192, 256",96.0,1 TB,M3
Machines,Mac,Mac Studio,Mac Studio M3 Ultra 28-Core CPU & 60‑core GPU (Early 2025),,,2048.0,SSD,Unknown,,9450.0,2025,M3 Ultra,,,,"96, 192, 256",96.0,2 TB,M3
Machines,Mac,Mac Studio,Mac Studio M3 Ultra 28-Core CPU & 60‑core GPU (Early 2025),,,4096.0,SSD,Unknown,,10025.0,2025,M3 Ultra,,,,"96, 192, 256",96.0,4 TB,M3
Machines,Mac,Mac Studio,Mac Studio M3 Ultra 28-Core CPU & 60‑core GPU (Early 2025),,,8192.0,SSD,Unknown,,11125.0,2025,M3 Ultra,,,,"96, 192, 256",96.0,8 TB,M3
Machines,Mac,Mac Studio,Mac Studio M3 Ultra 28-Core CPU & 60‑core GPU (Early 2025),,,16384.0,SSD,Unknown,,13600.0,2025,M3 Ultra,,,,"96, 192, 256",96.0,16 TB,M3
Machines,Mac,Mac Studio,Mac Studio M3 Ultra 32-Core CPU & 80‑core GPU (Early 2025),,,1024.0,SSD,Unknown,,10525.0,2025,M3 Ultra,,,,"96, 192, 256",96.0,1 TB,M3
Machines,Mac,Mac Studio,Mac Studio M3 Ultra 32-Core CPU & 80‑core GPU (Early 2025),,,2048.0,SSD,Unknown,,11300.0,2025,M3 Ultra,,,,"96, 192, 256",96.0,2 TB,M3
Machines,Mac,Mac Studio,Mac Studio M3 Ultra 32-Core CPU & 80‑core GPU (Early 2025),,,4096.0,SSD,Unknown,,11850.0,2025,M3 Ultra,,,,"96, 192, 256",96.0,4 TB,M3
Machines,Mac,Mac Studio,Mac Studio M3 Ultra 32-Core CPU & 80‑core GPU (Early 2025),,,8192.0,SSD,Unknown,,12950.0,2025,M3 Ultra,,,,"96, 192, 256",96.0,8 TB,M3
Machines,Mac,Mac Studio,Mac Studio M3 Ultra 32-Core CPU & 80‑core GPU (Early 2025),,,16384.0,SSD,Unknown,,15525.0,2025,M3 Ultra,,,,"96, 192, 256",96.0,16 TB,M3
Machines,Mac,Mac Studio,Mac Studio M4 Max 14-Core CPU & 32‑core GPU (Early 2025),,,512.0,SSD,Unknown,,4325.0,2025,M4 Max,,,,"36, 64, 128",36.0,512 GB,M4
Machines,Mac,Mac Studio,Mac Studio M4 Max 14-Core CPU & 32‑core GPU (Early 2025),,,1024.0,SSD,Unknown,,4800.0,2025,M4 Max,,,,"36, 64, 128",36.0,1 TB,M4
Machines,Mac,Mac Studio,Mac Studio M4 Max 14-Core CPU & 32‑core GPU (Early 2025),,,2048.0,SSD,Unknown,,5650.0,2025,M4 Max,,,,"36, 64, 128",36.0,2 TB,M4
Machines,Mac,Mac Studio,Mac Studio M4 Max 14-Core CPU & 32‑core GPU (Early 2025),,,4096.0,SSD,Unknown,,6175.0,2025,M4 Max,,,,"36, 64, 128",36.0,4 TB,M4
Machines,Mac,Mac Studio,Mac Studio M4 Max 14-Core CPU & 32‑core GPU (Early 2025),,,8192.0,SSD,Unknown,,7575.0,2025,M4 Max,,,,"36, 64, 128",36.0,8 TB,M4
Machines,Mac,Mac Studio,Mac Studio M4 Max 16-Core CPU & 40‑core GPU (Early 2025),,,512.0,SSD,Unknown,,5175.0,2025,M4 Max,,,,"36, 64, 128",36.0,512 GB,M4
Machines,Mac,Mac Studio,Mac Studio M4 Max 16-Core CPU & 40‑core GPU (Early 2025),,,1024.0,SSD,Unknown,,5850.0,2025,M4 Max,,,,"36, 64, 128",36.0,1 TB,M4
Machines,Mac,Mac Studio,Mac Studio M4 Max 16-Core CPU & 40‑core GPU (Early 2025),,,2048.0,SSD,Unknown,,6575.0,2025,M4 Max,,,,"36, 64, 128",36.0,2 TB,M4
Machines,Mac,Mac Studio,Mac Studio M4 Max 16-Core CPU & 40‑core GPU (Early 2025),,,4096.0,SSD,Unknown,,7050.0,2025,M4 Max,,,,"36, 64, 128",36.0,4 TB,M4
Machines,Mac,Mac Studio,Mac Studio M4 Max 16-Core CPU & 40‑core GPU (Early 2025),,,8192.0,SSD,Unknown,,8375.0,2025,M4 Max,,,,"36, 64, 128",36.0,8 TB,M4
Machines,Mac,iMac,iMac i5 3.4GHz 27-inch (Mid 2017),,,256.0,SSD,Unknown,,275.0,2017,Intel Core i5,27.0,,,"8, 16, 32, 64",8.0,256 GB,Unknown
Machines,Mac,iMac,iMac i5 3.4GHz 27-inch (Mid 2017),,,512.0,SSD,Unknown,,300.0,2017,Intel Core i5,27.0,,,"8, 16, 32, 64",8.0,512 GB,Unknown
Machines,Mac,iMac,iMac i5 3.4GHz 27-inch (Mid 2017),7999.0,,1024.0,Fusion Drive,Unknown,,375.0,2017,Intel Core i5,27.0,,,"8, 16, 32, 64",8.0,1 TB,Unknown
Machines,Mac,iMac,iMac i5 3.4GHz 27-inch (Mid 2017),7999.0,,1024.0,SSD,Unknown,,375.0,2017,Intel Core i5,27.0,,,"8, 16, 32, 64",8.0,1 TB,Unknown
Machines,Mac,iMac,iMac i5 3.4GHz 27-inch (Mid 2017),,,2048.0,Fusion Drive,Unknown,,425.0,2017,Intel Core i5,27.0,,,"8, 16, 32, 64",8.0,2 TB,Unknown
Machines,Mac,iMac,iMac i5 3.5GHz 27-inch (Mid 2017),,,256.0,SSD,Unknown,,275.0,2017,Intel Core i5,27.0,,,"8, 16, 32, 64",8.0,256 GB,Unknown
Machines,Mac,iMac,iMac i5 3.5GHz 27-inch (Mid 2017),,,512.0,SSD,Unknown,,300.0,2017,Intel Core i5,27.0,,,"8, 16, 32, 64",8.0,512 GB,Unknown
Machines,Mac,iMac,iMac i5 3.5GHz 27-inch (Mid 2017),8899.0,,1024.0,Fusion Drive,Unknown,,375.0,2017,Intel Core i5,27.0,,,"8, 16, 32, 64",8.0,1 TB,Unknown
Machines,Mac,iMac,iMac i5 3.5GHz 27-inch (Mid 2017),8899.0,,1024.0,SSD,Unknown,,375.0,2017,Intel Core i5,27.0,,,"8, 16, 32, 64",8.0,1 TB,Unknown
Machines,Mac,iMac,iMac i5 3.5GHz 27-inch (Mid 2017),,,2048.0,Fusion Drive,Unknown,,425.0,2017,Intel Core i5,27.0,,,"8, 16, 32, 64",8.0,2 TB,Unknown
Machines,Mac,iMac,iMac i5 3.5GHz 27-inch (Mid 2017),,,3072.0,Fusion Drive,Unknown,,450.0,2017,Intel Core i5,27.0,,,"8, 16, 32, 64",8.0,3 TB,Unknown
Machines,Mac,iMac,iMac i5 3.8GHz 27-inch (Mid 2017),,,512.0,SSD,Unknown,,300.0,2017,Intel Core i5,27.0,,,"8, 16, 32, 64",8.0,512 GB,Unknown
Machines,Mac,iMac,iMac i5 3.8GHz 27-inch (Mid 2017),,,1024.0,SSD,Unknown,,375.0,2017,Intel Core i5,27.0,,,"8, 16, 32, 64",8.0,1 TB,Unknown
Machines,Mac,iMac,iMac i5 3.8GHz 27-inch (Mid 2017),10099.0,,2048.0,Fusion Drive,Unknown,,425.0,2017,Intel Core i5,27.0,,,"8, 16, 32, 64",8.0,2 TB,Unknown
Machines,Mac,iMac,iMac i5 3.8GHz 27-inch (Mid 2017),10099.0,,2048.0,SSD,Unknown,,425.0,2017,Intel Core i5,27.0,,,"8, 16, 32, 64",8.0,2 TB,Unknown
Machines,Mac,iMac,iMac i5 3.8GHz 27-inch (Mid 2017),,,3072.0,Fusion Drive,Unknown,,450.0,2017,Intel Core i5,27.0,,,"8, 16, 32, 64",8.0,3 TB,Unknown
Machines,Mac,iMac,iMac i7 4.2GHz 27-inch (Mid 2017),,,256.0,SSD,Unknown,,275.0,2017,Intel Core i7,27.0,,,"8, 16, 32, 64",8.0,256 GB,Unknown
Machines,Mac,iMac,iMac i7 4.2GHz 27-inch (Mid 2017),10279.0,,512.0,SSD,Unknown,,300.0,2017,Intel Core i7,27.0,,,"8, 16, 32, 64",8.0,512 GB,Unknown
Machines,Mac,iMac,iMac i7 4.2GHz 27-inch (Mid 2017),,,1024.0,Fusion Drive,Unknown,,400.0,2017,Intel Core i7,27.0,,,"8, 16, 32, 64",8.0,1 TB,Unknown
Machines,Mac,iMac,iMac i7 4.2GHz 27-inch (Mid 2017),,,1024.0,SSD,Unknown,,400.0,2017,Intel Core i7,27.0,,,"8, 16, 32, 64",8.0,1 TB,Unknown
Machines,Mac,iMac,iMac i7 4.2GHz 27-inch (Mid 2017),,,2048.0,Fusion Drive,Unknown,,425.0,2017,Intel Core i7,27.0,,,"8, 16, 32, 64",8.0,2 TB,Unknown
Machines,Mac,iMac,iMac i7 4.2GHz 27-inch (Mid 2017),,,2048.0,SSD,Unknown,,425.0,2017,Intel Core i7,27.0,,,"8, 16, 32, 64",8.0,2 TB,Unknown
Machines,Mac,iMac,iMac i7 4.2GHz 27-inch (Mid 2017),,,3072.0,Fusion Drive,Unknown,,450.0,2017,Intel Core i7,27.0,,,"8, 16, 32, 64",8.0,3 TB,Unknown
Machines,Mac,iMac Pro,iMac Pro Xeon W 2.3GHz 27-inch (Late 2017),20999.0,,1024.0,SSD,Unknown,,750.0,2017,Intel Xeon W,27.0,,,"32, 64, 128",32.0,1 TB,Unknown
Machines,Mac,iMac Pro,iMac Pro Xeon W 2.3GHz 27-inch (Late 2017),23399.0,,2048.0,SSD,Unknown,,850.0,2017,Intel Xeon W,27.0,,,"32, 64, 128",32.0,2 TB,Unknown
Machines,Mac,iMac Pro,iMac Pro Xeon W 2.3GHz 27-inch (Late 2017),28199.0,,4096.0,SSD,Unknown,,950.0,2017,Intel Xeon W,27.0,,,"32, 64, 128",32.0,4 TB,Unknown
Machines,Mac,iMac Pro,iMac Pro Xeon W 2.5GHz 27-inch (Late 2017),20999.0,,1024.0,SSD,Unknown,,900.0,2017,Intel Xeon W,27.0,,,"32, 64, 128",32.0,1 TB,Unknown
Machines,Mac,iMac Pro,iMac Pro Xeon W 2.5GHz 27-inch (Late 2017),30759.0,,2048.0,SSD,Unknown,,975.0,2017,Intel Xeon W,27.0,,,"32, 64, 128",32.0,2 TB,Unknown
Machines,Mac,iMac Pro,iMac Pro Xeon W 2.5GHz 27-inch (Late 2017),35559.0,,4096.0,SSD,Unknown,,1050.0,2017,Intel Xeon W,27.0,,,"32, 64, 128",32.0,4 TB,Unknown
Machines,Mac,iMac Pro,iMac Pro Xeon W 3.0GHz 27-inch (Late 2017),24679.0,,1024.0,SSD,Unknown,,950.0,2017,Intel Xeon W,27.0,,,"32, 64, 128",32.0,1 TB,Unknown
Machines,Mac,iMac Pro,iMac Pro Xeon W 3.0GHz 27-inch (Late 2017),27079.0,,2048.0,SSD,Unknown,,975.0,2017,Intel Xeon W,27.0,,,"32, 64, 128",32.0,2 TB,Unknown
Machines,Mac,iMac Pro,iMac Pro Xeon W 3.0GHz 27-inch (Late 2017),31879.0,,4096.0,SSD,Unknown,,1000.0,2017,Intel Xeon W,27.0,,,"32, 64, 128",32.0,4 TB,Unknown
Machines,Mac,iMac Pro,iMac Pro Xeon W 3.2GHz 27-inch (Late 2017),20999.0,,1024.0,SSD,Unknown,,750.0,2017,Intel Xeon W,27.0,,,"32, 64, 128",32.0,1 TB,Unknown
Machines,Mac,iMac Pro,iMac Pro Xeon W 3.2GHz 27-inch (Late 2017),24679.0,,2048.0,SSD,Unknown,,850.0,2017,Intel Xeon W,27.0,,,"32, 64, 128",32.0,2 TB,Unknown
Machines,Mac,iMac Pro,iMac Pro Xeon W 3.2GHz 27-inch (Late 2017),28199.0,,4096.0,SSD,Unknown,,950.0,2017,Intel Xeon W,27.0,,,"32, 64, 128",32.0,4 TB,Unknown
Machines,Mac,iMac,iMac i5 3.0GHz 27-inch (Early 2019),,,256.0,SSD,Unknown,,350.0,2019,Intel Core i5,27.0,,,"8, 16, 32, 64",8.0,256 GB,Unknown
Machines,Mac,iMac,iMac i5 3.0GHz 27-inch (Early 2019),,,512.0,SSD,Unknown,,425.0,2019,Intel Core i5,27.0,,,"8, 16, 32, 64",8.0,512 GB,Unknown
Machines,Mac,iMac,iMac i5 3.0GHz 27-inch (Early 2019),7699.0,,1024.0,Fusion Drive,Unknown,,425.0,2019,Intel Core i5,27.0,,,"8, 16, 32, 64",8.0,1 TB,Unknown
Machines,Mac,iMac,iMac i5 3.0GHz 27-inch (Early 2019),7699.0,,1024.0,SSD,Unknown,,450.0,2019,Intel Core i5,27.0,,,"8, 16, 32, 64",8.0,1 TB,Unknown
Machines,Mac,iMac,iMac i5 3.0GHz 27-inch (Early 2019),,,2048.0,Fusion Drive,Unknown,,475.0,2019,Intel Core i5,27.0,,,"8, 16, 32, 64",8.0,2 TB,Unknown
Machines,Mac,iMac,iMac i5 3.1GHz 27-inch (Early 2019),,,256.0,SSD,Unknown,,450.0,2019,Intel Core i5,27.0,,,"8, 16, 32, 64",8.0,256 GB,Unknown
Machines,Mac,iMac,iMac i5 3.1GHz 27-inch (Early 2019),,,512.0,SSD,Unknown,,500.0,2019,Intel Core i5,27.0,,,"8, 16, 32, 64",8.0,512 GB,Unknown
Machines,Mac,iMac,iMac i5 3.1GHz 27-inch (Early 2019),8549.0,,1024.0,Fusion Drive,Unknown,,500.0,2019,Intel Core i5,27.0,,,"8, 16, 32, 64",8.0,1 TB,Unknown
Machines,Mac,iMac,iMac i5 3.1GHz 27-inch (Early 2019),8549.0,,1024.0,SSD,Unknown,,550.0,2019,Intel Core i5,27.0,,,"8, 16, 32, 64",8.0,1 TB,Unknown
Machines,Mac,iMac,iMac i5 3.1GHz 27-inch (Early 2019),,,2048.0,Fusion Drive,Unknown,,625.0,2019,Intel Core i5,27.0,,,"8, 16, 32, 64",8.0,2 TB,Unknown
Machines,Mac,iMac,iMac i5 3.1GHz 27-inch (Early 2019),,,3072.0,Fusion Drive,Unknown,,700.0,2019,Intel Core i5,27.0,,,"8, 16, 32, 64",8.0,3 TB,Unknown
Machines,Mac,iMac,iMac i5 3.7GHz 27-inch (Early 2019),,,512.0,SSD,Unknown,,625.0,2019,Intel Core i5,27.0,,,"8, 16, 32, 64",8.0,512 GB,Unknown
Machines,Mac,iMac,iMac i5 3.7GHz 27-inch (Early 2019),,,1024.0,SSD,Unknown,,625.0,2019,Intel Core i5,27.0,,,"8, 16, 32, 64",8.0,1 TB,Unknown
Machines,Mac,iMac,iMac i5 3.7GHz 27-inch (Early 2019),9799.0,,2048.0,Fusion Drive,Unknown,,625.0,2019,Intel Core i5,27.0,,,"8, 16, 32, 64",8.0,2 TB,Unknown
Machines,Mac,iMac,iMac i5 3.7GHz 27-inch (Early 2019),9799.0,,2048.0,SSD,Unknown,,675.0,2019,Intel Core i5,27.0,,,"8, 16, 32, 64",8.0,2 TB,Unknown
Machines,Mac,iMac,iMac i5 3.7GHz 27-inch (Early 2019),,,3072.0,Fusion Drive,Unknown,,750.0,2019,Intel Core i5,27.0,,,"8, 16, 32, 64",8.0,3 TB,Unknown
Machines,Mac,iMac,iMac i9 3.6GHz 27-inch (Early 2019),,,256.0,SSD,Unknown,,850.0,2019,Intel Core i9,27.0,,,"8, 16, 32, 64",8.0,256 GB,Unknown
Machines,Mac,iMac,iMac i9 3.6GHz 27-inch (Early 2019),,,512.0,SSD,Unknown,,975.0,2019,Intel Core i9,27.0,,,"8, 16, 32, 64",8.0,512 GB,Unknown
Machines,Mac,iMac,iMac i9 3.6GHz 27-inch (Early 2019),10679.0,,1024.0,Fusion Drive,Unknown,,1100.0,2019,Intel Core i9,27.0,,,"8, 16, 32, 64",8.0,1 TB,Unknown
Machines,Mac,iMac,iMac i9 3.6GHz 27-inch (Early 2019),10679.0,,1024.0,SSD,Unknown,,1175.0,2019,Intel Core i9,27.0,,,"8, 16, 32, 64",8.0,1 TB,Unknown
Machines,Mac,iMac,iMac i9 3.6GHz 27-inch (Early 2019),,,2048.0,Fusion Drive,Unknown,,1275.0,2019,Intel Core i9,27.0,,,"8, 16, 32, 64",8.0,2 TB,Unknown
Machines,Mac,iMac,iMac i9 3.6GHz 27-inch (Early 2019),,,2048.0,SSD,Unknown,,1350.0,2019,Intel Core i9,27.0,,,"8, 16, 32, 64",8.0,2 TB,Unknown
Machines,Mac,iMac,iMac i9 3.6GHz 27-inch (Early 2019),,,3072.0,Fusion Drive,Unknown,,1425.0,2019,Intel Core i9,27.0,,,"8, 16, 32, 64",8.0,3 TB,Unknown
Machines,Mac,iMac,iMac i5 3.1GHz 27-inch (Mid 2020),7999.0,,256.0,SSD,Unknown,,650.0,2020,Intel Core i5,27.0,,,"8, 16, 32, 64, 128",8.0,256 GB,Unknown
Machines,Mac,iMac,iMac i5 3.3GHz 27-inch (Mid 2020),8849.0,,512.0,SSD,Unknown,,775.0,2020,Intel Core i5,27.0,,,"8, 16, 32, 64, 128",8.0,512 GB,Unknown
Machines,Mac,iMac,iMac i5 3.3GHz 27-inch (Mid 2020),9349.0,,1024.0,SSD,Unknown,,825.0,2020,Intel Core i5,27.0,,,"8, 16, 32, 64, 128",8.0,1 TB,Unknown
Machines,Mac,iMac,iMac i5 3.3GHz 27-inch (Mid 2020),10199.0,,2048.0,SSD,Unknown,,950.0,2020,Intel Core i5,27.0,,,"8, 16, 32, 64, 128",8.0,2 TB,Unknown
Machines,Mac,iMac,iMac i7 3.8GHz 27-inch (Mid 2020),10099.0,,512.0,SSD,Unknown,,875.0,2020,Intel Core i7,27.0,,,"8, 16, 32, 64, 128",8.0,512 GB,Unknown
Machines,Mac,iMac,iMac i7 3.8GHz 27-inch (Mid 2020),11349.0,,1024.0,SSD,Unknown,,975.0,2020,Intel Core i7,27.0,,,"8, 16, 32, 64, 128",8.0,1 TB,Unknown
Machines,Mac,iMac,iMac i7 3.8GHz 27-inch (Mid 2020),12199.0,,2048.0,SSD,Unknown,,1025.0,2020,Intel Core i7,27.0,,,"8, 16, 32, 64, 128",8.0,2 TB,Unknown
Machines,Mac,iMac,iMac i7 3.8GHz 27-inch (Mid 2020),13899.0,,4096.0,SSD,Unknown,,1250.0,2020,Intel Core i7,27.0,,,"8, 16, 32, 64, 128",8.0,4 TB,Unknown
Machines,Mac,iMac,iMac i7 3.8GHz 27-inch (Mid 2020),15599.0,,8192.0,SSD,Unknown,,1650.0,2020,Intel Core i7,27.0,,,"8, 16, 32, 64, 128",8.0,8 TB,Unknown
Machines,Mac,iMac,iMac i9 3.6GHz 27-inch (Mid 2020),10849.0,,512.0,SSD,Unknown,,1175.0,2020,Intel Core i9,27.0,,,"8, 16, 32, 64, 128",8.0,512 GB,Unknown
Machines,Mac,iMac,iMac i9 3.6GHz 27-inch (Mid 2020),13349.0,,1024.0,SSD,Unknown,,1275.0,2020,Intel Core i9,27.0,,,"8, 16, 32, 64, 128",8.0,1 TB,Unknown
Machines,Mac,iMac,iMac i9 3.6GHz 27-inch (Mid 2020),14199.0,,2048.0,SSD,Unknown,,1475.0,2020,Intel Core i9,27.0,,,"8, 16, 32, 64, 128",8.0,2 TB,Unknown
Machines,Mac,iMac,iMac i9 3.6GHz 27-inch (Mid 2020),15899.0,,4096.0,SSD,Unknown,,1650.0,2020,Intel Core i9,27.0,,,"8, 16, 32, 64, 128",8.0,4 TB,Unknown
Machines,Mac,iMac,iMac i9 3.6GHz 27-inch (Mid 2020),17599.0,,8192.0,SSD,Unknown,,1775.0,2020,Intel Core i9,27.0,,,"8, 16, 32, 64, 128",8.0,8 TB,Unknown
Machines,Mac,iMac,iMac M1 8-Core CPU & 7-Core GPU 24-inch (Early 2021),5599.0,,256.0,SSD,Unknown,,575.0,2021,M1,24.0,,,"8, 16",8.0,256 GB,M1
Machines,Mac,iMac,iMac M1 8-Core CPU & 7-Core GPU 24-inch (Early 2021),6449.0,,512.0,SSD,Unknown,,575.0,2021,M1,24.0,,,"8, 16",8.0,512 GB,M1
Machines,Mac,iMac,iMac M1 8-Core CPU & 7-Core GPU 24-inch (Early 2021),8049.0,,1024.0,SSD,Unknown,,675.0,2021,M1,24.0,,,"8, 16",8.0,1 TB,M1
Machines,Mac,iMac,iMac M1 8-Core CPU & 8-Core GPU 24-inch (Early 2021),6449.0,,256.0,SSD,Unknown,,650.0,2021,M1,24.0,,,"8, 16",8.0,256 GB,M1
Machines,Mac,iMac,iMac M1 8-Core CPU & 8-Core GPU 24-inch (Early 2021),7249.0,,512.0,SSD,Unknown,,725.0,2021,M1,24.0,,,"8, 16",8.0,512 GB,M1
Machines,Mac,iMac,iMac M1 8-Core CPU & 8-Core GPU 24-inch (Early 2021),8849.0,,1024.0,SSD,Unknown,,725.0,2021,M1,24.0,,,"8, 16",8.0,1 TB,M1
Machines,Mac,iMac,iMac M1 8-Core CPU & 8-Core GPU 24-inch (Early 2021),,,2048.0,SSD,Unknown,,725.0,2021,M1,24.0,,,"8, 16",8.0,2 TB,M1
Machines,Mac,iMac,iMac M3 8-Core CPU & 8-Core GPU 24-inch (Late 2023),6299.0,,256.0,SSD,Unknown,,2175.0,2023,M3,24.0,,,"8, 16, 24",8.0,256 GB,M3
Machines,Mac,iMac,iMac M3 8-Core CPU & 8-Core GPU 24-inch (Late 2023),7149.0,,512.0,SSD,Unknown,,2500.0,2023,M3,24.0,,,"8, 16, 24",8.0,512 GB,M3
Machines,Mac,iMac,iMac M3 8-Core CPU & 8-Core GPU 24-inch (Late 2023),8749.0,,1024.0,SSD,Unknown,,2800.0,2023,M3,24.0,,,"8, 16, 24",8.0,1 TB,M3
Machines,Mac,iMac,iMac M3 8-Core CPU & 10-Core GPU 24-inch (Late 2023),7299.0,,256.0,SSD,Unknown,,2650.0,2023,M3,24.0,,,"8, 16, 24",8.0,256 GB,M3
Machines,Mac,iMac,iMac M3 8-Core CPU & 10-Core GPU 24-inch (Late 2023),8099.0,,512.0,SSD,Unknown,,2950.0,2023,M3,24.0,,,"8, 16, 24",8.0,512 GB,M3
Machines,Mac,iMac,iMac M3 8-Core CPU & 10-Core GPU 24-inch (Late 2023),9699.0,,1024.0,SSD,Unknown,,3250.0,2023,M3,24.0,,,"8, 16, 24",8.0,1 TB,M3
Machines,Mac,iMac,iMac M3 8-Core CPU & 10-Core GPU 24-inch (Late 2023),,,2048.0,SSD,Unknown,,3725.0,2023,M3,24.0,,,"8, 16, 24",8.0,2 TB,M3
Machines,Mac,iMac,iMac M4 8-Core CPU & 8-Core GPU 24-inch (Late 2024),5799.0,,256.0,SSD,Unknown,,2450.0,2024,M4,24.0,,,"16, 24, 32",16.0,256 GB,M4
Machines,Mac,iMac,iMac M4 8-Core CPU & 8-Core GPU 24-inch (Late 2024),6649.0,,512.0,SSD,Unknown,,2825.0,2024,M4,24.0,,,"16, 24, 32",16.0,512 GB,M4
Machines,Mac,iMac,iMac M4 8-Core CPU & 8-Core GPU 24-inch (Late 2024),8249.0,,1024.0,SSD,Unknown,,3200.0,2024,M4,24.0,,,"16, 24, 32",16.0,1 TB,M4
Machines,Mac,iMac,iMac M4 10-Core CPU & 10-Core GPU 24-inch (Late 2024),6699.0,,256.0,SSD,Unknown,,2725.0,2024,M4,24.0,,,"16, 24, 32",16.0,256 GB,M4
Machines,Mac,iMac,iMac M4 10-Core CPU & 10-Core GPU 24-inch (Late 2024),7549.0,,512.0,SSD,Unknown,,3200.0,2024,M4,24.0,,,"16, 24, 32",16.0,512 GB,M4
Machines,Mac,iMac,iMac M4 10-Core CPU & 10-Core GPU 24-inch (Late 2024),8399.0,,1024.0,SSD,Unknown,,3575.0,2024,M4,24.0,,,"16, 24, 32",16.0,1 TB,M4
Machines,Mac,iMac,iMac M4 10-Core CPU & 10-Core GPU 24-inch (Late 2024),,,2048.0,SSD,Unknown,,3925.0,2024,M4,24.0,,,"16, 24, 32",16.0,2 TB,M4
Machines,Mac,MacBook,MacBook i5 1.3GHz 12-inch (Mid 2017),7199.0,,256.0,SSD,Unknown,,275.0,2017,Intel Core i5,12.0,,,"8, 16",8.0,256 GB,Unknown
Machines,Mac,MacBook,MacBook i5 1.3GHz 12-inch (Mid 2017),7199.0,,512.0,SSD,Unknown,,375.0,2017,Intel Core i5,12.0,,,"8, 16",8.0,512 GB,Unknown
Machines,Mac,MacBook,MacBook i7 1.4GHz 12-inch (Mid 2017),7149.0,,256.0,SSD,Unknown,,325.0,2017,Intel Core i7,12.0,,,"8, 16",8.0,256 GB,Unknown
Machines,Mac,MacBook,MacBook i7 1.4GHz 12-inch (Mid 2017),7149.0,,512.0,SSD,Unknown,,425.0,2017,Intel Core i7,12.0,,,"8, 16",8.0,512 GB,Unknown
Machines,Mac,MacBook,MacBook M3 1.2GHz 12-inch (Mid 2017),5999.0,,256.0,SSD,Unknown,,275.0,2017,Intel Core m3,12.0,,,"8, 16",8.0,256 GB,M3
Machines,Mac,MacBook Air,MacBook Air i5 1.8GHz 13-inch (Mid 2017),4199.0,,128.0,SSD,Unknown,,175.0,2017,Intel Core i5,13.0,,,"8, 16",8.0,128 GB,Unknown
Machines,Mac,MacBook Air,MacBook Air i5 1.8GHz 13-inch (Mid 2017),4739.0,,256.0,SSD,Unknown,,225.0,2017,Intel Core i5,13.0,,,"8, 16",8.0,256 GB,Unknown
Machines,Mac,MacBook Air,MacBook Air i5 1.8GHz 13-inch (Mid 2017),4999.0,,512.0,SSD,Unknown,,250.0,2017,Intel Core i5,13.0,,,"8, 16",8.0,512 GB,Unknown
Machines,Mac,MacBook Air,MacBook Air i7 2.2GHz 13-inch (Mid 2017),4039.0,,128.0,SSD,Unknown,,250.0,2017,Intel Core i7,13.0,,,"8, 16",8.0,128 GB,Unknown
Machines,Mac,MacBook Air,MacBook Air i7 2.2GHz 13-inch (Mid 2017),4039.0,,256.0,SSD,Unknown,,300.0,2017,Intel Core i7,13.0,,,"8, 16",8.0,256 GB,Unknown
Machines,Mac,MacBook Air,MacBook Air i7 2.2GHz 13-inch (Mid 2017),4739.0,,512.0,SSD,Unknown,,425.0,2017,Intel Core i7,13.0,,,"8, 16",8.0,512 GB,Unknown
Machines,Mac,MacBook Air,MacBook Air i5 1.6GHz 13-inch (Late 2018),5249.0,,128.0,SSD,Unknown,,400.0,2018,Intel Core i5,13.0,,,"8, 16",8.0,128 GB,Unknown
Machines,Mac,MacBook Air,MacBook Air i5 1.6GHz 13-inch (Late 2018),6099.0,,256.0,SSD,Unknown,,400.0,2018,Intel Core i5,13.0,,,"8, 16",8.0,256 GB,Unknown
Machines,Mac,MacBook Air,MacBook Air i5 1.6GHz 13-inch (Late 2018),6949.0,,512.0,SSD,Unknown,,475.0,2018,Intel Core i5,13.0,,,"8, 16",8.0,512 GB,Unknown
Machines,Mac,MacBook Air,MacBook Air i5 1.6GHz 13-inch (Late 2018),10349.0,,1536.0,SSD,Unknown,,500.0,2018,Intel Core i5,13.0,,,"8, 16",8.0,1.5 TB,Unknown
Machines,Mac,MacBook Air,MacBook Air i5 1.6GHz 13-inch (Mid 2019),4699.0,,128.0,SSD,Unknown,,400.0,2019,Intel Core i5,13.0,,,"8, 16",8.0,128 GB,Unknown
Machines,Mac,MacBook Air,MacBook Air i5 1.6GHz 13-inch (Mid 2019),5499.0,,256.0,SSD,Unknown,,400.0,2019,Intel Core i5,13.0,,,"8, 16",8.0,256 GB,Unknown
Machines,Mac,MacBook Air,MacBook Air i5 1.6GHz 13-inch (Mid 2019),6349.0,,512.0,SSD,Unknown,,475.0,2019,Intel Core i5,13.0,,,"8, 16",8.0,512 GB,Unknown
Machines,Mac,MacBook Air,MacBook Air i5 1.6GHz 13-inch (Mid 2019),5499.0,,1024.0,SSD,Unknown,,475.0,2019,Intel Core i5,13.0,,,"8, 16",8.0,1 TB,Unknown
Machines,Mac,MacBook Air,MacBook Air i3 1.1GHz 13-inch (Early 2020),4399.0,,256.0,SSD,Unknown,,345.0,2020,Intel Core i3,13.0,,,"8, 16",8.0,256 GB,Unknown
Machines,Mac,MacBook Air,MacBook Air i3 1.1GHz 13-inch (Early 2020),5199.0,,512.0,SSD,Unknown,,350.0,2020,Intel Core i3,13.0,,,"8, 16",8.0,512 GB,Unknown
Machines,Mac,MacBook Air,MacBook Air i3 1.1GHz 13-inch (Early 2020),5999.0,,1024.0,SSD,Unknown,,350.0,2020,Intel Core i3,13.0,,,"8, 16",8.0,1 TB,Unknown
Machines,Mac,MacBook Air,MacBook Air i3 1.1GHz 13-inch (Early 2020),7599.0,,2048.0,SSD,Unknown,,420.0,2020,Intel Core i3,13.0,,,"8, 16",8.0,2 TB,Unknown
Machines,Mac,MacBook Air,MacBook Air i5 1.1GHz 13-inch (Early 2020),5599.0,,256.0,SSD,Unknown,,450.0,2020,Intel Core i5,13.0,,,"8, 16",8.0,256 GB,Unknown
Machines,Mac,MacBook Air,MacBook Air i5 1.1GHz 13-inch (Early 2020),5599.0,,512.0,SSD,Unknown,,475.0,2020,Intel Core i5,13.0,,,"8, 16",8.0,512 GB,Unknown
Machines,Mac,MacBook Air,MacBook Air i5 1.1GHz 13-inch (Early 2020),7199.0,,1024.0,SSD,Unknown,,475.0,2020,Intel Core i5,13.0,,,"8, 16",8.0,1 TB,Unknown
Machines,Mac,MacBook Air,MacBook Air i5 1.1GHz 13-inch (Early 2020),8799.0,,2048.0,SSD,Unknown,,550.0,2020,Intel Core i5,13.0,,,"8, 16",8.0,2 TB,Unknown
Machines,Mac,MacBook Air,MacBook Air i7 1.2GHz 13-inch (Early 2020),6599.0,,256.0,SSD,Unknown,,475.0,2020,Intel Core i7,13.0,,,"8, 16",8.0,256 GB,Unknown
Machines,Mac,MacBook Air,MacBook Air i7 1.2GHz 13-inch (Early 2020),5399.0,,512.0,SSD,Unknown,,475.0,2020,Intel Core i7,13.0,,,"8, 16",8.0,512 GB,Unknown
Machines,Mac,MacBook Air,MacBook Air i7 1.2GHz 13-inch (Early 2020),8199.0,,1024.0,SSD,Unknown,,500.0,2020,Intel Core i7,13.0,,,"8, 16",8.0,1 TB,Unknown
Machines,Mac,MacBook Air,MacBook Air i7 1.2GHz 13-inch (Early 2020),9799.0,,2048.0,SSD,Unknown,,575.0,2020,Intel Core i7,13.0,,,"8, 16",8.0,2 TB,Unknown
Machines,Mac,MacBook Air,MacBook Air M1 8-Core CPU & 7-Core GPU 13-inch (Late 2020),4399.0,,128.0,SSD,Unknown,,505.0,2020,M1,13.0,,,"8, 16",8.0,128 GB,M1
Machines,Mac,MacBook Air,MacBook Air M1 8-Core CPU & 7-Core GPU 13-inch (Late 2020),4399.0,,256.0,SSD,Unknown,,605.0,2020,M1,13.0,,,"8, 16",8.0,256 GB,M1
Machines,Mac,MacBook Air,MacBook Air M1 8-Core CPU & 7-Core GPU 13-inch (Late 2020),4999.0,,512.0,SSD,Unknown,,605.0,2020,M1,13.0,,,"8, 16",8.0,512 GB,M1
Machines,Mac,MacBook Air,MacBook Air M1 8-Core CPU & 7-Core GPU 13-inch (Late 2020),5799.0,,1024.0,SSD,Unknown,,605.0,2020,M1,13.0,,,"8, 16",8.0,1 TB,M1
Machines,Mac,MacBook Air,MacBook Air M1 8-Core CPU & 7-Core GPU 13-inch (Late 2020),7399.0,,2048.0,SSD,Unknown,,705.0,2020,M1,13.0,,,"8, 16",8.0,2 TB,M1
Machines,Mac,MacBook Air,MacBook Air M1 8-Core CPU & 8-Core GPU 13-inch (Late 2020),5399.0,,256.0,SSD,Unknown,,570.0,2020,M1,13.0,,,"8, 16",8.0,256 GB,M1
Machines,Mac,MacBook Air,MacBook Air M1 8-Core CPU & 8-Core GPU 13-inch (Late 2020),5399.0,,512.0,SSD,Unknown,,655.0,2020,M1,13.0,,,"8, 16",8.0,512 GB,M1
Machines,Mac,MacBook Air,MacBook Air M1 8-Core CPU & 8-Core GPU 13-inch (Late 2020),5999.0,,1024.0,SSD,Unknown,,705.0,2020,M1,13.0,,,"8, 16",8.0,1 TB,M1
Machines,Mac,MacBook Air,MacBook Air M1 8-Core CPU & 8-Core GPU 13-inch (Late 2020),7599.0,,2048.0,SSD,Unknown,,755.0,2020,M1,13.0,,,"8, 16",8.0,2 TB,M1
Machines,Mac,MacBook Air,MacBook Air M2 8-Core CPU & 8-Core GPU 13.6-inch (Mid 2022),5499.0,,256.0,SSD,Unknown,,1200.0,2022,M2,13.6,,,"8, 16, 24",8.0,256 GB,M2
Machines,Mac,MacBook Air,MacBook Air M2 8-Core CPU & 8-Core GPU 13.6-inch (Mid 2022),5599.0,,512.0,SSD,Unknown,,1395.0,2022,M2,13.6,,,"8, 16, 24",8.0,512 GB,M2
Machines,Mac,MacBook Air,MacBook Air M2 8-Core CPU & 8-Core GPU 13.6-inch (Mid 2022),6399.0,,1024.0,SSD,Unknown,,1550.0,2022,M2,13.6,,,"8, 16, 24",8.0,1 TB,M2
Machines,Mac,MacBook Air,MacBook Air M2 8-Core CPU & 8-Core GPU 13.6-inch (Mid 2022),7999.0,,2048.0,SSD,Unknown,,1990.0,2022,M2,13.6,,,"8, 16, 24",8.0,2 TB,M2
Machines,Mac,MacBook Air,MacBook Air M2 8-Core CPU & 10-Core GPU 13.6-inch (Mid 2022),5499.0,,256.0,SSD,Unknown,,1200.0,2022,M2,13.6,,,"8, 16, 24",8.0,256 GB,M2
Machines,Mac,MacBook Air,MacBook Air M2 8-Core CPU & 10-Core GPU 13.6-inch (Mid 2022),6699.0,,512.0,SSD,Unknown,,1395.0,2022,M2,13.6,,,"8, 16, 24",8.0,512 GB,M2
Machines,Mac,MacBook Air,MacBook Air M2 8-Core CPU & 10-Core GPU 13.6-inch (Mid 2022),6399.0,,1024.0,SSD,Unknown,,1550.0,2022,M2,13.6,,,"8, 16, 24",8.0,1 TB,M2
Machines,Mac,MacBook Air,MacBook Air M2 8-Core CPU & 10-Core GPU 13.6-inch (Mid 2022),7999.0,,2048.0,SSD,Unknown,,2015.0,2022,M2,13.6,,,"8, 16, 24",8.0,2 TB,M2
Machines,Mac,MacBook Air,MacBook Air M2 8-Core CPU & 10-Core GPU 15-inch (Mid 2023),6199.0,,256.0,SSD,Unknown,,1855.0,2023,M2,15.0,,,"8, 16, 24",8.0,256 GB,M2
Machines,Mac,MacBook Air,MacBook Air M2 8-Core CPU & 10-Core GPU 15-inch (Mid 2023),6599.0,,512.0,SSD,Unknown,,2015.0,2023,M2,15.0,,,"8, 16, 24",8.0,512 GB,M2
Machines,Mac,MacBook Air,MacBook Air M2 8-Core CPU & 10-Core GPU 15-inch (Mid 2023),7399.0,,1024.0,SSD,Unknown,,2245.0,2023,M2,15.0,,,"8, 16, 24",8.0,1 TB,M2
Machines,Mac,MacBook Air,MacBook Air M2 8-Core CPU & 10-Core GPU 15-inch (Mid 2023),8999.0,,2048.0,SSD,Unknown,,2815.0,2023,M2,15.0,,,"8, 16, 24",8.0,2 TB,M2
Machines,Mac,MacBook Air,MacBook Air M3 8-Core CPU & 8-Core GPU 13.6-inch (Early 2024),5199.0,,256.0,SSD,Unknown,,1950.0,2024,M3,13.6,,,"8, 16, 24",8.0,256 GB,M3
Machines,Mac,MacBook Air,MacBook Air M3 8-Core CPU & 10-Core GPU 13.6-inch (Early 2024),5199.0,,256.0,SSD,Unknown,,1950.0,2024,M3,13.6,,,"8, 16, 24",8.0,256 GB,M3
Machines,Mac,MacBook Air,MacBook Air M3 8-Core CPU & 10-Core GPU 13.6-inch (Early 2024),5999.0,,512.0,SSD,Unknown,,2125.0,2024,M3,13.6,,,"8, 16, 24",8.0,512 GB,M3
Machines,Mac,MacBook Air,MacBook Air M3 8-Core CPU & 10-Core GPU 13.6-inch (Early 2024),5799.0,,1024.0,SSD,Unknown,,2450.0,2024,M3,13.6,,,"8, 16, 24",8.0,1 TB,M3
Machines,Mac,MacBook Air,MacBook Air M3 8-Core CPU & 10-Core GPU 13.6-inch (Early 2024),7399.0,,2048.0,SSD,Unknown,,3125.0,2024,M3,13.6,,,"8, 16, 24",8.0,2 TB,M3
Machines,Mac,MacBook Air,MacBook Air M3 8-Core CPU & 10-Core GPU 15-inch (Early 2024),6199.0,,256.0,SSD,Unknown,,2275.0,2024,M3,15.0,,,"8, 16, 24",8.0,256 GB,M3
Machines,Mac,MacBook Air,MacBook Air M3 8-Core CPU & 10-Core GPU 15-inch (Early 2024),6099.0,,512.0,SSD,Unknown,,2500.0,2024,M3,15.0,,,"8, 16, 24",8.0,512 GB,M3
Machines,Mac,MacBook Air,MacBook Air M3 8-Core CPU & 10-Core GPU 15-inch (Early 2024),6899.0,,1024.0,SSD,Unknown,,3075.0,2024,M3,15.0,,,"8, 16, 24",8.0,1 TB,M3
Machines,Mac,MacBook Air,MacBook Air M3 8-Core CPU & 10-Core GPU 15-inch (Early 2024),8499.0,,2048.0,SSD,Unknown,,3475.0,2024,M3,15.0,,,"8, 16, 24",8.0,2 TB,M3
Machines,Mac,MacBook Air,MacBook Air M4 10-Core CPU & 8-Core GPU 13-inch (Early 2025),4499.0,,256.0,SSD,Unknown,,2250.0,2025,M4,13.0,,,"16, 24, 32",16.0,256 GB,M4
Machines,Mac,MacBook Air,MacBook Air M4 10-Core CPU & 10-Core GPU 13-inch (Early 2025),5349.0,,256.0,SSD,Unknown,,2450.0,2025,M4,13.0,,,"16, 24, 32",16.0,256 GB,M4
Machines,Mac,MacBook Air,MacBook Air M4 10-Core CPU & 10-Core GPU 13-inch (Early 2025),4799.0,,512.0,SSD,Unknown,,2675.0,2025,M4,13.0,,,"16, 24, 32",16.0,512 GB,M4
Machines,Mac,MacBook Air,MacBook Air M4 10-Core CPU & 10-Core GPU 13-inch (Early 2025),5599.0,,1024.0,SSD,Unknown,,3125.0,2025,M4,13.0,,,"16, 24, 32",16.0,1 TB,M4
Machines,Mac,MacBook Air,MacBook Air M4 10-Core CPU & 10-Core GPU 13-inch (Early 2025),7199.0,,2048.0,SSD,Unknown,,4000.0,2025,M4,13.0,,,"16, 24, 32",16.0,2 TB,M4
Machines,Mac,MacBook Air,MacBook Air M4 10-Core CPU & 10-Core GPU 15-inch (Early 2025),5499.0,,256.0,SSD,Unknown,,2750.0,2025,M4,15.0,,,"16, 24, 32",16.0,256 GB,M4
Machines,Mac,MacBook Air,MacBook Air M4 10-Core CPU & 10-Core GPU 15-inch (Early 2025),5499.0,,512.0,SSD,Unknown,,2975.0,2025,M4,15.0,,,"16, 24, 32",16.0,512 GB,M4
Machines,Mac,MacBook Air,MacBook Air M4 10-Core CPU & 10-Core GPU 15-inch (Early 2025),6299.0,,1024.0,SSD,Unknown,,3600.0,2025,M4,15.0,,,"16, 24, 32",16.0,1 TB,M4
Machines,Mac,MacBook Air,MacBook Air M4 10-Core CPU & 10-Core GPU 15-inch (Early 2025),7899.0,,2048.0,SSD,Unknown,,4400.0,2025,M4,15.0,,,"16, 24, 32",16.0,2 TB,M4
Machines,Mac,MacBook Pro,MacBook Pro i5 2.0GHz 13-inch (Late 2016),6299.0,,256.0,SSD,Unknown,,250.0,2016,Intel Core i5,13.0,,,"8, 16",8.0,256 GB,Unknown
Machines,Mac,MacBook Pro,MacBook Pro i5 2.0GHz 13-inch (Late 2016),6299.0,,512.0,SSD,Unknown,,275.0,2016,Intel Core i5,13.0,,,"8, 16",8.0,512 GB,Unknown
Machines,Mac,MacBook Pro,MacBook Pro i5 2.0GHz 13-inch (Late 2016),7099.0,,1024.0,SSD,Unknown,,300.0,2016,Intel Core i5,13.0,,,"8, 16",8.0,1 TB,Unknown
Machines,Mac,MacBook Pro,MacBook Pro i5 2.9GHz 13-inch (Late 2016),7599.0,,256.0,SSD,Unknown,,350.0,2016,Intel Core i5,13.0,,,"8, 16",8.0,256 GB,Unknown
Machines,Mac,MacBook Pro,MacBook Pro i5 2.9GHz 13-inch (Late 2016),8399.0,,512.0,SSD,Unknown,,400.0,2016,Intel Core i5,13.0,,,"8, 16",8.0,512 GB,Unknown
Machines,Mac,MacBook Pro,MacBook Pro i5 2.9GHz 13-inch (Late 2016),8399.0,,1024.0,SSD,Unknown,,400.0,2016,Intel Core i5,13.0,,,"8, 16",8.0,1 TB,Unknown
Machines,Mac,MacBook Pro,MacBook Pro i5 3.1GHz 13-inch (Late 2016),8059.0,,256.0,SSD,Unknown,,400.0,2016,Intel Core i5,13.0,,,"8, 16",8.0,256 GB,Unknown
Machines,Mac,MacBook Pro,MacBook Pro i5 3.1GHz 13-inch (Late 2016),8059.0,,512.0,SSD,Unknown,,400.0,2016,Intel Core i5,13.0,,,"8, 16",8.0,512 GB,Unknown
Machines,Mac,MacBook Pro,MacBook Pro i5 3.1GHz 13-inch (Late 2016),8859.0,,1024.0,SSD,Unknown,,400.0,2016,Intel Core i5,13.0,,,"8, 16",8.0,1 TB,Unknown
Machines,Mac,MacBook Pro,MacBook Pro i7 2.4GHz 13-inch (Late 2016),7679.0,,256.0,SSD,Unknown,,300.0,2016,Intel Core i7,13.0,,,"8, 16",8.0,256 GB,Unknown
Machines,Mac,MacBook Pro,MacBook Pro i7 2.4GHz 13-inch (Late 2016),7679.0,,512.0,SSD,Unknown,,350.0,2016,Intel Core i7,13.0,,,"8, 16",8.0,512 GB,Unknown
Machines,Mac,MacBook Pro,MacBook Pro i7 2.4GHz 13-inch (Late 2016),8479.0,,1024.0,SSD,Unknown,,400.0,2016,Intel Core i7,13.0,,,"8, 16",8.0,1 TB,Unknown
Machines,Mac,MacBook Pro,MacBook Pro i7 2.6GHz 15-inch (Late 2016),10199.0,,256.0,SSD,Unknown,,650.0,2016,Intel Core i7,15.0,,,16,16.0,256 GB,Unknown
Machines,Mac,MacBook Pro,MacBook Pro i7 2.6GHz 15-inch (Late 2016),11539.0,,512.0,SSD,Unknown,,675.0,2016,Intel Core i7,15.0,,,16,16.0,512 GB,Unknown
Machines,Mac,MacBook Pro,MacBook Pro i7 2.6GHz 15-inch (Late 2016),12919.0,,1024.0,SSD,Unknown,,700.0,2016,Intel Core i7,15.0,,,16,16.0,1 TB,Unknown
Machines,Mac,MacBook Pro,MacBook Pro i7 2.6GHz 15-inch (Late 2016),14619.0,,2048.0,SSD,Unknown,,750.0,2016,Intel Core i7,15.0,,,16,16.0,2 TB,Unknown
Machines,Mac,MacBook Pro,MacBook Pro i7 2.7GHz 15-inch (Late 2016),11999.0,,256.0,SSD,Unknown,,650.0,2016,Intel Core i7,15.0,,,16,16.0,256 GB,Unknown
Machines,Mac,MacBook Pro,MacBook Pro i7 2.7GHz 15-inch (Late 2016),11999.0,,512.0,SSD,Unknown,,675.0,2016,Intel Core i7,15.0,,,16,16.0,512 GB,Unknown
Machines,Mac,MacBook Pro,MacBook Pro i7 2.7GHz 15-inch (Late 2016),12799.0,,1024.0,SSD,Unknown,,700.0,2016,Intel Core i7,15.0,,,16,16.0,1 TB,Unknown
Machines,Mac,MacBook Pro,MacBook Pro i7 2.7GHz 15-inch (Late 2016),14999.0,,2048.0,SSD,Unknown,,750.0,2016,Intel Core i7,15.0,,,16,16.0,2 TB,Unknown
Machines,Mac,MacBook Pro,MacBook Pro i7 2.9GHz 15-inch (Late 2016),11539.0,,256.0,SSD,Unknown,,650.0,2016,Intel Core i7,15.0,,,16,16.0,256 GB,Unknown
Machines,Mac,MacBook Pro,MacBook Pro i7 2.9GHz 15-inch (Late 2016),11539.0,,512.0,SSD,Unknown,,675.0,2016,Intel Core i7,15.0,,,16,16.0,512 GB,Unknown
Machines,Mac,MacBook Pro,MacBook Pro i7 2.9GHz 15-inch (Late 2016),12919.0,,1024.0,SSD,Unknown,,700.0,2016,Intel Core i7,15.0,,,16,16.0,1 TB,Unknown
Machines,Mac,MacBook Pro,MacBook Pro i7 2.9GHz 15-inch (Late 2016),14999.0,,2048.0,SSD,Unknown,,750.0,2016,Intel Core i7,15.0,,,16,16.0,2 TB,Unknown
Machines,Mac,MacBook Pro,MacBook Pro i7 3.3GHz 13-inch (Late 2016),8979.0,,256.0,SSD,Unknown,,400.0,2016,Intel Core i7,13.0,,,"8, 16",8.0,256 GB,Unknown
Machines,Mac,MacBook Pro,MacBook Pro i7 3.3GHz 13-inch (Late 2016),8979.0,,512.0,SSD,Unknown,,400.0,2016,Intel Core i7,13.0,,,"8, 16",8.0,512 GB,Unknown
Machines,Mac,MacBook Pro,MacBook Pro i7 3.3GHz 13-inch (Late 2016),9779.0,,1024.0,SSD,Unknown,,400.0,2016,Intel Core i7,13.0,,,"8, 16",8.0,1 TB,Unknown
Machines,Mac,MacBook Pro,MacBook Pro i5 2.3GHz 13-inch (Mid 2017),5999.0,,128.0,SSD,Unknown,,300.0,2017,Intel Core i5,13.0,,,"8, 16",8.0,128 GB,Unknown
Machines,Mac,MacBook Pro,MacBook Pro i5 2.3GHz 13-inch (Mid 2017),5999.0,,256.0,SSD,Unknown,,425.0,2017,Intel Core i5,13.0,,,"8, 16",8.0,256 GB,Unknown
Machines,Mac,MacBook Pro,MacBook Pro i5 2.3GHz 13-inch (Mid 2017),6899.0,,512.0,SSD,Unknown,,450.0,2017,Intel Core i5,13.0,,,"8, 16",8.0,512 GB,Unknown
Machines,Mac,MacBook Pro,MacBook Pro i5 2.3GHz 13-inch (Mid 2017),6899.0,,1024.0,SSD,Unknown,,500.0,2017,Intel Core i5,13.0,,,"8, 16",8.0,1 TB,Unknown
Machines,Mac,MacBook Pro,MacBook Pro i5 3.1GHz 13-inch (Mid 2017),7999.0,,256.0,SSD,Unknown,,450.0,2017,Intel Core i5,13.0,,,"8, 16",8.0,256 GB,Unknown
Machines,Mac,MacBook Pro,MacBook Pro i5 3.1GHz 13-inch (Mid 2017),7999.0,,512.0,SSD,Unknown,,475.0,2017,Intel Core i5,13.0,,,"8, 16",8.0,512 GB,Unknown
Machines,Mac,MacBook Pro,MacBook Pro i5 3.1GHz 13-inch (Mid 2017),8899.0,,1024.0,SSD,Unknown,,550.0,2017,Intel Core i5,13.0,,,"8, 16",8.0,1 TB,Unknown
Machines,Mac,MacBook Pro,MacBook Pro i5 3.3GHz 13-inch (Mid 2017),8459.0,,256.0,SSD,Unknown,,450.0,2017,Intel Core i5,13.0,,,"8, 16",8.0,256 GB,Unknown
Machines,Mac,MacBook Pro,MacBook Pro i5 3.3GHz 13-inch (Mid 2017),8459.0,,512.0,SSD,Unknown,,475.0,2017,Intel Core i5,13.0,,,"8, 16",8.0,512 GB,Unknown
Machines,Mac,MacBook Pro,MacBook Pro i5 3.3GHz 13-inch (Mid 2017),9359.0,,1024.0,SSD,Unknown,,550.0,2017,Intel Core i5,13.0,,,"8, 16",8.0,1 TB,Unknown
Machines,Mac,MacBook Pro,MacBook Pro i7 2.5GHz 13-inch (Mid 2017),7379.0,,128.0,SSD,Unknown,,300.0,2017,Intel Core i7,13.0,,,"8, 16",8.0,128 GB,Unknown
Machines,Mac,MacBook Pro,MacBook Pro i7 2.5GHz 13-inch (Mid 2017),7379.0,,256.0,SSD,Unknown,,450.0,2017,Intel Core i7,13.0,,,"8, 16",8.0,256 GB,Unknown
Machines,Mac,MacBook Pro,MacBook Pro i7 2.5GHz 13-inch (Mid 2017),8279.0,,512.0,SSD,Unknown,,500.0,2017,Intel Core i7,13.0,,,"8, 16",8.0,512 GB,Unknown
Machines,Mac,MacBook Pro,MacBook Pro i7 2.5GHz 13-inch (Mid 2017),8279.0,,1024.0,SSD,Unknown,,550.0,2017,Intel Core i7,13.0,,,"8, 16",8.0,1 TB,Unknown
Machines,Mac,MacBook Pro,MacBook Pro i7 2.8GHz 15-inch (Mid 2017),10799.0,,256.0,SSD,Unknown,,750.0,2017,Intel Core i7,15.0,,,"16, 32",16.0,256 GB,Unknown
Machines,Mac,MacBook Pro,MacBook Pro i7 2.8GHz 15-inch (Mid 2017),10799.0,,512.0,SSD,Unknown,,750.0,2017,Intel Core i7,15.0,,,"16, 32",16.0,512 GB,Unknown
Machines,Mac,MacBook Pro,MacBook Pro i7 2.8GHz 15-inch (Mid 2017),11599.0,,1024.0,SSD,Unknown,,775.0,2017,Intel Core i7,15.0,,,"16, 32",16.0,1 TB,Unknown
Machines,Mac,MacBook Pro,MacBook Pro i7 2.8GHz 15-inch (Mid 2017),13299.0,,2048.0,SSD,Unknown,,825.0,2017,Intel Core i7,15.0,,,"16, 32",16.0,2 TB,Unknown
Machines,Mac,MacBook Pro,MacBook Pro i7 2.9GHz 15-inch (Mid 2017),,,256.0,SSD,Unknown,,750.0,2017,Intel Core i7,15.0,,,"16, 32",16.0,256 GB,Unknown
Machines,Mac,MacBook Pro,MacBook Pro i7 2.9GHz 15-inch (Mid 2017),12499.0,,512.0,SSD,Unknown,,750.0,2017,Intel Core i7,15.0,,,"16, 32",16.0,512 GB,Unknown
Machines,Mac,MacBook Pro,MacBook Pro i7 2.9GHz 15-inch (Mid 2017),,,1024.0,SSD,Unknown,,775.0,2017,Intel Core i7,15.0,,,"16, 32",16.0,1 TB,Unknown
Machines,Mac,MacBook Pro,MacBook Pro i7 2.9GHz 15-inch (Mid 2017),,,2048.0,SSD,Unknown,,825.0,2017,Intel Core i7,15.0,,,"16, 32",16.0,2 TB,Unknown
Machines,Mac,MacBook Pro,MacBook Pro i7 3.1GHz 15-inch (Mid 2017),12039.0,,256.0,SSD,Unknown,,750.0,2017,Intel Core i7,15.0,,,"16, 32",16.0,256 GB,Unknown
Machines,Mac,MacBook Pro,MacBook Pro i7 3.1GHz 15-inch (Mid 2017),12039.0,,512.0,SSD,Unknown,,750.0,2017,Intel Core i7,15.0,,,"16, 32",16.0,512 GB,Unknown
Machines,Mac,MacBook Pro,MacBook Pro i7 3.1GHz 15-inch (Mid 2017),13419.0,,1024.0,SSD,Unknown,,775.0,2017,Intel Core i7,15.0,,,"16, 32",16.0,1 TB,Unknown
Machines,Mac,MacBook Pro,MacBook Pro i7 3.1GHz 15-inch (Mid 2017),14179.0,,2048.0,SSD,Unknown,,825.0,2017,Intel Core i7,15.0,,,"16, 32",16.0,2 TB,Unknown
Machines,Mac,MacBook Pro,MacBook Pro i7 3.5GHz 13-inch (Mid 2017),9379.0,,256.0,SSD,Unknown,,675.0,2017,Intel Core i7,13.0,,,"8, 16",8.0,256 GB,Unknown
Machines,Mac,MacBook Pro,MacBook Pro i7 3.5GHz 13-inch (Mid 2017),9379.0,,512.0,SSD,Unknown,,750.0,2017,Intel Core i7,13.0,,,"8, 16",8.0,512 GB,Unknown
Machines,Mac,MacBook Pro,MacBook Pro i7 3.5GHz 13-inch (Mid 2017),10279.0,,1024.0,SSD,Unknown,,775.0,2017,Intel Core i7,13.0,,,"8, 16",8.0,1 TB,Unknown
Machines,Mac,MacBook Pro,MacBook Pro i5 2.3GHz 13-inch (Mid 2018),7499.0,,256.0,SSD,Unknown,,600.0,2018,Intel Core i5,13.0,,,"8, 16",8.0,256 GB,Unknown
Machines,Mac,MacBook Pro,MacBook Pro i5 2.3GHz 13-inch (Mid 2018),7499.0,,512.0,SSD,Unknown,,650.0,2018,Intel Core i5,13.0,,,"8, 16",8.0,512 GB,Unknown
Machines,Mac,MacBook Pro,MacBook Pro i5 2.3GHz 13-inch (Mid 2018),8299.0,,1024.0,SSD,Unknown,,675.0,2018,Intel Core i5,13.0,,,"8, 16",8.0,1 TB,Unknown
Machines,Mac,MacBook Pro,MacBook Pro i5 2.3GHz 13-inch (Mid 2018),9598.0,,2048.0,SSD,Unknown,,700.0,2018,Intel Core i5,13.0,,,"8, 16",8.0,2 TB,Unknown
Machines,Mac,MacBook Pro,MacBook Pro i7 2.2GHz 15-inch (Mid 2018),9999.0,,256.0,SSD,Unknown,,850.0,2018,Intel Core i7,15.0,,,"16, 32",16.0,256 GB,Unknown
Machines,Mac,MacBook Pro,MacBook Pro i7 2.2GHz 15-inch (Mid 2018),9999.0,,512.0,SSD,Unknown,,850.0,2018,Intel Core i7,15.0,,,"16, 32",16.0,512 GB,Unknown
Machines,Mac,MacBook Pro,MacBook Pro i7 2.2GHz 15-inch (Mid 2018),11599.0,,1024.0,SSD,Unknown,,900.0,2018,Intel Core i7,15.0,,,"16, 32",16.0,1 TB,Unknown
Machines,Mac,MacBook Pro,MacBook Pro i7 2.2GHz 15-inch (Mid 2018),13199.0,,2048.0,SSD,Unknown,,1050.0,2018,Intel Core i7,15.0,,,"16, 32",16.0,2 TB,Unknown
Machines,Mac,MacBook Pro,MacBook Pro i7 2.2GHz 15-inch (Mid 2018),13498.0,,4096.0,SSD,Unknown,,1125.0,2018,Intel Core i7,15.0,,,"16, 32",16.0,4 TB,Unknown
Machines,Mac,MacBook Pro,MacBook Pro i7 2.6GHz 15-inch (Mid 2018),11599.0,,256.0,SSD,Unknown,,850.0,2018,Intel Core i7,15.0,,,"16, 32",16.0,256 GB,Unknown
Machines,Mac,MacBook Pro,MacBook Pro i7 2.6GHz 15-inch (Mid 2018),11599.0,,512.0,SSD,Unknown,,900.0,2018,Intel Core i7,15.0,,,"16, 32",16.0,512 GB,Unknown
Machines,Mac,MacBook Pro,MacBook Pro i7 2.6GHz 15-inch (Mid 2018),13199.0,,1024.0,SSD,Unknown,,975.0,2018,Intel Core i7,15.0,,,"16, 32",16.0,1 TB,Unknown
Machines,Mac,MacBook Pro,MacBook Pro i7 2.6GHz 15-inch (Mid 2018),14799.0,,2048.0,SSD,Unknown,,1075.0,2018,Intel Core i7,15.0,,,"16, 32",16.0,2 TB,Unknown
Machines,Mac,MacBook Pro,MacBook Pro i7 2.6GHz 15-inch (Mid 2018),16399.0,,4096.0,SSD,Unknown,,1125.0,2018,Intel Core i7,15.0,,,"16, 32",16.0,4 TB,Unknown
Machines,Mac,MacBook Pro,MacBook Pro i7 2.7GHz 13-inch (Mid 2018),9598.0,,2048.0,SSD,Unknown,,750.0,2018,Intel Core i7,13.0,,,"8, 16",8.0,2 TB,Unknown
Machines,Mac,MacBook Pro,MacBook Pro i9 2.9GHz 15-inch (Mid 2018),11599.0,,256.0,SSD,Unknown,,850.0,2018,Intel Core i9,15.0,,,"16, 32",16.0,256 GB,Unknown
Machines,Mac,MacBook Pro,MacBook Pro i9 2.9GHz 15-inch (Mid 2018),11599.0,,512.0,SSD,Unknown,,900.0,2018,Intel Core i9,15.0,,,"16, 32",16.0,512 GB,Unknown
Machines,Mac,MacBook Pro,MacBook Pro i9 2.9GHz 15-inch (Mid 2018),12898.0,,1024.0,SSD,Unknown,,975.0,2018,Intel Core i9,15.0,,,"16, 32",16.0,1 TB,Unknown
Machines,Mac,MacBook Pro,MacBook Pro i9 2.9GHz 15-inch (Mid 2018),14498.0,,2048.0,SSD,Unknown,,1075.0,2018,Intel Core i9,15.0,,,"16, 32",16.0,2 TB,Unknown
Machines,Mac,MacBook Pro,MacBook Pro i9 2.9GHz 15-inch (Mid 2018),16098.0,,4096.0,SSD,Unknown,,1150.0,2018,Intel Core i9,15.0,,,"16, 32",16.0,4 TB,Unknown
Machines,Mac,MacBook Pro,MacBook Pro i5 1.4GHz 13-inch (Mid 2019),5499.0,,128.0,SSD,Unknown,,400.0,2019,Intel Core i5,13.0,,,"8, 16",8.0,128 GB,Unknown
Machines,Mac,MacBook Pro,MacBook Pro i5 1.4GHz 13-inch (Mid 2019),7849.0,,256.0,SSD,Unknown,,475.0,2019,Intel Core i5,13.0,,,"8, 16",8.0,256 GB,Unknown
Machines,Mac,MacBook Pro,MacBook Pro i5 1.4GHz 13-inch (Mid 2019),7099.0,,512.0,SSD,Unknown,,525.0,2019,Intel Core i5,13.0,,,"8, 16",8.0,512 GB,Unknown
Machines,Mac,MacBook Pro,MacBook Pro i5 1.4GHz 13-inch (Mid 2019),7899.0,,1024.0,SSD,Unknown,,600.0,2019,Intel Core i5,13.0,,,"8, 16",8.0,1 TB,Unknown
Machines,Mac,MacBook Pro,MacBook Pro i5 1.4GHz 13-inch (Mid 2019),9499.0,,2048.0,SSD,Unknown,,650.0,2019,Intel Core i5,13.0,,,"8, 16",8.0,2 TB,Unknown
Machines,Mac,MacBook Pro,MacBook Pro i5 2.4GHz 13-inch (Mid 2019),7849.0,,256.0,SSD,Unknown,,650.0,2019,Intel Core i5,13.0,,,"8, 16",8.0,256 GB,Unknown
Machines,Mac,MacBook Pro,MacBook Pro i5 2.4GHz 13-inch (Mid 2019),7849.0,,512.0,SSD,Unknown,,650.0,2019,Intel Core i5,13.0,,,"8, 16",8.0,512 GB,Unknown
Machines,Mac,MacBook Pro,MacBook Pro i5 2.4GHz 13-inch (Mid 2019),8699.0,,1024.0,SSD,Unknown,,700.0,2019,Intel Core i5,13.0,,,"8, 16",8.0,1 TB,Unknown
Machines,Mac,MacBook Pro,MacBook Pro i5 2.4GHz 13-inch (Mid 2019),9549.0,,2048.0,SSD,Unknown,,725.0,2019,Intel Core i5,13.0,,,"8, 16",8.0,2 TB,Unknown
Machines,Mac,MacBook Pro,MacBook Pro i7 1.7GHz 13-inch (Mid 2019),6699.0,,128.0,SSD,Unknown,,475.0,2019,Intel Core i7,13.0,,,"8, 16",8.0,128 GB,Unknown
Machines,Mac,MacBook Pro,MacBook Pro i7 1.7GHz 13-inch (Mid 2019),9169.0,,256.0,SSD,Unknown,,525.0,2019,Intel Core i7,13.0,,,"8, 16",8.0,256 GB,Unknown
Machines,Mac,MacBook Pro,MacBook Pro i7 1.7GHz 13-inch (Mid 2019),7499.0,,512.0,SSD,Unknown,,575.0,2019,Intel Core i7,13.0,,,"8, 16",8.0,512 GB,Unknown
Machines,Mac,MacBook Pro,MacBook Pro i7 1.7GHz 13-inch (Mid 2019),8299.0,,1024.0,SSD,Unknown,,650.0,2019,Intel Core i7,13.0,,,"8, 16",8.0,1 TB,Unknown
Machines,Mac,MacBook Pro,MacBook Pro i7 1.7GHz 13-inch (Mid 2019),8999.0,,2048.0,SSD,Unknown,,700.0,2019,Intel Core i7,13.0,,,"8, 16",8.0,2 TB,Unknown
Machines,Mac,MacBook Pro,MacBook Pro i7 2.6GHz 15-inch (Mid 2019),10499.0,,256.0,SSD,Unknown,,1000.0,2019,Intel Core i7,15.0,,,"16, 32",16.0,256 GB,Unknown
Machines,Mac,MacBook Pro,MacBook Pro i7 2.6GHz 15-inch (Mid 2019),10499.0,,512.0,SSD,Unknown,,1050.0,2019,Intel Core i7,15.0,,,"16, 32",16.0,512 GB,Unknown
Machines,Mac,MacBook Pro,MacBook Pro i7 2.6GHz 15-inch (Mid 2019),11499.0,,1024.0,SSD,Unknown,,1125.0,2019,Intel Core i7,15.0,,,"16, 32",16.0,1 TB,Unknown
Machines,Mac,MacBook Pro,MacBook Pro i7 2.6GHz 15-inch (Mid 2019),12499.0,,2048.0,SSD,Unknown,,1250.0,2019,Intel Core i7,15.0,,,"16, 32",16.0,2 TB,Unknown
Machines,Mac,MacBook Pro,MacBook Pro i7 2.6GHz 15-inch (Mid 2019),14499.0,,4096.0,SSD,Unknown,,1325.0,2019,Intel Core i7,15.0,,,"16, 32",16.0,4 TB,Unknown
Machines,Mac,MacBook Pro,MacBook Pro i7 2.8GHz 13-inch (Mid 2019),9169.0,,256.0,SSD,Unknown,,700.0,2019,Intel Core i7,13.0,,,"8, 16",8.0,256 GB,Unknown
Machines,Mac,MacBook Pro,MacBook Pro i7 2.8GHz 13-inch (Mid 2019),9169.0,,512.0,SSD,Unknown,,725.0,2019,Intel Core i7,13.0,,,"8, 16",8.0,512 GB,Unknown
Machines,Mac,MacBook Pro,MacBook Pro i7 2.8GHz 13-inch (Mid 2019),10019.0,,1024.0,SSD,Unknown,,725.0,2019,Intel Core i7,13.0,,,"8, 16",8.0,1 TB,Unknown
Machines,Mac,MacBook Pro,MacBook Pro i7 2.8GHz 13-inch (Mid 2019),10869.0,,2048.0,SSD,Unknown,,800.0,2019,Intel Core i7,13.0,,,"8, 16",8.0,2 TB,Unknown
Machines,Mac,MacBook Pro,MacBook Pro i9 2.3GHz 15-inch (Mid 2019),12199.0,,256.0,SSD,Unknown,,1000.0,2019,Intel Core i9,15.0,,,"16, 32",16.0,256 GB,Unknown
Machines,Mac,MacBook Pro,MacBook Pro i9 2.3GHz 15-inch (Mid 2019),12199.0,,512.0,SSD,Unknown,,1075.0,2019,Intel Core i9,15.0,,,"16, 32",16.0,512 GB,Unknown
Machines,Mac,MacBook Pro,MacBook Pro i9 2.3GHz 15-inch (Mid 2019),13199.0,,1024.0,SSD,Unknown,,1250.0,2019,Intel Core i9,15.0,,,"16, 32",16.0,1 TB,Unknown
Machines,Mac,MacBook Pro,MacBook Pro i9 2.3GHz 15-inch (Mid 2019),14199.0,,2048.0,SSD,Unknown,,1350.0,2019,Intel Core i9,15.0,,,"16, 32",16.0,2 TB,Unknown
Machines,Mac,MacBook Pro,MacBook Pro i9 2.3GHz 15-inch (Mid 2019),16199.0,,4096.0,SSD,Unknown,,1475.0,2019,Intel Core i9,15.0,,,"16, 32",16.0,4 TB,Unknown
Machines,Mac,MacBook Pro,MacBook Pro i9 2.4GHz 15-inch (Mid 2019),11759.0,,256.0,SSD,Unknown,,1000.0,2019,Intel Core i9,15.0,,,"16, 32",16.0,256 GB,Unknown
Machines,Mac,MacBook Pro,MacBook Pro i9 2.4GHz 15-inch (Mid 2019),11759.0,,512.0,SSD,Unknown,,1150.0,2019,Intel Core i9,15.0,,,"16, 32",16.0,512 GB,Unknown
Machines,Mac,MacBook Pro,MacBook Pro i9 2.4GHz 15-inch (Mid 2019),13079.0,,1024.0,SSD,Unknown,,1250.0,2019,Intel Core i9,15.0,,,"16, 32",16.0,1 TB,Unknown
Machines,Mac,MacBook Pro,MacBook Pro i9 2.4GHz 15-inch (Mid 2019),14399.0,,2048.0,SSD,Unknown,,1350.0,2019,Intel Core i9,15.0,,,"16, 32",16.0,2 TB,Unknown
Machines,Mac,MacBook Pro,MacBook Pro i9 2.4GHz 15-inch (Mid 2019),16399.0,,4096.0,SSD,Unknown,,1475.0,2019,Intel Core i9,15.0,,,"16, 32",16.0,4 TB,Unknown
Machines,Mac,MacBook Pro,MacBook Pro i7 2.6GHz 16-inch (Late 2019),10499.0,,512.0,SSD,Unknown,,1075.0,2019,Intel Core i7,16.0,,,"16, 32, 64",16.0,512 GB,Unknown
Machines,Mac,MacBook Pro,MacBook Pro i7 2.6GHz 16-inch (Late 2019),,,1024.0,SSD,Unknown,,1150.0,2019,Intel Core i7,16.0,,,"16, 32, 64",16.0,1 TB,Unknown
Machines,Mac,MacBook Pro,MacBook Pro i7 2.6GHz 16-inch (Late 2019),,,2048.0,SSD,Unknown,,1250.0,2019,Intel Core i7,16.0,,,"16, 32, 64",16.0,2 TB,Unknown
Machines,Mac,MacBook Pro,MacBook Pro i7 2.6GHz 16-inch (Late 2019),,,4096.0,SSD,Unknown,,1350.0,2019,Intel Core i7,16.0,,,"16, 32, 64",16.0,4 TB,Unknown
Machines,Mac,MacBook Pro,MacBook Pro i7 2.6GHz 16-inch (Late 2019),,,8192.0,SSD,Unknown,,1475.0,2019,Intel Core i7,16.0,,,"16, 32, 64",16.0,8 TB,Unknown
Machines,Mac,MacBook Pro,MacBook Pro i9 2.3GHz 16-inch (Late 2019),12199.0,,1024.0,SSD,Unknown,,1250.0,2019,Intel Core i9,16.0,,,"16, 32, 64",16.0,1 TB,Unknown
Machines,Mac,MacBook Pro,MacBook Pro i9 2.3GHz 16-inch (Late 2019),,,2048.0,SSD,Unknown,,1350.0,2019,Intel Core i9,16.0,,,"16, 32, 64",16.0,2 TB,Unknown
Machines,Mac,MacBook Pro,MacBook Pro i9 2.3GHz 16-inch (Late 2019),,,4096.0,SSD,Unknown,,1475.0,2019,Intel Core i9,16.0,,,"16, 32, 64",16.0,4 TB,Unknown
Machines,Mac,MacBook Pro,MacBook Pro i9 2.3GHz 16-inch (Late 2019),,,8192.0,SSD,Unknown,,1500.0,2019,Intel Core i9,16.0,,,"16, 32, 64",16.0,8 TB,Unknown
Machines,Mac,MacBook Pro,MacBook Pro i9 2.4GHz 16-inch (Late 2019),11799.0,,512.0,SSD,Unknown,,1150.0,2019,Intel Core i9,16.0,,,"16, 32, 64",16.0,512 GB,Unknown
Machines,Mac,MacBook Pro,MacBook Pro i9 2.4GHz 16-inch (Late 2019),,,1024.0,SSD,Unknown,,1375.0,2019,Intel Core i9,16.0,,,"16, 32, 64",16.0,1 TB,Unknown
Machines,Mac,MacBook Pro,MacBook Pro i9 2.4GHz 16-inch (Late 2019),,,2048.0,SSD,Unknown,,1450.0,2019,Intel Core i9,16.0,,,"16, 32, 64",16.0,2 TB,Unknown
Machines,Mac,MacBook Pro,MacBook Pro i9 2.4GHz 16-inch (Late 2019),,,4096.0,SSD,Unknown,,1575.0,2019,Intel Core i9,16.0,,,"16, 32, 64",16.0,4 TB,Unknown
Machines,Mac,MacBook Pro,MacBook Pro i9 2.4GHz 16-inch (Late 2019),,,8192.0,SSD,Unknown,,1700.0,2019,Intel Core i9,16.0,,,"16, 32, 64",16.0,8 TB,Unknown
Machines,Mac,MacBook Pro,MacBook Pro i5 1.4GHz 13-inch (Mid 2020),5599.0,,256.0,SSD,Unknown,,625.0,2020,Intel Core i5,13.0,,,"8, 16",8.0,256 GB,Unknown
Machines,Mac,MacBook Pro,MacBook Pro i5 1.4GHz 13-inch (Mid 2020),7849.0,,512.0,SSD,Unknown,,675.0,2020,Intel Core i5,13.0,,,"8, 16",8.0,512 GB,Unknown
Machines,Mac,MacBook Pro,MacBook Pro i5 1.4GHz 13-inch (Mid 2020),8699.0,,1024.0,SSD,Unknown,,725.0,2020,Intel Core i5,13.0,,,"8, 16",8.0,1 TB,Unknown
Machines,Mac,MacBook Pro,MacBook Pro i5 1.4GHz 13-inch (Mid 2020),10399.0,,2048.0,SSD,Unknown,,750.0,2020,Intel Core i5,13.0,,,"8, 16",8.0,2 TB,Unknown
Machines,Mac,MacBook Pro,MacBook Pro i5 2.0GHz 13-inch (Mid 2020),7999.0,,512.0,SSD,Unknown,,725.0,2020,Intel Core i5,13.0,,,"16, 32",16.0,512 GB,Unknown
Machines,Mac,MacBook Pro,MacBook Pro i5 2.0GHz 13-inch (Mid 2020),8799.0,,1024.0,SSD,Unknown,,800.0,2020,Intel Core i5,13.0,,,"16, 32",16.0,1 TB,Unknown
Machines,Mac,MacBook Pro,MacBook Pro i5 2.0GHz 13-inch (Mid 2020),10499.0,,2048.0,SSD,Unknown,,875.0,2020,Intel Core i5,13.0,,,"16, 32",16.0,2 TB,Unknown
Machines,Mac,MacBook Pro,MacBook Pro i5 2.0GHz 13-inch (Mid 2020),13899.0,,4096.0,SSD,Unknown,,1025.0,2020,Intel Core i5,13.0,,,"16, 32",16.0,4 TB,Unknown
Machines,Mac,MacBook Pro,MacBook Pro i7 1.7GHz 13-inch (Mid 2020),6799.0,,256.0,SSD,Unknown,,750.0,2020,Intel Core i7,13.0,,,"8, 16",8.0,256 GB,Unknown
Machines,Mac,MacBook Pro,MacBook Pro i7 1.7GHz 13-inch (Mid 2020),9649.0,,512.0,SSD,Unknown,,750.0,2020,Intel Core i7,13.0,,,"8, 16",8.0,512 GB,Unknown
Machines,Mac,MacBook Pro,MacBook Pro i7 1.7GHz 13-inch (Mid 2020),10499.0,,1024.0,SSD,Unknown,,800.0,2020,Intel Core i7,13.0,,,"8, 16",8.0,1 TB,Unknown
Machines,Mac,MacBook Pro,MacBook Pro i7 1.7GHz 13-inch (Mid 2020),12199.0,,2048.0,SSD,Unknown,,875.0,2020,Intel Core i7,13.0,,,"8, 16",8.0,2 TB,Unknown
Machines,Mac,MacBook Pro,MacBook Pro i7 2.3GHz 13-inch (Mid 2020),8799.0,,512.0,SSD,Unknown,,750.0,2020,Intel Core i7,13.0,,,"16, 32",16.0,512 GB,Unknown
Machines,Mac,MacBook Pro,MacBook Pro i7 2.3GHz 13-inch (Mid 2020),10899.0,,1024.0,SSD,Unknown,,850.0,2020,Intel Core i7,13.0,,,"16, 32",16.0,1 TB,Unknown
Machines,Mac,MacBook Pro,MacBook Pro i7 2.3GHz 13-inch (Mid 2020),12599.0,,2048.0,SSD,Unknown,,925.0,2020,Intel Core i7,13.0,,,"16, 32",16.0,2 TB,Unknown
Machines,Mac,MacBook Pro,MacBook Pro i7 2.3GHz 13-inch (Mid 2020),15999.0,,4096.0,SSD,Unknown,,1075.0,2020,Intel Core i7,13.0,,,"16, 32",16.0,4 TB,Unknown
Machines,Mac,MacBook Pro,MacBook Pro M1 8-Core CPU & 8-Core GPU 13-inch (Late 2020),5599.0,,256.0,SSD,Unknown,,875.0,2020,M1,13.0,,,"8, 16",8.0,256 GB,M1
Machines,Mac,MacBook Pro,MacBook Pro M1 8-Core CPU & 8-Core GPU 13-inch (Late 2020),6399.0,,512.0,SSD,Unknown,,925.0,2020,M1,13.0,,,"8, 16",8.0,512 GB,M1
Machines,Mac,MacBook Pro,MacBook Pro M1 8-Core CPU & 8-Core GPU 13-inch (Late 2020),7199.0,,1024.0,SSD,Unknown,,1000.0,2020,M1,13.0,,,"8, 16",8.0,1 TB,M1
Machines,Mac,MacBook Pro,MacBook Pro M1 8-Core CPU & 8-Core GPU 13-inch (Late 2020),8799.0,,2048.0,SSD,Unknown,,1125.0,2020,M1,13.0,,,"8, 16",8.0,2 TB,M1
Machines,Mac,MacBook Pro,MacBook Pro 14-inch M1 Pro 8-Core CPU & 14-Core GPU (2021),8799.0,,512.0,SSD,Unknown,,1800.0,2021,M1 Pro,14.0,,,"16, 32",16.0,512 GB,M1
Machines,Mac,MacBook Pro,MacBook Pro 14-inch M1 Pro 8-Core CPU & 14-Core GPU (2021),9599.0,,1024.0,SSD,Unknown,,2025.0,2021,M1 Pro,14.0,,,"16, 32",16.0,1 TB,M1
Machines,Mac,MacBook Pro,MacBook Pro 14-inch M1 Pro 8-Core CPU & 14-Core GPU (2021),11199.0,,2048.0,SSD,Unknown,,2050.0,2021,M1 Pro,14.0,,,"16, 32",16.0,2 TB,M1
Machines,Mac,MacBook Pro,MacBook Pro 14-inch M1 Pro 8-Core CPU & 14-Core GPU (2021),14399.0,,4096.0,SSD,Unknown,,2475.0,2021,M1 Pro,14.0,,,"16, 32",16.0,4 TB,M1
Machines,Mac,MacBook Pro,MacBook Pro 14-inch M1 Pro 8-Core CPU & 14-Core GPU (2021),18399.0,,8192.0,SSD,Unknown,,3325.0,2021,M1 Pro,14.0,,,"16, 32",16.0,8 TB,M1
Machines,Mac,MacBook Pro,MacBook Pro 14-inch M1 Pro 10-Core CPU & 14-Core GPU (2021),9599.0,,512.0,SSD,Unknown,,1950.0,2021,M1 Pro,14.0,,,"16, 32",16.0,512 GB,M1
Machines,Mac,MacBook Pro,MacBook Pro 14-inch M1 Pro 10-Core CPU & 14-Core GPU (2021),9599.0,,1024.0,SSD,Unknown,,2150.0,2021,M1 Pro,14.0,,,"16, 32",16.0,1 TB,M1
Machines,Mac,MacBook Pro,MacBook Pro 14-inch M1 Pro 10-Core CPU & 14-Core GPU (2021),11999.0,,2048.0,SSD,Unknown,,2375.0,2021,M1 Pro,14.0,,,"16, 32",16.0,2 TB,M1
Machines,Mac,MacBook Pro,MacBook Pro 14-inch M1 Pro 10-Core CPU & 14-Core GPU (2021),15199.0,,4096.0,SSD,Unknown,,2850.0,2021,M1 Pro,14.0,,,"16, 32",16.0,4 TB,M1
Machines,Mac,MacBook Pro,MacBook Pro 14-inch M1 Pro 10-Core CPU & 14-Core GPU (2021),19199.0,,8192.0,SSD,Unknown,,3600.0,2021,M1 Pro,14.0,,,"16, 32",16.0,8 TB,M1
Machines,Mac,MacBook Pro,MacBook Pro 14-inch M1 Pro 10-Core CPU & 16-Core GPU (2021),9999.0,,512.0,SSD,Unknown,,2100.0,2021,M1 Pro,14.0,,,"16, 32",16.0,512 GB,M1
Machines,Mac,MacBook Pro,MacBook Pro 14-inch M1 Pro 10-Core CPU & 16-Core GPU (2021),10799.0,,1024.0,SSD,Unknown,,2275.0,2021,M1 Pro,14.0,,,"16, 32",16.0,1 TB,M1
Machines,Mac,MacBook Pro,MacBook Pro 14-inch M1 Pro 10-Core CPU & 16-Core GPU (2021),12399.0,,2048.0,SSD,Unknown,,2525.0,2021,M1 Pro,14.0,,,"16, 32",16.0,2 TB,M1
Machines,Mac,MacBook Pro,MacBook Pro 14-inch M1 Pro 10-Core CPU & 16-Core GPU (2021),15599.0,,4096.0,SSD,Unknown,,3050.0,2021,M1 Pro,14.0,,,"16, 32",16.0,4 TB,M1
Machines,Mac,MacBook Pro,MacBook Pro 14-inch M1 Pro 10-Core CPU & 16-Core GPU (2021),19599.0,,8192.0,SSD,Unknown,,3725.0,2021,M1 Pro,14.0,,,"16, 32",16.0,8 TB,M1
Machines,Mac,MacBook Pro,MacBook Pro 14-inch M1 Max 10-Core CPU & 24-Core GPU (2021),12399.0,,512.0,SSD,Unknown,,2525.0,2021,M1 Max,14.0,,,"32, 64",32.0,512 GB,M1
Machines,Mac,MacBook Pro,MacBook Pro 14-inch M1 Max 10-Core CPU & 24-Core GPU (2021),12399.0,,1024.0,SSD,Unknown,,2725.0,2021,M1 Max,14.0,,,"32, 64",32.0,1 TB,M1
Machines,Mac,MacBook Pro,MacBook Pro 14-inch M1 Max 10-Core CPU & 24-Core GPU (2021),14799.0,,2048.0,SSD,Unknown,,2775.0,2021,M1 Max,14.0,,,"32, 64",32.0,2 TB,M1
Machines,Mac,MacBook Pro,MacBook Pro 14-inch M1 Max 10-Core CPU & 24-Core GPU (2021),17999.0,,4096.0,SSD,Unknown,,3550.0,2021,M1 Max,14.0,,,"32, 64",32.0,4 TB,M1
Machines,Mac,MacBook Pro,MacBook Pro 14-inch M1 Max 10-Core CPU & 24-Core GPU (2021),21999.0,,8192.0,SSD,Unknown,,4175.0,2021,M1 Max,14.0,,,"32, 64",32.0,8 TB,M1
Machines,Mac,MacBook Pro,MacBook Pro 14-inch M1 Max 10-Core CPU & 32-Core GPU (2021),13199.0,,512.0,SSD,Unknown,,2725.0,2021,M1 Max,14.0,,,"32, 64",32.0,512 GB,M1
Machines,Mac,MacBook Pro,MacBook Pro 14-inch M1 Max 10-Core CPU & 32-Core GPU (2021),13199.0,,1024.0,SSD,Unknown,,2875.0,2021,M1 Max,14.0,,,"32, 64",32.0,1 TB,M1
Machines,Mac,MacBook Pro,MacBook Pro 14-inch M1 Max 10-Core CPU & 32-Core GPU (2021),15599.0,,2048.0,SSD,Unknown,,3250.0,2021,M1 Max,14.0,,,"32, 64",32.0,2 TB,M1
Machines,Mac,MacBook Pro,MacBook Pro 14-inch M1 Max 10-Core CPU & 32-Core GPU (2021),18799.0,,4096.0,SSD,Unknown,,3725.0,2021,M1 Max,14.0,,,"32, 64",32.0,4 TB,M1
Machines,Mac,MacBook Pro,MacBook Pro 14-inch M1 Max 10-Core CPU & 32-Core GPU (2021),22799.0,,8192.0,SSD,Unknown,,4325.0,2021,M1 Max,14.0,,,"32, 64",32.0,8 TB,M1
Machines,Mac,MacBook Pro,MacBook Pro 16-inch M1 Pro 10-Core CPU & 16-Core GPU (2021),10799.0,,512.0,SSD,Unknown,,2125.0,2021,M1 Pro,16.0,,,"16, 32",16.0,512 GB,M1
Machines,Mac,MacBook Pro,MacBook Pro 16-inch M1 Pro 10-Core CPU & 16-Core GPU (2021),11599.0,,1024.0,SSD,Unknown,,2275.0,2021,M1 Pro,16.0,,,"16, 32",16.0,1 TB,M1
Machines,Mac,MacBook Pro,MacBook Pro 16-inch M1 Pro 10-Core CPU & 16-Core GPU (2021),13199.0,,2048.0,SSD,Unknown,,2650.0,2021,M1 Pro,16.0,,,"16, 32",16.0,2 TB,M1
Machines,Mac,MacBook Pro,MacBook Pro 16-inch M1 Pro 10-Core CPU & 16-Core GPU (2021),16399.0,,4096.0,SSD,Unknown,,3175.0,2021,M1 Pro,16.0,,,"16, 32",16.0,4 TB,M1
Machines,Mac,MacBook Pro,MacBook Pro 16-inch M1 Pro 10-Core CPU & 16-Core GPU (2021),20399.0,,8192.0,SSD,Unknown,,3800.0,2021,M1 Pro,16.0,,,"16, 32",16.0,8 TB,M1
Machines,Mac,MacBook Pro,MacBook Pro 16-inch M1 Max 10-Core CPU & 24-Core GPU (2021),13199.0,,512.0,SSD,Unknown,,2675.0,2021,M1 Max,16.0,,,"32, 64",32.0,512 GB,M1
Machines,Mac,MacBook Pro,MacBook Pro 16-inch M1 Max 10-Core CPU & 24-Core GPU (2021),14799.0,,1024.0,SSD,Unknown,,2725.0,2021,M1 Max,16.0,,,"32, 64",32.0,1 TB,M1
Machines,Mac,MacBook Pro,MacBook Pro 16-inch M1 Max 10-Core CPU & 24-Core GPU (2021),16399.0,,2048.0,SSD,Unknown,,3050.0,2021,M1 Max,16.0,,,"32, 64",32.0,2 TB,M1
Machines,Mac,MacBook Pro,MacBook Pro 16-inch M1 Max 10-Core CPU & 24-Core GPU (2021),19599.0,,4096.0,SSD,Unknown,,3550.0,2021,M1 Max,16.0,,,"32, 64",32.0,4 TB,M1
Machines,Mac,MacBook Pro,MacBook Pro 16-inch M1 Max 10-Core CPU & 24-Core GPU (2021),23599.0,,8192.0,SSD,Unknown,,4225.0,2021,M1 Max,16.0,,,"32, 64",32.0,8 TB,M1
Machines,Mac,MacBook Pro,MacBook Pro 16-inch M1 Max 10-Core CPU & 32-Core GPU (2021),13999.0,,512.0,SSD,Unknown,,2710.0,2021,M1 Max,16.0,,,"32, 64",32.0,512 GB,M1
Machines,Mac,MacBook Pro,MacBook Pro 16-inch M1 Max 10-Core CPU & 32-Core GPU (2021),14799.0,,1024.0,SSD,Unknown,,2900.0,2021,M1 Max,16.0,,,"32, 64",32.0,1 TB,M1
Machines,Mac,MacBook Pro,MacBook Pro 16-inch M1 Max 10-Core CPU & 32-Core GPU (2021),16399.0,,2048.0,SSD,Unknown,,3250.0,2021,M1 Max,16.0,,,"32, 64",32.0,2 TB,M1
Machines,Mac,MacBook Pro,MacBook Pro 16-inch M1 Max 10-Core CPU & 32-Core GPU (2021),19599.0,,4096.0,SSD,Unknown,,3775.0,2021,M1 Max,16.0,,,"32, 64",32.0,4 TB,M1
Machines,Mac,MacBook Pro,MacBook Pro 16-inch M1 Max 10-Core CPU & 32-Core GPU (2021),23599.0,,8192.0,SSD,Unknown,,4400.0,2021,M1 Max,16.0,,,"32, 64",32.0,8 TB,M1
Machines,Mac,MacBook Pro,MacBook Pro M2 8-Core CPU & 10-Core GPU 13-inch (Mid 2022),5699.0,,256.0,SSD,Unknown,,1375.0,2022,M2,13.0,,,"8, 16, 24",8.0,256 GB,M2
Machines,Mac,MacBook Pro,MacBook Pro M2 8-Core CPU & 10-Core GPU 13-inch (Mid 2022),6499.0,,512.0,SSD,Unknown,,1675.0,2022,M2,13.0,,,"8, 16, 24",8.0,512 GB,M2
Machines,Mac,MacBook Pro,MacBook Pro M2 8-Core CPU & 10-Core GPU 13-inch (Mid 2022),7299.0,,1024.0,SSD,Unknown,,1875.0,2022,M2,13.0,,,"8, 16, 24",8.0,1 TB,M2
Machines,Mac,MacBook Pro,MacBook Pro M2 8-Core CPU & 10-Core GPU 13-inch (Mid 2022),8899.0,,2048.0,SSD,Unknown,,2225.0,2022,M2,13.0,,,"8, 16, 24",8.0,2 TB,M2
Machines,Mac,MacBook Pro,MacBook Pro M2 Pro 10-Core CPU & 16-Core GPU 14-inch (Early 2023),8799.0,,512.0,SSD,Unknown,,2450.0,2023,M2 Pro,14.0,,,"16, 32",16.0,512 GB,M2
Machines,Mac,MacBook Pro,MacBook Pro M2 Pro 10-Core CPU & 16-Core GPU 14-inch (Early 2023),9599.0,,1024.0,SSD,Unknown,,2625.0,2023,M2 Pro,14.0,,,"16, 32",16.0,1 TB,M2
Machines,Mac,MacBook Pro,MacBook Pro M2 Pro 10-Core CPU & 16-Core GPU 14-inch (Early 2023),11199.0,,2048.0,SSD,Unknown,,3075.0,2023,M2 Pro,14.0,,,"16, 32",16.0,2 TB,M2
Machines,Mac,MacBook Pro,MacBook Pro M2 Pro 10-Core CPU & 16-Core GPU 14-inch (Early 2023),14399.0,,4096.0,SSD,Unknown,,3575.0,2023,M2 Pro,14.0,,,"16, 32",16.0,4 TB,M2
Machines,Mac,MacBook Pro,MacBook Pro M2 Pro 10-Core CPU & 16-Core GPU 14-inch (Early 2023),18399.0,,8192.0,SSD,Unknown,,4050.0,2023,M2 Pro,14.0,,,"16, 32",16.0,8 TB,M2
Machines,Mac,MacBook Pro,MacBook Pro M2 Pro 12-Core CPU & 19-Core GPU 14-inch (Early 2023),10799.0,,512.0,SSD,Unknown,,2500.0,2023,M2 Pro,14.0,,,"16, 32",16.0,512 GB,M2
Machines,Mac,MacBook Pro,MacBook Pro M2 Pro 12-Core CPU & 19-Core GPU 14-inch (Early 2023),11599.0,,1024.0,SSD,Unknown,,2625.0,2023,M2 Pro,14.0,,,"16, 32",16.0,1 TB,M2
Machines,Mac,MacBook Pro,MacBook Pro M2 Pro 12-Core CPU & 19-Core GPU 14-inch (Early 2023),13199.0,,2048.0,SSD,Unknown,,3275.0,2023,M2 Pro,14.0,,,"16, 32",16.0,2 TB,M2
Machines,Mac,MacBook Pro,MacBook Pro M2 Pro 12-Core CPU & 19-Core GPU 14-inch (Early 2023),16399.0,,4096.0,SSD,Unknown,,3800.0,2023,M2 Pro,14.0,,,"16, 32",16.0,4 TB,M2
Machines,Mac,MacBook Pro,MacBook Pro M2 Pro 12-Core CPU & 19-Core GPU 14-inch (Early 2023),20399.0,,8192.0,SSD,Unknown,,4625.0,2023,M2 Pro,14.0,,,"16, 32",16.0,8 TB,M2
Machines,Mac,MacBook Pro,MacBook Pro M2 Max 12-Core CPU & 30-Core GPU 14-inch (Early 2023),13199.0,,512.0,SSD,Unknown,,3000.0,2023,M2 Max,14.0,,,"32, 64",32.0,512 GB,M2
Machines,Mac,MacBook Pro,MacBook Pro M2 Max 12-Core CPU & 30-Core GPU 14-inch (Early 2023),13199.0,,1024.0,SSD,Unknown,,3025.0,2023,M2 Max,14.0,,,"32, 64",32.0,1 TB,M2
Machines,Mac,MacBook Pro,MacBook Pro M2 Max 12-Core CPU & 30-Core GPU 14-inch (Early 2023),15599.0,,2048.0,SSD,Unknown,,3800.0,2023,M2 Max,14.0,,,"32, 64",32.0,2 TB,M2
Machines,Mac,MacBook Pro,MacBook Pro M2 Max 12-Core CPU & 30-Core GPU 14-inch (Early 2023),18799.0,,4096.0,SSD,Unknown,,4575.0,2023,M2 Max,14.0,,,"32, 64",32.0,4 TB,M2
Machines,Mac,MacBook Pro,MacBook Pro M2 Max 12-Core CPU & 30-Core GPU 14-inch (Early 2023),22799.0,,8192.0,SSD,Unknown,,5775.0,2023,M2 Max,14.0,,,"32, 64",32.0,8 TB,M2
Machines,Mac,MacBook Pro,MacBook Pro M2 Max 12-Core CPU & 38-Core GPU 14-inch (Early 2023),13999.0,,512.0,SSD,Unknown,,3475.0,2023,M2 Max,14.0,,,"32, 64, 96",32.0,512 GB,M2
Machines,Mac,MacBook Pro,MacBook Pro M2 Max 12-Core CPU & 38-Core GPU 14-inch (Early 2023),13199.0,,1024.0,SSD,Unknown,,3725.0,2023,M2 Max,14.0,,,"32, 64, 96",32.0,1 TB,M2
Machines,Mac,MacBook Pro,MacBook Pro M2 Max 12-Core CPU & 38-Core GPU 14-inch (Early 2023),16399.0,,2048.0,SSD,Unknown,,4125.0,2023,M2 Max,14.0,,,"32, 64, 96",32.0,2 TB,M2
Machines,Mac,MacBook Pro,MacBook Pro M2 Max 12-Core CPU & 38-Core GPU 14-inch (Early 2023),19599.0,,4096.0,SSD,Unknown,,4775.0,2023,M2 Max,14.0,,,"32, 64, 96",32.0,4 TB,M2
Machines,Mac,MacBook Pro,MacBook Pro M2 Max 12-Core CPU & 38-Core GPU 14-inch (Early 2023),23599.0,,8192.0,SSD,Unknown,,5825.0,2023,M2 Max,14.0,,,"32, 64, 96",32.0,8 TB,M2
Machines,Mac,MacBook Pro,MacBook Pro M2 Pro 12-Core CPU & 19-Core GPU 16-inch (Early 2023),10799.0,,512.0,SSD,Unknown,,2925.0,2023,M2 Pro,16.0,,,"16, 32",16.0,512 GB,M2
Machines,Mac,MacBook Pro,MacBook Pro M2 Pro 12-Core CPU & 19-Core GPU 16-inch (Early 2023),11599.0,,1024.0,SSD,Unknown,,3125.0,2023,M2 Pro,16.0,,,"16, 32",16.0,1 TB,M2
Machines,Mac,MacBook Pro,MacBook Pro M2 Pro 12-Core CPU & 19-Core GPU 16-inch (Early 2023),13199.0,,2048.0,SSD,Unknown,,3500.0,2023,M2 Pro,16.0,,,"16, 32",16.0,2 TB,M2
Machines,Mac,MacBook Pro,MacBook Pro M2 Pro 12-Core CPU & 19-Core GPU 16-inch (Early 2023),16399.0,,4096.0,SSD,Unknown,,4300.0,2023,M2 Pro,16.0,,,"16, 32",16.0,4 TB,M2
Machines,Mac,MacBook Pro,MacBook Pro M2 Pro 12-Core CPU & 19-Core GPU 16-inch (Early 2023),20399.0,,8192.0,SSD,Unknown,,5250.0,2023,M2 Pro,16.0,,,"16, 32",16.0,8 TB,M2
Machines,Mac,MacBook Pro,MacBook Pro M2 Max 12-Core CPU & 30-Core GPU 16-inch (Early 2023),13199.0,,512.0,SSD,Unknown,,3600.0,2023,M2 Max,16.0,,,"32, 64",32.0,512 GB,M2
Machines,Mac,MacBook Pro,MacBook Pro M2 Max 12-Core CPU & 30-Core GPU 16-inch (Early 2023),13999.0,,1024.0,SSD,Unknown,,3825.0,2023,M2 Max,16.0,,,"32, 64",32.0,1 TB,M2
Machines,Mac,MacBook Pro,MacBook Pro M2 Max 12-Core CPU & 30-Core GPU 16-inch (Early 2023),15599.0,,2048.0,SSD,Unknown,,4125.0,2023,M2 Max,16.0,,,"32, 64",32.0,2 TB,M2
Machines,Mac,MacBook Pro,MacBook Pro M2 Max 12-Core CPU & 30-Core GPU 16-inch (Early 2023),18799.0,,4096.0,SSD,Unknown,,4725.0,2023,M2 Max,16.0,,,"32, 64",32.0,4 TB,M2
Machines,Mac,MacBook Pro,MacBook Pro M2 Max 12-Core CPU & 30-Core GPU 16-inch (Early 2023),22799.0,,8192.0,SSD,Unknown,,5950.0,2023,M2 Max,16.0,,,"32, 64",32.0,8 TB,M2
Machines,Mac,MacBook Pro,MacBook Pro M2 Max 12-Core CPU & 38-Core GPU 16-inch (Early 2023),14799.0,,512.0,SSD,Unknown,,3925.0,2023,M2 Max,16.0,,,"32, 64, 96",32.0,512 GB,M2
Machines,Mac,MacBook Pro,MacBook Pro M2 Max 12-Core CPU & 38-Core GPU 16-inch (Early 2023),14799.0,,1024.0,SSD,Unknown,,4000.0,2023,M2 Max,16.0,,,"32, 64, 96",32.0,1 TB,M2
Machines,Mac,MacBook Pro,MacBook Pro M2 Max 12-Core CPU & 38-Core GPU 16-inch (Early 2023),17199.0,,2048.0,SSD,Unknown,,4500.0,2023,M2 Max,16.0,,,"32, 64, 96",32.0,2 TB,M2
Machines,Mac,MacBook Pro,MacBook Pro M2 Max 12-Core CPU & 38-Core GPU 16-inch (Early 2023),20399.0,,4096.0,SSD,Unknown,,4950.0,2023,M2 Max,16.0,,,"32, 64, 96",32.0,4 TB,M2
Machines,Mac,MacBook Pro,MacBook Pro M2 Max 12-Core CPU & 38-Core GPU 16-inch (Early 2023),24399.0,,8192.0,SSD,Unknown,,5975.0,2023,M2 Max,16.0,,,"32, 64, 96",32.0,8 TB,M2
Machines,Mac,MacBook Pro,MacBook Pro M3 8-Core CPU & 10-Core GPU 14-inch (Late 2023),7499.0,,512.0,SSD,Unknown,,2525.0,2023,M3,14.0,,,"8, 16, 24",8.0,512 GB,M3
Machines,Mac,MacBook Pro,MacBook Pro M3 8-Core CPU & 10-Core GPU 14-inch (Late 2023),8299.0,,1024.0,SSD,Unknown,,2800.0,2023,M3,14.0,,,"8, 16, 24",8.0,1 TB,M3
Machines,Mac,MacBook Pro,MacBook Pro M3 8-Core CPU & 10-Core GPU 14-inch (Late 2023),9899.0,,2048.0,SSD,Unknown,,3375.0,2023,M3,14.0,,,"8, 16, 24",8.0,2 TB,M3
Machines,Mac,MacBook Pro,MacBook Pro M3 Pro 11-Core CPU & 14-Core GPU 14-inch (Late 2023),9999.0,,512.0,SSD,Unknown,,3000.0,2023,M3 Pro,14.0,,,"18, 36",18.0,512 GB,M3
Machines,Mac,MacBook Pro,MacBook Pro M3 Pro 11-Core CPU & 14-Core GPU 14-inch (Late 2023),10799.0,,1024.0,SSD,Unknown,,3300.0,2023,M3 Pro,14.0,,,"18, 36",18.0,1 TB,M3
Machines,Mac,MacBook Pro,MacBook Pro M3 Pro 11-Core CPU & 14-Core GPU 14-inch (Late 2023),12399.0,,2048.0,SSD,Unknown,,4075.0,2023,M3 Pro,14.0,,,"18, 36",18.0,2 TB,M3
Machines,Mac,MacBook Pro,MacBook Pro M3 Pro 11-Core CPU & 14-Core GPU 14-inch (Late 2023),15599.0,,4096.0,SSD,Unknown,,4725.0,2023,M3 Pro,14.0,,,"18, 36",18.0,4 TB,M3
Machines,Mac,MacBook Pro,MacBook Pro M3 Pro 12-Core CPU & 18-Core GPU 14-inch (Late 2023),11599.0,,512.0,SSD,Unknown,,3400.0,2023,M3 Pro,14.0,,,"18, 36",18.0,512 GB,M3
Machines,Mac,MacBook Pro,MacBook Pro M3 Pro 12-Core CPU & 18-Core GPU 14-inch (Late 2023),12399.0,,1024.0,SSD,Unknown,,3700.0,2023,M3 Pro,14.0,,,"18, 36",18.0,1 TB,M3
Machines,Mac,MacBook Pro,MacBook Pro M3 Pro 12-Core CPU & 18-Core GPU 14-inch (Late 2023),13999.0,,2048.0,SSD,Unknown,,4100.0,2023,M3 Pro,14.0,,,"18, 36",18.0,2 TB,M3
Machines,Mac,MacBook Pro,MacBook Pro M3 Pro 12-Core CPU & 18-Core GPU 14-inch (Late 2023),17199.0,,4096.0,SSD,Unknown,,4725.0,2023,M3 Pro,14.0,,,"18, 36",18.0,4 TB,M3
Machines,Mac,MacBook Pro,MacBook Pro M3 Max 14-Core CPU & 30-Core GPU 14-inch (Late 2023),12999.0,,512.0,SSD,Unknown,,4600.0,2023,M3 Max,14.0,,,"36, 96",36.0,512 GB,M3
Machines,Mac,MacBook Pro,MacBook Pro M3 Max 14-Core CPU & 30-Core GPU 14-inch (Late 2023),14799.0,,1024.0,SSD,Unknown,,4800.0,2023,M3 Max,14.0,,,"36, 96",36.0,1 TB,M3
Machines,Mac,MacBook Pro,MacBook Pro M3 Max 14-Core CPU & 30-Core GPU 14-inch (Late 2023),15399.0,,2048.0,SSD,Unknown,,5225.0,2023,M3 Max,14.0,,,"36, 96",36.0,2 TB,M3
Machines,Mac,MacBook Pro,MacBook Pro M3 Max 14-Core CPU & 30-Core GPU 14-inch (Late 2023),18599.0,,4096.0,SSD,Unknown,,6200.0,2023,M3 Max,14.0,,,"36, 96",36.0,4 TB,M3
Machines,Mac,MacBook Pro,MacBook Pro M3 Max 14-Core CPU & 30-Core GPU 14-inch (Late 2023),22599.0,,8192.0,SSD,Unknown,,7400.0,2023,M3 Max,14.0,,,"36, 96",36.0,8 TB,M3
Machines,Mac,MacBook Pro,MacBook Pro M3 Max 16-Core CPU & 40-Core GPU 14-inch (Late 2023),14399.0,,512.0,SSD,Unknown,,5225.0,2023,M3 Max,14.0,,,"48, 64, 128",48.0,512 GB,M3
Machines,Mac,MacBook Pro,MacBook Pro M3 Max 16-Core CPU & 40-Core GPU 14-inch (Late 2023),15999.0,,1024.0,SSD,Unknown,,5400.0,2023,M3 Max,14.0,,,"48, 64, 128",48.0,1 TB,M3
Machines,Mac,MacBook Pro,MacBook Pro M3 Max 16-Core CPU & 40-Core GPU 14-inch (Late 2023),16799.0,,2048.0,SSD,Unknown,,6075.0,2023,M3 Max,14.0,,,"48, 64, 128",48.0,2 TB,M3
Machines,Mac,MacBook Pro,MacBook Pro M3 Max 16-Core CPU & 40-Core GPU 14-inch (Late 2023),19999.0,,4096.0,SSD,Unknown,,6900.0,2023,M3 Max,14.0,,,"48, 64, 128",48.0,4 TB,M3
Machines,Mac,MacBook Pro,MacBook Pro M3 Max 16-Core CPU & 40-Core GPU 14-inch (Late 2023),23999.0,,8192.0,SSD,Unknown,,8450.0,2023,M3 Max,14.0,,,"48, 64, 128",48.0,8 TB,M3
Machines,Mac,MacBook Pro,MacBook Pro M3 Pro 12-Core CPU & 18-Core GPU 16-inch (Late 2023),11999.0,,512.0,SSD,Unknown,,3900.0,2023,M3 Pro,16.0,,,"18, 36",18.0,512 GB,M3
Machines,Mac,MacBook Pro,MacBook Pro M3 Pro 12-Core CPU & 18-Core GPU 16-inch (Late 2023),12799.0,,1024.0,SSD,Unknown,,4350.0,2023,M3 Pro,16.0,,,"18, 36",18.0,1 TB,M3
Machines,Mac,MacBook Pro,MacBook Pro M3 Pro 12-Core CPU & 18-Core GPU 16-inch (Late 2023),14399.0,,2048.0,SSD,Unknown,,5100.0,2023,M3 Pro,16.0,,,"18, 36",18.0,2 TB,M3
Machines,Mac,MacBook Pro,MacBook Pro M3 Pro 12-Core CPU & 18-Core GPU 16-inch (Late 2023),17599.0,,4096.0,SSD,Unknown,,5875.0,2023,M3 Pro,16.0,,,"18, 36",18.0,4 TB,M3
Machines,Mac,MacBook Pro,MacBook Pro M3 Max 14-Core CPU & 30-Core GPU 16-inch (Late 2023),13999.0,,512.0,SSD,Unknown,,5200.0,2023,M3 Max,16.0,,,"36, 96",36.0,512 GB,M3
Machines,Mac,MacBook Pro,MacBook Pro M3 Max 14-Core CPU & 30-Core GPU 16-inch (Late 2023),15999.0,,1024.0,SSD,Unknown,,5650.0,2023,M3 Max,16.0,,,"36, 96",36.0,1 TB,M3
Machines,Mac,MacBook Pro,MacBook Pro M3 Max 14-Core CPU & 30-Core GPU 16-inch (Late 2023),16399.0,,2048.0,SSD,Unknown,,6125.0,2023,M3 Max,16.0,,,"36, 96",36.0,2 TB,M3
Machines,Mac,MacBook Pro,MacBook Pro M3 Max 14-Core CPU & 30-Core GPU 16-inch (Late 2023),19599.0,,4096.0,SSD,Unknown,,7000.0,2023,M3 Max,16.0,,,"36, 96",36.0,4 TB,M3
Machines,Mac,MacBook Pro,MacBook Pro M3 Max 14-Core CPU & 30-Core GPU 16-inch (Late 2023),23599.0,,8192.0,SSD,Unknown,,8700.0,2023,M3 Max,16.0,,,"36, 96",36.0,8 TB,M3
Machines,Mac,MacBook Pro,MacBook Pro M3 Max 16-Core CPU & 40-Core GPU 16-inch (Late 2023),15399.0,,512.0,SSD,Unknown,,5975.0,2023,M3 Max,16.0,,,"48, 64, 128",48.0,512 GB,M3
Machines,Mac,MacBook Pro,MacBook Pro M3 Max 16-Core CPU & 40-Core GPU 16-inch (Late 2023),17999.0,,1024.0,SSD,Unknown,,6425.0,2023,M3 Max,16.0,,,"48, 64, 128",48.0,1 TB,M3
Machines,Mac,MacBook Pro,MacBook Pro M3 Max 16-Core CPU & 40-Core GPU 16-inch (Late 2023),17799.0,,2048.0,SSD,Unknown,,7000.0,2023,M3 Max,16.0,,,"48, 64, 128",48.0,2 TB,M3
Machines,Mac,MacBook Pro,MacBook Pro M3 Max 16-Core CPU & 40-Core GPU 16-inch (Late 2023),20999.0,,4096.0,SSD,Unknown,,7775.0,2023,M3 Max,16.0,,,"48, 64, 128",48.0,4 TB,M3
Machines,Mac,MacBook Pro,MacBook Pro M3 Max 16-Core CPU & 40-Core GPU 16-inch (Late 2023),24999.0,,8192.0,SSD,Unknown,,9550.0,2023,M3 Max,16.0,,,"48, 64, 128",48.0,8 TB,M3
Machines,Mac,MacBook Pro,MacBook Pro M4 10-Core CPU & 10-Core GPU 14-inch (Late 2024),6999.0,,512.0,SSD,Unknown,,2925.0,2024,M4,14.0,,,"16, 24, 32",16.0,512 GB,M4
Machines,Mac,MacBook Pro,MacBook Pro M4 10-Core CPU & 10-Core GPU 14-inch (Late 2024),7849.0,,1024.0,SSD,Unknown,,3300.0,2024,M4,14.0,,,"16, 24, 32",16.0,1 TB,M4
Machines,Mac,MacBook Pro,MacBook Pro M4 10-Core CPU & 10-Core GPU 14-inch (Late 2024),8699.0,,2048.0,SSD,Unknown,,4100.0,2024,M4,14.0,,,"16, 24, 32",16.0,2 TB,M4
Machines,Mac,MacBook Pro,MacBook Pro M4 Pro 12-Core CPU & 16-Core GPU 14-inch (Late 2024),8499.0,,512.0,SSD,Unknown,,3475.0,2024,M4 Pro,14.0,,,"24, 48, 64",24.0,512 GB,M4
Machines,Mac,MacBook Pro,MacBook Pro M4 Pro 12-Core CPU & 16-Core GPU 14-inch (Late 2024),9349.0,,1024.0,SSD,Unknown,,3900.0,2024,M4 Pro,14.0,,,"24, 48, 64",24.0,1 TB,M4
Machines,Mac,MacBook Pro,MacBook Pro M4 Pro 12-Core CPU & 16-Core GPU 14-inch (Late 2024),10999.0,,2048.0,SSD,Unknown,,4575.0,2024,M4 Pro,14.0,,,"24, 48, 64",24.0,2 TB,M4
Machines,Mac,MacBook Pro,MacBook Pro M4 Pro 12-Core CPU & 16-Core GPU 14-inch (Late 2024),14299.0,,4096.0,SSD,Unknown,,5075.0,2024,M4 Pro,14.0,,,"24, 48, 64",24.0,4 TB,M4
Machines,Mac,MacBook Pro,MacBook Pro M4 Pro 14-Core CPU & 20-Core GPU 14-inch (Late 2024),9349.0,,512.0,SSD,Unknown,,4150.0,2024,M4 Pro,14.0,,,"24, 48, 64",24.0,512 GB,M4
Machines,Mac,MacBook Pro,MacBook Pro M4 Pro 14-Core CPU & 20-Core GPU 14-inch (Late 2024),10499.0,,1024.0,SSD,Unknown,,4275.0,2024,M4 Pro,14.0,,,"24, 48, 64",24.0,1 TB,M4
Machines,Mac,MacBook Pro,MacBook Pro M4 Pro 14-Core CPU & 20-Core GPU 14-inch (Late 2024),12149.0,,2048.0,SSD,Unknown,,4925.0,2024,M4 Pro,14.0,,,"24, 48, 64",24.0,2 TB,M4
Machines,Mac,MacBook Pro,MacBook Pro M4 Pro 14-Core CPU & 20-Core GPU 14-inch (Late 2024),15449.0,,4096.0,SSD,Unknown,,5800.0,2024,M4 Pro,14.0,,,"24, 48, 64",24.0,4 TB,M4
Machines,Mac,MacBook Pro,MacBook Pro M4 Max 14-Core CPU & 32-Core GPU 14-inch (Late 2024),13999.0,,1024.0,SSD,Unknown,,5750.0,2024,M4 Max,14.0,,,"36, 48, 64, 128",36.0,1 TB,M4
Machines,Mac,MacBook Pro,MacBook Pro M4 Max 14-Core CPU & 32-Core GPU 14-inch (Late 2024),15699.0,,2048.0,SSD,Unknown,,6375.0,2024,M4 Max,14.0,,,"36, 48, 64, 128",36.0,2 TB,M4
Machines,Mac,MacBook Pro,MacBook Pro M4 Max 14-Core CPU & 32-Core GPU 14-inch (Late 2024),17399.0,,4096.0,SSD,Unknown,,7425.0,2024,M4 Max,14.0,,,"36, 48, 64, 128",36.0,4 TB,M4
Machines,Mac,MacBook Pro,MacBook Pro M4 Max 14-Core CPU & 32-Core GPU 14-inch (Late 2024),20799.0,,8192.0,SSD,Unknown,,8600.0,2024,M4 Max,14.0,,,"36, 48, 64, 128",36.0,8 TB,M4
Machines,Mac,MacBook Pro,MacBook Pro M4 Pro 14-Core CPU & 20-Core GPU 16-inch (Late 2024),10999.0,,512.0,SSD,Unknown,,4375.0,2024,M4 Pro,16.0,,,"24, 48, 64",24.0,512 GB,M4
Machines,Mac,MacBook Pro,MacBook Pro M4 Pro 14-Core CPU & 20-Core GPU 16-inch (Late 2024),12699.0,,1024.0,SSD,Unknown,,4725.0,2024,M4 Pro,16.0,,,"24, 48, 64",24.0,1 TB,M4
Machines,Mac,MacBook Pro,MacBook Pro M4 Pro 14-Core CPU & 20-Core GPU 16-inch (Late 2024),14349.0,,2048.0,SSD,Unknown,,5400.0,2024,M4 Pro,16.0,,,"24, 48, 64",24.0,2 TB,M4
Machines,Mac,MacBook Pro,MacBook Pro M4 Pro 14-Core CPU & 20-Core GPU 16-inch (Late 2024),17649.0,,4096.0,SSD,Unknown,,5975.0,2024,M4 Pro,16.0,,,"24, 48, 64",24.0,4 TB,M4
Machines,Mac,MacBook Pro,MacBook Pro M4 Max 14-Core CPU & 32-Core GPU 16-inch (Late 2024),15299.0,,1024.0,SSD,Unknown,,6100.0,2024,M4 Max,16.0,,,"36, 48, 64, 128",36.0,1 TB,M4
Machines,Mac,MacBook Pro,MacBook Pro M4 Max 14-Core CPU & 32-Core GPU 16-inch (Late 2024),16999.0,,2048.0,SSD,Unknown,,6775.0,2024,M4 Max,16.0,,,"36, 48, 64, 128",36.0,2 TB,M4
Machines,Mac,MacBook Pro,MacBook Pro M4 Max 14-Core CPU & 32-Core GPU 16-inch (Late 2024),18699.0,,4096.0,SSD,Unknown,,7775.0,2024,M4 Max,16.0,,,"36, 48, 64, 128",36.0,4 TB,M4
Machines,Mac,MacBook Pro,MacBook Pro M4 Max 14-Core CPU & 32-Core GPU 16-inch (Late 2024),22099.0,,8192.0,SSD,Unknown,,8875.0,2024,M4 Max,16.0,,,"36, 48, 64, 128",36.0,8 TB,M4
Machines,Mac,MacBook Pro,MacBook Pro M4 Max 16-Core CPU & 40-Core GPU 14-inch (Late 2024),16124.0,,1024.0,SSD,Unknown,,6550.0,2024,M4 Max,14.0,,,"36, 48, 64, 128",36.0,1 TB,M4
Machines,Mac,MacBook Pro,MacBook Pro M4 Max 16-Core CPU & 40-Core GPU 14-inch (Late 2024),17824.0,,2048.0,SSD,Unknown,,7125.0,2024,M4 Max,14.0,,,"36, 48, 64, 128",36.0,2 TB,M4
Machines,Mac,MacBook Pro,MacBook Pro M4 Max 16-Core CPU & 40-Core GPU 14-inch (Late 2024),19524.0,,4096.0,SSD,Unknown,,8125.0,2024,M4 Max,14.0,,,"36, 48, 64, 128",36.0,4 TB,M4
Machines,Mac,MacBook Pro,MacBook Pro M4 Max 16-Core CPU & 40-Core GPU 14-inch (Late 2024),22924.0,,8192.0,SSD,Unknown,,9200.0,2024,M4 Max,14.0,,,"36, 48, 64, 128",36.0,8 TB,M4
Machines,Mac,MacBook Pro,MacBook Pro M4 Max 16-Core CPU & 40-Core GPU 16-inch (Late 2024),17499.0,,1024.0,SSD,Unknown,,6750.0,2024,M4 Max,16.0,,,"36, 48, 64, 128",36.0,1 TB,M4
Machines,Mac,MacBook Pro,MacBook Pro M4 Max 16-Core CPU & 40-Core GPU 16-inch (Late 2024),19199.0,,2048.0,SSD,Unknown,,7375.0,2024,M4 Max,16.0,,,"36, 48, 64, 128",36.0,2 TB,M4
Machines,Mac,MacBook Pro,MacBook Pro M4 Max 16-Core CPU & 40-Core GPU 16-inch (Late 2024),20899.0,,4096.0,SSD,Unknown,,8650.0,2024,M4 Max,16.0,,,"36, 48, 64, 128",36.0,4 TB,M4
Machines,Mac,MacBook Pro,MacBook Pro M4 Max 16-Core CPU & 40-Core GPU 16-inch (Late 2024),24299.0,,8192.0,SSD,Unknown,,9900.0,2024,M4 Max,16.0,,,"36, 48, 64, 128",36.0,8 TB,M4
Machines,Mac,MacBook Pro,MacBook Pro M5 10-Core CPU & 10-Core GPU 14-inch (Late 2025),6999.0,,512.0,SSD,Unknown,,3950.0,2025,M5,14.0,,,"16, 24, 32",16.0,512 GB,M5
Machines,Mac,MacBook Pro,MacBook Pro M5 10-Core CPU & 10-Core GPU 14-inch (Late 2025),8299.0,,1024.0,SSD,Unknown,,4425.0,2025,M5,14.0,,,"16, 24, 32",16.0,1 TB,M5
Machines,Mac,MacBook Pro,MacBook Pro M5 10-Core CPU & 10-Core GPU 14-inch (Late 2025),9999.0,,2048.0,SSD,Unknown,,5400.0,2025,M5,14.0,,,"16, 24, 32",16.0,2 TB,M5
Machines,Mac,MacBook Pro,MacBook Pro M5 10-Core CPU & 10-Core GPU 14-inch (Late 2025),13399.0,,4096.0,SSD,Unknown,,6350.0,2025,M5,14.0,,,"16, 24, 32",16.0,4 TB,M5
Switch,Mac,MacBook Air,MacBook Air i3 1.1GHz 13-inch (Early 2020),4399.0,,256.0,SSD,Unknown,,350.0,2020,Intel Core i3,13.0,,,"8, 16",8.0,256 GB,Unknown
Switch,Mac,MacBook Air,MacBook Air i3 1.1GHz 13-inch (Early 2020),5199.0,,512.0,SSD,Unknown,,360.0,2020,Intel Core i3,13.0,,,"8, 16",8.0,512 GB,Unknown
Switch,Mac,MacBook Air,MacBook Air i3 1.1GHz 13-inch (Early 2020),5999.0,,1024.0,SSD,Unknown,,370.0,2020,Intel Core i3,13.0,,,"8, 16",8.0,1 TB,Unknown
Switch,Mac,MacBook Air,MacBook Air i3 1.1GHz 13-inch (Early 2020),7599.0,,2048.0,SSD,Unknown,,430.0,2020,Intel Core i3,13.0,,,"8, 16",8.0,2 TB,Unknown
Switch,Mac,MacBook Air,MacBook Air i5 1.1GHz 13-inch (Early 2020),5599.0,,256.0,SSD,Unknown,,460.0,2020,Intel Core i5,13.0,,,"8, 16",8.0,256 GB,Unknown
Switch,Mac,MacBook Air,MacBook Air i5 1.1GHz 13-inch (Early 2020),5599.0,,512.0,SSD,Unknown,,500.0,2020,Intel Core i5,13.0,,,"8, 16",8.0,512 GB,Unknown
Switch,Mac,MacBook Air,MacBook Air i5 1.1GHz 13-inch (Early 2020),7199.0,,1024.0,SSD,Unknown,,510.0,2020,Intel Core i5,13.0,,,"8, 16",8.0,1 TB,Unknown
Switch,Mac,MacBook Air,MacBook Air i5 1.1GHz 13-inch (Early 2020),8799.0,,2048.0,SSD,Unknown,,580.0,2020,Intel Core i5,13.0,,,"8, 16",8.0,2 TB,Unknown
Switch,Mac,MacBook Air,MacBook Air i5 1.6GHz 13-inch (Early 2015),3199.0,,128.0,SSD,Unknown,,50.0,2015,Intel Core i5,13.0,,,8,8.0,128 GB,Unknown
Switch,Mac,MacBook Air,MacBook Air i5 1.6GHz 13-inch (Early 2015),3499.0,,256.0,SSD,Unknown,,50.0,2015,Intel Core i5,13.0,,,8,8.0,256 GB,Unknown
Switch,Mac,MacBook Air,MacBook Air i5 1.6GHz 13-inch (Early 2015),4199.0,,512.0,SSD,Unknown,,50.0,2015,Intel Core i5,13.0,,,8,8.0,512 GB,Unknown
Switch,Mac,MacBook Air,MacBook Air i5 1.6GHz 13-inch (Late 2018),5249.0,,128.0,SSD,Unknown,,250.0,2018,Intel Core i5,13.0,,,"8, 16",8.0,128 GB,Unknown
Switch,Mac,MacBook Air,MacBook Air i5 1.6GHz 13-inch (Late 2018),6099.0,,256.0,SSD,Unknown,,350.0,2018,Intel Core i5,13.0,,,"8, 16",8.0,256 GB,Unknown
Switch,Mac,MacBook Air,MacBook Air i5 1.6GHz 13-inch (Late 2018),6949.0,,512.0,SSD,Unknown,,400.0,2018,Intel Core i5,13.0,,,"8, 16",8.0,512 GB,Unknown
Switch,Mac,MacBook Air,MacBook Air i5 1.6GHz 13-inch (Late 2018),10349.0,,1536.0,SSD,Unknown,,450.0,2018,Intel Core i5,13.0,,,"8, 16",8.0,1.5 TB,Unknown
Switch,Mac,MacBook Air,MacBook Air i5 1.6GHz 13-inch (Mid 2019),4699.0,,128.0,SSD,Unknown,,410.0,2019,Intel Core i5,13.0,,,"8, 16",8.0,128 GB,Unknown
Switch,Mac,MacBook Air,MacBook Air i5 1.6GHz 13-inch (Mid 2019),5499.0,,256.0,SSD,Unknown,,420.0,2019,Intel Core i5,13.0,,,"8, 16",8.0,256 GB,Unknown
Switch,Mac,MacBook Air,MacBook Air i5 1.6GHz 13-inch (Mid 2019),6349.0,,512.0,SSD,Unknown,,490.0,2019,Intel Core i5,13.0,,,"8, 16",8.0,512 GB,Unknown
Switch,Mac,MacBook Air,MacBook Air i5 1.6GHz 13-inch (Mid 2019),5499.0,,1024.0,SSD,Unknown,,500.0,2019,Intel Core i5,13.0,,,"8, 16",8.0,1 TB,Unknown
Switch,Mac,MacBook Air,MacBook Air i5 1.8GHz 13-inch (Mid 2017),4199.0,,128.0,SSD,Unknown,,180.0,2017,Intel Core i5,13.0,,,"8, 16",8.0,128 GB,Unknown
Switch,Mac,MacBook Air,MacBook Air i5 1.8GHz 13-inch (Mid 2017),4739.0,,256.0,SSD,Unknown,,230.0,2017,Intel Core i5,13.0,,,"8, 16",8.0,256 GB,Unknown
Switch,Mac,MacBook Air,MacBook Air i5 1.8GHz 13-inch (Mid 2017),4999.0,,512.0,SSD,Unknown,,260.0,2017,Intel Core i5,13.0,,,"8, 16",8.0,512 GB,Unknown
Switch,Mac,MacBook Air,MacBook Air i7 1.2GHz 13-inch (Early 2020),6599.0,,256.0,SSD,Unknown,,490.0,2020,Intel Core i7,13.0,,,"8, 16",8.0,256 GB,Unknown
Switch,Mac,MacBook Air,MacBook Air i7 1.2GHz 13-inch (Early 2020),5399.0,,512.0,SSD,Unknown,,500.0,2020,Intel Core i7,13.0,,,"8, 16",8.0,512 GB,Unknown
Switch,Mac,MacBook Air,MacBook Air i7 1.2GHz 13-inch (Early 2020),8199.0,,1024.0,SSD,Unknown,,530.0,2020,Intel Core i7,13.0,,,"8, 16",8.0,1 TB,Unknown
Switch,Mac,MacBook Air,MacBook Air i7 1.2GHz 13-inch (Early 2020),9799.0,,2048.0,SSD,Unknown,,600.0,2020,Intel Core i7,13.0,,,"8, 16",8.0,2 TB,Unknown
Switch,Mac,MacBook Air,MacBook Air i7 2.2GHz 13-inch (Early 2015),3739.0,,128.0,SSD,Unknown,,80.0,2015,Intel Core i7,13.0,,,8,8.0,128 GB,Unknown
Switch,Mac,MacBook Air,MacBook Air i7 2.2GHz 13-inch (Early 2015),4039.0,,256.0,SSD,Unknown,,80.0,2015,Intel Core i7,13.0,,,8,8.0,256 GB,Unknown
Switch,Mac,MacBook Air,MacBook Air i7 2.2GHz 13-inch (Early 2015),4739.0,,512.0,SSD,Unknown,,80.0,2015,Intel Core i7,13.0,,,8,8.0,512 GB,Unknown
Switch,Mac,MacBook Air,MacBook Air i7 2.2GHz 13-inch (Mid 2017),4039.0,,128.0,SSD,Unknown,,260.0,2017,Intel Core i7,13.0,,,"8, 16",8.0,128 GB,Unknown
Switch,Mac,MacBook Air,MacBook Air i7 2.2GHz 13-inch (Mid 2017),4039.0,,256.0,SSD,Unknown,,310.0,2017,Intel Core i7,13.0,,,"8, 16",8.0,256 GB,Unknown
Switch,Mac,MacBook Air,MacBook Air i7 2.2GHz 13-inch (Mid 2017),4739.0,,512.0,SSD,Unknown,,430.0,2017,Intel Core i7,13.0,,,"8, 16",8.0,512 GB,Unknown
Switch,Mac,MacBook Air,MacBook Air M1 8-Core CPU & 7-Core GPU 13-inch (Late 2020),4399.0,,128.0,SSD,Unknown,,460.0,2020,M1,13.0,,,"8, 16",8.0,128 GB,M1
Switch,Mac,MacBook Air,MacBook Air M1 8-Core CPU & 7-Core GPU 13-inch (Late 2020),4399.0,,256.0,SSD,Unknown,,560.0,2020,M1,13.0,,,"8, 16",8.0,256 GB,M1
Switch,Mac,MacBook Air,MacBook Air M1 8-Core CPU & 7-Core GPU 13-inch (Late 2020),4999.0,,512.0,SSD,Unknown,,570.0,2020,M1,13.0,,,"8, 16",8.0,512 GB,M1
Switch,Mac,MacBook Air,MacBook Air M1 8-Core CPU & 7-Core GPU 13-inch (Late 2020),5799.0,,1024.0,SSD,Unknown,,580.0,2020,M1,13.0,,,"8, 16",8.0,1 TB,M1
Switch,Mac,MacBook Air,MacBook Air M1 8-Core CPU & 7-Core GPU 13-inch (Late 2020),7399.0,,2048.0,SSD,Unknown,,660.0,2020,M1,13.0,,,"8, 16",8.0,2 TB,M1
Switch,Mac,MacBook Air,MacBook Air M1 8-Core CPU & 8-Core GPU 13-inch (Late 2020),5399.0,,256.0,SSD,Unknown,,580.0,2020,M1,13.0,,,"8, 16",8.0,256 GB,M1
Switch,Mac,MacBook Air,MacBook Air M1 8-Core CPU & 8-Core GPU 13-inch (Late 2020),5399.0,,512.0,SSD,Unknown,,610.0,2020,M1,13.0,,,"8, 16",8.0,512 GB,M1
Switch,Mac,MacBook Air,MacBook Air M1 8-Core CPU & 8-Core GPU 13-inch (Late 2020),5999.0,,1024.0,SSD,Unknown,,680.0,2020,M1,13.0,,,"8, 16",8.0,1 TB,M1
Switch,Mac,MacBook Air,MacBook Air M1 8-Core CPU & 8-Core GPU 13-inch (Late 2020),7599.0,,2048.0,SSD,Unknown,,710.0,2020,M1,13.0,,,"8, 16",8.0,2 TB,M1
Switch,Mac,MacBook Air,MacBook Air M2 8-Core CPU & 10-Core GPU 13.6-inch (Mid 2022),5499.0,,256.0,SSD,Unknown,,1210.0,2022,M2,13.6,,,"8, 16, 24",8.0,256 GB,M2
Switch,Mac,MacBook Air,MacBook Air M2 8-Core CPU & 10-Core GPU 13.6-inch (Mid 2022),6699.0,,512.0,SSD,Unknown,,1400.0,2022,M2,13.6,,,"8, 16, 24",8.0,512 GB,M2
Switch,Mac,MacBook Air,MacBook Air M2 8-Core CPU & 10-Core GPU 13.6-inch (Mid 2022),6399.0,,1024.0,SSD,Unknown,,1560.0,2022,M2,13.6,,,"8, 16, 24",8.0,1 TB,M2
Switch,Mac,MacBook Air,MacBook Air M2 8-Core CPU & 10-Core GPU 13.6-inch (Mid 2022),7999.0,,2048.0,SSD,Unknown,,2020.0,2022,M2,13.6,,,"8, 16, 24",8.0,2 TB,M2
Switch,Mac,MacBook Air,MacBook Air M2 8-Core CPU & 10-Core GPU 15-inch (Mid 2023),6199.0,,256.0,SSD,Unknown,,1860.0,2023,M2,15.0,,,"8, 16, 24",8.0,256 GB,M2
Switch,Mac,MacBook Air,MacBook Air M2 8-Core CPU & 10-Core GPU 15-inch (Mid 2023),6599.0,,512.0,SSD,Unknown,,2020.0,2023,M2,15.0,,,"8, 16, 24",8.0,512 GB,M2
Switch,Mac,MacBook Air,MacBook Air M2 8-Core CPU & 10-Core GPU 15-inch (Mid 2023),7399.0,,1024.0,SSD,Unknown,,2250.0,2023,M2,15.0,,,"8, 16, 24",8.0,1 TB,M2
Switch,Mac,MacBook Air,MacBook Air M2 8-Core CPU & 10-Core GPU 15-inch (Mid 2023),8999.0,,2048.0,SSD,Unknown,,2820.0,2023,M2,15.0,,,"8, 16, 24",8.0,2 TB,M2
Switch,Mac,MacBook Air,MacBook Air M2 8-Core CPU & 8-Core GPU 13.6-inch (Mid 2022),5499.0,,256.0,SSD,Unknown,,1210.0,2022,M2,13.6,,,"8, 16, 24",8.0,256 GB,M2
Switch,Mac,MacBook Air,MacBook Air M2 8-Core CPU & 8-Core GPU 13.6-inch (Mid 2022),5599.0,,512.0,SSD,Unknown,,1400.0,2022,M2,13.6,,,"8, 16, 24",8.0,512 GB,M2
Switch,Mac,MacBook Air,MacBook Air M2 8-Core CPU & 8-Core GPU 13.6-inch (Mid 2022),6399.0,,1024.0,SSD,Unknown,,1560.0,2022,M2,13.6,,,"8, 16, 24",8.0,1 TB,M2
Switch,Mac,MacBook Air,MacBook Air M2 8-Core CPU & 8-Core GPU 13.6-inch (Mid 2022),7999.0,,2048.0,SSD,Unknown,,1900.0,2022,M2,13.6,,,"8, 16, 24",8.0,2 TB,M2
Switch,Mac,MacBook Air,MacBook Air M3 8-Core CPU & 10-Core GPU 13.6-inch (Early 2024),5199.0,,256.0,SSD,Unknown,,1980.0,2024,M3,13.6,,,"8, 16, 24",8.0,256 GB,M3
Switch,Mac,MacBook Air,MacBook Air M3 8-Core CPU & 10-Core GPU 13.6-inch (Early 2024),5999.0,,512.0,SSD,Unknown,,2160.0,2024,M3,13.6,,,"8, 16, 24",8.0,512 GB,M3
Switch,Mac,MacBook Air,MacBook Air M3 8-Core CPU & 10-Core GPU 13.6-inch (Early 2024),5799.0,,1024.0,SSD,Unknown,,2480.0,2024,M3,13.6,,,"8, 16, 24",8.0,1 TB,M3
Switch,Mac,MacBook Air,MacBook Air M3 8-Core CPU & 10-Core GPU 13.6-inch (Early 2024),7399.0,,2048.0,SSD,Unknown,,3100.0,2024,M3,13.6,,,"8, 16, 24",8.0,2 TB,M3
Switch,Mac,MacBook Air,MacBook Air M3 8-Core CPU & 10-Core GPU 15-inch (Early 2024),6199.0,,256.0,SSD,Unknown,,2300.0,2024,M3,15.0,,,"8, 16, 24",8.0,256 GB,M3
Switch,Mac,MacBook Air,MacBook Air M3 8-Core CPU & 10-Core GPU 15-inch (Early 2024),6099.0,,512.0,SSD,Unknown,,2540.0,2024,M3,15.0,,,"8, 16, 24",8.0,512 GB,M3
Switch,Mac,MacBook Air,MacBook Air M3 8-Core CPU & 10-Core GPU 15-inch (Early 2024),6899.0,,1024.0,SSD,Unknown,,3170.0,2024,M3,15.0,,,"8, 16, 24",8.0,1 TB,M3
Switch,Mac,MacBook Air,MacBook Air M3 8-Core CPU & 10-Core GPU 15-inch (Early 2024),8499.0,,2048.0,SSD,Unknown,,3450.0,2024,M3,15.0,,,"8, 16, 24",8.0,2 TB,M3
Switch,Mac,MacBook Air,MacBook Air M3 8-Core CPU & 8-Core GPU 13.6-inch (Early 2024),5199.0,,256.0,SSD,Unknown,,1970.0,2024,M3,13.6,,,"8, 16, 24",8.0,256 GB,M3
Switch,Mac,MacBook,MacBook i5 1.3GHz 12-inch (Mid 2017),7199.0,,256.0,SSD,Unknown,,280.0,2017,Intel Core i5,12.0,,,"8, 16",8.0,256 GB,Unknown
Switch,Mac,MacBook,MacBook i5 1.3GHz 12-inch (Mid 2017),7199.0,,512.0,SSD,Unknown,,330.0,2017,Intel Core i5,12.0,,,"8, 16",8.0,512 GB,Unknown
Switch,Mac,MacBook,MacBook i7 1.4GHz 12-inch (Mid 2017),7149.0,,256.0,SSD,Unknown,,330.0,2017,Intel Core i7,12.0,,,"8, 16",8.0,256 GB,Unknown
Switch,Mac,MacBook,MacBook i7 1.4GHz 12-inch (Mid 2017),7149.0,,512.0,SSD,Unknown,,380.0,2017,Intel Core i7,12.0,,,"8, 16",8.0,512 GB,Unknown
Switch,Mac,MacBook,MacBook M3 1.1GHz 12-inch (Early 2016),5499.0,,256.0,SSD,Unknown,,120.0,2016,Intel Core m3,12.0,,,8,8.0,256 GB,M3
Switch,Mac,MacBook,MacBook M3 1.2GHz 12-inch (Mid 2017),5999.0,,256.0,SSD,Unknown,,280.0,2017,Intel Core m3,12.0,,,"8, 16",8.0,256 GB,M3
Switch,Mac,MacBook,MacBook M5 1.2GHz 12-inch (Early 2016),6699.0,,512.0,SSD,Unknown,,250.0,2016,Intel Core m5,12.0,,,8,8.0,512 GB,M5
Switch,Mac,MacBook,MacBook M7 1.3GHz 12-inch (Early 2016),6649.0,,256.0,SSD,Unknown,,190.0,2016,Intel Core m7,12.0,,,8,8.0,256 GB,Unknown
Switch,Mac,MacBook,MacBook M7 1.3GHz 12-inch (Early 2016),6649.0,,512.0,SSD,Unknown,,250.0,2016,Intel Core m7,12.0,,,8,8.0,512 GB,Unknown
Switch,Mac,MacBook Pro,MacBook Pro 14-inch M1 Max 10-Core CPU & 24-Core GPU (2021),12399.0,,512.0,SSD,Unknown,,2520.0,2021,M1 Max,14.0,,,"32, 64",32.0,512 GB,M1
Switch,Mac,MacBook Pro,MacBook Pro 14-inch M1 Max 10-Core CPU & 24-Core GPU (2021),12399.0,,1024.0,SSD,Unknown,,2680.0,2021,M1 Max,14.0,,,"32, 64",32.0,1 TB,M1
Switch,Mac,MacBook Pro,MacBook Pro 14-inch M1 Max 10-Core CPU & 24-Core GPU (2021),14799.0,,2048.0,SSD,Unknown,,2680.0,2021,M1 Max,14.0,,,"32, 64",32.0,2 TB,M1
Switch,Mac,MacBook Pro,MacBook Pro 14-inch M1 Max 10-Core CPU & 24-Core GPU (2021),17999.0,,4096.0,SSD,Unknown,,3510.0,2021,M1 Max,14.0,,,"32, 64",32.0,4 TB,M1
Switch,Mac,MacBook Pro,MacBook Pro 14-inch M1 Max 10-Core CPU & 24-Core GPU (2021),21999.0,,8192.0,SSD,Unknown,,4380.0,2021,M1 Max,14.0,,,"32, 64",32.0,8 TB,M1
Switch,Mac,MacBook Pro,MacBook Pro 14-inch M1 Max 10-Core CPU & 32-Core GPU (2021),13199.0,,512.0,SSD,Unknown,,2690.0,2021,M1 Max,14.0,,,"32, 64",32.0,512 GB,M1
Switch,Mac,MacBook Pro,MacBook Pro 14-inch M1 Max 10-Core CPU & 32-Core GPU (2021),13199.0,,1024.0,SSD,Unknown,,2780.0,2021,M1 Max,14.0,,,"32, 64",32.0,1 TB,M1
Switch,Mac,MacBook Pro,MacBook Pro 14-inch M1 Max 10-Core CPU & 32-Core GPU (2021),15599.0,,2048.0,SSD,Unknown,,3130.0,2021,M1 Max,14.0,,,"32, 64",32.0,2 TB,M1
Switch,Mac,MacBook Pro,MacBook Pro 14-inch M1 Max 10-Core CPU & 32-Core GPU (2021),18799.0,,4096.0,SSD,Unknown,,3580.0,2021,M1 Max,14.0,,,"32, 64",32.0,4 TB,M1
Switch,Mac,MacBook Pro,MacBook Pro 14-inch M1 Max 10-Core CPU & 32-Core GPU (2021),22799.0,,8192.0,SSD,Unknown,,4550.0,2021,M1 Max,14.0,,,"32, 64",32.0,8 TB,M1
Switch,Mac,MacBook Pro,MacBook Pro 14-inch M1 Pro 10-Core CPU & 14-Core GPU (2021),9599.0,,512.0,SSD,Unknown,,1980.0,2021,M1 Pro,14.0,,,"16, 32",16.0,512 GB,M1
Switch,Mac,MacBook Pro,MacBook Pro 14-inch M1 Pro 10-Core CPU & 14-Core GPU (2021),9599.0,,1024.0,SSD,Unknown,,2170.0,2021,M1 Pro,14.0,,,"16, 32",16.0,1 TB,M1
Switch,Mac,MacBook Pro,MacBook Pro 14-inch M1 Pro 10-Core CPU & 14-Core GPU (2021),11999.0,,2048.0,SSD,Unknown,,2410.0,2021,M1 Pro,14.0,,,"16, 32",16.0,2 TB,M1
Switch,Mac,MacBook Pro,MacBook Pro 14-inch M1 Pro 10-Core CPU & 14-Core GPU (2021),15199.0,,4096.0,SSD,Unknown,,2890.0,2021,M1 Pro,14.0,,,"16, 32",16.0,4 TB,M1
Switch,Mac,MacBook Pro,MacBook Pro 14-inch M1 Pro 10-Core CPU & 14-Core GPU (2021),19199.0,,8192.0,SSD,Unknown,,3970.0,2021,M1 Pro,14.0,,,"16, 32",16.0,8 TB,M1
Switch,Mac,MacBook Pro,MacBook Pro 14-inch M1 Pro 10-Core CPU & 16-Core GPU (2021),9999.0,,512.0,SSD,Unknown,,2120.0,2021,M1 Pro,14.0,,,"16, 32",16.0,512 GB,M1
Switch,Mac,MacBook Pro,MacBook Pro 14-inch M1 Pro 10-Core CPU & 16-Core GPU (2021),10799.0,,1024.0,SSD,Unknown,,2300.0,2021,M1 Pro,14.0,,,"16, 32",16.0,1 TB,M1
Switch,Mac,MacBook Pro,MacBook Pro 14-inch M1 Pro 10-Core CPU & 16-Core GPU (2021),12399.0,,2048.0,SSD,Unknown,,2560.0,2021,M1 Pro,14.0,,,"16, 32",16.0,2 TB,M1
Switch,Mac,MacBook Pro,MacBook Pro 14-inch M1 Pro 10-Core CPU & 16-Core GPU (2021),15599.0,,4096.0,SSD,Unknown,,3070.0,2021,M1 Pro,14.0,,,"16, 32",16.0,4 TB,M1
Switch,Mac,MacBook Pro,MacBook Pro 14-inch M1 Pro 10-Core CPU & 16-Core GPU (2021),19599.0,,8192.0,SSD,Unknown,,4090.0,2021,M1 Pro,14.0,,,"16, 32",16.0,8 TB,M1
Switch,Mac,MacBook Pro,MacBook Pro 14-inch M1 Pro 8-Core CPU & 14-Core GPU (2021),8799.0,,512.0,SSD,Unknown,,1840.0,2021,M1 Pro,14.0,,,"16, 32",16.0,512 GB,M1
Switch,Mac,MacBook Pro,MacBook Pro 14-inch M1 Pro 8-Core CPU & 14-Core GPU (2021),9599.0,,1024.0,SSD,Unknown,,2050.0,2021,M1 Pro,14.0,,,"16, 32",16.0,1 TB,M1
Switch,Mac,MacBook Pro,MacBook Pro 14-inch M1 Pro 8-Core CPU & 14-Core GPU (2021),11199.0,,2048.0,SSD,Unknown,,2070.0,2021,M1 Pro,14.0,,,"16, 32",16.0,2 TB,M1
Switch,Mac,MacBook Pro,MacBook Pro 14-inch M1 Pro 8-Core CPU & 14-Core GPU (2021),14399.0,,4096.0,SSD,Unknown,,2510.0,2021,M1 Pro,14.0,,,"16, 32",16.0,4 TB,M1
Switch,Mac,MacBook Pro,MacBook Pro 14-inch M1 Pro 8-Core CPU & 14-Core GPU (2021),18399.0,,8192.0,SSD,Unknown,,3700.0,2021,M1 Pro,14.0,,,"16, 32",16.0,8 TB,M1
Switch,Mac,MacBook Pro,MacBook Pro 16-inch M1 Max 10-Core CPU & 24-Core GPU (2021),13199.0,,512.0,SSD,Unknown,,2700.0,2021,M1 Max,16.0,,,"32, 64",32.0,512 GB,M1
Switch,Mac,MacBook Pro,MacBook Pro 16-inch M1 Max 10-Core CPU & 24-Core GPU (2021),14799.0,,1024.0,SSD,Unknown,,2750.0,2021,M1 Max,16.0,,,"32, 64",32.0,1 TB,M1
Switch,Mac,MacBook Pro,MacBook Pro 16-inch M1 Max 10-Core CPU & 24-Core GPU (2021),16399.0,,2048.0,SSD,Unknown,,3090.0,2021,M1 Max,16.0,,,"32, 64",32.0,2 TB,M1
Switch,Mac,MacBook Pro,MacBook Pro 16-inch M1 Max 10-Core CPU & 24-Core GPU (2021),19599.0,,4096.0,SSD,Unknown,,3590.0,2021,M1 Max,16.0,,,"32, 64",32.0,4 TB,M1
Switch,Mac,MacBook Pro,MacBook Pro 16-inch M1 Max 10-Core CPU & 24-Core GPU (2021),23599.0,,8192.0,SSD,Unknown,,4610.0,2021,M1 Max,16.0,,,"32, 64",32.0,8 TB,M1
Switch,Mac,MacBook Pro,MacBook Pro 16-inch M1 Max 10-Core CPU & 32-Core GPU (2021),13999.0,,512.0,SSD,Unknown,,2720.0,2021,M1 Max,16.0,,,"32, 64",32.0,512 GB,M1
Switch,Mac,MacBook Pro,MacBook Pro 16-inch M1 Max 10-Core CPU & 32-Core GPU (2021),14799.0,,1024.0,SSD,Unknown,,2920.0,2021,M1 Max,16.0,,,"32, 64",32.0,1 TB,M1
Switch,Mac,MacBook Pro,MacBook Pro 16-inch M1 Max 10-Core CPU & 32-Core GPU (2021),16399.0,,2048.0,SSD,Unknown,,3260.0,2021,M1 Max,16.0,,,"32, 64",32.0,2 TB,M1
Switch,Mac,MacBook Pro,MacBook Pro 16-inch M1 Max 10-Core CPU & 32-Core GPU (2021),19599.0,,4096.0,SSD,Unknown,,3800.0,2021,M1 Max,16.0,,,"32, 64",32.0,4 TB,M1
Switch,Mac,MacBook Pro,MacBook Pro 16-inch M1 Max 10-Core CPU & 32-Core GPU (2021),23599.0,,8192.0,SSD,Unknown,,4770.0,2021,M1 Max,16.0,,,"32, 64",32.0,8 TB,M1
Switch,Mac,MacBook Pro,MacBook Pro 16-inch M1 Pro 10-Core CPU & 16-Core GPU (2021),10799.0,,512.0,SSD,Unknown,,2150.0,2021,M1 Pro,16.0,,,"16, 32",16.0,512 GB,M1
Switch,Mac,MacBook Pro,MacBook Pro 16-inch M1 Pro 10-Core CPU & 16-Core GPU (2021),11599.0,,1024.0,SSD,Unknown,,2320.0,2021,M1 Pro,16.0,,,"16, 32",16.0,1 TB,M1
Switch,Mac,MacBook Pro,MacBook Pro 16-inch M1 Pro 10-Core CPU & 16-Core GPU (2021),13199.0,,2048.0,SSD,Unknown,,2680.0,2021,M1 Pro,16.0,,,"16, 32",16.0,2 TB,M1
Switch,Mac,MacBook Pro,MacBook Pro 16-inch M1 Pro 10-Core CPU & 16-Core GPU (2021),16399.0,,4096.0,SSD,Unknown,,3100.0,2021,M1 Pro,16.0,,,"16, 32",16.0,4 TB,M1
Switch,Mac,MacBook Pro,MacBook Pro 16-inch M1 Pro 10-Core CPU & 16-Core GPU (2021),20399.0,,8192.0,SSD,Unknown,,3400.0,2021,M1 Pro,16.0,,,"16, 32",16.0,8 TB,M1
Switch,Mac,MacBook Pro,MacBook Pro i5 1.4GHz 13-inch (Mid 2019),5499.0,,128.0,SSD,Unknown,,420.0,2019,Intel Core i5,13.0,,,"8, 16",8.0,128 GB,Unknown
Switch,Mac,MacBook Pro,MacBook Pro i5 1.4GHz 13-inch (Mid 2019),7849.0,,256.0,SSD,Unknown,,520.0,2019,Intel Core i5,13.0,,,"8, 16",8.0,256 GB,Unknown
Switch,Mac,MacBook Pro,MacBook Pro i5 1.4GHz 13-inch (Mid 2019),7099.0,,512.0,SSD,Unknown,,570.0,2019,Intel Core i5,13.0,,,"8, 16",8.0,512 GB,Unknown
Switch,Mac,MacBook Pro,MacBook Pro i5 1.4GHz 13-inch (Mid 2019),7899.0,,1024.0,SSD,Unknown,,640.0,2019,Intel Core i5,13.0,,,"8, 16",8.0,1 TB,Unknown
Switch,Mac,MacBook Pro,MacBook Pro i5 1.4GHz 13-inch (Mid 2019),9499.0,,2048.0,SSD,Unknown,,690.0,2019,Intel Core i5,13.0,,,"8, 16",8.0,2 TB,Unknown
Switch,Mac,MacBook Pro,MacBook Pro i5 1.4GHz 13-inch (Mid 2020),5599.0,,256.0,SSD,Unknown,,660.0,2020,Intel Core i5,13.0,,,"8, 16",8.0,256 GB,Unknown
Switch,Mac,MacBook Pro,MacBook Pro i5 1.4GHz 13-inch (Mid 2020),7849.0,,512.0,SSD,Unknown,,710.0,2020,Intel Core i5,13.0,,,"8, 16",8.0,512 GB,Unknown
Switch,Mac,MacBook Pro,MacBook Pro i5 1.4GHz 13-inch (Mid 2020),8699.0,,1024.0,SSD,Unknown,,760.0,2020,Intel Core i5,13.0,,,"8, 16",8.0,1 TB,Unknown
Switch,Mac,MacBook Pro,MacBook Pro i5 1.4GHz 13-inch (Mid 2020),10399.0,,2048.0,SSD,Unknown,,780.0,2020,Intel Core i5,13.0,,,"8, 16",8.0,2 TB,Unknown
Switch,Mac,MacBook Pro,MacBook Pro i5 2.0GHz 13-inch (Late 2016),6299.0,,256.0,SSD,Unknown,,250.0,2016,Intel Core i5,13.0,,,"8, 16",8.0,256 GB,Unknown
Switch,Mac,MacBook Pro,MacBook Pro i5 2.0GHz 13-inch (Late 2016),6299.0,,512.0,SSD,Unknown,,300.0,2016,Intel Core i5,13.0,,,"8, 16",8.0,512 GB,Unknown
Switch,Mac,MacBook Pro,MacBook Pro i5 2.0GHz 13-inch (Late 2016),7099.0,,1024.0,SSD,Unknown,,350.0,2016,Intel Core i5,13.0,,,"8, 16",8.0,1 TB,Unknown
Switch,Mac,MacBook Pro,MacBook Pro i5 2.0GHz 13-inch (Mid 2020),7999.0,,512.0,SSD,Unknown,,760.0,2020,Intel Core i5,13.0,,,"16, 32",16.0,512 GB,Unknown
Switch,Mac,MacBook Pro,MacBook Pro i5 2.0GHz 13-inch (Mid 2020),8799.0,,1024.0,SSD,Unknown,,830.0,2020,Intel Core i5,13.0,,,"16, 32",16.0,1 TB,Unknown
Switch,Mac,MacBook Pro,MacBook Pro i5 2.0GHz 13-inch (Mid 2020),10499.0,,2048.0,SSD,Unknown,,920.0,2020,Intel Core i5,13.0,,,"16, 32",16.0,2 TB,Unknown
Switch,Mac,MacBook Pro,MacBook Pro i5 2.0GHz 13-inch (Mid 2020),13899.0,,4096.0,SSD,Unknown,,1050.0,2020,Intel Core i5,13.0,,,"16, 32",16.0,4 TB,Unknown
Switch,Mac,MacBook Pro,MacBook Pro i5 2.3GHz 13-inch (Mid 2017),5999.0,,128.0,SSD,Unknown,,350.0,2017,Intel Core i5,13.0,,,"8, 16",8.0,128 GB,Unknown
Switch,Mac,MacBook Pro,MacBook Pro i5 2.3GHz 13-inch (Mid 2017),5999.0,,256.0,SSD,Unknown,,450.0,2017,Intel Core i5,13.0,,,"8, 16",8.0,256 GB,Unknown
Switch,Mac,MacBook Pro,MacBook Pro i5 2.3GHz 13-inch (Mid 2017),6899.0,,512.0,SSD,Unknown,,500.0,2017,Intel Core i5,13.0,,,"8, 16",8.0,512 GB,Unknown
Switch,Mac,MacBook Pro,MacBook Pro i5 2.3GHz 13-inch (Mid 2017),6899.0,,1024.0,SSD,Unknown,,550.0,2017,Intel Core i5,13.0,,,"8, 16",8.0,1 TB,Unknown
Switch,Mac,MacBook Pro,MacBook Pro i5 2.3GHz 13-inch (Mid 2018),7499.0,,256.0,SSD,Unknown,,500.0,2018,Intel Core i5,13.0,,,"8, 16",8.0,256 GB,Unknown
Switch,Mac,MacBook Pro,MacBook Pro i5 2.3GHz 13-inch (Mid 2018),7499.0,,512.0,SSD,Unknown,,600.0,2018,Intel Core i5,13.0,,,"8, 16",8.0,512 GB,Unknown
Switch,Mac,MacBook Pro,MacBook Pro i5 2.3GHz 13-inch (Mid 2018),8299.0,,1024.0,SSD,Unknown,,700.0,2018,Intel Core i5,13.0,,,"8, 16",8.0,1 TB,Unknown
Switch,Mac,MacBook Pro,MacBook Pro i5 2.3GHz 13-inch (Mid 2018),9598.0,,2048.0,SSD,Unknown,,770.0,2018,Intel Core i5,13.0,,,"8, 16",8.0,2 TB,Unknown
Switch,Mac,MacBook Pro,MacBook Pro i5 2.4GHz 13-inch (Mid 2019),7849.0,,256.0,SSD,Unknown,,690.0,2019,Intel Core i5,13.0,,,"8, 16",8.0,256 GB,Unknown
Switch,Mac,MacBook Pro,MacBook Pro i5 2.4GHz 13-inch (Mid 2019),7849.0,,512.0,SSD,Unknown,,700.0,2019,Intel Core i5,13.0,,,"8, 16",8.0,512 GB,Unknown
Switch,Mac,MacBook Pro,MacBook Pro i5 2.4GHz 13-inch (Mid 2019),8699.0,,1024.0,SSD,Unknown,,730.0,2019,Intel Core i5,13.0,,,"8, 16",8.0,1 TB,Unknown
Switch,Mac,MacBook Pro,MacBook Pro i5 2.4GHz 13-inch (Mid 2019),9549.0,,2048.0,SSD,Unknown,,760.0,2019,Intel Core i5,13.0,,,"8, 16",8.0,2 TB,Unknown
Switch,Mac,MacBook Pro,MacBook Pro i5 2.7GHz 13-inch (Early 2015),4499.0,,128.0,SSD,Unknown,,80.0,2015,Intel Core i5,13.0,,,"8, 16",8.0,128 GB,Unknown
Switch,Mac,MacBook Pro,MacBook Pro i5 2.7GHz 13-inch (Early 2015),4499.0,,256.0,SSD,Unknown,,80.0,2015,Intel Core i5,13.0,,,"8, 16",8.0,256 GB,Unknown
Switch,Mac,MacBook Pro,MacBook Pro i5 2.7GHz 13-inch (Early 2015),5199.0,,512.0,SSD,Unknown,,120.0,2015,Intel Core i5,13.0,,,"8, 16",8.0,512 GB,Unknown
Switch,Mac,MacBook Pro,MacBook Pro i5 2.7GHz 13-inch (Early 2015),6199.0,,1024.0,SSD,Unknown,,120.0,2015,Intel Core i5,13.0,,,"8, 16",8.0,1 TB,Unknown
Switch,Mac,MacBook Pro,MacBook Pro i5 2.9GHz 13-inch (Early 2015),6199.0,,128.0,SSD,Unknown,,120.0,2015,Intel Core i5,13.0,,,"8, 16",8.0,128 GB,Unknown
Switch,Mac,MacBook Pro,MacBook Pro i5 2.9GHz 13-inch (Early 2015),6199.0,,256.0,SSD,Unknown,,120.0,2015,Intel Core i5,13.0,,,"8, 16",8.0,256 GB,Unknown
Switch,Mac,MacBook Pro,MacBook Pro i5 2.9GHz 13-inch (Early 2015),6899.0,,512.0,SSD,Unknown,,120.0,2015,Intel Core i5,13.0,,,"8, 16",8.0,512 GB,Unknown
Switch,Mac,MacBook Pro,MacBook Pro i5 2.9GHz 13-inch (Early 2015),7899.0,,1024.0,SSD,Unknown,,120.0,2015,Intel Core i5,13.0,,,"8, 16",8.0,1 TB,Unknown
Switch,Mac,MacBook Pro,MacBook Pro i5 2.9GHz 13-inch (Late 2016),7599.0,,256.0,SSD,Unknown,,400.0,2016,Intel Core i5,13.0,,,"8, 16",8.0,256 GB,Unknown
Switch,Mac,MacBook Pro,MacBook Pro i5 2.9GHz 13-inch (Late 2016),8399.0,,512.0,SSD,Unknown,,450.0,2016,Intel Core i5,13.0,,,"8, 16",8.0,512 GB,Unknown
Switch,Mac,MacBook Pro,MacBook Pro i5 2.9GHz 13-inch (Late 2016),8399.0,,1024.0,SSD,Unknown,,460.0,2016,Intel Core i5,13.0,,,"8, 16",8.0,1 TB,Unknown
Switch,Mac,MacBook Pro,MacBook Pro i5 3.1GHz 13-inch (Late 2016),8059.0,,256.0,SSD,Unknown,,470.0,2016,Intel Core i5,13.0,,,"8, 16",8.0,256 GB,Unknown
Switch,Mac,MacBook Pro,MacBook Pro i5 3.1GHz 13-inch (Late 2016),8059.0,,512.0,SSD,Unknown,,480.0,2016,Intel Core i5,13.0,,,"8, 16",8.0,512 GB,Unknown
Switch,Mac,MacBook Pro,MacBook Pro i5 3.1GHz 13-inch (Late 2016),8859.0,,1024.0,SSD,Unknown,,490.0,2016,Intel Core i5,13.0,,,"8, 16",8.0,1 TB,Unknown
Switch,Mac,MacBook Pro,MacBook Pro i5 3.1GHz 13-inch (Mid 2017),7999.0,,256.0,SSD,Unknown,,500.0,2017,Intel Core i5,13.0,,,"8, 16",8.0,256 GB,Unknown
Switch,Mac,MacBook Pro,MacBook Pro i5 3.1GHz 13-inch (Mid 2017),7999.0,,512.0,SSD,Unknown,,530.0,2017,Intel Core i5,13.0,,,"8, 16",8.0,512 GB,Unknown
Switch,Mac,MacBook Pro,MacBook Pro i5 3.1GHz 13-inch (Mid 2017),8899.0,,1024.0,SSD,Unknown,,600.0,2017,Intel Core i5,13.0,,,"8, 16",8.0,1 TB,Unknown
Switch,Mac,MacBook Pro,MacBook Pro i5 3.3GHz 13-inch (Mid 2017),8459.0,,256.0,SSD,Unknown,,500.0,2017,Intel Core i5,13.0,,,"8, 16",8.0,256 GB,Unknown
Switch,Mac,MacBook Pro,MacBook Pro i5 3.3GHz 13-inch (Mid 2017),8459.0,,512.0,SSD,Unknown,,530.0,2017,Intel Core i5,13.0,,,"8, 16",8.0,512 GB,Unknown
Switch,Mac,MacBook Pro,MacBook Pro i5 3.3GHz 13-inch (Mid 2017),9359.0,,1024.0,SSD,Unknown,,600.0,2017,Intel Core i5,13.0,,,"8, 16",8.0,1 TB,Unknown
Switch,Mac,MacBook Pro,MacBook Pro i7 1.7GHz 13-inch (Mid 2019),6699.0,,128.0,SSD,Unknown,,500.0,2019,Intel Core i7,13.0,,,"8, 16",8.0,128 GB,Unknown
Switch,Mac,MacBook Pro,MacBook Pro i7 1.7GHz 13-inch (Mid 2019),9169.0,,256.0,SSD,Unknown,,570.0,2019,Intel Core i7,13.0,,,"8, 16",8.0,256 GB,Unknown
Switch,Mac,MacBook Pro,MacBook Pro i7 1.7GHz 13-inch (Mid 2019),7499.0,,512.0,SSD,Unknown,,610.0,2019,Intel Core i7,13.0,,,"8, 16",8.0,512 GB,Unknown
Switch,Mac,MacBook Pro,MacBook Pro i7 1.7GHz 13-inch (Mid 2019),8299.0,,1024.0,SSD,Unknown,,690.0,2019,Intel Core i7,13.0,,,"8, 16",8.0,1 TB,Unknown
Switch,Mac,MacBook Pro,MacBook Pro i7 1.7GHz 13-inch (Mid 2019),8999.0,,2048.0,SSD,Unknown,,730.0,2019,Intel Core i7,13.0,,,"8, 16",8.0,2 TB,Unknown
Switch,Mac,MacBook Pro,MacBook Pro i7 1.7GHz 13-inch (Mid 2020),6799.0,,256.0,SSD,Unknown,,780.0,2020,Intel Core i7,13.0,,,"8, 16",8.0,256 GB,Unknown
Switch,Mac,MacBook Pro,MacBook Pro i7 1.7GHz 13-inch (Mid 2020),9649.0,,512.0,SSD,Unknown,,790.0,2020,Intel Core i7,13.0,,,"8, 16",8.0,512 GB,Unknown
Switch,Mac,MacBook Pro,MacBook Pro i7 1.7GHz 13-inch (Mid 2020),10499.0,,1024.0,SSD,Unknown,,830.0,2020,Intel Core i7,13.0,,,"8, 16",8.0,1 TB,Unknown
Switch,Mac,MacBook Pro,MacBook Pro i7 1.7GHz 13-inch (Mid 2020),12199.0,,2048.0,SSD,Unknown,,920.0,2020,Intel Core i7,13.0,,,"8, 16",8.0,2 TB,Unknown
Switch,Mac,MacBook Pro,MacBook Pro i7 2.2GHz 15-inch (Mid 2015),6799.0,,256.0,SSD,Unknown,,200.0,2015,Intel Core i7,15.0,,,16,16.0,256 GB,Unknown
Switch,Mac,MacBook Pro,MacBook Pro i7 2.2GHz 15-inch (Mid 2015),7781.0,,512.0,SSD,Unknown,,200.0,2015,Intel Core i7,15.0,,,16,16.0,512 GB,Unknown
Switch,Mac,MacBook Pro,MacBook Pro i7 2.2GHz 15-inch (Mid 2015),8545.0,,1024.0,SSD,Unknown,,200.0,2015,Intel Core i7,15.0,,,16,16.0,1 TB,Unknown
Switch,Mac,MacBook Pro,MacBook Pro i7 2.2GHz 15-inch (Mid 2018),9999.0,,256.0,SSD,Unknown,,910.0,2018,Intel Core i7,15.0,,,"16, 32",16.0,256 GB,Unknown
Switch,Mac,MacBook Pro,MacBook Pro i7 2.2GHz 15-inch (Mid 2018),9999.0,,512.0,SSD,Unknown,,920.0,2018,Intel Core i7,15.0,,,"16, 32",16.0,512 GB,Unknown
Switch,Mac,MacBook Pro,MacBook Pro i7 2.2GHz 15-inch (Mid 2018),11599.0,,1024.0,SSD,Unknown,,960.0,2018,Intel Core i7,15.0,,,"16, 32",16.0,1 TB,Unknown
Switch,Mac,MacBook Pro,MacBook Pro i7 2.2GHz 15-inch (Mid 2018),13199.0,,2048.0,SSD,Unknown,,1110.0,2018,Intel Core i7,15.0,,,"16, 32",16.0,2 TB,Unknown
Switch,Mac,MacBook Pro,MacBook Pro i7 2.2GHz 15-inch (Mid 2018),13498.0,,4096.0,SSD,Unknown,,1210.0,2018,Intel Core i7,15.0,,,"16, 32",16.0,4 TB,Unknown
Switch,Mac,MacBook Pro,MacBook Pro i7 2.3GHz 13-inch (Mid 2020),8799.0,,512.0,SSD,Unknown,,780.0,2020,Intel Core i7,13.0,,,"16, 32",16.0,512 GB,Unknown
Switch,Mac,MacBook Pro,MacBook Pro i7 2.3GHz 13-inch (Mid 2020),10899.0,,1024.0,SSD,Unknown,,880.0,2020,Intel Core i7,13.0,,,"16, 32",16.0,1 TB,Unknown
Switch,Mac,MacBook Pro,MacBook Pro i7 2.3GHz 13-inch (Mid 2020),12599.0,,2048.0,SSD,Unknown,,960.0,2020,Intel Core i7,13.0,,,"16, 32",16.0,2 TB,Unknown
Switch,Mac,MacBook Pro,MacBook Pro i7 2.3GHz 13-inch (Mid 2020),15999.0,,4096.0,SSD,Unknown,,1100.0,2020,Intel Core i7,13.0,,,"16, 32",16.0,4 TB,Unknown
Switch,Mac,MacBook Pro,MacBook Pro i7 2.4GHz 13-inch (Late 2016),7679.0,,256.0,SSD,Unknown,,360.0,2016,Intel Core i7,13.0,,,"8, 16",8.0,256 GB,Unknown
Switch,Mac,MacBook Pro,MacBook Pro i7 2.4GHz 13-inch (Late 2016),7679.0,,512.0,SSD,Unknown,,400.0,2016,Intel Core i7,13.0,,,"8, 16",8.0,512 GB,Unknown
Switch,Mac,MacBook Pro,MacBook Pro i7 2.4GHz 13-inch (Late 2016),8479.0,,1024.0,SSD,Unknown,,450.0,2016,Intel Core i7,13.0,,,"8, 16",8.0,1 TB,Unknown
Switch,Mac,MacBook Pro,MacBook Pro i7 2.5GHz 13-inch (Mid 2017),7379.0,,128.0,SSD,Unknown,,360.0,2017,Intel Core i7,13.0,,,"8, 16",8.0,128 GB,Unknown
Switch,Mac,MacBook Pro,MacBook Pro i7 2.5GHz 13-inch (Mid 2017),7379.0,,256.0,SSD,Unknown,,500.0,2017,Intel Core i7,13.0,,,"8, 16",8.0,256 GB,Unknown
Switch,Mac,MacBook Pro,MacBook Pro i7 2.5GHz 13-inch (Mid 2017),8279.0,,512.0,SSD,Unknown,,550.0,2017,Intel Core i7,13.0,,,"8, 16",8.0,512 GB,Unknown
Switch,Mac,MacBook Pro,MacBook Pro i7 2.5GHz 13-inch (Mid 2017),8279.0,,1024.0,SSD,Unknown,,600.0,2017,Intel Core i7,13.0,,,"8, 16",8.0,1 TB,Unknown
Switch,Mac,MacBook Pro,MacBook Pro i7 2.5GHz 15-inch (Mid 2015),7781.0,,256.0,SSD,Unknown,,200.0,2015,Intel Core i7,15.0,,,16,16.0,256 GB,Unknown
Switch,Mac,MacBook Pro,MacBook Pro i7 2.5GHz 15-inch (Mid 2015),7781.0,,512.0,SSD,Unknown,,240.0,2015,Intel Core i7,15.0,,,16,16.0,512 GB,Unknown
Switch,Mac,MacBook Pro,MacBook Pro i7 2.5GHz 15-inch (Mid 2015),8545.0,,1024.0,SSD,Unknown,,250.0,2015,Intel Core i7,15.0,,,16,16.0,1 TB,Unknown
Switch,Mac,MacBook Pro,MacBook Pro i7 2.6GHz 15-inch (Late 2016),10199.0,,256.0,SSD,Unknown,,600.0,2016,Intel Core i7,15.0,,,16,16.0,256 GB,Unknown
Switch,Mac,MacBook Pro,MacBook Pro i7 2.6GHz 15-inch (Late 2016),11539.0,,512.0,SSD,Unknown,,700.0,2016,Intel Core i7,15.0,,,16,16.0,512 GB,Unknown
Switch,Mac,MacBook Pro,MacBook Pro i7 2.6GHz 15-inch (Late 2016),12919.0,,1024.0,SSD,Unknown,,770.0,2016,Intel Core i7,15.0,,,16,16.0,1 TB,Unknown
Switch,Mac,MacBook Pro,MacBook Pro i7 2.6GHz 15-inch (Late 2016),14619.0,,2048.0,SSD,Unknown,,820.0,2016,Intel Core i7,15.0,,,16,16.0,2 TB,Unknown
Switch,Mac,MacBook Pro,MacBook Pro i7 2.6GHz 15-inch (Mid 2018),11599.0,,256.0,SSD,Unknown,,800.0,2018,Intel Core i7,15.0,,,"16, 32",16.0,256 GB,Unknown
Switch,Mac,MacBook Pro,MacBook Pro i7 2.6GHz 15-inch (Mid 2018),11599.0,,512.0,SSD,Unknown,,900.0,2018,Intel Core i7,15.0,,,"16, 32",16.0,512 GB,Unknown
Switch,Mac,MacBook Pro,MacBook Pro i7 2.6GHz 15-inch (Mid 2018),13199.0,,1024.0,SSD,Unknown,,950.0,2018,Intel Core i7,15.0,,,"16, 32",16.0,1 TB,Unknown
Switch,Mac,MacBook Pro,MacBook Pro i7 2.6GHz 15-inch (Mid 2018),14799.0,,2048.0,SSD,Unknown,,1050.0,2018,Intel Core i7,15.0,,,"16, 32",16.0,2 TB,Unknown
Switch,Mac,MacBook Pro,MacBook Pro i7 2.6GHz 15-inch (Mid 2018),16399.0,,4096.0,SSD,Unknown,,1150.0,2018,Intel Core i7,15.0,,,"16, 32",16.0,4 TB,Unknown
Switch,Mac,MacBook Pro,MacBook Pro i7 2.6GHz 15-inch (Mid 2019),10499.0,,256.0,SSD,Unknown,,1030.0,2019,Intel Core i7,15.0,,,"16, 32",16.0,256 GB,Unknown
Switch,Mac,MacBook Pro,MacBook Pro i7 2.6GHz 15-inch (Mid 2019),10499.0,,512.0,SSD,Unknown,,1070.0,2019,Intel Core i7,15.0,,,"16, 32",16.0,512 GB,Unknown
Switch,Mac,MacBook Pro,MacBook Pro i7 2.6GHz 15-inch (Mid 2019),11499.0,,1024.0,SSD,Unknown,,1150.0,2019,Intel Core i7,15.0,,,"16, 32",16.0,1 TB,Unknown
Switch,Mac,MacBook Pro,MacBook Pro i7 2.6GHz 15-inch (Mid 2019),12499.0,,2048.0,SSD,Unknown,,1270.0,2019,Intel Core i7,15.0,,,"16, 32",16.0,2 TB,Unknown
Switch,Mac,MacBook Pro,MacBook Pro i7 2.6GHz 15-inch (Mid 2019),14499.0,,4096.0,SSD,Unknown,,1370.0,2019,Intel Core i7,15.0,,,"16, 32",16.0,4 TB,Unknown
Switch,Mac,MacBook Pro,MacBook Pro i7 2.6GHz 16-inch (Late 2019),10499.0,,512.0,SSD,Unknown,,1100.0,2019,Intel Core i7,16.0,,,"16, 32, 64",16.0,512 GB,Unknown
Switch,Mac,MacBook Pro,MacBook Pro i7 2.6GHz 16-inch (Late 2019),,,1024.0,SSD,Unknown,,1190.0,2019,Intel Core i7,16.0,,,"16, 32, 64",16.0,1 TB,Unknown
Switch,Mac,MacBook Pro,MacBook Pro i7 2.6GHz 16-inch (Late 2019),,,2048.0,SSD,Unknown,,1290.0,2019,Intel Core i7,16.0,,,"16, 32, 64",16.0,2 TB,Unknown
Switch,Mac,MacBook Pro,MacBook Pro i7 2.6GHz 16-inch (Late 2019),,,4096.0,SSD,Unknown,,1380.0,2019,Intel Core i7,16.0,,,"16, 32, 64",16.0,4 TB,Unknown
Switch,Mac,MacBook Pro,MacBook Pro i7 2.6GHz 16-inch (Late 2019),,,8192.0,SSD,Unknown,,1500.0,2019,Intel Core i7,16.0,,,"16, 32, 64",16.0,8 TB,Unknown
Switch,Mac,MacBook Pro,MacBook Pro i7 2.7GHz 13-inch (Mid 2018),8798.0,,256.0,SSD,Unknown,,700.0,2018,Intel Core i7,13.0,,,"8, 16",8.0,256 GB,Unknown
Switch,Mac,MacBook Pro,MacBook Pro i7 2.7GHz 13-inch (Mid 2018),8798.0,,512.0,SSD,Unknown,,720.0,2018,Intel Core i7,13.0,,,"8, 16",8.0,512 GB,Unknown
Switch,Mac,MacBook Pro,MacBook Pro i7 2.7GHz 13-inch (Mid 2018),9598.0,,1024.0,SSD,Unknown,,770.0,2018,Intel Core i7,13.0,,,"8, 16",8.0,1 TB,Unknown
Switch,Mac,MacBook Pro,MacBook Pro i7 2.7GHz 13-inch (Mid 2018),9598.0,,2048.0,SSD,Unknown,,820.0,2018,Intel Core i7,13.0,,,"8, 16",8.0,2 TB,Unknown
Switch,Mac,MacBook Pro,MacBook Pro i7 2.7GHz 15-inch (Late 2016),11999.0,,256.0,SSD,Unknown,,700.0,2016,Intel Core i7,15.0,,,16,16.0,256 GB,Unknown
Switch,Mac,MacBook Pro,MacBook Pro i7 2.7GHz 15-inch (Late 2016),11999.0,,512.0,SSD,Unknown,,720.0,2016,Intel Core i7,15.0,,,16,16.0,512 GB,Unknown
Switch,Mac,MacBook Pro,MacBook Pro i7 2.7GHz 15-inch (Late 2016),12799.0,,1024.0,SSD,Unknown,,770.0,2016,Intel Core i7,15.0,,,16,16.0,1 TB,Unknown
Switch,Mac,MacBook Pro,MacBook Pro i7 2.7GHz 15-inch (Late 2016),14999.0,,2048.0,SSD,Unknown,,820.0,2016,Intel Core i7,15.0,,,16,16.0,2 TB,Unknown
Switch,Mac,MacBook Pro,MacBook Pro i7 2.8GHz 13-inch (Mid 2019),9169.0,,256.0,SSD,Unknown,,730.0,2019,Intel Core i7,13.0,,,"8, 16",8.0,256 GB,Unknown
Switch,Mac,MacBook Pro,MacBook Pro i7 2.8GHz 13-inch (Mid 2019),9169.0,,512.0,SSD,Unknown,,760.0,2019,Intel Core i7,13.0,,,"8, 16",8.0,512 GB,Unknown
Switch,Mac,MacBook Pro,MacBook Pro i7 2.8GHz 13-inch (Mid 2019),10019.0,,1024.0,SSD,Unknown,,770.0,2019,Intel Core i7,13.0,,,"8, 16",8.0,1 TB,Unknown
Switch,Mac,MacBook Pro,MacBook Pro i7 2.8GHz 13-inch (Mid 2019),10869.0,,2048.0,SSD,Unknown,,830.0,2019,Intel Core i7,13.0,,,"8, 16",8.0,2 TB,Unknown
Switch,Mac,MacBook Pro,MacBook Pro i7 2.8GHz 15-inch (Mid 2015),8545.0,,256.0,SSD,Unknown,,240.0,2015,Intel Core i7,15.0,,,16,16.0,256 GB,Unknown
Switch,Mac,MacBook Pro,MacBook Pro i7 2.8GHz 15-inch (Mid 2015),,,512.0,SSD,Unknown,,250.0,2015,Intel Core i7,15.0,,,16,16.0,512 GB,Unknown
Switch,Mac,MacBook Pro,MacBook Pro i7 2.8GHz 15-inch (Mid 2015),,,1024.0,SSD,Unknown,,290.0,2015,Intel Core i7,15.0,,,16,16.0,1 TB,Unknown
Switch,Mac,MacBook Pro,MacBook Pro i7 2.8GHz 15-inch (Mid 2017),10799.0,,256.0,SSD,Unknown,,790.0,2017,Intel Core i7,15.0,,,"16, 32",16.0,256 GB,Unknown
Switch,Mac,MacBook Pro,MacBook Pro i7 2.8GHz 15-inch (Mid 2017),10799.0,,512.0,SSD,Unknown,,820.0,2017,Intel Core i7,15.0,,,"16, 32",16.0,512 GB,Unknown
Switch,Mac,MacBook Pro,MacBook Pro i7 2.8GHz 15-inch (Mid 2017),11599.0,,1024.0,SSD,Unknown,,840.0,2017,Intel Core i7,15.0,,,"16, 32",16.0,1 TB,Unknown
Switch,Mac,MacBook Pro,MacBook Pro i7 2.8GHz 15-inch (Mid 2017),13299.0,,2048.0,SSD,Unknown,,890.0,2017,Intel Core i7,15.0,,,"16, 32",16.0,2 TB,Unknown
Switch,Mac,MacBook Pro,MacBook Pro i7 2.9GHz 15-inch (Late 2016),11539.0,,256.0,SSD,Unknown,,700.0,2016,Intel Core i7,15.0,,,16,16.0,256 GB,Unknown
Switch,Mac,MacBook Pro,MacBook Pro i7 2.9GHz 15-inch (Late 2016),11539.0,,512.0,SSD,Unknown,,720.0,2016,Intel Core i7,15.0,,,16,16.0,512 GB,Unknown
Switch,Mac,MacBook Pro,MacBook Pro i7 2.9GHz 15-inch (Late 2016),12919.0,,1024.0,SSD,Unknown,,770.0,2016,Intel Core i7,15.0,,,16,16.0,1 TB,Unknown
Switch,Mac,MacBook Pro,MacBook Pro i7 2.9GHz 15-inch (Late 2016),14999.0,,2048.0,SSD,Unknown,,820.0,2016,Intel Core i7,15.0,,,16,16.0,2 TB,Unknown
Switch,Mac,MacBook Pro,MacBook Pro i7 2.9GHz 15-inch (Mid 2017),,,256.0,SSD,Unknown,,800.0,2017,Intel Core i7,15.0,,,"16, 32",16.0,256 GB,Unknown
Switch,Mac,MacBook Pro,MacBook Pro i7 2.9GHz 15-inch (Mid 2017),12499.0,,512.0,SSD,Unknown,,820.0,2017,Intel Core i7,15.0,,,"16, 32",16.0,512 GB,Unknown
Switch,Mac,MacBook Pro,MacBook Pro i7 2.9GHz 15-inch (Mid 2017),,,1024.0,SSD,Unknown,,840.0,2017,Intel Core i7,15.0,,,"16, 32",16.0,1 TB,Unknown
Switch,Mac,MacBook Pro,MacBook Pro i7 2.9GHz 15-inch (Mid 2017),,,2048.0,SSD,Unknown,,900.0,2017,Intel Core i7,15.0,,,"16, 32",16.0,2 TB,Unknown
Switch,Mac,MacBook Pro,MacBook Pro i7 3.1GHz 13-inch (Early 2015),5579.0,,128.0,SSD,Unknown,,120.0,2015,Intel Core i7,13.0,,,"8, 16",8.0,128 GB,Unknown
Switch,Mac,MacBook Pro,MacBook Pro i7 3.1GHz 13-inch (Early 2015),5579.0,,256.0,SSD,Unknown,,120.0,2015,Intel Core i7,13.0,,,"8, 16",8.0,256 GB,Unknown
Switch,Mac,MacBook Pro,MacBook Pro i7 3.1GHz 13-inch (Early 2015),6199.0,,512.0,SSD,Unknown,,150.0,2015,Intel Core i7,13.0,,,"8, 16",8.0,512 GB,Unknown
Switch,Mac,MacBook Pro,MacBook Pro i7 3.1GHz 13-inch (Early 2015),6919.0,,1024.0,SSD,Unknown,,150.0,2015,Intel Core i7,13.0,,,"8, 16",8.0,1 TB,Unknown
Switch,Mac,MacBook Pro,MacBook Pro i7 3.1GHz 15-inch (Mid 2017),12039.0,,256.0,SSD,Unknown,,800.0,2017,Intel Core i7,15.0,,,"16, 32",16.0,256 GB,Unknown
Switch,Mac,MacBook Pro,MacBook Pro i7 3.1GHz 15-inch (Mid 2017),12039.0,,512.0,SSD,Unknown,,820.0,2017,Intel Core i7,15.0,,,"16, 32",16.0,512 GB,Unknown
Switch,Mac,MacBook Pro,MacBook Pro i7 3.1GHz 15-inch (Mid 2017),13419.0,,1024.0,SSD,Unknown,,840.0,2017,Intel Core i7,15.0,,,"16, 32",16.0,1 TB,Unknown
Switch,Mac,MacBook Pro,MacBook Pro i7 3.1GHz 15-inch (Mid 2017),14179.0,,2048.0,SSD,Unknown,,890.0,2017,Intel Core i7,15.0,,,"16, 32",16.0,2 TB,Unknown
Switch,Mac,MacBook Pro,MacBook Pro i7 3.3GHz 13-inch (Late 2016),8979.0,,256.0,SSD,Unknown,,450.0,2016,Intel Core i7,13.0,,,"8, 16",8.0,256 GB,Unknown
Switch,Mac,MacBook Pro,MacBook Pro i7 3.3GHz 13-inch (Late 2016),8979.0,,512.0,SSD,Unknown,,460.0,2016,Intel Core i7,13.0,,,"8, 16",8.0,512 GB,Unknown
Switch,Mac,MacBook Pro,MacBook Pro i7 3.3GHz 13-inch (Late 2016),9779.0,,1024.0,SSD,Unknown,,470.0,2016,Intel Core i7,13.0,,,"8, 16",8.0,1 TB,Unknown
Switch,Mac,MacBook Pro,MacBook Pro i7 3.5GHz 13-inch (Mid 2017),9379.0,,256.0,SSD,Unknown,,720.0,2017,Intel Core i7,13.0,,,"8, 16",8.0,256 GB,Unknown
Switch,Mac,MacBook Pro,MacBook Pro i7 3.5GHz 13-inch (Mid 2017),9379.0,,512.0,SSD,Unknown,,800.0,2017,Intel Core i7,13.0,,,"8, 16",8.0,512 GB,Unknown
Switch,Mac,MacBook Pro,MacBook Pro i7 3.5GHz 13-inch (Mid 2017),10279.0,,1024.0,SSD,Unknown,,840.0,2017,Intel Core i7,13.0,,,"8, 16",8.0,1 TB,Unknown
Switch,Mac,MacBook Pro,MacBook Pro i9 2.3GHz 15-inch (Mid 2019),12199.0,,256.0,SSD,Unknown,,1030.0,2019,Intel Core i9,15.0,,,"16, 32",16.0,256 GB,Unknown
Switch,Mac,MacBook Pro,MacBook Pro i9 2.3GHz 15-inch (Mid 2019),12199.0,,512.0,SSD,Unknown,,1100.0,2019,Intel Core i9,15.0,,,"16, 32",16.0,512 GB,Unknown
Switch,Mac,MacBook Pro,MacBook Pro i9 2.3GHz 15-inch (Mid 2019),13199.0,,1024.0,SSD,Unknown,,1290.0,2019,Intel Core i9,15.0,,,"16, 32",16.0,1 TB,Unknown
Switch,Mac,MacBook Pro,MacBook Pro i9 2.3GHz 15-inch (Mid 2019),14199.0,,2048.0,SSD,Unknown,,1390.0,2019,Intel Core i9,15.0,,,"16, 32",16.0,2 TB,Unknown
Switch,Mac,MacBook Pro,MacBook Pro i9 2.3GHz 15-inch (Mid 2019),16199.0,,4096.0,SSD,Unknown,,1510.0,2019,Intel Core i9,15.0,,,"16, 32",16.0,4 TB,Unknown
Switch,Mac,MacBook Pro,MacBook Pro i9 2.3GHz 16-inch (Late 2019),12199.0,,1024.0,SSD,Unknown,,1280.0,2019,Intel Core i9,16.0,,,"16, 32, 64",16.0,1 TB,Unknown
Switch,Mac,MacBook Pro,MacBook Pro i9 2.3GHz 16-inch (Late 2019),,,2048.0,SSD,Unknown,,1380.0,2019,Intel Core i9,16.0,,,"16, 32, 64",16.0,2 TB,Unknown
Switch,Mac,MacBook Pro,MacBook Pro i9 2.3GHz 16-inch (Late 2019),,,4096.0,SSD,Unknown,,1560.0,2019,Intel Core i9,16.0,,,"16, 32, 64",16.0,4 TB,Unknown
Switch,Mac,MacBook Pro,MacBook Pro i9 2.3GHz 16-inch (Late 2019),,,8192.0,SSD,Unknown,,1570.0,2019,Intel Core i9,16.0,,,"16, 32, 64",16.0,8 TB,Unknown
Switch,Mac,MacBook Pro,MacBook Pro i9 2.4GHz 15-inch (Mid 2019),11759.0,,256.0,SSD,Unknown,,1030.0,2019,Intel Core i9,15.0,,,"16, 32",16.0,256 GB,Unknown
Switch,Mac,MacBook Pro,MacBook Pro i9 2.4GHz 15-inch (Mid 2019),11759.0,,512.0,SSD,Unknown,,1180.0,2019,Intel Core i9,15.0,,,"16, 32",16.0,512 GB,Unknown
Switch,Mac,MacBook Pro,MacBook Pro i9 2.4GHz 15-inch (Mid 2019),13079.0,,1024.0,SSD,Unknown,,1290.0,2019,Intel Core i9,15.0,,,"16, 32",16.0,1 TB,Unknown
Switch,Mac,MacBook Pro,MacBook Pro i9 2.4GHz 15-inch (Mid 2019),14399.0,,2048.0,SSD,Unknown,,1390.0,2019,Intel Core i9,15.0,,,"16, 32",16.0,2 TB,Unknown
Switch,Mac,MacBook Pro,MacBook Pro i9 2.4GHz 15-inch (Mid 2019),16399.0,,4096.0,SSD,Unknown,,1510.0,2019,Intel Core i9,15.0,,,"16, 32",16.0,4 TB,Unknown
Switch,Mac,MacBook Pro,MacBook Pro i9 2.4GHz 16-inch (Late 2019),11799.0,,512.0,SSD,Unknown,,1190.0,2019,Intel Core i9,16.0,,,"16, 32, 64",16.0,512 GB,Unknown
Switch,Mac,MacBook Pro,MacBook Pro i9 2.4GHz 16-inch (Late 2019),,,1024.0,SSD,Unknown,,1410.0,2019,Intel Core i9,16.0,,,"16, 32, 64",16.0,1 TB,Unknown
Switch,Mac,MacBook Pro,MacBook Pro i9 2.4GHz 16-inch (Late 2019),,,2048.0,SSD,Unknown,,1480.0,2019,Intel Core i9,16.0,,,"16, 32, 64",16.0,2 TB,Unknown
Switch,Mac,MacBook Pro,MacBook Pro i9 2.4GHz 16-inch (Late 2019),,,4096.0,SSD,Unknown,,1600.0,2019,Intel Core i9,16.0,,,"16, 32, 64",16.0,4 TB,Unknown
Switch,Mac,MacBook Pro,MacBook Pro i9 2.4GHz 16-inch (Late 2019),,,8192.0,SSD,Unknown,,1740.0,2019,Intel Core i9,16.0,,,"16, 32, 64",16.0,8 TB,Unknown
Switch,Mac,MacBook Pro,MacBook Pro i9 2.9GHz 15-inch (Mid 2018),11599.0,,256.0,SSD,Unknown,,910.0,2018,Intel Core i9,15.0,,,"16, 32",16.0,256 GB,Unknown
Switch,Mac,MacBook Pro,MacBook Pro i9 2.9GHz 15-inch (Mid 2018),11599.0,,512.0,SSD,Unknown,,960.0,2018,Intel Core i9,15.0,,,"16, 32",16.0,512 GB,Unknown
Switch,Mac,MacBook Pro,MacBook Pro i9 2.9GHz 15-inch (Mid 2018),12898.0,,1024.0,SSD,Unknown,,1040.0,2018,Intel Core i9,15.0,,,"16, 32",16.0,1 TB,Unknown
Switch,Mac,MacBook Pro,MacBook Pro i9 2.9GHz 15-inch (Mid 2018),14498.0,,2048.0,SSD,Unknown,,1130.0,2018,Intel Core i9,15.0,,,"16, 32",16.0,2 TB,Unknown
Switch,Mac,MacBook Pro,MacBook Pro i9 2.9GHz 15-inch (Mid 2018),16098.0,,4096.0,SSD,Unknown,,1230.0,2018,Intel Core i9,15.0,,,"16, 32",16.0,4 TB,Unknown
Switch,Mac,MacBook Pro,MacBook Pro M1 8-Core CPU & 8-Core GPU 13-inch (Late 2020),5599.0,,256.0,SSD,Unknown,,910.0,2020,M1,13.0,,,"8, 16",8.0,256 GB,M1
Switch,Mac,MacBook Pro,MacBook Pro M1 8-Core CPU & 8-Core GPU 13-inch (Late 2020),6399.0,,512.0,SSD,Unknown,,960.0,2020,M1,13.0,,,"8, 16",8.0,512 GB,M1
Switch,Mac,MacBook Pro,MacBook Pro M1 8-Core CPU & 8-Core GPU 13-inch (Late 2020),7199.0,,1024.0,SSD,Unknown,,1030.0,2020,M1,13.0,,,"8, 16",8.0,1 TB,M1
Switch,Mac,MacBook Pro,MacBook Pro M1 8-Core CPU & 8-Core GPU 13-inch (Late 2020),8799.0,,2048.0,SSD,Unknown,,1150.0,2020,M1,13.0,,,"8, 16",8.0,2 TB,M1
Switch,Mac,MacBook Pro,MacBook Pro M2 8-Core CPU & 10-Core GPU 13-inch (Mid 2022),5699.0,,256.0,SSD,Unknown,,1400.0,2022,M2,13.0,,,"8, 16, 24",8.0,256 GB,M2
Switch,Mac,MacBook Pro,MacBook Pro M2 8-Core CPU & 10-Core GPU 13-inch (Mid 2022),6499.0,,512.0,SSD,Unknown,,1680.0,2022,M2,13.0,,,"8, 16, 24",8.0,512 GB,M2
Switch,Mac,MacBook Pro,MacBook Pro M2 8-Core CPU & 10-Core GPU 13-inch (Mid 2022),7299.0,,1024.0,SSD,Unknown,,1900.0,2022,M2,13.0,,,"8, 16, 24",8.0,1 TB,M2
Switch,Mac,MacBook Pro,MacBook Pro M2 8-Core CPU & 10-Core GPU 13-inch (Mid 2022),8899.0,,2048.0,SSD,Unknown,,2260.0,2022,M2,13.0,,,"8, 16, 24",8.0,2 TB,M2
Switch,Mac,MacBook Pro,MacBook Pro M2 Max 12-Core CPU & 30-Core GPU 14-inch (Early 2023),13199.0,,512.0,SSD,Unknown,,2910.0,2023,M2 Max,14.0,,,"32, 64",32.0,512 GB,M2
Switch,Mac,MacBook Pro,MacBook Pro M2 Max 12-Core CPU & 30-Core GPU 14-inch (Early 2023),13199.0,,1024.0,SSD,Unknown,,2940.0,2023,M2 Max,14.0,,,"32, 64",32.0,1 TB,M2
Switch,Mac,MacBook Pro,MacBook Pro M2 Max 12-Core CPU & 30-Core GPU 14-inch (Early 2023),15599.0,,2048.0,SSD,Unknown,,3950.0,2023,M2 Max,14.0,,,"32, 64",32.0,2 TB,M2
Switch,Mac,MacBook Pro,MacBook Pro M2 Max 12-Core CPU & 30-Core GPU 14-inch (Early 2023),18799.0,,4096.0,SSD,Unknown,,4460.0,2023,M2 Max,14.0,,,"32, 64",32.0,4 TB,M2
Switch,Mac,MacBook Pro,MacBook Pro M2 Max 12-Core CPU & 30-Core GPU 14-inch (Early 2023),22799.0,,8192.0,SSD,Unknown,,5630.0,2023,M2 Max,14.0,,,"32, 64",32.0,8 TB,M2
Switch,Mac,MacBook Pro,MacBook Pro M2 Max 12-Core CPU & 30-Core GPU 16-inch (Early 2023),13199.0,,512.0,SSD,Unknown,,3540.0,2023,M2 Max,16.0,,,"32, 64",32.0,512 GB,M2
Switch,Mac,MacBook Pro,MacBook Pro M2 Max 12-Core CPU & 30-Core GPU 16-inch (Early 2023),13999.0,,1024.0,SSD,Unknown,,3720.0,2023,M2 Max,16.0,,,"32, 64",32.0,1 TB,M2
Switch,Mac,MacBook Pro,MacBook Pro M2 Max 12-Core CPU & 30-Core GPU 16-inch (Early 2023),15599.0,,2048.0,SSD,Unknown,,4040.0,2023,M2 Max,16.0,,,"32, 64",32.0,2 TB,M2
Switch,Mac,MacBook Pro,MacBook Pro M2 Max 12-Core CPU & 30-Core GPU 16-inch (Early 2023),18799.0,,4096.0,SSD,Unknown,,4670.0,2023,M2 Max,16.0,,,"32, 64",32.0,4 TB,M2
Switch,Mac,MacBook Pro,MacBook Pro M2 Max 12-Core CPU & 30-Core GPU 16-inch (Early 2023),22799.0,,8192.0,SSD,Unknown,,5920.0,2023,M2 Max,16.0,,,"32, 64",32.0,8 TB,M2
Switch,Mac,MacBook Pro,MacBook Pro M2 Max 12-Core CPU & 38-Core GPU 14-inch (Early 2023),13999.0,,512.0,SSD,Unknown,,3360.0,2023,M2 Max,14.0,,,"32, 64, 96",32.0,512 GB,M2
Switch,Mac,MacBook Pro,MacBook Pro M2 Max 12-Core CPU & 38-Core GPU 14-inch (Early 2023),13199.0,,1024.0,SSD,Unknown,,3640.0,2023,M2 Max,14.0,,,"32, 64, 96",32.0,1 TB,M2
Switch,Mac,MacBook Pro,MacBook Pro M2 Max 12-Core CPU & 38-Core GPU 14-inch (Early 2023),16399.0,,2048.0,SSD,Unknown,,4120.0,2023,M2 Max,14.0,,,"32, 64, 96",32.0,2 TB,M2
Switch,Mac,MacBook Pro,MacBook Pro M2 Max 12-Core CPU & 38-Core GPU 14-inch (Early 2023),19599.0,,4096.0,SSD,Unknown,,4800.0,2023,M2 Max,14.0,,,"32, 64, 96",32.0,4 TB,M2
Switch,Mac,MacBook Pro,MacBook Pro M2 Max 12-Core CPU & 38-Core GPU 14-inch (Early 2023),23599.0,,8192.0,SSD,Unknown,,6030.0,2023,M2 Max,14.0,,,"32, 64, 96",32.0,8 TB,M2
Switch,Mac,MacBook Pro,MacBook Pro M2 Max 12-Core CPU & 38-Core GPU 16-inch (Early 2023),14799.0,,512.0,SSD,Unknown,,3700.0,2023,M2 Max,16.0,,,"32, 64, 96",32.0,512 GB,M2
Switch,Mac,MacBook Pro,MacBook Pro M2 Max 12-Core CPU & 38-Core GPU 16-inch (Early 2023),14799.0,,1024.0,SSD,Unknown,,3800.0,2023,M2 Max,16.0,,,"32, 64, 96",32.0,1 TB,M2
Switch,Mac,MacBook Pro,MacBook Pro M2 Max 12-Core CPU & 38-Core GPU 16-inch (Early 2023),17199.0,,2048.0,SSD,Unknown,,4460.0,2023,M2 Max,16.0,,,"32, 64, 96",32.0,2 TB,M2
Switch,Mac,MacBook Pro,MacBook Pro M2 Max 12-Core CPU & 38-Core GPU 16-inch (Early 2023),20399.0,,4096.0,SSD,Unknown,,4870.0,2023,M2 Max,16.0,,,"32, 64, 96",32.0,4 TB,M2
Switch,Mac,MacBook Pro,MacBook Pro M2 Max 12-Core CPU & 38-Core GPU 16-inch (Early 2023),24399.0,,8192.0,SSD,Unknown,,6330.0,2023,M2 Max,16.0,,,"32, 64, 96",32.0,8 TB,M2
Switch,Mac,MacBook Pro,MacBook Pro M2 Pro 10-Core CPU & 16-Core GPU 14-inch (Early 2023),8799.0,,512.0,SSD,Unknown,,2490.0,2023,M2 Pro,14.0,,,"16, 32",16.0,512 GB,M2
Switch,Mac,MacBook Pro,MacBook Pro M2 Pro 10-Core CPU & 16-Core GPU 14-inch (Early 2023),9599.0,,1024.0,SSD,Unknown,,2650.0,2023,M2 Pro,14.0,,,"16, 32",16.0,1 TB,M2
Switch,Mac,MacBook Pro,MacBook Pro M2 Pro 10-Core CPU & 16-Core GPU 14-inch (Early 2023),11199.0,,2048.0,SSD,Unknown,,2930.0,2023,M2 Pro,14.0,,,"16, 32",16.0,2 TB,M2
Switch,Mac,MacBook Pro,MacBook Pro M2 Pro 10-Core CPU & 16-Core GPU 14-inch (Early 2023),14399.0,,4096.0,SSD,Unknown,,3370.0,2023,M2 Pro,14.0,,,"16, 32",16.0,4 TB,M2
Switch,Mac,MacBook Pro,MacBook Pro M2 Pro 10-Core CPU & 16-Core GPU 14-inch (Early 2023),18399.0,,8192.0,SSD,Unknown,,4290.0,2023,M2 Pro,14.0,,,"16, 32",16.0,8 TB,M2
Switch,Mac,MacBook Pro,MacBook Pro M2 Pro 12-Core CPU & 19-Core GPU 14-inch (Early 2023),10799.0,,512.0,SSD,Unknown,,2530.0,2023,M2 Pro,14.0,,,"16, 32",16.0,512 GB,M2
Switch,Mac,MacBook Pro,MacBook Pro M2 Pro 12-Core CPU & 19-Core GPU 14-inch (Early 2023),11599.0,,1024.0,SSD,Unknown,,2650.0,2023,M2 Pro,14.0,,,"16, 32",16.0,1 TB,M2
Switch,Mac,MacBook Pro,MacBook Pro M2 Pro 12-Core CPU & 19-Core GPU 14-inch (Early 2023),13199.0,,2048.0,SSD,Unknown,,3250.0,2023,M2 Pro,14.0,,,"16, 32",16.0,2 TB,M2
Switch,Mac,MacBook Pro,MacBook Pro M2 Pro 12-Core CPU & 19-Core GPU 14-inch (Early 2023),16399.0,,4096.0,SSD,Unknown,,3840.0,2023,M2 Pro,14.0,,,"16, 32",16.0,4 TB,M2
Switch,Mac,MacBook Pro,MacBook Pro M2 Pro 12-Core CPU & 19-Core GPU 14-inch (Early 2023),20399.0,,8192.0,SSD,Unknown,,4780.0,2023,M2 Pro,14.0,,,"16, 32",16.0,8 TB,M2
Switch,Mac,MacBook Pro,MacBook Pro M2 Pro 12-Core CPU & 19-Core GPU 16-inch (Early 2023),10799.0,,512.0,SSD,Unknown,,2950.0,2023,M2 Pro,16.0,,,"16, 32",16.0,512 GB,M2
Switch,Mac,MacBook Pro,MacBook Pro M2 Pro 12-Core CPU & 19-Core GPU 16-inch (Early 2023),11599.0,,1024.0,SSD,Unknown,,3160.0,2023,M2 Pro,16.0,,,"16, 32",16.0,1 TB,M2
Switch,Mac,MacBook Pro,MacBook Pro M2 Pro 12-Core CPU & 19-Core GPU 16-inch (Early 2023),13199.0,,2048.0,SSD,Unknown,,3540.0,2023,M2 Pro,16.0,,,"16, 32",16.0,2 TB,M2
Switch,Mac,MacBook Pro,MacBook Pro M2 Pro 12-Core CPU & 19-Core GPU 16-inch (Early 2023),16399.0,,4096.0,SSD,Unknown,,4330.0,2023,M2 Pro,16.0,,,"16, 32",16.0,4 TB,M2
Switch,Mac,MacBook Pro,MacBook Pro M2 Pro 12-Core CPU & 19-Core GPU 16-inch (Early 2023),20399.0,,8192.0,SSD,Unknown,,5570.0,2023,M2 Pro,16.0,,,"16, 32",16.0,8 TB,M2
Switch,Mac,MacBook Pro,MacBook Pro M3 8-Core CPU & 10-Core GPU 14-inch (Late 2023),7499.0,,512.0,SSD,Unknown,,2560.0,2023,M3,14.0,,,"8, 16, 24",8.0,512 GB,M3
Switch,Mac,MacBook Pro,MacBook Pro M3 8-Core CPU & 10-Core GPU 14-inch (Late 2023),8299.0,,1024.0,SSD,Unknown,,2820.0,2023,M3,14.0,,,"8, 16, 24",8.0,1 TB,M3
Switch,Mac,MacBook Pro,MacBook Pro M3 8-Core CPU & 10-Core GPU 14-inch (Late 2023),9899.0,,2048.0,SSD,Unknown,,3550.0,2023,M3,14.0,,,"8, 16, 24",8.0,2 TB,M3
Switch,Mac,MacBook Pro,MacBook Pro M3 Max 14-Core CPU & 30-Core GPU 14-inch (Late 2023),12999.0,,512.0,SSD,Unknown,,4640.0,2023,M3 Max,14.0,,,"36, 96",36.0,512 GB,M3
Switch,Mac,MacBook Pro,MacBook Pro M3 Max 14-Core CPU & 30-Core GPU 14-inch (Late 2023),14799.0,,1024.0,SSD,Unknown,,4830.0,2023,M3 Max,14.0,,,"36, 96",36.0,1 TB,M3
Switch,Mac,MacBook Pro,MacBook Pro M3 Max 14-Core CPU & 30-Core GPU 14-inch (Late 2023),15399.0,,2048.0,SSD,Unknown,,5260.0,2023,M3 Max,14.0,,,"36, 96",36.0,2 TB,M3
Switch,Mac,MacBook Pro,MacBook Pro M3 Max 14-Core CPU & 30-Core GPU 14-inch (Late 2023),18599.0,,4096.0,SSD,Unknown,,6450.0,2023,M3 Max,14.0,,,"36, 96",36.0,4 TB,M3
Switch,Mac,MacBook Pro,MacBook Pro M3 Max 14-Core CPU & 30-Core GPU 14-inch (Late 2023),22599.0,,8192.0,SSD,Unknown,,7450.0,2023,M3 Max,14.0,,,"36, 96",36.0,8 TB,M3
Switch,Mac,MacBook Pro,MacBook Pro M3 Max 14-Core CPU & 30-Core GPU 16-inch (Late 2023),13999.0,,512.0,SSD,Unknown,,5240.0,2023,M3 Max,16.0,,,"36, 96",36.0,512 GB,M3
Switch,Mac,MacBook Pro,MacBook Pro M3 Max 14-Core CPU & 30-Core GPU 16-inch (Late 2023),15999.0,,1024.0,SSD,Unknown,,5680.0,2023,M3 Max,16.0,,,"36, 96",36.0,1 TB,M3
Switch,Mac,MacBook Pro,MacBook Pro M3 Max 14-Core CPU & 30-Core GPU 16-inch (Late 2023),16399.0,,2048.0,SSD,Unknown,,6150.0,2023,M3 Max,16.0,,,"36, 96",36.0,2 TB,M3
Switch,Mac,MacBook Pro,MacBook Pro M3 Max 14-Core CPU & 30-Core GPU 16-inch (Late 2023),19599.0,,4096.0,SSD,Unknown,,7200.0,2023,M3 Max,16.0,,,"36, 96",36.0,4 TB,M3
Switch,Mac,MacBook Pro,MacBook Pro M3 Max 14-Core CPU & 30-Core GPU 16-inch (Late 2023),23599.0,,8192.0,SSD,Unknown,,8710.0,2023,M3 Max,16.0,,,"36, 96",36.0,8 TB,M3
Switch,Mac,MacBook Pro,MacBook Pro M3 Max 16-Core CPU & 40-Core GPU 14-inch (Late 2023),14399.0,,512.0,SSD,Unknown,,5260.0,2023,M3 Max,14.0,,,"48, 64, 128",48.0,512 GB,M3
Switch,Mac,MacBook Pro,MacBook Pro M3 Max 16-Core CPU & 40-Core GPU 14-inch (Late 2023),15999.0,,1024.0,SSD,Unknown,,5420.0,2023,M3 Max,14.0,,,"48, 64, 128",48.0,1 TB,M3
Switch,Mac,MacBook Pro,MacBook Pro M3 Max 16-Core CPU & 40-Core GPU 14-inch (Late 2023),16799.0,,2048.0,SSD,Unknown,,6100.0,2023,M3 Max,14.0,,,"48, 64, 128",48.0,2 TB,M3
Switch,Mac,MacBook Pro,MacBook Pro M3 Max 16-Core CPU & 40-Core GPU 14-inch (Late 2023),19999.0,,4096.0,SSD,Unknown,,6940.0,2023,M3 Max,14.0,,,"48, 64, 128",48.0,4 TB,M3
Switch,Mac,MacBook Pro,MacBook Pro M3 Max 16-Core CPU & 40-Core GPU 14-inch (Late 2023),23999.0,,8192.0,SSD,Unknown,,8600.0,2023,M3 Max,14.0,,,"48, 64, 128",48.0,8 TB,M3
Switch,Mac,MacBook Pro,MacBook Pro M3 Max 16-Core CPU & 40-Core GPU 16-inch (Late 2023),15399.0,,512.0,SSD,Unknown,,6000.0,2023,M3 Max,16.0,,,"48, 64, 128",48.0,512 GB,M3
Switch,Mac,MacBook Pro,MacBook Pro M3 Max 16-Core CPU & 40-Core GPU 16-inch (Late 2023),17999.0,,1024.0,SSD,Unknown,,6450.0,2023,M3 Max,16.0,,,"48, 64, 128",48.0,1 TB,M3
Switch,Mac,MacBook Pro,MacBook Pro M3 Max 16-Core CPU & 40-Core GPU 16-inch (Late 2023),17799.0,,2048.0,SSD,Unknown,,7030.0,2023,M3 Max,16.0,,,"48, 64, 128",48.0,2 TB,M3
Switch,Mac,MacBook Pro,MacBook Pro M3 Max 16-Core CPU & 40-Core GPU 16-inch (Late 2023),20999.0,,4096.0,SSD,Unknown,,7660.0,2023,M3 Max,16.0,,,"48, 64, 128",48.0,4 TB,M3
Switch,Mac,MacBook Pro,MacBook Pro M3 Max 16-Core CPU & 40-Core GPU 16-inch (Late 2023),24999.0,,8192.0,SSD,Unknown,,9570.0,2023,M3 Max,16.0,,,"48, 64, 128",48.0,8 TB,M3
Switch,Mac,MacBook Pro,MacBook Pro M3 Pro 11-Core CPU & 14-Core GPU 14-inch (Late 2023),9999.0,,512.0,SSD,Unknown,,3040.0,2023,M3 Pro,14.0,,,"18, 36",18.0,512 GB,M3
Switch,Mac,MacBook Pro,MacBook Pro M3 Pro 11-Core CPU & 14-Core GPU 14-inch (Late 2023),10799.0,,1024.0,SSD,Unknown,,3320.0,2023,M3 Pro,14.0,,,"18, 36",18.0,1 TB,M3
Switch,Mac,MacBook Pro,MacBook Pro M3 Pro 11-Core CPU & 14-Core GPU 14-inch (Late 2023),12399.0,,2048.0,SSD,Unknown,,4100.0,2023,M3 Pro,14.0,,,"18, 36",18.0,2 TB,M3
Switch,Mac,MacBook Pro,MacBook Pro M3 Pro 11-Core CPU & 14-Core GPU 14-inch (Late 2023),15599.0,,4096.0,SSD,Unknown,,4950.0,2023,M3 Pro,14.0,,,"18, 36",18.0,4 TB,M3
Switch,Mac,MacBook Pro,MacBook Pro M3 Pro 12-Core CPU & 18-Core GPU 14-inch (Late 2023),11599.0,,512.0,SSD,Unknown,,3440.0,2023,M3 Pro,14.0,,,"18, 36",18.0,512 GB,M3
Switch,Mac,MacBook Pro,MacBook Pro M3 Pro 12-Core CPU & 18-Core GPU 14-inch (Late 2023),12399.0,,1024.0,SSD,Unknown,,3720.0,2023,M3 Pro,14.0,,,"18, 36",18.0,1 TB,M3
Switch,Mac,MacBook Pro,MacBook Pro M3 Pro 12-Core CPU & 18-Core GPU 14-inch (Late 2023),13999.0,,2048.0,SSD,Unknown,,4130.0,2023,M3 Pro,14.0,,,"18, 36",18.0,2 TB,M3
Switch,Mac,MacBook Pro,MacBook Pro M3 Pro 12-Core CPU & 18-Core GPU 14-inch (Late 2023),17199.0,,4096.0,SSD,Unknown,,4800.0,2023,M3 Pro,14.0,,,"18, 36",18.0,4 TB,M3
Switch,Mac,MacBook Pro,MacBook Pro M3 Pro 12-Core CPU & 18-Core GPU 16-inch (Late 2023),11999.0,,512.0,SSD,Unknown,,3940.0,2023,M3 Pro,16.0,,,"18, 36",18.0,512 GB,M3
Switch,Mac,MacBook Pro,MacBook Pro M3 Pro 12-Core CPU & 18-Core GPU 16-inch (Late 2023),12799.0,,1024.0,SSD,Unknown,,4380.0,2023,M3 Pro,16.0,,,"18, 36",18.0,1 TB,M3
Switch,Mac,MacBook Pro,MacBook Pro M3 Pro 12-Core CPU & 18-Core GPU 16-inch (Late 2023),14399.0,,2048.0,SSD,Unknown,,5130.0,2023,M3 Pro,16.0,,,"18, 36",18.0,2 TB,M3
Switch,Mac,MacBook Pro,MacBook Pro M3 Pro 12-Core CPU & 18-Core GPU 16-inch (Late 2023),17599.0,,4096.0,SSD,Unknown,,5910.0,2023,M3 Pro,16.0,,,"18, 36",18.0,4 TB,M3
UR,Mac,MacBook Air,MacBook Air i3 1.1GHz 13-inch (Early 2020),4399.0,,256.0,SSD,Unknown,,350.0,2020,Intel Core i3,13.0,,,"8, 16",8.0,256 GB,Unknown
UR,Mac,MacBook Air,MacBook Air i3 1.1GHz 13-inch (Early 2020),5199.0,,512.0,SSD,Unknown,,360.0,2020,Intel Core i3,13.0,,,"8, 16",8.0,512 GB,Unknown
UR,Mac,MacBook Air,MacBook Air i3 1.1GHz 13-inch (Early 2020),5999.0,,1024.0,SSD,Unknown,,370.0,2020,Intel Core i3,13.0,,,"8, 16",8.0,1 TB,Unknown
UR,Mac,MacBook Air,MacBook Air i3 1.1GHz 13-inch (Early 2020),7599.0,,2048.0,SSD,Unknown,,430.0,2020,Intel Core i3,13.0,,,"8, 16",8.0,2 TB,Unknown
UR,Mac,MacBook Air,MacBook Air i5 1.1GHz 13-inch (Early 2020),5599.0,,256.0,SSD,Unknown,,460.0,2020,Intel Core i5,13.0,,,"8, 16",8.0,256 GB,Unknown
UR,Mac,MacBook Air,MacBook Air i5 1.1GHz 13-inch (Early 2020),5599.0,,512.0,SSD,Unknown,,500.0,2020,Intel Core i5,13.0,,,"8, 16",8.0,512 GB,Unknown
UR,Mac,MacBook Air,MacBook Air i5 1.1GHz 13-inch (Early 2020),7199.0,,1024.0,SSD,Unknown,,510.0,2020,Intel Core i5,13.0,,,"8, 16",8.0,1 TB,Unknown
UR,Mac,MacBook Air,MacBook Air i5 1.1GHz 13-inch (Early 2020),8799.0,,2048.0,SSD,Unknown,,580.0,2020,Intel Core i5,13.0,,,"8, 16",8.0,2 TB,Unknown
UR,Mac,MacBook Air,MacBook Air i5 1.6GHz 13-inch (Early 2015),3199.0,,128.0,SSD,Unknown,,50.0,2015,Intel Core i5,13.0,,,8,8.0,128 GB,Unknown
UR,Mac,MacBook Air,MacBook Air i5 1.6GHz 13-inch (Early 2015),3499.0,,256.0,SSD,Unknown,,50.0,2015,Intel Core i5,13.0,,,8,8.0,256 GB,Unknown
UR,Mac,MacBook Air,MacBook Air i5 1.6GHz 13-inch (Early 2015),4199.0,,512.0,SSD,Unknown,,50.0,2015,Intel Core i5,13.0,,,8,8.0,512 GB,Unknown
UR,Mac,MacBook Air,MacBook Air i5 1.6GHz 13-inch (Late 2018),5249.0,,128.0,SSD,Unknown,,250.0,2018,Intel Core i5,13.0,,,"8, 16",8.0,128 GB,Unknown
UR,Mac,MacBook Air,MacBook Air i5 1.6GHz 13-inch (Late 2018),6099.0,,256.0,SSD,Unknown,,350.0,2018,Intel Core i5,13.0,,,"8, 16",8.0,256 GB,Unknown
UR,Mac,MacBook Air,MacBook Air i5 1.6GHz 13-inch (Late 2018),6949.0,,512.0,SSD,Unknown,,400.0,2018,Intel Core i5,13.0,,,"8, 16",8.0,512 GB,Unknown
UR,Mac,MacBook Air,MacBook Air i5 1.6GHz 13-inch (Late 2018),10349.0,,1536.0,SSD,Unknown,,450.0,2018,Intel Core i5,13.0,,,"8, 16",8.0,1.5 TB,Unknown
UR,Mac,MacBook Air,MacBook Air i5 1.6GHz 13-inch (Mid 2019),4699.0,,128.0,SSD,Unknown,,410.0,2019,Intel Core i5,13.0,,,"8, 16",8.0,128 GB,Unknown
UR,Mac,MacBook Air,MacBook Air i5 1.6GHz 13-inch (Mid 2019),5499.0,,256.0,SSD,Unknown,,420.0,2019,Intel Core i5,13.0,,,"8, 16",8.0,256 GB,Unknown
UR,Mac,MacBook Air,MacBook Air i5 1.6GHz 13-inch (Mid 2019),6349.0,,512.0,SSD,Unknown,,490.0,2019,Intel Core i5,13.0,,,"8, 16",8.0,512 GB,Unknown
UR,Mac,MacBook Air,MacBook Air i5 1.6GHz 13-inch (Mid 2019),5499.0,,1024.0,SSD,Unknown,,500.0,2019,Intel Core i5,13.0,,,"8, 16",8.0,1 TB,Unknown
UR,Mac,MacBook Air,MacBook Air i5 1.8GHz 13-inch (Mid 2017),4199.0,,128.0,SSD,Unknown,,180.0,2017,Intel Core i5,13.0,,,"8, 16",8.0,128 GB,Unknown
UR,Mac,MacBook Air,MacBook Air i5 1.8GHz 13-inch (Mid 2017),4739.0,,256.0,SSD,Unknown,,230.0,2017,Intel Core i5,13.0,,,"8, 16",8.0,256 GB,Unknown
UR,Mac,MacBook Air,MacBook Air i5 1.8GHz 13-inch (Mid 2017),4999.0,,512.0,SSD,Unknown,,260.0,2017,Intel Core i5,13.0,,,"8, 16",8.0,512 GB,Unknown
UR,Mac,MacBook Air,MacBook Air i7 1.2GHz 13-inch (Early 2020),6599.0,,256.0,SSD,Unknown,,490.0,2020,Intel Core i7,13.0,,,"8, 16",8.0,256 GB,Unknown
UR,Mac,MacBook Air,MacBook Air i7 1.2GHz 13-inch (Early 2020),5399.0,,512.0,SSD,Unknown,,500.0,2020,Intel Core i7,13.0,,,"8, 16",8.0,512 GB,Unknown
UR,Mac,MacBook Air,MacBook Air i7 1.2GHz 13-inch (Early 2020),8199.0,,1024.0,SSD,Unknown,,530.0,2020,Intel Core i7,13.0,,,"8, 16",8.0,1 TB,Unknown
UR,Mac,MacBook Air,MacBook Air i7 1.2GHz 13-inch (Early 2020),9799.0,,2048.0,SSD,Unknown,,600.0,2020,Intel Core i7,13.0,,,"8, 16",8.0,2 TB,Unknown
UR,Mac,MacBook Air,MacBook Air i7 2.2GHz 13-inch (Early 2015),3739.0,,128.0,SSD,Unknown,,80.0,2015,Intel Core i7,13.0,,,8,8.0,128 GB,Unknown
UR,Mac,MacBook Air,MacBook Air i7 2.2GHz 13-inch (Early 2015),4039.0,,256.0,SSD,Unknown,,80.0,2015,Intel Core i7,13.0,,,8,8.0,256 GB,Unknown
UR,Mac,MacBook Air,MacBook Air i7 2.2GHz 13-inch (Early 2015),4739.0,,512.0,SSD,Unknown,,80.0,2015,Intel Core i7,13.0,,,8,8.0,512 GB,Unknown
UR,Mac,MacBook Air,MacBook Air i7 2.2GHz 13-inch (Mid 2017),4039.0,,128.0,SSD,Unknown,,260.0,2017,Intel Core i7,13.0,,,"8, 16",8.0,128 GB,Unknown
UR,Mac,MacBook Air,MacBook Air i7 2.2GHz 13-inch (Mid 2017),4039.0,,256.0,SSD,Unknown,,310.0,2017,Intel Core i7,13.0,,,"8, 16",8.0,256 GB,Unknown
UR,Mac,MacBook Air,MacBook Air i7 2.2GHz 13-inch (Mid 2017),4739.0,,512.0,SSD,Unknown,,430.0,2017,Intel Core i7,13.0,,,"8, 16",8.0,512 GB,Unknown
UR,Mac,MacBook Air,MacBook Air M1 8-Core CPU & 7-Core GPU 13-inch (Late 2020),4399.0,,128.0,SSD,Unknown,,460.0,2020,M1,13.0,,,"8, 16",8.0,128 GB,M1
UR,Mac,MacBook Air,MacBook Air M1 8-Core CPU & 7-Core GPU 13-inch (Late 2020),4399.0,,256.0,SSD,Unknown,,560.0,2020,M1,13.0,,,"8, 16",8.0,256 GB,M1
UR,Mac,MacBook Air,MacBook Air M1 8-Core CPU & 7-Core GPU 13-inch (Late 2020),4999.0,,512.0,SSD,Unknown,,570.0,2020,M1,13.0,,,"8, 16",8.0,512 GB,M1
UR,Mac,MacBook Air,MacBook Air M1 8-Core CPU & 7-Core GPU 13-inch (Late 2020),5799.0,,1024.0,SSD,Unknown,,580.0,2020,M1,13.0,,,"8, 16",8.0,1 TB,M1
UR,Mac,MacBook Air,MacBook Air M1 8-Core CPU & 7-Core GPU 13-inch (Late 2020),7399.0,,2048.0,SSD,Unknown,,660.0,2020,M1,13.0,,,"8, 16",8.0,2 TB,M1
UR,Mac,MacBook Air,MacBook Air M1 8-Core CPU & 8-Core GPU 13-inch (Late 2020),5399.0,,256.0,SSD,Unknown,,580.0,2020,M1,13.0,,,"8, 16",8.0,256 GB,M1
UR,Mac,MacBook Air,MacBook Air M1 8-Core CPU & 8-Core GPU 13-inch (Late 2020),5399.0,,512.0,SSD,Unknown,,610.0,2020,M1,13.0,,,"8, 16",8.0,512 GB,M1
UR,Mac,MacBook Air,MacBook Air M1 8-Core CPU & 8-Core GPU 13-inch (Late 2020),5999.0,,1024.0,SSD,Unknown,,680.0,2020,M1,13.0,,,"8, 16",8.0,1 TB,M1
UR,Mac,MacBook Air,MacBook Air M1 8-Core CPU & 8-Core GPU 13-inch (Late 2020),7599.0,,2048.0,SSD,Unknown,,710.0,2020,M1,13.0,,,"8, 16",8.0,2 TB,M1
UR,Mac,MacBook Air,MacBook Air M2 8-Core CPU & 10-Core GPU 13.6-inch (Mid 2022),5499.0,,256.0,SSD,Unknown,,1210.0,2022,M2,13.6,,,"8, 16, 24",8.0,256 GB,M2
UR,Mac,MacBook Air,MacBook Air M2 8-Core CPU & 10-Core GPU 13.6-inch (Mid 2022),6699.0,,512.0,SSD,Unknown,,1400.0,2022,M2,13.6,,,"8, 16, 24",8.0,512 GB,M2
UR,Mac,MacBook Air,MacBook Air M2 8-Core CPU & 10-Core GPU 13.6-inch (Mid 2022),6399.0,,1024.0,SSD,Unknown,,1560.0,2022,M2,13.6,,,"8, 16, 24",8.0,1 TB,M2
UR,Mac,MacBook Air,MacBook Air M2 8-Core CPU & 10-Core GPU 13.6-inch (Mid 2022),7999.0,,2048.0,SSD,Unknown,,2020.0,2022,M2,13.6,,,"8, 16, 24",8.0,2 TB,M2
UR,Mac,MacBook Air,MacBook Air M2 8-Core CPU & 10-Core GPU 15-inch (Mid 2023),6199.0,,256.0,SSD,Unknown,,1860.0,2023,M2,15.0,,,"8, 16, 24",8.0,256 GB,M2
UR,Mac,MacBook Air,MacBook Air M2 8-Core CPU & 10-Core GPU 15-inch (Mid 2023),6599.0,,512.0,SSD,Unknown,,2020.0,2023,M2,15.0,,,"8, 16, 24",8.0,512 GB,M2
UR,Mac,MacBook Air,MacBook Air M2 8-Core CPU & 10-Core GPU 15-inch (Mid 2023),7399.0,,1024.0,SSD,Unknown,,2250.0,2023,M2,15.0,,,"8, 16, 24",8.0,1 TB,M2
UR,Mac,MacBook Air,MacBook Air M2 8-Core CPU & 10-Core GPU 15-inch (Mid 2023),8999.0,,2048.0,SSD,Unknown,,2820.0,2023,M2,15.0,,,"8, 16, 24",8.0,2 TB,M2
UR,Mac,MacBook Air,MacBook Air M2 8-Core CPU & 8-Core GPU 13.6-inch (Mid 2022),5499.0,,256.0,SSD,Unknown,,1210.0,2022,M2,13.6,,,"8, 16, 24",8.0,256 GB,M2
UR,Mac,MacBook Air,MacBook Air M2 8-Core CPU & 8-Core GPU 13.6-inch (Mid 2022),5599.0,,512.0,SSD,Unknown,,1400.0,2022,M2,13.6,,,"8, 16, 24",8.0,512 GB,M2
UR,Mac,MacBook Air,MacBook Air M2 8-Core CPU & 8-Core GPU 13.6-inch (Mid 2022),6399.0,,1024.0,SSD,Unknown,,1560.0,2022,M2,13.6,,,"8, 16, 24",8.0,1 TB,M2
UR,Mac,MacBook Air,MacBook Air M2 8-Core CPU & 8-Core GPU 13.6-inch (Mid 2022),7999.0,,2048.0,SSD,Unknown,,1900.0,2022,M2,13.6,,,"8, 16, 24",8.0,2 TB,M2
UR,Mac,MacBook Air,MacBook Air M3 8-Core CPU & 10-Core GPU 13.6-inch (Early 2024),5199.0,,256.0,SSD,Unknown,,1980.0,2024,M3,13.6,,,"8, 16, 24",8.0,256 GB,M3
UR,Mac,MacBook Air,MacBook Air M3 8-Core CPU & 10-Core GPU 13.6-inch (Early 2024),5999.0,,512.0,SSD,Unknown,,2160.0,2024,M3,13.6,,,"8, 16, 24",8.0,512 GB,M3
UR,Mac,MacBook Air,MacBook Air M3 8-Core CPU & 10-Core GPU 13.6-inch (Early 2024),5799.0,,1024.0,SSD,Unknown,,2480.0,2024,M3,13.6,,,"8, 16, 24",8.0,1 TB,M3
UR,Mac,MacBook Air,MacBook Air M3 8-Core CPU & 10-Core GPU 13.6-inch (Early 2024),7399.0,,2048.0,SSD,Unknown,,3100.0,2024,M3,13.6,,,"8, 16, 24",8.0,2 TB,M3
UR,Mac,MacBook Air,MacBook Air M3 8-Core CPU & 10-Core GPU 15-inch (Early 2024),6199.0,,256.0,SSD,Unknown,,2300.0,2024,M3,15.0,,,"8, 16, 24",8.0,256 GB,M3
UR,Mac,MacBook Air,MacBook Air M3 8-Core CPU & 10-Core GPU 15-inch (Early 2024),6099.0,,512.0,SSD,Unknown,,2540.0,2024,M3,15.0,,,"8, 16, 24",8.0,512 GB,M3
UR,Mac,MacBook Air,MacBook Air M3 8-Core CPU & 10-Core GPU 15-inch (Early 2024),6899.0,,1024.0,SSD,Unknown,,3170.0,2024,M3,15.0,,,"8, 16, 24",8.0,1 TB,M3
UR,Mac,MacBook Air,MacBook Air M3 8-Core CPU & 10-Core GPU 15-inch (Early 2024),8499.0,,2048.0,SSD,Unknown,,3450.0,2024,M3,15.0,,,"8, 16, 24",8.0,2 TB,M3
UR,Mac,MacBook Air,MacBook Air M3 8-Core CPU & 8-Core GPU 13.6-inch (Early 2024),5199.0,,256.0,SSD,Unknown,,1970.0,2024,M3,13.6,,,"8, 16, 24",8.0,256 GB,M3
UR,Mac,MacBook,MacBook i5 1.3GHz 12-inch (Mid 2017),7199.0,,256.0,SSD,Unknown,,280.0,2017,Intel Core i5,12.0,,,"8, 16",8.0,256 GB,Unknown
UR,Mac,MacBook,MacBook i5 1.3GHz 12-inch (Mid 2017),7199.0,,512.0,SSD,Unknown,,330.0,2017,Intel Core i5,12.0,,,"8, 16",8.0,512 GB,Unknown
UR,Mac,MacBook,MacBook i7 1.4GHz 12-inch (Mid 2017),7149.0,,256.0,SSD,Unknown,,330.0,2017,Intel Core i7,12.0,,,"8, 16",8.0,256 GB,Unknown
UR,Mac,MacBook,MacBook i7 1.4GHz 12-inch (Mid 2017),7149.0,,512.0,SSD,Unknown,,380.0,2017,Intel Core i7,12.0,,,"8, 16",8.0,512 GB,Unknown
UR,Mac,MacBook,MacBook M3 1.1GHz 12-inch (Early 2016),5499.0,,256.0,SSD,Unknown,,120.0,2016,Intel Core m3,12.0,,,8,8.0,256 GB,M3
UR,Mac,MacBook,MacBook M3 1.2GHz 12-inch (Mid 2017),5999.0,,256.0,SSD,Unknown,,280.0,2017,Intel Core m3,12.0,,,"8, 16",8.0,256 GB,M3
UR,Mac,MacBook,MacBook M5 1.2GHz 12-inch (Early 2016),6699.0,,512.0,SSD,Unknown,,250.0,2016,Intel Core m5,12.0,,,8,8.0,512 GB,M5
UR,Mac,MacBook,MacBook M7 1.3GHz 12-inch (Early 2016),6649.0,,256.0,SSD,Unknown,,190.0,2016,Intel Core m7,12.0,,,8,8.0,256 GB,Unknown
UR,Mac,MacBook,MacBook M7 1.3GHz 12-inch (Early 2016),6649.0,,512.0,SSD,Unknown,,250.0,2016,Intel Core m7,12.0,,,8,8.0,512 GB,Unknown
UR,Mac,MacBook Pro,MacBook Pro 14-inch M1 Max 10-Core CPU & 24-Core GPU (2021),12399.0,,512.0,SSD,Unknown,,2520.0,2021,M1 Max,14.0,,,"32, 64",32.0,512 GB,M1
UR,Mac,MacBook Pro,MacBook Pro 14-inch M1 Max 10-Core CPU & 24-Core GPU (2021),12399.0,,1024.0,SSD,Unknown,,2680.0,2021,M1 Max,14.0,,,"32, 64",32.0,1 TB,M1
UR,Mac,MacBook Pro,MacBook Pro 14-inch M1 Max 10-Core CPU & 24-Core GPU (2021),14799.0,,2048.0,SSD,Unknown,,2680.0,2021,M1 Max,14.0,,,"32, 64",32.0,2 TB,M1
UR,Mac,MacBook Pro,MacBook Pro 14-inch M1 Max 10-Core CPU & 24-Core GPU (2021),17999.0,,4096.0,SSD,Unknown,,3510.0,2021,M1 Max,14.0,,,"32, 64",32.0,4 TB,M1
UR,Mac,MacBook Pro,MacBook Pro 14-inch M1 Max 10-Core CPU & 24-Core GPU (2021),21999.0,,8192.0,SSD,Unknown,,4380.0,2021,M1 Max,14.0,,,"32, 64",32.0,8 TB,M1
UR,Mac,MacBook Pro,MacBook Pro 14-inch M1 Max 10-Core CPU & 32-Core GPU (2021),13199.0,,512.0,SSD,Unknown,,2690.0,2021,M1 Max,14.0,,,"32, 64",32.0,512 GB,M1
UR,Mac,MacBook Pro,MacBook Pro 14-inch M1 Max 10-Core CPU & 32-Core GPU (2021),13199.0,,1024.0,SSD,Unknown,,2780.0,2021,M1 Max,14.0,,,"32, 64",32.0,1 TB,M1
UR,Mac,MacBook Pro,MacBook Pro 14-inch M1 Max 10-Core CPU & 32-Core GPU (2021),15599.0,,2048.0,SSD,Unknown,,3130.0,2021,M1 Max,14.0,,,"32, 64",32.0,2 TB,M1
UR,Mac,MacBook Pro,MacBook Pro 14-inch M1 Max 10-Core CPU & 32-Core GPU (2021),18799.0,,4096.0,SSD,Unknown,,3580.0,2021,M1 Max,14.0,,,"32, 64",32.0,4 TB,M1
UR,Mac,MacBook Pro,MacBook Pro 14-inch M1 Max 10-Core CPU & 32-Core GPU (2021),22799.0,,8192.0,SSD,Unknown,,4550.0,2021,M1 Max,14.0,,,"32, 64",32.0,8 TB,M1
UR,Mac,MacBook Pro,MacBook Pro 14-inch M1 Pro 10-Core CPU & 14-Core GPU (2021),9599.0,,512.0,SSD,Unknown,,1980.0,2021,M1 Pro,14.0,,,"16, 32",16.0,512 GB,M1
UR,Mac,MacBook Pro,MacBook Pro 14-inch M1 Pro 10-Core CPU & 14-Core GPU (2021),9599.0,,1024.0,SSD,Unknown,,2170.0,2021,M1 Pro,14.0,,,"16, 32",16.0,1 TB,M1
UR,Mac,MacBook Pro,MacBook Pro 14-inch M1 Pro 10-Core CPU & 14-Core GPU (2021),11999.0,,2048.0,SSD,Unknown,,2410.0,2021,M1 Pro,14.0,,,"16, 32",16.0,2 TB,M1
UR,Mac,MacBook Pro,MacBook Pro 14-inch M1 Pro 10-Core CPU & 14-Core GPU (2021),15199.0,,4096.0,SSD,Unknown,,2890.0,2021,M1 Pro,14.0,,,"16, 32",16.0,4 TB,M1
UR,Mac,MacBook Pro,MacBook Pro 14-inch M1 Pro 10-Core CPU & 14-Core GPU (2021),19199.0,,8192.0,SSD,Unknown,,3970.0,2021,M1 Pro,14.0,,,"16, 32",16.0,8 TB,M1
UR,Mac,MacBook Pro,MacBook Pro 14-inch M1 Pro 10-Core CPU & 16-Core GPU (2021),9999.0,,512.0,SSD,Unknown,,2120.0,2021,M1 Pro,14.0,,,"16, 32",16.0,512 GB,M1
UR,Mac,MacBook Pro,MacBook Pro 14-inch M1 Pro 10-Core CPU & 16-Core GPU (2021),10799.0,,1024.0,SSD,Unknown,,2300.0,2021,M1 Pro,14.0,,,"16, 32",16.0,1 TB,M1
UR,Mac,MacBook Pro,MacBook Pro 14-inch M1 Pro 10-Core CPU & 16-Core GPU (2021),12399.0,,2048.0,SSD,Unknown,,2560.0,2021,M1 Pro,14.0,,,"16, 32",16.0,2 TB,M1
UR,Mac,MacBook Pro,MacBook Pro 14-inch M1 Pro 10-Core CPU & 16-Core GPU (2021),15599.0,,4096.0,SSD,Unknown,,3070.0,2021,M1 Pro,14.0,,,"16, 32",16.0,4 TB,M1
UR,Mac,MacBook Pro,MacBook Pro 14-inch M1 Pro 10-Core CPU & 16-Core GPU (2021),19599.0,,8192.0,SSD,Unknown,,4090.0,2021,M1 Pro,14.0,,,"16, 32",16.0,8 TB,M1
UR,Mac,MacBook Pro,MacBook Pro 14-inch M1 Pro 8-Core CPU & 14-Core GPU (2021),8799.0,,512.0,SSD,Unknown,,1840.0,2021,M1 Pro,14.0,,,"16, 32",16.0,512 GB,M1
UR,Mac,MacBook Pro,MacBook Pro 14-inch M1 Pro 8-Core CPU & 14-Core GPU (2021),9599.0,,1024.0,SSD,Unknown,,2050.0,2021,M1 Pro,14.0,,,"16, 32",16.0,1 TB,M1
UR,Mac,MacBook Pro,MacBook Pro 14-inch M1 Pro 8-Core CPU & 14-Core GPU (2021),11199.0,,2048.0,SSD,Unknown,,2070.0,2021,M1 Pro,14.0,,,"16, 32",16.0,2 TB,M1
UR,Mac,MacBook Pro,MacBook Pro 14-inch M1 Pro 8-Core CPU & 14-Core GPU (2021),14399.0,,4096.0,SSD,Unknown,,2510.0,2021,M1 Pro,14.0,,,"16, 32",16.0,4 TB,M1
UR,Mac,MacBook Pro,MacBook Pro 14-inch M1 Pro 8-Core CPU & 14-Core GPU (2021),18399.0,,8192.0,SSD,Unknown,,3700.0,2021,M1 Pro,14.0,,,"16, 32",16.0,8 TB,M1
UR,Mac,MacBook Pro,MacBook Pro 16-inch M1 Max 10-Core CPU & 24-Core GPU (2021),13199.0,,512.0,SSD,Unknown,,2700.0,2021,M1 Max,16.0,,,"32, 64",32.0,512 GB,M1
UR,Mac,MacBook Pro,MacBook Pro 16-inch M1 Max 10-Core CPU & 24-Core GPU (2021),14799.0,,1024.0,SSD,Unknown,,2750.0,2021,M1 Max,16.0,,,"32, 64",32.0,1 TB,M1
UR,Mac,MacBook Pro,MacBook Pro 16-inch M1 Max 10-Core CPU & 24-Core GPU (2021),16399.0,,2048.0,SSD,Unknown,,3090.0,2021,M1 Max,16.0,,,"32, 64",32.0,2 TB,M1
UR,Mac,MacBook Pro,MacBook Pro 16-inch M1 Max 10-Core CPU & 24-Core GPU (2021),19599.0,,4096.0,SSD,Unknown,,3590.0,2021,M1 Max,16.0,,,"32, 64",32.0,4 TB,M1
UR,Mac,MacBook Pro,MacBook Pro 16-inch M1 Max 10-Core CPU & 24-Core GPU (2021),23599.0,,8192.0,SSD,Unknown,,4610.0,2021,M1 Max,16.0,,,"32, 64",32.0,8 TB,M1
UR,Mac,MacBook Pro,MacBook Pro 16-inch M1 Max 10-Core CPU & 32-Core GPU (2021),13999.0,,512.0,SSD,Unknown,,2720.0,2021,M1 Max,16.0,,,"32, 64",32.0,512 GB,M1
UR,Mac,MacBook Pro,MacBook Pro 16-inch M1 Max 10-Core CPU & 32-Core GPU (2021),14799.0,,1024.0,SSD,Unknown,,2920.0,2021,M1 Max,16.0,,,"32, 64",32.0,1 TB,M1
UR,Mac,MacBook Pro,MacBook Pro 16-inch M1 Max 10-Core CPU & 32-Core GPU (2021),16399.0,,2048.0,SSD,Unknown,,3260.0,2021,M1 Max,16.0,,,"32, 64",32.0,2 TB,M1
UR,Mac,MacBook Pro,MacBook Pro 16-inch M1 Max 10-Core CPU & 32-Core GPU (2021),19599.0,,4096.0,SSD,Unknown,,3800.0,2021,M1 Max,16.0,,,"32, 64",32.0,4 TB,M1
UR,Mac,MacBook Pro,MacBook Pro 16-inch M1 Max 10-Core CPU & 32-Core GPU (2021),23599.0,,8192.0,SSD,Unknown,,4770.0,2021,M1 Max,16.0,,,"32, 64",32.0,8 TB,M1
UR,Mac,MacBook Pro,MacBook Pro 16-inch M1 Pro 10-Core CPU & 16-Core GPU (2021),10799.0,,512.0,SSD,Unknown,,2150.0,2021,M1 Pro,16.0,,,"16, 32",16.0,512 GB,M1
UR,Mac,MacBook Pro,MacBook Pro 16-inch M1 Pro 10-Core CPU & 16-Core GPU (2021),11599.0,,1024.0,SSD,Unknown,,2320.0,2021,M1 Pro,16.0,,,"16, 32",16.0,1 TB,M1
UR,Mac,MacBook Pro,MacBook Pro 16-inch M1 Pro 10-Core CPU & 16-Core GPU (2021),13199.0,,2048.0,SSD,Unknown,,2680.0,2021,M1 Pro,16.0,,,"16, 32",16.0,2 TB,M1
UR,Mac,MacBook Pro,MacBook Pro 16-inch M1 Pro 10-Core CPU & 16-Core GPU (2021),16399.0,,4096.0,SSD,Unknown,,3100.0,2021,M1 Pro,16.0,,,"16, 32",16.0,4 TB,M1
UR,Mac,MacBook Pro,MacBook Pro 16-inch M1 Pro 10-Core CPU & 16-Core GPU (2021),20399.0,,8192.0,SSD,Unknown,,3400.0,2021,M1 Pro,16.0,,,"16, 32",16.0,8 TB,M1
UR,Mac,MacBook Pro,MacBook Pro i5 1.4GHz 13-inch (Mid 2019),5499.0,,128.0,SSD,Unknown,,420.0,2019,Intel Core i5,13.0,,,"8, 16",8.0,128 GB,Unknown
UR,Mac,MacBook Pro,MacBook Pro i5 1.4GHz 13-inch (Mid 2019),7849.0,,256.0,SSD,Unknown,,520.0,2019,Intel Core i5,13.0,,,"8, 16",8.0,256 GB,Unknown
UR,Mac,MacBook Pro,MacBook Pro i5 1.4GHz 13-inch (Mid 2019),7099.0,,512.0,SSD,Unknown,,570.0,2019,Intel Core i5,13.0,,,"8, 16",8.0,512 GB,Unknown
UR,Mac,MacBook Pro,MacBook Pro i5 1.4GHz 13-inch (Mid 2019),7899.0,,1024.0,SSD,Unknown,,640.0,2019,Intel Core i5,13.0,,,"8, 16",8.0,1 TB,Unknown
UR,Mac,MacBook Pro,MacBook Pro i5 1.4GHz 13-inch (Mid 2019),9499.0,,2048.0,SSD,Unknown,,690.0,2019,Intel Core i5,13.0,,,"8, 16",8.0,2 TB,Unknown
UR,Mac,MacBook Pro,MacBook Pro i5 1.4GHz 13-inch (Mid 2020),5599.0,,256.0,SSD,Unknown,,660.0,2020,Intel Core i5,13.0,,,"8, 16",8.0,256 GB,Unknown
UR,Mac,MacBook Pro,MacBook Pro i5 1.4GHz 13-inch (Mid 2020),7849.0,,512.0,SSD,Unknown,,710.0,2020,Intel Core i5,13.0,,,"8, 16",8.0,512 GB,Unknown
UR,Mac,MacBook Pro,MacBook Pro i5 1.4GHz 13-inch (Mid 2020),8699.0,,1024.0,SSD,Unknown,,760.0,2020,Intel Core i5,13.0,,,"8, 16",8.0,1 TB,Unknown
UR,Mac,MacBook Pro,MacBook Pro i5 1.4GHz 13-inch (Mid 2020),10399.0,,2048.0,SSD,Unknown,,780.0,2020,Intel Core i5,13.0,,,"8, 16",8.0,2 TB,Unknown
UR,Mac,MacBook Pro,MacBook Pro i5 2.0GHz 13-inch (Late 2016),6299.0,,256.0,SSD,Unknown,,250.0,2016,Intel Core i5,13.0,,,"8, 16",8.0,256 GB,Unknown
UR,Mac,MacBook Pro,MacBook Pro i5 2.0GHz 13-inch (Late 2016),6299.0,,512.0,SSD,Unknown,,300.0,2016,Intel Core i5,13.0,,,"8, 16",8.0,512 GB,Unknown
UR,Mac,MacBook Pro,MacBook Pro i5 2.0GHz 13-inch (Late 2016),7099.0,,1024.0,SSD,Unknown,,350.0,2016,Intel Core i5,13.0,,,"8, 16",8.0,1 TB,Unknown
UR,Mac,MacBook Pro,MacBook Pro i5 2.0GHz 13-inch (Mid 2020),7999.0,,512.0,SSD,Unknown,,760.0,2020,Intel Core i5,13.0,,,"16, 32",16.0,512 GB,Unknown
UR,Mac,MacBook Pro,MacBook Pro i5 2.0GHz 13-inch (Mid 2020),8799.0,,1024.0,SSD,Unknown,,830.0,2020,Intel Core i5,13.0,,,"16, 32",16.0,1 TB,Unknown
UR,Mac,MacBook Pro,MacBook Pro i5 2.0GHz 13-inch (Mid 2020),10499.0,,2048.0,SSD,Unknown,,920.0,2020,Intel Core i5,13.0,,,"16, 32",16.0,2 TB,Unknown
UR,Mac,MacBook Pro,MacBook Pro i5 2.0GHz 13-inch (Mid 2020),13899.0,,4096.0,SSD,Unknown,,1050.0,2020,Intel Core i5,13.0,,,"16, 32",16.0,4 TB,Unknown
UR,Mac,MacBook Pro,MacBook Pro i5 2.3GHz 13-inch (Mid 2017),5999.0,,128.0,SSD,Unknown,,350.0,2017,Intel Core i5,13.0,,,"8, 16",8.0,128 GB,Unknown
UR,Mac,MacBook Pro,MacBook Pro i5 2.3GHz 13-inch (Mid 2017),5999.0,,256.0,SSD,Unknown,,450.0,2017,Intel Core i5,13.0,,,"8, 16",8.0,256 GB,Unknown
UR,Mac,MacBook Pro,MacBook Pro i5 2.3GHz 13-inch (Mid 2017),6899.0,,512.0,SSD,Unknown,,500.0,2017,Intel Core i5,13.0,,,"8, 16",8.0,512 GB,Unknown
UR,Mac,MacBook Pro,MacBook Pro i5 2.3GHz 13-inch (Mid 2017),6899.0,,1024.0,SSD,Unknown,,550.0,2017,Intel Core i5,13.0,,,"8, 16",8.0,1 TB,Unknown
UR,Mac,MacBook Pro,MacBook Pro i5 2.3GHz 13-inch (Mid 2018),7499.0,,256.0,SSD,Unknown,,500.0,2018,Intel Core i5,13.0,,,"8, 16",8.0,256 GB,Unknown
UR,Mac,MacBook Pro,MacBook Pro i5 2.3GHz 13-inch (Mid 2018),7499.0,,512.0,SSD,Unknown,,600.0,2018,Intel Core i5,13.0,,,"8, 16",8.0,512 GB,Unknown
UR,Mac,MacBook Pro,MacBook Pro i5 2.3GHz 13-inch (Mid 2018),8299.0,,1024.0,SSD,Unknown,,700.0,2018,Intel Core i5,13.0,,,"8, 16",8.0,1 TB,Unknown
UR,Mac,MacBook Pro,MacBook Pro i5 2.3GHz 13-inch (Mid 2018),9598.0,,2048.0,SSD,Unknown,,770.0,2018,Intel Core i5,13.0,,,"8, 16",8.0,2 TB,Unknown
UR,Mac,MacBook Pro,MacBook Pro i5 2.4GHz 13-inch (Mid 2019),7849.0,,256.0,SSD,Unknown,,690.0,2019,Intel Core i5,13.0,,,"8, 16",8.0,256 GB,Unknown
UR,Mac,MacBook Pro,MacBook Pro i5 2.4GHz 13-inch (Mid 2019),7849.0,,512.0,SSD,Unknown,,700.0,2019,Intel Core i5,13.0,,,"8, 16",8.0,512 GB,Unknown
UR,Mac,MacBook Pro,MacBook Pro i5 2.4GHz 13-inch (Mid 2019),8699.0,,1024.0,SSD,Unknown,,730.0,2019,Intel Core i5,13.0,,,"8, 16",8.0,1 TB,Unknown
UR,Mac,MacBook Pro,MacBook Pro i5 2.4GHz 13-inch (Mid 2019),9549.0,,2048.0,SSD,Unknown,,760.0,2019,Intel Core i5,13.0,,,"8, 16",8.0,2 TB,Unknown
UR,Mac,MacBook Pro,MacBook Pro i5 2.7GHz 13-inch (Early 2015),4499.0,,128.0,SSD,Unknown,,80.0,2015,Intel Core i5,13.0,,,"8, 16",8.0,128 GB,Unknown
UR,Mac,MacBook Pro,MacBook Pro i5 2.7GHz 13-inch (Early 2015),4499.0,,256.0,SSD,Unknown,,80.0,2015,Intel Core i5,13.0,,,"8, 16",8.0,256 GB,Unknown
UR,Mac,MacBook Pro,MacBook Pro i5 2.7GHz 13-inch (Early 2015),5199.0,,512.0,SSD,Unknown,,120.0,2015,Intel Core i5,13.0,,,"8, 16",8.0,512 GB,Unknown
UR,Mac,MacBook Pro,MacBook Pro i5 2.7GHz 13-inch (Early 2015),6199.0,,1024.0,SSD,Unknown,,120.0,2015,Intel Core i5,13.0,,,"8, 16",8.0,1 TB,Unknown
UR,Mac,MacBook Pro,MacBook Pro i5 2.9GHz 13-inch (Early 2015),6199.0,,128.0,SSD,Unknown,,120.0,2015,Intel Core i5,13.0,,,"8, 16",8.0,128 GB,Unknown
UR,Mac,MacBook Pro,MacBook Pro i5 2.9GHz 13-inch (Early 2015),6199.0,,256.0,SSD,Unknown,,120.0,2015,Intel Core i5,13.0,,,"8, 16",8.0,256 GB,Unknown
UR,Mac,MacBook Pro,MacBook Pro i5 2.9GHz 13-inch (Early 2015),6899.0,,512.0,SSD,Unknown,,120.0,2015,Intel Core i5,13.0,,,"8, 16",8.0,512 GB,Unknown
UR,Mac,MacBook Pro,MacBook Pro i5 2.9GHz 13-inch (Early 2015),7899.0,,1024.0,SSD,Unknown,,120.0,2015,Intel Core i5,13.0,,,"8, 16",8.0,1 TB,Unknown
UR,Mac,MacBook Pro,MacBook Pro i5 2.9GHz 13-inch (Late 2016),7599.0,,256.0,SSD,Unknown,,400.0,2016,Intel Core i5,13.0,,,"8, 16",8.0,256 GB,Unknown
UR,Mac,MacBook Pro,MacBook Pro i5 2.9GHz 13-inch (Late 2016),8399.0,,512.0,SSD,Unknown,,450.0,2016,Intel Core i5,13.0,,,"8, 16",8.0,512 GB,Unknown
UR,Mac,MacBook Pro,MacBook Pro i5 2.9GHz 13-inch (Late 2016),8399.0,,1024.0,SSD,Unknown,,460.0,2016,Intel Core i5,13.0,,,"8, 16",8.0,1 TB,Unknown
UR,Mac,MacBook Pro,MacBook Pro i5 3.1GHz 13-inch (Late 2016),8059.0,,256.0,SSD,Unknown,,470.0,2016,Intel Core i5,13.0,,,"8, 16",8.0,256 GB,Unknown
UR,Mac,MacBook Pro,MacBook Pro i5 3.1GHz 13-inch (Late 2016),8059.0,,512.0,SSD,Unknown,,480.0,2016,Intel Core i5,13.0,,,"8, 16",8.0,512 GB,Unknown
UR,Mac,MacBook Pro,MacBook Pro i5 3.1GHz 13-inch (Late 2016),8859.0,,1024.0,SSD,Unknown,,490.0,2016,Intel Core i5,13.0,,,"8, 16",8.0,1 TB,Unknown
UR,Mac,MacBook Pro,MacBook Pro i5 3.1GHz 13-inch (Mid 2017),7999.0,,256.0,SSD,Unknown,,500.0,2017,Intel Core i5,13.0,,,"8, 16",8.0,256 GB,Unknown
UR,Mac,MacBook Pro,MacBook Pro i5 3.1GHz 13-inch (Mid 2017),7999.0,,512.0,SSD,Unknown,,530.0,2017,Intel Core i5,13.0,,,"8, 16",8.0,512 GB,Unknown
UR,Mac,MacBook Pro,MacBook Pro i5 3.1GHz 13-inch (Mid 2017),8899.0,,1024.0,SSD,Unknown,,600.0,2017,Intel Core i5,13.0,,,"8, 16",8.0,1 TB,Unknown
UR,Mac,MacBook Pro,MacBook Pro i5 3.3GHz 13-inch (Mid 2017),8459.0,,256.0,SSD,Unknown,,500.0,2017,Intel Core i5,13.0,,,"8, 16",8.0,256 GB,Unknown
UR,Mac,MacBook Pro,MacBook Pro i5 3.3GHz 13-inch (Mid 2017),8459.0,,512.0,SSD,Unknown,,530.0,2017,Intel Core i5,13.0,,,"8, 16",8.0,512 GB,Unknown
UR,Mac,MacBook Pro,MacBook Pro i5 3.3GHz 13-inch (Mid 2017),9359.0,,1024.0,SSD,Unknown,,600.0,2017,Intel Core i5,13.0,,,"8, 16",8.0,1 TB,Unknown
UR,Mac,MacBook Pro,MacBook Pro i7 1.7GHz 13-inch (Mid 2019),6699.0,,128.0,SSD,Unknown,,500.0,2019,Intel Core i7,13.0,,,"8, 16",8.0,128 GB,Unknown
UR,Mac,MacBook Pro,MacBook Pro i7 1.7GHz 13-inch (Mid 2019),9169.0,,256.0,SSD,Unknown,,570.0,2019,Intel Core i7,13.0,,,"8, 16",8.0,256 GB,Unknown
UR,Mac,MacBook Pro,MacBook Pro i7 1.7GHz 13-inch (Mid 2019),7499.0,,512.0,SSD,Unknown,,610.0,2019,Intel Core i7,13.0,,,"8, 16",8.0,512 GB,Unknown
UR,Mac,MacBook Pro,MacBook Pro i7 1.7GHz 13-inch (Mid 2019),8299.0,,1024.0,SSD,Unknown,,690.0,2019,Intel Core i7,13.0,,,"8, 16",8.0,1 TB,Unknown
UR,Mac,MacBook Pro,MacBook Pro i7 1.7GHz 13-inch (Mid 2019),8999.0,,2048.0,SSD,Unknown,,730.0,2019,Intel Core i7,13.0,,,"8, 16",8.0,2 TB,Unknown
UR,Mac,MacBook Pro,MacBook Pro i7 1.7GHz 13-inch (Mid 2020),6799.0,,256.0,SSD,Unknown,,780.0,2020,Intel Core i7,13.0,,,"8, 16",8.0,256 GB,Unknown
UR,Mac,MacBook Pro,MacBook Pro i7 1.7GHz 13-inch (Mid 2020),9649.0,,512.0,SSD,Unknown,,790.0,2020,Intel Core i7,13.0,,,"8, 16",8.0,512 GB,Unknown
UR,Mac,MacBook Pro,MacBook Pro i7 1.7GHz 13-inch (Mid 2020),10499.0,,1024.0,SSD,Unknown,,830.0,2020,Intel Core i7,13.0,,,"8, 16",8.0,1 TB,Unknown
UR,Mac,MacBook Pro,MacBook Pro i7 1.7GHz 13-inch (Mid 2020),12199.0,,2048.0,SSD,Unknown,,920.0,2020,Intel Core i7,13.0,,,"8, 16",8.0,2 TB,Unknown
UR,Mac,MacBook Pro,MacBook Pro i7 2.2GHz 15-inch (Mid 2015),6799.0,,256.0,SSD,Unknown,,200.0,2015,Intel Core i7,15.0,,,16,16.0,256 GB,Unknown
UR,Mac,MacBook Pro,MacBook Pro i7 2.2GHz 15-inch (Mid 2015),7781.0,,512.0,SSD,Unknown,,200.0,2015,Intel Core i7,15.0,,,16,16.0,512 GB,Unknown
UR,Mac,MacBook Pro,MacBook Pro i7 2.2GHz 15-inch (Mid 2015),8545.0,,1024.0,SSD,Unknown,,200.0,2015,Intel Core i7,15.0,,,16,16.0,1 TB,Unknown
UR,Mac,MacBook Pro,MacBook Pro i7 2.2GHz 15-inch (Mid 2018),9999.0,,256.0,SSD,Unknown,,910.0,2018,Intel Core i7,15.0,,,"16, 32",16.0,256 GB,Unknown
UR,Mac,MacBook Pro,MacBook Pro i7 2.2GHz 15-inch (Mid 2018),9999.0,,512.0,SSD,Unknown,,920.0,2018,Intel Core i7,15.0,,,"16, 32",16.0,512 GB,Unknown
UR,Mac,MacBook Pro,MacBook Pro i7 2.2GHz 15-inch (Mid 2018),11599.0,,1024.0,SSD,Unknown,,960.0,2018,Intel Core i7,15.0,,,"16, 32",16.0,1 TB,Unknown
UR,Mac,MacBook Pro,MacBook Pro i7 2.2GHz 15-inch (Mid 2018),13199.0,,2048.0,SSD,Unknown,,1110.0,2018,Intel Core i7,15.0,,,"16, 32",16.0,2 TB,Unknown
UR,Mac,MacBook Pro,MacBook Pro i7 2.2GHz 15-inch (Mid 2018),13498.0,,4096.0,SSD,Unknown,,1210.0,2018,Intel Core i7,15.0,,,"16, 32",16.0,4 TB,Unknown
UR,Mac,MacBook Pro,MacBook Pro i7 2.3GHz 13-inch (Mid 2020),8799.0,,512.0,SSD,Unknown,,780.0,2020,Intel Core i7,13.0,,,"16, 32",16.0,512 GB,Unknown
UR,Mac,MacBook Pro,MacBook Pro i7 2.3GHz 13-inch (Mid 2020),10899.0,,1024.0,SSD,Unknown,,880.0,2020,Intel Core i7,13.0,,,"16, 32",16.0,1 TB,Unknown
UR,Mac,MacBook Pro,MacBook Pro i7 2.3GHz 13-inch (Mid 2020),12599.0,,2048.0,SSD,Unknown,,960.0,2020,Intel Core i7,13.0,,,"16, 32",16.0,2 TB,Unknown
UR,Mac,MacBook Pro,MacBook Pro i7 2.3GHz 13-inch (Mid 2020),15999.0,,4096.0,SSD,Unknown,,1100.0,2020,Intel Core i7,13.0,,,"16, 32",16.0,4 TB,Unknown
UR,Mac,MacBook Pro,MacBook Pro i7 2.4GHz 13-inch (Late 2016),7679.0,,256.0,SSD,Unknown,,360.0,2016,Intel Core i7,13.0,,,"8, 16",8.0,256 GB,Unknown
UR,Mac,MacBook Pro,MacBook Pro i7 2.4GHz 13-inch (Late 2016),7679.0,,512.0,SSD,Unknown,,400.0,2016,Intel Core i7,13.0,,,"8, 16",8.0,512 GB,Unknown
UR,Mac,MacBook Pro,MacBook Pro i7 2.4GHz 13-inch (Late 2016),8479.0,,1024.0,SSD,Unknown,,450.0,2016,Intel Core i7,13.0,,,"8, 16",8.0,1 TB,Unknown
UR,Mac,MacBook Pro,MacBook Pro i7 2.5GHz 13-inch (Mid 2017),7379.0,,128.0,SSD,Unknown,,360.0,2017,Intel Core i7,13.0,,,"8, 16",8.0,128 GB,Unknown
UR,Mac,MacBook Pro,MacBook Pro i7 2.5GHz 13-inch (Mid 2017),7379.0,,256.0,SSD,Unknown,,500.0,2017,Intel Core i7,13.0,,,"8, 16",8.0,256 GB,Unknown
UR,Mac,MacBook Pro,MacBook Pro i7 2.5GHz 13-inch (Mid 2017),8279.0,,512.0,SSD,Unknown,,550.0,2017,Intel Core i7,13.0,,,"8, 16",8.0,512 GB,Unknown
UR,Mac,MacBook Pro,MacBook Pro i7 2.5GHz 13-inch (Mid 2017),8279.0,,1024.0,SSD,Unknown,,600.0,2017,Intel Core i7,13.0,,,"8, 16",8.0,1 TB,Unknown
UR,Mac,MacBook Pro,MacBook Pro i7 2.5GHz 15-inch (Mid 2015),7781.0,,256.0,SSD,Unknown,,200.0,2015,Intel Core i7,15.0,,,16,16.0,256 GB,Unknown
UR,Mac,MacBook Pro,MacBook Pro i7 2.5GHz 15-inch (Mid 2015),7781.0,,512.0,SSD,Unknown,,240.0,2015,Intel Core i7,15.0,,,16,16.0,512 GB,Unknown
UR,Mac,MacBook Pro,MacBook Pro i7 2.5GHz 15-inch (Mid 2015),8545.0,,1024.0,SSD,Unknown,,250.0,2015,Intel Core i7,15.0,,,16,16.0,1 TB,Unknown
UR,Mac,MacBook Pro,MacBook Pro i7 2.6GHz 15-inch (Late 2016),10199.0,,256.0,SSD,Unknown,,600.0,2016,Intel Core i7,15.0,,,16,16.0,256 GB,Unknown
UR,Mac,MacBook Pro,MacBook Pro i7 2.6GHz 15-inch (Late 2016),11539.0,,512.0,SSD,Unknown,,700.0,2016,Intel Core i7,15.0,,,16,16.0,512 GB,Unknown
UR,Mac,MacBook Pro,MacBook Pro i7 2.6GHz 15-inch (Late 2016),12919.0,,1024.0,SSD,Unknown,,770.0,2016,Intel Core i7,15.0,,,16,16.0,1 TB,Unknown
UR,Mac,MacBook Pro,MacBook Pro i7 2.6GHz 15-inch (Late 2016),14619.0,,2048.0,SSD,Unknown,,820.0,2016,Intel Core i7,15.0,,,16,16.0,2 TB,Unknown
UR,Mac,MacBook Pro,MacBook Pro i7 2.6GHz 15-inch (Mid 2018),11599.0,,256.0,SSD,Unknown,,800.0,2018,Intel Core i7,15.0,,,"16, 32",16.0,256 GB,Unknown
UR,Mac,MacBook Pro,MacBook Pro i7 2.6GHz 15-inch (Mid 2018),11599.0,,512.0,SSD,Unknown,,900.0,2018,Intel Core i7,15.0,,,"16, 32",16.0,512 GB,Unknown
UR,Mac,MacBook Pro,MacBook Pro i7 2.6GHz 15-inch (Mid 2018),13199.0,,1024.0,SSD,Unknown,,950.0,2018,Intel Core i7,15.0,,,"16, 32",16.0,1 TB,Unknown
UR,Mac,MacBook Pro,MacBook Pro i7 2.6GHz 15-inch (Mid 2018),14799.0,,2048.0,SSD,Unknown,,1050.0,2018,Intel Core i7,15.0,,,"16, 32",16.0,2 TB,Unknown
UR,Mac,MacBook Pro,MacBook Pro i7 2.6GHz 15-inch (Mid 2018),16399.0,,4096.0,SSD,Unknown,,1150.0,2018,Intel Core i7,15.0,,,"16, 32",16.0,4 TB,Unknown
UR,Mac,MacBook Pro,MacBook Pro i7 2.6GHz 15-inch (Mid 2019),10499.0,,256.0,SSD,Unknown,,1030.0,2019,Intel Core i7,15.0,,,"16, 32",16.0,256 GB,Unknown
UR,Mac,MacBook Pro,MacBook Pro i7 2.6GHz 15-inch (Mid 2019),10499.0,,512.0,SSD,Unknown,,1070.0,2019,Intel Core i7,15.0,,,"16, 32",16.0,512 GB,Unknown
UR,Mac,MacBook Pro,MacBook Pro i7 2.6GHz 15-inch (Mid 2019),11499.0,,1024.0,SSD,Unknown,,1150.0,2019,Intel Core i7,15.0,,,"16, 32",16.0,1 TB,Unknown
UR,Mac,MacBook Pro,MacBook Pro i7 2.6GHz 15-inch (Mid 2019),12499.0,,2048.0,SSD,Unknown,,1270.0,2019,Intel Core i7,15.0,,,"16, 32",16.0,2 TB,Unknown
UR,Mac,MacBook Pro,MacBook Pro i7 2.6GHz 15-inch (Mid 2019),14499.0,,4096.0,SSD,Unknown,,1370.0,2019,Intel Core i7,15.0,,,"16, 32",16.0,4 TB,Unknown
UR,Mac,MacBook Pro,MacBook Pro i7 2.6GHz 16-inch (Late 2019),10499.0,,512.0,SSD,Unknown,,1100.0,2019,Intel Core i7,16.0,,,"16, 32, 64",16.0,512 GB,Unknown
UR,Mac,MacBook Pro,MacBook Pro i7 2.6GHz 16-inch (Late 2019),,,1024.0,SSD,Unknown,,1190.0,2019,Intel Core i7,16.0,,,"16, 32, 64",16.0,1 TB,Unknown
UR,Mac,MacBook Pro,MacBook Pro i7 2.6GHz 16-inch (Late 2019),,,2048.0,SSD,Unknown,,1290.0,2019,Intel Core i7,16.0,,,"16, 32, 64",16.0,2 TB,Unknown
UR,Mac,MacBook Pro,MacBook Pro i7 2.6GHz 16-inch (Late 2019),,,4096.0,SSD,Unknown,,1380.0,2019,Intel Core i7,16.0,,,"16, 32, 64",16.0,4 TB,Unknown
UR,Mac,MacBook Pro,MacBook Pro i7 2.6GHz 16-inch (Late 2019),,,8192.0,SSD,Unknown,,1500.0,2019,Intel Core i7,16.0,,,"16, 32, 64",16.0,8 TB,Unknown
UR,Mac,MacBook Pro,MacBook Pro i7 2.7GHz 13-inch (Mid 2018),8798.0,,256.0,SSD,Unknown,,700.0,2018,Intel Core i7,13.0,,,"8, 16",8.0,256 GB,Unknown
UR,Mac,MacBook Pro,MacBook Pro i7 2.7GHz 13-inch (Mid 2018),8798.0,,512.0,SSD,Unknown,,720.0,2018,Intel Core i7,13.0,,,"8, 16",8.0,512 GB,Unknown
UR,Mac,MacBook Pro,MacBook Pro i7 2.7GHz 13-inch (Mid 2018),9598.0,,1024.0,SSD,Unknown,,770.0,2018,Intel Core i7,13.0,,,"8, 16",8.0,1 TB,Unknown
UR,Mac,MacBook Pro,MacBook Pro i7 2.7GHz 13-inch (Mid 2018),9598.0,,2048.0,SSD,Unknown,,820.0,2018,Intel Core i7,13.0,,,"8, 16",8.0,2 TB,Unknown
UR,Mac,MacBook Pro,MacBook Pro i7 2.7GHz 15-inch (Late 2016),11999.0,,256.0,SSD,Unknown,,700.0,2016,Intel Core i7,15.0,,,16,16.0,256 GB,Unknown
UR,Mac,MacBook Pro,MacBook Pro i7 2.7GHz 15-inch (Late 2016),11999.0,,512.0,SSD,Unknown,,720.0,2016,Intel Core i7,15.0,,,16,16.0,512 GB,Unknown
UR,Mac,MacBook Pro,MacBook Pro i7 2.7GHz 15-inch (Late 2016),12799.0,,1024.0,SSD,Unknown,,770.0,2016,Intel Core i7,15.0,,,16,16.0,1 TB,Unknown
UR,Mac,MacBook Pro,MacBook Pro i7 2.7GHz 15-inch (Late 2016),14999.0,,2048.0,SSD,Unknown,,820.0,2016,Intel Core i7,15.0,,,16,16.0,2 TB,Unknown
UR,Mac,MacBook Pro,MacBook Pro i7 2.8GHz 13-inch (Mid 2019),9169.0,,256.0,SSD,Unknown,,730.0,2019,Intel Core i7,13.0,,,"8, 16",8.0,256 GB,Unknown
UR,Mac,MacBook Pro,MacBook Pro i7 2.8GHz 13-inch (Mid 2019),9169.0,,512.0,SSD,Unknown,,760.0,2019,Intel Core i7,13.0,,,"8, 16",8.0,512 GB,Unknown
UR,Mac,MacBook Pro,MacBook Pro i7 2.8GHz 13-inch (Mid 2019),10019.0,,1024.0,SSD,Unknown,,770.0,2019,Intel Core i7,13.0,,,"8, 16",8.0,1 TB,Unknown
UR,Mac,MacBook Pro,MacBook Pro i7 2.8GHz 13-inch (Mid 2019),10869.0,,2048.0,SSD,Unknown,,830.0,2019,Intel Core i7,13.0,,,"8, 16",8.0,2 TB,Unknown
UR,Mac,MacBook Pro,MacBook Pro i7 2.8GHz 15-inch (Mid 2015),8545.0,,256.0,SSD,Unknown,,240.0,2015,Intel Core i7,15.0,,,16,16.0,256 GB,Unknown
UR,Mac,MacBook Pro,MacBook Pro i7 2.8GHz 15-inch (Mid 2015),,,512.0,SSD,Unknown,,250.0,2015,Intel Core i7,15.0,,,16,16.0,512 GB,Unknown
UR,Mac,MacBook Pro,MacBook Pro i7 2.8GHz 15-inch (Mid 2015),,,1024.0,SSD,Unknown,,290.0,2015,Intel Core i7,15.0,,,16,16.0,1 TB,Unknown
UR,Mac,MacBook Pro,MacBook Pro i7 2.8GHz 15-inch (Mid 2017),10799.0,,256.0,SSD,Unknown,,790.0,2017,Intel Core i7,15.0,,,"16, 32",16.0,256 GB,Unknown
UR,Mac,MacBook Pro,MacBook Pro i7 2.8GHz 15-inch (Mid 2017),10799.0,,512.0,SSD,Unknown,,820.0,2017,Intel Core i7,15.0,,,"16, 32",16.0,512 GB,Unknown
UR,Mac,MacBook Pro,MacBook Pro i7 2.8GHz 15-inch (Mid 2017),11599.0,,1024.0,SSD,Unknown,,840.0,2017,Intel Core i7,15.0,,,"16, 32",16.0,1 TB,Unknown
UR,Mac,MacBook Pro,MacBook Pro i7 2.8GHz 15-inch (Mid 2017),13299.0,,2048.0,SSD,Unknown,,890.0,2017,Intel Core i7,15.0,,,"16, 32",16.0,2 TB,Unknown
UR,Mac,MacBook Pro,MacBook Pro i7 2.9GHz 15-inch (Late 2016),11539.0,,256.0,SSD,Unknown,,700.0,2016,Intel Core i7,15.0,,,16,16.0,256 GB,Unknown
UR,Mac,MacBook Pro,MacBook Pro i7 2.9GHz 15-inch (Late 2016),11539.0,,512.0,SSD,Unknown,,720.0,2016,Intel Core i7,15.0,,,16,16.0,512 GB,Unknown
UR,Mac,MacBook Pro,MacBook Pro i7 2.9GHz 15-inch (Late 2016),12919.0,,1024.0,SSD,Unknown,,770.0,2016,Intel Core i7,15.0,,,16,16.0,1 TB,Unknown
UR,Mac,MacBook Pro,MacBook Pro i7 2.9GHz 15-inch (Late 2016),14999.0,,2048.0,SSD,Unknown,,820.0,2016,Intel Core i7,15.0,,,16,16.0,2 TB,Unknown
UR,Mac,MacBook Pro,MacBook Pro i7 2.9GHz 15-inch (Mid 2017),,,256.0,SSD,Unknown,,800.0,2017,Intel Core i7,15.0,,,"16, 32",16.0,256 GB,Unknown
UR,Mac,MacBook Pro,MacBook Pro i7 2.9GHz 15-inch (Mid 2017),12499.0,,512.0,SSD,Unknown,,820.0,2017,Intel Core i7,15.0,,,"16, 32",16.0,512 GB,Unknown
UR,Mac,MacBook Pro,MacBook Pro i7 2.9GHz 15-inch (Mid 2017),,,1024.0,SSD,Unknown,,840.0,2017,Intel Core i7,15.0,,,"16, 32",16.0,1 TB,Unknown
UR,Mac,MacBook Pro,MacBook Pro i7 2.9GHz 15-inch (Mid 2017),,,2048.0,SSD,Unknown,,900.0,2017,Intel Core i7,15.0,,,"16, 32",16.0,2 TB,Unknown
UR,Mac,MacBook Pro,MacBook Pro i7 3.1GHz 13-inch (Early 2015),5579.0,,128.0,SSD,Unknown,,120.0,2015,Intel Core i7,13.0,,,"8, 16",8.0,128 GB,Unknown
UR,Mac,MacBook Pro,MacBook Pro i7 3.1GHz 13-inch (Early 2015),5579.0,,256.0,SSD,Unknown,,120.0,2015,Intel Core i7,13.0,,,"8, 16",8.0,256 GB,Unknown
UR,Mac,MacBook Pro,MacBook Pro i7 3.1GHz 13-inch (Early 2015),6199.0,,512.0,SSD,Unknown,,150.0,2015,Intel Core i7,13.0,,,"8, 16",8.0,512 GB,Unknown
UR,Mac,MacBook Pro,MacBook Pro i7 3.1GHz 13-inch (Early 2015),6919.0,,1024.0,SSD,Unknown,,150.0,2015,Intel Core i7,13.0,,,"8, 16",8.0,1 TB,Unknown
UR,Mac,MacBook Pro,MacBook Pro i7 3.1GHz 15-inch (Mid 2017),12039.0,,256.0,SSD,Unknown,,800.0,2017,Intel Core i7,15.0,,,"16, 32",16.0,256 GB,Unknown
UR,Mac,MacBook Pro,MacBook Pro i7 3.1GHz 15-inch (Mid 2017),12039.0,,512.0,SSD,Unknown,,820.0,2017,Intel Core i7,15.0,,,"16, 32",16.0,512 GB,Unknown
UR,Mac,MacBook Pro,MacBook Pro i7 3.1GHz 15-inch (Mid 2017),13419.0,,1024.0,SSD,Unknown,,840.0,2017,Intel Core i7,15.0,,,"16, 32",16.0,1 TB,Unknown
UR,Mac,MacBook Pro,MacBook Pro i7 3.1GHz 15-inch (Mid 2017),14179.0,,2048.0,SSD,Unknown,,890.0,2017,Intel Core i7,15.0,,,"16, 32",16.0,2 TB,Unknown
UR,Mac,MacBook Pro,MacBook Pro i7 3.3GHz 13-inch (Late 2016),8979.0,,256.0,SSD,Unknown,,450.0,2016,Intel Core i7,13.0,,,"8, 16",8.0,256 GB,Unknown
UR,Mac,MacBook Pro,MacBook Pro i7 3.3GHz 13-inch (Late 2016),8979.0,,512.0,SSD,Unknown,,460.0,2016,Intel Core i7,13.0,,,"8, 16",8.0,512 GB,Unknown
UR,Mac,MacBook Pro,MacBook Pro i7 3.3GHz 13-inch (Late 2016),9779.0,,1024.0,SSD,Unknown,,470.0,2016,Intel Core i7,13.0,,,"8, 16",8.0,1 TB,Unknown
UR,Mac,MacBook Pro,MacBook Pro i7 3.5GHz 13-inch (Mid 2017),9379.0,,256.0,SSD,Unknown,,720.0,2017,Intel Core i7,13.0,,,"8, 16",8.0,256 GB,Unknown
UR,Mac,MacBook Pro,MacBook Pro i7 3.5GHz 13-inch (Mid 2017),9379.0,,512.0,SSD,Unknown,,800.0,2017,Intel Core i7,13.0,,,"8, 16",8.0,512 GB,Unknown
UR,Mac,MacBook Pro,MacBook Pro i7 3.5GHz 13-inch (Mid 2017),10279.0,,1024.0,SSD,Unknown,,840.0,2017,Intel Core i7,13.0,,,"8, 16",8.0,1 TB,Unknown
UR,Mac,MacBook Pro,MacBook Pro i9 2.3GHz 15-inch (Mid 2019),12199.0,,256.0,SSD,Unknown,,1030.0,2019,Intel Core i9,15.0,,,"16, 32",16.0,256 GB,Unknown
UR,Mac,MacBook Pro,MacBook Pro i9 2.3GHz 15-inch (Mid 2019),12199.0,,512.0,SSD,Unknown,,1100.0,2019,Intel Core i9,15.0,,,"16, 32",16.0,512 GB,Unknown
UR,Mac,MacBook Pro,MacBook Pro i9 2.3GHz 15-inch (Mid 2019),13199.0,,1024.0,SSD,Unknown,,1290.0,2019,Intel Core i9,15.0,,,"16, 32",16.0,1 TB,Unknown
UR,Mac,MacBook Pro,MacBook Pro i9 2.3GHz 15-inch (Mid 2019),14199.0,,2048.0,SSD,Unknown,,1390.0,2019,Intel Core i9,15.0,,,"16, 32",16.0,2 TB,Unknown
UR,Mac,MacBook Pro,MacBook Pro i9 2.3GHz 15-inch (Mid 2019),16199.0,,4096.0,SSD,Unknown,,1510.0,2019,Intel Core i9,15.0,,,"16, 32",16.0,4 TB,Unknown
UR,Mac,MacBook Pro,MacBook Pro i9 2.3GHz 16-inch (Late 2019),12199.0,,1024.0,SSD,Unknown,,1280.0,2019,Intel Core i9,16.0,,,"16, 32, 64",16.0,1 TB,Unknown
UR,Mac,MacBook Pro,MacBook Pro i9 2.3GHz 16-inch (Late 2019),,,2048.0,SSD,Unknown,,1380.0,2019,Intel Core i9,16.0,,,"16, 32, 64",16.0,2 TB,Unknown
UR,Mac,MacBook Pro,MacBook Pro i9 2.3GHz 16-inch (Late 2019),,,4096.0,SSD,Unknown,,1560.0,2019,Intel Core i9,16.0,,,"16, 32, 64",16.0,4 TB,Unknown
UR,Mac,MacBook Pro,MacBook Pro i9 2.3GHz 16-inch (Late 2019),,,8192.0,SSD,Unknown,,1570.0,2019,Intel Core i9,16.0,,,"16, 32, 64",16.0,8 TB,Unknown
UR,Mac,MacBook Pro,MacBook Pro i9 2.4GHz 15-inch (Mid 2019),11759.0,,256.0,SSD,Unknown,,1030.0,2019,Intel Core i9,15.0,,,"16, 32",16.0,256 GB,Unknown
UR,Mac,MacBook Pro,MacBook Pro i9 2.4GHz 15-inch (Mid 2019),11759.0,,512.0,SSD,Unknown,,1180.0,2019,Intel Core i9,15.0,,,"16, 32",16.0,512 GB,Unknown
UR,Mac,MacBook Pro,MacBook Pro i9 2.4GHz 15-inch (Mid 2019),13079.0,,1024.0,SSD,Unknown,,1290.0,2019,Intel Core i9,15.0,,,"16, 32",16.0,1 TB,Unknown
UR,Mac,MacBook Pro,MacBook Pro i9 2.4GHz 15-inch (Mid 2019),14399.0,,2048.0,SSD,Unknown,,1390.0,2019,Intel Core i9,15.0,,,"16, 32",16.0,2 TB,Unknown
UR,Mac,MacBook Pro,MacBook Pro i9 2.4GHz 15-inch (Mid 2019),16399.0,,4096.0,SSD,Unknown,,1510.0,2019,Intel Core i9,15.0,,,"16, 32",16.0,4 TB,Unknown
UR,Mac,MacBook Pro,MacBook Pro i9 2.4GHz 16-inch (Late 2019),11799.0,,512.0,SSD,Unknown,,1190.0,2019,Intel Core i9,16.0,,,"16, 32, 64",16.0,512 GB,Unknown
UR,Mac,MacBook Pro,MacBook Pro i9 2.4GHz 16-inch (Late 2019),,,1024.0,SSD,Unknown,,1410.0,2019,Intel Core i9,16.0,,,"16, 32, 64",16.0,1 TB,Unknown
UR,Mac,MacBook Pro,MacBook Pro i9 2.4GHz 16-inch (Late 2019),,,2048.0,SSD,Unknown,,1480.0,2019,Intel Core i9,16.0,,,"16, 32, 64",16.0,2 TB,Unknown
UR,Mac,MacBook Pro,MacBook Pro i9 2.4GHz 16-inch (Late 2019),,,4096.0,SSD,Unknown,,1600.0,2019,Intel Core i9,16.0,,,"16, 32, 64",16.0,4 TB,Unknown
UR,Mac,MacBook Pro,MacBook Pro i9 2.4GHz 16-inch (Late 2019),,,8192.0,SSD,Unknown,,1740.0,2019,Intel Core i9,16.0,,,"16, 32, 64",16.0,8 TB,Unknown
UR,Mac,MacBook Pro,MacBook Pro i9 2.9GHz 15-inch (Mid 2018),11599.0,,256.0,SSD,Unknown,,910.0,2018,Intel Core i9,15.0,,,"16, 32",16.0,256 GB,Unknown
UR,Mac,MacBook Pro,MacBook Pro i9 2.9GHz 15-inch (Mid 2018),11599.0,,512.0,SSD,Unknown,,960.0,2018,Intel Core i9,15.0,,,"16, 32",16.0,512 GB,Unknown
UR,Mac,MacBook Pro,MacBook Pro i9 2.9GHz 15-inch (Mid 2018),12898.0,,1024.0,SSD,Unknown,,1040.0,2018,Intel Core i9,15.0,,,"16, 32",16.0,1 TB,Unknown
UR,Mac,MacBook Pro,MacBook Pro i9 2.9GHz 15-inch (Mid 2018),14498.0,,2048.0,SSD,Unknown,,1130.0,2018,Intel Core i9,15.0,,,"16, 32",16.0,2 TB,Unknown
UR,Mac,MacBook Pro,MacBook Pro i9 2.9GHz 15-inch (Mid 2018),16098.0,,4096.0,SSD,Unknown,,1230.0,2018,Intel Core i9,15.0,,,"16, 32",16.0,4 TB,Unknown
UR,Mac,MacBook Pro,MacBook Pro M1 8-Core CPU & 8-Core GPU 13-inch (Late 2020),5599.0,,256.0,SSD,Unknown,,910.0,2020,M1,13.0,,,"8, 16",8.0,256 GB,M1
UR,Mac,MacBook Pro,MacBook Pro M1 8-Core CPU & 8-Core GPU 13-inch (Late 2020),6399.0,,512.0,SSD,Unknown,,960.0,2020,M1,13.0,,,"8, 16",8.0,512 GB,M1
UR,Mac,MacBook Pro,MacBook Pro M1 8-Core CPU & 8-Core GPU 13-inch (Late 2020),7199.0,,1024.0,SSD,Unknown,,1030.0,2020,M1,13.0,,,"8, 16",8.0,1 TB,M1
UR,Mac,MacBook Pro,MacBook Pro M1 8-Core CPU & 8-Core GPU 13-inch (Late 2020),8799.0,,2048.0,SSD,Unknown,,1150.0,2020,M1,13.0,,,"8, 16",8.0,2 TB,M1
UR,Mac,MacBook Pro,MacBook Pro M2 8-Core CPU & 10-Core GPU 13-inch (Mid 2022),5699.0,,256.0,SSD,Unknown,,1400.0,2022,M2,13.0,,,"8, 16, 24",8.0,256 GB,M2
UR,Mac,MacBook Pro,MacBook Pro M2 8-Core CPU & 10-Core GPU 13-inch (Mid 2022),6499.0,,512.0,SSD,Unknown,,1680.0,2022,M2,13.0,,,"8, 16, 24",8.0,512 GB,M2
UR,Mac,MacBook Pro,MacBook Pro M2 8-Core CPU & 10-Core GPU 13-inch (Mid 2022),7299.0,,1024.0,SSD,Unknown,,1900.0,2022,M2,13.0,,,"8, 16, 24",8.0,1 TB,M2
UR,Mac,MacBook Pro,MacBook Pro M2 8-Core CPU & 10-Core GPU 13-inch (Mid 2022),8899.0,,2048.0,SSD,Unknown,,2260.0,2022,M2,13.0,,,"8, 16, 24",8.0,2 TB,M2
UR,Mac,MacBook Pro,MacBook Pro M2 Max 12-Core CPU & 30-Core GPU 14-inch (Early 2023),13199.0,,512.0,SSD,Unknown,,2910.0,2023,M2 Max,14.0,,,"32, 64",32.0,512 GB,M2
UR,Mac,MacBook Pro,MacBook Pro M2 Max 12-Core CPU & 30-Core GPU 14-inch (Early 2023),13199.0,,1024.0,SSD,Unknown,,2940.0,2023,M2 Max,14.0,,,"32, 64",32.0,1 TB,M2
UR,Mac,MacBook Pro,MacBook Pro M2 Max 12-Core CPU & 30-Core GPU 14-inch (Early 2023),15599.0,,2048.0,SSD,Unknown,,3950.0,2023,M2 Max,14.0,,,"32, 64",32.0,2 TB,M2
UR,Mac,MacBook Pro,MacBook Pro M2 Max 12-Core CPU & 30-Core GPU 14-inch (Early 2023),18799.0,,4096.0,SSD,Unknown,,4460.0,2023,M2 Max,14.0,,,"32, 64",32.0,4 TB,M2
UR,Mac,MacBook Pro,MacBook Pro M2 Max 12-Core CPU & 30-Core GPU 14-inch (Early 2023),22799.0,,8192.0,SSD,Unknown,,5630.0,2023,M2 Max,14.0,,,"32, 64",32.0,8 TB,M2
UR,Mac,MacBook Pro,MacBook Pro M2 Max 12-Core CPU & 30-Core GPU 16-inch (Early 2023),13199.0,,512.0,SSD,Unknown,,3540.0,2023,M2 Max,16.0,,,"32, 64",32.0,512 GB,M2
UR,Mac,MacBook Pro,MacBook Pro M2 Max 12-Core CPU & 30-Core GPU 16-inch (Early 2023),13999.0,,1024.0,SSD,Unknown,,3720.0,2023,M2 Max,16.0,,,"32, 64",32.0,1 TB,M2
UR,Mac,MacBook Pro,MacBook Pro M2 Max 12-Core CPU & 30-Core GPU 16-inch (Early 2023),15599.0,,2048.0,SSD,Unknown,,4040.0,2023,M2 Max,16.0,,,"32, 64",32.0,2 TB,M2
UR,Mac,MacBook Pro,MacBook Pro M2 Max 12-Core CPU & 30-Core GPU 16-inch (Early 2023),18799.0,,4096.0,SSD,Unknown,,4670.0,2023,M2 Max,16.0,,,"32, 64",32.0,4 TB,M2
UR,Mac,MacBook Pro,MacBook Pro M2 Max 12-Core CPU & 30-Core GPU 16-inch (Early 2023),22799.0,,8192.0,SSD,Unknown,,5920.0,2023,M2 Max,16.0,,,"32, 64",32.0,8 TB,M2
UR,Mac,MacBook Pro,MacBook Pro M2 Max 12-Core CPU & 38-Core GPU 14-inch (Early 2023),13999.0,,512.0,SSD,Unknown,,3360.0,2023,M2 Max,14.0,,,"32, 64, 96",32.0,512 GB,M2
UR,Mac,MacBook Pro,MacBook Pro M2 Max 12-Core CPU & 38-Core GPU 14-inch (Early 2023),13199.0,,1024.0,SSD,Unknown,,3640.0,2023,M2 Max,14.0,,,"32, 64, 96",32.0,1 TB,M2
UR,Mac,MacBook Pro,MacBook Pro M2 Max 12-Core CPU & 38-Core GPU 14-inch (Early 2023),16399.0,,2048.0,SSD,Unknown,,4120.0,2023,M2 Max,14.0,,,"32, 64, 96",32.0,2 TB,M2
UR,Mac,MacBook Pro,MacBook Pro M2 Max 12-Core CPU & 38-Core GPU 14-inch (Early 2023),19599.0,,4096.0,SSD,Unknown,,4800.0,2023,M2 Max,14.0,,,"32, 64, 96",32.0,4 TB,M2
UR,Mac,MacBook Pro,MacBook Pro M2 Max 12-Core CPU & 38-Core GPU 14-inch (Early 2023),23599.0,,8192.0,SSD,Unknown,,6030.0,2023,M2 Max,14.0,,,"32, 64, 96",32.0,8 TB,M2
UR,Mac,MacBook Pro,MacBook Pro M2 Max 12-Core CPU & 38-Core GPU 16-inch (Early 2023),14799.0,,512.0,SSD,Unknown,,3700.0,2023,M2 Max,16.0,,,"32, 64, 96",32.0,512 GB,M2
UR,Mac,MacBook Pro,MacBook Pro M2 Max 12-Core CPU & 38-Core GPU 16-inch (Early 2023),14799.0,,1024.0,SSD,Unknown,,3800.0,2023,M2 Max,16.0,,,"32, 64, 96",32.0,1 TB,M2
UR,Mac,MacBook Pro,MacBook Pro M2 Max 12-Core CPU & 38-Core GPU 16-inch (Early 2023),17199.0,,2048.0,SSD,Unknown,,4460.0,2023,M2 Max,16.0,,,"32, 64, 96",32.0,2 TB,M2
UR,Mac,MacBook Pro,MacBook Pro M2 Max 12-Core CPU & 38-Core GPU 16-inch (Early 2023),20399.0,,4096.0,SSD,Unknown,,4870.0,2023,M2 Max,16.0,,,"32, 64, 96",32.0,4 TB,M2
UR,Mac,MacBook Pro,MacBook Pro M2 Max 12-Core CPU & 38-Core GPU 16-inch (Early 2023),24399.0,,8192.0,SSD,Unknown,,6330.0,2023,M2 Max,16.0,,,"32, 64, 96",32.0,8 TB,M2
UR,Mac,MacBook Pro,MacBook Pro M2 Pro 10-Core CPU & 16-Core GPU 14-inch (Early 2023),8799.0,,512.0,SSD,Unknown,,2490.0,2023,M2 Pro,14.0,,,"16, 32",16.0,512 GB,M2
UR,Mac,MacBook Pro,MacBook Pro M2 Pro 10-Core CPU & 16-Core GPU 14-inch (Early 2023),9599.0,,1024.0,SSD,Unknown,,2650.0,2023,M2 Pro,14.0,,,"16, 32",16.0,1 TB,M2
UR,Mac,MacBook Pro,MacBook Pro M2 Pro 10-Core CPU & 16-Core GPU 14-inch (Early 2023),11199.0,,2048.0,SSD,Unknown,,2930.0,2023,M2 Pro,14.0,,,"16, 32",16.0,2 TB,M2
UR,Mac,MacBook Pro,MacBook Pro M2 Pro 10-Core CPU & 16-Core GPU 14-inch (Early 2023),14399.0,,4096.0,SSD,Unknown,,3370.0,2023,M2 Pro,14.0,,,"16, 32",16.0,4 TB,M2
UR,Mac,MacBook Pro,MacBook Pro M2 Pro 10-Core CPU & 16-Core GPU 14-inch (Early 2023),18399.0,,8192.0,SSD,Unknown,,4290.0,2023,M2 Pro,14.0,,,"16, 32",16.0,8 TB,M2
UR,Mac,MacBook Pro,MacBook Pro M2 Pro 12-Core CPU & 19-Core GPU 14-inch (Early 2023),10799.0,,512.0,SSD,Unknown,,2530.0,2023,M2 Pro,14.0,,,"16, 32",16.0,512 GB,M2
UR,Mac,MacBook Pro,MacBook Pro M2 Pro 12-Core CPU & 19-Core GPU 14-inch (Early 2023),11599.0,,1024.0,SSD,Unknown,,2650.0,2023,M2 Pro,14.0,,,"16, 32",16.0,1 TB,M2
UR,Mac,MacBook Pro,MacBook Pro M2 Pro 12-Core CPU & 19-Core GPU 14-inch (Early 2023),13199.0,,2048.0,SSD,Unknown,,3250.0,2023,M2 Pro,14.0,,,"16, 32",16.0,2 TB,M2
UR,Mac,MacBook Pro,MacBook Pro M2 Pro 12-Core CPU & 19-Core GPU 14-inch (Early 2023),16399.0,,4096.0,SSD,Unknown,,3840.0,2023,M2 Pro,14.0,,,"16, 32",16.0,4 TB,M2
UR,Mac,MacBook Pro,MacBook Pro M2 Pro 12-Core CPU & 19-Core GPU 14-inch (Early 2023),20399.0,,8192.0,SSD,Unknown,,4780.0,2023,M2 Pro,14.0,,,"16, 32",16.0,8 TB,M2
UR,Mac,MacBook Pro,MacBook Pro M2 Pro 12-Core CPU & 19-Core GPU 16-inch (Early 2023),10799.0,,512.0,SSD,Unknown,,2950.0,2023,M2 Pro,16.0,,,"16, 32",16.0,512 GB,M2
UR,Mac,MacBook Pro,MacBook Pro M2 Pro 12-Core CPU & 19-Core GPU 16-inch (Early 2023),11599.0,,1024.0,SSD,Unknown,,3160.0,2023,M2 Pro,16.0,,,"16, 32",16.0,1 TB,M2
UR,Mac,MacBook Pro,MacBook Pro M2 Pro 12-Core CPU & 19-Core GPU 16-inch (Early 2023),13199.0,,2048.0,SSD,Unknown,,3540.0,2023,M2 Pro,16.0,,,"16, 32",16.0,2 TB,M2
UR,Mac,MacBook Pro,MacBook Pro M2 Pro 12-Core CPU & 19-Core GPU 16-inch (Early 2023),16399.0,,4096.0,SSD,Unknown,,4330.0,2023,M2 Pro,16.0,,,"16, 32",16.0,4 TB,M2
UR,Mac,MacBook Pro,MacBook Pro M2 Pro 12-Core CPU & 19-Core GPU 16-inch (Early 2023),20399.0,,8192.0,SSD,Unknown,,5570.0,2023,M2 Pro,16.0,,,"16, 32",16.0,8 TB,M2
UR,Mac,MacBook Pro,MacBook Pro M3 8-Core CPU & 10-Core GPU 14-inch (Late 2023),7499.0,,512.0,SSD,Unknown,,2560.0,2023,M3,14.0,,,"8, 16, 24",8.0,512 GB,M3
UR,Mac,MacBook Pro,MacBook Pro M3 8-Core CPU & 10-Core GPU 14-inch (Late 2023),8299.0,,1024.0,SSD,Unknown,,2820.0,2023,M3,14.0,,,"8, 16, 24",8.0,1 TB,M3
UR,Mac,MacBook Pro,MacBook Pro M3 8-Core CPU & 10-Core GPU 14-inch (Late 2023),9899.0,,2048.0,SSD,Unknown,,3550.0,2023,M3,14.0,,,"8, 16, 24",8.0,2 TB,M3
UR,Mac,MacBook Pro,MacBook Pro M3 Max 14-Core CPU & 30-Core GPU 14-inch (Late 2023),12999.0,,512.0,SSD,Unknown,,4640.0,2023,M3 Max,14.0,,,"36, 96",36.0,512 GB,M3
UR,Mac,MacBook Pro,MacBook Pro M3 Max 14-Core CPU & 30-Core GPU 14-inch (Late 2023),14799.0,,1024.0,SSD,Unknown,,4830.0,2023,M3 Max,14.0,,,"36, 96",36.0,1 TB,M3
UR,Mac,MacBook Pro,MacBook Pro M3 Max 14-Core CPU & 30-Core GPU 14-inch (Late 2023),15399.0,,2048.0,SSD,Unknown,,5260.0,2023,M3 Max,14.0,,,"36, 96",36.0,2 TB,M3
UR,Mac,MacBook Pro,MacBook Pro M3 Max 14-Core CPU & 30-Core GPU 14-inch (Late 2023),18599.0,,4096.0,SSD,Unknown,,6450.0,2023,M3 Max,14.0,,,"36, 96",36.0,4 TB,M3
UR,Mac,MacBook Pro,MacBook Pro M3 Max 14-Core CPU & 30-Core GPU 14-inch (Late 2023),22599.0,,8192.0,SSD,Unknown,,7450.0,2023,M3 Max,14.0,,,"36, 96",36.0,8 TB,M3
UR,Mac,MacBook Pro,MacBook Pro M3 Max 14-Core CPU & 30-Core GPU 16-inch (Late 2023),13999.0,,512.0,SSD,Unknown,,5240.0,2023,M3 Max,16.0,,,"36, 96",36.0,512 GB,M3
UR,Mac,MacBook Pro,MacBook Pro M3 Max 14-Core CPU & 30-Core GPU 16-inch (Late 2023),15999.0,,1024.0,SSD,Unknown,,5680.0,2023,M3 Max,16.0,,,"36, 96",36.0,1 TB,M3
UR,Mac,MacBook Pro,MacBook Pro M3 Max 14-Core CPU & 30-Core GPU 16-inch (Late 2023),16399.0,,2048.0,SSD,Unknown,,6150.0,2023,M3 Max,16.0,,,"36, 96",36.0,2 TB,M3
UR,Mac,MacBook Pro,MacBook Pro M3 Max 14-Core CPU & 30-Core GPU 16-inch (Late 2023),19599.0,,4096.0,SSD,Unknown,,7200.0,2023,M3 Max,16.0,,,"36, 96",36.0,4 TB,M3
UR,Mac,MacBook Pro,MacBook Pro M3 Max 14-Core CPU & 30-Core GPU 16-inch (Late 2023),23599.0,,8192.0,SSD,Unknown,,8710.0,2023,M3 Max,16.0,,,"36, 96",36.0,8 TB,M3
UR,Mac,MacBook Pro,MacBook Pro M3 Max 16-Core CPU & 40-Core GPU 14-inch (Late 2023),14399.0,,512.0,SSD,Unknown,,5260.0,2023,M3 Max,14.0,,,"48, 64, 128",48.0,512 GB,M3
UR,Mac,MacBook Pro,MacBook Pro M3 Max 16-Core CPU & 40-Core GPU 14-inch (Late 2023),15999.0,,1024.0,SSD,Unknown,,5420.0,2023,M3 Max,14.0,,,"48, 64, 128",48.0,1 TB,M3
UR,Mac,MacBook Pro,MacBook Pro M3 Max 16-Core CPU & 40-Core GPU 14-inch (Late 2023),16799.0,,2048.0,SSD,Unknown,,6100.0,2023,M3 Max,14.0,,,"48, 64, 128",48.0,2 TB,M3
UR,Mac,MacBook Pro,MacBook Pro M3 Max 16-Core CPU & 40-Core GPU 14-inch (Late 2023),19999.0,,4096.0,SSD,Unknown,,6940.0,2023,M3 Max,14.0,,,"48, 64, 128",48.0,4 TB,M3
UR,Mac,MacBook Pro,MacBook Pro M3 Max 16-Core CPU & 40-Core GPU 14-inch (Late 2023),23999.0,,8192.0,SSD,Unknown,,8600.0,2023,M3 Max,14.0,,,"48, 64, 128",48.0,8 TB,M3
UR,Mac,MacBook Pro,MacBook Pro M3 Max 16-Core CPU & 40-Core GPU 16-inch (Late 2023),15399.0,,512.0,SSD,Unknown,,6000.0,2023,M3 Max,16.0,,,"48, 64, 128",48.0,512 GB,M3
UR,Mac,MacBook Pro,MacBook Pro M3 Max 16-Core CPU & 40-Core GPU 16-inch (Late 2023),17999.0,,1024.0,SSD,Unknown,,6450.0,2023,M3 Max,16.0,,,"48, 64, 128",48.0,1 TB,M3
UR,Mac,MacBook Pro,MacBook Pro M3 Max 16-Core CPU & 40-Core GPU 16-inch (Late 2023),17799.0,,2048.0,SSD,Unknown,,7030.0,2023,M3 Max,16.0,,,"48, 64, 128",48.0,2 TB,M3
UR,Mac,MacBook Pro,MacBook Pro M3 Max 16-Core CPU & 40-Core GPU 16-inch (Late 2023),20999.0,,4096.0,SSD,Unknown,,7660.0,2023,M3 Max,16.0,,,"48, 64, 128",48.0,4 TB,M3
UR,Mac,MacBook Pro,MacBook Pro M3 Max 16-Core CPU & 40-Core GPU 16-inch (Late 2023),24999.0,,8192.0,SSD,Unknown,,9570.0,2023,M3 Max,16.0,,,"48, 64, 128",48.0,8 TB,M3
UR,Mac,MacBook Pro,MacBook Pro M3 Pro 11-Core CPU & 14-Core GPU 14-inch (Late 2023),9999.0,,512.0,SSD,Unknown,,3040.0,2023,M3 Pro,14.0,,,"18, 36",18.0,512 GB,M3
UR,Mac,MacBook Pro,MacBook Pro M3 Pro 11-Core CPU & 14-Core GPU 14-inch (Late 2023),10799.0,,1024.0,SSD,Unknown,,3320.0,2023,M3 Pro,14.0,,,"18, 36",18.0,1 TB,M3
UR,Mac,MacBook Pro,MacBook Pro M3 Pro 11-Core CPU & 14-Core GPU 14-inch (Late 2023),12399.0,,2048.0,SSD,Unknown,,4100.0,2023,M3 Pro,14.0,,,"18, 36",18.0,2 TB,M3
UR,Mac,MacBook Pro,MacBook Pro M3 Pro 11-Core CPU & 14-Core GPU 14-inch (Late 2023),15599.0,,4096.0,SSD,Unknown,,4950.0,2023,M3 Pro,14.0,,,"18, 36",18.0,4 TB,M3
UR,Mac,MacBook Pro,MacBook Pro M3 Pro 12-Core CPU & 18-Core GPU 14-inch (Late 2023),11599.0,,512.0,SSD,Unknown,,3440.0,2023,M3 Pro,14.0,,,"18, 36",18.0,512 GB,M3
UR,Mac,MacBook Pro,MacBook Pro M3 Pro 12-Core CPU & 18-Core GPU 14-inch (Late 2023),12399.0,,1024.0,SSD,Unknown,,3720.0,2023,M3 Pro,14.0,,,"18, 36",18.0,1 TB,M3
UR,Mac,MacBook Pro,MacBook Pro M3 Pro 12-Core CPU & 18-Core GPU 14-inch (Late 2023),13999.0,,2048.0,SSD,Unknown,,4130.0,2023,M3 Pro,14.0,,,"18, 36",18.0,2 TB,M3
UR,Mac,MacBook Pro,MacBook Pro M3 Pro 12-Core CPU & 18-Core GPU 14-inch (Late 2023),17199.0,,4096.0,SSD,Unknown,,4800.0,2023,M3 Pro,14.0,,,"18, 36",18.0,4 TB,M3
UR,Mac,MacBook Pro,MacBook Pro M3 Pro 12-Core CPU & 18-Core GPU 16-inch (Late 2023),11999.0,,512.0,SSD,Unknown,,3940.0,2023,M3 Pro,16.0,,,"18, 36",18.0,512 GB,M3
UR,Mac,MacBook Pro,MacBook Pro M3 Pro 12-Core CPU & 18-Core GPU 16-inch (Late 2023),12799.0,,1024.0,SSD,Unknown,,4380.0,2023,M3 Pro,16.0,,,"18, 36",18.0,1 TB,M3
UR,Mac,MacBook Pro,MacBook Pro M3 Pro 12-Core CPU & 18-Core GPU 16-inch (Late 2023),14399.0,,2048.0,SSD,Unknown,,5130.0,2023,M3 Pro,16.0,,,"18, 36",18.0,2 TB,M3
UR,Mac,MacBook Pro,MacBook Pro M3 Pro 12-Core CPU & 18-Core GPU 16-inch (Late 2023),17599.0,,4096.0,SSD,Unknown,,5910.0,2023,M3 Pro,16.0,,,"18, 36",18.0,4 TB,M3
CompAsia,Apple Watch,Watch SE,Watch SE (2022),1199.0,40 mm,32.0,Unknown,GPS,Aluminium,150.0,2022,S8,,40.0,,,,,Unknown
CompAsia,Apple Watch,Watch SE,Watch SE (2022),1199.0,40 mm,32.0,Unknown,GPS + Cellular,Aluminium,175.0,2022,S8,,40.0,,,,,Unknown
CompAsia,Apple Watch,Watch SE,Watch SE (2022),1199.0,44 mm,32.0,Unknown,GPS,Aluminium,175.0,2022,S8,,44.0,,,,,Unknown
CompAsia,Apple Watch,Watch SE,Watch SE (2022),1199.0,44 mm,32.0,Unknown,GPS + Cellular,Aluminium,225.0,2022,S8,,44.0,,,,,Unknown
CompAsia,Apple Watch,Watch SE,Watch SE 3,1049.0,40 mm,64.0,Unknown,GPS,Aluminium,575.0,2025,S10,,40.0,,,,,Unknown
CompAsia,Apple Watch,Watch SE,Watch SE 3,1049.0,40 mm,64.0,Unknown,GPS + Cellular,Aluminium,675.0,2025,S10,,40.0,,,,,Unknown
CompAsia,Apple Watch,Watch SE,Watch SE 3,1049.0,44 mm,64.0,Unknown,GPS,Aluminium,700.0,2025,S10,,44.0,,,,,Unknown
CompAsia,Apple Watch,Watch SE,Watch SE 3,1049.0,44 mm,64.0,Unknown,GPS + Cellular,Aluminium,775.0,2025,S10,,44.0,,,,,Unknown
CompAsia,Apple Watch,Watch SE,Watch SE (2020),1199.0,40 mm,32.0,Unknown,GPS,Aluminium,70.0,2020,S5,,40.0,,,,,Unknown
CompAsia,Apple Watch,Watch SE,Watch SE (2020),1199.0,40 mm,32.0,Unknown,GPS + Cellular,Aluminium,85.0,2020,S5,,40.0,,,,,Unknown
CompAsia,Apple Watch,Watch SE,Watch SE (2020),1199.0,44 mm,32.0,Unknown,GPS,Aluminium,85.0,2020,S5,,44.0,,,,,Unknown
CompAsia,Apple Watch,Watch SE,Watch SE (2020),1199.0,44 mm,32.0,Unknown,GPS + Cellular,Aluminium,110.0,2020,S5,,44.0,,,,,Unknown
CompAsia,Apple Watch,Watch Series,Watch Series 10,1799.0,42 mm,64.0,Unknown,GPS,Aluminium,550.0,2024,S10,,42.0,,,,,Unknown
CompAsia,Apple Watch,Watch Series,Watch Series 10,1799.0,42 mm,64.0,Unknown,GPS + Cellular,Aluminium,625.0,2024,S10,,42.0,,,,,Unknown
CompAsia,Apple Watch,Watch Series,Watch Series 10,3299.0,42 mm,64.0,Unknown,GPS + Cellular,Titanium,1000.0,2024,S10,,42.0,,,,,Unknown
CompAsia,Apple Watch,Watch Series,Watch Series 10,1799.0,46 mm,64.0,Unknown,GPS,Aluminium,575.0,2024,S10,,46.0,,,,,Unknown
CompAsia,Apple Watch,Watch Series,Watch Series 10,1799.0,46 mm,64.0,Unknown,GPS + Cellular,Aluminium,750.0,2024,S10,,46.0,,,,,Unknown
CompAsia,Apple Watch,Watch Series,Watch Series 10,3299.0,46 mm,64.0,Unknown,GPS + Cellular,Titanium,1050.0,2024,S10,,46.0,,,,,Unknown
CompAsia,Apple Watch,Watch Series,Watch Series 10 Hermes,5749.0,42 mm,64.0,Unknown,GPS + Cellular,Titanium,1000.0,2024,S10,,42.0,,,,,Unknown
CompAsia,Apple Watch,Watch Series,Watch Series 10 Hermes,5749.0,46 mm,64.0,Unknown,GPS + Cellular,Titanium,1095.0,2024,S10,,46.0,,,,,Unknown
CompAsia,Apple Watch,Watch Series,Watch Series 11,1799.0,42 mm,64.0,Unknown,GPS,Aluminium,950.0,2025,S10,,42.0,,,,,Unknown
CompAsia,Apple Watch,Watch Series,Watch Series 11,1799.0,42 mm,64.0,Unknown,GPS + Cellular,Aluminium,1225.0,2025,S10,,42.0,,,,,Unknown
CompAsia,Apple Watch,Watch Series,Watch Series 11,3299.0,42 mm,64.0,Unknown,GPS + Cellular,Titanium,1700.0,2025,S10,,42.0,,,,,Unknown
CompAsia,Apple Watch,Watch Series,Watch Series 11,1799.0,46 mm,64.0,Unknown,GPS,Aluminium,1050.0,2025,S10,,46.0,,,,,Unknown
CompAsia,Apple Watch,Watch Series,Watch Series 11,1799.0,46 mm,64.0,Unknown,GPS + Cellular,Aluminium,1325.0,2025,S10,,46.0,,,,,Unknown
CompAsia,Apple Watch,Watch Series,Watch Series 11,3299.0,46 mm,64.0,Unknown,GPS + Cellular,Titanium,1825.0,2025,S10,,46.0,,,,,Unknown
CompAsia,Apple Watch,Watch Series,Watch Series 11 Hermes,5499.0,42 mm,64.0,Unknown,GPS + Cellular,Titanium,2050.0,2025,S10,,42.0,,,,,Unknown
CompAsia,Apple Watch,Watch Series,Watch Series 11 Hermes,5499.0,46 mm,64.0,Unknown,GPS + Cellular,Titanium,2150.0,2025,S10,,46.0,,,,,Unknown
CompAsia,Apple Watch,Watch Series,Watch Series 5,1749.0,40 mm,16.0,Unknown,GPS,Aluminium,50.0,2019,S5,,40.0,,,,,Unknown
CompAsia,Apple Watch,Watch Series,Watch Series 5,1749.0,40 mm,32.0,Unknown,GPS + Cellular,Aluminium,50.0,2019,S5,,40.0,,,,,Unknown
CompAsia,Apple Watch,Watch Series,Watch Series 5,2999.0,40 mm,32.0,Unknown,GPS + Cellular,Stainless Steel,50.0,2019,S5,,40.0,,,,,Unknown
CompAsia,Apple Watch,Watch Series,Watch Series 5,1749.0,44 mm,32.0,Unknown,GPS,Aluminium,75.0,2019,S5,,44.0,,,,,Unknown
CompAsia,Apple Watch,Watch Series,Watch Series 5,1749.0,44 mm,32.0,Unknown,GPS + Cellular,Aluminium,75.0,2019,S5,,44.0,,,,,Unknown
CompAsia,Apple Watch,Watch Series,Watch Series 5,2999.0,44 mm,32.0,Unknown,GPS + Cellular,Stainless Steel,75.0,2019,S5,,44.0,,,,,Unknown
CompAsia,Apple Watch,Watch Series,Watch Series 6,1749.0,40 mm,32.0,Unknown,GPS,Aluminium,125.0,2020,S6,,40.0,,,,,Unknown
CompAsia,Apple Watch,Watch Series,Watch Series 6,1749.0,40 mm,32.0,Unknown,GPS + Cellular,Aluminium,175.0,2020,S6,,40.0,,,,,Unknown
CompAsia,Apple Watch,Watch Series,Watch Series 6,2999.0,40 mm,32.0,Unknown,GPS + Cellular,Stainless Steel,175.0,2020,S6,,40.0,,,,,Unknown
CompAsia,Apple Watch,Watch Series,Watch Series 6,1749.0,44 mm,32.0,Unknown,GPS,Aluminium,150.0,2020,S6,,44.0,,,,,Unknown
CompAsia,Apple Watch,Watch Series,Watch Series 6,1749.0,44 mm,32.0,Unknown,GPS + Cellular,Aluminium,225.0,2020,S6,,44.0,,,,,Unknown
CompAsia,Apple Watch,Watch Series,Watch Series 6,2999.0,44 mm,32.0,Unknown,GPS + Cellular,Stainless Steel,225.0,2020,S6,,44.0,,,,,Unknown
CompAsia,Apple Watch,Watch Series,Watch Series 7,1749.0,41 mm,32.0,Unknown,GPS,Aluminium,175.0,2021,S7,,41.0,,,,,Unknown
CompAsia,Apple Watch,Watch Series,Watch Series 7,1749.0,41 mm,32.0,Unknown,GPS + Cellular,Aluminium,250.0,2021,S7,,41.0,,,,,Unknown
CompAsia,Apple Watch,Watch Series,Watch Series 7,2999.0,41 mm,32.0,Unknown,GPS + Cellular,Stainless Steel,250.0,2021,S7,,41.0,,,,,Unknown
CompAsia,Apple Watch,Watch Series,Watch Series 7,3218.0,41 mm,32.0,Unknown,GPS,Titanium,215.0,2021,S7,,41.0,,,,,Unknown
CompAsia,Apple Watch,Watch Series,Watch Series 7,3218.0,41 mm,32.0,Unknown,GPS + Cellular,Titanium,285.0,2021,S7,,41.0,,,,,Unknown
CompAsia,Apple Watch,Watch Series,Watch Series 7,1749.0,45 mm,32.0,Unknown,GPS,Aluminium,250.0,2021,S7,,45.0,,,,,Unknown
CompAsia,Apple Watch,Watch Series,Watch Series 7,1749.0,45 mm,32.0,Unknown,GPS + Cellular,Aluminium,300.0,2021,S7,,45.0,,,,,Unknown
CompAsia,Apple Watch,Watch Series,Watch Series 7,2999.0,45 mm,32.0,Unknown,GPS + Cellular,Stainless Steel,300.0,2021,S7,,45.0,,,,,Unknown
CompAsia,Apple Watch,Watch Series,Watch Series 7,3218.0,45 mm,32.0,Unknown,GPS,Titanium,285.0,2021,S7,,45.0,,,,,Unknown
CompAsia,Apple Watch,Watch Series,Watch Series 7,3218.0,45 mm,32.0,Unknown,GPS + Cellular,Titanium,335.0,2021,S7,,45.0,,,,,Unknown
CompAsia,Apple Watch,Watch Series,Watch Series 8,1899.0,41 mm,32.0,Unknown,GPS,Aluminium,250.0,2022,S8,,41.0,,,,,Unknown
CompAsia,Apple Watch,Watch Series,Watch Series 8,1899.0,41 mm,32.0,Unknown,GPS + Cellular,Aluminium,325.0,2022,S8,,41.0,,,,,Unknown
CompAsia,Apple Watch,Watch Series,Watch Series 8,3299.0,41 mm,32.0,Unknown,GPS + Cellular,Stainless Steel,425.0,2022,S8,,41.0,,,,,Unknown
CompAsia,Apple Watch,Watch Series,Watch Series 8,1899.0,45 mm,32.0,Unknown,GPS,Aluminium,300.0,2022,S8,,45.0,,,,,Unknown
CompAsia,Apple Watch,Watch Series,Watch Series 8,1899.0,45 mm,32.0,Unknown,GPS + Cellular,Aluminium,350.0,2022,S8,,45.0,,,,,Unknown
CompAsia,Apple Watch,Watch Series,Watch Series 8,3299.0,45 mm,32.0,Unknown,GPS + Cellular,Stainless Steel,525.0,2022,S8,,45.0,,,,,Unknown
CompAsia,Apple Watch,Watch Series,Watch Series 9,1899.0,41 mm,64.0,Unknown,GPS,Aluminium,425.0,2023,S9,,41.0,,,,,Unknown
CompAsia,Apple Watch,Watch Series,Watch Series 9,1899.0,41 mm,64.0,Unknown,GPS + Cellular,Aluminium,550.0,2023,S9,,41.0,,,,,Unknown
CompAsia,Apple Watch,Watch Series,Watch Series 9,3299.0,41 mm,64.0,Unknown,GPS + Cellular,Stainless Steel,675.0,2023,S9,,41.0,,,,,Unknown
CompAsia,Apple Watch,Watch Series,Watch Series 9,1899.0,45 mm,64.0,Unknown,GPS,Aluminium,500.0,2023,S9,,45.0,,,,,Unknown
CompAsia,Apple Watch,Watch Series,Watch Series 9,1899.0,45 mm,64.0,Unknown,GPS + Cellular,Aluminium,575.0,2023,S9,,45.0,,,,,Unknown
CompAsia,Apple Watch,Watch Series,Watch Series 9,3299.0,45 mm,64.0,Unknown,GPS + Cellular,Stainless Steel,775.0,2023,S9,,45.0,,,,,Unknown
CompAsia,Apple Watch,Watch Ultra,Watch Ultra,3799.0,49 mm,32.0,Unknown,GPS + Cellular,Titanium,800.0,2022,S8,,49.0,,,,,Unknown
CompAsia,Apple Watch,Watch Ultra,Watch Ultra 2 (2024),3799.0,49 mm,64.0,Unknown,GPS + Cellular,Titanium,1170.0,2024,S9,,49.0,,,,,Unknown
CompAsia,Apple Watch,Watch Ultra,Watch Ultra 2 (2023),3799.0,49 mm,64.0,Unknown,GPS + Cellular,Titanium,1150.0,2023,S9,,49.0,,,,,Unknown
CompAsia,Apple Watch,Watch Ultra,Watch Ultra 2 Hermes,6399.0,49 mm,64.0,Unknown,GPS + Cellular,Titanium,1170.0,2024,S9,,49.0,,,,,Unknown
CompAsia,Apple Watch,Watch Ultra,Watch Ultra 3,3699.0,49 mm,64.0,Unknown,GPS + Cellular,Titanium,1900.0,2025,S10,,49.0,,,,,Unknown
CompAsia,Apple Watch,Watch Ultra,Watch Ultra 3 Hermes,6399.0,49 mm,64.0,Unknown,GPS + Cellular,Titanium,2550.0,2025,S10,,49.0,,,,,Unknown
iTworld,Apple Watch,Watch SE,Watch SE (2022),1199.0,40 mm,32.0,Unknown,GPS + Cellular,Aluminium,210.0,2022,S8,,40.0,,,,,Unknown
iTworld,Apple Watch,Watch SE,Watch SE (2022),1199.0,44 mm,32.0,Unknown,GPS + Cellular,Aluminium,250.0,2022,S8,,44.0,,,,,Unknown
iTworld,Apple Watch,Watch SE,Watch SE (2022),1199.0,40 mm,32.0,Unknown,GPS,Aluminium,180.0,2022,S8,,40.0,,,,,Unknown
iTworld,Apple Watch,Watch SE,Watch SE (2022),1199.0,44 mm,32.0,Unknown,GPS,Aluminium,210.0,2022,S8,,44.0,,,,,Unknown
iTworld,Apple Watch,Watch SE,Watch SE (2020),1199.0,40 mm,32.0,Unknown,GPS + Cellular,Aluminium,90.0,2020,S5,,40.0,,,,,Unknown
iTworld,Apple Watch,Watch SE,Watch SE (2020),1199.0,44 mm,32.0,Unknown,GPS + Cellular,Aluminium,110.0,2020,S5,,44.0,,,,,Unknown
iTworld,Apple Watch,Watch SE,Watch SE (2020),1199.0,40 mm,32.0,Unknown,GPS,Aluminium,70.0,2020,S5,,40.0,,,,,Unknown
iTworld,Apple Watch,Watch SE,Watch SE (2020),1199.0,44 mm,32.0,Unknown,GPS,Aluminium,90.0,2020,S5,,44.0,,,,,Unknown
iTworld,Apple Watch,Watch Series,Watch Series 10,1799.0,42 mm,64.0,Unknown,GPS + Cellular,Aluminium,640.0,2024,S10,,42.0,,,,,Unknown
iTworld,Apple Watch,Watch Series,Watch Series 10,1799.0,46 mm,64.0,Unknown,GPS + Cellular,Aluminium,750.0,2024,S10,,46.0,,,,,Unknown
iTworld,Apple Watch,Watch Series,Watch Series 10,1799.0,42 mm,64.0,Unknown,GPS,Aluminium,450.0,2024,S10,,42.0,,,,,Unknown
iTworld,Apple Watch,Watch Series,Watch Series 10,1799.0,46 mm,64.0,Unknown,GPS,Aluminium,550.0,2024,S10,,46.0,,,,,Unknown
iTworld,Apple Watch,Watch Series,Watch Series 10,3299.0,42 mm,64.0,Unknown,GPS + Cellular,Titanium,800.0,2024,S10,,42.0,,,,,Unknown
iTworld,Apple Watch,Watch Series,Watch Series 10,3299.0,46 mm,64.0,Unknown,GPS + Cellular,Titanium,900.0,2024,S10,,46.0,,,,,Unknown
iTworld,Apple Watch,Watch Series,Watch Series 4,1749.0,40 mm,16.0,Unknown,GPS + Cellular,Aluminium,50.0,2018,S4,,40.0,,,,,Unknown
iTworld,Apple Watch,Watch Series,Watch Series 4,1749.0,44 mm,16.0,Unknown,GPS + Cellular,Aluminium,60.0,2018,S4,,44.0,,,,,Unknown
iTworld,Apple Watch,Watch Series,Watch Series 4,1749.0,40 mm,16.0,Unknown,GPS,Aluminium,40.0,2018,S4,,40.0,,,,,Unknown
iTworld,Apple Watch,Watch Series,Watch Series 4,1749.0,44 mm,16.0,Unknown,GPS,Aluminium,50.0,2018,S4,,44.0,,,,,Unknown
iTworld,Apple Watch,Watch Series,Watch Series 5,1749.0,40 mm,32.0,Unknown,GPS + Cellular,Aluminium,80.0,2019,S5,,40.0,,,,,Unknown
iTworld,Apple Watch,Watch Series,Watch Series 5,1749.0,44 mm,32.0,Unknown,GPS + Cellular,Aluminium,90.0,2019,S5,,44.0,,,,,Unknown
iTworld,Apple Watch,Watch Series,Watch Series 5,1749.0,40 mm,32.0,Unknown,GPS,Aluminium,70.0,2019,S5,,40.0,,,,,Unknown
iTworld,Apple Watch,Watch Series,Watch Series 5,1749.0,44 mm,32.0,Unknown,GPS,Aluminium,80.0,2019,S5,,44.0,,,,,Unknown
iTworld,Apple Watch,Watch Series,Watch Series 6,1749.0,40 mm,32.0,Unknown,GPS + Cellular,Aluminium,200.0,2020,S6,,40.0,,,,,Unknown
iTworld,Apple Watch,Watch Series,Watch Series 6,1749.0,44 mm,32.0,Unknown,GPS + Cellular,Aluminium,240.0,2020,S6,,44.0,,,,,Unknown
iTworld,Apple Watch,Watch Series,Watch Series 6,1749.0,40 mm,32.0,Unknown,GPS,Aluminium,150.0,2020,S6,,40.0,,,,,Unknown
iTworld,Apple Watch,Watch Series,Watch Series 6,1749.0,44 mm,32.0,Unknown,GPS,Aluminium,170.0,2020,S6,,44.0,,,,,Unknown
iTworld,Apple Watch,Watch Series,Watch Series 7,1749.0,41 mm,32.0,Unknown,GPS + Cellular,Aluminium,280.0,2021,S7,,41.0,,,,,Unknown
iTworld,Apple Watch,Watch Series,Watch Series 7,1749.0,45 mm,32.0,Unknown,GPS + Cellular,Aluminium,330.0,2021,S7,,45.0,,,,,Unknown
iTworld,Apple Watch,Watch Series,Watch Series 7,3218.0,41 mm,32.0,Unknown,GPS,Titanium,210.0,2021,S7,,41.0,,,,,Unknown
iTworld,Apple Watch,Watch Series,Watch Series 7,3218.0,45 mm,32.0,Unknown,GPS,Titanium,250.0,2021,S7,,45.0,,,,,Unknown
iTworld,Apple Watch,Watch Series,Watch Series 8,1899.0,41 mm,32.0,Unknown,GPS + Cellular,Aluminium,350.0,2022,S8,,41.0,,,,,Unknown
iTworld,Apple Watch,Watch Series,Watch Series 8,1899.0,45 mm,32.0,Unknown,GPS + Cellular,Aluminium,380.0,2022,S8,,45.0,,,,,Unknown
iTworld,Apple Watch,Watch Series,Watch Series 8,1899.0,41 mm,32.0,Unknown,GPS,Aluminium,280.0,2022,S8,,41.0,,,,,Unknown
iTworld,Apple Watch,Watch Series,Watch Series 8,1899.0,45 mm,32.0,Unknown,GPS,Aluminium,330.0,2022,S8,,45.0,,,,,Unknown
iTworld,Apple Watch,Watch Series,Watch Series 9,1899.0,41 mm,64.0,Unknown,GPS + Cellular,Aluminium,500.0,2023,S9,,41.0,,,,,Unknown
iTworld,Apple Watch,Watch Series,Watch Series 9,1899.0,45 mm,64.0,Unknown,GPS + Cellular,Aluminium,570.0,2023,S9,,45.0,,,,,Unknown
iTworld,Apple Watch,Watch Series,Watch Series 9,1899.0,41 mm,64.0,Unknown,GPS,Aluminium,400.0,2023,S9,,41.0,,,,,Unknown
iTworld,Apple Watch,Watch Series,Watch Series 9,1899.0,45 mm,64.0,Unknown,GPS,Aluminium,450.0,2023,S9,,45.0,,,,,Unknown
iTworld,Apple Watch,Watch Series,Watch Series 9,3299.0,41 mm,64.0,Unknown,GPS + Cellular,Stainless Steel,690.0,2023,S9,,41.0,,,,,Unknown
iTworld,Apple Watch,Watch Series,Watch Series 9,3299.0,45 mm,64.0,Unknown,GPS + Cellular,Stainless Steel,790.0,2023,S9,,45.0,,,,,Unknown
iTworld,Apple Watch,Watch Ultra,Watch Ultra,3799.0,49 mm,32.0,Unknown,GPS + Cellular,Titanium,830.0,2022,S8,,49.0,,,,,Unknown
iTworld,Apple Watch,Watch Ultra,Watch Ultra 2 (2023),3799.0,49 mm,64.0,Unknown,GPS + Cellular,Titanium,1180.0,2023,S9,,49.0,,,,,Unknown
Machines,Apple Watch,Watch SE,Watch SE (2020),1199.0,40 mm,32.0,Unknown,GPS,Aluminium,70.0,2020,S5,,40.0,,,,,Unknown
Machines,Apple Watch,Watch SE,Watch SE (2020),1199.0,44 mm,32.0,Unknown,GPS,Aluminium,85.0,2020,S5,,44.0,,,,,Unknown
Machines,Apple Watch,Watch SE,Watch SE (2020),1199.0,40 mm,32.0,Unknown,GPS + Cellular,Aluminium,85.0,2020,S5,,40.0,,,,,Unknown
Machines,Apple Watch,Watch SE,Watch SE (2020),1199.0,44 mm,32.0,Unknown,GPS + Cellular,Aluminium,110.0,2020,S5,,44.0,,,,,Unknown
Machines,Apple Watch,Watch SE,Watch SE (2022),1199.0,40 mm,32.0,Unknown,GPS,Aluminium,150.0,2022,S8,,40.0,,,,,Unknown
Machines,Apple Watch,Watch SE,Watch SE (2022),1199.0,44 mm,32.0,Unknown,GPS,Aluminium,175.0,2022,S8,,44.0,,,,,Unknown
Machines,Apple Watch,Watch SE,Watch SE (2022),1199.0,40 mm,32.0,Unknown,GPS + Cellular,Aluminium,175.0,2022,S8,,40.0,,,,,Unknown
Machines,Apple Watch,Watch SE,Watch SE (2022),1199.0,44 mm,32.0,Unknown,GPS + Cellular,Aluminium,225.0,2022,S8,,44.0,,,,,Unknown
Machines,Apple Watch,Watch SE,Watch SE 3,1049.0,40 mm,64.0,Unknown,GPS,Aluminium,575.0,2025,S10,,40.0,,,,,Unknown
Machines,Apple Watch,Watch SE,Watch SE 3,1049.0,44 mm,64.0,Unknown,GPS,Aluminium,675.0,2025,S10,,44.0,,,,,Unknown
Machines,Apple Watch,Watch SE,Watch SE 3,1049.0,40 mm,64.0,Unknown,GPS + Cellular,Aluminium,700.0,2025,S10,,40.0,,,,,Unknown
Machines,Apple Watch,Watch SE,Watch SE 3,1049.0,44 mm,64.0,Unknown,GPS + Cellular,Aluminium,775.0,2025,S10,,44.0,,,,,Unknown
Machines,Apple Watch,Watch Series,Watch Series 5,1749.0,40 mm,32.0,Unknown,GPS,Aluminium,50.0,2019,S5,,40.0,,,,,Unknown
Machines,Apple Watch,Watch Series,Watch Series 5,1749.0,44 mm,32.0,Unknown,GPS,Aluminium,75.0,2019,S5,,44.0,,,,,Unknown
Machines,Apple Watch,Watch Series,Watch Series 5,1749.0,40 mm,32.0,Unknown,GPS + Cellular,Aluminium,50.0,2019,S5,,40.0,,,,,Unknown
Machines,Apple Watch,Watch Series,Watch Series 5,1749.0,44 mm,32.0,Unknown,GPS + Cellular,Aluminium,75.0,2019,S5,,44.0,,,,,Unknown
Machines,Apple Watch,Watch Series,Watch Series 5,2999.0,40 mm,32.0,Unknown,GPS + Cellular,Stainless Steel,50.0,2019,S5,,40.0,,,,,Unknown
Machines,Apple Watch,Watch Series,Watch Series 5,2999.0,44 mm,32.0,Unknown,GPS + Cellular,Stainless Steel,75.0,2019,S5,,44.0,,,,,Unknown
Machines,Apple Watch,Watch Series,Watch Series 6,1749.0,40 mm,32.0,Unknown,GPS,Aluminium,125.0,2020,S6,,40.0,,,,,Unknown
Machines,Apple Watch,Watch Series,Watch Series 6,1749.0,44 mm,32.0,Unknown,GPS,Aluminium,150.0,2020,S6,,44.0,,,,,Unknown
Machines,Apple Watch,Watch Series,Watch Series 6,1749.0,40 mm,32.0,Unknown,GPS + Cellular,Aluminium,175.0,2020,S6,,40.0,,,,,Unknown
Machines,Apple Watch,Watch Series,Watch Series 6,1749.0,44 mm,32.0,Unknown,GPS + Cellular,Aluminium,225.0,2020,S6,,44.0,,,,,Unknown
Machines,Apple Watch,Watch Series,Watch Series 6,2999.0,40 mm,32.0,Unknown,GPS + Cellular,Stainless Steel,175.0,2020,S6,,40.0,,,,,Unknown
Machines,Apple Watch,Watch Series,Watch Series 6,2999.0,44 mm,32.0,Unknown,GPS + Cellular,Stainless Steel,225.0,2020,S6,,44.0,,,,,Unknown
Machines,Apple Watch,Watch Series,Watch Series 7,1749.0,41 mm,32.0,Unknown,GPS,Aluminium,175.0,2021,S7,,41.0,,,,,Unknown
Machines,Apple Watch,Watch Series,Watch Series 7,1749.0,45 mm,32.0,Unknown,GPS,Aluminium,250.0,2021,S7,,45.0,,,,,Unknown
Machines,Apple Watch,Watch Series,Watch Series 7,1749.0,41 mm,32.0,Unknown,GPS + Cellular,Aluminium,250.0,2021,S7,,41.0,,,,,Unknown
Machines,Apple Watch,Watch Series,Watch Series 7,1749.0,45 mm,32.0,Unknown,GPS + Cellular,Aluminium,300.0,2021,S7,,45.0,,,,,Unknown
Machines,Apple Watch,Watch Series,Watch Series 7,2999.0,41 mm,32.0,Unknown,GPS + Cellular,Stainless Steel,250.0,2021,S7,,41.0,,,,,Unknown
Machines,Apple Watch,Watch Series,Watch Series 7,2999.0,45 mm,32.0,Unknown,GPS + Cellular,Stainless Steel,300.0,2021,S7,,45.0,,,,,Unknown
Machines,Apple Watch,Watch Series,Watch Series 7,3218.0,41 mm,32.0,Unknown,GPS,Titanium,215.0,2021,S7,,41.0,,,,,Unknown
Machines,Apple Watch,Watch Series,Watch Series 7,3218.0,45 mm,32.0,Unknown,GPS,Titanium,285.0,2021,S7,,45.0,,,,,Unknown
Machines,Apple Watch,Watch Series,Watch Series 7,3218.0,41 mm,32.0,Unknown,GPS + Cellular,Titanium,285.0,2021,S7,,41.0,,,,,Unknown
Machines,Apple Watch,Watch Series,Watch Series 7,3218.0,45 mm,32.0,Unknown,GPS + Cellular,Titanium,335.0,2021,S7,,45.0,,,,,Unknown
Machines,Apple Watch,Watch Series,Watch Series 8,1899.0,41 mm,32.0,Unknown,GPS,Aluminium,250.0,2022,S8,,41.0,,,,,Unknown
Machines,Apple Watch,Watch Series,Watch Series 8,1899.0,45 mm,32.0,Unknown,GPS,Aluminium,300.0,2022,S8,,45.0,,,,,Unknown
Machines,Apple Watch,Watch Series,Watch Series 8,1899.0,41 mm,32.0,Unknown,GPS + Cellular,Aluminium,325.0,2022,S8,,41.0,,,,,Unknown
Machines,Apple Watch,Watch Series,Watch Series 8,1899.0,45 mm,32.0,Unknown,GPS + Cellular,Aluminium,350.0,2022,S8,,45.0,,,,,Unknown
Machines,Apple Watch,Watch Series,Watch Series 8,3299.0,41 mm,32.0,Unknown,GPS + Cellular,Stainless Steel,425.0,2022,S8,,41.0,,,,,Unknown
Machines,Apple Watch,Watch Series,Watch Series 8,3299.0,45 mm,32.0,Unknown,GPS + Cellular,Stainless Steel,525.0,2022,S8,,45.0,,,,,Unknown
Machines,Apple Watch,Watch Series,Watch Series 9,1899.0,41 mm,64.0,Unknown,GPS,Aluminium,425.0,2023,S9,,41.0,,,,,Unknown
Machines,Apple Watch,Watch Series,Watch Series 9,1899.0,45 mm,64.0,Unknown,GPS,Aluminium,500.0,2023,S9,,45.0,,,,,Unknown
Machines,Apple Watch,Watch Series,Watch Series 9,1899.0,41 mm,64.0,Unknown,GPS + Cellular,Aluminium,550.0,2023,S9,,41.0,,,,,Unknown
Machines,Apple Watch,Watch Series,Watch Series 9,1899.0,45 mm,64.0,Unknown,GPS + Cellular,Aluminium,575.0,2023,S9,,45.0,,,,,Unknown
Machines,Apple Watch,Watch Series,Watch Series 9,3299.0,41 mm,64.0,Unknown,GPS + Cellular,Stainless Steel,675.0,2023,S9,,41.0,,,,,Unknown
Machines,Apple Watch,Watch Series,Watch Series 9,3299.0,45 mm,64.0,Unknown,GPS + Cellular,Stainless Steel,775.0,2023,S9,,45.0,,,,,Unknown
Machines,Apple Watch,Watch Series,Watch Series 10,1799.0,42 mm,64.0,Unknown,GPS,Aluminium,550.0,2024,S10,,42.0,,,,,Unknown
Machines,Apple Watch,Watch Series,Watch Series 10,1799.0,46 mm,64.0,Unknown,GPS,Aluminium,575.0,2024,S10,,46.0,,,,,Unknown
Machines,Apple Watch,Watch Series,Watch Series 10,1799.0,42 mm,64.0,Unknown,GPS + Cellular,Aluminium,625.0,2024,S10,,42.0,,,,,Unknown
Machines,Apple Watch,Watch Series,Watch Series 10,1799.0,46 mm,64.0,Unknown,GPS + Cellular,Aluminium,750.0,2024,S10,,46.0,,,,,Unknown
Machines,Apple Watch,Watch Series,Watch Series 10,3299.0,42 mm,64.0,Unknown,GPS + Cellular,Titanium,1000.0,2024,S10,,42.0,,,,,Unknown
Machines,Apple Watch,Watch Series,Watch Series 10,3299.0,46 mm,64.0,Unknown,GPS + Cellular,Titanium,1050.0,2024,S10,,46.0,,,,,Unknown
Machines,Apple Watch,Watch Series,Watch Series 10 Hermes,5749.0,42 mm,64.0,Unknown,GPS + Cellular,Titanium,1000.0,2024,S10,,42.0,,,,,Unknown
Machines,Apple Watch,Watch Series,Watch Series 10 Hermes,5749.0,46 mm,64.0,Unknown,GPS + Cellular,Titanium,1095.0,2024,S10,,46.0,,,,,Unknown
Machines,Apple Watch,Watch Series,Watch Series 11,1799.0,42 mm,64.0,Unknown,GPS,Aluminium,950.0,2025,S10,,42.0,,,,,Unknown
Machines,Apple Watch,Watch Series,Watch Series 11,1799.0,46 mm,64.0,Unknown,GPS,Aluminium,1050.0,2025,S10,,46.0,,,,,Unknown
Machines,Apple Watch,Watch Series,Watch Series 11,1799.0,42 mm,64.0,Unknown,GPS + Cellular,Aluminium,1225.0,2025,S10,,42.0,,,,,Unknown
Machines,Apple Watch,Watch Series,Watch Series 11,1799.0,46 mm,64.0,Unknown,GPS + Cellular,Aluminium,1325.0,2025,S10,,46.0,,,,,Unknown
Machines,Apple Watch,Watch Series,Watch Series 11,3299.0,42 mm,64.0,Unknown,GPS + Cellular,Titanium,1700.0,2025,S10,,42.0,,,,,Unknown
Machines,Apple Watch,Watch Series,Watch Series 11,3299.0,46 mm,64.0,Unknown,GPS + Cellular,Titanium,1825.0,2025,S10,,46.0,,,,,Unknown
Machines,Apple Watch,Watch Series,Watch Series 11 Hermes,5499.0,42 mm,64.0,Unknown,GPS + Cellular,Titanium,2050.0,2025,S10,,42.0,,,,,Unknown
Machines,Apple Watch,Watch Series,Watch Series 11 Hermes,5499.0,46 mm,64.0,Unknown,GPS + Cellular,Titanium,2150.0,2025,S10,,46.0,,,,,Unknown
Machines,Apple Watch,Watch Ultra,Watch Ultra,3799.0,49 mm,32.0,Unknown,GPS + Cellular,Titanium,800.0,2022,S8,,49.0,,,,,Unknown
Machines,Apple Watch,Watch Ultra,Watch Ultra 2 (2023),3799.0,49 mm,64.0,Unknown,GPS + Cellular,Titanium,1150.0,2023,S9,,49.0,,,,,Unknown
Machines,Apple Watch,Watch Ultra,Watch Ultra 2 (2024),3799.0,49 mm,64.0,Unknown,GPS + Cellular,Titanium,1170.0,2024,S9,,49.0,,,,,Unknown
Machines,Apple Watch,Watch Ultra,Watch Ultra 2 Hermes,6399.0,49 mm,64.0,Unknown,GPS + Cellular,Titanium,1170.0,2024,S9,,49.0,,,,,Unknown
Machines,Apple Watch,Watch Ultra,Watch Ultra 3,3699.0,49 mm,64.0,Unknown,GPS + Cellular,Titanium,1900.0,2025,S10,,49.0,,,,,Unknown
Machines,Apple Watch,Watch Ultra,Watch Ultra 3 Hermes,6399.0,49 mm,64.0,Unknown,GPS + Cellular,Titanium,2550.0,2025,S10,,49.0,,,,,Unknown
Switch,Apple Watch,Watch SE,Watch SE (2022),1199.0,40 mm,32.0,Unknown,GPS + Cellular,Aluminium,210.0,2022,S8,,40.0,,,,,Unknown
Switch,Apple Watch,Watch SE,Watch SE (2022),1199.0,44 mm,32.0,Unknown,GPS + Cellular,Aluminium,250.0,2022,S8,,44.0,,,,,Unknown
Switch,Apple Watch,Watch SE,Watch SE (2022),1199.0,40 mm,32.0,Unknown,GPS,Aluminium,180.0,2022,S8,,40.0,,,,,Unknown
Switch,Apple Watch,Watch SE,Watch SE (2022),1199.0,44 mm,32.0,Unknown,GPS,Aluminium,210.0,2022,S8,,44.0,,,,,Unknown
Switch,Apple Watch,Watch SE,Watch SE (2020),1199.0,40 mm,32.0,Unknown,GPS + Cellular,Aluminium,90.0,2020,S5,,40.0,,,,,Unknown
Switch,Apple Watch,Watch SE,Watch SE (2020),1199.0,44 mm,32.0,Unknown,GPS + Cellular,Aluminium,110.0,2020,S5,,44.0,,,,,Unknown
Switch,Apple Watch,Watch SE,Watch SE (2020),1199.0,40 mm,32.0,Unknown,GPS,Aluminium,70.0,2020,S5,,40.0,,,,,Unknown
Switch,Apple Watch,Watch SE,Watch SE (2020),1199.0,44 mm,32.0,Unknown,GPS,Aluminium,90.0,2020,S5,,44.0,,,,,Unknown
Switch,Apple Watch,Watch Series,Watch Series 10,1799.0,42 mm,64.0,Unknown,GPS + Cellular,Aluminium,640.0,2024,S10,,42.0,,,,,Unknown
Switch,Apple Watch,Watch Series,Watch Series 10,1799.0,46 mm,64.0,Unknown,GPS + Cellular,Aluminium,750.0,2024,S10,,46.0,,,,,Unknown
Switch,Apple Watch,Watch Series,Watch Series 10,1799.0,42 mm,64.0,Unknown,GPS,Aluminium,450.0,2024,S10,,42.0,,,,,Unknown
Switch,Apple Watch,Watch Series,Watch Series 10,1799.0,46 mm,64.0,Unknown,GPS,Aluminium,550.0,2024,S10,,46.0,,,,,Unknown
Switch,Apple Watch,Watch Series,Watch Series 10,3299.0,42 mm,64.0,Unknown,GPS + Cellular,Titanium,800.0,2024,S10,,42.0,,,,,Unknown
Switch,Apple Watch,Watch Series,Watch Series 10,3299.0,46 mm,64.0,Unknown,GPS + Cellular,Titanium,900.0,2024,S10,,46.0,,,,,Unknown
Switch,Apple Watch,Watch Series,Watch Series 4,1749.0,40 mm,16.0,Unknown,GPS + Cellular,Aluminium,50.0,2018,S4,,40.0,,,,,Unknown
Switch,Apple Watch,Watch Series,Watch Series 4,1749.0,44 mm,16.0,Unknown,GPS + Cellular,Aluminium,60.0,2018,S4,,44.0,,,,,Unknown
Switch,Apple Watch,Watch Series,Watch Series 4,1749.0,40 mm,16.0,Unknown,GPS,Aluminium,40.0,2018,S4,,40.0,,,,,Unknown
Switch,Apple Watch,Watch Series,Watch Series 4,1749.0,44 mm,16.0,Unknown,GPS,Aluminium,50.0,2018,S4,,44.0,,,,,Unknown
Switch,Apple Watch,Watch Series,Watch Series 5,1749.0,40 mm,32.0,Unknown,GPS + Cellular,Aluminium,80.0,2019,S5,,40.0,,,,,Unknown
Switch,Apple Watch,Watch Series,Watch Series 5,1749.0,44 mm,32.0,Unknown,GPS + Cellular,Aluminium,90.0,2019,S5,,44.0,,,,,Unknown
Switch,Apple Watch,Watch Series,Watch Series 5,1749.0,40 mm,32.0,Unknown,GPS,Aluminium,70.0,2019,S5,,40.0,,,,,Unknown
Switch,Apple Watch,Watch Series,Watch Series 5,1749.0,44 mm,32.0,Unknown,GPS,Aluminium,80.0,2019,S5,,44.0,,,,,Unknown
Switch,Apple Watch,Watch Series,Watch Series 6,1749.0,40 mm,32.0,Unknown,GPS + Cellular,Aluminium,200.0,2020,S6,,40.0,,,,,Unknown
Switch,Apple Watch,Watch Series,Watch Series 6,1749.0,44 mm,32.0,Unknown,GPS + Cellular,Aluminium,240.0,2020,S6,,44.0,,,,,Unknown
Switch,Apple Watch,Watch Series,Watch Series 6,1749.0,40 mm,32.0,Unknown,GPS,Aluminium,150.0,2020,S6,,40.0,,,,,Unknown
Switch,Apple Watch,Watch Series,Watch Series 6,1749.0,44 mm,32.0,Unknown,GPS,Aluminium,170.0,2020,S6,,44.0,,,,,Unknown
Switch,Apple Watch,Watch Series,Watch Series 7,1749.0,41 mm,32.0,Unknown,GPS + Cellular,Aluminium,280.0,2021,S7,,41.0,,,,,Unknown
Switch,Apple Watch,Watch Series,Watch Series 7,1749.0,45 mm,32.0,Unknown,GPS + Cellular,Aluminium,330.0,2021,S7,,45.0,,,,,Unknown
Switch,Apple Watch,Watch Series,Watch Series 7,3218.0,41 mm,32.0,Unknown,GPS,Titanium,210.0,2021,S7,,41.0,,,,,Unknown
Switch,Apple Watch,Watch Series,Watch Series 7,3218.0,45 mm,32.0,Unknown,GPS,Titanium,250.0,2021,S7,,45.0,,,,,Unknown
Switch,Apple Watch,Watch Series,Watch Series 8,1899.0,41 mm,32.0,Unknown,GPS + Cellular,Aluminium,350.0,2022,S8,,41.0,,,,,Unknown
Switch,Apple Watch,Watch Series,Watch Series 8,1899.0,45 mm,32.0,Unknown,GPS + Cellular,Aluminium,380.0,2022,S8,,45.0,,,,,Unknown
Switch,Apple Watch,Watch Series,Watch Series 8,1899.0,41 mm,32.0,Unknown,GPS,Aluminium,280.0,2022,S8,,41.0,,,,,Unknown
Switch,Apple Watch,Watch Series,Watch Series 8,1899.0,45 mm,32.0,Unknown,GPS,Aluminium,330.0,2022,S8,,45.0,,,,,Unknown
Switch,Apple Watch,Watch Series,Watch Series 9,1899.0,41 mm,64.0,Unknown,GPS + Cellular,Aluminium,500.0,2023,S9,,41.0,,,,,Unknown
Switch,Apple Watch,Watch Series,Watch Series 9,1899.0,45 mm,64.0,Unknown,GPS + Cellular,Aluminium,570.0,2023,S9,,45.0,,,,,Unknown
Switch,Apple Watch,Watch Series,Watch Series 9,1899.0,41 mm,64.0,Unknown,GPS,Aluminium,400.0,2023,S9,,41.0,,,,,Unknown
Switch,Apple Watch,Watch Series,Watch Series 9,1899.0,45 mm,64.0,Unknown,GPS,Aluminium,450.0,2023,S9,,45.0,,,,,Unknown
Switch,Apple Watch,Watch Series,Watch Series 9,3299.0,41 mm,64.0,Unknown,GPS + Cellular,Stainless Steel,690.0,2023,S9,,41.0,,,,,Unknown
Switch,Apple Watch,Watch Series,Watch Series 9,3299.0,45 mm,64.0,Unknown,GPS + Cellular,Stainless Steel,790.0,2023,S9,,45.0,,,,,Unknown
Switch,Apple Watch,Watch Ultra,Watch Ultra,3799.0,49 mm,32.0,Unknown,GPS + Cellular,Titanium,830.0,2022,S8,,49.0,,,,,Unknown
Switch,Apple Watch,Watch Ultra,Watch Ultra 2 (2023),3799.0,49 mm,64.0,Unknown,GPS + Cellular,Titanium,1180.0,2023,S9,,49.0,,,,,Unknown
UR,Apple Watch,Watch SE,Watch SE (2022),1199.0,40 mm,32.0,Unknown,GPS + Cellular,Aluminium,210.0,2022,S8,,40.0,,,,,Unknown
UR,Apple Watch,Watch SE,Watch SE (2022),1199.0,44 mm,32.0,Unknown,GPS + Cellular,Aluminium,250.0,2022,S8,,44.0,,,,,Unknown
UR,Apple Watch,Watch SE,Watch SE (2022),1199.0,40 mm,32.0,Unknown,GPS,Aluminium,180.0,2022,S8,,40.0,,,,,Unknown
UR,Apple Watch,Watch SE,Watch SE (2022),1199.0,44 mm,32.0,Unknown,GPS,Aluminium,210.0,2022,S8,,44.0,,,,,Unknown
UR,Apple Watch,Watch SE,Watch SE (2020),1199.0,40 mm,32.0,Unknown,GPS + Cellular,Aluminium,90.0,2020,S5,,40.0,,,,,Unknown
UR,Apple Watch,Watch SE,Watch SE (2020),1199.0,44 mm,32.0,Unknown,GPS + Cellular,Aluminium,110.0,2020,S5,,44.0,,,,,Unknown
UR,Apple Watch,Watch SE,Watch SE (2020),1199.0,40 mm,32.0,Unknown,GPS,Aluminium,70.0,2020,S5,,40.0,,,,,Unknown
UR,Apple Watch,Watch SE,Watch SE (2020),1199.0,44 mm,32.0,Unknown,GPS,Aluminium,90.0,2020,S5,,44.0,,,,,Unknown
UR,Apple Watch,Watch Series,Watch Series 10,1799.0,42 mm,64.0,Unknown,GPS + Cellular,Aluminium,640.0,2024,S10,,42.0,,,,,Unknown
UR,Apple Watch,Watch Series,Watch Series 10,1799.0,46 mm,64.0,Unknown,GPS + Cellular,Aluminium,750.0,2024,S10,,46.0,,,,,Unknown
UR,Apple Watch,Watch Series,Watch Series 10,1799.0,42 mm,64.0,Unknown,GPS,Aluminium,450.0,2024,S10,,42.0,,,,,Unknown
UR,Apple Watch,Watch Series,Watch Series 10,1799.0,46 mm,64.0,Unknown,GPS,Aluminium,550.0,2024,S10,,46.0,,,,,Unknown
UR,Apple Watch,Watch Series,Watch Series 10,3299.0,42 mm,64.0,Unknown,GPS + Cellular,Titanium,800.0,2024,S10,,42.0,,,,,Unknown
UR,Apple Watch,Watch Series,Watch Series 10,3299.0,46 mm,64.0,Unknown,GPS + Cellular,Titanium,900.0,2024,S10,,46.0,,,,,Unknown
UR,Apple Watch,Watch Series,Watch Series 4,1749.0,40 mm,16.0,Unknown,GPS + Cellular,Aluminium,50.0,2018,S4,,40.0,,,,,Unknown
UR,Apple Watch,Watch Series,Watch Series 4,1749.0,44 mm,16.0,Unknown,GPS + Cellular,Aluminium,60.0,2018,S4,,44.0,,,,,Unknown
UR,Apple Watch,Watch Series,Watch Series 4,1749.0,40 mm,16.0,Unknown,GPS,Aluminium,40.0,2018,S4,,40.0,,,,,Unknown
UR,Apple Watch,Watch Series,Watch Series 4,1749.0,44 mm,16.0,Unknown,GPS,Aluminium,50.0,2018,S4,,44.0,,,,,Unknown
UR,Apple Watch,Watch Series,Watch Series 5,1749.0,40 mm,32.0,Unknown,GPS + Cellular,Aluminium,80.0,2019,S5,,40.0,,,,,Unknown
UR,Apple Watch,Watch Series,Watch Series 5,1749.0,44 mm,32.0,Unknown,GPS + Cellular,Aluminium,90.0,2019,S5,,44.0,,,,,Unknown
UR,Apple Watch,Watch Series,Watch Series 5,1749.0,40 mm,32.0,Unknown,GPS,Aluminium,70.0,2019,S5,,40.0,,,,,Unknown
UR,Apple Watch,Watch Series,Watch Series 5,1749.0,44 mm,32.0,Unknown,GPS,Aluminium,80.0,2019,S5,,44.0,,,,,Unknown
UR,Apple Watch,Watch Series,Watch Series 6,1749.0,40 mm,32.0,Unknown,GPS + Cellular,Aluminium,200.0,2020,S6,,40.0,,,,,Unknown
UR,Apple Watch,Watch Series,Watch Series 6,1749.0,44 mm,32.0,Unknown,GPS + Cellular,Aluminium,240.0,2020,S6,,44.0,,,,,Unknown
UR,Apple Watch,Watch Series,Watch Series 6,1749.0,40 mm,32.0,Unknown,GPS,Aluminium,150.0,2020,S6,,40.0,,,,,Unknown
UR,Apple Watch,Watch Series,Watch Series 6,1749.0,44 mm,32.0,Unknown,GPS,Aluminium,170.0,2020,S6,,44.0,,,,,Unknown
UR,Apple Watch,Watch Series,Watch Series 7,1749.0,41 mm,32.0,Unknown,GPS + Cellular,Aluminium,280.0,2021,S7,,41.0,,,,,Unknown
UR,Apple Watch,Watch Series,Watch Series 7,1749.0,45 mm,32.0,Unknown,GPS + Cellular,Aluminium,330.0,2021,S7,,45.0,,,,,Unknown
UR,Apple Watch,Watch Series,Watch Series 7,3218.0,41 mm,32.0,Unknown,GPS,Titanium,210.0,2021,S7,,41.0,,,,,Unknown
UR,Apple Watch,Watch Series,Watch Series 7,3218.0,45 mm,32.0,Unknown,GPS,Titanium,250.0,2021,S7,,45.0,,,,,Unknown
UR,Apple Watch,Watch Series,Watch Series 8,1899.0,41 mm,32.0,Unknown,GPS + Cellular,Aluminium,350.0,2022,S8,,41.0,,,,,Unknown
UR,Apple Watch,Watch Series,Watch Series 8,1899.0,45 mm,32.0,Unknown,GPS + Cellular,Aluminium,380.0,2022,S8,,45.0,,,,,Unknown
UR,Apple Watch,Watch Series,Watch Series 8,1899.0,41 mm,32.0,Unknown,GPS,Aluminium,280.0,2022,S8,,41.0,,,,,Unknown
UR,Apple Watch,Watch Series,Watch Series 8,1899.0,45 mm,32.0,Unknown,GPS,Aluminium,330.0,2022,S8,,45.0,,,,,Unknown
UR,Apple Watch,Watch Series,Watch Series 9,1899.0,41 mm,64.0,Unknown,GPS + Cellular,Aluminium,500.0,2023,S9,,41.0,,,,,Unknown
UR,Apple Watch,Watch Series,Watch Series 9,1899.0,45 mm,64.0,Unknown,GPS + Cellular,Aluminium,570.0,2023,S9,,45.0,,,,,Unknown
UR,Apple Watch,Watch Series,Watch Series 9,1899.0,41 mm,64.0,Unknown,GPS,Aluminium,400.0,2023,S9,,41.0,,,,,Unknown
UR,Apple Watch,Watch Series,Watch Series 9,1899.0,45 mm,64.0,Unknown,GPS,Aluminium,450.0,2023,S9,,45.0,,,,,Unknown
UR,Apple Watch,Watch Series,Watch Series 9,3299.0,41 mm,64.0,Unknown,GPS + Cellular,Stainless Steel,690.0,2023,S9,,41.0,,,,,Unknown
UR,Apple Watch,Watch Series,Watch Series 9,3299.0,45 mm,64.0,Unknown,GPS + Cellular,Stainless Steel,790.0,2023,S9,,45.0,,,,,Unknown
UR,Apple Watch,Watch Ultra,Watch Ultra,3799.0,49 mm,32.0,Unknown,GPS + Cellular,Titanium,830.0,2022,S8,,49.0,,,,,Unknown
UR,Apple Watch,Watch Ultra,Watch Ultra 2 (2023),3799.0,49 mm,64.0,Unknown,GPS + Cellular,Titanium,1180.0,2023,S9,,49.0,,,,,Unknown
iTworld,Apple Watch,Watch Series,Watch Series 5,2999.0,40 mm,32.0,Unknown,GPS + Cellular,Stainless Steel,80.0,2019,S5,,40.0,,,,,Unknown
iTworld,Apple Watch,Watch Series,Watch Series 5,2999.0,44 mm,32.0,Unknown,GPS + Cellular,Stainless Steel,90.0,2019,S5,,44.0,,,,,Unknown
iTworld,Apple Watch,Watch Series,Watch Series 6,2999.0,40 mm,32.0,Unknown,GPS + Cellular,Stainless Steel,200.0,2020,S6,,40.0,,,,,Unknown
iTworld,Apple Watch,Watch Series,Watch Series 6,2999.0,44 mm,32.0,Unknown,GPS + Cellular,Stainless Steel,240.0,2020,S6,,44.0,,,,,Unknown
iTworld,Apple Watch,Watch Series,Watch Series 7,2999.0,41 mm,32.0,Unknown,GPS + Cellular,Stainless Steel,280.0,2021,S7,,41.0,,,,,Unknown
iTworld,Apple Watch,Watch Series,Watch Series 7,3218.0,41 mm,32.0,Unknown,GPS + Cellular,Titanium,280.0,2021,S7,,41.0,,,,,Unknown
iTworld,Apple Watch,Watch Series,Watch Series 7,2999.0,45 mm,32.0,Unknown,GPS + Cellular,Stainless Steel,330.0,2021,S7,,45.0,,,,,Unknown
iTworld,Apple Watch,Watch Series,Watch Series 7,3218.0,45 mm,32.0,Unknown,GPS + Cellular,Titanium,330.0,2021,S7,,45.0,,,,,Unknown
iTworld,Apple Watch,Watch Series,Watch Series 7,1749.0,41 mm,32.0,Unknown,GPS,Aluminium,210.0,2021,S7,,41.0,,,,,Unknown
iTworld,Apple Watch,Watch Series,Watch Series 7,1749.0,45 mm,32.0,Unknown,GPS,Aluminium,250.0,2021,S7,,45.0,,,,,Unknown
iTworld,Apple Watch,Watch Series,Watch Series 8,3299.0,41 mm,32.0,Unknown,GPS + Cellular,Stainless Steel,350.0,2022,S8,,41.0,,,,,Unknown
iTworld,Apple Watch,Watch Series,Watch Series 8,3299.0,45 mm,32.0,Unknown,GPS + Cellular,Stainless Steel,380.0,2022,S8,,45.0,,,,,Unknown
Switch,Apple Watch,Watch Series,Watch Series 5,2999.0,40 mm,32.0,Unknown,GPS + Cellular,Stainless Steel,80.0,2019,S5,,40.0,,,,,Unknown
Switch,Apple Watch,Watch Series,Watch Series 5,2999.0,44 mm,32.0,Unknown,GPS + Cellular,Stainless Steel,90.0,2019,S5,,44.0,,,,,Unknown
Switch,Apple Watch,Watch Series,Watch Series 6,2999.0,40 mm,32.0,Unknown,GPS + Cellular,Stainless Steel,200.0,2020,S6,,40.0,,,,,Unknown
Switch,Apple Watch,Watch Series,Watch Series 6,2999.0,44 mm,32.0,Unknown,GPS + Cellular,Stainless Steel,240.0,2020,S6,,44.0,,,,,Unknown
Switch,Apple Watch,Watch Series,Watch Series 7,2999.0,41 mm,32.0,Unknown,GPS + Cellular,Stainless Steel,280.0,2021,S7,,41.0,,,,,Unknown
Switch,Apple Watch,Watch Series,Watch Series 7,3218.0,41 mm,32.0,Unknown,GPS + Cellular,Titanium,280.0,2021,S7,,41.0,,,,,Unknown
Switch,Apple Watch,Watch Series,Watch Series 7,2999.0,45 mm,32.0,Unknown,GPS + Cellular,Stainless Steel,330.0,2021,S7,,45.0,,,,,Unknown
Switch,Apple Watch,Watch Series,Watch Series 7,3218.0,45 mm,32.0,Unknown,GPS + Cellular,Titanium,330.0,2021,S7,,45.0,,,,,Unknown
Switch,Apple Watch,Watch Series,Watch Series 7,1749.0,41 mm,32.0,Unknown,GPS,Aluminium,210.0,2021,S7,,41.0,,,,,Unknown
Switch,Apple Watch,Watch Series,Watch Series 7,1749.0,45 mm,32.0,Unknown,GPS,Aluminium,250.0,2021,S7,,45.0,,,,,Unknown
Switch,Apple Watch,Watch Series,Watch Series 8,3299.0,41 mm,32.0,Unknown,GPS + Cellular,Stainless Steel,350.0,2022,S8,,41.0,,,,,Unknown
Switch,Apple Watch,Watch Series,Watch Series 8,3299.0,45 mm,32.0,Unknown,GPS + Cellular,Stainless Steel,380.0,2022,S8,,45.0,,,,,Unknown
UR,Apple Watch,Watch Series,Watch Series 5,2999.0,40 mm,32.0,Unknown,GPS + Cellular,Stainless Steel,80.0,2019,S5,,40.0,,,,,Unknown
UR,Apple Watch,Watch Series,Watch Series 5,2999.0,44 mm,32.0,Unknown,GPS + Cellular,Stainless Steel,90.0,2019,S5,,44.0,,,,,Unknown
UR,Apple Watch,Watch Series,Watch Series 6,2999.0,40 mm,32.0,Unknown,GPS + Cellular,Stainless Steel,200.0,2020,S6,,40.0,,,,,Unknown
UR,Apple Watch,Watch Series,Watch Series 6,2999.0,44 mm,32.0,Unknown,GPS + Cellular,Stainless Steel,240.0,2020,S6,,44.0,,,,,Unknown
UR,Apple Watch,Watch Series,Watch Series 7,2999.0,41 mm,32.0,Unknown,GPS + Cellular,Stainless Steel,280.0,2021,S7,,41.0,,,,,Unknown
UR,Apple Watch,Watch Series,Watch Series 7,3218.0,41 mm,32.0,Unknown,GPS + Cellular,Titanium,280.0,2021,S7,,41.0,,,,,Unknown
UR,Apple Watch,Watch Series,Watch Series 7,2999.0,45 mm,32.0,Unknown,GPS + Cellular,Stainless Steel,330.0,2021,S7,,45.0,,,,,Unknown
UR,Apple Watch,Watch Series,Watch Series 7,3218.0,45 mm,32.0,Unknown,GPS + Cellular,Titanium,330.0,2021,S7,,45.0,,,,,Unknown
UR,Apple Watch,Watch Series,Watch Series 7,1749.0,41 mm,32.0,Unknown,GPS,Aluminium,210.0,2021,S7,,41.0,,,,,Unknown
UR,Apple Watch,Watch Series,Watch Series 7,1749.0,45 mm,32.0,Unknown,GPS,Aluminium,250.0,2021,S7,,45.0,,,,,Unknown
UR,Apple Watch,Watch Series,Watch Series 8,3299.0,41 mm,32.0,Unknown,GPS + Cellular,Stainless Steel,350.0,2022,S8,,41.0,,,,,Unknown
UR,Apple Watch,Watch Series,Watch Series 8,3299.0,45 mm,32.0,Unknown,GPS + Cellular,Stainless Steel,380.0,2022,S8,,45.0,,,,,Unknown
iTworld,AirPods,AirPods,AirPods (2019),699.0,Wired Charging,,Unknown,Unknown,,30.0,2019,Unknown,,,Wired,,,,Unknown
iTworld,AirPods,AirPods,AirPods (2019),699.0,Wireless Charging,,Unknown,Unknown,,40.0,2019,Unknown,,,Wireless,,,,Unknown
iTworld,AirPods,AirPods,AirPods (2021),829.0,Lightning Charging,,Unknown,Unknown,,60.0,2021,Unknown,,,Lightning,,,,Unknown
iTworld,AirPods,AirPods,AirPods (2021),829.0,MagSafe Charging,,Unknown,Unknown,,80.0,2021,Unknown,,,MagSafe,,,,Unknown
iTworld,AirPods,AirPods,AirPods (2024),599.0,ANC + USB-C,,Unknown,Unknown,,130.0,2024,Unknown,,,USB-C,,,,Unknown
iTworld,AirPods,AirPods,AirPods (2024),599.0,USB-C,,Unknown,Unknown,,110.0,2024,Unknown,,,USB-C,,,,Unknown
iTworld,AirPods,AirPods Max,AirPods Max,2399.0,Lightning Charging,,Unknown,Unknown,,250.0,2020,Unknown,,,Lightning,,,,Unknown
iTworld,AirPods,AirPods Max,AirPods Max,2399.0,USB-C,,Unknown,Unknown,,320.0,2020,Unknown,,,USB-C,,,,Unknown
iTworld,AirPods,AirPods Pro,AirPods Pro (2019),1099.0,MagSafe Charging,,Unknown,Unknown,,60.0,2019,Unknown,,,MagSafe,,,,Unknown
iTworld,AirPods,AirPods Pro,AirPods Pro (2022),1099.0,MagSafe Charging Case (Lightning),,Unknown,Unknown,,110.0,2022,Unknown,,,MagSafe + Lightning,,,,Unknown
iTworld,AirPods,AirPods Pro,AirPods Pro (2022),1099.0,USB-C,,Unknown,Unknown,,150.0,2022,Unknown,,,USB-C,,,,Unknown
Machines,AirPods,AirPods,AirPods (2019),699.0,Wired Charging,,Unknown,Unknown,,20.0,2019,Unknown,,,Wired,,,,Unknown
Machines,AirPods,AirPods,AirPods (2019),699.0,Wireless Charging,,Unknown,Unknown,,35.0,2019,Unknown,,,Wireless,,,,Unknown
Machines,AirPods,AirPods,AirPods (2021),829.0,Lightning Charging,,Unknown,Unknown,,50.0,2021,Unknown,,,Lightning,,,,Unknown
Machines,AirPods,AirPods,AirPods (2021),829.0,MagSafe Charging,,Unknown,Unknown,,65.0,2021,Unknown,,,MagSafe,,,,Unknown
Machines,AirPods,AirPods,AirPods (2024),599.0,USB-C,,Unknown,Unknown,,90.0,2024,Unknown,,,USB-C,,,,Unknown
Machines,AirPods,AirPods,AirPods (2024),599.0,ANC + USB-C,,Unknown,Unknown,,110.0,2024,Unknown,,,USB-C,,,,Unknown
Machines,AirPods,AirPods Pro,AirPods Pro (2019),1099.0,Wireless Charging,,Unknown,Unknown,,50.0,2019,Unknown,,,Wireless,,,,Unknown
Machines,AirPods,AirPods Pro,AirPods Pro (2019),1099.0,MagSafe Charging,,Unknown,Unknown,,65.0,2019,Unknown,,,MagSafe,,,,Unknown
Machines,AirPods,AirPods Pro,AirPods Pro (2022),1099.0,MagSafe Charging Case (Lightning),,Unknown,Unknown,,95.0,2022,Unknown,,,MagSafe + Lightning,,,,Unknown
Machines,AirPods,AirPods Pro,AirPods Pro (2022),1099.0,USB-C,,Unknown,Unknown,,125.0,2022,Unknown,,,USB-C,,,,Unknown
Machines,AirPods,AirPods Pro,AirPods Pro (2025),999.0,MagSafe Charging Case (USB-C),,Unknown,Unknown,,475.0,2025,Unknown,,,MagSafe + USB-C,,,,Unknown
Machines,AirPods,AirPods Max,AirPods Max,2399.0,Lightning Charging,,Unknown,Unknown,,275.0,2020,Unknown,,,Lightning,,,,Unknown
Switch,AirPods,AirPods,AirPods (2019),699.0,Wired Charging,,Unknown,Unknown,,30.0,2019,Unknown,,,Wired,,,,Unknown
Switch,AirPods,AirPods,AirPods (2019),699.0,Wireless Charging,,Unknown,Unknown,,40.0,2019,Unknown,,,Wireless,,,,Unknown
Switch,AirPods,AirPods,AirPods (2021),829.0,Lightning Charging,,Unknown,Unknown,,60.0,2021,Unknown,,,Lightning,,,,Unknown
Switch,AirPods,AirPods,AirPods (2021),829.0,MagSafe Charging,,Unknown,Unknown,,80.0,2021,Unknown,,,MagSafe,,,,Unknown
Switch,AirPods,AirPods,AirPods (2024),599.0,ANC + USB-C,,Unknown,Unknown,,130.0,2024,Unknown,,,USB-C,,,,Unknown
Switch,AirPods,AirPods,AirPods (2024),599.0,USB-C,,Unknown,Unknown,,110.0,2024,Unknown,,,USB-C,,,,Unknown
Switch,AirPods,AirPods Max,AirPods Max,2399.0,Lightning Charging,,Unknown,Unknown,,250.0,2020,Unknown,,,Lightning,,,,Unknown
Switch,AirPods,AirPods Max,AirPods Max,2399.0,USB-C,,Unknown,Unknown,,320.0,2020,Unknown,,,USB-C,,,,Unknown
Switch,AirPods,AirPods Pro,AirPods Pro (2019),1099.0,MagSafe Charging,,Unknown,Unknown,,60.0,2019,Unknown,,,MagSafe,,,,Unknown
Switch,AirPods,AirPods Pro,AirPods Pro (2022),1099.0,MagSafe Charging Case (Lightning),,Unknown,Unknown,,110.0,2022,Unknown,,,MagSafe + Lightning,,,,Unknown
Switch,AirPods,AirPods Pro,AirPods Pro (2022),1099.0,USB-C,,Unknown,Unknown,,150.0,2022,Unknown,,,USB-C,,,,Unknown
UR,AirPods,AirPods,AirPods (2019),699.0,Wired Charging,,Unknown,Unknown,,30.0,2019,Unknown,,,Wired,,,,Unknown
UR,AirPods,AirPods,AirPods (2019),699.0,Wireless Charging,,Unknown,Unknown,,40.0,2019,Unknown,,,Wireless,,,,Unknown
UR,AirPods,AirPods,AirPods (2021),829.0,Lightning Charging,,Unknown,Unknown,,60.0,2021,Unknown,,,Lightning,,,,Unknown
UR,AirPods,AirPods,AirPods (2021),829.0,MagSafe Charging,,Unknown,Unknown,,80.0,2021,Unknown,,,MagSafe,,,,Unknown
UR,AirPods,AirPods,AirPods (2024),599.0,ANC + USB-C,,Unknown,Unknown,,130.0,2024,Unknown,,,USB-C,,,,Unknown
UR,AirPods,AirPods,AirPods (2024),599.0,USB-C,,Unknown,Unknown,,110.0,2024,Unknown,,,USB-C,,,,Unknown
UR,AirPods,AirPods Max,AirPods Max,2399.0,Lightning Charging,,Unknown,Unknown,,250.0,2020,Unknown,,,Lightning,,,,Unknown
UR,AirPods,AirPods Max,AirPods Max,2399.0,USB-C,,Unknown,Unknown,,320.0,2020,Unknown,,,USB-C,,,,Unknown
UR,AirPods,AirPods Pro,AirPods Pro (2019),1099.0,MagSafe Charging,,Unknown,Unknown,,60.0,2019,Unknown,,,MagSafe,,,,Unknown
UR,AirPods,AirPods Pro,AirPods Pro (2022),1099.0,MagSafe Charging Case (Lightning),,Unknown,Unknown,,110.0,2022,Unknown,,,MagSafe + Lightning,,,,Unknown
UR,AirPods,AirPods Pro,AirPods Pro (2022),1099.0,USB-C,,Unknown,Unknown,,150.0,2022,Unknown,,,USB-C,,,,Unknown
Unknown,iPhone,Pro Max,iPhone 18 Pro Max,9000.0,,256.0,NAND,Unknown,,,2027,A20 Pro,,,,,,,Unknown
Unknown,iPhone,Pro Max,iPhone 18 Pro Max,8500.0,,256.0,NAND,Unknown,,,2027,A20 Pro,,,,,,,Unknown
Unknown,iPhone,Pro Max,iPhone 16 Pro Max,5999.0,,256.0,NAND,,,,2024,A20 Pro,,,,,,,
Unknown,iPhone,Pro Max,iPhone 15 Pro Max,5999.0,,256.0,NAND,,,,2023,A20 Pro,,,,,,,
Unknown,iPhone,Pro Max,iPhone 14 Pro Max,5299.0,,256.0,NAND,,,,2022,A20 Pro,,,,,,,
Unknown,iPhone,Pro,iPhone 17 Pro,5299.0,,256.0,NAND,,,,2027,A20 Pro,,,,,,,
Unknown,Mac,MacBook Pro,MacBook Pro 14-inch (M4),8499.0,,512.0,SSD,,,,2024,A20 Pro,,,,,,,
